Year,1,2,3,4,5,6,7,8,9,10,11,12,13,14,15,16,17,18,19,20,21,22,23,24,25,26,27,28,29,30,31,32,33,34,35,36,37,38,39,40,41,42,43,44,45,46,47,48,49,50,51,52,53,54,55,56,57,58,59,60,61,62,63,64,65,66,67,68,69,70,71,72,73,74,75,76,77,78,79,80,81,82,83,84,85,86,87,88,89,90,91,92,93,94,95,96,97,98,99,100,101,102,103,104,105,106,107,108,109,110,111,112,113,114,115,116,117,118,119,120,121,122,123,124,125,126,127,128,129,130,131,132,133,134,135,136,137,138,139,140,141,142,143,144,145,146,147,148,149,150,151,152,153,154,155,156,157,158,159,160,161,162,163,164,165,166,167
2026,10.76644078120589,9.574869954586026,12.312668808177122,15.15703320745379,12.114711417630314,12.341185092786322,11.212689110636706,9.878769330680365,9.439641986321657,10.223409193381668,7.298863292858007,10.635819628834732,12.468908126652243,10.623266573250296,11.82362427785993,11.358744679018853,10.989253124967219,11.287024379894138,10.304068282246593,8.036739923059944,10.625815388048073,12.106446079909801,12.600768770277506,12.777483958005906,14.142546427249911,14.698561202734714,8.123464165291798,12.718837461667139,14.182378557324412,9.938116159290075,14.506188372522592,14.137658694386483,10.47800156231969,10.478497476875786,7.824577045440677,9.539375848404598,9.82411535696592,12.146745096705857,11.38345289807767,10.66210599616169,10.592709711939097,10.50747402943671,10.706142250448465,10.322777069360018,16.938972151279444,5.357049617916348,13.686172612383967,11.026870089769371,10.307183637470008,9.8252257630229,10.42647208981216,9.897574475686998,12.01775832101703,13.640901723504067,12.075143998861316,10.94192281961441,11.048962506279352,7.624608822911983,11.57323002899066,7.83207847494632,10.360511426627642,8.422485949657856,8.470861546695236,7.4093887362629145,8.639998514018956,10.482054536510265,10.999848086759448,11.784773779660464,14.599417796730995,11.029847897589203,9.726716783642766,8.67522331289947,10.296402486786246,11.536056961119177,9.75515569448471,9.646159636974328,10.652132729440929,10.608799859322605,13.712965846061712,10.99393731728197,12.452832519635551,9.8420470610261,11.094675533473495,9.073094344884158,16.841668397188197,8.927580486238002,9.884828781709075,11.28347440157086,9.743112714774908,11.045895154774188,11.727952301502238,10.552815788984299,11.97725660204888,12.327010768651963,11.070694490242754,9.043256889656185,13.009335149824619,9.48677116977051,12.290349648706613,11.437833090126523,13.29492811076344,10.95357685998897,9.607133288681506,10.47709673456848,9.629656974226235,10.916764537245031,9.287985356152058,9.392245389521126,10.096863862499594,8.95005694031716,7.4677716083824635,10.898265580087905,8.968869200721375,13.916200933605433,7.6695476617664085,6.539709088689419,14.88238432239741,13.589217938482756,12.692503529787064,12.863875523209568,10.505253567174083,9.971695311740042,11.903547338210046,10.034306660946456,11.11030883640051,9.910024683363735,10.621809580177068,10.837673808820554,10.712192155420782,8.836217759875579,10.547716860473148,12.705059634894136,11.206329049542543,8.63353745788336,10.485831868648528,9.704867482651023,9.675210536427041,13.823713730275633,15.090861684083938,11.443306486308579,11.792788968235254,9.578247391991319,9.392148033529521,11.70882579386235,10.264519844204187,6.861218005418783,12.289580541104076,9.024354879185557,12.274889123439788,8.15801405310631,8.061539548635482,11.864263755083083,12.715975661575797,10.095028817653656,11.77296648472548,12.196330787241461,9.822384164808323,10.250370655208826,8.812350856885315,11.819714736565956,12.332015924155707,10.448138916527387,11.28626769110561,11.457227468397473,13.080750113725662,9.000295711494982,9.880764559470125
2027,10.53570238649845,9.042051217798145,10.55236542895436,12.751916277408599,10.345314045948903,9.156559807062155,9.341704428568486,8.354359158501028,9.075113552063701,8.655913806706671,6.366863428615035,9.650234457850463,10.837348544597628,8.980870330333708,9.88739932589233,9.444272476248441,10.013774449378257,10.39740684032441,9.258084992691874,7.521282449364664,8.679044590145349,11.653741556406027,10.175643771514297,11.213154312968253,11.855735999345782,12.857967495918277,6.66195713467896,10.947119832038883,11.847616600990298,8.89192639105022,11.905230605602267,12.60442032814027,8.5707119230181,9.430972667713652,7.001178410649304,7.497111019492154,8.403880777955056,10.18625652454794,10.754760438203812,9.662411180883648,8.730733675509692,8.658153773564852,9.584732853807505,8.84388870818075,14.074267482757573,3.5888757288456006,10.9823092520237,9.907957626879226,9.260120570659632,9.008321993518624,8.439735998585821,9.089114941656588,10.163379376009111,10.356258889287709,10.476419106125833,9.973272024095056,9.421019297465689,6.7902337225154055,9.11947857923806,6.2993648549541845,8.421023689955476,6.828683558665219,8.080400113388894,6.910923675866795,7.862894583493474,9.409898132272067,9.985279389284555,9.867853375617413,12.495175659656525,9.274882509186863,8.494197392277423,7.215933332592249,9.013071417715404,10.668637210130697,7.787380438111723,9.32765766754747,9.23054600446485,8.665991701744492,12.090473055839537,10.056206694617869,9.378237744793294,8.32324756719172,10.523660770058639,7.646436746791008,13.808177971839907,7.91892446596175,8.8040243467316,9.636693221330642,8.63456555232406,10.111415003240108,10.900678908824919,8.701484204083684,9.96241816207767,10.649662014842043,9.127517691627148,7.373461665026843,11.293478566408153,8.028639606852087,10.443445423431688,9.529155117005576,10.889337919652466,9.015177142247557,8.140855377539992,8.592361536435785,8.176684566214679,8.962858751602473,8.48209287896752,8.264473551220732,8.630356745421885,7.469274648651482,6.720277121663095,9.061743673682209,8.578464682772758,11.371974322199828,6.181977789103984,5.46854402683675,12.221138840913774,10.784746408462528,11.180851697921755,11.20633552968503,8.403908299654725,8.822576802963155,9.522062312811618,9.268201091885567,9.3149850897491,8.040806555747984,9.064636206347494,10.361644266173247,9.70685599073767,7.89276052215136,9.31521091014147,10.997711363434792,9.275342129543422,8.267670318484306,10.188051865994927,7.686658366769547,8.611709589650857,11.074655750393868,12.820773971080783,10.54366989433765,10.065393801126632,8.484431593492626,8.313505794573576,9.835400746017692,9.911793937534089,5.437649261951452,10.44469999447465,8.637279093824324,10.485243235528468,7.764329792559148,6.955149401724336,11.002552106976514,10.650148797035218,8.08110186904669,9.971490045823163,10.41890747398138,8.66873889900744,8.759789125062525,7.349098391085866,9.912517843488605,10.106443990767003,8.431352850794786,9.251504245959222,9.624847127404063,9.994687853753565,7.579986257478597,9.619832405447953
2028,9.381668457575142,8.113282810151576,10.889896032586696,13.004320132732397,10.601446524262425,9.869801289029422,9.631469730474056,8.40213281022734,7.946474130451679,8.760077845677738,5.6491910472512235,9.22002037242055,11.150739206373688,9.030943318456412,10.232348868623378,9.714815235883002,9.666105324402455,9.960261073708537,8.871256794035434,6.535505753010507,9.037449502199891,10.616208398714665,10.57478007823229,11.501267988979816,12.367778572440148,12.943907937407493,6.712597046047454,11.316284306161103,12.36586244106293,8.506059741228821,12.26065982580185,12.766500383615497,8.862380453944208,9.06570849269629,6.236322618444683,7.886941768229012,8.371128956228496,10.375426570326093,9.995582579821349,9.26890884805471,9.076379974838348,8.912666104547679,9.25909521654248,8.887179596722124,14.447204601764678,3.7540199499577307,11.604307104647166,9.615214795316579,8.857962302118542,8.306574267148973,8.742528205830604,8.426084151118992,10.439307107776399,10.817554311268038,10.752845688909298,9.6304117411375,9.612054339796302,6.057369551248849,9.671694487333298,6.359528677165509,8.798557010293012,6.912665192782882,6.981986036896709,5.918179756775493,7.1028750915080305,9.03169143702835,9.647236552461983,10.231826171185826,12.824041801691063,9.531760412454606,8.269766178727156,7.233348654303701,8.828314875066285,10.191848933696743,8.150079123303296,8.184885216131807,9.214001257345084,9.084409538283948,11.85773157477379,9.641113090887671,10.091790643427526,8.375778063572941,9.693411386013034,7.679023580998186,14.193783926963807,7.483840490877627,8.371063986048101,9.690472455695275,8.218859197944402,9.637149814330044,10.428837436437608,9.094055053591727,10.216554906219244,10.9676430458203,9.484453483670952,7.483637878298758,11.55528852045536,8.038635987788442,10.758992618508637,9.929615738987929,11.45786585323513,9.392471013218167,8.159794538677671,8.93627114333212,8.151630802592264,9.260559420101341,7.786329626291993,7.867325148358944,8.679721760749812,7.501881096931169,5.967362794280053,9.433878239430491,7.499563920497894,11.910588350147012,6.24708899632096,5.049696719646453,12.536862993240359,11.434815538674595,11.432074096798905,11.422065054625275,8.792792917042972,8.52681917473673,10.035878106206654,8.564405441097913,9.65708651468158,8.395537788420917,9.121893595159055,9.382138163223864,9.31278429180384,7.317855782806876,9.108822921663526,11.326422222703698,9.654442482069134,7.1380557179451,9.045387460291389,8.072612689808016,8.197636695951228,11.70260231690482,13.30290148854256,10.154759696125982,10.3935676055029,8.05807242169977,7.9323600985109834,10.07959445863963,8.796726083010435,5.419029523432254,10.757129757851368,7.527987468242648,10.69507102183998,6.67010784372687,6.535942614451052,10.634245494008068,10.95449179895222,8.45603414960206,10.327060212194919,10.781022461969414,8.31711442023515,8.775961422920222,7.406040815077718,10.241330343857404,10.476193065848202,8.730456568114452,9.619708391278992,9.995387673005466,10.707890670001508,7.642210882529616,8.412325692921877
2029,10.229072687029838,8.89424283504486,11.302164852619173,13.787250936031345,10.943566346541047,10.909211505763235,9.816398872993888,8.79384600892663,8.774277849495409,9.125862815603615,5.975568816810845,10.003418397903445,11.509858083724978,9.395446873456242,10.384251984767623,9.933140301809177,10.340964150428778,10.710250973701479,9.597508811950682,7.176782297878523,9.076837890921162,11.312228548526766,11.036054232344032,11.891657584905627,13.045547449588776,13.29703537225723,7.037959844619034,11.717844307422641,13.125122153759005,9.256362629029898,13.025767278671264,13.005174160003659,8.961065751500426,9.786157149821523,6.651143907662481,7.908840939402582,8.82595133315772,10.632412183284764,10.793995475769046,9.975505986809733,9.435331845097242,9.14907248355448,9.953476586937906,9.250875044055284,16.12398891448975,4.0373142428696145,12.400825548171998,10.304565033316617,9.673187784850597,8.594444283097989,8.975152853969481,8.648222876340153,10.706853942200542,11.717286877334114,11.139186602830888,9.89783048033714,10.154082848131656,6.422247459553182,10.364551786286759,6.713602350000296,9.063930303603412,7.252386672794818,7.780364831956102,6.575597992353143,7.517739132791762,9.788714550551955,10.361230847239492,10.398695017024874,13.616751360893256,9.730123566836122,8.91489671375603,7.632780778704907,9.540430477727202,10.983504688739776,8.293089871853589,9.037123361229899,9.822412301972507,9.550812368653714,12.529552817344662,10.34387254118919,11.04038467407227,8.788891270942987,10.498094379901884,8.029361496493218,15.950076985359198,8.256180400773882,9.215933830663566,10.024580830335617,9.070145995286296,10.460065931081774,11.209479081630707,9.495365095976748,10.432998505979779,11.324683284759521,9.565101434011016,7.8428125619888345,11.74651577472687,8.444705364480617,10.994411380589012,10.384803091362121,12.093411761522294,9.475806547235702,8.558435491099953,9.205890430882572,8.622611470893027,9.538766989577564,8.056880790740248,8.707174091041093,9.065535671077669,7.903046578355136,6.357614923268557,9.891453959891809,8.269728055596353,12.775843107700345,6.58446338251233,5.346994446218014,13.352521574497214,12.306182867288594,11.7909208893776,11.698974406719213,8.953130484372384,9.207810939848423,10.678538680076601,8.860804403480145,10.079500281810759,8.720857474952945,9.498880033940079,10.217345374822616,10.046054568886762,7.847012412268671,9.697158703207968,11.755574345588688,9.759754736535251,7.975994426861869,9.8790072619915,8.12348600402474,9.025860224477944,12.565726494789123,14.104674816131588,10.827194577455518,10.821768295764926,8.892463582754136,8.727262483723461,10.351751084532593,9.608972936496135,5.690122503787279,11.030978477187452,8.339901445992288,10.929380273818975,7.4557428393512994,6.94488076642156,11.281855660676953,11.322675195336345,8.523226968781097,10.726029467582702,11.13942633867264,9.082681959401821,9.20391150899232,7.764967798255381,10.407266717962923,10.82734367251396,8.981810446083546,9.793702804669739,10.45463204234839,11.635629582405091,7.915166814625262,9.358633548766374
2030,10.238081566989422,8.878897987306118,10.807000279426582,13.132811236381531,10.441020709183068,10.247279443219304,9.400846636155618,8.530267157591874,8.820241895318025,8.879434553696775,6.791882118210198,9.683980116248131,11.085360968112948,9.04763567298652,9.950801461935043,9.506237985193732,10.01879025101662,10.380708739161493,9.29472417533398,7.431827168632301,8.704433488845824,11.095067656040195,10.453084358666093,11.448435348272316,12.561399179697041,12.70570666193962,6.793248151242736,11.265650379657746,12.643403345346455,8.95569563321769,12.391968500614166,12.559102445840836,8.604719070717694,9.471879919618369,7.403947629034522,7.539823819324376,8.538218360301112,10.130621111020446,10.599319666624064,9.676548156188797,8.91634371178225,8.746886291727426,9.651081433147192,8.984638075530532,14.946208262443548,3.7854343876242686,11.84798851907253,9.98797338595614,9.329859981685884,9.365400963276624,8.539361406862731,9.473341877758509,10.248573223128913,10.96378991287202,10.679603648185736,10.149726668000222,9.66023325324058,7.16366437897086,9.774340789485723,6.467933990992608,8.580257353931668,7.000340877455168,7.833844210952523,6.812355472147462,8.194654892478136,9.470228523761035,10.017524122446774,9.961183782853185,13.089659947156903,9.364838618785146,8.618214011192324,7.368374590948224,9.149479260109368,10.622737511992447,7.872924440726638,9.059757135808468,9.40662967599928,8.95826029181481,12.155981349945066,10.055091029405594,10.435724843665957,8.53565781656653,10.359630152583124,7.763525102660057,14.705428540706643,7.961950641125436,8.874450020492073,9.710297947376965,8.728191602602596,10.111913628876218,10.850066995620725,8.96354934470728,9.963375366479156,10.89818668067456,9.174870206415656,7.5429138977080585,11.306584730744362,8.15941472759587,10.556847256049508,9.829887879639866,11.600022150576118,9.055941409617663,8.299900644458829,8.785883280634879,8.350391552597294,9.064796679466966,8.84897323548794,8.368226284533739,8.814549881219865,7.6176733892411,7.006410232116468,9.321465429797536,8.33752542156726,12.210441814363005,6.3220991067122645,5.8057984769344335,12.642576116323474,11.771608820185065,11.384488254785541,11.231310267746451,8.476812972128391,8.906887919455773,10.11522504389286,9.575838391482835,9.586575528886172,8.259252180159095,9.212722244858742,10.162969114631412,9.742061053402725,8.005143173411492,9.405464893579488,11.25618579685688,9.350675416365267,8.003194152563811,9.899888864904643,7.737337553873658,8.69758892171085,12.018977257609368,13.572450590133666,10.508961507678032,10.337899631261827,8.56096397209913,8.408587304782126,9.906162869744003,9.67356496881694,5.5984843201935295,10.544564770907169,8.388268473371857,10.515355265140533,7.513713470473894,7.2598856019787545,10.956664955615997,10.835541678406297,8.116998596116897,10.238786369841545,10.717506703734397,8.762612867355347,8.905839372426273,7.523790250904858,10.000298110488803,10.341324804909531,8.521469564363361,9.358399043045946,9.895508096925912,11.041499358415606,7.667243028059606,9.358256694674491
2031,8.353157665487378,6.825774980336431,8.499738966673615,10.61458092667163,8.249708824604745,6.727379143238066,7.277546038106083,6.4049052245914995,6.80373320057988,6.760515235736965,3.974769537150859,7.477796290628613,8.943053761869674,7.225553207844494,7.737093082815408,7.303163325786588,7.950986629445109,8.332725421711807,7.060779130831355,5.307761982642113,6.598024527728557,9.28742266744375,7.962225676327941,9.367282390221956,9.9618332196027,11.056820540130143,4.742916350066663,8.988467999175185,10.037671589106324,6.726477088080718,9.805287709832196,10.51651043733582,6.456481131911278,7.260336472094056,4.673930174484849,5.319713923335074,6.408517340570687,8.214269924629487,8.566453811526307,7.531865886226295,6.618663091957563,6.585564140975473,7.407423010468484,6.940517429681495,12.508787798881537,1.5112281151115927,8.971390452980994,7.7933110702782855,7.011023374646899,6.750691519491369,6.275106874667108,6.816686257161197,8.090365403145553,8.017853992246094,8.548552656173706,7.97665339931846,7.306931234896183,4.494454023474828,6.89880069345236,4.363876193761824,6.315501763671634,4.87817518413067,5.851110128313309,4.68220857605338,5.620626645535229,7.190738824754955,7.878760953620071,7.8612503573298484,10.62416461408139,7.307840013504025,6.41726527810097,5.273382707685234,6.7565730333328275,8.56463248878718,5.642865231633188,7.072964556515212,7.06335631832481,6.452042964100842,10.61596837937832,7.991434581018981,7.071818097680811,6.4414297835901335,8.339836912229657,5.7483808916062085,12.16505140066147,5.744763788580896,6.475027316436173,7.839119542017582,6.286723115295173,7.9422719830647095,8.854318569600586,6.585966233909131,7.870031173713501,8.682016301527621,7.073196910321708,5.345678780972962,9.237747179716827,6.0632754631340475,8.48593252673745,7.360784190893173,8.855481617152694,6.940756379067901,6.178925605863332,6.457483235746622,6.203704609721901,6.767919395491482,6.221428596414625,5.920201537013055,6.759334214031698,5.511248425766823,4.4831753719598035,6.961767372488976,6.3685949824750425,9.360442037135368,4.267395918816328,3.241005274653434,10.047226260602475,8.692105251736942,9.335135753452777,9.151933677960196,6.118544576317074,6.6693889737129215,7.390250604599717,7.083855284628227,7.214338163845239,5.9037834858521805,7.09937929958105,8.125173646956686,7.558071753382686,5.718805848062039,7.24779141768813,9.023622777033598,7.257548524439332,6.007822214066984,7.961352463066578,5.540634797140955,6.366547470539808,8.993251506541856,11.005885863304135,8.5515043374151,8.040657389909029,6.156419733352963,6.104384165257217,7.686746972147377,7.6564682520925995,3.405535807460546,8.403144265711315,6.375505275279287,8.386751794442535,5.554236794693861,4.792532870918508,9.085449191927909,8.657181253284222,5.925307222642003,7.859804778173564,8.38539213109762,6.345363575220107,6.792630802094938,5.463228112086648,7.877622773498298,8.039406810607762,6.17216007690877,7.204724895954131,7.516112789511681,7.702474132366478,5.683944177627565,7.318304081261158
2032,7.375745497643946,5.654158774763351,7.685134474560618,10.078069049119952,7.447534798271954,6.0089803159236945,6.3872113721445185,4.9766639918088895,5.636846238374708,5.409318532980972,2.2354515813291096,6.338427254371348,8.207962560653687,5.571583263576028,6.865369326993826,6.38943479955196,6.829442043974995,7.312873481959106,5.845425743609666,4.0026100854389375,5.681403973698616,7.833734568953517,7.1736229605972825,8.65389400720596,9.341893664002423,9.642681220173841,3.3673658460378646,8.192661350406706,9.535289871692662,5.529604256153108,9.280589810013774,9.792954835295678,5.467327344790095,6.054287593066691,3.022782691381871,4.354887327365576,5.031281149759887,6.886913044098771,7.629638335481286,6.370368755632082,5.689637991040947,5.617874970473354,6.202452890109273,5.568581680301579,12.354782295227055,-0.08009700477123285,8.41814635321498,6.658479996933606,5.804795030038803,5.173408702760938,5.353354480210692,5.277830139920118,7.228072717506434,7.350252044945963,7.879715864360333,6.693476438894871,6.44280828960473,2.843821929767729,6.078713611513377,2.9413221031427357,5.383433675952254,3.4087738960981397,4.622189540043474,3.3494608629494893,3.9972019597887973,5.953545038029551,6.7789203235879585,6.991916403360666,9.966970795392992,6.264153588470078,5.108329061791299,3.8758401096798436,5.619575057923793,7.6323631197214095,4.698919807747005,5.931080180034037,6.030031730607154,5.517077618837355,8.30715327858925,6.907003507763146,6.377584984898575,5.039163623377682,7.359538720641287,4.411125179380182,12.023345255851748,4.505259742587809,5.252057833317673,6.216577812656768,5.018898995220659,6.919584960490463,7.939198094606399,5.68612856939435,6.7254501178860675,7.964283122122292,6.16919662840664,3.946861205995085,8.434567534923548,4.679260328412062,7.64043571799994,6.46190438978374,8.118382801488035,6.034081277996302,4.784782064706089,5.576227550953627,4.775222116708757,5.857202182710171,4.6465753171592965,4.613977364450694,5.402296335995194,4.085399127728307,2.8952744439244285,6.061360564082858,5.19544443655759,8.835469098202886,2.8647642940282787,1.7045080699026602,9.487811291217804,8.0617476336658,8.721850711107253,8.367679731547833,5.143955449759961,5.407934110052882,6.625134209170939,5.55298293745145,6.372364649921654,5.015521594136949,5.745769163221123,7.051546046743169,6.3706967350095525,4.263839206472042,5.9677295919042095,8.205701418593534,6.378016825020315,4.7661563895642765,6.898257603100501,4.595834927633409,5.1543557006865734,8.402512094751,10.515234625339515,7.52982841581106,7.281189982593062,4.901326779648663,4.854371510446072,6.800965091213584,6.5369725141674335,1.9776181519031533,7.56464359350503,5.174926776718349,7.535106108337644,4.335168097913264,3.2320336915086942,8.097969397902487,7.881192624149849,4.97761176787317,7.051137700024997,7.631730387546121,4.999982779473068,5.3803290091455,4.09334127884358,6.993715891242026,7.261949830129747,5.229058963805437,6.323454865068196,6.642306866310534,7.025254738330841,4.397383704036477,6.238099086284637
2033,11.026265943050392,10.03024864271283,13.006200557947158,15.46936076283455,12.83236193507911,12.544794148486105,11.881826841086152,10.876760178245602,9.819125741766767,11.30079608485103,8.249689903855323,11.356613413384181,13.104056042432788,11.277511225640774,12.52150534763932,12.03121997863055,11.752817785739904,11.922704073786736,11.111920209228987,8.528052489086985,11.301912844926118,12.566010606288913,13.173900328949099,13.387155991792682,14.423277580738068,15.025857698917388,9.152923409640788,13.37252408862114,14.3456572651863,10.706591831147673,14.824212071299552,14.730696791410447,11.164719850569963,11.293325440585617,8.696613791771233,10.24097470585257,10.7776726603508,12.656916627287863,11.85547255012207,11.422782940510665,11.311842384934423,11.25618344973773,11.475030959676959,11.307649119570856,16.698163139820096,6.5189149081707,13.91139948666096,11.776772265136241,11.077345072850587,10.625578580796725,11.13643892556429,10.784782906901098,12.71721204817295,13.930198417976495,12.703977763652807,11.758064300566911,11.770465359091762,8.494500251393768,12.068182811886071,8.867274609208105,11.08517765291035,9.473287986218931,8.85978502184153,7.915301955491306,9.435868063569067,11.316237568855279,11.760300643183294,12.504247352480894,14.89827321767807,11.841804786771533,10.563374088332065,9.683137895911933,11.160552121698856,12.121317243576046,10.452990767545998,9.983359939604998,11.449746127380054,11.38395915478468,13.551584935188293,11.690591133385904,12.668570576421923,10.899664356932039,11.530993900820619,10.061090644076467,16.549295926094054,9.645990125834945,10.65985721796751,12.005626975512133,10.548926125466835,11.680797581374641,12.293324095010755,11.298082115314902,12.560519443452367,12.978109884262086,11.761293265968556,10.070890787243847,13.654822098463772,10.455056636966768,12.976935384608803,12.186669579520823,13.691291843354708,11.653790275752542,10.605190046969804,11.17512899264694,10.587067785486582,11.65885206013918,10.142791222699458,10.210662112012502,11.121041733026512,9.938093871995806,8.261543886363507,11.639772102981814,9.344238558411599,14.091103658080097,8.697296281158925,7.5585059545934214,15.181367367506024,13.755809489265085,13.288497871160507,13.515722048282623,11.273470544815066,10.80513413920999,12.387809422658759,10.78540197685361,11.804640343785291,10.599481999687855,11.56889861002564,11.246226799488074,11.502784518530827,9.579679699242112,11.400992596521984,13.366838940978052,11.924617428332573,9.010076089948416,10.792810100316993,10.417719578742986,10.425091798603532,14.002186979353421,15.253099930286401,12.103724396228792,12.476576225459572,10.353988160192973,10.169952787458897,12.387216973304755,10.634348978102215,7.902214772626761,13.017441274225712,9.419495642185213,12.887178011983636,8.541146211326119,8.98163602948189,12.514039385318764,13.251658483594658,10.796560890227553,12.480446467548614,12.891065999865535,10.752542816102507,11.2209031060338,9.8525458637625,12.529848380386833,12.887783108325674,11.175863119959828,11.925679616630083,12.173580252111424,13.277265530079612,9.94102216623723,10.218747682124375
2034,10.152466276101771,8.742829717323186,10.99146483018994,13.721052605658773,10.503683265298609,10.649260964617133,9.491803111135962,8.118594948528331,8.722956685908143,8.568497793376444,6.767931540310383,9.389697021245958,11.238897437602287,8.844700541161,9.958491886034611,9.586300277709958,9.768970850110055,10.110430707037452,9.006970299687236,7.359152015671134,8.786204281926622,11.178055018186575,10.812736683897674,11.605963939428333,12.781234899163248,12.910902964323757,6.402994241565466,11.439499087817968,12.876865878701214,8.662591564795001,13.035114753246305,12.484841967746613,8.613622910063716,9.183870312012735,7.358411622792486,7.5972874304279685,8.135676496475938,10.263479159772393,10.40053459755145,9.396986383199687,9.113454759120943,8.790480256080624,9.38326749391854,8.60344900712371,15.872126793861394,3.3687451452016832,12.124959706515082,9.74731874614954,9.010776785574855,9.265960422903296,8.654668192565444,9.358610733598473,10.3523865211755,11.798320794105534,10.812506395578385,9.907641795277597,9.76599826607853,7.1189894288778275,10.082237561047076,6.089214756432922,8.746965385973457,6.611534989625222,7.73876625522971,6.743734655529261,8.149997929856173,9.175503022596242,9.760181865096095,10.086431218148215,13.349424901604653,9.33151828106493,8.281854699552058,6.95539671778679,8.944366944953803,10.354673711210493,7.985050757974383,8.979290582612153,9.328532411903142,9.205049787461755,12.129547378420831,9.7743995681405,10.805641734600064,8.176008346676827,10.17011717483402,7.382834645826369,15.715688979625707,7.678019923344256,8.530366088822488,9.483743772655723,8.384671144187452,9.804887466132643,10.600427554547785,9.20025580842048,10.06270548067988,11.033142388239503,9.286670747515746,7.227750746905805,11.293313441798087,7.7402206839993655,10.671552429907027,10.046528406813742,11.859785252809527,9.157298188330609,7.877370865829283,8.921021417225715,7.9457083201035825,9.156581136584286,8.765914644300937,8.02528555670287,8.452962259948254,7.1907563954591724,6.9448981939814995,9.573560007568453,8.247686027362942,12.517587187886242,5.9357738567516165,5.624445145204663,13.349580216407777,12.076362481713298,11.488756960630417,11.26258063018322,8.527365601062774,8.585185162909324,10.42769801840186,9.493004962801935,9.777562628686429,8.42973034866154,8.871707367151982,10.013596892356874,9.461928503215317,7.829136124998333,9.05139083713293,11.439287458546463,9.475267681106926,7.925384349748493,9.817274044454097,7.814474173495547,8.371938131377096,12.302850747108462,13.768838888406751,10.263807974406518,10.496040849387644,8.217478060722353,8.099714130908248,9.979478478245436,9.579617971181868,5.25343863628805,10.647618525475261,8.290105972811585,10.54438633769751,7.427471449412406,7.05915517024696,10.755294986069197,11.082154092192651,8.20881474837661,10.406246348470445,10.844564908742901,8.442807973548767,8.495000755786899,7.1532910292968195,10.135440302775539,10.65484643653035,8.600885336101058,9.51784788817167,10.112882053479543,11.401713906973603,7.27947401963174,9.24278200864792
2035,10.93299145996571,9.54014036040753,11.605178073048595,14.068226343393325,12.07321245148778,10.657631625793872,10.987603318691257,10.048688016831875,9.565488315001128,10.471621209988376,8.117012607306245,9.963558902964001,11.80568094551564,10.713090945780277,11.568748462945221,11.12297903522849,10.363124902546412,10.656884887814524,9.610750963538887,8.29309488087892,10.294683148805053,11.218188029527663,11.940002848580473,12.148504185676579,12.938355100154876,14.622216153144837,8.274610910378396,11.988234731554988,12.898306715488431,9.266634476929903,13.317192196846014,13.939391487836838,10.172057781927286,9.80506985709071,8.655727077648042,9.181268979609012,9.925588463991883,12.002981400489812,11.057347059249874,9.976282673329113,10.05719747934491,10.365776612982149,10.014647469669578,10.45510417986661,15.539598321914676,5.516839775815604,12.21092140674591,10.414704571291804,9.634825576096768,10.496061542630194,10.207949315942823,10.626648862659923,11.881106740236286,12.152533569186932,11.377176716923708,11.319316679239272,10.373006657883527,8.394622296467421,10.41855423115194,8.002871310710907,9.881013790518042,8.54881311133504,8.575229423493145,7.662747894227505,9.391567336022858,9.83025320321321,10.373432531952854,11.600662180781367,13.463120472431186,10.951562860608098,9.419562472403053,8.846762480586772,9.640305352583526,10.90753167867661,9.328286517597736,9.826433070003983,9.984719382226467,9.89982306063176,13.975471639633179,10.317520868778228,10.816027531027801,10.06737298890948,10.85269156098366,9.208557284902785,15.377781260013586,8.281276608072217,9.176653210818767,11.358827209472654,9.036733693629499,10.382274180650715,11.142965942621235,9.832098539173607,11.753937584161758,11.615817409753797,10.795397580973805,9.14831044469029,12.802208177745346,9.644181553088128,12.180944352876391,10.724228898435825,12.08956800699235,10.679939686693254,9.790339949168265,9.917138697765775,9.743465537577865,10.753114018216731,10.008506184071303,8.681033932231367,10.286327239125963,9.134954915195703,8.148775863647458,10.207371825724843,9.093673758953816,12.564058011770246,7.826706689596177,7.182897048443553,13.675350823998448,12.057861146330836,12.029730331897738,12.74124007299542,10.23720510751009,9.4827032212168,10.814467002078896,10.67959132939577,10.387437169998883,9.232964119501416,10.732457584142683,10.777093654870985,10.065657696500425,9.133057032898067,10.293145088898022,12.033304402232172,10.959580782800915,8.766191849857568,10.619774660468105,9.36763940900564,8.981201341748237,12.323574876785276,13.830723714828498,10.808359825611118,11.078347760811448,8.85643257498741,8.707536352053285,11.520634758472443,10.439536062534895,7.102171101793649,12.217722256481652,9.136720191687344,12.020065951347357,8.24594491263851,8.61973170563579,11.293424504995343,12.273506179824473,9.758505920134487,11.046082348376512,11.469029392302046,9.13769260719418,10.449866279214623,9.005528371781114,11.633173060417178,11.692085515707737,10.228713648766284,10.916855046898132,10.761525879800322,11.417708622664223,9.103501911461354,10.147100149095056
2036,11.734748005867004,10.610739506781103,13.051158127933746,15.797309291362762,12.514640708267683,13.400071952864526,11.475553786009556,10.221665818989276,10.4951226872392,10.682866746187214,8.556158651597805,11.435644817491994,13.125165748596192,10.757743742316967,11.986829336732626,11.615786723792557,11.85017949081958,11.974326387792821,11.176896259188654,9.053856644034392,10.798023375868798,12.967182919383054,13.040695577114827,13.43763982355594,14.795483773946767,14.704808977246284,8.445628445595506,13.44371100813151,14.820416945219034,10.786781288683411,15.141483026742938,14.281187731027606,10.652314582467081,11.38669034093619,9.067947523295876,9.703844520449639,10.237162208557127,12.217724990099669,12.127473548054693,11.47063328176737,11.260690706968308,10.822754673659803,11.557230907678605,10.641797572281215,17.571164178848267,5.759227848798034,14.338157248497016,11.818080682866277,11.198801355063917,10.889332424849272,10.749224655516446,10.988453792035584,12.343893780559302,14.288397687673571,12.645642420649533,11.560204261541369,11.849241937790065,8.813067761063575,12.504222331941126,8.183481168001894,10.86902126073837,8.755905158817765,9.523370724171404,8.486828922387215,9.792104884609582,11.440907898172737,11.877021386474368,12.081829439103606,15.292364513874054,11.343664157390595,10.402757228910918,9.02676543146372,11.298524215817448,12.166474851965901,10.069002503901723,10.722361336648465,11.55854738280177,11.575248546898365,13.930853867530832,11.696371353417637,13.431770363450047,10.239537766575813,11.912236197292803,9.39246220290661,17.523725986480706,9.820735535770652,10.782006686367097,11.421320998854934,10.690191230177872,11.755207640677684,12.351624777913104,11.427594636380674,12.0845497328788,12.952691754698748,11.301746681332586,9.412094274163247,13.174235288053756,9.812207572162146,12.63503450080753,12.327343331277367,14.070972295105463,11.174887107312678,9.953949363529686,11.005335773527625,10.057421410083771,11.25269050598144,10.387915707379582,10.36483530327678,10.459164787828929,9.3326969653368,8.583001360297203,11.776560784876354,10.015120858699083,14.753887325525284,8.020435487478977,7.506231597065929,15.511375862359998,14.391823163628581,13.20124454498291,13.141920774430037,10.717005629837516,10.752455087006096,12.73361099041067,11.042248101532454,11.87572010233998,10.551659131050116,10.958809366822244,11.783058388717471,11.59924600571394,9.70584813654423,11.147894880920653,13.434907363355162,11.467906984686852,9.73235092908144,11.48016157988459,9.878453401476145,10.55726786442101,14.578611421585084,15.65887482166291,12.13155204355717,12.480582378059626,10.483405749499804,10.305084989964973,11.999444584175947,11.345649056881664,7.3482479786500345,12.66099012494087,10.081747335195542,12.450513394176957,9.191414053738116,8.951189349591735,12.580213135480884,13.054585553705698,10.26899773012847,12.53700637370348,12.863715890794992,10.900238697230815,10.619042649120088,9.176296289265155,12.137129165232182,12.726327601820232,10.737142468988893,11.538132299482823,12.304912511305883,13.975908899307253,9.277397403120997,11.030208797752863
2037,11.557831585407259,10.226743193529547,11.706335610151294,14.946068674325943,11.856713348999616,10.92903802925721,10.85537017188035,9.966346853226426,10.291433348134165,10.24734703525901,8.452286002784973,10.731975042494014,11.913008332252506,10.66373836994171,11.448621021397411,11.012721005827192,11.009806880727407,11.35549834221602,10.355848187208176,8.91547950580716,10.195302807074045,12.28985521197319,12.197636957466605,12.259447711706162,13.176329779624945,14.631028473377238,8.203847897052766,12.121753033995628,13.144007563591003,10.017100179567937,14.192738246917727,13.914787638187406,10.111443950142714,10.518179742246867,8.962592270970337,9.089204153232282,9.943429334834217,11.983199058473108,11.71901495009661,10.70531722307205,10.07599575407803,10.221546821296217,10.73521484322846,10.379818345978862,15.644278573989869,5.38241692632437,12.429967135190958,11.035086376219992,10.423589817434552,10.905678224563596,10.070459813997148,10.949094310402868,11.698195558832957,13.13756214976311,11.51874002814293,11.475968701392414,10.596085634455083,8.729398534446954,10.591537505947054,7.901563581079243,9.853522973880178,8.47511691525579,9.349219433963302,8.32788624335081,9.722147205471995,10.554433170054107,11.024188639223574,11.410918271914122,13.686896431446078,10.789472625404594,9.850307481735943,8.79910316439346,10.190780319645999,11.583837008476262,9.273039701581,10.513300149142742,10.405414026975635,9.957373371720307,14.074400728940958,11.03887146636844,11.073942764103418,9.934813325107099,11.527869468927385,9.144278097897772,15.463196063041693,9.077408349886536,9.989884194510529,11.325659993290905,9.858429549634458,11.116443428397172,11.787742698192602,9.908058337867256,11.691915574669839,11.743485599756237,10.641924732364718,9.042624187469476,12.716572333872314,9.585740683227778,11.959395407140256,10.806652619317177,12.300905582308772,10.539916093461212,9.731646213680515,9.95175383836031,9.761741417646407,10.57942065000535,10.351014143228536,9.517963631451131,10.179288921039554,9.078539809212089,8.5246086627245,10.27927691154182,9.795391599088905,12.801033636927604,7.7648132383823425,7.325297295860949,14.585218322277075,12.334944078326222,12.174764353036878,12.619230033457281,10.09376875162125,10.061491674929858,11.037267684936522,11.062973359227183,10.502341177570633,9.305563219636682,10.653322871774442,11.484026196599007,10.780516204983005,9.490679147839549,10.642653061449533,12.14964959025383,10.8110024292022,9.532169358804827,11.297972252964973,9.261739344429227,9.789261039532715,12.58913523852826,14.104882466793057,11.460145957767967,11.213598972558977,9.69452902339399,9.50565870441497,11.392449074983599,11.095138708874583,7.077526388969273,11.982761596282952,9.888732554763553,11.965629122871908,9.015378598868848,8.770297117694282,11.882914718985555,12.366057084500786,9.655279950052506,11.162421121192164,11.58244483470916,9.893310333043335,10.349894362501804,8.894302759785205,11.448440799117092,11.973836989700803,10.084962227893996,10.880110081657767,10.85416458230466,11.676189903914928,9.032408270984893,10.787823554873468
2038,10.0346339866519,8.662777468748391,11.127766223996883,14.52918556630612,10.991670135036113,10.98596257613972,9.973066755011676,8.266991485841574,8.59984637536109,8.755951242148877,6.004428841173649,9.37965206168592,11.375779756903652,9.146774449944493,10.578217859566212,10.052370788902042,9.843431920185687,10.107071152329448,9.05078090913594,7.063003838062289,9.347808464709676,10.88042058944702,11.557469783863064,11.715454915165907,13.036405628919606,13.49215513318777,6.595663068140857,11.579768787324422,13.189665305614474,8.674511655420067,13.881020179390912,13.013809472322468,9.106949479051396,9.25521514639259,6.522836081683634,8.181201328709719,8.266519683599475,10.854723332077263,10.398356717824933,9.444386481866239,9.343503257632257,9.211056547611953,9.405736446194348,8.79621076565236,16.039911484718324,3.742303457111119,12.570959037542346,9.76511570941657,8.98411206770688,8.515576953813433,9.135814441181719,8.71919662542641,10.808186620473865,12.780503671988841,11.006369623541833,9.690779272839427,9.849893980473277,6.3507941335439675,10.292330499738458,6.304708364792169,9.09206863343716,6.878379392996431,7.597354634851216,6.43424682170153,7.340948485583067,9.217041280679407,9.856652996223417,10.620537726208571,13.568374943733215,9.734143362380568,8.314307716116307,7.1100913625210564,9.085482975095518,10.355256724357599,8.431610934436323,8.83199525605887,9.436654328554868,9.370286004617812,12.081532257795335,9.81252898871899,11.155788411200051,8.322776079922916,10.137519421428445,7.5767181070521445,15.916227197647089,7.655972674116493,8.528725280612708,9.781855117157104,8.373126702383157,9.804936033487316,10.575708341598508,9.3615684568882,10.66629140099976,11.204781658947471,9.830078277364372,7.513710768055171,11.856167208310215,7.901170462369919,11.149021699093275,10.19028909727931,12.105759282037617,9.709365112846719,8.026912475936117,9.214750668313354,8.04644397571683,9.656364163756372,8.045146246254443,7.998642465565352,8.600982677936553,7.367655850946905,6.22753275260329,9.686697638034824,8.143321529775864,12.85682470202445,6.146975514572114,5.256775783374907,14.249638825654978,12.39571729116142,11.665546202659609,11.749742627888924,9.17687763422729,8.613245058059693,10.742597555927931,8.763166307099164,9.893806508556011,8.643302215635778,9.056051705102442,9.921431377530102,9.477339711971585,7.516478420794011,9.109027157444505,11.551042197644717,10.033436109870674,7.744933858886361,9.69035403877497,8.386105173081159,8.351271552219986,12.677385711669922,14.068084943294528,10.332449522614478,10.65788363665342,8.198836978711194,8.081091586500406,10.432640603370965,9.47049823720008,5.423354844748973,11.136974755302068,8.161862123385076,10.994936816394327,7.294885017815979,6.63193211629987,10.809291613101964,11.640403457731013,8.767544466257092,10.576118048653004,11.032097606733442,8.507266059517864,8.63636906817555,7.308286489010795,10.624959251657131,11.33564606960863,9.107626710832113,10.089039278216667,10.249177382886407,11.794172275252643,7.560099393129349,9.126624160259961
2039,7.643259900063275,5.980010109767322,8.578269874304535,12.339130505919456,8.466239126026633,8.403473966941243,7.5042880836874275,6.095854407548903,5.95325539372861,6.51646439470351,3.005571448337288,6.705471612326798,9.015709319710732,6.929922341043134,7.96494915522635,7.528698483295744,7.166126582212749,7.6339390382170675,6.2351367123425,4.420596661418677,6.8454308307729645,8.35261690169573,8.95978809338994,9.439750295877454,11.01169673204422,11.24133279174566,4.455645617097621,9.114246383309364,11.39540226459503,5.920905739502628,11.6741801917553,10.685387977212672,6.6371741389273655,6.425297585129739,3.7105399563908605,5.585317647444029,6.048966319113972,8.416618192195894,7.909446284547452,6.735480467102029,6.7194318107329325,6.736482789367436,6.628289436548951,6.656600251421333,14.599578285217286,1.2446276575792594,10.50503614097834,7.114228560589257,6.197570272907617,5.825345704704527,6.510620440077043,5.9175024495983966,8.317182952817529,10.24008907228709,8.663115262985233,7.432481022179131,7.23225915809162,3.556145794689656,7.690231134742495,4.091736480593681,6.467258140444754,4.585252803564071,4.944501336943358,3.7555207315832377,4.665409345179794,6.333108503371477,7.12546151438728,8.105462462827559,11.687858456373217,7.382774823205549,5.799549093097446,4.959817913919687,6.099035295844081,7.921002936363219,5.853098966088146,6.244204612635075,6.646781005710362,6.519984593242411,10.013054723665112,7.260075268615042,8.703213027492167,6.128669084375722,7.65669155344367,5.46743879765272,14.365420353412635,4.913644564896822,5.652642391994596,7.545293130725628,5.435345636308189,7.239950724691155,8.216072775516661,6.644784860312936,8.109580022096631,8.782442385656761,7.32770072035491,5.107296383474024,9.42439822135493,5.753845629096029,8.69449483342469,7.424926853924992,9.761946254968645,7.200531843770294,5.87233537063003,6.598689708486201,5.824852432310582,7.000135737657546,5.292599536478519,5.050942178443074,6.465797842293981,5.193677616864444,3.5398188978433636,7.008685943484309,5.5066612530499714,10.783850963786241,3.980538280308245,2.529160134308042,11.959384238719945,10.223889584839341,9.458490750193597,9.336573117040095,6.363329349085692,5.9470037385821355,8.263773538265385,6.177445082925262,7.284561319835484,6.011285834759474,6.861922029778361,7.351021350920203,6.735522597096859,4.985385750979186,6.682511660456656,9.090397189185023,7.515603827312587,5.081784942559901,7.191429078765218,5.808287375979125,5.5518020953983065,10.520411174744368,12.379762977361676,7.842895875871179,8.140810192376373,5.321994340419766,5.2638478502631205,7.910072092339398,6.828050768934195,3.060394994169474,8.633216913975778,5.491045970097182,8.596742857713252,4.651568815857173,4.108803096413611,8.405270598083737,9.282587459124631,6.187157749384645,7.946917842514814,8.492936368286609,5.412860357761383,6.47149597927928,5.170756523311139,8.121703280648223,8.935997326299548,6.4172385930316524,7.624168545380236,7.586539598480154,9.350242446362973,5.453086968511343,6.505537483841178
2040,10.214267615973945,8.90837979298085,11.120885901525615,13.06511719226837,10.245473502948881,9.91723417714238,9.330973806232219,8.210047985613349,8.792233121208849,8.49064341932535,5.792136957496402,9.884061836823822,11.385893902182584,8.906866749376054,9.907821461558342,9.424798676371573,10.208262804429976,10.58570228666067,9.50002337452025,7.164986081537789,8.736298201419412,11.537510275840756,10.329864589776843,11.734138280153278,12.511428606510176,12.72622175216675,6.533406880497926,11.53906883597374,12.458642804622652,9.147901831194764,12.278055852651596,12.572425872087472,8.620166683576828,9.65513809509575,6.427287293341945,7.569134394451979,8.286441255733374,10.12191201657988,10.707679561525584,9.882033532857893,9.11524133644998,8.619738756865267,9.865034054219727,8.70943130422383,14.690706062316895,3.469727898156271,11.697972750663755,10.169091510027645,9.52763694934547,8.48583378326148,8.428659591451286,8.550647062063222,10.113434496521954,10.806980720162391,10.997753658890733,9.672672215104104,9.932539137825373,6.2344397670589355,9.79762678819243,6.135831567645072,8.708979153726249,6.692726606875657,7.790466081351046,6.568004539795221,7.314474289864305,9.642805405892439,10.215597607754173,9.869601234421136,13.002343630790714,9.231261008046571,8.574997369572525,7.065242036432027,9.334285052120686,10.826852273941045,7.95995266921818,9.037315648421645,9.635253556258977,9.298521149158478,12.083700764179227,10.267170749604698,10.134338628966365,8.146712483465667,10.44559573233128,7.509029392898083,14.439200532436368,8.158937330543994,9.076798947900539,9.57422520918772,8.923204636201264,10.315302115678788,11.051699350168928,9.287133357673879,9.923565643094486,11.207667627930643,9.151408540457492,7.249520663172009,11.289093852043155,7.87769274264574,10.419539800984788,10.16549896001816,11.57334067970515,9.042673884704715,7.985898804664609,8.961810313304886,8.03799895793199,8.900205459445719,7.9461118891835225,8.573649318516262,8.470602677017453,7.323775405436757,6.2053906198591005,9.639630121341904,8.307000049948693,11.971013480424883,6.055336205661295,5.06366184987128,12.565775346755983,11.50330260694027,11.676576864719392,11.145885238284245,8.408503470057626,8.988261296413842,10.114474028535188,8.762749870866532,9.90767397359014,8.536425025016067,8.938969274051491,10.209816671907902,9.918722574040297,7.5823101744055705,9.361682958714667,11.559180313348772,9.301021890807897,7.977029662998397,9.898122722655534,7.730731455609204,8.90015339207603,11.769526237249373,13.473652803897867,10.727635203301906,10.634004195034507,8.776187981758264,8.607448832527734,9.790775357186797,9.65188028067351,5.264946799189784,10.375747050344943,8.357202596962455,10.47086009047926,7.475621927529573,6.550620748382063,11.16529804617166,10.734007938113063,8.12210621386766,10.584706608206032,11.033836767822502,8.925465965270993,8.594596304371947,7.18480901457369,9.901857664436111,10.269314093142748,8.392430300638079,9.314655754715208,10.225205758213999,10.757208960503343,7.4780862674117135,9.281939208507534
2041,9.920729598402971,8.719339556619525,11.882330405712123,15.408831069618463,12.21728201955557,12.000830293446782,11.280116397142415,9.497874624771061,8.495553965866563,9.917674654722214,7.022652826830745,10.004526430368426,12.074794850498439,10.318740229308604,11.953681576251986,11.409257391095169,10.379261392354971,10.697272971272469,9.66068960875273,7.259052959829569,10.705184893310072,10.687626204639676,12.795285817235705,12.396907107532027,13.874408724904063,14.830377060174945,7.756328691169618,12.324408021569253,13.98777469992638,9.30893276482821,14.758451505377883,14.233072458580143,10.462752676010137,9.842052970081564,7.552842389792199,9.629381509660742,9.415531089901927,12.243214151263238,10.657452183216803,10.037563398480419,10.344397357106208,10.504996722936633,10.051800078153612,9.94920755773782,17.066448402404788,5.00558319613338,13.465955671295529,10.42951118350029,9.663581341505052,9.524731483310457,10.520266237482426,9.645558312162754,12.104817359149457,13.953513598442091,11.684256725013253,10.633207258582114,10.597073378786448,7.334576978720724,11.184678466618058,7.479267694056037,10.221643078327178,8.079691812023517,7.5100489348173145,6.598545321822167,8.320203793048858,9.82345792837441,10.39038454294205,11.906659431755546,14.333004772663108,10.986555880308154,9.186144923418757,8.303962759673595,9.683209183812144,10.934186352044346,9.713934100046753,8.735491590201857,10.108935025334358,10.138386939093476,13.372199420630938,10.392706251889466,12.140176104009157,9.482306742668142,10.333893953263766,8.71154050966725,16.98631975650788,8.266015620995313,9.2264476380311,10.974704940617078,9.083653648942704,10.423739725351334,11.153006635233762,10.096356474235652,12.082316035777332,11.912927849031986,11.164224555343392,8.75524267125875,13.131070581823588,9.096394596062604,12.381437912583353,10.984907670319084,12.972867965698242,11.091012272238732,9.233775986917317,10.234415763616571,9.212511361949149,11.042331273853792,9.028210853785273,8.733347481489181,9.735791712254281,8.569547938555477,7.103631835803393,10.449565705657005,8.025898044928908,13.654982390254741,7.30677843540907,6.277356924116614,15.179352247714991,13.333712726831436,12.318915003538136,12.971944132447243,10.68553600460291,9.386353725939989,11.629598912596707,9.717589109390977,10.669130028784275,9.540133717283604,10.282496117055418,9.99831875860691,10.083522896468637,8.319281204603614,10.032235544919967,12.289497537352151,11.340922771394258,7.6710834562778505,9.587463212013246,9.816743854957165,9.028975407872352,13.588143453001976,14.894272750616073,10.865650409366935,11.391362436115745,8.917302847653632,8.754464233294133,11.759952360391623,9.352834320068357,6.526692306436601,12.400945927202708,8.067516361549504,12.278241829574108,7.191546408925203,7.7384285107255035,11.297125594317915,12.805407944321638,10.207360434159636,11.331091550784183,11.772435899078841,9.138521827757359,9.852538837492464,8.457483981549737,11.931826628744602,12.4980176717043,10.534831245569515,11.39320913851261,11.01320964433253,12.781357889063662,8.627329489961266,9.008292359113693
2042,13.948198229074483,13.10932657718659,15.705461889505386,18.39053773880006,15.308220906555652,16.601226390060038,14.376706788688898,12.736390796117485,12.994389416277405,13.18578862957656,10.68343720287085,13.792913606762886,15.586904203891754,13.358883467316634,15.05605730265378,14.570100018382078,14.164709448814397,14.15443192720413,13.668443697690961,11.38543755281717,13.83491943344707,14.983073401451119,16.13592657893896,15.772198307514191,17.31519471406936,17.419506216049196,10.932750278711323,16.027030348777778,17.21170260906219,13.206671884655952,17.866302812099466,16.942487120628364,13.643291855975985,13.865514415502554,11.042825436592102,12.869314827769992,12.692790644615895,15.168656915426258,14.386217457056054,13.869351753592493,14.060059095360335,13.678991646319625,14.054581603407865,13.093166392296556,19.573312234878536,8.650048995763063,17.08568714857102,14.235429656505591,13.655299797654152,12.829379695653923,13.75166157912463,12.987832400202754,15.218719194829465,17.543584555387508,15.108815956115729,13.592247760295862,14.466000768542292,10.79333016946912,15.428853875026107,10.722730148676785,13.778101265057922,11.339286578446623,12.04692735299469,10.825432677939535,11.671534112840892,13.974399681389333,14.243874689936638,15.023799216002221,17.607154381275173,14.105238711088898,12.819986739102754,11.493781349435453,13.936571278981862,14.314263772964471,13.082385396026078,13.145266431570056,14.175788160413504,14.474519015662372,16.126451861858367,13.974278014898308,16.514025857299576,12.676064293831583,14.18377708792686,11.802835754817352,19.655085802078254,12.245649288827554,13.324012003839021,14.04365736544132,13.271560658887035,14.025021076202403,14.418083810806277,14.21479580998421,15.148419514298439,15.519873702526093,14.302164926310066,12.076525858044628,16.00748136639595,12.277983289211992,15.459069259464737,15.178544476628298,16.860255610942847,14.185421604337176,12.43869899418205,13.851087331399322,12.535560597293088,14.258146684616808,12.359761640056968,12.965468231588606,12.8451425626874,11.831284978240735,10.519660541415211,14.4768620505929,12.523970474302768,17.355695199966426,10.53147651106119,9.735969749838116,18.33934721946715,17.228191190958018,15.543025135993963,15.861111861467355,14.00650210827589,13.221119757555428,15.548184396326548,12.900559887290006,14.579575589299202,13.364266949496244,13.51972254663706,14.16174486279488,14.007433179020882,11.99375879019499,13.57605205178261,15.982118278741842,14.435126104950916,12.223598949983714,13.820910501480109,12.986199651658538,13.027247818559408,17.38550059199333,17.98020617961884,14.319827950000766,15.116294705867762,13.043809969723231,12.761382466601214,14.918217867612848,13.834149838238961,9.875421242788438,15.516955284029251,12.613112103752794,15.293677318096154,11.705694568995382,11.158295639604336,14.668753588199621,15.865253761410719,13.37298037046566,15.31515604257584,15.547873479127896,13.582966384291643,13.091312756668776,11.590752109512687,15.066893566399816,15.624460059404376,13.854460224881766,14.50823307484389,15.043270033597949,17.08836053013803,11.733890779316427,13.433694395422942
2043,10.149361145496373,8.922954520583147,12.103963947296146,15.504241943359375,12.582404286391103,12.006672784034164,11.506539222970611,10.429389590024943,8.679348449409009,10.776574863120914,7.453506988286968,10.394828712940221,12.273123407363894,10.948020508885385,12.109522111713886,11.672865992784502,10.71435688138008,11.067242097854612,10.016117034107449,7.505621561501174,10.818340800702572,11.084741270542144,12.941958957910533,12.623192679882049,13.882619309425362,15.114686107635496,8.629846139252189,12.528002369403836,13.960258686542511,9.687606410682204,14.803791260719303,14.486321818828586,10.705424134060742,10.179838525131347,8.061202629283075,9.739190211892128,10.32952870167792,12.499925303459166,10.959985119104392,10.366338936984544,10.607633252255617,10.860659382119774,10.40964538902044,10.812612433731552,17.68438160419465,5.845273035205901,13.370421493053438,10.814564147591591,10.096401212736964,9.974136519432072,10.76571272462606,9.9930607676506,12.387258322536947,14.03177404403687,11.882891136407853,11.202320539951327,10.89158205240965,7.814521956071259,11.335477671027183,8.352005495876075,10.43030748814344,8.92538592666388,7.666909799911087,6.8654237262904685,8.855798595398664,10.197196787595749,10.742317530512803,12.080824413709344,14.412903451919556,11.376534897834066,9.845317605137826,9.243842732161283,10.080429224297403,11.321425366401677,9.879533840343354,8.934891378879549,10.443986414559188,10.45299402549863,13.703672027587896,10.715740323066711,12.124744671583178,10.414644151367245,10.620546674728391,9.568052780162548,17.606282734870913,8.637796910107133,9.640722006559372,11.622018915414811,9.508321148529653,10.824320113658912,11.545384645462036,10.36007519811392,12.29773847330362,12.106284183263776,11.297995401918886,9.562431709095842,13.321041417121885,10.034714367985725,12.63601931929588,11.267884010076523,13.010561209917071,11.207178778946405,10.19390097372234,10.448461243789641,10.16585940150544,11.324555754661557,9.44235411882401,9.156665914505723,10.641861695051196,9.522511523729191,7.599563074018809,10.744892502576116,8.169335805624716,13.695059359073642,8.18480018898845,6.813395412266255,15.236876249313351,13.275297504663467,12.494667983055118,13.256272107362747,10.822971743345263,9.888770281523463,11.742504408955572,10.182736346125605,10.912985461950305,9.763935403805231,11.110486416518686,10.257497751712805,10.44355346933007,8.896444262564183,10.69225927144289,12.54670786261558,11.462769460305575,7.871512508951132,9.801343791186813,9.929478797316554,9.437973137199878,13.516799676418305,14.889008438587188,11.176153343915939,11.614245831966404,9.329351899772881,9.1610918469727,12.07256542220712,9.536128778010601,7.264041621517391,12.687052744627001,8.23683869466186,12.563032203912737,7.341508365614571,8.443280005431735,11.616809326410298,13.025536012649543,10.33132513612509,11.560930040478704,11.955417680740359,9.533079206943508,10.829521067440515,9.35685428529978,12.127315428480507,12.591436275839815,10.816825328767298,11.537270291987806,11.303065428137785,12.715777450799946,9.407510229945178,9.229892383515839
2044,10.645821651816364,9.319468414783476,10.743286586925398,13.782555079460138,10.149050705134865,9.487514247000222,9.06527679264545,8.748415475338696,9.338772326707844,9.02522547580302,6.94480233490467,9.927724000811576,11.000509169697768,9.48948848955333,9.61597650051117,9.168933150172233,10.296917699277397,10.626568254083399,9.573189906775951,7.850211326032879,8.347952992096548,11.728902605175971,10.562226770073181,11.38247347474098,12.116515904664999,13.017659518122674,7.019849175214771,11.16565868332982,12.11253845691681,9.232122727483514,13.008200427889827,12.298991078138352,8.295512031461113,9.751685759425163,7.54547845423222,7.154377203807238,8.785435856133697,10.247789246588942,10.903667101636525,9.944326276332138,8.786633126251399,8.493685504049065,9.900656506419178,9.208586182445282,15.846604573726642,4.037812094576663,11.265999802947047,10.202308308705692,9.596369294822212,9.496142948605124,8.186335089057685,9.500752528756857,9.931102596223358,11.75542341917753,10.6008153885603,10.267373137176037,9.64057091027499,7.326828896999361,9.420060744881633,6.696821294724943,8.384560449421407,7.245161420106887,8.390867350995538,7.270103534497325,8.366310302168134,9.748672824352983,10.294264002144335,9.638722397387031,12.801267737150189,9.223410281538962,8.891650272719563,7.600472924113275,9.361004358530044,10.867075636982925,7.587246306240559,9.57515603452921,9.520417363941672,8.918051579594612,12.969372099637985,10.297956303507089,9.710693920403724,8.749791387468573,10.687652098760012,7.9942222140729395,15.650884652137753,8.27842814251781,9.136122665437869,10.12897810637951,8.985827559046445,10.36223979108036,11.095846953988081,8.911313111661002,9.850068342685704,10.79763004630805,8.825249673984956,7.691205856204031,11.022720104205657,8.390550622344016,10.238632808625697,9.77387755177915,11.190721390023828,8.73177907783538,8.52164427042008,8.556384584214538,8.589490491151812,8.723538194596776,8.944829197973018,8.642867562919859,9.021242158859971,7.867788996547463,7.1961753576994,9.302236613398417,8.85576712787152,11.660978046059608,6.5638920836150705,5.919846186041836,13.34847687780857,11.114615612197671,11.286377912759788,10.958932778239248,8.116590647213158,9.17259810902178,9.864249694347379,9.71985720768571,9.505945317447189,8.11704438477755,9.363217179477223,10.572937393188486,10.004605825990446,8.310630090534687,9.651294647157195,11.210244192183016,9.015004249289635,8.581433695554733,10.368962430953976,7.37368248142302,8.955024024844173,11.387539406120782,13.094098591804501,10.77232693135738,10.250734765827655,8.834397148899736,8.696121373027562,9.570638720691203,10.145136338472371,5.81623983494938,10.25386925190687,8.932320992648606,10.191455531120297,8.06191966822371,7.443210777640344,11.224482899904249,10.777305406704548,7.771371781080964,10.140283349156377,10.587896255310625,9.059168141335249,9.14398709908128,7.730752719938754,9.65805065706372,10.41402880102396,8.15444117337466,9.140658265352252,9.853040529042485,10.317089644167577,7.884371884167196,9.803968508355325
2045,9.847148862481117,8.48585016019642,10.914240366220477,13.705532687902451,10.322003908455368,10.459006753936407,9.288285187259323,8.138681141659621,8.375557394325734,8.506531310826542,5.443147295713429,9.485603597387673,11.155224066972735,8.638293920271105,9.815381767228246,9.38789094574749,9.846958544850352,10.219958871603007,9.074951048940427,6.775348448753354,8.580198519676927,10.732028067111965,10.666743098199374,11.532015711069112,12.71378976106644,12.507627841830253,6.4091274484992,11.336937607824803,12.825675785541538,8.731408523209392,12.98792622685433,12.43046855926514,8.442933716997505,9.26398648079485,6.102825416624549,7.394305443763732,8.178589128889142,9.92149688713253,10.347814416885376,9.484531401423734,8.96631426010281,8.592126985266805,9.45473230928182,8.613555043935772,16.140103340148933,3.3453420785721377,12.068858480453489,9.799541177786885,9.117331789806482,8.154586219415071,8.428167016059158,8.223830075887962,10.134378740470861,11.751668233424429,10.786216184496881,9.419365590810774,9.688321101851761,5.9059963576495615,9.9385159149766,6.073631580546498,8.580677444487808,6.607228688616303,7.381273619085552,6.166955988854172,6.994229352101684,9.240192670514812,9.844683805108069,9.863221199810509,13.270301699638361,9.177090972661972,8.332377559901214,6.978624753654003,8.99426299184561,10.48630535006523,7.801815256103877,8.63585778474808,9.33140394762158,9.089085432887073,11.45163322091103,9.883440377563234,10.63048845231533,8.146426840312776,10.075039461255079,7.403813791833818,15.972495162487027,7.745813697576521,8.653312604501846,9.303797120304077,8.489758867770432,9.947746802866456,10.715400856733321,9.079004850983619,9.78452652990818,10.962256014347075,9.071803832799201,7.181092752516271,11.176808891072866,7.787357031367717,10.452665068581698,9.937325087282806,11.724273167550562,8.961844343319537,7.910342600569133,8.759623070061204,7.972257291153078,8.95341285057366,7.61374461427331,8.125333148241046,8.43212577365339,7.228005042081354,5.868204442458228,9.467690134048457,7.892364672571416,12.415754178166386,5.937489334307612,4.787005972117187,13.290997800230983,11.949223038554189,11.471670597791672,11.10705315880477,8.340870463103055,8.633769840747123,10.30673322444782,8.426204350963244,9.66545447260142,8.293206670694056,8.872668780386446,9.802552757412197,9.520384512096642,7.308585850149393,9.107703429460527,11.359205655753609,9.25616903528571,7.556002784520389,9.498784618824718,7.614690776169295,8.47902607638389,12.21391976773739,13.77790080308915,10.372077468037611,10.418612498044967,8.33348334506154,8.185350216925146,9.78733728826046,9.225158664770431,5.071376181102822,10.445375541225076,7.941652309522029,10.394194567576049,7.06219517439604,6.335309801250698,10.828026443719862,10.925075581669809,8.008193745091557,10.30389432311058,10.760515347868203,8.50273893326521,8.537335581332446,7.133420855551956,9.908552633039653,10.523467884212732,8.390326666831974,9.333093263953923,10.017910728231072,11.24491414763034,7.319679591059685,8.895719444006689
2046,9.739838516712187,8.351252813637256,11.250285135768353,14.43142431974411,11.824617695808415,10.680650705099108,10.74728790894151,9.421202087774878,8.231315694097434,9.799011012818667,7.009665240719919,9.395268469490102,11.479607513546947,10.016512128338213,11.382425826787944,10.907472098618747,9.7720708668232,10.171365675132249,8.98729508556426,7.10908234417438,10.083571303635836,10.739800938963887,11.958860453218223,11.826883089542395,12.98009361028671,14.213870078325275,7.676072198152542,11.652061740309007,13.061047410964969,8.651812099316158,13.693153643608094,13.845868903398515,9.95706999395043,9.166719910874958,7.617140042781824,8.997267197072507,9.331267121061687,11.621164535731074,10.31436048746109,9.399564363434909,9.68982710838318,10.047344500944018,9.386845630779852,9.86311907818308,16.078827190399164,4.863487738370893,12.429113566875465,9.808877633139492,9.014546701312067,9.592430948466063,9.976355084031825,9.644309209287169,11.642359849810608,12.64323379322887,11.149933436512942,10.652200767397876,9.947438111901285,7.390043920278545,10.21579082245007,7.39711112976074,9.568170940876012,7.962526099383835,7.2147967882454385,6.4256737825460775,8.45850903093815,9.11458829632029,9.797403033077718,11.362429992109536,13.444648659229278,10.559902925044295,8.78465007916093,8.250139985978603,8.992033311352133,10.448594558238977,9.084988013654947,8.472386482357974,9.42616171203554,9.422104727383704,12.643419086933134,9.826019822061063,10.876058105751882,9.420226918160921,10.009403789043429,8.637878610752532,15.90987350940705,7.619186846911911,8.548540054261682,10.66304781138896,8.38041052557528,9.875649704039096,10.687137430906288,9.405609901994469,11.459069877862934,11.32535882890225,10.54962230361998,8.594497880339624,12.647948946058749,9.055119842384011,11.910811728984111,10.278486044332386,11.99670275449753,10.467660480272029,9.194269274082034,9.614234665036204,9.155873571336272,10.528248403593901,9.055311494693159,8.012333170697095,9.677417720900843,8.573657068237662,7.216468662023549,9.77001642473042,7.747765592299402,12.642088335752494,7.244637355208395,6.2458293376024825,14.068649840354917,12.173582834005362,11.815778613090519,12.564549347758293,10.030253341794015,8.846455251425501,10.695683088246728,9.817849436402314,10.019916631840173,8.899752517044538,10.153419711813335,9.700940480828283,9.406440018862488,8.237023609131576,9.683610349148516,11.679146030545235,10.74981565065682,7.36748717948795,9.383885395526885,9.16790458709002,8.36210025120527,12.467549759149554,14.063333785533905,10.343717329204082,10.775692053139213,8.227468177303674,8.063391256146136,11.297990863025188,9.09001380323898,6.454708427190776,11.944588989019397,7.7906945971772075,11.840650928020475,6.899902592226864,7.7687033042311695,10.79563198387623,12.198787710070604,9.563894376903766,10.681567409075797,11.133938493952162,8.368519022315743,9.83021482862532,8.403838358819481,11.382802290469407,11.714663869421932,10.004128618538381,10.76028380319476,10.35183525979519,11.510666838288316,8.579294373001911,8.742711428180343
2047,10.934104195982215,9.784224760439246,12.24461409039796,14.858277529478068,11.68699242174626,12.072169640660292,10.705138958990572,9.672309944033625,9.658384343609217,10.125012110173701,7.513137683272364,10.694167147576811,12.412868374586107,9.949892566353082,11.236125916242603,10.833290520310406,11.05710991621018,11.297642879188063,10.388496561162173,8.197479555010794,10.047115509957077,11.654092359542844,12.121817255020142,12.737819790840152,13.89957902431488,13.980615317821503,7.922677648812534,12.669869193434714,13.902444118261334,10.012169617041948,14.19551061987877,13.57413658499718,9.907111991941928,10.566336921229963,8.05303419232369,8.911966261942874,9.629208932816985,11.502939740358855,11.419010896980769,10.71899148374796,10.402449440956113,10.075539533421402,10.789993210276592,10.091804846748708,16.757743728160868,5.052224307879811,13.349065911769866,11.099836081266401,10.383834197255783,9.901527762413025,9.927838134020563,10.026771945506336,11.549945403635501,13.25558279976249,11.960947862267492,10.798257215321062,11.05211033821106,7.8132816582918165,11.42578950747848,7.6095733888447255,10.038354693911968,8.142660732939836,8.692438732087613,7.617690303921698,8.802281799912455,10.604667044430979,11.05094553679228,11.298454892635345,14.350162386894223,10.645638222992421,9.71123037338257,8.513528159353882,10.39571159482002,11.511952993273738,9.279780567437413,9.865152184385813,10.707916618511083,10.630264533590523,12.190577131509775,11.021201219223439,12.161050222441556,9.717479754239323,11.167652988433835,8.844529457390305,16.66524856090546,9.019506457448005,9.94628199785948,10.636684030294417,9.825442938506605,11.047794373333458,11.711884847283363,10.548150550574064,11.332115672528753,12.239543674886232,10.539886997640135,8.758485911600292,12.457313255965706,9.252394439280039,11.863744939118622,11.41806967314333,13.112959264963871,10.379069119691845,9.411624591052531,10.2341760315001,9.457320743799206,10.416790231689811,9.41378066148609,9.478273192048075,9.938871525228018,8.743704076111317,7.620410902798179,10.902594131696969,9.191958610713481,13.670444574952128,7.477014657855039,6.636956810951233,14.560069572925565,13.289304859936234,12.58560727238655,12.389582636207347,9.889913900196548,9.987680200487375,11.706904310220848,10.09267980754375,11.060549747943885,9.74800961092115,10.370996051095428,10.969116557762035,10.811110512912274,8.878884670883417,10.469583894684918,12.655593137443063,10.692720457911488,8.870359784364705,10.658472670614717,9.078227289300417,9.743756294250485,13.527485543489453,14.772295916080475,11.449945172667505,11.728126476705075,9.639647252857687,9.483307921886441,11.2057473346591,10.495163419470188,6.652679485082629,11.839402101933961,9.243658098578448,11.722502747178078,8.378428119421013,8.126356116682294,11.891922968626025,12.268787928298114,9.472849679738284,11.717629146948456,12.134740173071616,9.978871685639024,10.00918208956719,8.651372118068688,11.372568458318707,11.859372387174513,9.914318714104596,10.739628159999844,11.432832483947276,12.7741803905461,8.650360696017742,10.119105115905407
2048,13.847066605091097,12.835803455114368,14.574114823341375,17.438223981857305,14.63993909955025,15.390384411811832,13.537160629034043,12.215779286623015,12.833997976779937,12.68875128030777,10.71922437548638,13.21065765619278,14.508787322044379,12.532617187500005,14.206813555955886,13.724177706241614,13.669083428382871,13.643070685863497,13.045676052570343,11.287627232074744,12.883073508739475,14.530706763267522,15.141986155509946,14.781698036193854,16.310997283458715,16.377933955192567,10.407604476809501,14.931305897235873,16.29940872192382,12.60092204809189,16.783652281761174,16.258614540100098,12.718652987480166,13.283004987239835,11.138385677337654,11.895525529980661,12.210782706737515,14.096888220310214,14.061132407188415,13.262148904800418,13.05440108180046,12.899852102994917,13.361407494544977,12.587561154365545,18.957455897331236,8.112476167082782,15.998060512542732,13.568492424488067,13.09974585175514,12.829781687259677,12.942222651839263,12.956911146640783,14.438219553232193,16.19517840147019,14.048788583278656,13.393440496921537,13.43674226999284,10.846797192096716,14.282523524761197,10.245194339752194,12.792425906658172,10.859483701735737,11.886211532354356,10.715412616729736,11.763067543506626,13.344681733846667,13.768055832386016,14.187494421005255,16.60946991443634,13.36149506568909,12.269609451293949,10.988635626435283,13.278907650709161,13.822819626331329,12.097718888521195,13.01115236878395,13.333936244249344,13.265809035301208,14.5774972319603,13.38449538946152,15.33851174116135,12.216851043701173,13.888057589530945,11.306369513273243,18.974927139282237,11.686582064628599,12.718243712186812,13.229668414592748,12.678112840652467,13.480998182296748,13.956923127174377,13.031966286897662,14.132098853588108,14.388162076473236,13.375859540700905,11.528531223535534,15.233956992626185,11.785099345445634,14.681941926479345,13.967540216445926,15.748055326938635,13.327272975444805,11.96101311445236,12.786573338508603,12.041570645570754,13.502312996983534,12.36401046514511,12.368499833345414,12.38768609166145,11.36301863789558,10.583046072721483,13.372892713546756,12.346504193544387,16.388979852199554,10.01641464903951,9.605522897839549,17.216482305526732,16.14970233440399,14.504870486259458,15.1804808139801,13.103602007031446,12.64027164578438,14.468605142831802,12.918402659893037,13.41431094408035,12.206610238552095,12.96210689544678,13.896722257137299,13.409384244680407,11.79030044078827,13.027545899152761,14.923968017101297,13.58465071320534,12.078446102142328,13.679033112525948,12.076496195793148,12.428124958276744,16.32432335615158,17.09621794223785,13.829612231254576,13.990084779262542,12.424912583827972,12.177340674400329,14.10785856842995,13.65353784561158,9.452531029284,14.771823126077658,12.45694611072541,14.456683528423307,11.521525999903684,10.980383598804476,14.224272239208227,14.995060634613036,12.474776166677477,14.084545981884006,14.371763873100281,12.953126737475404,12.624673986434937,11.128578460216525,14.21937735080719,14.669764530658721,12.996347673237324,13.613120150566099,13.903488337993618,15.874743229150777,11.258347296714788,13.305999004840851
2049,11.177003598213194,10.2095555556938,13.77996731698513,16.899768739938736,13.756731696240612,14.351811526715759,12.84463188778609,11.30226631909609,9.89285162873566,11.789139819145202,9.001308268308643,11.707347765564915,13.818398830294608,12.258012410160159,13.512132576666769,12.965182831510896,12.14571597836912,12.24458341896534,11.490638270974166,8.729816509969533,12.329402975109407,13.04906282424927,14.511422161757945,14.07090393900872,15.591312295198446,16.33918806910515,9.608838675916202,14.187659083306794,15.58738966584205,11.077224449813366,16.384811049699778,15.561350929737088,12.092774961516259,11.70034107789397,9.28907818198204,11.286141762137412,11.20183357149363,13.89987951368094,12.118886768817903,11.788002319261436,12.20547310933471,12.14667956084013,11.872531372681268,11.808966882340613,18.347211456298837,7.281374958157533,15.31767132878304,12.170660863653755,11.422968607023362,11.188152006268504,12.109266012907037,11.510405050963167,13.646284347306931,15.828591189533475,13.395578089356423,12.341143966466195,12.448532868456102,9.132495725154877,13.340323092788461,9.398082966357462,12.02941305488348,10.04632943496108,8.921462474763395,8.111576198041439,9.964730310440071,11.706925570219756,12.231752239912755,13.516427775472408,15.905354475975036,12.696964937879233,10.936727950721984,10.114915090799332,11.70315764248371,12.426111298799515,11.429667606949806,10.083285762369636,12.05022769700736,12.363750883936882,15.249916654825217,12.044657512009145,14.398260285705337,11.303380951285364,11.773805717006326,10.53239505141974,18.362048733234406,10.006539455801253,11.03869653493166,12.942229549679908,10.94188613332809,12.003832088410858,12.581144970655442,12.20050009489059,13.702379877679054,13.689571592211726,12.786513960035514,10.666758473217492,14.560416600108146,10.906061939895157,13.933760591596368,13.097655387781561,14.930695219710472,12.708081811759627,11.046674880385394,12.024469921737914,10.980932512879374,12.623726749420168,10.788504535704849,10.598495408892635,11.536521826684478,10.43716312646866,8.797070917487149,12.477981255203487,9.433339184522627,15.593164151906972,9.20102688893676,8.271846395730964,16.81291934251784,15.294119410216808,13.90247597694397,14.392701644729822,12.342927265167242,11.185746623110019,13.625106630474331,11.307496124133465,12.600797445513315,11.457932266592982,12.066720303148033,11.398161255568269,11.848782467725687,9.959857729077346,11.771278741210697,14.124205279350281,12.959665986895567,9.069966219738129,10.898644115775825,11.461605247855186,10.806870338320728,15.48140435509849,16.41342535018921,12.481321468949314,13.226209251396364,10.729561284556986,10.544560525566343,13.305313410423702,10.733805530518294,8.60076123774052,13.978361063450583,9.488413228839635,13.75425411015749,8.60568108148873,9.508895725011827,12.881032043695452,14.3364254001528,11.843059784173965,13.341118303872651,13.649970126897099,11.177051082253458,11.639935573935507,10.256466284394264,13.521520200558012,14.117129414394736,12.160173398256301,12.995835009217268,13.054179485887289,14.96340351896362,10.560359089076519,10.399218156933783
2050,12.838036370277404,11.739843055116946,13.721307742595675,16.841466856002807,13.531392268091443,14.064771571755418,12.47183669656515,11.558277104049923,11.743282981216911,11.954209754616024,10.41335453391075,12.249636769294742,13.757818013429642,12.226947077363734,13.108931422885505,12.677852497622371,12.57152208983898,12.730105143785481,11.981119854748252,10.395158541388813,11.780882176011804,13.520426046848296,14.16359053216874,14.037447655200959,15.37059699296951,16.14138135910035,9.750547875463962,14.107306098937986,15.347176873683917,11.592173683643344,16.199190855026252,15.303829228878026,11.715616674348711,12.16889645308257,10.861648804694415,10.760066193342215,11.542999436892563,13.610536736249921,13.032716792821882,12.245873787999155,12.06532648652792,11.874898410588504,12.338546596467499,11.912294316291812,18.181760549545288,7.189253714680672,14.958367264270787,12.631955766677859,12.04528726239223,12.552308583259585,11.806894633173942,12.656702351570127,13.383857787400482,15.528676066175112,13.29938122034073,12.901463502645493,12.582414337992672,10.563630924373872,13.172655382752424,9.512756708264357,11.747947523556658,10.108652251958846,10.800542447716007,9.846290583908557,11.502078024297955,12.24920029491187,12.615036065876481,13.081019592285159,15.771043443679806,12.393790444731712,11.44874764150009,10.355474074184897,12.086686541140077,12.920274978876117,11.036613255739216,11.95177940577269,12.31753958277404,12.294006654620173,15.574471855163575,12.45756044387817,14.074889409635222,11.555166669189932,12.872148007154461,10.660420081019407,18.148012018203744,10.659359472990038,11.657437675446273,12.881110428273677,11.574592699855566,12.553326743841172,13.086998671293259,12.122101451642811,13.364849823713309,13.631080251932138,12.267613191157578,10.737469866871836,14.237716251611712,11.142471544444557,13.629121192544698,13.050341545045374,14.725756859779358,12.165343790873886,11.310076611489063,11.859218857437375,11.375264535099275,12.331893487274645,12.069159547612077,11.25338746458292,11.742593889962887,10.6634300261736,10.234097974747417,12.452549440041185,11.238859090209006,15.333866542577747,9.335068851709375,9.144333788752558,16.628974461555476,15.017743152379989,13.828614115715027,14.158219784498211,11.892530307173725,11.685569114051766,13.43742145225406,12.651629078388215,12.575828337669375,11.314335614442829,12.244564028084277,12.870468968153006,12.388734284043316,11.12828920204192,12.216541554033752,14.101978194713592,12.431423691380772,11.022253426164385,12.6431413590908,10.917367699742318,11.408866639435294,15.214324206113812,16.187167370319372,12.840698909759515,13.19218990206719,11.365956606343392,11.135663829743866,13.058351760730156,12.565187361836431,8.716331458091735,13.69236634839326,11.353284275531774,13.507109189033505,10.446338424086573,10.555022283643483,13.248323184251785,14.088598802685741,11.303811955451971,13.251563620567321,13.558931988477706,11.733712190389628,11.983970341086392,10.473586864024401,13.11153198257089,13.769333457946782,11.856577488780026,12.567303718440238,13.005360992252829,14.640410560369494,10.4999532289803,12.208374348282813
2051,9.609637010097506,8.083825830370186,10.264808407239622,13.568869102001191,10.298652544990185,9.736148304957903,9.226045113615694,8.053949224948882,8.121316289901735,8.461295369081196,6.550595314800742,8.651473697833714,10.560471835732455,9.004230728372933,9.740735796466478,9.313236146792768,9.038331474363805,9.461498782038692,8.217276552692056,6.9173768473789154,8.518168322369455,10.347696852684019,10.574452479183677,10.950760406255723,12.129957926273354,13.241002833843226,6.339775089919567,10.70758218243718,12.272576206922537,7.88030744896969,12.818194431066516,12.375628921389577,8.376792775839565,8.397652675211429,7.202861338853833,7.32945801317692,8.040632147341967,10.384743969142438,9.80734615772962,8.655752420425419,8.489888139371761,8.538071463792582,8.598349015973508,8.536279270844542,14.625190460681917,3.26471164778341,11.442522376775742,9.018355739116668,8.220448908209807,9.127688735723497,8.352973754704,9.174754333496095,10.087504023313532,11.551600189041348,10.183971908688552,9.826859453320504,8.995116241276262,6.970819802582265,9.252877959609034,6.0103452689945716,8.22321948409081,6.5286349140107705,7.140491809695962,6.2604988066479565,8.05114055424929,8.341548131406311,9.013147494825542,9.81031958013773,12.607605576515203,9.11725865090266,7.783369064703583,6.91830411478877,8.099805672094227,9.736361396312715,7.597629486396912,8.372294010221959,8.524738744180647,8.370611557364468,12.754845774173742,9.10841477476061,9.958648036420346,8.10309118963778,9.592109367297962,7.330518973246217,14.37089966535569,6.91065352708101,7.735873174667359,9.581379973143338,7.5499316461384325,9.150405982322994,9.989213010668752,8.397787338355561,10.03536135833711,10.363422799110415,9.001862821355457,7.121356052532796,11.120982304587962,7.715217958390717,10.410602964833375,9.240798897109926,11.107734197424724,8.894266616925599,7.843947643041611,8.349297888483848,7.844949446618561,8.880152778700001,8.589894041675146,7.17448671013117,8.379589222371584,7.194237199285998,6.826260318979621,8.76713680485263,7.651758361235262,11.819649404287341,5.879537068307394,5.479791311919687,13.150385260581976,11.326613385602826,10.897238743305206,11.072852718830116,8.256425506621598,7.947776294127108,9.723654969211202,9.385464563593269,9.020435509085655,7.75286167440936,8.775317327864473,9.414432103186845,8.675327309675046,7.558779303357005,8.640423829108476,10.723725615441804,9.192768424749373,7.297947960346939,9.25588170215487,7.540132034569983,7.58517072536051,11.583615967910735,13.206035494804388,9.62688200622797,9.784566973336041,7.415862155705696,7.279498087428509,9.725326270610093,8.95933996811509,5.163354101777074,10.408465803787115,7.689438731968401,10.316198866814377,6.833454459160568,6.962955465912823,10.120944392681121,10.855328749120238,7.934958953037859,9.66876882575452,10.129150995658716,7.546270374441517,8.473312085401268,7.08359546661377,9.834189429134128,10.435558460652832,8.316818779706953,9.267563214153052,9.342730069160462,10.565632565692065,7.238134219869977,8.627263566106558
2052,12.346828520298013,11.207203322649006,13.566561812162394,17.52391110658646,13.344163277000188,14.064603203535086,12.418480211589484,11.246937137842178,11.18771816268563,11.544740995392207,9.78319699913263,11.927173179388046,13.634398192167279,12.050922909379011,13.173438495118171,12.611229124564122,12.146113558113576,12.484681582450861,11.59063575565815,9.912593251653016,11.857033221051099,13.611437964439393,14.461452129483224,13.894816607236866,15.46961534023285,16.26927059888839,9.44339896291494,13.955578440427782,15.502762484550473,11.236385627090929,16.936299824714663,15.41559864282608,11.732533851638436,11.72619162797928,10.26123533798382,10.842969912802804,11.205347099155189,13.708140760660168,12.710528045892719,11.907693522423507,11.85984486788511,11.746010732650756,12.00632896460592,11.63641102537513,18.577067422866822,6.85511677898176,15.149085152149201,12.299915197491652,11.673480751365423,12.096281101554634,11.70611946284771,12.139340157806878,13.217097848467535,16.457521748542792,13.25825669169426,12.597956895828249,12.304634926468133,10.001838552020493,13.038344044610861,9.202556118182839,11.62212430555373,9.829840544797477,10.245900646643708,9.32904972732067,10.977942202985291,11.768890608847137,12.186612714827055,12.980837640166285,15.945827388763433,12.254608066193757,11.084389305859798,10.036065237224104,11.608139585703613,12.696006542444232,11.022993282973768,11.399116648733616,11.94061155356467,11.93597241044044,15.40716361999512,12.22656319737435,14.108543503284455,11.195507036335773,12.499084198474884,10.38717519165948,18.56307969093323,10.288576173363259,11.297604595124728,12.710047873854647,11.17919283015653,12.290251642465597,12.865591287612919,11.811012932658203,13.451793186366558,13.54262615442276,12.271630275249482,10.482270928844807,14.296025723218921,10.836865993216632,13.431306329369544,12.775985549390317,14.707751762866973,12.188357202336192,10.977483283542098,11.720590522140267,11.033022684231408,12.20657499060035,11.556693502515554,10.849747958034278,11.420847683105968,10.33501950763166,9.742743027582772,12.144955174252395,10.684432714432472,15.327187669277194,9.019326786417523,8.60432501733303,17.3992973923683,15.114896863698954,13.834618020057675,14.092174261808399,11.951787104830148,11.29387285038829,13.411393409967426,12.219781450927258,12.381752459704876,11.177791151404378,11.950018822401772,12.432773923873908,11.965278051793574,10.673903267085553,11.871778251603246,13.9330767929554,12.42761349957437,10.448731128312641,12.146398800611493,10.979801990091802,11.048381597548723,15.34500797986984,16.413061571121222,12.577099919319155,13.0377492427826,11.008318835496897,10.750941012054678,12.953664792142806,11.99163697063923,8.38080086410046,13.497144197858876,10.793833572044974,13.497695392370218,9.906767196860166,10.069948251917959,12.92015311121941,14.161693724989892,11.373882135003809,13.065137088298806,13.450439816713336,11.188076884299516,11.628692960739142,10.141341245919472,13.008260307088497,14.057702478766448,11.772903804271486,12.618511434085669,12.73656700197607,14.713173574209218,10.285975923761729,11.623918920755385
2053,12.754932728409774,11.703885531425481,13.828745631873607,16.62519806623459,13.521157823503017,13.983628018200397,12.491986978054047,11.39210198074579,11.656618845462804,11.8065341502428,9.391716995835305,12.254594888351857,13.894596222043035,11.920201808214184,13.117151373624798,12.693752151727683,12.57886484712362,12.716671198606488,12.005389183759686,10.086041522026063,11.842266364954408,13.327603071928019,14.107221306487924,14.160855901241302,15.369974207878116,15.799964901804922,9.599913874268537,14.253158460557458,15.300238120555884,11.61664479970932,16.044476562738417,15.267010691761978,11.733369839796797,12.186713916063315,9.892467790469526,10.800749222934247,11.364725268632178,13.390394465625286,12.963886910676958,12.267545998841525,12.160909690707925,11.870797107368706,12.396219892799857,11.753183585219082,18.138146233558654,6.9938012860715375,14.894633433222776,12.67819086685777,12.042947342991834,11.707634114287794,11.812723982334136,11.753268739581113,13.386180275678631,15.354218837432569,13.373070037364958,12.38933872878552,12.694383743405345,9.628830625116823,13.217810772033408,9.348861517012121,11.823869272321467,9.950956772267826,10.702037911862135,9.558821409940723,10.587355792522432,12.279718777537349,12.608696513343604,13.118673703074458,15.715763461589813,12.36857786849141,11.393959956988692,10.203252941370012,12.129756092838944,12.892091226577751,11.082384815812109,11.871343275904657,12.391921688616275,12.460457026958464,14.736242437362668,12.472871285676959,14.005011637136343,11.412125837802888,12.803996393084532,10.496108122169975,18.092926824092867,10.673793427459895,11.658758831024176,12.61038188636303,11.572994199395179,12.530629828572266,13.064500468969348,12.272574321925644,13.243744787573814,13.740089061856267,12.329919921047987,10.598475039005278,14.22932623643428,10.965517634153365,13.65617863237858,13.217358346283437,14.769509132951498,12.18970326371491,11.134997892379761,11.955214935541147,11.188570523262026,12.324281606078147,11.176897835731511,11.253077056258915,11.594098126143216,10.472002491354946,9.408045914769176,12.588443903625016,11.175600486993796,15.250538781285291,9.168408502638348,8.39830961972475,16.46057114899157,14.963654731400306,13.90080716609955,14.136974433064463,11.901434361375868,11.649417132884267,13.44907842874527,11.825289055705074,12.717442670464516,11.441447615437216,12.100045611988753,12.807278388738638,12.409615045785909,10.719354547560211,12.13820521235466,14.228065913915634,12.486077747121454,10.93966137245297,12.560657264292248,10.942304752022027,11.410778789222242,15.158527024090287,16.11257584095002,12.833070269227026,13.29723042324186,11.36658735796809,11.152612211834636,13.062572455406189,12.50672056302428,8.391492489166563,13.687048286199575,11.256363672018056,13.513218098878857,10.360801311209796,9.920760570466511,13.239296483993533,14.060631379485127,11.333437387645244,13.40374369472266,13.697612635791302,11.765261617302894,11.780470678582786,10.327196434140209,13.157035381346947,13.702130293846128,11.870949197560549,12.571357045695184,13.151606100797656,14.587776783108714,10.304264611005785,12.150483796000488
2054,12.69179323315621,11.390563090145587,13.641044712066645,16.95861351490021,13.878709715604788,14.100003781914717,12.874007552862171,11.41897486746311,11.55465388670564,11.831759259104729,10.39897294715047,11.5442740380764,13.683489978313446,11.987664866447457,13.457372140884397,13.081468409299855,11.816988772153858,12.132724916934965,11.200527518987661,10.333983932435512,12.202035665512089,13.033812761306768,14.427288323640818,13.990595257282251,15.42405948638916,16.150782930850998,9.599547343701124,14.034440505504605,15.402918624877927,10.86476877331733,16.29321734905243,15.64310793876648,12.069411557912831,11.372189781069755,10.854267972707747,11.17673767507076,11.325802749395374,13.700198280811303,12.660740482807162,11.515584421157842,12.146313691139222,12.197736579179768,11.669158202409745,11.782983869314197,18.211605763435365,6.9690237507224095,14.973643445968637,12.031245332956313,11.294597402215,12.633424282073976,12.217376774549491,12.664106297492978,13.724023091793061,15.692285895347595,13.206513464450836,12.863413572311398,12.351822197437288,10.590662157535553,13.148975202441218,9.351110610365865,11.928773239254951,9.960509417951112,10.606767593324188,9.753203414753084,11.54322216510773,11.424438896775248,11.856975156068797,13.41154842972755,15.75779287815094,12.597894704341895,10.964348113536833,10.216255135834222,11.349481669068336,12.355931162834167,11.34000012874603,11.748871725797654,11.791798236966136,12.143021468818194,14.935641837120063,11.814399862289438,14.10802603662014,11.41643776148558,12.532238888740542,10.513092496991161,18.183323931694037,9.959152862988415,10.886264714598656,12.656975841522216,10.773185478150845,11.934882402420042,12.540530920028685,11.967157694697383,13.613408291339876,13.519474685192108,12.672758489847183,10.687117379903793,14.557826232910159,11.00225577354431,13.93795174360275,12.919928881526005,14.716194546222692,12.551172721385957,11.153629067540177,11.970039144158362,11.18682230710983,12.732121396064763,12.10634482502937,10.441939079761504,11.611039182543758,10.513762257993221,10.290257677435878,12.364153179526332,11.046302346885197,15.295078814029697,9.16359398066998,9.023962997272612,16.719582033157348,15.06230770945549,13.752932751178742,14.495817148685456,12.285752701759336,11.052658197283744,13.445308256149294,12.735140109062193,12.493112409114834,11.337841254472739,12.159223097562782,12.608794182538986,11.621184903383254,11.002220302820206,11.780109483003617,14.028784668445585,12.803079652786252,10.81065913289785,12.498728811740879,11.33815483748913,10.664335912466052,15.256605005264282,16.259642410278325,12.219877374172214,13.052255910634992,10.591930572688586,10.380711476504805,13.455506616830828,12.345119637250901,8.535539284348491,14.003487545251847,11.159536075592042,13.896532452106475,10.274270246177915,10.477950051426888,12.607991111278531,14.371675276756287,11.735297486186031,13.114205479621884,13.455190134048461,10.841959245502949,11.81596103012562,10.336556078493597,13.493129277229318,14.028682923316959,12.270983049273497,12.909027034044271,12.88938096761704,14.675619173049927,10.345575529336935,11.983597826957709
2055,11.57852742671966,10.315646317973728,12.302515012025832,15.00074418783188,12.317480581998824,12.21352520175279,11.301246762275696,10.169646051526069,10.321880356967455,10.46845039650798,8.352782282978298,10.850766345858581,12.441126543283458,10.875081327557565,11.933726562559603,11.468749921023841,11.143630623817444,11.501476877927782,10.487980846688156,8.933971393480894,10.653303720057007,12.716980624198914,12.522108253836635,12.761483895778662,14.05954715013505,14.824610382318497,8.392699955217543,12.682073390483861,14.090302121639251,10.13234112635255,14.268511688709259,14.358479577302935,10.548557178676127,10.650649717822672,8.898886360786857,9.567842550575739,10.11704532653093,12.248487927368846,11.84123733639717,10.84774375557899,10.60592336282134,10.632748955115677,10.890544451400634,10.59030524562113,16.48590583801269,5.59920882359147,13.517117953300476,11.217043615877637,10.542210885509846,10.789964005351068,10.538225195929403,10.84338907971978,12.138108935952182,13.216362477838995,12.06950294971466,11.541534736752514,11.08220851570368,8.65015250188299,11.484529136493805,8.093531891331077,10.367137270048264,8.690455169975758,9.337435415294024,8.333637642860419,9.654779327660803,10.6683755800128,11.163201090693473,11.868572030961516,14.581368434429175,11.152564968168733,9.975683719292283,8.989390135928984,10.437911776080721,11.749281108379364,9.764812809322034,10.54379176949151,10.73832445442677,10.57212851084769,14.196091163158417,11.201017892360694,12.30275897160173,10.124671031162146,11.625264054536824,9.34290882647037,16.356357121467596,9.182130931038412,10.113652418553828,11.533808727562429,9.97547480762005,11.269324076175693,11.953444826602938,10.494079158082608,12.063756623864176,12.300004112720492,11.10827987194062,9.312773095816377,13.172960925102236,9.792648616433146,12.395570752769716,11.411040322855111,13.199404859542843,11.00022867619991,9.914574357867235,10.47089819461107,9.932074885070323,11.058567603584375,10.26544450912625,9.621211274899546,10.369189280271529,9.26403642073274,8.46460223421454,10.858920748159296,9.84004686996342,13.810931158065795,7.9501247059553934,7.326276818662883,14.632039034366603,13.47294155061245,12.699231350421908,13.059239444136622,10.61334383953363,10.185812527127567,11.798096250649543,10.964619844499971,11.087192645668985,9.871906530112025,10.883075308101253,11.554950505495068,10.900536892563098,9.546234557777646,10.808797583729035,12.696262389421465,11.275918455421923,9.539411950111386,11.339012521505355,9.724034611135725,9.896853676438337,13.712798112630846,15.024498307704931,11.618222302198408,11.788812938332558,9.801550716906789,9.59603003608063,11.84512391537428,11.175875360518694,7.234896434843543,12.43086376190186,9.903783580660825,12.395697237551211,9.018405603244902,8.813703680410978,12.026169759035115,12.698314105719328,10.127450673235582,11.741318041086197,12.147150439023966,10.012665345519782,10.541718394309282,9.078468549624088,11.90675656944513,12.249209003150465,10.575584876537324,11.287369182705882,11.428344777226453,12.919104050099852,9.249296714365482,10.768416139110924
2056,10.639924371242518,9.338032440654938,11.558040758967405,15.163775229454043,11.662644931674004,11.180213950574405,10.606935118511323,9.297210816480227,9.264802967570727,9.679207172244789,7.148791480623184,10.183355067297818,11.779475498199472,10.113321322202683,11.18083031894639,10.750726879388095,10.521829785406592,10.858503186702725,9.808077732194217,7.844848038256172,9.914937519282105,11.635507583618166,12.189372210297734,12.13121933937073,13.248236972093585,14.519426870346072,7.545689467270857,12.004339107871058,13.311937916278836,9.466712065413597,14.457038366794588,13.65182424783707,9.766623650491242,9.977716889220762,7.724230463989082,8.789601114392283,9.2709424585104,11.790545172989372,11.046118533611304,10.17053979532793,9.885675861593342,9.917516006343067,10.196692450344559,9.724774296581742,16.588883328437806,4.632610787451267,12.691975295543676,10.540431282576174,9.863307261466979,9.728075872361664,9.824804604053499,9.81872841697186,11.474849840998655,13.51798371970654,11.354714959859846,10.638303261995322,10.383932778425518,7.4978828493505745,10.635447113215927,7.2380793394055205,9.63347048759461,7.798515240475538,8.27026420645416,7.244548138603572,8.535373320430516,9.992582590132956,10.537844565510758,11.172478959709407,13.865984046459198,10.415382255986332,9.252318273484704,8.125304336845868,9.757243067398667,11.11587269306183,9.006346201151608,9.50932633243502,10.056440977007155,9.84308633506298,13.485140049457547,10.531272956728937,11.33711811974645,9.299672731757159,10.798905605077746,8.49393356889486,16.489527773857127,8.480791344773023,9.40919014982647,10.754522974416618,9.266535551100969,10.606488791108127,11.331802290678029,9.789009320363409,11.488973414152863,11.593755045533182,10.399260327219965,8.438598309829835,12.45256421267986,8.908504410530448,11.752761166915308,10.679429319128392,12.374497860670088,10.25924500823021,9.049432622082534,9.757259822264313,9.08634335547686,10.347774790972469,9.197758672852068,8.914995110034948,9.55549304243177,8.378031006455421,7.357418065518142,10.149262407794602,8.774734193086625,13.021948671340946,7.080857281759377,6.283994845114651,14.884646821022026,12.547907790541654,12.008682864904399,12.386788043379777,9.813322443701331,9.46291005536914,11.094735608249902,9.937316970340913,10.357633764296775,9.130850450694554,10.01693794392049,10.621055099368103,10.236124890297653,8.530267800390721,10.026912175491452,11.996842256188396,10.556916755437852,8.476471843686882,10.338553261756896,8.968785867094994,9.211792400106795,12.814364606142044,14.22624704837799,10.986882728338243,11.060509604215627,9.097376981377598,8.92702473010868,11.151341694593437,10.118750478886065,6.299119697883724,11.77199926096946,8.830500454455615,11.693233966827394,7.952468143030996,7.749805837823077,11.441214269399634,12.26781549155712,9.361560099478805,11.018734238296746,11.458494602143764,9.30405665980652,9.662194036692386,8.273766200244427,11.230551959574225,11.907037630677221,9.831997937709094,10.666226556524645,10.716034163255241,11.945526290684942,8.384951188042761,9.786143413931134
2057,10.623853417485947,9.328231316618623,11.888777046930045,13.326744771003721,10.97016567271203,11.138425034284591,9.92805128432811,8.890348423272371,9.245536580309274,9.226135139167312,6.180875010043382,10.193448278214785,12.069683186709879,9.453457340411841,10.469330520927901,10.044689558725798,10.53029621876776,10.893139415979384,9.811181725561623,7.607569444924591,9.234523002803327,11.710790652036671,10.85533341988921,12.418989875912667,13.3133972465992,13.376522576808938,7.156314060837031,12.282389523088934,13.272157317399978,9.479172285646198,12.589144122600553,13.0627992451191,9.111206585727633,9.986341306567194,6.83453176319599,8.067243932606651,8.911519090458755,10.737502346187831,11.06487271785736,10.18809552565217,9.877564476430411,9.262555668409913,10.240924064815044,9.348648634925482,15.44396194219589,4.1663734912872314,12.568767234683039,10.571911366283897,9.86526908278465,8.824851215817034,9.10221372060477,8.862617068178954,10.784029249101874,11.177080339193347,11.665219782292848,10.049547162652015,10.655394974350925,6.622158607840535,10.808585457503797,6.814603707194332,9.411483801528806,7.354752178955823,8.257045920193193,7.005845539271834,7.703191033005716,9.99070790857077,10.54869892150163,10.485513012576849,13.727986955642706,9.839072005823255,9.079769553709768,7.726116410153918,9.821727470308545,11.138404029607772,8.557754803448924,9.490968779474496,10.208992658555506,10.213256405293947,12.450868213176735,10.568724219501018,11.270349102560438,8.876738296449187,10.809672862291336,8.121309040486812,15.2299509882927,8.488933739811184,9.41427502036095,10.11326405517757,9.267518321424724,10.627893802523609,11.365324884653099,10.135771200060853,10.551487425947565,11.900392335653304,9.707529321312903,7.9461729809641835,11.809376475214961,8.532665101438765,11.069908360484987,11.026523524522789,12.480161414481692,9.591581738367676,8.646015596389773,9.644579257071019,8.707163723185658,9.625081651099029,8.27698569893837,8.917050019651649,9.1487742818892,7.9831966608762714,6.588595597445966,10.517743012309081,8.76393173895776,12.94113833010197,6.686426254361867,5.51222928464413,12.85453898906708,12.519158752635125,12.294205015897749,11.752650055289271,9.04369536555605,9.388762191683057,10.990929123759267,9.07855808660388,10.687258163094523,9.277519893646238,9.597526951692995,10.612664347887042,10.247919671237469,8.084817030839623,9.850783900916579,12.320731025189167,9.875978964706883,8.437643371522425,10.327433854341507,8.269484319724144,9.21928349584341,12.76490127482684,14.213269257545477,11.026833111047747,11.378350120782851,9.10569543261081,8.939290003478526,10.447148192673929,10.094882097095251,5.827462002169334,11.06876847334206,8.814677081629638,11.028741458058354,7.94084695503116,7.08696824673098,11.466031056642533,11.25509612113237,8.664825314551129,11.346409940719607,11.744320142641664,9.302239937335251,9.27172572594136,7.856076346104961,10.533994855545462,10.701912950724367,9.085598665475846,9.839983047009447,11.068382275104526,11.87270809412003,8.03998664277606,9.716241978481412
2058,11.730403244495395,10.659227513149384,13.56712158918381,15.368987393379205,13.38465739544481,12.600919198989873,12.405816412437705,10.736235300824045,10.521413830295213,11.103487230278551,8.202981269359585,11.73099331855774,13.614774721860892,11.181846559047706,13.104348610155293,12.573581331875172,12.045541608333586,12.299209219217294,11.447490953654054,8.999241431371775,11.823164203763016,12.813857245445258,13.43417099639773,13.872590249776849,14.594330394268042,15.199926847219468,8.970001191552731,13.879399406909943,14.387033307552334,11.045869750902067,14.659772193431854,15.273893225193024,11.623720074212178,11.62071272283792,8.696080598607661,10.788504046201712,10.71239391118288,12.932579103857279,12.379032969474789,11.757143759727473,11.852594115515247,11.66684408262373,11.863880628347399,11.152423359174282,16.532063782215115,6.353880162222774,13.876368308067319,12.148168802261356,11.463995897769923,10.7347916200757,11.706371416896584,10.806762655265631,13.23982449274627,13.683356454968447,13.206883919239043,11.755599555373196,12.282398787885906,8.500621930882335,12.378602228313689,8.704444678872818,11.619269333221016,9.33045130372047,9.548890981357546,8.430774496402591,9.48325724750757,11.661507490091028,12.077322641015055,13.011415215954182,14.85982449054718,12.100865467265248,10.742118535004554,9.545783862471579,11.532505143713207,12.524753868579856,10.991890262812374,10.713866264373063,11.882058604061617,11.982361710071565,13.511446997523311,12.038578200340266,12.701795135438442,10.687293417844922,12.0891483604908,9.89367133426713,16.38737381696701,10.037943010032178,11.085064065596088,11.905360281094906,10.97068339167163,12.087620621919635,12.69130707979203,11.855753428861492,12.988026719540361,13.505260390043253,12.279777584038676,10.03608559928834,14.195905947685242,10.333503678441044,13.490956375002858,12.784735903237015,13.939921689033506,12.177201536297797,10.477186149545016,11.710011252947155,10.521942449361084,12.241030253656211,10.174375911802047,10.62528043985367,10.92145115658641,9.821318362653262,8.364565444737671,12.166129947453733,10.026484140753748,14.115100014209755,8.534908882156019,7.450818260014056,14.991562891006467,13.803770554065707,13.777287626266475,14.05180143117905,11.891948723047966,11.052746953070168,12.623765421286233,10.901284885080536,12.379288180172443,11.16177825487685,11.500140391662724,11.8891544520855,11.834036517143248,9.739262466318909,11.532599544525144,13.89794450998306,12.437253179773686,9.728323544096208,11.504407007992263,10.958574654161932,10.82594708760735,14.035539621114737,15.29411348104477,12.433737838268282,13.021000683307651,10.778144562244416,10.537597407214342,12.938995906338098,11.354739066213366,7.767685830313715,13.529437548853469,10.110050001740458,13.41692917943001,9.21673834882677,8.913649986684318,12.808823800086975,13.587952888011936,11.343313968554135,13.068188410997385,13.431946986913683,11.081866970285777,11.097670140117412,9.65257095694542,13.0503208453767,13.12396882176399,11.772252234816552,12.369712046161288,12.744162346981467,13.300544729456309,9.847229214012623,10.930860103666781
2059,11.421852713823323,10.363816997408872,13.230900925397881,16.17193406820298,12.615761364018557,13.289992122352128,11.649716931674629,10.456079521030192,10.176012440025804,10.766983167314908,8.214210495352749,11.576471281796694,13.309691363573075,11.423794822068887,12.42632893472909,11.789143755286933,11.851223254576324,12.15819830298424,11.254449321795253,8.778384137898687,11.12043688520789,12.9872528553009,13.395284080505368,13.587879967689517,14.96634163856506,15.35324028134346,8.73195338174701,13.610869199037552,14.968514978885645,10.883203317597513,15.58240163326264,14.739527791738515,10.96544544994831,11.411731529235848,8.67220465987921,10.0589799775742,10.468213598430165,12.816805722564457,12.176519775390627,11.590397775731988,11.342492908611899,10.960130497440698,11.67380509153009,10.919416725775232,17.86448059082031,6.170491081476213,14.581569671630865,11.935531683266165,11.298193851858372,10.74836697429419,10.87253992743791,10.854539713449777,12.453776123188442,14.833028084039693,12.91762892603874,11.740865659713744,11.970680657029153,8.504121097922331,12.497650646883992,8.486002489179375,11.037303875759248,9.142109381780026,9.202082039415838,8.17723697200418,9.457887451350691,11.424095910042519,11.90253332257271,12.26650717100129,15.469374883174897,11.522514170547947,10.51630979888142,9.267855282127858,11.269703909754755,12.380690920352935,10.331242129020396,10.347029200196268,11.589681817591195,11.557803265750405,14.526310133934029,11.912837563455104,13.384704546630388,10.421681850031018,11.882506900280715,9.685668422654272,17.858600854873657,9.884130844846366,10.919997498765586,12.09460649751127,10.79365367442369,11.95845444649458,12.544989877939225,11.446297629363837,12.581561674643314,13.192730116844183,11.535819455981251,9.727897698804737,13.602100595831867,10.090216170996428,12.715413435176018,12.400973285920925,14.175203073024752,11.445233327895401,10.208871421590452,11.189315324276688,10.261247892305255,11.397021358832726,10.204936832003296,10.454591118148528,10.672651283815508,9.57862525135279,8.340146362502129,11.786836791038517,9.68759901151061,14.711858707666394,8.307768700271847,7.4084861285984545,15.988490653038017,14.458527082204819,13.504994595050814,13.389182835817333,11.134719646908348,10.844388920813802,12.796465589944273,10.920061504375195,12.037984186410903,10.727521841134882,11.177537571080027,11.620173031091692,11.618585569411511,9.571742402762178,11.311765591800214,13.577869260311127,11.71626750268042,9.34595999903977,11.187184905633334,10.20900409389287,10.68408716283739,14.716718447208407,15.889832782745364,12.296180996298796,12.703995406627651,10.625820463895803,10.380868351459508,12.152869291603569,11.001330795884131,7.638792194542478,12.75405812812969,9.774175966531033,12.71250510215759,8.881704794149849,8.800134458392854,12.646914792060857,13.27328608334065,10.595797249302267,12.699758955836295,13.11964468955993,10.833209103345869,10.843805816024545,9.39752356018871,12.26414546435699,13.040080532431602,10.936686314037066,11.808444263875753,12.36929405033589,14.012111803516754,9.724485104717315,10.591322195529939
2060,11.897012045979498,10.873706877790392,13.867982071638107,16.609989595413207,13.607251712679874,14.630154320597645,12.646379533037543,11.0054406143725,10.674572691880169,11.477874898910517,9.393713148124515,12.11755565106869,13.893060159683245,11.86367654651404,13.314847531914708,12.793659663945444,12.485632304847245,12.628615075349803,11.883921137079593,9.371795138716701,12.081317213177678,13.425867527723307,14.205184383690355,14.16118295788765,15.765151154994967,16.16737334132195,9.260234017670156,14.256932389736182,15.813553154468527,11.471928089857103,16.00535249710083,15.460912770032882,11.863186725974085,12.071002715080976,9.767859762534496,11.044387865904717,10.98706796616316,13.665673047769815,12.628722327947616,12.166983661055571,12.17254785038531,11.93122936338186,12.263923474214966,11.438142523169516,18.519255018234254,6.7407310550101105,15.532401174306873,12.517962756752969,11.885407972894606,11.660918986052277,11.933000266551971,11.885925540421157,13.468356207385659,15.349994444847118,13.471188598871233,12.349436625838276,12.628387551754718,9.55312156938016,13.493977731466291,9.018268775963225,11.932894026488063,9.629904351010918,9.699860867857938,8.792035869508984,10.459735535085212,12.120444582402708,12.540547147393228,13.27013910487294,16.18939242362976,12.401207147538662,11.096350662410263,9.812776360288264,12.034419856965547,12.828411310911179,11.26717257590499,10.865024133212865,12.312183520197868,12.393832193315024,15.070449244976052,12.399039977043866,14.648524278029806,11.011526462435727,12.330842199921605,10.173656820133328,18.532326126098635,10.452098622545604,11.503607683070008,12.512536031194033,11.414252883195882,12.431890055537231,12.982730609178542,12.223162382096058,13.504486738471314,13.779061359167093,12.543110400438303,10.321610346250232,14.402133905887599,10.594582293182615,13.741571811959151,13.149672409892087,15.076630598306659,12.454812298715117,10.744139697030182,12.024573404341938,10.794228453002873,12.45216853320599,11.2163696564734,11.084427186567337,11.22706160955131,10.108830563724043,9.263748047500851,12.549262394011024,10.167485113441945,15.809637767076492,8.835788625292484,8.374483045190575,16.425293171405787,15.532043960690496,13.998945343494418,14.256884370744231,12.116665177047249,11.448585282266139,13.710671351104981,11.788163224048919,12.693205741047866,11.484554728027433,11.784542088210582,12.074629586935043,12.260006203502417,10.271613769233223,11.860641523078083,14.20292722880841,12.699540826678277,9.889815431833268,11.649381449818605,11.20257856962271,11.250468273460864,15.732154184579855,16.644608211517337,12.796237057447437,13.316515581309798,11.206323759257796,10.980625616759067,13.15462354794145,11.490860451478515,8.234892833232884,13.776438425481325,10.26889018863439,13.605818507075307,9.367462828755384,9.656513191014525,13.17919827699661,14.112743179500109,11.595782861486082,13.38668071436696,13.740260568261146,11.606073474884033,11.365178379416463,9.950687380507597,13.310959239304072,13.815253124758595,11.989079464107636,12.747946774959573,13.105897480249407,15.214950524270543,10.119972878694536,11.166969754919414
2061,9.535784870386125,8.314868515729907,11.481325907632714,14.11787847876549,11.634244702756401,11.49742705672979,10.690837725996973,9.119024177640677,8.164462346583601,9.457454072055413,6.596722534298896,9.44118166556582,11.716557638347146,9.827397949993614,11.29493361078203,10.832412270829082,9.7793649610132,10.190094908699397,9.048786916537209,6.96281616836786,10.069957369752224,11.176352989673614,11.727039932459588,12.045873844623562,13.47813200950623,13.95344411432743,7.407620229572062,11.925806406699127,13.601272189617157,8.70196373090148,13.39423778057098,13.702254442125568,9.900944954901933,9.201515936478973,7.16617416962981,8.966966955736275,9.043990412726998,11.444191685877742,10.211430202424527,9.474624652601777,9.802481972426175,9.94553113672883,9.496852233912797,9.582838477194311,15.950331640243533,4.499845884105886,12.958085522055626,9.880562956864019,9.023979205451905,9.245005672425034,9.910316577600316,9.306230809912087,11.52345966435969,12.22925907820464,11.32598711252213,10.370577055215838,10.1322071634233,6.9792991921305685,10.691934206523001,7.075053122080864,9.634477236494428,7.645587807148696,7.187502471357584,6.304206077754493,8.010462984815245,9.166308585926892,9.753192028962077,11.258390014246114,14.040639132261271,10.426093415915966,8.671616823226213,7.965741921961308,8.975215740781278,10.437960219383237,9.11634890232236,8.370205228030684,9.52445293068886,9.625095448642972,12.8711568415165,9.906182105839255,11.63612666763365,9.081346428208047,9.910189204732893,8.362629956379534,15.778949058055877,7.677955671399836,8.582673313468698,10.491438804566863,8.396971548534925,9.896516235172747,10.659677267074589,9.629024605080485,11.332372994162142,11.549491968005896,10.5248067304492,8.299563232064248,12.535233212262396,8.764508264511827,11.799614834040405,10.516494676843287,12.526462285965685,10.40578016191721,8.885651451349258,9.751979297772046,8.85139951519668,10.40241773240268,8.69988963566721,8.042428974807258,9.354822443332523,8.22370272986591,6.834804618731141,9.972312217392036,7.708408335596326,13.218885649740699,6.950237901601933,5.865044400840995,13.704199847579005,12.88411325290799,12.010288441181185,12.414424003753812,9.93452647477388,8.807502629607916,11.03799300268292,9.482926851511001,10.265718387439849,9.095955701917413,9.881065975129605,9.602614830434325,9.475704727321867,7.957437206804755,9.568552665784953,11.894414098560809,10.669371467037129,7.329632834345103,9.238297368399799,9.14205857999623,8.410514976829294,13.126442311704157,14.512151396274565,10.355766004323963,10.978189547359943,8.280273557826877,8.10754922516644,11.199172717519101,8.999514358025046,6.132415634021162,11.78995565399528,7.748216277360922,11.770062921941285,6.879284629970786,7.3594993067439605,10.796637815237043,12.035488580167286,9.528887473046783,10.924526773206889,11.38434684267268,8.412387175508778,9.498672701092431,8.085371249914171,11.308758569136263,11.537400454655293,9.905830995365978,10.66794599369168,10.553455283865336,12.273622262477875,8.31197242327035,8.553690365329391
2062,10.537972973287108,9.39849562328309,12.862870502471926,16.329717540740972,13.356982662994417,12.391729461215439,12.236941875517367,10.593544702231888,9.143784509971736,11.087602721713484,8.333128512650731,10.615680604428047,12.970168972015381,11.335798898339268,12.872667737677693,12.408039686456329,11.091914262995136,11.278305530548094,10.318177898973229,8.048459804523741,11.561013792734588,11.605096220970152,13.793573740124703,13.26692208647727,14.283470070362094,16.10182311534882,8.79035086520016,13.20912550985813,14.264765179157255,9.914435286633676,15.626077556610104,15.153785109519958,11.358228112570945,10.549524101614951,8.854956388473514,10.508238636702298,10.470701307430861,13.399550318717962,11.283359062671668,10.669741266965861,11.352711541950702,11.522427796572446,10.73422695398331,10.981294370628905,16.907710361480717,6.248106561601163,13.722613281011581,11.103364275395872,10.31058780401945,10.694998831301932,11.477002247795463,10.854922761023046,13.16334096919745,14.799573984742171,12.587682795524593,11.695489472150816,11.517763260006902,8.577750696986914,11.91943286731839,8.56551590971649,11.190365849435329,9.093980086967349,8.11621894836426,7.379551286436616,9.569494520127773,10.556763876788315,11.139805691689254,12.890397293679424,14.695276558399204,12.000566989928485,9.972194159030916,9.359835283458235,10.553384770452979,11.531688517332073,10.639053259696812,9.38796907588839,10.995777302701029,11.300538030080501,14.444489288330079,10.96552496030927,12.500246430374686,10.578159710019829,10.960455289483068,9.732030299305922,16.765575969219206,8.880444350838662,9.889304848946637,11.946962046623234,9.757010827958585,11.032524400949471,11.731692552566525,11.172966758627446,13.159777024388315,12.830398657917986,12.071865096874529,9.812194580584759,14.059279179573062,10.17857253402472,13.41852051019669,12.086217889189722,13.524257484823462,11.993028928805149,10.328937365859742,11.131639958918099,10.291634913254534,12.049497647956013,10.24061116054655,9.409010777808728,10.77393662780523,9.734371626004577,8.280820342898362,11.499991071969278,8.669860174879434,14.10234559774399,8.38831788264216,7.540093820146291,16.059100317955007,13.614322789390283,13.162702357769016,13.960859912633893,11.625105538964267,10.134589806199077,12.355758127570146,10.866327008605007,11.657121640443805,10.519351783394812,11.368460929067812,10.63399248421192,10.748066407442092,9.360298231244084,10.901626794133337,13.265609145164484,12.226587546989329,8.293650013208389,10.217109182477001,10.680281424522404,9.669523434806614,13.845599061250692,15.189608132839206,11.489509370923049,12.334489104151727,9.575490976870052,9.374400127679106,12.799391707032921,10.053564070910213,7.699553838372229,13.540807517617939,8.697414684109386,13.248512229323385,7.79264181405306,8.986379168927671,11.959088993072513,13.759552633762365,11.074452891200776,12.368694122973832,12.696097373962404,9.924163018539552,11.01190031953156,9.489811126887801,12.887874337378893,13.445156919956208,11.557207632809885,12.330286263534804,12.093603157997132,13.073471319675445,9.717459180206061,9.666477181017399
2063,9.929553917795415,8.616120896115898,11.023159047961233,13.63982222676277,10.260471982136366,10.5717395786196,9.288858807832,8.113085321802652,8.523861671239134,8.477658120170236,6.501497097313404,9.478407218307257,11.279949313402177,8.924560603499412,9.873217903636398,9.370619159936902,9.809983945637944,10.223682928085328,9.063229265250268,7.203947649896142,8.657692568376659,11.226534312963485,10.6423734292388,11.636457830667501,12.79846982955933,13.002470082044605,6.417668254859746,11.455693677067757,12.904135811328894,8.724200630490667,12.955624479055416,12.504741144180299,8.502538093924521,9.229045800864695,7.054133998230094,7.473138181865219,8.149625102058057,10.299749751389033,10.436213159561152,9.473293708264826,9.007344730570914,8.580125786713326,9.45997732579708,8.610229029972107,15.573345458507536,3.3922883361577965,12.208910727500918,9.800361227616667,9.086805743351572,9.115611835662275,8.399742604792122,9.274296580813829,10.096485084446615,11.68440968692303,10.922507005929948,9.93543429374695,9.768317550048234,6.882517613843082,10.028133253753184,6.075363390892747,8.622755900770432,6.614463639631869,7.5501606769859775,6.5568363532423986,7.89414599705488,9.20953959194012,9.808365929871801,9.86460177712142,13.386191594600675,9.188198461197317,8.298382137808948,6.959668564423916,8.967667126492591,10.501155728101727,7.8659116949886085,8.73756814599037,9.34835477988236,9.16820916039869,12.405043226480487,9.886793142557142,10.73700473234058,8.118129037320612,10.152151763439182,7.403408608213063,15.41339980363845,7.736092740669852,8.631872266344725,9.56406533968402,8.461775622330606,9.949837368726737,10.730288404226306,9.163948026299478,10.021147576719521,11.1018695294857,9.107886522449558,7.200399526732508,11.239662039279937,7.761026301770471,10.4147379193455,10.04008137937635,11.84384899735451,8.997627200745047,7.875416333694011,8.834838479012253,7.93578271339648,8.895819333335385,8.605238480120901,8.090737305767835,8.414010395109651,7.223966398090122,6.761980383843188,9.528063565865164,8.079491986334322,12.504582402110104,5.947236232459543,5.518793899752203,13.264222139120102,12.051154790818691,11.619072842597962,11.116490234434606,8.386579383909702,8.617674884200094,10.367201032489533,9.335480211861436,9.777132710628209,8.404637132771317,8.840000927634529,9.906298132240778,9.49410521276295,7.688383700884879,9.074731240049005,11.45909410119057,9.287404497899114,7.687739348248577,9.611505831032991,7.6630475267767935,8.459037655685092,12.330335354805,13.825248205661774,10.359672665596012,10.542261987924574,8.318013738095758,8.153121630474924,9.753478172514587,9.375707965716726,5.288395865261557,10.389261720515785,8.10613833591342,10.402437087148432,7.248760225251317,6.877772698923944,10.817744332551964,10.888425934477707,8.053193164383996,10.444350255280728,10.916271576285359,8.457728838920598,8.49428916983306,7.129017387703061,9.889297660812737,10.512851799279453,8.368744918704035,9.339052288606764,10.10492165833712,11.383943047374494,7.380871458351611,8.977063183858991
2064,13.434981992840772,12.567460110411044,14.56748392283917,17.736415719985956,14.20108164176346,15.311264419741923,13.247386235464365,12.375368085503581,12.416598852723837,12.736719422042373,10.520824108272794,13.365024377778166,14.509470695257189,13.076139792799946,14.005004441528579,13.41781719699502,13.73224894218147,13.776244223117832,13.214324561133981,10.904204528033734,12.721158704813568,14.695574355125425,15.141252546012401,14.740010637044914,16.39987580776215,16.825218069553376,10.634663163498036,14.895935598015786,16.410049784183503,12.766329239495104,17.173892784118653,16.077465438842772,12.594986905646516,13.408717857860035,10.820771759003405,11.71884240880608,12.337947243009692,14.405775704979902,13.95896329879761,13.446339569985863,12.81208113022149,12.652766646072271,13.541401299089193,12.800392074976116,19.050176405906676,8.330671854317188,16.23037300109864,13.713954257592562,13.19147543683648,12.750222493708137,12.57625632993877,12.962114775180819,14.069968128390608,16.739764600992213,14.145465660095223,13.482412880659103,13.385120772197848,10.63180473521352,14.172220630943775,10.402931709587572,12.591613647737542,11.072650106251245,11.44078308194876,10.35311498306692,11.487780441576612,13.491502031683922,13.801330882916233,13.898888921365145,16.835336256027226,13.23783179931343,12.393488998711106,11.16932128826156,13.289101959019908,13.950337260961533,11.932967970892781,12.58251323103904,13.355929525196554,13.06110274419189,15.748784983158112,13.5972626388073,15.323913911357527,12.338768908381454,13.73272876441479,11.525467137992385,19.11286730766297,11.775621369411237,12.856100895255807,13.788215824589136,12.784944542497389,13.628761896491056,14.061153602600097,12.894041159749033,14.195737390220165,14.443023711442944,13.16211503185331,11.648871505819265,15.040988403558725,11.951046545058487,14.310281389951706,13.818576882593339,15.754582875967028,13.095644379872837,12.094756847620014,12.681696017831564,12.122556965053084,13.106313183531165,12.267780713364479,12.472483817115421,12.548433784767983,11.474517048150306,10.36466152146458,13.19818317070603,11.936399625986814,16.342061698436744,10.219018124043941,9.560871049761776,17.644708025455465,16.202496749162673,14.636363255977633,14.862228894233699,12.860482573509213,12.783739890158177,14.433471839874986,12.826213017106056,13.372106383740904,12.164835002273323,13.06435752138496,13.633496919274327,13.560698369145399,11.60302469357848,13.182900258153674,14.836715736985212,13.345530308783058,11.63259646520019,13.273125547170636,11.877354385331277,12.565586929023267,16.422807246446617,17.254973852634436,13.946090894937521,13.995233316719538,12.567601343989372,12.301215110719209,13.758334412984553,13.266057662386448,9.626709760725499,14.379966558702296,12.020127746462816,14.211267811059944,11.098158029094337,10.846092533878986,14.285425007343289,14.844413235783582,12.266382409201467,14.06025795415044,14.42865829467774,13.072403851151467,12.723562258249146,11.294410276040432,13.905154124647378,14.675465995073324,12.648876050580295,13.432065464369947,13.754508272372192,15.932055819034588,11.474900079891082,12.84556653350592
2065,13.665772449970245,12.896433246321982,15.576137971878051,18.301640480756763,15.638294517807665,16.253769575804476,14.723240879550577,13.40737474858762,12.693387643620369,13.861867409944532,11.304369103908542,13.942347893118853,15.465211272239696,13.8543869137764,15.413071566075084,14.917904405575252,14.32326746284962,14.301407259702685,13.803831152776912,11.31902642194182,14.18674077913165,14.949232804775239,16.325963698327538,15.67452938556671,17.167103707790382,17.625977265834813,11.601145102083686,15.90701615214348,17.06359220743179,13.358583421260121,17.747873234748837,17.250766748189932,14.016807231307038,14.005618756636974,11.589523440599445,13.231985917803835,13.300035770237447,15.453842285275456,14.347236484289173,14.003069442510608,14.07904557287693,14.082324881851672,14.179430414736277,13.759972322732214,19.54013144969941,9.521633714810013,16.929844629764556,14.354421269893644,13.82638972476125,13.430501292645932,14.113329810276628,13.592786821350458,15.551392189040778,17.492535798251637,15.027498352527612,14.169578012824065,14.367135874927047,11.36643919944764,15.214601114392286,11.438822420313953,13.912127822637562,12.083635628223423,11.75470716804266,10.798384633660316,12.195788949728012,14.099898238480094,14.435018491744998,15.361664282716811,17.46067935228349,14.574403867870569,13.162139908969404,12.16697450578213,14.069398042559632,14.461195653676986,13.327304918318987,12.849977703392508,14.196587838977582,14.31052258312702,16.14760265350343,14.114732432365424,16.219754295423634,13.36216049790382,14.0988651394844,12.45391158759594,19.61962980031967,12.383833333104853,13.499769200384616,14.57360993102193,13.455693186819559,14.175609064102176,14.558292591571808,14.051265963469627,15.456376759707933,15.388085502386101,14.653732629492875,12.75188540071249,16.332762768864633,12.95065160691738,15.775353602692485,15.028275881707671,16.67426391243935,14.540523455664522,13.116974499821666,13.916488613188267,13.125640055537222,14.61086749210954,12.947222223877915,13.157453555986294,13.505846382677555,12.527048179507252,11.029281014204026,14.343035832792527,12.207522389292714,17.09912124276162,11.224046272039413,10.391325101256374,18.21848763227462,17.008789551258083,15.457357692718508,16.173439505696294,14.390361534804104,13.478623335063457,15.400933053344492,13.459706649556761,14.43935609459877,13.324803268909458,14.154055389761922,13.97471122145653,14.132974291592836,12.332282066345213,13.97085718102754,15.86924036741257,14.782905002683416,11.961228516697883,13.536971050500867,13.359209509752692,13.192237351089716,17.182324403524397,17.863504838943477,14.478133386373523,14.991175925731657,13.217650777101515,12.93410510569812,15.255495049059395,13.516761428117757,10.613967603072524,15.859707424789667,12.313511566817763,15.614047804474826,11.415301543474195,11.746171706914902,14.814876532554626,16.072523276507855,13.738956332951783,15.158740308880812,15.421463549137115,13.742537654936317,13.77420959025622,12.249986594915395,15.40483342176303,15.78756968080997,14.2050138054532,14.803109853155913,14.911251677572722,16.803942124545582,12.421444199979307,13.115739877521994
2066,12.25871804356575,11.274158711731435,14.466690963506702,17.373891735076903,14.368369646370422,15.149799430556595,13.41402899771929,12.160538835823544,11.065103016793731,12.614945133775475,10.417905050516126,12.323847385495903,14.4414833188057,13.05326921120286,14.083937931060794,13.579414726793766,12.749481484293932,12.822846007347113,12.117966096848246,9.960961967334148,12.858565735816956,13.351382768154139,15.043417470902208,14.68612163066864,16.219714045524604,17.06425658464432,10.386734622577213,14.822329282760624,16.199952638149256,11.699851603806021,16.81545161008835,16.11986602544785,12.70996716544032,12.3244057893753,10.755532940104597,11.859205381572243,12.034070207551121,14.594283762574193,12.916859644651415,12.386366648040715,12.86499939262867,12.775087277591222,12.53336883075535,12.571159927546972,18.92984974384308,8.159139812737704,15.982216471433645,12.818945596367126,12.10389336496592,12.526260968297724,12.742614488303662,12.801744489895649,14.242913398891687,16.319207452237613,14.032851803302762,13.33551167249679,13.137147961929443,10.498168443515894,14.07661422928795,10.190507075190547,12.652574363350872,10.789788696169856,10.087117806077007,9.322035140544173,11.363295923173435,12.377590069174763,12.835975586622954,14.052456070482737,16.53605271577835,13.29049698840826,11.667221324890852,10.916014187037941,12.399687171593534,13.011023664474497,12.018597948551186,11.24181959666311,12.733799852430831,13.081060976162547,16.23187963962555,12.596022304892543,15.13821787796916,12.10798773430288,12.648193433880804,11.287375482730578,18.96695795059204,10.682693883776663,11.738659931719301,13.693895938992501,11.648481511138387,12.623213434219366,13.164508068561549,12.873106668889516,14.374336332082754,14.328722393512734,13.318736946582785,11.421327726170428,15.109932684898373,11.735020841658121,14.500496691092852,13.82171962857247,15.59571032524109,13.230598865449437,11.881747613102196,12.670250038057567,11.850739861652258,13.269662191718819,12.123001461243263,11.32226721309126,12.30452610123903,11.304425494931646,10.120675270003268,13.184750719368463,10.597554060444235,16.2304254770279,9.997860991954806,9.476991831697527,17.249590194225302,15.978263908624655,14.518443465232854,14.977319222688681,12.950991730391976,11.883330894261602,14.302871300606053,12.619300827383999,13.284196042269471,12.121312523260713,12.90925557240844,12.426428402401509,12.49355721725151,11.107434718310827,12.538056948594756,14.799238163232804,13.485259687900548,10.23838497102261,12.026139941066504,12.00314815789461,11.477199331671002,16.1732410788536,17.048578202724464,13.03006003499031,13.880343714356428,11.439110788237304,11.19978071972728,13.931287461519243,11.918052516318856,9.474208074808116,14.54502221718431,10.663421669695534,14.356364360451696,9.754258414357901,10.741116518527274,13.428590172529223,14.896381396055228,12.394116045534611,14.00850714594126,14.316119444370273,11.87469091638922,12.546340734651313,11.045332026109103,14.08350973799825,14.60814159810543,12.817054340243342,13.525673743337396,13.75478443894535,15.717789702117448,11.32763662338257,11.53536016792059
2067,11.235356922447684,10.018192302435633,12.401656557992101,15.400030314922338,12.023377908766271,11.940386740677058,11.001671578735118,10.114385378174486,9.92547851065174,10.500090009346605,8.568858613073825,10.861804592609408,12.56769705824555,10.878094078600405,11.542742992937558,11.160295610129833,11.237689732015133,11.460897403396665,10.572980508208271,8.6833867110312,10.298103031516073,12.37187092602253,12.53331900537015,12.89152082204819,13.87104190215469,14.70565547347069,8.357005769200626,12.819561944808807,13.803371536731714,10.209676547348497,14.714096635580068,13.923924984037887,10.194541102647781,10.751773232221606,9.094471398461609,9.182725405320523,10.093044522404668,12.073611715435982,11.610490835830566,10.891270959004757,10.635541390627628,10.389418414980183,10.969139178842303,10.513690984249115,16.831093752384188,5.561314516514539,13.183623120188717,11.283707418292767,10.586326593160633,10.907274333387614,10.249923816323282,11.018033331632619,11.87076990753412,13.795505020022395,12.102250830829146,11.5146300509572,11.2273034222424,8.832548684440555,11.480076223611835,8.05389807969332,10.283029354456815,8.613917381688953,8.951441959198563,8.069416603818535,9.824151435494423,10.806546219997111,11.230281736701729,11.566421529650691,14.435679939389235,10.963729666173462,10.03455296903849,8.942325022630396,10.59024152085185,11.65781006515026,9.537531561404467,10.16591798439622,10.900222795829174,10.83559201508761,14.390130341053009,11.165286086499695,12.040982891060416,10.115754634886986,11.388200734555726,9.279110919369845,16.70009766221047,9.216108370572321,10.141813848167661,11.50210989266634,10.028303893283008,11.21096258312464,11.874401292204855,10.738782576099046,11.791454960592091,12.384793017059565,10.796836231648927,9.198194608651102,12.774901308119299,9.715576091036207,12.134652760188327,11.63212469220161,13.113346683979037,10.678111794590952,9.871742041222754,10.42652867808938,9.90991979315877,10.76727719008922,10.4200968593359,9.697030214383265,10.356949070096013,9.20654074847698,8.584935682266954,11.078918358590457,9.450997883081438,13.57494896054267,7.905753271281718,7.471217213163619,15.092664841562499,13.173953670263288,12.698527389764788,12.712596467137335,10.217889944440687,10.263483604788785,11.816427853330971,11.0761213079095,11.241076377034187,9.950130794942378,10.78161405324936,11.244047428667548,11.004863459616896,9.49860546141863,10.80878830999136,12.826443146914249,10.946818751096723,9.15057290919358,10.960181018710138,9.39037225004286,9.935192624479532,13.38004111647606,14.708317250013357,11.59842421635986,11.87492526471615,9.84602733738721,9.685267809429204,11.539126052707434,10.768720059096811,7.20632239580155,12.172005918622016,9.505094508826733,12.049753639101988,8.632085227593786,8.913097933679817,12.048057162761692,12.593307101726534,9.778718895651403,11.912755553424358,12.283884190022947,10.189537555351858,10.511152639985086,9.078013151232147,11.630233338475229,12.257340127229691,10.2458516035229,11.056960956752302,11.634197515249259,12.620439776405693,9.127160666882988,10.447765359282492
2068,10.308783492445942,9.066335775703196,11.463774979114536,14.057680898904803,11.261480994895106,10.844087913632395,10.320265112142078,9.007439183443784,8.959740465134384,9.36294090002775,6.591004905104637,10.033680559694762,11.668346381839367,10.050770056061449,10.951314842887218,10.42633871436119,10.415064588189125,10.721341922879216,9.694972605258227,7.48046202659607,9.730710141360754,11.518047714233393,11.518099333904681,11.995715305209156,13.073670634627343,14.122396296262746,7.324581709876652,11.856568621844055,13.101655423641201,9.32176091782749,13.37032997459173,13.4117614120245,9.566613875329498,9.871836133301256,7.1267252959311,8.598342084325846,9.015733429137622,11.431470585893837,10.868772551417353,10.074851282499733,9.663841698877516,9.596855417266482,10.048094564303755,9.506937715411192,15.853318583965304,4.521692928671831,12.457855434715757,10.365233579277998,9.688058843277386,9.229575846251103,9.483360135066327,9.37109133386984,11.12737091463059,12.240857329964642,11.322334266081452,10.390809206664558,10.21675828546286,6.962667902559042,10.395971352420746,7.010793522000315,9.42864497676492,7.6060198545455915,7.96869806051254,6.874197151511909,7.960050157632216,9.84389749970287,10.432724867388606,10.917402921989565,13.638119953870781,10.174660079367463,8.984316445142024,7.8457136005163175,9.613465464115146,10.9652946561575,8.823522121366116,9.170989813655622,9.91149612814188,9.646129246801136,13.51629619598389,10.440159294009213,11.013388561829927,8.982302220165728,10.585794821381567,8.296908873692152,15.699608242511758,8.311868622899052,9.248881355486812,10.684243585728108,9.099669120647011,10.45525934696197,11.169103394635021,9.63419787767343,11.148118175705902,11.521811393648392,10.171159570664166,8.187556313723325,12.223838274180887,8.665047510364099,11.432222267985349,10.498859813250608,12.167145314812663,10.076864753477272,8.774706900492315,9.548751520551743,8.78168895021081,9.985008623823527,8.70726407286711,8.747319123148921,9.270712689682844,8.138277427619323,6.862463273853064,9.969546813983468,8.478874220512807,12.721812933124607,6.879175294935711,5.90648502409458,13.712879236042502,12.279190835356706,11.97953574359417,12.078919862210746,9.554490749537944,9.29445561952889,10.771703184396035,9.454507787805053,10.219260627031328,8.982359691429881,9.752270523086196,10.342774099111555,10.100021442398432,8.12269738428295,9.824155462253838,11.861753533018051,10.349494295194749,8.127780563384293,10.01621066182852,8.781324365455662,9.05563998129219,12.542224651575093,14.049802619218829,10.901943829655655,10.975941744446754,8.937800269108262,8.76427762806416,10.783977453038098,9.80105772246607,6.156961345672608,11.416494725970551,8.537846070155506,11.390813176333905,7.653197669051593,7.295007309690119,11.331100909085944,11.762660048529506,9.168141495808962,10.896576577564703,11.353710924088963,9.166933443676681,9.397556149330915,8.000919289886955,10.928017594292758,11.318009376712151,9.473791577853259,10.348315287381414,10.547621899098163,11.63999213315547,8.317686836794017,9.391170546412472
2069,12.021340942382812,10.767625811696051,12.681052690744403,16.96793584823609,12.392778485268355,13.256478446070114,11.410434731654828,10.62844770923257,10.793607698380946,10.94716826118529,9.235024760663508,11.271366709470755,12.829197794198985,11.53671609647572,11.962819010950637,11.565382238477472,11.5488295674324,11.843057096004488,10.938947703130541,9.472272761911157,10.766281345579772,12.989719188213348,13.549794446048324,13.133317285776139,14.747218596935275,15.621564638614654,8.867448876053093,13.1247049510479,14.848040139675138,10.611393925594165,16.39131153225899,14.333577233552933,10.686286941124127,11.104391733556985,9.717466184496882,9.658598040416841,10.600216630101206,12.906914871931075,12.17538694143295,11.261205589771269,10.897262243926528,10.800014023855324,11.347167106717823,11.012732322234662,18.170794653892525,6.125292313098908,14.365662872791296,11.65917202681303,11.006249510496858,11.575204884819687,10.650996963866053,11.665432990714903,12.253750415076501,15.82619853615761,12.407622921466826,12.059928148984913,11.50879339519888,9.48162788152695,12.185498361103242,8.572015780210497,10.602538971230386,9.159845426678663,9.849373588338489,8.88739053755999,10.423550527542831,11.15906532816589,11.556652182340615,11.968121464177973,15.37523413896561,11.382554748468102,10.491940029570836,9.454707833193243,10.917053041607137,12.049067735672,9.939996234327559,11.019803035259242,11.21174375470728,11.020406376291072,15.21362713575363,11.555770581960676,13.309813398122794,10.604368627071384,11.99757140874863,9.770326122641563,18.13473317623139,9.658692738041285,10.583069239655744,12.184881585091352,10.476981666358196,11.623601818084726,12.242499959468843,10.926437884941699,12.454413383081556,12.673090034723284,11.233500878792254,9.724114784598353,13.181135031580926,10.222654289752242,12.510134992375972,11.852813564799728,13.91341822743416,11.081309903319928,10.390793590247634,10.78245587088168,10.40908219441771,11.157556750625377,11.040889032091942,10.139697560574856,10.824808914214376,9.706739414855837,9.213182023167615,11.282138478755957,10.306618174817416,14.65585454106331,8.416066889464851,8.05565427690744,16.824208295345304,14.380312353372574,13.0190274477005,13.106345996260647,10.672796855866912,10.68183184079826,12.606239765137442,11.700039995624685,11.506477089226244,10.241636626422405,11.297211269219403,11.974195286631584,11.361188390851025,10.109442866701276,11.248696155985828,13.073854267597198,11.366347498819236,10.052826249226927,11.77111898958683,9.813506433740262,10.371931256540126,14.595054447650913,15.721748721599578,11.93293432593346,12.162832614779468,10.28662630096078,10.105946144461631,11.947404787875712,11.606644797325131,7.738993303477765,12.51486569158733,10.388456759881226,12.461275976896287,9.520734651386741,9.493820893764497,12.332688486576076,13.318933838605878,10.2041220985353,12.1627551317215,12.588034075498587,10.558292075991634,11.010828731209031,9.569775088503961,12.053183649852876,13.191162699460985,10.676316228881474,11.600499492138622,11.845780990272765,13.925099004805096,9.63324714824558,11.314129938744012
2070,10.963649244606506,9.614810812473298,12.466503238677983,14.892288365960127,12.026805725693706,12.319324582442643,11.066364085115497,9.380139962956305,9.624676112830645,9.746743594482544,7.289863252267241,10.273236888647073,12.600155889987956,10.294501751102512,11.663036473840469,11.19627230502665,10.576099583506586,10.956851208209986,9.88718721326441,8.137372918799517,10.455148987798024,11.850292217731468,12.327798957936468,12.927340292930609,14.139709186553953,14.67146738767623,7.646655773743985,12.867911449074743,14.130288821458814,9.55266904116143,14.188469555974006,14.051671078801155,10.258578281756487,10.04758751504123,7.882035943120724,9.362355926353482,9.369156546145682,12.036275497078897,11.231675994396204,10.254670184850688,10.67615604959429,10.30641960129142,10.339453941397373,9.82587214629166,16.580879998207095,4.7576687071472445,13.564783033728599,10.719231289625165,9.95441696718336,9.779294872283938,10.292218771949413,9.815836527943613,11.891871525347238,13.136155171692371,12.176452508568769,10.710748337954282,11.125991704873742,7.6544361621141395,11.653772358037532,7.321609500795598,10.356543224677441,7.886494344472885,8.648441872373219,7.550141160935167,8.693777947174384,10.0679216735065,10.593766100704674,11.647075209580368,14.623683607578283,10.778830271563493,9.328042190149434,8.222946736216551,9.98771791160107,11.19972098767758,9.656677227281035,9.859135640412571,10.507132245600225,10.813652222452225,14.051069295406336,10.615454228222374,12.401991790905598,9.341946843266488,11.012793657183648,8.603210825473067,16.449308824539184,8.591159099666399,9.498759286105635,10.907080991566179,9.359808960556986,10.698006425797933,11.422881102561949,10.71475856527686,11.84493175819517,12.428066939115524,10.899214268941432,8.57581338062883,12.886353992670774,9.024920763820411,12.1579753421247,11.624803358362993,13.321016347780818,10.816169959842231,9.152085712924599,10.494400689494798,9.172094905003911,10.804129868745813,9.245810274779796,9.008780370280148,9.607377937436109,8.502480492391623,7.520935701392591,11.083528437465436,9.12326524481177,13.900574372708798,7.19854885973036,6.37972049713135,14.524258242547518,13.537431082129476,12.782159376144417,12.78437690595165,10.352962002158169,9.567944031208757,11.9127088084817,9.996256494149572,11.269192415475846,9.98581849243492,10.16001058809925,10.896861667186025,10.328322450164706,8.716518750041725,10.135512752830987,12.868100282549864,11.071449084207426,8.841789003089069,10.674534592032435,9.54279390387237,9.308651940152052,13.76914660334588,15.057754039764395,11.065689742565157,11.927943942835553,9.190574112534525,9.02059009745717,11.565664594992999,10.451917983777829,6.429330738447608,12.169915783591573,9.203220192342997,12.099967285618193,8.320728418591894,7.917628693580627,11.501715868711473,12.477846160531042,9.925312506780031,11.9238650739193,12.315095412731164,9.377713438123461,9.76481996029616,8.331239119917159,11.684605481103066,12.095647442340852,10.298365008644755,11.087361986283211,11.639407504349947,12.991118825972084,8.514249415788793,10.132525024190551
2071,10.706723715364934,9.562002440541981,12.36332567930221,13.863806986808783,11.67706070840359,11.70448628589511,10.692611557990315,9.063538190349941,9.384462236240507,9.51487231494975,6.712889697309582,10.576545569300656,12.495071762800219,9.720431375503546,11.330796723067756,10.79375164583325,10.925703793764118,11.202370679378511,10.227296037971978,7.789973067492246,10.095065457001327,12.071263569593428,11.67848786823452,12.804473966360092,13.739994651079186,13.696308600902563,7.364872872084381,12.738012987375255,13.707881712913519,9.854161005467175,13.186805063486101,13.730135548114779,9.868598646111788,10.414166339114313,7.249439908564092,8.972888103593139,9.112882020324466,11.236428563669326,11.288839867711069,10.572456071153288,10.462736575305467,9.940104672685264,10.633908800594508,9.551750551816081,16.09441018104553,4.620324954390528,13.132126110792166,10.931090418249369,10.275268624536698,9.253241366520523,9.863362784718634,9.431748901307586,11.521446652710436,12.003451307490474,12.119453883171083,10.441117918491367,11.080103525891904,7.04674460589886,11.31937770992518,7.072223013080655,10.097908558137716,7.631524109095329,8.3857735847123,7.179508762434128,8.038084695255382,10.44000686109066,10.955477015674116,11.32643873989582,14.244286155700687,10.478441158682111,9.34949705675244,7.881080500502138,10.317124225944276,11.439450544118886,9.324727944657202,9.61221998743713,10.683506990969178,10.741008073091509,12.623486131429674,10.901126331090932,11.833090015500792,9.05445747356862,11.024799034744502,8.336003687325867,15.964338493347167,8.876973495632416,9.850870606303216,10.373970580659806,9.716379120945929,10.975530537962914,11.640732061862947,10.646708407253026,11.205440360307689,12.355748355388641,10.560395871521902,8.275135923922058,12.581303777545688,8.697893374040722,11.824679917097097,11.548037931881836,12.968825271725658,10.473521985369741,8.819862509518867,10.203308312594897,8.88578377310187,10.37989924550057,8.772044508007815,9.37142358534038,9.328926144540308,8.200093185901641,6.919529841560871,10.974414583295587,8.927637948840857,13.430551350116735,6.9347977433353645,6.017953011021019,13.512552148103708,13.011168032884598,12.7253428697586,12.427516614226619,9.972405134886495,9.738112968206405,11.516313649469524,9.474806614220139,11.141145989298817,9.79573114067316,9.859535847464576,10.787124918401243,10.65400111395866,8.334740566089753,10.12702811807394,12.766236317157754,10.7403471775353,8.557495534932244,10.421393153630202,9.150744209997358,9.648485338687898,13.262635815143588,14.617093718051914,11.337942612171181,11.845785129070293,9.548660537600517,9.35198124945163,11.165821893513206,10.26079138964414,6.24729386121035,11.853406451642515,8.96052056439221,11.724000025540587,8.063576954230665,7.403753047739158,11.790501135587693,11.973035707324742,9.541444839164612,11.846854251623158,12.228150641918186,9.793844783306124,9.464366330578923,8.049598812684424,11.329416526854038,11.46643132055178,9.868568934593345,10.665925077721472,11.557284111902124,12.446325670555236,8.382753806514668,9.863815487921242
2072,11.607300287485124,10.411532597988845,12.91500377655029,15.808177292346958,12.072992646507917,13.11727845668793,11.099571705237034,9.781711839046329,10.334424051642419,10.125118353217841,7.895188870606941,11.199647423624995,13.004391610622411,10.714494903013112,11.714680355228484,11.241161405667656,11.54308234751225,11.791837298870089,10.877848364971571,8.792087683081622,10.471824121475219,12.618619751930243,12.827677282691004,13.304506283998483,14.706675446033477,14.812408989667901,8.038801687210794,13.3025525033474,14.75416734218597,10.491751997172837,15.222674930095675,14.119587737321847,10.328240424394604,11.072801898047329,8.403114806860685,9.368403617665171,9.8202893037349,12.198803707957273,12.039250928163522,11.207986880838876,10.975151640176776,10.397650922834876,11.263815501332285,10.228727163001892,17.62405135631562,5.271507336199286,14.259056270122532,11.540418493747712,10.92726806364953,10.371664149384017,10.317861114582048,10.517046055383982,11.925617160927505,14.487477762997155,12.600668704509735,11.229590916633606,11.667519832029939,8.209024873375892,12.275250543653966,7.7540467391256245,10.556002376601096,8.340644200518728,9.356621884182095,8.206865382194518,9.188096785545348,11.091723272576933,11.591698324680321,11.670808588527146,15.262591981887823,10.918925287947056,10.018015636131171,8.60757351815701,10.9728389158845,12.034529703855515,9.753342155739666,10.540080444514754,11.288185972720381,11.317160511016851,14.40364187955856,11.493889474868771,13.19153563752771,9.75214656218886,11.80656772255898,8.986465319991114,17.559677934646608,9.535409134626393,10.524952978058716,11.347763583064076,10.406116140168153,11.597923934459688,12.209373784065242,11.205110090295785,11.942493708431723,12.870194852352153,10.925447609275583,8.959785170853133,12.948312264680856,9.4112303622067,12.199175882618878,12.119086164981127,13.92700998187066,10.802392257004978,9.540470563992855,10.744652990624314,9.615058265812705,10.819482078403233,9.870229208469393,10.059798292815689,10.004202202707527,8.8855276523158,8.072245080413992,11.549767409637576,9.850743850693105,14.556009840965269,7.594718657061461,6.9710278876125855,15.609842622280116,14.246552962064744,13.182918596267701,12.833941605687135,10.386067580059166,10.406581488996753,12.52271320298314,10.559626769786702,11.728255563974379,10.354961908236142,10.535940143000335,11.655433115363127,11.27748170942068,9.258248239010571,10.790566708333792,13.297987550497059,11.088235739618543,9.53208870999516,11.356052899360662,9.521546878665685,10.302097591571513,14.460735863447193,15.639609122276312,11.935382741689686,12.38282074034214,10.220149195194244,10.000114840641615,11.613365324679762,11.183120168745521,6.9149851068854336,12.2007684364915,9.91844848804176,12.167549219727514,9.029269705712794,8.356887729838494,12.343473982810977,12.7972840577364,9.915507287904623,12.391974979639059,12.7636747956276,10.497028897702695,10.165651021152735,8.72074716426432,11.72030367702245,12.494406485557558,10.339259200543168,11.201913437061007,12.112686523050069,13.778305884823208,8.943117314577098,10.814640942215924
2073,10.614795914292342,9.43961505144835,11.83741484321654,14.075982868671423,11.264850136637694,11.111403739545494,10.2633633852005,9.459403842687605,9.244036802649497,9.787682577967649,7.008609770610934,10.62332038972527,12.042532783746719,9.850424495339395,10.793726536631585,10.391923761367801,10.936297157593074,11.277083334326749,10.262280744314195,7.815437053795904,9.588219812512396,11.856682884693145,11.438164067268367,12.388165935873984,13.281444138288498,13.525674983859059,7.698001889046282,12.272421251982449,13.249205011129382,9.9132279262878,13.374297067523006,13.29117079973221,9.486628773808478,10.433309328556058,7.59128560610115,8.444675532693514,9.45829128623009,10.995662134885787,11.293796351552013,10.61922584418208,9.965609115362168,9.636261142790312,10.630945578217501,9.893907988071444,15.632630538940433,4.826932875812054,12.556840753555303,10.947345301322645,10.302190795540813,9.55392603874207,9.445358246890828,9.642117394506935,11.113115629553786,12.122302258014683,11.625230988860128,10.653545901924375,10.71049036234618,7.373302356898788,10.77315668165684,7.401478945327105,9.601162084937098,7.9637733899056915,8.247052101045849,7.177663661912083,8.39855805486441,10.453302389383321,10.943633156875148,10.835489723086356,13.770113307237626,10.255739957094198,9.56837275102735,8.266165967285637,10.164527111127978,11.52762301564216,8.82903604339808,9.474162297695877,10.433898033574222,10.161196295917033,12.26146458387375,10.964826431870463,11.258072845637802,9.445209474861624,10.994784809648994,8.660433584451678,15.45380564928055,8.897537942603229,9.879745440371332,10.549061235785482,9.73670630119741,11.047481670975683,11.731380224227907,10.099063655734072,10.829488795995712,11.857353806495668,10.072122624516483,8.509801950305702,12.099778098694518,9.065420663356779,11.398505564033986,10.99455021806062,12.46348475143314,9.944420370459557,9.197648537158967,9.776756098866468,9.274542865157134,9.940538900345567,9.045204639434818,9.386188238859175,9.700635576248168,8.532188411056993,7.226659220084548,10.454414251446726,8.770567389577625,12.951610161364087,7.2389477914199265,6.233720027725213,13.692433370649812,12.493988601118328,12.253673040866856,12.01439145877958,9.392106425017118,9.861185516044495,11.06438517421484,9.777717535942797,10.657320465147496,9.31550307571887,10.137950888276105,10.712646394968036,10.69379575625062,8.573583677411083,10.345009417086837,12.290704677999019,10.220844283699991,8.42122042179108,10.316443324089052,8.633806791249658,9.665521339699628,12.735347454622389,14.158926892280581,11.39703097343445,11.351571370661258,9.570713654160498,9.38461708156392,10.77623736262322,10.100275360792878,6.445584008097647,11.414218124747274,8.815106524527073,11.34708809531294,7.9314629495143905,7.750731625966727,11.823837709426892,11.710005174949771,9.0328840147704,11.301993619278077,11.707849140698091,9.782268665172165,9.82867538332939,8.408118636161081,10.878431147336956,11.269895417988302,9.426416258641982,10.258282041549691,11.028934797644618,11.857937110587958,8.580555391311648,9.715635087015105
2074,8.105028201639655,6.404158139019273,8.32801371440292,11.027054451033475,7.692090068757537,6.8399293128401055,6.644902499765159,5.854010743089021,6.408161640167232,6.189613391086459,3.0933356523513837,7.076303833723067,8.773874844610695,6.636208276636897,7.131977281719452,6.653364209271966,7.527234008535741,8.015497004613282,6.592557595763355,4.774984398484232,5.9482413422316345,8.960911023616793,7.7777857158333035,9.2091895237565,10.032321436703208,10.651995818316939,4.2188268773257755,8.794819384720176,10.202450492978091,6.2724314235150835,10.264154586195948,10.077658493816852,5.800058927759528,6.7889890451682735,3.848168192803861,4.637994588864967,5.896277985721827,7.708426234126098,8.3745140813291,7.087839363515377,6.223066894710062,5.958171106129882,6.942049282044169,6.415001679491256,13.449832928180692,0.8515318057849075,9.158910376206045,7.371645122021436,6.5872901901602745,5.970967428293082,5.60730854272842,6.066586552653464,7.465241944789886,8.508511368930334,8.458752857521178,7.460059917718174,7.097085732594131,3.6772088922560244,6.829016835987565,3.8098019607365132,5.8365432418882826,4.303435666859153,5.367669243365528,4.105611690133813,4.816393357142807,6.704030499234794,7.506409316509965,7.219140439108019,10.701083171367642,6.71022262107581,5.908515871223064,4.729936927556992,6.3527470740024015,8.345146983861923,5.075711065519138,6.6921172656118895,6.7235706316307144,6.208397426456218,9.808541730046272,7.599217040883377,7.194009902328252,5.884997553005815,8.09780319184065,5.2550057832617325,13.133308196067812,5.260658138990404,6.0601876459550095,7.265158158447595,5.839783530577551,7.658809677138928,8.634368684887889,6.363554914668201,7.304716987907888,8.552534435316916,6.4236944824457165,4.751962999999523,8.696889984980228,5.551942145451903,7.847919388860463,7.122933141863909,8.836616742238402,6.302076167054476,5.652704701945187,6.049511052668091,5.649163160473108,6.123605807498098,5.442665933538228,5.4417017521336675,6.235283180326221,4.95361263267696,3.7137301791459323,6.715183488652106,5.942259027995169,9.511358617246149,3.709982630051673,2.53173360675573,10.504879298806188,8.838236790336673,9.27939023077488,8.623708371073004,5.436179016157983,6.1894796587526795,7.347589574195453,6.333796247839925,7.024184590764347,5.606355786789204,6.536253471148666,7.812948998808862,7.090061560273173,5.091032072179948,6.762757726758724,8.828850145265465,6.620158012583852,5.500141478329896,7.651618603989479,4.877583892550319,5.939957906771452,9.150102885439994,11.219978582859039,8.211520230770109,7.910299363825468,5.723237360641363,5.6274349603801985,7.062324566394087,7.293516808748246,2.8390881735831472,7.789624834805726,5.938503033667809,7.79216113686562,5.070797483623028,4.070332965254787,8.758989128470418,8.297567287459971,5.266774378530682,7.679331087321044,8.22831980362535,5.793133029341701,6.26314173154533,4.929537533596154,7.229691454395653,7.8230847977101785,5.506220744550231,6.667012578248976,7.301629263861105,7.841297205165025,5.230197123438119,6.975028162728994
2075,12.330056902766232,11.217148964107036,14.080637276172634,17.540133506059643,14.146861243806788,14.843977554945742,13.237685632333163,11.458490923047071,11.159261141717433,11.929139056801803,9.547924257814882,11.795542323589327,14.091975724697125,12.185770564340057,13.948881884664292,13.39763743598015,12.204939705133445,12.340914952754977,11.542444246169179,9.802200918924061,12.702672296017408,13.183269178867343,15.01990235298872,14.346386307477957,15.94987786412239,16.687452369928362,9.722404745221137,14.452873027324676,15.97213772535323,11.144225304201242,17.01815429329873,15.993353873491293,12.477910805493593,11.735811466909947,9.924024961888787,11.687401222623885,11.350905097834772,14.244627220183613,12.665188896656037,11.842841523140674,12.551088435947896,12.497515313792976,11.96711808033288,11.914503378048536,19.238877105712895,7.270194213092324,15.664201247692116,12.282540918886664,11.544541662419217,11.812759467214352,12.52867960520089,12.05727717131376,14.041533191129565,16.511901098862303,13.649449038505555,12.685224813222888,12.733389654755594,9.717491395771503,13.717539640329779,9.47828956544399,12.374388705939054,10.09088478088379,10.166886510886256,9.179796349443492,10.606821340322497,11.769680341333153,12.26551273316145,13.86849606744945,16.295517683029168,12.960022181202657,11.062913347780704,10.26267930381,11.800818275287748,12.544792264699941,11.79342105910182,11.347655625641348,12.200789058838566,12.653276517987258,14.948516273498532,12.08863242268562,14.844540600106129,11.433393687754862,12.453916507959374,10.638712371140723,19.282638633251192,10.178169992566108,11.129593659122479,12.85773562975228,11.033857204765088,12.1148113489151,12.715025365352632,12.465370773524043,14.121214965078988,13.966300952434546,13.157865929603577,10.804590193927293,14.986428052186966,11.055499996244905,14.310180084779864,13.39763811677695,15.286297571659087,13.042122212052348,11.190135283023114,12.376446368545297,11.160675667971372,13.023519982397556,11.375772579014303,10.697542749345306,11.64581009149552,10.596259362995625,9.439545566588643,12.785524566844106,10.6889024110511,15.976080363988876,9.320180833339695,8.665822155028582,17.45252975225447,15.726057268679142,14.17194000482559,14.792739668488503,12.775381357222795,11.274491085857154,14.023100836342204,11.939231070876115,12.9206378989853,11.78056360147894,12.262002781592312,12.363953408598906,11.925631535425781,10.565724810957908,11.905008310824638,14.422937661409382,13.300441328808677,10.329729403182865,12.110366061329842,11.827816472295673,10.894708170369269,15.90249835252762,16.78876694440842,12.531271183490752,13.511860457062728,10.828009313344953,10.625846050679682,13.734880523756157,12.019082221388823,8.710318642854686,14.36035548709333,10.74642617031932,14.204367780685425,9.8369743661955,9.952505409717562,12.952118289470672,14.798487715795641,12.20773307085037,13.609997214376929,13.918704691529282,11.22143183499575,11.813199228420844,10.367378106177789,13.891212204075416,14.602956162765622,12.595715791638938,13.391234032996,13.3499028660357,15.411635698378088,10.617806839942928,11.615547179430724
2076,12.30090691447258,11.110764902550727,13.13151144981384,16.40768282413483,13.15964466407895,13.49094978631474,12.23493553623557,10.927306655049325,11.1280707616359,11.333177962899217,9.220642527937892,11.596344590187073,13.23513223528862,11.413497222959997,12.904891595989469,12.418189145624638,11.893961852788932,12.170655709505086,11.278863391280183,9.713852976262576,11.651191423833373,13.247158193588259,13.80954032242298,13.5273971915245,15.03611609935761,15.587475615739816,9.155580628383905,13.553901278972626,15.066670799255366,10.924662876082584,15.784074991941457,15.127941077947614,11.517051522433759,11.444836567342282,9.732937172055246,10.607606648514047,10.89044159650803,13.148230013251307,12.518859100341798,11.596024847030643,11.52799238562584,11.563124424219133,11.667936995625492,11.332614284753799,17.589702963829044,6.4911943472921845,14.662815874814992,11.975868433713911,11.327764764428137,11.606582484394313,11.54044261351228,11.642493942310105,13.041775943711404,15.118795166164636,12.802839750051504,12.203364971280106,11.932960747182365,9.4845900028944,12.563055363669994,8.883987772464753,11.324189142882819,9.483534736931322,10.166279147565367,9.135299768298868,10.454064373672011,11.484375058859595,11.912699380517013,12.810124536603691,15.46273958683013,12.048477986454959,10.79482302665711,9.73918943554163,11.299449082463985,12.396568596363071,10.743364795297385,11.331568283215171,11.59498020056635,11.531592731922869,13.992518556118014,11.88798505663872,13.551036019623282,10.928744482994079,12.329312676191332,10.07186504602432,17.524430620670323,9.98418029546738,10.932168487831953,12.11491842865944,10.817481905035676,11.965933907032017,12.57740571498872,11.418846510443837,13.020980921387672,13.106830430030822,12.08825796544552,10.170321599394086,14.035529354214665,10.518087795376779,13.287358143180606,12.350513852760198,14.248052716255183,11.95827325731516,10.679893583059311,11.420013969391585,10.733527544140816,12.010551232099534,11.080545736849315,10.478848887979984,11.1449119836092,10.018658289313322,9.281918686628343,11.765951390750704,10.636729861050844,14.866886651515964,8.712671533226972,8.130673187971116,16.192381399869912,14.620654979348183,13.397319746017454,13.882958022505054,11.670541184768078,10.981278867262882,12.88734480459243,11.743310315907003,11.967285674810414,10.796192765980962,11.656444035470486,12.300500965118408,11.677739462256435,10.339257624745372,11.54620741456747,13.526057344675062,12.250298348069188,10.361808854341506,12.081544727087017,10.732853057701146,10.70232771523297,14.848330318927768,15.966043555736542,12.279005801677702,12.609840798377991,10.631608209619305,10.427362263947726,12.763552991580223,11.951185898482798,8.012317792326211,13.316999060660601,10.721631373465053,13.280704571679234,9.83175187129528,9.615029976516965,12.677492958307269,13.755885614827278,11.127913749963048,12.631418314576148,13.021203148365023,10.90468399226666,11.304318791627882,9.866328629851338,12.858537926524885,13.449483121559023,11.565216200007132,12.30643429011106,12.336191034317016,14.18522267453373,9.948106089234352,11.573605999350551
2077,11.276002746820456,10.049817786738274,12.532598488032818,16.603800046443947,13.231018663942823,13.121786557137963,12.218811219185582,10.972529080510139,9.96325066462159,11.465708449482914,9.006495295837523,10.762154944799843,12.685614231228826,11.672830983996388,12.788722520694135,12.372292753309011,11.185449409671133,11.362142878770834,10.470019530877472,8.813116696476943,11.57593830749393,12.063522577285761,13.920276041328904,12.985802739858624,14.584726029634476,15.770282444357871,9.199711170792579,12.980914743244659,14.71966089010238,10.095033633522691,15.985167646408076,14.942082339525223,11.406175624579195,10.684024143964049,9.436610449850559,10.514588385820389,10.827217087894677,13.23551649004221,11.597772479057321,10.80797890555113,11.17222950160503,11.577968749403949,10.879558573663235,11.380045724287623,17.749741721153264,6.6806708168238345,14.224922817945489,11.234219202585525,10.459972798079262,11.267138984799384,11.489135429263115,11.44963661823422,13.101121976971623,15.279647181928164,12.211756989359856,12.096486319601544,11.292325215414175,9.19370296597481,12.078839738667016,8.958781456947326,11.054406151175495,9.526418522000311,8.986419371515519,8.171932162344461,10.106199170649052,10.717466024309392,11.211036804318422,12.862181704491377,15.085025787353512,12.133164042141292,10.281309070438146,9.764419546723365,10.567438617348673,11.559861791133882,10.568749636411674,10.192680964618923,10.910066387057308,10.99853711649776,14.65789001584053,11.089428418874746,13.200405291467908,10.978782793879509,11.380747696757316,10.115683537721635,17.676701498031623,9.116131592541938,10.029584697261456,12.308649522066121,9.912628567218777,11.100625827908518,11.76421629190445,10.88491785125807,13.015362331271172,12.504714345932008,12.07826889380813,10.16960827410221,13.906590211484584,10.553179408609866,13.371244834363457,11.784008996188637,13.769702901598071,11.981514396518474,10.705879178643224,11.009913705289357,10.652943170070653,12.018288409709939,10.812617704272268,9.57309313099831,11.176167830824856,10.099949792027465,8.876949115097528,11.20064557172591,9.50655106455088,14.603828345239162,8.792013385891911,8.09820146340644,16.38999849259853,14.226214329246432,12.803863412141798,13.824019549041987,11.57917185425758,10.35881000757217,12.531892136484391,11.40038630962372,11.35950708538294,10.28358439654112,11.695910335332163,11.23410263508558,10.907995120808481,9.875781729817392,11.149850022792814,12.953811758756638,12.236986273527148,9.15953696221113,10.981906798668206,10.70266776382923,9.830365017801522,14.425132691115142,15.586757707595826,11.546039640903476,12.001751891151079,9.722316940128808,9.558040430396792,12.737488252669584,10.820912785828108,8.116102080792192,13.436489681154493,9.538667805865407,13.16320819333196,8.666782262921334,9.479791629314422,12.003845435380937,13.799592384323486,11.084370145201678,12.062538575567306,12.398596844077115,10.095343190431592,11.371224549785255,9.900622951984406,12.89362423568964,13.57473803232424,11.529488566517834,12.347896967828273,11.776761208474639,13.760770792968108,10.029737566038968,10.506962341070174
2078,9.796404613554481,8.459046924859285,10.725077807903299,13.316100591421128,10.143788870424029,9.310412482125685,9.116892066597941,8.145294155180455,8.32321555837989,8.518548573553566,5.937590454518793,9.514913327060636,11.011487507820124,9.040218988992278,9.626626137190032,9.187536925077435,9.880767820868646,10.235590556263924,9.131150864809754,6.888565596193073,8.423133364785468,11.161599922180175,10.378900696150954,11.374216532707218,11.94777494072914,13.152118724584579,6.451917337626223,11.140986751019948,11.894524186849589,8.78644848652184,12.591708326339724,12.202185118198397,8.28772895932197,9.310651845484967,6.5955305926501735,7.2172930158674715,8.193960936646905,10.321785190701485,10.309821859002112,9.523438232764603,8.775754244346171,8.457201632857325,9.492969463765618,8.630983916856355,14.969832146167764,3.38765786513686,11.046320974826813,9.826274969615046,9.142101717740292,8.562172661721707,8.226982997125013,8.62928067445755,9.951462875492872,11.282455788366487,10.596442812681204,9.60213424265385,9.546470399945969,6.38138925600797,9.318608921766286,6.112939260154965,8.390527833998215,6.639715037494898,7.341107175499197,6.270877204835418,7.456430102884767,9.303678333945571,9.871577025623989,9.68710652217268,12.528471440076832,9.08084981767461,8.375587311387065,7.002097384631637,8.979570230469104,10.473240387439727,7.625175237283111,8.579386878944927,9.271242217533295,8.905522647500037,12.664839076995852,9.906115256249908,9.53399794846773,8.169004088640213,10.030984121561051,7.421410506963738,14.783675324916842,7.778392233140762,8.684278970677404,9.660114117898045,8.523031198978424,9.943058529496197,10.710865616798397,8.925339340604845,9.940400175802646,10.814679363369944,8.901291473861791,7.175079525262116,10.97935826089233,7.790453189611439,10.295609276741741,9.74992619864643,11.069084826111796,8.767347069643437,7.928933544456962,8.602148201223457,7.991576289758086,8.746554673835634,8.03198550492525,8.16666502063163,8.454102672077713,7.247906374931338,6.298146076407285,9.278354729060082,7.853395907767117,11.470655131805689,5.9809105046093425,5.112327200174331,12.916506359726185,10.897608031332494,11.29872740507126,10.925821343064303,8.13642065897584,8.696125348284843,9.72907816637307,8.813714252412321,9.49484904333949,8.1394173984183,8.842465870641172,9.757744895294305,9.582328464090823,7.488513559103012,9.13845657873899,11.16780566871167,9.080504786828534,7.5199350066483035,9.44055888578296,7.431592508777976,8.508182473294438,11.165311846090486,12.798931324481968,10.381073567271235,10.23773530703038,8.370615996792912,8.223480947315695,9.585903732944283,9.173056507483127,5.173205688223243,10.262179506570105,7.884904929250483,10.188671644777061,7.036670658178632,6.643154761940241,10.850767993927002,10.699050040263682,7.814366087317464,10.15918043656275,10.62522919550538,8.578252264857294,8.527465546689923,7.172467122972006,9.722275359928606,10.256218577176337,8.191963700577622,9.12786296084523,9.82259006276727,10.139630611240865,7.3335912088397865,8.865500602126126
2079,13.320799183845528,12.37394188018516,14.672698831558227,17.90299744606018,15.046993738412857,15.401541316509244,14.055151081085208,12.780541342496871,12.29630280248821,13.140756107121707,11.37595367059112,13.244981819391251,14.65541970729827,13.282271587848664,14.736539137363428,14.278380727767948,13.479554885625845,13.66452415585518,12.998696886003014,11.067543505132194,13.4603088259697,14.512083792686472,15.680659008026126,14.896671068668365,16.38509688377381,17.20589212179183,10.963829107582573,15.058106207847601,16.337977886199948,12.592526078782976,17.27429521083832,16.686193764209754,13.33350106179714,13.148807802796366,11.67477807551623,12.508599738776688,12.686652618646628,14.923612821102143,13.833103567361832,13.250102782249447,13.25556184053421,13.418840968608858,13.397791270911693,13.124628359079361,19.752443456649782,8.622149783931675,16.02842223644257,13.631153005361558,13.065951932966717,13.564714413881305,13.473790371418,13.653879916667938,14.91690359711647,16.933951705694206,14.184169936180115,13.911113536357878,13.516371387243268,11.462492428719996,14.321142286062237,10.761323652416467,13.12137641012669,11.430919523164633,11.351178155839445,10.512011122703552,12.3055129468441,13.239766759425404,13.509234973788262,14.674627840518955,16.82125718593597,13.859660327434543,12.511878675222402,11.557786335796118,13.078884874284265,13.846134793758392,12.57453075349331,12.440779968351123,13.272123005986213,13.265394935011866,15.864852631092067,13.451195925474163,15.359802567958837,12.739031079038968,13.612428921461103,11.83681907504797,19.83383970260621,11.645376560091966,12.723448930680751,13.994305789470676,12.649878586828711,13.520990765094757,13.971198642253878,13.062744218111035,14.855601888895038,14.541244173049927,13.926616889238357,12.113078621029853,15.703619813919062,12.32834143340588,15.12337562441825,14.036021041870114,15.813490176200867,13.830359882116321,12.49302992671729,13.14609396755695,12.536076842248445,14.00650891661644,13.032053118944168,12.338008886575704,12.908445474505431,11.85826041195542,11.106097587943081,13.423563754558566,11.782791280001401,16.35971519947053,10.555591291189199,10.163251510262494,17.766686201095574,16.179798007011414,14.683709001541141,15.602527189254763,13.682832095772032,12.712952122837308,14.574905502796174,13.601139026880265,13.548509359359747,12.454742476344109,13.500191867351532,13.541872262954708,13.350274880230424,12.01226350441575,13.289931127429009,15.028996455669397,14.098419982194907,11.537328958511353,13.175699907541278,12.650435748696328,12.438806788623335,16.354260051250456,17.13232197761536,13.750326246023182,14.107218527793886,12.446137037873267,12.158299937844273,14.632098603248599,13.086182337999343,9.954730520956222,15.206851059198394,11.920402573049078,15.00625213384628,11.010426048561934,11.50890186522156,14.071810674667358,15.484665679931647,13.038504508137706,14.191723167896274,14.537535929679867,12.783414560556412,13.131658175587651,11.648886495083577,14.729533517360688,15.16911894083023,13.567613784968856,14.132231712341309,13.958605504035955,15.904637640714645,11.715514676272871,12.673302789032459
2080,11.022906465828424,9.891586781665685,12.4433305747807,14.869315332174304,12.252006372436893,12.168749687075612,11.291548068879639,9.851448981917933,9.698453070223326,10.280669176764786,7.999620753712955,10.79722673147917,12.575849929451945,10.607590675906245,11.927409629244355,11.410091553628442,11.24305591434241,11.41451381114312,10.521556872874498,8.372449178155517,10.702111350744962,12.599523067474369,12.5168069999665,12.873326641321182,14.082495820522308,14.610449814796448,8.16332718878985,12.833138638734827,14.100313335657116,10.123697266727687,14.187759181857107,14.241684544086459,10.5092482842505,10.735734219104048,8.418493233621115,9.614240626618265,9.844205951690672,12.113188536465165,11.56921520922333,10.865531054139138,10.711436880566186,10.58301434386522,10.888412060588596,10.346282244659964,16.50932426452637,5.542140083014962,13.587269923090938,11.174828540533781,10.48110962584615,10.363504249881943,10.510833171196282,10.609248680248857,12.0944484366104,13.237321195937696,12.187350621819498,11.310897647053933,11.1738519743085,8.226835945248604,11.58164955377579,7.904168715560806,10.476121899485591,8.48286393508315,8.700037154555323,7.722681772708897,9.1475163884461,10.725023558363318,11.295104317367073,11.896080500632523,14.482967853546139,11.120641459804034,9.80338927209377,8.690938925743104,10.576042596995837,11.624242219328881,9.834630467742684,9.907880026102067,10.869141392409801,10.816416812874376,13.526881602406508,11.168874594569207,12.302955323457724,9.856244979426265,11.30713239237667,9.114515824662522,16.398864734172825,9.12677329182625,10.066592113487424,11.26893416196108,9.943769121170043,11.151643379032611,11.80506278574467,10.733194833993911,11.986452304571865,12.428903527557857,11.160814198851583,9.086771480739117,13.110852340888234,9.495506433770059,12.381354882568122,11.613855405896905,13.282961579039698,11.074997173994783,9.633433950948525,10.553700973838575,9.620654043182729,11.03488655164838,9.927239899337291,9.600605583749708,10.108739047497515,9.0056525580585,7.992656180262566,11.04027195242234,9.262286163121463,13.838354302942761,7.737217154540119,7.121768324077131,14.579683530330652,13.46807795912027,12.771402257680895,12.976884371787312,10.623408656939871,10.122914182767271,11.88462964221835,10.535469242185355,11.233095438778404,10.012472029030326,10.616414351044288,11.066225472837685,10.919359676539896,9.10137268155813,10.6250536903739,12.818768075108528,11.341705396026375,8.85027930364013,10.727892296016218,9.806435390375558,9.85244794422761,13.712873008847234,15.002952766418456,11.641754589229823,11.922182685136795,9.758733679912979,9.580890495330095,11.77165287602693,10.592893187701701,7.127465730160475,12.40496882570442,9.273397694155573,12.300532106310131,8.38875136747956,8.409316519275313,12.075011830031876,12.659694797545667,10.19048340683803,11.932970003434457,12.316236483864488,10.12401703670621,10.242840016260734,8.830863922834395,11.92002400942147,12.23921921700239,10.53147692773491,11.317847052961591,11.62345213592052,12.922952044173153,9.127876990661028,10.193550196290015
2081,11.987255915999404,10.96423231288791,12.899964598566296,15.902499887347224,12.61184575483203,13.20207346752286,11.599884426593784,11.216886869072919,10.833636624366044,11.530833090841782,9.255423577874893,11.86951805241406,12.984789665043357,11.588244604319346,12.09153162315488,11.74572422355413,12.149108725041152,12.39291290566325,11.574152439832686,9.522098615765568,10.893325448967516,13.235793340206149,13.141426501522076,13.298895552754406,14.6621092915535,14.896515738964078,9.418690435588362,13.298809938877824,14.698062497377393,11.225956208258863,15.263161419332032,14.401507456600665,10.833072011917828,11.738657435774808,9.670073015987873,9.779787579178814,11.159081070870164,12.461991882324222,12.470365526527164,11.868068552389742,11.182544058188794,11.069041508436205,11.948541013896467,11.588027567416429,18.195917367935184,6.7819945268333,14.152366369962692,12.222648193687201,11.619282454252241,11.627915805298837,10.88846221119165,11.708625074476007,12.457409875839959,14.466873930394659,12.532176156342034,12.285590632259844,11.805175673961639,9.47128915041685,12.316020571440465,9.15395277813077,10.832397475838661,9.729471927136178,9.872451148368423,8.922515776008368,10.408310940861707,11.813362524658446,12.170661747828131,12.174155981093644,15.255625540018084,11.718255034089088,11.085274000093339,10.035825162380934,11.477786284685134,12.567344662547113,10.103023493289955,11.023386627808211,11.654463068395861,11.364028904587032,14.322103261947632,12.133266235142948,13.231178062409167,11.195527850091464,12.254046913981435,10.330622565746314,18.182989740371713,10.255121635645631,11.20733415903523,12.280061807483431,11.112330532073978,12.168975841999051,12.755841270089155,11.247854609042404,12.236324667185553,12.836064983904361,11.39715734161437,10.263435056060555,13.286556407623,10.804102334380154,12.720696589350698,12.131159842014311,13.935197497718045,11.275061937049035,10.955269017815596,10.962631134781983,10.985926564037799,11.394117569923411,11.098324203491211,10.78712549582124,11.389696776494393,10.310255065560343,9.232678501307966,11.592211965471508,10.363414005935194,14.577172340452673,8.996388036757715,8.245222932472824,15.620891389995814,14.259412371739746,13.099895167350775,13.263739299774167,10.848615441471335,11.29372096024455,12.583651795238254,11.767573779821397,11.727823925018308,10.441572793200612,11.834720286354425,12.134865114092824,11.981029218435282,10.361666408181197,11.841930741071701,13.282768401503569,11.570747705036778,10.053867340087892,11.789830007404088,9.98639100641013,10.98556288285181,14.450918480753899,15.542881488800054,12.494054999947553,12.362514617294078,10.917633368074888,10.736050915718087,12.131209754943857,11.671025034785272,8.241229470819231,12.759969592839479,10.427305915951731,12.596297986805435,9.547210210934278,9.696960605680937,12.890353047847753,13.16535077095032,10.378733485937115,12.382769869267943,12.714935326576228,11.250289490632712,11.59061408704147,10.114429532736548,12.243818061053755,12.818880456686028,10.879098969697955,11.630087909102441,12.124588310718543,13.798890761286021,10.137899944931272,11.225302264094353
2082,10.35975775718689,9.30076248496771,12.674559722840787,14.524750113487247,12.250302679277967,12.69611455351114,11.241019494831564,9.779141451139006,9.032645364524795,10.251896050199866,7.8382642060518295,10.67583936303854,12.780422022938737,10.563730307668443,11.909696668386449,11.317871028557423,11.148083399236205,11.329937379993499,10.409824950993066,7.850288847833868,10.675438828021289,12.244650495052342,12.367206860333685,13.085428285598757,14.352213358879093,14.525001835823057,8.089221151173117,13.042132863402363,14.397401869297022,10.008280429430316,13.906375783681872,14.204391890764239,10.438820055127147,10.62251345217228,8.251903820224106,9.559835307486356,9.731581977009776,12.023074981756512,11.27733900919557,10.748957647383222,10.808737159892917,10.525347484648231,10.776461559534074,10.306576098129156,16.47547197341919,5.4950640043243775,13.926105308532712,11.102132850885395,10.374377526156609,10.213211198512003,10.405387773737317,10.489926319639201,12.072510896995663,12.790337166935213,12.435759660601613,11.252458216249943,11.343874434009205,8.075106022134424,11.906352727208288,7.836282734572886,10.553797547332943,8.445745055377483,8.073225533403454,7.206431761756539,9.000709257647399,10.595046905055643,11.227430453896526,11.91644243467599,14.790922462940216,11.122959746606638,9.679106309264895,8.595582810509951,10.572103934409105,11.56080300435424,9.844538296759126,9.227864074334505,10.926346832513806,11.01934662535787,13.617193526029592,11.05575008094311,12.783448631688952,9.808514816313979,10.894732202123857,9.057721312344075,16.359098815917974,8.939766103029251,9.936939454544333,11.24162406027317,9.820855252444748,11.053111786767847,11.754587247967724,10.937034550495445,11.904813525825743,12.64562638401986,11.147763310372827,9.047842432558536,13.103011387586594,9.400791774317627,12.404514256119729,11.801266933977608,13.570277494192123,11.056132574379449,9.518193700024852,10.64073420614004,9.507822888530796,10.947391310427344,9.7799132630229,9.459883960336443,10.058913318067791,8.907822398096318,7.824138465151192,11.237189956870868,8.580303085967902,14.302589017152787,7.665541675686839,7.017870408669113,14.214815080165858,13.836276447772974,13.01154565215111,12.944894405268133,10.570889131724833,10.017731972783809,12.119591598678383,10.389956789277498,11.444105919450525,10.167415569722653,10.542636869847778,10.507732209563256,10.796681297197937,8.822501655295495,10.511752615869039,13.017867654561996,11.331689813733103,8.213411641307173,10.05071322619915,9.750523009523752,9.714371077157557,14.057787102460859,15.258752679824829,11.572901030629874,12.163970582559703,9.610438630729913,9.445986696379261,11.693585422867908,9.873848176747563,7.076492945104841,12.432998293265706,8.62820243295282,12.211094989627593,7.7492286808788835,8.268193997442724,11.999542249739171,12.569441951625052,10.134798345947633,12.12505528628826,12.538213905692102,9.983981379866599,10.126475706323978,8.765213294792925,11.904855124093595,12.122609037067742,10.43142551090568,11.272543371468782,11.819241838902233,13.3618676211685,9.108356318622828,9.525237026438118
2083,9.462601993978023,8.310846430063252,11.23206273429096,14.463058960437783,10.80589502826334,10.501049027405685,9.913113454356786,8.85583545602858,8.158801746368407,9.186720820143817,6.82842390649021,9.427482921443879,11.45572185516358,9.903856722358615,10.589696499705312,9.971222574263809,9.801745446026326,10.163173379562796,9.054760756809257,6.958021092787385,9.406014867033816,11.10533587634564,11.476692796126006,11.784519818425185,12.87416080832482,13.737506729364394,7.199367065727712,11.620362006872897,12.918035972118371,8.700529478862887,13.786777967214594,13.085061836242676,9.227363677695392,9.223937907919751,7.279000270366668,8.248007074370973,8.807800623029475,11.07588444240391,10.181566175818443,9.46620526295155,9.325408883579076,9.208449080958967,9.455552047118543,9.381835642084477,15.990624928474427,4.463195686787361,12.284617054462432,9.818465949432,9.040842730551962,9.364268298540264,9.011985400319096,9.57310094963759,10.66620233170688,12.72714087590576,11.144057513773442,10.428682176023718,9.878419606573882,7.135473901033397,10.078084731521084,6.9094076220877465,9.096643251180652,7.516225634142754,7.219005584716802,6.332793647795915,8.096758317947392,9.179683495312933,9.807976089790468,10.52909525409341,13.486204946041118,9.884786522388458,8.539300246536735,7.711298510432243,8.99211453795433,10.404738035798072,8.470940929092471,8.339456725120545,9.423285192996266,9.323085653036838,13.154277837276458,9.878178657591343,10.696568326844138,8.853120918199423,9.852513327449563,8.170863805338737,15.865320873260501,7.678089048713443,8.595860631018876,10.537525302171705,8.431565191084513,9.865361008048058,10.624875114858147,9.327337807137518,10.765389201790093,11.312622750550515,9.820122690219428,8.027946111559869,11.884281154349445,8.51924092695117,10.989514844492076,10.202698508463802,11.915189483761795,9.728549048025167,8.635074368491766,9.214244647417225,8.576405143737796,9.506091828644282,8.883758421242238,8.072123413532974,9.143138804286721,8.00722717121244,6.933630022779113,9.669163834711068,7.706293720006945,12.474050831794745,6.769187553972008,6.035669025778771,14.160943198204034,12.036298963427551,11.834618568420414,11.672493133321405,9.16193823870272,8.763098526746035,10.547915333136922,9.572063918411732,9.95991985499859,8.696982334367934,9.565953201800586,9.539762362837791,9.475986905768513,7.8866111919283854,9.428057922050353,11.615995033085344,10.00041719600559,7.361682438105345,9.171097958087921,8.42902116924524,8.42020537406206,12.332783299684522,13.893366360664368,10.351500864326955,10.738128164410586,8.28830607440323,8.119816113263372,10.326569661032416,8.972388979047544,6.137880211882296,10.967723664268858,7.7657998442649845,10.972114792233327,6.896593673247845,7.320055300742394,10.788494226336478,11.54851963659749,8.809476879984139,10.651752768456944,11.125925540179018,8.446146664023397,9.233512357249856,7.869717100262642,10.524002974480391,11.308848893642429,8.995753085613243,10.07204555869103,10.257049375772475,11.367657200247049,8.240764755010607,8.565250992774963
2084,10.927936273813241,9.60129524823278,11.977714622020724,14.47501400709152,12.01680073132739,10.98685958832502,11.019476768001924,9.78540830165148,9.542561516258864,10.115960651263595,7.599792920053007,10.499343711137776,12.143701195716853,10.325228787958624,11.600975222140546,11.183138743788003,10.811371684074398,11.174139362573625,10.12917207963765,8.159477378055458,10.364195960233344,11.969660472869872,12.046716933697459,12.484524172544477,13.267578756809238,14.286426478624346,8.030132498964667,12.337379640340801,13.199768841266632,9.776172607950866,13.69116240739823,14.085690939426424,10.256842607818541,10.297132206149401,8.144846864510326,9.260917438566683,9.773013240098951,11.77134856283665,11.368298351764684,10.496055319323204,10.326035893708479,10.33907949225977,10.519368243217468,10.220810206420719,15.889425539970409,5.152589879184967,12.493671405315402,10.866112292557952,10.172380167990926,10.102173207700252,10.229871037974954,10.15469082891941,11.869474078714848,12.500119744986298,11.76269383430482,11.051053816080099,10.783121915161612,7.928881425410511,10.771354840695857,7.713837870955468,10.06422311477363,8.28968024775386,8.537796585261825,7.543389348499477,8.965056740492578,10.310455801151692,10.82275286689401,11.567130391253155,13.73956454992294,10.850447762757542,9.622338392212987,8.621220589149747,10.059657307807361,11.431339758634568,9.467715953476727,9.77292137593031,10.40083425343037,10.259138912335038,13.418006169795996,10.847728118300445,11.13666775096207,9.768015036731956,11.105069541931153,8.987231728434557,15.707090878486639,8.778949433565135,9.726306026149546,10.998905871808528,9.57916842431296,10.928982704877857,11.642679595947259,10.209571342077108,11.639832407236103,11.978418141603473,10.807685375073927,8.922835428640253,12.87882755100728,9.433370159566405,12.103401299007235,11.081948646157976,12.430342078208923,10.69771016635932,9.556720295548436,10.18041947856546,9.573870107531548,10.750701271928849,9.577528461860496,9.21814430095256,10.022422552853822,8.890585731156165,7.75934251286089,10.568634172203025,9.02838136553765,12.8735678255558,7.5776137836277515,6.701900332141671,14.048649001121523,12.398876285552985,12.388208949565882,12.791132658720016,10.263660173118115,9.834668614715337,11.138894699886443,10.321058082580567,10.783409516047687,9.567624530196193,10.512616027100012,10.914059120416645,10.553328672051437,8.9372106693685,10.447632482834157,12.39340087771416,10.959166035428641,8.728026170283558,10.623347559571267,9.420039090141646,9.517640901170669,12.656125289201734,14.150209522247312,11.291308587789533,11.476826083660129,9.412823140993718,9.228400922194123,11.558321764320139,10.37757838740945,6.780304346047346,12.1368706073612,9.108458527177572,12.129629451036452,8.21633580774068,8.205110984295606,11.721446275711065,12.334882248938081,9.820169055520095,11.414214377105235,11.796550056338308,9.619708332419393,10.190885120723394,8.729553837096326,11.605733346194034,11.846811690926554,10.265666865929964,10.960300994128918,11.126874335645699,11.740916746854781,8.872236079722644,10.03856296222657
2085,12.578883427381509,11.505966494977477,13.45210979878903,17.031204485893255,13.233051049709328,13.590750512480739,12.298117822408676,11.455996788293122,11.440324622718617,11.732030346244574,10.246288151200861,12.22783465757966,13.524743705987927,12.449916324764487,13.043011385202405,12.484028463065618,12.445823309011754,12.741343700885771,11.910444581508639,10.20294393664226,11.748619207739829,13.85792462229729,14.165603278577327,13.79146323204041,15.176042056083679,16.232016730308537,9.681636589020485,13.826807895302782,15.132070803642275,11.551567096309736,16.381933867931366,15.312259918451304,11.663547889888289,12.064276105910537,10.548282764852045,10.728093838552015,11.399009070545436,13.673707273602488,12.989200091362004,12.223775631189344,11.739888148696632,11.67511540800333,12.337817271053797,11.875354078039532,18.130923485755922,7.172152829915286,14.691700720787049,12.568931860290467,11.972372026741514,12.528042167425156,11.593702243268492,12.689466872811318,13.104351234436042,15.887619835138324,13.10360378623009,12.977124637365339,12.284181372821328,10.379456177353864,12.753673717565833,9.429368866607545,11.491179642966015,10.085179360304032,10.46204216852784,9.606721507012846,11.259932260215285,12.118686667829753,12.478450626507405,12.865007413923738,15.691534197330473,12.253635105490686,11.338306979276245,10.251478332653639,11.813051816076042,12.93308156728745,10.894380969367923,11.589503847062586,12.047965741157531,11.81322351042181,16.211732447147373,12.510353802144532,13.638479800056668,11.395994574390357,12.790675956010817,10.610975554585455,18.093386554718023,10.605710403434935,11.597323736920952,13.099077029526233,11.48751025204547,12.558687908947467,13.082373750209808,11.699262990802527,13.36050544530153,13.41657755076885,12.168890511989591,10.670144405402244,14.176088351011277,11.059878531843422,13.327503080666066,12.651099685952076,14.415718081593514,12.058926500380037,11.177947313338521,11.633487748913469,11.223017117008565,12.086201205849646,12.025823095813394,11.161254118755464,11.62655592113733,10.562305112276228,10.101911414787176,12.022179023548956,10.951680227462202,14.923471516370777,9.262124176695947,9.028894758224487,16.8391487956047,14.696567577123645,13.692436689138415,13.983603447675705,11.809188135340808,11.594527630554513,13.100977621227509,12.622231557965279,12.292529754340652,11.071762111037973,12.124022310972217,12.70809470415115,12.288551551103595,10.917499469593164,12.130611410737036,13.80360580384731,12.304992918670175,10.63217629976571,12.394108116626745,10.845976883638652,11.362833458185198,14.915443861484537,16.048166942596435,12.844633069634435,12.917662000656122,11.314805069565775,11.068894894793628,12.83351952135563,12.270620118081569,8.723247859301047,13.378236085176471,11.040014985296871,13.361242884397512,10.140698198229076,10.282311082864174,13.17069195508957,13.959572845697403,11.241910198330881,12.952323302440357,13.32809908390045,11.556927290558821,11.805538903921846,10.344735512137413,12.91028006076813,13.764371453970671,11.644938393635675,12.453027646243573,12.61072534024716,14.255207645893103,10.578186859935524,11.827594183385376
2086,10.944081990420823,9.780532705038791,12.29155469015241,15.287682014703751,12.02321792582516,12.61075814515352,11.06592638324946,9.749813099205491,9.61536274831742,10.212882830575106,7.513081379979845,10.720032538473609,12.439012643694882,10.430325845838524,11.573763364367185,11.183769473060963,11.122487358748911,11.331136530637743,10.414222039945887,8.174612543359398,10.424542643129824,12.130592471361163,12.55711598340422,12.737143406271931,14.174235612154007,14.680301380157468,8.020650444924833,12.697526547312735,14.25933359861374,10.01360075697303,14.684062713384629,13.902213186025616,10.251665690541271,10.614232237823309,8.031483307480812,9.297001950698903,9.701728060841564,12.084168098121888,11.474236685037617,10.750741890072822,10.549839735031124,10.393960376735778,10.792393163138327,10.192276021000001,17.167012095451362,5.213478725403546,13.755532950162888,11.09248906373977,10.415314872376623,9.906110243406149,10.268029457330707,10.087438205070793,11.895810246467594,13.795542028360066,11.996218708157546,10.915271303057668,11.069457093533133,7.801085096597677,11.683673654962332,7.719044563174251,10.24838297168244,8.255681766569614,8.604577149357647,7.5541517036035675,8.769105003029111,10.647239097952845,11.124916149675846,11.661031360412021,14.623385572433472,10.935657165944573,9.72023283168674,8.569013185799122,10.446764755621551,11.563888192176815,9.57079763254151,9.839151236414912,10.745793141936879,10.676661036908623,13.573431831598281,11.034599368646738,12.68648836314679,9.782852394739164,11.212816491769633,8.953174448758366,17.07002757787705,9.024401839822529,9.976117665320634,11.097889794211376,9.85281782913953,11.092876286059624,11.758582502603534,10.604376984667038,11.82447544336319,12.278270596265795,10.91302705332637,8.89911698997021,12.786146992444998,9.335289025306702,12.193694919534025,11.468351999670276,13.371479681134227,10.773963629454375,9.484457162767649,10.363038649410012,9.506828560680153,10.758195425570012,9.449986821040516,9.503469751123337,10.013211624324326,8.813762379623952,7.604606226086614,10.914284651353958,9.155909582576717,14.134353476762772,7.564016738533974,6.712351825833321,15.052537846565238,13.726821677386763,12.612595444917686,12.707411793619396,10.249871518462902,10.016170345246788,11.98583971257322,10.093098748847845,11.094390995241705,9.832074760831887,10.49219071082771,10.991715019941333,10.840989623591309,8.878540657833218,10.515547664463517,12.684148469567296,11.059119468927385,8.773802549391986,10.658533678203822,9.46895245143678,9.769198465906083,13.923714813590049,15.133934378623959,11.490685600042346,11.762803930789229,9.669925968348984,9.481391951069238,11.551762302592401,10.492507837340233,6.79386907471344,12.19708353816532,9.183771636919118,12.072021863609557,8.295759670622646,8.14081292450428,11.956288966536523,12.621656478941441,9.86346592381597,11.78242554068565,12.132511544227604,10.02151530236006,10.10837248004973,8.73032530397177,11.710888966964564,12.278160646557804,10.266920455591757,11.122522987239055,11.472374883783056,13.257781988382348,8.808391127735373,10.121702723950142
2087,12.174003982543947,11.24528599455953,13.953445550799373,16.516766804456715,13.235660399496558,14.274373765289786,12.299605034291742,11.339632725715642,11.055913897603753,11.673016180098054,9.759522073343396,12.44423843240366,13.977416032552716,12.00969465598464,12.938101902976635,12.455788002908225,12.681799812987446,12.93097449839116,12.151514959335334,9.819542723335324,11.707000610791145,14.007920032739642,13.909241436421876,14.246562862396242,15.660488003492365,15.789951157569885,9.554561192914852,14.33180259168148,15.626922452449799,11.789480447769165,15.93429737091065,15.148193717002878,11.584259592741734,12.309223289787775,10.181581964343792,10.65887247342617,11.336532849073414,13.343214658461523,12.911477854847911,12.434682516008618,12.121847587823869,11.667657534033061,12.576817749813195,11.747036173194653,18.284335315227516,6.975423401594169,15.256172245740895,12.815250363951781,12.226021511107685,12.07861236184835,11.586814789474015,12.151850005239245,13.104504802823064,15.29605288803578,13.522796189785007,12.625246796011927,12.751816844195131,9.959269653633246,13.389544115960598,9.30238980054855,11.761241972073908,9.941991648450497,10.110269696265458,9.218989091925332,10.891007781028748,12.376025844737898,12.732017119508237,12.877530482411387,16.115545010566713,12.236255740374322,11.454615218937402,10.138042996078733,12.178981781005861,13.11439137458802,10.995181055366993,11.206379130482679,12.451393553987147,12.439036400616171,15.004575562477111,12.698119023442263,14.299590195715439,11.315095975995064,12.644905462116009,10.483643960952763,18.283662045001996,10.813364565372469,11.856363932415844,12.697633310034876,11.762229407578706,12.759873017668728,13.260780578851703,12.279698299616573,13.131808812916281,13.847719204425818,12.158777301013469,10.562926004827023,14.055628421902657,10.921763160824778,13.346509408205751,13.222254537045961,14.989022466540339,12.058966901339593,11.066446855664253,11.923779986053702,11.167041289806367,12.095953778922565,11.537233790010216,11.442994481325153,11.531765127182009,10.425534282624728,9.693556636571891,12.634608843550089,10.566989390179513,15.447097527980805,9.126494257897136,8.63981444407254,16.3220914542675,15.298205211758614,14.063569056987765,13.924745124578479,11.730169621109962,11.77361889667809,13.580163218639797,12.180005314946179,12.791580075910312,11.476060885190957,12.016623207926752,12.443619960546494,12.534429619833828,10.678940671682358,12.189652464166285,14.296835500001905,12.314842538535594,10.274593222141268,11.990618699789048,10.826468049734832,11.609929590765388,15.516290140151977,16.465550673007968,13.027702742815018,13.390834677219392,11.5757704846561,11.327330152690417,12.8116287946701,11.864206841588018,8.481598960561682,13.388432475179439,10.671001971140504,13.299512374401095,9.781273820251226,10.049866501428188,13.367443978786469,13.815075432881713,11.21389091610908,13.44679716676473,13.81228739619256,11.852485778927804,11.705435997247701,10.247269814461472,12.931974832713603,13.545106757804755,11.626520694140341,12.382189295440913,13.171695787459612,14.918554273992779,10.371586078405384,11.429623410105707
2088,10.56592094153166,9.35306471586228,12.83148861229419,15.5953920185566,12.357334601134067,13.981442289520057,11.401461169496176,9.067160019278528,9.173393661901352,9.562517741322516,6.028275235742329,10.453900468349456,12.950883543491372,9.736270329356195,12.060947895795106,11.524409017898142,10.828418760001659,11.106448590755473,10.125864568725238,7.490816921903755,10.826918229041622,11.997102385759352,12.9608900859952,13.241379201412204,15.16405152082443,14.406182563304899,7.360333013068889,13.261868688464162,15.380906105041504,9.7529456270393,15.057576173543941,14.351906430721282,10.535350468568504,10.303525287657981,6.602294531464578,9.738746517896653,9.076757883094253,11.950190725177524,11.182074379920968,10.483304397016763,11.00040793921799,10.552040918171407,10.573238578438763,9.576234444323928,18.14816230535508,4.572169602662322,15.050768750905993,10.897110756486653,10.122377717867495,8.675421710684894,10.602682736515998,8.818906080909077,12.219729026034477,14.207176959514621,12.573117989301675,10.137684318423275,11.446648663934319,6.429538948461409,12.607436595484616,7.057941875304091,10.722197038680315,7.637947014626114,8.180496889352803,6.907254196703437,7.459329202026129,10.312101330235603,10.865445148944863,12.036293610057339,15.615832436084748,10.956573452241717,9.275554766599093,7.896167076006532,10.314347032830126,11.344266974926004,10.01875014007091,9.390586670488117,10.830945849418644,11.210236385837195,12.22813374996186,10.817655593156815,14.039528752118366,9.066922593116765,10.895634347200396,8.329541389644145,18.118023681640626,8.729714201018217,9.692119212896793,10.41116434233263,9.551681528426707,10.852096512913702,11.542421495914464,11.113673571450637,11.975855159386997,12.81682092547417,11.28213773677125,8.410254437103864,13.250115120410916,8.703057702630758,12.520231828093532,12.014670993387702,14.328511813282963,11.178653190005576,8.8114374704659,10.839590960531504,8.854615730792283,11.10889930427075,8.161283139139416,9.1970873972401,9.33246234022081,8.179849258810282,6.385647289711055,11.43354237624445,8.70239795297385,15.292883858084679,6.919484117627144,5.550831334292892,15.406370007991779,14.989076629281048,13.158098012208947,13.088800620287653,10.739771698415277,9.649749701842662,12.8321554388851,8.91741266043391,11.629592827241868,10.362119233654816,9.93570309206843,10.628232008963817,10.536186228506269,8.039688651263713,10.057653283514087,13.195931038260458,11.453295066580175,8.35333996489644,10.259220634400844,9.912068764865397,9.48916254946962,15.199105694890019,16.235426700115205,11.28041016459465,12.315738575160498,9.37902441956103,9.203121752850713,11.874356358498336,10.042751911282547,6.108425490185622,12.546310529857879,8.73957663476467,12.424046811833982,7.87421326637268,7.015685000643138,11.708612984418872,12.969974195817485,10.290369202196601,12.326503675431022,12.734233489632611,9.648878141492604,9.429345479980114,8.037468311004346,12.029520272983067,12.660890273749827,10.622863341867923,11.523526718094942,12.004260029643774,14.624791444651787,8.345067805796868,9.663891812041399
2089,10.21292007267475,8.964596714079374,11.742766118794675,14.681312048435212,10.892761715501546,11.779987640306354,9.98834109306335,8.843605307862163,8.86624703556299,9.125249445042572,6.800769450142984,9.905240183696154,11.940715232491497,9.585032610781486,10.601172362640499,10.089153835922476,10.226166267693047,10.619774816930299,9.533401247859006,7.503803902491926,9.41512224413454,11.601832962036138,11.567203151714054,12.264303237199787,13.670595490932465,13.479535782337194,7.150151808932421,12.154027348756795,13.779995810985564,9.170842015556998,14.031736004352572,13.137676107883456,9.280344420019539,9.685246722796006,7.3282243140041885,8.264167459541934,8.81697848327458,10.907937784306707,10.760575167089698,9.932305098697539,9.740700232330711,9.276489105075607,9.95438345856965,9.33250566280913,16.45532569885254,4.214885582774881,13.202308702468875,10.287427715398373,9.51155360117554,9.455756674706935,9.120388779882346,9.569127865880724,10.765019660815602,12.927966344356538,11.56237811744214,10.407608804106712,10.425835634022949,7.167508280277252,10.967460111156111,6.791069235652688,9.365007803216576,7.369338911771777,7.895046367682515,6.880261148884891,8.16480470597744,9.662031116895381,10.20071108592674,10.540592673607179,14.229976654052734,9.874943704158063,8.827022235374892,7.6724120620638105,9.449894221127034,10.875354558229446,8.628012179583312,9.065904001146553,9.914001557230945,9.937620612978932,12.701268762350086,10.326920792786408,11.907951654447247,8.790150441974408,10.48895967379212,8.12361306548119,16.331300544738777,8.173192551173269,9.082468385249378,10.26391127002425,8.905478873243561,10.360906171426173,11.083090946078302,9.910226670745761,10.691284132748843,11.786069361865518,9.839171128720047,7.946486418694251,11.908220665901897,8.483088195882738,11.06262340731919,10.79691462144256,12.72853568196297,9.714657385274762,8.58318105470389,9.592255923873742,8.59679709095508,9.60777468904853,8.913965441100302,8.547134871035821,9.08897774219513,7.92698269821703,7.044309773296123,10.265898718405513,8.402341584116227,13.480038732290268,6.684468226134774,5.943922827392816,14.35894273519516,13.076009315252303,12.231055063009272,11.747684189537539,9.162166569009424,9.124635794386263,11.296395075693729,9.67946102991701,10.516027526557448,9.161361714638765,9.565489640273157,10.24959247391671,9.945188529789444,8.113325136899952,9.65974770300091,12.138897289335734,9.986030689626926,8.038994736969475,9.93108903616666,8.433626998122786,8.90017942553386,13.33516216874123,14.720409548282621,10.765058766305454,11.233871349133551,8.782287917542275,8.59165411554277,10.452413161844023,9.702965295780452,5.974624145793494,11.028078668378296,8.45173947624862,11.094693387672297,7.588738148845737,7.328800915554166,11.19179524779319,11.647153539210557,8.817063008248805,11.19108630232513,11.613233447819947,8.937292746454483,9.191651740670201,7.807194672524927,10.5821204951033,11.38552190065384,9.111122928280391,10.100561896339068,10.833671240508561,12.515971398353578,8.098157585784794,9.260120224952699
2090,13.721343588829038,12.85726514458656,15.662590947747224,18.047219645977016,14.61601593494415,16.126099450513717,13.640880966931572,13.015353523567322,12.728749062120915,13.36829139441252,11.704047115519652,13.684377390146258,15.567627090215689,13.85976844727993,14.371820949017998,13.850576050579557,14.077719433605674,14.060232344269755,13.545879562571642,11.43066422343254,13.071968211233619,15.01907508969307,15.532725435495376,15.757893133163467,17.092637574672704,17.41529710292817,11.221883207559582,15.994545659422878,16.935113549232483,13.089248742908234,17.536032295227056,16.35757609605789,12.999085924029355,13.746224932372566,11.909464858472347,12.101924538239835,12.926445214822891,14.997032231092456,14.276028031110764,13.756422851048413,13.744048355519775,13.103292994201189,13.929657272808257,13.410519676655534,19.16487845182419,9.078524757921697,16.82454018294812,14.139645378943532,13.547355625964702,13.696104207634928,13.02323733768427,13.988731263577941,14.49488466829062,17.16944524645806,15.137896597385406,14.198478674888614,14.388879850879317,11.695941875874997,15.192274525761613,11.063379760086532,13.36207867860794,11.749888980388643,11.791884740092788,10.877182077616448,12.487237031757838,13.827166199684138,14.167104775086042,14.28101546019316,17.393737375736247,13.695772492326801,12.837834425270561,11.769405457377436,13.886388266831641,14.228476881980907,12.49542776942253,12.868185012228778,14.101547465473416,14.3899518430233,17.00305209159851,13.883671146631235,16.08872886002064,12.993970809876918,14.028190526366235,12.107899615913631,19.22701989412308,12.100038345903156,13.198367996513849,14.551247027516364,13.155361728370192,13.907130867242813,14.32935717105865,14.150632339715964,14.70192817002535,15.498016059398655,13.535392686724663,12.29911002516747,15.364745363593105,12.571969499019904,14.720444984454662,15.09596821069718,16.6378062337637,13.437210603058343,12.707513498701156,13.531902658939362,12.746362383221275,13.549559681862595,13.290331428498027,12.841180764138699,13.157478671893477,12.11202602535486,11.300721088051793,14.423875781893733,12.240324347466228,17.039173060655603,10.831928549706939,10.553561769425865,17.99757374525069,16.864139746129517,15.56283657550812,15.210448801517487,13.272091557085512,13.166279105283323,15.297661291807888,13.727260582149025,14.526548243965953,13.194810488820082,13.665487468987706,13.925105616450313,13.877272733300924,12.290980388969183,13.635445482470098,15.946267968416214,13.701220408082017,11.967897129245104,13.568698322772983,12.243968249671157,12.893049889802942,17.043041506409647,17.7247957110405,14.24530302882195,15.096624591946597,12.9080810546875,12.63761483579874,14.194855807721618,13.532667382061476,10.347255981387566,14.799969486892229,12.362113174051057,14.603986415266988,11.44687875881792,11.74620809555054,14.592403221130372,15.221599823236465,12.629026409238579,15.24381295517087,15.535700681805611,13.453072002530101,13.363577715540307,11.88824945688248,14.308783105015754,15.026699754595759,13.107103086449206,13.801125469058752,14.984611897915599,16.676277242111986,12.089204054698351,13.171291639655829
2091,12.89514906555414,11.98063316894695,14.105504097417002,18.27062907218933,15.094136911630631,14.616543841361999,14.136560371518133,13.142719984054562,11.848284205235547,13.521646505594253,12.157359245419508,12.875456167384977,14.120486296713356,14.052608782052996,14.856697583198548,14.34496339857579,13.181533208815384,13.331930395960816,12.66672936603427,10.94468350857497,13.590642929077152,14.298725306987762,15.937726587057114,14.371551960706714,15.906359535455712,17.784499037265782,11.373502366244782,14.500748276896775,15.881337404251099,12.260251438617706,17.656636905670172,16.779224121570586,13.47462822198868,12.832016699761159,12.268127831816672,12.614097766578197,12.97865864336491,15.418935060501099,13.504708115011459,12.928252868354326,12.842159363627427,13.54192086905241,13.025372311472893,13.540866357088095,18.90941942930221,9.262610177509487,15.606629472970969,13.28184335194528,12.67545139193535,14.119885420799259,13.53426387906074,14.443248456716542,14.98014739155769,17.4182794213295,13.702552345395095,14.480315506458286,12.934091378748414,12.097418120503429,13.63441248238087,11.206931578005605,12.865480307489634,11.920987792313095,10.904574964940547,10.35797669668682,12.841421958059083,12.894313445687299,13.255374805815515,14.773119518160822,16.298741108179094,14.059844848513602,12.41994524896145,11.920697933435441,12.687755672261122,13.524445787072182,12.501789607107636,11.977703592926268,12.815162937343127,12.619542014598846,17.17968178987503,13.139434494450688,14.667485821247112,13.132351785898214,13.252811627089978,12.2497104793787,18.934145569801338,11.262767627649014,12.32792478743941,14.737964731454847,12.242074565589427,13.169087943993507,13.642707911133765,12.455485001951462,15.17104202508927,14.015454377233983,14.04459197968244,12.528644897043709,15.823016756772997,12.704719942808154,15.20453401207924,13.39422841668129,15.234319010749465,13.91365155279637,12.862137943506246,12.819423057138923,12.809381258487695,14.038930609077221,13.701295500993734,11.919826155528426,13.296495527029037,12.255531492829324,11.622263480722905,12.770532149821523,11.378205316513773,15.803811411559588,10.988265249691903,10.91119555234909,18.177451336383808,15.58437990956009,14.219996696710599,15.672305464744568,13.79015367627144,12.52612008601427,14.083221381902694,14.117552000284197,12.92743195444346,11.979858335852626,13.81931775212288,13.125531343370676,13.008509837090973,12.18086598142982,13.283282840251925,14.436125583946708,14.199751980602747,11.058257189393045,12.744991361349827,12.74420286640525,12.047928525879978,15.791487286612398,16.737859380245215,13.488715893030164,13.553032134473327,12.037250716984273,11.773226523399352,14.694377249479302,12.66890483498573,10.564536106958986,15.270492255687723,11.47226335629821,15.090827822685245,10.578842269629241,11.984129520133141,13.8065048545599,15.661942368745809,13.129175748676062,13.628014502674343,13.992340371012684,12.405794660374529,13.501551783084873,12.03204076588153,14.810323187708855,15.418746787309647,13.627214434742928,14.271419492363924,13.333029434084892,15.256377962231644,12.245343303680423,12.246606680750842
2092,10.572751691937452,9.216831449046733,11.644378058612341,15.648829984664923,11.832705128937965,12.025952107459306,10.844578079879284,9.742739769257613,9.196441722102467,10.054404901713129,7.343483517318964,9.886517238826492,11.86824750602245,10.846885624155401,11.420310229808093,10.998675718484446,10.206801727414131,10.581017193198209,9.48740038340912,7.880267568677667,10.182764440774914,11.632574009895324,12.582656573504215,12.205164831876752,13.78233253955841,14.975671976804737,7.984423206374052,12.106425189971924,13.948043978214269,9.16659704186022,15.018269670009605,13.849416476488113,10.075481455773119,9.646825356595219,7.929044584929942,9.071858904883268,9.635165225241504,12.222132140584295,10.842249381542212,9.872057363018392,10.005619481974287,10.175892500579362,9.913737987540662,10.165159744396806,17.243320071697234,5.138188367336989,13.356995633244512,10.309883446246394,9.524082822725186,9.91166080981493,10.053593580052258,9.960451968945561,11.68051867708564,14.27551770880819,11.456575340032577,10.933244973421095,10.364283531159165,7.710166620090602,11.060693662427367,7.682397325523196,9.797235205769546,8.254615655727683,8.213388584181672,7.254851516440972,8.743481609970331,9.646360329911113,10.189943800307812,11.394315527565778,14.399798083305361,10.72508635800332,9.24334487626329,8.563958080857995,9.458797255530955,10.816837185621264,9.242870771884915,9.440479678660633,9.87974509932101,9.884886813163764,14.934652245044713,10.261018887162205,12.147235932201152,9.715163168311129,10.62482951581478,8.913852452859285,17.180888211727144,8.188439488410946,9.06843766877428,11.461996302288021,8.912403908371918,10.30179668962956,11.051107209920882,9.850624648295344,11.841922397073365,11.686483180522917,10.648246345669033,8.857267630100244,12.665059766173362,9.356826025247576,11.944994797185062,10.735595788364304,12.857941291481257,10.506430783867835,9.487149268575013,9.908874652534724,9.456845333054662,10.57180779278278,9.369532875716692,8.555272908508774,9.954385157674555,8.824802294373516,7.55394034273923,10.209039486944672,8.720540837058797,13.641086291521788,7.534413313184639,6.539704658836125,15.427057325839987,13.317488354817039,12.120328152179713,12.575479266047475,10.074969633668669,9.311635863780978,11.514974677283321,10.12178024481982,10.445308639109136,9.273903344891732,10.444353128410878,10.495082396268847,9.922815846092998,8.707037313282493,10.090267961472277,12.073308888077737,10.797882871143516,8.39388979226351,10.271032570302491,9.238537923991677,8.885286975465718,13.55090483501554,14.818875968456268,10.706755959987637,11.132011842168874,8.760365692526102,8.60544054904021,11.370193436741829,10.051538268802691,6.722844037041068,11.96586884856224,8.766640881961209,11.93227752298117,7.892813676549122,8.063018167391423,11.165072405338288,12.575097821652886,9.630653666146104,11.096515768021352,11.537287017703056,8.926329876482487,10.108860126137737,8.667235213518143,11.449422747455541,12.282550532370813,10.072356029599899,10.944809207320208,10.77463915981353,12.767704462260006,8.838811464235189,9.694935651123524
2093,10.016200914233924,8.731646718177945,11.686038190871486,13.953722929954532,11.806312283873561,10.949303679540755,10.75894178152085,9.038575719669458,8.599131037294864,9.414655357599262,6.455363914370527,9.806628174707296,11.857002529501916,9.439148490130899,11.404290401935572,10.899412010610103,10.139749108627438,10.53202160000801,9.404965569637715,7.229561103880407,10.101366462558504,10.984374743700027,11.7229526296258,12.193440896272666,13.16168578863144,13.815684598684305,7.305360141955314,12.054700338840489,13.166847604513162,9.063124743849047,13.170061972737312,13.848992830514906,9.905784723162656,9.575139703601604,7.0681990139186395,9.008189881220458,9.024156355857844,11.313570287823683,10.615817177295686,9.805163989216087,10.012817768752576,9.991037004999814,9.831808282062413,9.494820936769253,15.785835731029511,4.37366652712226,12.494302141666411,10.192975458130245,9.442067766562104,9.10122726336122,9.985170893743629,9.169844572246074,11.618584291636939,11.94880610704422,11.471421667933468,10.275454505987,10.375153560191395,6.863359274342659,10.589766799844805,6.979877880215648,9.789032228896396,7.534969948232177,7.6046886190772085,6.584284323267643,7.91865265481174,9.55644053518772,10.147830156679266,11.35363663882017,13.613973617553716,10.44007493555546,8.887429097481073,7.871860739914704,9.382796286791569,10.78422674238682,9.200973879545923,8.825061820005066,9.843652301467964,9.918603638559578,11.865499925613408,10.20063834860921,11.115874901413921,9.014296856118014,10.327508540451525,8.278313126084688,15.616004574298865,8.067791492328983,8.993022295832638,10.128635421395302,8.830762022733689,10.252293242514131,11.013041079044344,9.867781163752086,11.298704159259797,11.710901466011997,10.573334053158764,8.234966147691019,12.658457913808526,8.684177112020553,11.893900284171101,10.75823460239917,12.298428523540496,10.496472983807326,8.805322211096065,9.850141374766832,8.818987992219629,10.51277886312455,8.5587111748755,8.477979526482525,9.298505356535312,8.147992599103599,6.758160363137721,10.233035735040906,8.126186763122686,12.805903543531892,6.848233720660207,5.763855329621582,13.523704066872591,12.357719136262308,12.123968636989595,12.55168812200427,10.048089651018376,9.104233939200634,10.929768824577337,9.347070056200026,10.453703008592132,9.234429001808163,9.820838735625145,10.046311976946896,9.832767193764443,8.028988602012397,9.711434832960368,12.092811506986614,10.749225352704526,7.748792508989571,9.705742633342743,9.193470170348885,8.81075442805886,12.615737586189057,14.111578929424288,10.680621430277824,11.17437876388431,8.688254340551797,8.510599504364652,11.285702919960025,9.448027860745785,6.019780679047111,11.934278962016108,8.169464771449562,11.82697923481464,7.289570626616478,7.2725149331614345,11.116895213723184,12.043425127863884,9.595957548357543,11.120628456771374,11.546962034329777,8.821957723796368,9.439893920160833,8.014132830779998,11.37722949087621,11.50479100942612,9.995542214810849,10.711217214167117,10.797046475112442,11.720760662853719,8.199049256742,9.03678182451986
2094,11.079391738772394,9.938959565758703,12.272901757061485,14.525858970731496,11.534560502972456,11.993758997414265,10.601433413662015,9.733262039721016,9.805599677562714,10.10337252095342,7.297479480504992,10.988075123354799,12.432492771558458,10.408634649263698,11.189193397387863,10.721986788138745,11.366944816708564,11.599199924618011,10.709559440612797,8.258222111314534,10.000694915652273,12.54164436459541,11.918552985787395,12.758800227940089,13.944509586691856,14.013104081153873,8.040418779850006,12.688339344412089,13.936912891268733,10.309370782971385,13.903281968832014,13.585556697845462,9.899031522125012,10.889364951848986,7.82857841551304,8.889611924160267,9.769146588817243,11.514711049944168,11.685967839509251,11.037538167648016,10.37587296022102,9.973382152616974,11.064419522881504,10.215040195919576,16.65732778310776,5.313581102341411,13.378477789182218,11.334229911118745,10.693985393643382,9.807251507416368,9.809608329087498,9.933099984377622,11.420316656399521,12.918783563002952,12.030124651081861,10.92641180753708,11.102007196843624,7.630871906876566,11.42570520788431,7.739644716680045,10.013351351022724,8.326575249433516,8.829579441994424,7.682022550329568,8.626851548813281,10.911223763227463,11.390839678421619,11.187022123765207,14.422069025039676,10.609897326386998,9.894969942979507,8.583155618980534,10.662007543398067,11.811828410625456,9.248181718960407,10.000677637755874,10.884310880303385,10.62411146461964,13.386070829629896,11.3336952554062,12.125070717558275,9.730028011649853,11.398609948158269,8.984025328699499,16.56509577035904,9.290252627059816,10.267064277827743,11.083752050250775,10.148357352241868,11.337854041159156,12.004397726058956,10.566121805831795,11.28471552077972,12.263546111434707,10.450743436813353,8.855655747652051,12.433751448802647,9.37004143057857,11.719816469214855,11.42332072108984,13.117964745685459,10.348938965797428,9.510653016902511,10.201620002463462,9.561496056336917,10.29867037478834,9.285432494431735,9.803517931327224,9.998808961361652,8.872212720289827,7.501270353794101,10.910224444419146,9.324579337239266,13.630364902317524,7.597610114514822,6.578730708360675,14.251115824282172,13.294964801147586,12.622954767942428,12.319516549259424,9.83408711776137,10.247661406546829,11.685523045528676,10.00197379663587,11.07040195986629,9.763639177614829,10.429327352857213,11.16932025104761,11.106292362511164,8.890045745251701,10.672228513658045,12.672274322062743,10.618779360502963,8.993238209933045,10.815875634551047,9.048709159530702,10.034668320417406,13.528992746770381,14.854040688276294,11.773268629610538,11.753454459458595,9.957726621627806,9.778092386247584,11.080734769254928,10.632331528374923,6.845727964118121,11.695771258324388,9.391090092062951,11.630429209768769,8.508707210049035,8.02270125653595,12.187726339697836,12.101496202871214,9.435998822841793,11.734342153370383,12.148545906692744,10.301328318379815,10.12254662923515,8.721662650257347,11.239129096642134,11.683147399127487,9.78969149003387,10.646960169728844,11.447731716185812,12.728949439525607,8.945802928507325,10.252311048656697
2095,11.213635531067853,9.916663509607316,12.021406871080403,15.87086393237114,13.258825320005418,11.969910102337598,12.183635857701304,11.029227486252791,9.879764748364689,11.537631955556574,9.332273485511545,10.44879994019866,12.18003969192505,11.538850421458488,12.756500062346458,12.336333808302884,10.915081246197222,11.096389526128778,10.134385532559824,8.820298114418986,11.499344526976348,11.705962550640113,13.536312478780747,12.499848419427865,13.748567444086072,15.66317788362503,9.241592113673686,12.411351865530012,13.853887987136844,9.75138547345996,15.146680700778955,14.948162639141085,11.330523459613314,10.362921944446862,9.761167242377995,10.421468898840251,10.829653485864402,13.135564713180068,11.465558820962904,10.476928045228128,10.781684138625867,11.563537271786483,10.50638165487908,11.425698488950726,17.008412075042724,6.747962432354693,13.26335200071335,10.886138606071478,10.153238711319867,11.524721785634762,11.451212536171084,11.740487957000731,13.075740702450279,14.290338785946371,11.772545635700222,12.283541750907899,10.796316209621736,9.499960582889615,11.24474482685328,9.02319943755865,10.759824330359704,9.569023242965345,8.872587282210594,8.130284795910121,10.426650960743427,10.38784235864878,10.968066113442188,12.819535721838486,14.16530892848969,12.103503025695678,10.07668355405331,9.789275960624217,10.254151181876662,11.34470894932747,10.374249144084754,10.115604308247566,10.507576997578145,10.419079811125991,14.049241900444027,10.770011425018314,12.070828688889751,11.054141275770961,11.25094671249389,10.165632157027721,16.89747760295868,8.7817298181355,9.718926692008974,12.186655276175602,9.595119118690489,10.85235203206539,11.549387168884284,10.32224490344524,12.943608897179368,12.014613360166557,12.02099854573608,10.21198234609328,13.891820621490476,10.600673081725839,13.360092449374502,11.215825655311345,12.917957305908207,11.922377759218223,10.751199664175516,10.6362831633538,10.67583924531937,12.009084951831024,11.098669611662624,9.245814646128565,11.238199717551462,10.145478171855213,9.14113369882107,10.646744506713,9.414831557869917,13.706668329238898,8.830035445466642,8.33672758415342,15.544513761997212,13.186175370216372,12.386086630821222,13.83359803110361,11.530965243279933,10.087852795422076,11.759940327703951,11.663698971271513,10.806915918551386,9.799003518838441,11.732634338922798,11.114174160361294,10.586414422467351,9.954318646341559,11.014776252210142,12.432763230800633,12.177922773361209,9.0311866119504,10.908349414914847,10.622517712414263,9.508828345686194,13.426738741993901,14.749108374118805,11.29056884646416,11.495889550447469,9.401057119667527,9.215214555710556,12.71760275810958,10.757601609081032,8.21442275568843,13.432710319757465,9.453683318197726,13.140145538002248,8.534743060544134,9.684485145658263,11.779118925333025,13.597457143242357,11.017933293129321,11.516353985667225,11.864606422185899,9.759324576333167,11.438373945141205,9.959066399186858,12.851481007039553,13.202289745910099,11.507101904414597,12.214858859777454,11.235800252668563,12.644844297319654,10.102478457987312,10.432886470481753
2096,11.599851670861245,10.417863038182265,13.54891213402152,16.994443154335027,13.66550533697009,13.81575529528782,12.707628858834507,10.9622185330838,10.334895085357129,11.402719787508257,8.861661293962975,11.220241485536103,13.599603730440137,11.741595862805845,13.373383480310437,12.872530227154494,11.555507342517377,11.808024299144751,10.898453435301779,9.066052357852458,12.112633760366583,12.729120284318926,14.406629627943039,13.852481094002727,15.23886926770211,16.10256843566895,9.21081071142107,13.92096638828516,15.237983930110932,10.529337561223658,16.377447289228446,15.540809082984925,11.881395819131287,11.081250661239029,9.348803438246245,11.057887004315852,10.868073880416334,13.598641213774687,12.028517359495163,11.234718106687074,11.979825842380524,11.975617268308996,11.360618641600011,11.384302147850397,18.285597217082977,6.632726967334752,14.87633921205998,11.701663653552533,10.928529200702908,11.281149646639827,11.992398283630603,11.368327547609805,13.532853260636326,15.79059264175595,13.200310730934138,12.14864198565483,12.167633217573165,9.11103740632534,12.949480684287845,8.947687279433008,11.792014352977272,9.560360211879011,9.34794459864497,8.432936714217071,10.083515589870515,11.119091526418918,11.586126976087689,13.316879533231264,15.627596694231036,12.406057192757721,10.52742432802916,9.758339180983606,11.106054898351433,12.025578832626348,11.210303303226832,10.54088306054473,11.593170437216767,12.033800154924396,14.872049379348752,11.540486484766006,13.87421358078719,10.93993432223797,11.789205786585807,10.122109867632393,18.27138295173646,9.550097093824299,10.52807679399848,12.390579755604268,10.406189908832312,11.580912756919862,12.209555405378348,11.893320536613462,13.510337911918764,13.494091869890692,12.587201039213683,10.279707808420058,14.478926122188568,10.55884275250137,13.782182389125225,12.824513803422452,14.55529796108604,12.483436405938113,10.698610585555429,11.782731652259828,10.68792105987668,12.508681922592224,10.756747727096087,10.06453281370923,11.176113165915012,10.046254659444093,8.878410386294124,12.205970639828596,9.849747772514819,15.158738882839682,8.766603788733486,7.9561640147119785,16.844262987375245,14.851354466378691,13.752036851644515,14.322760275006297,12.170811179280282,10.674693635478615,13.2935661047697,11.424163834750654,12.360493616014717,11.197774952650073,11.73263967223466,11.64071439504624,11.310742353089154,9.981749570369722,11.375643496960407,13.91411097049713,12.727318973094228,9.514627757668496,11.341411229968076,11.242242626100781,10.30140251964331,15.061168906942475,16.110984289646154,11.947795170545575,13.005171910673383,10.230495945364234,10.00653708316385,13.229907709360123,11.17399570969865,8.080048553831881,13.839365769177679,9.917159013822674,13.704604059457774,9.022039353418403,9.407753605768086,12.368408745527267,14.245326276123517,11.637879885069564,13.076075437664992,13.409984155371792,10.510993948578834,11.338335927575832,9.90494615547359,13.353202956169843,13.999215126037601,12.056424497812987,12.826738140732047,12.779932908713814,14.453057080507284,10.096529988572005,10.819987522065638
2097,12.236488705873487,11.251567450165748,14.339091449975971,18.019040524959564,14.571314577013258,15.152257380727681,13.633868873864412,12.023480501025924,11.06359024718404,12.452997301518922,10.133738395571717,12.380243026465182,14.329910854995259,12.989846643805507,14.368131727725261,13.812710793316365,12.767987568303942,12.896340141445398,12.176771493256101,9.904920231550935,13.090877274051305,13.895297956466674,15.514738474041234,14.565269565582273,16.234348899126058,17.37465981245041,10.290894040465364,14.709193646162749,16.230384206771852,11.751929937303071,17.46764470338822,16.367588526010515,12.88644320201129,12.366642302274709,10.42785641625523,12.101919646561138,11.936358845140782,14.884611771255729,13.002725507318976,12.459637063741692,12.79757073223591,12.936833265423772,12.573114275932316,12.46050858013332,18.808417320251465,8.022228404134513,15.98574535250664,12.832962418347597,12.142237263917925,12.366100934892895,12.991202600114045,12.589702980220324,14.457074502855537,17.16221992596985,13.965139918029314,13.191449227929116,13.029222238063815,10.255397545546291,13.971252834796909,10.102216956391931,12.693947546742855,10.77943906150758,10.0837954797782,9.277456000447277,11.105754553899171,12.38445870578289,12.887629118189219,14.279005745798349,16.645345640182498,13.391980231553319,11.624637377262113,10.837003029882911,12.365158934891232,13.09986464474351,12.17123337797821,11.213873592228625,12.668343297019597,12.864142278954384,15.931858813762673,12.703992497920986,15.137825471535328,11.997171945869923,12.694898229837422,11.19228042289615,18.810822463035585,10.71169034913183,11.785050486028199,13.661957575380805,11.686527007073169,12.69821634888649,13.227021105587477,12.683198701590303,14.666796145588165,14.247746141254911,13.548019070737059,11.433179767150438,15.37000136375427,11.63235087171198,14.702227560803294,13.625146669149402,15.569506070017809,13.46761280186475,11.778024571388967,12.71840091943741,11.723439753800632,13.509795033745476,11.901170100271708,11.354316508397462,12.202955105341983,11.169567412137983,9.942324043065309,12.974690050072976,10.582485799491412,16.228151112794883,9.894710806012155,9.206435605883604,17.96960634589194,16.024382477998735,14.457724845409398,15.199494770914308,13.264215902239084,11.882163038849836,14.29204599540681,12.460153570771213,13.161991686373948,12.070896389296836,12.794146850612012,12.447536501288418,12.503275808691981,10.956985951960084,12.48585765659809,14.64361331090331,13.718486099690205,10.229346568323674,12.023147115111353,12.25310763269663,11.51957865692675,16.21682569384575,17.085178995132445,13.121688644774258,13.796578499674803,11.483398621156814,11.236122898757463,14.152265072613966,11.893798050656917,9.332282578200093,14.75920778140426,10.664383347332478,14.57599946781993,9.760304164327682,10.472759122960266,13.463268929719927,15.209491803497077,12.644168803282085,13.8780385889113,14.228319071233278,11.879679249227049,12.395932772383095,10.946866111457355,14.307168225198984,15.007562387175863,13.063209204375744,13.797549261152744,13.56873045414686,15.738484699279079,11.21446063667536,11.482834408083
2098,10.835896408557897,9.556898661144077,12.0274199154228,15.085778492689133,11.6282058193814,12.074375854490794,10.640973640047019,9.415018783509733,9.4915798209142,9.828241557627914,7.1939781710505475,10.204351784847676,12.22380344867706,10.077492397464809,11.212126129120591,10.77850927915425,10.581573468446733,10.8470512971282,9.866516550630328,8.013586479425433,9.981096475571396,11.709411057829856,12.187902656383809,12.553497159481042,13.857290798425677,14.250097304582605,7.674398519098764,12.482852173969153,13.932893925905223,9.521591318491847,14.468423789739612,13.596378493309027,9.829354100860659,10.055988042056564,7.752682239189744,8.856940441578624,9.367720707133413,11.654787638783459,11.096511125564579,10.220737523213034,10.253101304173466,9.971751506626601,10.287366914749148,9.865016837790614,16.939846289157874,4.8132614970207275,13.369510266184808,10.629530631005768,9.88000764846802,9.643911188654595,9.865204939246182,9.769634103402495,11.480451689846818,13.518085160106423,11.754523265361788,10.64575464874506,10.782904386520393,7.530674581602222,11.323858913034206,7.365344341099261,9.909410257637507,7.930200076103209,8.521786848455669,7.417850421369074,8.537945099920035,10.081933516263959,10.579076557978988,11.210692223208031,14.389898753166202,10.502570240292702,9.32993921097368,8.248398627899592,9.932619085162873,11.066474631428724,9.17516223117709,9.738890685141081,10.33447217941284,10.42126759774983,13.188168883323675,10.544586309348237,12.186936484277254,9.428413797542454,10.88744348138571,8.625894610583785,16.848236715793615,8.560558500885966,9.427483997121454,10.733677824586639,9.296749749779703,10.587054010853171,11.281900849938397,10.346049288660293,11.41628813436255,12.027093696594239,10.460267265886076,8.564996552467345,12.437694764137273,9.022237786650656,11.763185424357655,11.222570513188849,13.024844719655809,10.325714477896693,9.156701016426087,10.066211896017203,9.189145694673062,10.373051213548752,9.150290153548116,8.954873594641692,9.667458511516452,8.504215778224168,7.3697263661772014,10.686742970347408,9.037586260028187,13.715805701911439,7.228527376055718,6.362051606178289,14.830876642465583,13.307150938361886,12.378034365177157,12.35496871843934,9.858238847181202,9.546371863735839,11.654825359582901,9.848524122778324,10.847265413403512,9.559011955093599,10.144212900009009,10.759031842648985,10.306260876357562,8.62423945069313,10.097259166836734,12.452207331359393,10.615686056017873,8.71610303595662,10.531477674096823,9.044154157489542,9.250881144031881,13.540412463992837,14.797448325157177,10.98774208277464,11.515477844886487,9.123562467657026,8.988455881178385,11.149679953604947,10.353898403048515,6.441983867436646,11.766612776555121,9.063367994502183,11.68631197102368,8.211881692148747,7.8426790991798025,11.461664015054705,12.244858957454563,9.428100556414574,11.521763396263127,11.912840540707112,9.431076856516302,9.767918290174572,8.380402829172093,11.281330377364068,11.919519636034973,9.860080981254573,10.702521696314221,11.234159997105603,12.786623841524133,8.509950356930494,10.035278250277045
2099,11.465093174576753,10.364021989703183,12.79676376879215,17.666772559285164,12.992394479550427,13.394764260575183,12.063529660925273,11.046101379394537,10.266681106388567,11.361059398949143,9.899188502877955,11.295655242167417,12.896101224422457,12.414793305099012,12.859021782129997,12.204645507968959,11.612736300751562,11.915619724988932,10.964788755774501,9.285299640893939,11.563808578252793,13.202722966670986,14.355400541424752,13.175224030017855,14.93787453174592,16.589302071928977,9.3305897153914,13.173404213786123,15.074597311019897,10.59781415835023,17.11764634847641,15.122830942273144,11.421517592296011,11.13950957655907,10.19784555919468,10.512616461515425,10.952374768257148,13.832604976929725,12.097868253290654,11.31018587164581,11.161295177321884,11.39404257275164,11.37582139223814,11.513495251536373,18.77584941387176,6.940087376907466,14.71021492183209,11.669972834736111,11.00009751617908,12.173376570641995,11.280654112249618,12.365689020976424,12.844479081407192,16.680906066298498,12.579665285348892,12.693168348073963,11.52229633033276,10.022115597594526,12.282593321800233,9.112147343158721,11.058188221603634,9.788186238706109,9.317932800203561,8.644020912051198,10.887237754464152,11.137395963026222,11.68510050810873,12.693895555287604,15.501524937152869,12.01123366355896,10.579764461517334,9.859198346361522,10.964919025450943,12.154159659147263,10.569230458186935,10.419764318317174,11.226030735298991,11.061680929549041,16.42934520244598,11.649138283729558,13.487645336985597,10.99924397915602,11.808365889400012,10.250358107686043,18.801990711688994,9.611953532509506,10.61312821954489,13.034902604669332,10.482074234634641,11.698582631349568,12.320260745286948,10.987696441262957,13.353548163175589,12.804009836912158,11.971369894966475,10.320549991726875,14.01173751056194,10.665833669900902,13.109892490506173,11.891472919657826,14.04886532574892,11.90446733310819,10.803730905055996,11.093439510837197,10.767479032278064,11.802101002633576,11.697099763154977,10.134233256801961,11.238447782397277,10.20176271498203,9.683218117058285,11.300173574313519,9.794175198674202,14.854792116582392,8.930769219249488,8.714978143572809,17.61893307566642,14.581557547301056,13.182740986347204,13.772701010107994,11.59294807761907,10.743473213911056,12.820151460170745,12.267420339584351,11.57217860072852,10.455694218352438,11.738762639462944,11.592280513048168,11.343048743903646,10.293497759103772,11.437619652599102,13.127393019199369,12.160603853128856,9.442758000269535,11.23884677663446,10.656213691830636,10.376679171994333,14.842741046845916,16.004945874214176,12.088737711310388,12.2861069381237,10.30933093801141,10.06883318852633,12.545398076623686,11.073641838505864,8.47616688385606,13.157806833833465,9.88158971518278,13.110666295886038,8.990832974947992,9.917191684711725,12.452926546335224,13.980347512662405,11.046936097741122,12.261902733519673,12.698172381520276,10.524031126499175,11.401079478859897,9.96816990375519,12.681630601175133,13.973141850531103,11.346204491704698,12.378342485055327,11.89597128406167,14.123308238387116,10.335557299852374,10.669721990171823
2100,11.156359058618548,10.052641521394257,13.257070187292992,15.830150055885321,12.748970148526125,12.744290784746408,11.76750734113157,10.521577904419976,9.833546711504457,10.936548037827016,7.593687664717436,11.1688730686903,13.349344057589779,11.32673883587122,12.367525392025708,11.923198265209802,11.547826717793946,11.730246485769742,10.883067584782836,8.37956360958052,11.157548045567818,12.278726634383203,13.268457405269142,13.618779990077021,14.52441177368164,15.356287890672686,8.762243783473973,13.639936201274395,14.401355326175684,10.48288430906832,15.1829530954361,14.598698127269747,11.011360779823727,11.079664982855324,8.163063642382621,10.085395866632464,10.446563180163508,12.805875008180735,11.746458967030046,11.199120953679095,11.48757739719004,11.10785775333643,11.3043065344682,10.941383667849005,17.680766642093662,6.173035085201266,13.917560248076919,11.642048160731786,10.871343907204585,10.038958149869,10.99729982018471,10.172968872264027,12.63397368229926,14.371467998251324,12.890490347146983,11.365810811519623,11.984445402398702,7.911518662422895,12.30843401327729,8.498395007848735,11.145265066623683,9.065078711509702,8.832311491295695,7.746238540858032,8.9254208676517,11.131471341848371,11.557346193492416,12.397486451826998,14.914378637075425,11.655403668177312,10.319896986335518,9.28433613777161,11.045924578793343,11.932796064019211,10.403246228396887,10.079161876812577,11.493462531641127,11.808543327171353,14.281376743316647,11.471627196669576,12.82463858798146,10.488884559273721,11.488072581589226,9.696314614824955,17.639864242076875,9.479806655086573,10.470363871194422,11.975689511001104,10.352678185701375,11.49072237983346,12.120852601528169,11.664732798747725,12.585664144903417,13.208320832438767,11.628461492201316,9.68792152702808,13.53313882052898,10.101589912548665,12.909519373998046,12.580319541692731,13.882039611041549,11.50699555594474,10.234561884892177,11.251918206736448,10.26268156748265,11.504729323089128,9.558376638591291,10.01402614209801,10.70304166018032,9.606917504966262,7.741657049953934,11.949046418070797,9.374912795424459,14.290574293583637,8.339247441291814,7.036613932251932,15.591899698972691,13.88536814302206,13.436609932780275,13.412271621823313,11.087122437357902,10.566822253167626,12.579294627904895,10.236272635310888,12.094911256432532,10.800575637817385,11.266216879710555,11.255210320651535,11.31722043789923,9.290563197061422,11.152645152248438,13.645538020040842,11.773299999348819,9.022383573092522,10.873992434144018,10.249390307068833,10.248923778533939,14.091566602885724,15.267137730121613,11.88809089958668,12.743870277702818,10.168310017883773,9.966745433118197,12.284100509062412,10.708595667406916,7.5351431220769935,12.950152988173064,9.39722927510738,12.793201310187579,8.515863075968817,8.55476277172566,12.3292827874422,13.301504068449145,10.630729657411578,12.822107091546059,13.116015124693515,10.533086302876473,10.89901560023427,9.423419502377516,12.40608593281358,12.962243498489267,11.043129503726963,11.865864678099754,12.534433024004105,13.415801849588755,9.666099427267907,10.336932771652936
