Year,1,2,3,4,5,6,7,8,9,10,11,12,13,14,15,16,17,18,19,20,21,22,23,24,25,26,27,28,29,30,31,32,33,34,35,36,37,38,39,40,41,42,43,44,45,46,47,48,49,50,51,52,53,54,55,56,57,58,59,60,61,62,63,64,65,66,67,68,69,70,71,72,73,74,75,76,77,78,79,80,81,82,83,84,85,86,87,88,89,90,91,92,93,94,95,96,97,98,99,100,101,102,103,104,105,106,107,108,109,110,111,112,113,114,115,116,117,118,119,120,121,122,123,124,125,126,127,128,129,130,131,132,133,134,135,136,137,138,139,140,141,142,143,144,145,146,147,148,149,150,151,152,153,154,155,156,157,158,159,160,161,162,163,164,165,166,167
2026,16.083644890785216,17.260065615177155,18.22728512287141,19.044526851177228,18.04334255456925,19.23154350519181,18.716144335269927,16.744529950618748,17.061766910552983,17.47379759550095,15.716465806961065,17.925508034229285,17.23152809143067,16.526153993606567,18.61736617088319,19.095004916191105,17.210134470462798,16.95493981838226,17.766702568531038,15.802230674028397,17.767454230785372,15.769824337959292,19.65481628179551,17.15830241441727,18.65000499486923,19.09585087299347,15.52630554437638,18.06008222699165,18.09105340242386,17.79078705310822,19.41281708478928,18.411147093772893,17.546284210681915,18.07661525011063,15.687549233436588,16.276324707269676,17.515987980365757,18.979958105087277,16.541187584400177,17.927653098106383,17.131551378965387,18.072485435009007,17.996211802959447,17.42071865797043,19.448223638534554,14.238490712642669,19.06190459728241,18.103806054592138,17.97635810375214,16.255543303489684,18.316949486732486,16.093592154979707,18.96774740219116,21.11269093751908,17.27557237148285,16.34789295196533,18.005620968341827,15.68937767744065,18.24020074009896,15.573961997032166,17.047395187616353,16.487623524665832,16.298843514919277,15.260152494907379,16.521137344837193,18.24406417608262,17.114896965026865,18.52831853628159,17.875752532482146,18.48830879926682,17.730161881446843,16.159507429599767,18.007779073715216,16.468685948848726,16.49782579541207,16.93970848321915,18.226546955108642,17.828932067751882,16.521370601654052,17.76596025228501,19.208565270900728,17.32732893228531,16.899923312664036,16.328647518157965,19.711311018466954,17.14719570875168,18.267338848114022,17.541323757171636,18.435662460327148,17.240572547912606,16.073065149784092,16.843276628851893,19.06814703941346,17.52768734693527,18.38375813961029,17.18645634651184,18.337352168560034,16.724266028404237,18.78368765115738,18.401509505510326,18.99160215854645,17.42405647039414,17.199479079246526,17.179831188917163,17.608968019485474,18.164262664318095,16.121085512638103,18.426563966274266,17.53824257850647,16.704788339138027,15.447034668922424,17.226604858040815,16.637932777404785,18.608243620395662,15.300932848453522,14.059619104862222,19.902224993705747,18.990354049205784,16.91423416137696,18.271501266956342,18.249805843830114,17.715742349624634,18.130176031589507,16.332402753829957,17.5439311683178,16.469232940673827,17.69167819023133,17.599755048751835,18.12303142547608,16.67084099054336,17.89148987531663,18.28502976894379,17.859214329719542,16.497885727882387,17.045923137664794,16.259341341257105,17.833546483516695,18.82421956062317,18.30149867534638,16.882526278495792,17.97726539373398,18.296169137954713,17.772834432125094,19.081291878223425,17.65522153377533,14.501024854183203,18.738309657573705,16.765761244297032,19.43676518201828,15.966270846128458,15.856461155414584,16.219353246688843,19.125857961177832,16.736015051603324,17.930214524269108,17.42650090456009,18.652347052097326,17.762331199646,16.2220252275467,19.186182892322545,18.401621782779703,18.466353905200954,17.83844777345658,17.94077160358429,19.545228868722923,15.36142040491104,16.040646719932557
2027,16.16901510953903,17.240603971481324,18.201752829551687,19.52911965847016,17.589409863948823,19.097929465770726,17.977678477764137,16.626799249649046,17.13437139987946,17.19975636005402,16.927983748912812,17.463291442394258,17.22761429548263,16.559061479568484,17.764418637752534,18.31001332998277,16.837243974208842,16.562745070457467,17.336149489879617,16.201716887950894,17.127832937240598,15.770454430580141,19.531949472427367,17.162648177146913,18.454662156105037,19.26992723941803,15.366110682487488,18.034036564826962,17.902089738845824,17.341969978809356,19.810745072364814,17.80372216701508,16.993550801277163,17.638368713855748,16.891688334941875,15.74908795356751,17.34405689239502,18.64056878089905,16.30853071212769,17.478618884086607,16.96364297866821,17.397143375873565,17.583382582664495,17.216707491874693,19.261936640739435,13.95185082703829,18.66384439468385,17.76160852909088,17.519449472427365,17.530956757068637,17.528138101100915,17.39206689596177,18.306426310539244,21.745815265178692,17.206476151943214,16.784602379798894,17.929632127284997,16.872204196453097,18.117270636558533,15.3025539636612,16.717090511322024,16.059856694936755,16.37474491596222,15.61161512136459,17.709961187839507,17.821946299076085,16.698261666297917,17.92151499986648,17.54780089855194,17.97530809640885,17.4022503733635,16.025030422210694,17.739490699768076,16.08212352991104,16.06666394472122,17.010121858119962,18.00802516937256,17.772873318195344,17.853772068023687,17.315655124187465,18.997045278549198,17.072865426540382,16.745243871212,16.155376422405247,19.571019458770756,16.738602435588838,17.7435309290886,17.406406426429754,17.913490009307868,16.819957435131077,15.724790179729467,16.846481907367703,18.45571224689484,17.500122439861297,17.68450984954835,16.70071073770523,17.64712786674499,16.590398645401002,18.25607038736344,18.342695355415344,18.866990625858307,16.83092949390413,17.054533135890956,16.962295222282403,17.420120418071754,17.44097687005997,17.327518439292916,17.889713454246525,17.32116416692734,16.556967568397518,16.55884416103363,17.200347435474395,16.74247990846634,18.439165472984318,15.133870196342466,14.81886076927185,20.346568536758426,18.812289297580715,16.821945834159845,17.694742596149446,17.350878417491916,17.357339453697204,18.008447182178507,17.470156574249266,17.503534913063056,16.307130825519568,17.510974121093753,17.543801653385174,17.729480731487268,17.0552748799324,17.62568168640137,18.219687056541442,17.249921298027044,16.57104325294495,17.1188081741333,15.736153376102447,17.351645541191104,18.65356242656708,18.03755962848664,16.48807550668716,17.96139314174652,17.75445836782456,17.303646576404567,18.308740365505223,17.73612233400345,14.478154188394551,18.20168337821961,16.838076102733613,18.67613089084625,16.049323982000345,16.499951767921452,15.874172079563143,18.881055212020875,16.157844650745393,17.884564602375033,17.39324043989181,18.168171572685246,17.645822083950044,16.0242173910141,18.46393550634385,18.247473311424255,17.615713250637054,17.37280511856079,17.896216917037957,19.346912956237798,15.005592882633218,16.134473383426673
2028,17.9060475230217,19.217432963848108,20.134310972690578,18.185181069374092,19.0825698018074,20.692909634113313,19.72942062616348,18.137798619270324,19.14144833087921,18.847432720661168,16.78854267597199,19.310596477985385,19.009150731563572,17.721259331703195,19.624809861183174,20.14966012239456,18.674624383449558,18.1957478761673,19.22609829902649,17.6847465634346,18.7594311952591,16.998621904850012,19.853000152111054,18.916133546829222,19.860375452041634,19.733366322517394,16.926555413007726,19.9507687330246,19.002986872196196,19.226108145713805,18.558100962638854,19.21269543170929,18.579854631423952,19.63954070806503,16.756512618064882,17.343872749805453,18.89646428823471,19.85269123315812,18.075700116157535,19.353849160671235,18.86465165615082,19.161616730690003,19.526942622661586,18.77967096567154,17.886411547660835,15.906107610464101,20.124040555953975,19.579108560085295,19.463243317604068,17.34751304388046,19.39547743797302,17.219851648807527,19.96103711128236,19.844882631301882,19.007175159454345,17.529238688945775,19.904661393165593,16.735273492336272,20.00996900796891,17.03802962303162,18.55241389274598,18.023638182878493,18.409954726696018,17.11402321457863,17.564934098720556,19.84004558324815,18.621150600910187,19.502284729480742,18.552572822570795,19.59013730287552,19.12695636749269,17.5643194437027,19.919652152061467,17.65036648511887,17.77146785855294,18.957167959213262,20.07954124212265,20.09024751782417,16.66384406089783,19.072196495532996,20.540569788217546,18.743945693969724,18.488681805133822,17.707709789276123,18.073734545707712,18.677208483219157,19.830485033988957,18.812603080272673,20.041540491580964,18.51709594726563,17.214146411418916,18.90462769269944,20.005569469928744,19.292710924148565,19.385309529304504,18.66981505155563,19.213892054557807,18.104498422145845,19.740030002593997,20.59626246094703,20.510123872756957,18.430977642536163,18.569995832443244,18.74434670209884,18.978069877624524,19.251317858695984,17.18856847286224,20.060645830631252,18.92287627458573,18.08401744365692,16.584276926517486,19.3223563849926,18.73777856826783,19.579202294349678,16.713741677999487,15.263752818107609,18.92988860607148,20.161800003051756,18.496663296222692,19.176644647121435,19.36635940670967,19.168355810642236,19.498133730888362,17.310210692882542,19.49946769475938,18.266086828708655,19.017650866508493,19.435077202320105,19.564850294589995,18.135645818710323,19.270020020008083,20.139208543300633,18.826204264163973,18.59387873411179,18.98985604047776,17.30865221023559,19.32073158025741,19.96292495727539,19.153382968902594,18.164750385284425,19.86238783597946,19.8753298163414,19.277181351184854,20.145678460598,19.70924013853073,15.911727601289746,19.75296453237534,18.883006334304817,20.447462439537052,18.088339626789097,17.058477735519414,17.450015211105352,19.56029818058014,17.779787719249722,19.924560391902922,19.344961607456206,20.44007076025009,19.152433860301976,17.630546081066143,20.187806582450868,18.64399763345718,19.591809976100926,18.62479459047318,20.02134736776352,20.878072488307957,16.769286644458766,18.128292083740227
2029,16.726721239089972,17.838015902042393,18.709218835830693,19.167390990257264,17.85720692873001,18.83794293403626,18.448742628097538,17.205558478832238,17.718750667572028,17.84898358583451,17.33684920370579,18.241969287395474,17.705293667316436,17.434481048583994,18.25019961595536,18.785882711410526,17.52063320279122,17.28633278608322,18.095201033353806,16.700685614347456,17.537121367454535,16.58107409477235,19.57197046279908,17.6287389755249,18.503640294075016,19.25520255565643,15.996235018968587,18.511961662769316,17.783929729461676,18.101421272754678,19.472098171710968,18.15230302810669,17.401500463485718,18.4025427699089,17.16058024168015,16.096914932131764,17.955598372220997,18.951113891601562,17.02047636508942,18.245339691638947,17.431218099594126,17.887456750869745,18.329943454265596,17.8551956653595,19.64435853958129,14.779114556312564,18.58107793331147,18.456154394149785,18.301090490818034,18.046061372756967,17.99615396857262,17.830168533325196,18.704644781351085,21.258930468559278,17.70144016742706,17.3683333516121,18.473352503776557,17.21278331875801,18.336899971961973,16.03839989304543,17.17639241218567,16.93100810348988,16.952266602218156,16.154848644882442,17.979075896739964,18.57933123111725,17.425178414583208,18.30642744898796,17.817596983909606,18.476786267757415,18.083649587631225,16.633691972494127,18.43370630145073,16.802871334552766,16.46833320260048,17.599097609519962,18.652808904647838,18.374723380804067,18.5926560163498,18.081884551048283,18.793230164051067,17.766848880052567,17.39914025068282,16.78107063174248,19.951244735717783,17.487060558795935,18.611819565296177,18.35698139667511,18.77775077819825,17.570207989215852,16.412046957015995,17.375814473629,18.832053411006925,17.978634452819826,18.132532119750987,17.50644099116326,18.037826073169715,17.195339882373812,18.579645097255714,18.945710492134094,18.998079967498775,17.210676747560505,17.66050040721894,17.40084716081619,18.03440291881561,17.86218519806862,17.77264981865882,18.761542123556143,17.982291752099997,17.188041114807127,16.88536624014378,17.75918428897858,17.279711174964905,18.267523992061623,15.774785423278809,15.247708839178092,19.998634219169627,18.63718174695969,17.30354099273682,18.024213397502905,17.862585625052454,18.06353197693825,18.175724685192115,17.9445930838585,18.02992401123047,16.822004640102392,18.06689139604569,18.171813035011287,18.43679539561272,17.52633429169655,18.27651300430298,18.741099631786348,17.642080444097523,17.161296945810314,17.69948928356171,16.088755765557295,18.160624897480012,18.480493748188017,17.954470729827875,17.194109296798707,18.464351820945744,18.6283984541893,18.09424347281456,18.77463449239731,18.31207647919655,15.136481687426567,18.517919343709945,17.422762605547906,19.15132447481156,16.630738072842355,16.895065897703173,16.49531611204148,19.00996459722519,16.539895081520086,18.434231841564177,17.90844578742981,18.993526029586793,18.232582771778105,16.685615015029907,18.912979918718342,18.320368027687078,18.114945381879807,17.657295227050785,18.45368932485581,19.142964279651647,15.804649704694748,16.733819055557255
2030,15.96559960842132,16.955363202095036,17.434857940673826,18.419627690315252,16.870061391592017,17.270783670246605,17.388914310932165,16.150052767992026,16.893187254667293,16.734290903806688,16.008213537931447,17.093252968788157,16.51365264058113,16.188880181312555,17.156308794021605,17.683832085132604,16.429471963644026,16.256667804718028,16.929254037141806,15.773138380050659,16.54126578569413,15.218341612815859,18.56941615343094,16.453693449497216,17.380477917194362,18.70753042697907,14.90668049752713,17.227620118856432,16.7978009223938,16.94550061225892,18.76371583938599,17.315743410587313,16.426361167430873,17.198938482999797,16.038027298450473,15.060564658045772,16.894866442680364,18.072363626956943,16.06303118467331,17.093808889389035,16.17037101686001,16.816489720344546,17.14902763962746,16.77317742109299,18.344101309776313,13.432816867530345,17.416452467441566,17.323401248455053,17.117691677808768,16.515033304691315,16.879096251726157,16.373406553268435,17.685170209407808,20.294431567192074,16.550387918949134,16.123460161685937,17.19024913907052,15.991872000694277,16.870846462249755,14.840894661843782,15.963597166538245,15.589475518465042,16.122774064540856,15.211646029353147,16.86228781938553,17.352389252185823,16.285226267576228,17.306013345718384,16.515135455131542,17.44550437927246,16.97560030221939,15.557009139657012,17.1066598981619,15.803195786476133,15.362828060984608,16.768158584833145,17.348085498809816,16.86444544047117,17.553245401382448,16.9846167087555,17.334643349051476,16.62647553682327,16.49434877634049,15.694894170761103,18.53958351612091,16.331391710042947,17.3352596104145,17.03095014095306,17.479504394531254,16.50336639881134,15.45202399492264,16.011496546864514,17.850581645965576,16.800165164470673,17.095604217052465,16.19212515056134,17.115769410133357,16.13319067358971,17.63490206003189,17.45172057747841,17.684810000658036,16.19185390472412,16.603751957416538,16.2369005471468,16.96783970594406,16.758211928606038,16.380620086193083,17.449752956628807,16.877860289812087,16.116674464941024,15.737576270103457,16.341849437355997,16.482730668783184,17.16726566553116,14.671359151601797,14.067751812934876,19.25573148727417,17.367371487617493,16.23540315628052,17.118879830837248,16.6844454407692,16.93070036172867,16.870976549386974,16.546831989288336,16.727493202686322,15.556304255127909,17.04874269366264,17.28715990781784,17.308836829662326,16.500356680154802,17.200314229726796,17.468174064159392,16.639739215373993,16.32472133338452,16.890357995033263,15.051130080223086,16.953146237134938,17.25453451871872,17.03061058521271,16.170554494857797,17.21341165304183,17.337175118923195,16.888878452777867,17.661821126937866,17.50766978263855,13.94903744161129,17.52856803536416,16.58679924607277,18.076661622524266,15.792921611666682,15.823959171772009,15.540413272380832,18.130808353424072,15.485331696271896,17.084414017200466,16.631204211711882,17.631284201145167,17.18981984853745,15.572503751516345,17.854734909534464,17.42769116163254,16.94148331284523,16.679573106765748,17.054870682954792,17.703619742393492,14.608310556411743,15.895089596509933
2031,16.06501201987267,17.266048306226732,18.325485324859624,18.689372873306286,18.274308884143828,18.495438331365584,18.816094100475315,17.403613126277925,16.999050670862204,18.034078490734096,15.83900237381458,17.99857999086381,17.321920299530028,17.32045373916626,18.636115729808807,19.195443785190584,17.335280197858822,17.026927220821385,17.895406496524807,15.836141083389526,17.921774351596834,15.671317780017858,19.580542600154885,17.260369396209718,18.21810091733933,19.799084973335273,16.172963970899584,18.140791034698484,17.557523536682126,17.90024505257607,18.99292883872986,18.458665084838863,17.762818729877473,18.19273396134377,15.894837224483492,16.501006400585172,18.11325960159302,19.452360236644743,16.524902331829075,18.01985210180283,17.324230527877813,18.2549408197403,18.107265174388885,18.011423075199126,18.36585004329681,14.934310681372887,18.29624799489975,18.259403443336495,18.076049959659578,16.342455601692205,18.424293732643132,16.18574106693269,19.093074774742135,20.581414282321937,17.293013167381293,16.60758931636811,18.118748950958256,15.838745576143271,17.947987192869192,16.168526893854143,17.219343793392177,17.001112079620363,16.249193425476555,15.273573114164176,16.711430305242548,18.40027320981026,17.21122425794602,18.681150472164155,17.262677741050723,18.77875949144363,18.05326095223427,16.83634560704231,18.234042620658876,16.50970915555954,16.684055125713353,16.874483078718193,18.372266775369646,17.928450202941896,17.63716082572937,17.825269556045534,18.459141767025002,17.909354311227798,16.910805416107184,16.953759133815765,18.581850075721746,17.254570484161388,18.32678382992745,18.236145865917216,18.52140807509422,17.285133755207067,16.136168313026435,16.99254661798478,19.32563447952271,17.585628330707554,18.49815917015076,17.64542673230171,18.38509933948517,17.38304214477539,18.973264038562778,18.48661273121834,18.66014186143875,17.61677269339562,17.86145059466362,17.347369277477274,18.201727628707886,18.297051769495017,16.204585415124896,18.515301913022988,18.132482910156245,17.36764110326767,15.613149434328076,17.35304814577103,16.605583371222018,18.025126898288736,15.947314161062243,14.402110549807555,19.464994645118715,18.35540516376496,16.901163363456735,18.383913314342504,18.299907416105274,17.96108686923981,17.842518091201782,16.367624938488014,17.63339436650276,16.57178795933724,18.270994997024534,17.574571454524992,18.271005487442025,16.973836094141014,18.276261126995095,18.35508785247803,18.00885051488877,16.445524220168597,16.99933333992958,16.483361697196962,17.911994433403017,18.210210752487193,17.735463881492617,16.948071396350862,18.06462938785553,18.346496421098713,17.882944065332406,19.180484700202943,17.60112533569336,15.044266650080676,18.91860095262528,16.706367725133898,19.520402872562418,15.9202442554757,16.27399100065232,16.2975624203682,19.14576703310013,16.938162696361548,18.00329180955887,17.477396655082707,18.797618052363397,18.43049310445785,16.840803903341303,19.290766620635985,18.36430405378342,18.553490114212043,17.95353307723999,18.034310275316248,18.81843304634093,15.858739650249493,16.017242720723157
2032,17.202306938171382,18.646004676818855,20.40111665725708,21.284096264839174,18.968115890026095,21.409512066841128,19.54777774810791,17.855209386348736,18.32195525169373,18.48418647050858,16.819724965095524,19.581062030792232,19.38687593936921,18.223393774032587,19.437889337539676,19.860927248001097,18.932373476028445,18.489664173126233,19.47616708278656,17.108301723003386,18.67734001874924,17.694195413589476,21.31062574386597,19.31515054702759,20.510312318801887,20.70885238647461,16.584625160694124,20.2174462556839,19.739448928832996,19.467830109596257,21.561794567108162,19.276425671577453,18.473972642421725,19.89915535449982,16.85637699365616,17.254469406604766,18.68271567821503,20.500256347656254,17.97605593204498,19.61315760612488,18.90980757474899,19.0059288263321,19.641437697410588,18.385421919822704,22.03108816146851,15.518458646535873,20.68814003467559,19.65711650848389,19.688658332824712,17.452463197708134,19.200172519683843,17.297883808612834,19.718874585628505,24.19918959140778,19.420330071449275,17.388962697982787,20.20769941806794,16.77435721158981,20.390766215324394,16.642776894569398,18.50150390863419,17.567892909049995,17.602455842494965,16.511603915691374,17.631736600399023,20.038238167762763,18.91306946277619,19.278518009185795,20.023206329345705,19.429021275043493,19.104195618629454,17.264602398872377,20.282266438007365,17.984343647956855,17.677101528644563,18.16753056049348,20.36108729839325,20.241544055938714,18.759712028503422,19.343628191947936,21.21637531518936,18.342092514038086,18.23036808967591,17.307374942302705,22.37325985431671,18.76007208824158,20.01597480773926,19.03590866327286,20.235494065284737,18.76605532169343,17.537797927856452,19.107978296279907,20.240224945545208,19.687117958068853,19.25915647745133,18.24427775144577,19.16015050411225,17.817096972465517,19.514859628677367,20.80613073110582,20.93225197792054,18.201881587505333,18.332031285762778,18.847277915477758,18.7108938574791,19.02983891963958,17.23618522882462,20.23302414417267,18.520745611190797,17.827889478206647,16.570217764377603,19.464548838138587,17.95435242652893,20.210173201560973,16.39294883012773,15.230257499217993,22.229256939888003,20.90140101909637,18.916452741622926,19.108366608619697,19.20846096277237,19.303812241554258,20.13420490026475,17.3610998749733,19.72486811876297,18.382419753074647,18.76161365509033,18.87848055362702,19.77557892799378,17.899323046207428,19.216567969322206,20.25345730781555,18.6153792500496,17.789513039588932,18.217875599861152,17.187424457073213,19.504709649086003,20.691910123825075,19.902324557304393,18.502229428291322,20.214217829704292,20.023076295852672,19.492446613311763,19.794707381725317,18.917561721801768,15.610010230541231,19.631931149959577,18.05265083312989,20.09578466415406,17.28236241340637,17.01863449811936,17.798507237434393,20.390275192260745,17.602041304111488,20.21724244356156,19.72862355709076,20.603006649017335,18.876032471656806,17.23206942081452,19.936058139801023,19.81128468513489,19.238851916790015,18.809913027286523,20.191408991813667,21.583347630500803,16.419927275180818,17.328406214714047
2033,17.025475049018862,18.47175464630127,19.833753395080564,19.80429067611694,18.545231676101682,21.161956310272224,19.112464690208437,17.461174476146702,18.249600112438202,18.07547647953034,16.632931828498847,19.02378659248353,18.70992553234101,17.327726519107816,18.957011413574218,19.47786023616791,18.345343375205992,17.92635095119477,18.966204130649572,17.0216637969017,18.230952048301702,16.742700767517086,20.339653134346015,18.597544193267822,19.982085227966316,19.835659503936768,16.20572674274444,19.615073370933537,19.253264546394345,18.95014021396637,20.176252388954172,18.69029958248139,18.045087862014775,19.301828074455262,16.64205979108811,16.84651755094529,18.254481565952297,19.55686044692994,17.442369341850288,19.072795224189754,18.45297765731812,18.504963254928597,19.217648816108714,18.053787577152246,20.2159571170807,14.929664450883859,20.333485054969792,19.295036411285405,19.13337571620941,17.143967771530157,18.726462173461915,17.007282900810246,19.379672265052797,22.139017963409437,18.671270775794987,16.99464859962465,19.58980782032014,16.599298930168153,19.9972182393074,16.186580014228817,18.11062194108963,17.029620265960695,17.533227217197425,16.421886968612675,17.463031899929042,19.520868134498603,18.22200112342835,18.97681379318237,19.05945739746094,18.99996571540833,18.67380652427673,16.86414996385574,19.550280308723455,17.347038626670834,17.295356953144076,18.04240041971206,19.73093636035919,19.644382536411293,17.428994178771976,18.809869217872624,20.975421166419995,17.935155594348913,17.854924345016478,16.98071299791336,20.52279019355774,18.327871632575988,19.436128628253936,18.193312871456165,19.656322443485266,18.194183254241942,16.94505028724671,18.548989522457127,19.53570101261139,19.005300569534306,18.814934992790217,17.732354307174685,18.64186644554139,17.431128430366517,19.24684965610504,20.178671908378597,20.562515282630926,17.91175873279571,17.89836999177933,18.344985055923456,18.314601612091064,18.596607398986823,16.99393208026886,19.66177607774734,18.160199630260475,17.391628050804144,16.41294904947281,18.94518921375275,17.883364069461827,19.929817605018627,15.972547900676734,14.91174745559692,20.676625800132754,20.53266150951386,18.188918757438664,18.63721251487732,18.63102527856827,18.812126755714413,19.634923267364506,17.11171758174897,19.17003519535065,17.875869572162628,18.37192301750183,18.676701998710637,19.316989719867706,17.65963492393494,18.835771584510816,19.791428065300003,18.307684707641602,17.708716475963595,18.09515998363495,16.816702210903163,18.97505491971969,20.295301675796505,19.392637276649474,17.86039075851441,19.558751058578498,19.465855455398568,18.962108612060543,19.46336424350739,18.8232919216156,15.169882678985593,19.1985557794571,17.978200399875643,19.805789542198188,17.218618714809413,16.712627863883966,17.147501862049108,19.683944654464717,17.26734125614167,19.57805857658386,18.985832381248468,20.05608949661255,18.478895676136016,16.86964355707169,19.583796024322517,19.019386053085338,18.86030305624008,18.36720938682556,19.639176201820373,21.269159936904906,15.872426640987396,17.122752499580383
2034,15.832973670959472,16.928249335289,18.41705114841461,18.704226446151733,17.79266678094864,19.218466866016392,18.289013671875004,16.82115466594697,16.680322694778443,17.37527024745942,16.045457315444946,17.684322571754457,17.423513090610506,16.866316330432888,18.094397485256202,18.61642843484879,17.040831804275516,16.77581667900085,17.54510469436646,15.558567988872522,17.44243054389954,15.539852595329284,19.275838446617133,17.355388259887697,18.656728780269624,19.535400748252876,15.558550918102274,18.256653642654413,18.084532880783087,17.53974158763885,19.035880899429323,18.057134890556338,17.283657610416412,17.84385464191437,16.106877970695496,16.02639229297638,17.544261884689334,18.993032026290894,16.286993813514716,17.67749876976014,17.234265100955966,17.69078967571259,17.777779960632326,17.38015973567963,18.811197972297677,14.183059123158449,18.908234667778018,17.94898426532747,17.759776496887206,16.726132929325104,17.845467782020574,16.530392539501193,18.57221029996872,20.619651508331298,17.429584264755253,16.50430401563644,18.133654952049255,16.017251801490783,18.31946328878402,15.48892470002175,17.000672030448914,16.264798688888547,15.903358590602874,15.008278083801267,16.898194873332972,18.015136194229125,16.935420083999634,18.184777998924254,17.834156799316407,18.23785071372986,17.577629733085633,16.22473645210267,17.970522189140315,16.295148134231567,16.342690324783327,16.597500264644633,18.223242628574383,18.059507596492768,17.605767357349396,17.527919554710387,19.145071363449105,17.233879351615904,16.651486134529115,16.33324090242386,19.00035657882691,16.898778939247126,17.99733989238739,17.673845100402822,18.179859685897824,17.030696725845342,15.931322431564325,17.09023163318634,18.81925188302994,17.696909844875343,18.004434072971346,16.921956133842475,17.917813348770142,16.783220052719116,18.494568598270423,18.616236507892616,19.048170137405396,17.120570003986366,17.26731905937195,17.2026139497757,17.612484371662145,17.731050133705143,16.505703806877136,18.16751334667206,17.495083510875702,16.763648140430444,15.716550391912458,17.457802903652198,16.251813423633575,18.53342393636704,15.327646744251254,14.353574603796005,19.499817728996277,18.9724821805954,17.04306838512422,17.939247179031376,17.696972751617437,17.555654478073116,18.137649881839753,16.679410099983222,17.723291623592374,16.555804407596593,17.69984072446824,17.268373084068298,17.910053086280822,16.71691162586211,17.810102629661564,18.45750699043275,17.523831844329834,16.10582435131073,16.713943171501153,16.005439531803134,17.587977504730222,18.80972580909729,18.269467902183543,16.701744604110722,18.171900510787964,18.01464290618896,17.521490144729626,18.599506568908694,17.285536050796505,14.518258535861964,18.432746386528024,16.371539461612706,18.9685715675354,15.545135450363158,16.13996500968933,16.051557111740117,18.83101861476899,16.447678232192978,18.115163087844856,17.598169529438017,18.38640813827515,17.83903173208237,16.21156787872314,18.758584082126617,18.084348511695858,17.934308576583867,17.53182709217072,18.15823197364808,19.504543113708504,15.259490430355076,15.767805898189547
2035,17.499879550933837,18.97030365467071,20.434145164489752,21.134465670585637,19.64892947673797,21.869029235839854,20.264920878410344,18.53391456604004,18.736925554275523,19.19248217344284,18.166684079170228,19.56865363121033,19.29898681640626,18.667975425720222,20.209129238128664,20.681195545196534,18.911040306091305,18.42960255146027,19.516467034816753,17.734619617462165,19.329789233207705,17.550467085838317,21.66315798759461,19.174973320960998,20.589938211441048,21.14862244129181,17.263336420059208,20.23485134840012,19.826383185386664,19.505504000186928,21.413100433349616,19.69682550430298,19.127081561088566,19.907934582233427,18.044481706619273,17.960090327262883,19.261081433296216,21.098224663734435,17.99565589427948,19.625935530662538,19.236399805545815,19.707988524436956,19.7720769405365,19.093499660491943,20.875579833984368,16.316009086370467,21.01543397903443,19.82931454181671,19.696552658081053,18.817579841613775,20.004686236381538,18.671772146224974,20.47767097949982,23.86600658893585,19.264746177196507,18.34174103736878,20.208623731136324,18.035273897647855,20.653344964981088,17.373339116573334,18.985060536861422,18.34520004987716,17.991294324398048,17.12752230167389,18.826094222068793,20.109671938419346,18.837786602973946,20.030977344512944,19.74652769565582,20.076517271995545,19.4112930059433,17.925927054882052,20.2383028268814,17.854633522033694,18.2769610285759,18.52922699451447,20.36310957670213,20.348975086212157,18.60295257568359,19.336234521865844,21.63574378490448,19.06650733947754,18.36233341693879,18.008027648925783,21.22601692676545,18.860810863971718,20.032234930992125,19.552606534957892,20.262383842468267,18.709432530403145,17.4197723388672,19.168857562541962,20.9809529542923,19.587667083740236,19.94273495674134,19.053202414512633,19.736835622787485,18.481095075607303,20.243943285942077,20.885910356044768,21.170510458946232,18.98152105808258,18.953156459331513,19.163746345043172,19.30712640285492,19.82405163049698,18.538155984878546,20.27566323280335,19.2219244480133,18.444672334194177,17.74700523614884,19.577614486217502,18.343363356590277,20.490674805641174,17.064618015289305,16.276332044601443,22.014319801330565,21.17297508716583,18.741616034507746,19.694607639312743,20.009614229202278,19.485347843170167,20.355479323863985,18.640437650680546,19.78635646104813,18.58813984394074,19.424145412445068,19.16277899742126,19.854284834861758,18.63176020383835,19.604568767547608,20.368094432353974,19.369274759292608,18.186320364475243,18.572672581672673,17.925385797023786,19.544945025444033,20.933476257324212,19.979727435112004,18.404235434532172,20.166491448879245,20.073958349227908,19.528941118717192,20.648905873298652,19.31748085021973,16.418001544475555,20.299691033363352,18.458679318428047,20.94397053718567,17.67335531711579,17.93920667171479,17.674998450279237,20.786980319023137,18.372145223617565,20.232217097282422,19.634398198127744,20.709731125831603,19.537258553504948,17.92600349187851,20.71327888965607,20.1628858089447,20.146826243400575,19.441174721717836,20.292791104316713,21.974253535270694,17.095279836654676,17.66844727993012
2036,15.019793069362644,15.870027261972428,16.626596552133556,18.782271027565002,16.422421783208847,17.339854209125043,16.99613823890686,15.547425109148032,15.713465017080313,16.096133792400362,14.551961994171146,16.434277015924458,15.76976056098938,15.516502285003668,16.732288575172426,17.24643129706384,15.727377277612693,15.671078360080722,16.21110813021661,14.46045372486114,16.19005330801011,14.610768997669222,18.470995092391963,15.725308436155313,17.257466650009157,18.19738988876343,14.27327398657799,16.471966904401782,16.89794961214066,16.237095713615425,19.077551889419556,16.968231022357948,16.06081926226617,16.4433979511261,14.686578345298765,14.688830325007444,16.27970528006555,17.510927689075466,15.359627699851998,16.40906754732133,15.446957753598687,16.369189149141317,16.424976730346685,16.176044189929968,18.689375686645516,12.664373053610325,17.49055334329605,16.630760622024543,16.403442770242698,15.126126396656039,16.436171120405206,14.951639163494116,17.266276556253437,20.739752912521364,15.829736590385437,15.174128496646887,16.39451937675476,14.594705367088315,16.409725695848472,14.17512975335121,15.33701086342335,14.902288925647735,14.915877363085752,13.94949730634689,15.510857295989993,16.57832105457783,15.579661738872531,16.89920989274979,16.462659084796904,17.001092791557312,16.317038285732274,14.930110234022152,16.20284884274006,15.279149079322815,14.870143574476248,15.664798218011859,16.52275368273259,15.896232560276982,16.844524478912355,16.36767489910126,17.42243274748326,15.969401580095298,15.723910105228432,15.085299938917164,18.926051497459422,15.550808537006379,16.609114855527878,16.335573959350587,16.72999283671379,15.926661860942849,14.932073891162878,15.14070099210367,17.35783271789551,16.05915052294732,16.724440008401874,15.534565716981897,16.749705648422243,15.525509572029122,17.225122487545015,16.520896874368198,17.388591682910917,15.793460232019427,15.990620678663253,15.617169404029848,16.34608906507492,16.306782907247552,15.004730427265173,16.673568847775464,16.24925214052201,15.48820887804031,14.344042909145358,15.422015517577531,15.276308739185339,17.240834116935734,14.032923299074175,12.93843807578087,19.637042927741998,17.460472786426543,15.561972284317026,16.740648543834688,16.220914009213452,16.22327863574028,16.543215745687487,15.241067492961884,15.91188439428806,14.807780919969087,16.47506250143051,16.321415853500376,16.59960706830025,15.431085973978039,16.556839454174042,16.67373999357224,16.2418851017952,15.127738618850717,15.84770673513413,14.672303584218028,16.234631592035292,17.346748924255373,17.10215202569962,15.561373889446262,16.439913833141325,16.589509594440464,16.150380888581278,17.212912774086,16.364453631639485,13.176178720593459,17.09902685284616,15.384882616996773,17.639376556873316,14.572322681546217,14.80126621723175,14.95671417713165,17.943970894813535,15.10432505607605,16.25174588561057,15.836080831289285,16.772457388229668,16.58110712766647,14.940729433298111,17.453549009561545,17.338871562480918,16.478696215152738,16.37543954849243,16.150770130753518,17.790846627950668,13.977378201484683,14.785612004995349
2037,15.525374543666839,16.32546244859696,17.317050445079808,18.706829845905308,17.01809806823731,18.01816586703062,17.597253239154814,16.238404208421706,16.293225997686385,16.848492598533632,15.779520624876023,16.450283890962602,16.403548753261575,16.155105650424964,17.37926102876664,17.90048607587815,15.802384388446814,15.686580717563634,16.250036621093756,15.213980084657663,16.723855245113374,14.74766274690629,18.78168451786042,16.355152869224547,17.729428887367256,18.506550931930548,14.994961595535283,17.167743176221848,17.25997248888016,16.275956195592883,18.99444327354432,17.466818428039552,16.57732714414596,16.504709559679032,15.815092730522167,15.221318042278284,16.898996818065644,18.041023147106177,15.579692983627325,16.43264673948289,16.171570461988445,17.009991520643236,16.503491377830503,16.8818694293499,18.627295923233046,13.549578990414744,17.953325831890112,16.75215066075325,16.436932474374764,16.371233570575715,17.094094109535224,16.224224650859835,17.867122089862825,20.59260298609734,16.427340924739838,16.128780555725097,16.94609165787697,15.76827206611633,17.148984318971635,14.950838828086853,16.01457276046276,15.764258286356926,15.509240913391114,14.667617577314383,16.637321430444715,16.65123583674431,15.686242395639411,17.464646375179292,16.82642189264298,17.60236337184906,16.61647059321403,15.6394624710083,16.50064223110676,15.291078722476957,15.463535913825035,16.223526501655577,16.896550899744046,16.769326773285865,17.015868282318117,16.365422499179843,18.032880198955535,16.726055699586865,15.998803126811982,15.804873985052108,18.85324422121048,15.64962985515594,16.635169351100927,17.06587309837341,16.748729443550115,15.947598671913152,14.950198113918304,15.914634299278262,17.944393217563633,16.68259248733521,17.286863088607788,16.38752278089523,17.306549191474915,16.217239475250246,17.762708437442786,17.353491166234022,17.99722487926483,16.355099499225624,16.687485879659654,16.213797384500502,16.979591339826587,16.96049780845643,16.22260258197784,16.70638530850411,16.978570902347563,16.184143739938733,15.469434559345249,16.264368161559116,15.867414093017583,17.69811589717866,14.753625226020807,13.948716220259666,19.512256681919098,17.96427701711655,16.11889576911927,17.280282080173492,16.933787101507185,16.402467858791347,17.144424754381184,16.402585518360134,16.588905519247064,15.485468783974648,17.111467629671097,16.72268841266631,16.641312742233282,16.22667778134346,16.897690278291705,17.378647184371953,16.795079398155206,15.719083404541015,16.37455343008042,15.209107726812357,16.266901600360868,17.82507085800172,17.457359540462495,15.602447056770322,17.06595259904862,16.62199095487594,16.198048967123032,17.885721194744114,16.906324768066415,14.00069490224123,17.688520979881297,15.984009629488,18.285204184055328,15.161262518167495,15.725497645139697,15.020280337333679,18.2789302110672,15.658336341381073,16.969763284921648,16.52501278519631,16.851508069038395,17.260849469900137,15.66786962747573,18.047221863269804,17.616214156150825,17.182551789283757,16.845512807369232,16.958222615718846,18.378007835149766,14.741451251506808,15.39671375751496
2038,17.547908198833465,18.85836780071258,19.498713493347168,20.95242223739624,18.560435032844545,19.993387007713324,19.13134777545929,17.80303473472595,18.767152178287507,18.401050221920023,18.008540689945224,19.052013325691227,18.41018466949463,17.949749374389658,18.97291013002396,19.509951806068425,18.380723810195924,17.99115941524507,19.006311774253838,17.70287407636642,18.242507779598235,17.350896573066713,20.893740701675416,18.312071943283087,19.327607083320625,20.406521415710447,16.532937157154088,19.29239056110383,18.550639510154728,18.989403152465826,21.2088299036026,18.724932932853697,18.099820232391362,19.34001257419586,17.860912215709686,16.834777390956877,18.55922665596008,20.05215718746185,17.7558265209198,19.10754816532135,18.231705605983734,18.579117512702943,19.23375110626221,18.394555735588078,21.132524776458737,15.353763234615325,19.44725294113159,19.306086707115178,19.176578617095945,18.68702731132507,18.748483359813697,18.532886862754822,19.40007929801941,23.675388598442076,18.389427423477173,17.90114896297454,19.31138491630554,17.89613981246948,19.311160135269166,16.551477193832397,17.94710302352906,17.43319627046585,18.03601380586624,17.123835158348086,18.67125048637391,19.556274628639216,18.29499223232269,18.986448848247537,18.493346500396733,19.119379258155824,18.833533239364623,17.21055492162705,19.468374848365784,17.449353694915768,17.21632217168808,18.58561514616013,19.586497235298157,19.285475575923915,18.89188218116761,18.850440788269047,19.887829625606543,18.294842374324805,18.17761945724488,17.311718583106998,21.452254986763013,18.404793822765352,19.513723301887513,18.852258062362665,19.72333242893219,18.281954360008235,17.03733248710632,18.20600814819336,19.818195533752448,18.69145166873932,18.824635398387912,18.077039229869843,18.678648781776424,17.762241148948675,19.251869535446165,19.82805013656616,19.906608104705814,17.902860462665565,18.236728048324586,18.178878223896035,18.625419497489922,18.616358172893523,18.416218781471258,19.729835581779486,18.50849978923798,17.7255578994751,17.62311458587647,18.60078542232514,18.360648036003106,19.136157155036926,16.30629122257233,15.899357533454895,21.86585075855255,19.60801367759704,17.928091669082647,18.66808702945709,18.66964843273163,18.915914511680615,19.161131227016448,18.522665500640866,18.832377743721004,17.614092957973476,18.664225602149973,19.08244259357452,19.351589131355283,18.304530239105222,18.998900413513184,19.495800924301147,18.31732438802719,18.22130706310272,18.61639678478241,16.80262738466264,19.04156351089477,19.39669678211213,18.71302120685577,17.932596373558052,19.235114192962655,19.548315477371208,19.0102434873581,19.489250969886776,19.332751834392546,15.684190344810483,19.22046149969101,18.495261704921734,19.81646502017974,17.712130999565126,17.53329048156737,17.204708194732667,20.006571483612063,17.250671648979196,19.237068080902105,18.668503797054292,20.086779201030726,18.794783306121836,17.198773157596587,19.60728044509888,19.45953934192658,18.891933476924898,18.48038803339005,19.29977324008942,20.20731449127198,16.259680223464965,17.70164983272553
2039,15.786553192138673,16.8470520734787,17.537856268882752,18.983656287193295,16.58672114610672,18.273157703876493,17.011157321929936,15.831419718265527,16.737382924556734,16.34058655500413,15.640856647491452,17.200016057491297,16.575658202171333,15.836177182197568,16.734591817855836,17.283063292503357,16.540377879142767,16.332213747501378,17.049095034599304,15.567761325836173,16.18418927192688,15.487489914894104,18.64554581642151,16.533294963836667,17.91090922355652,18.42464437484741,14.56280481815339,17.365832877159114,17.434123706817626,17.054878115654,19.312656664848333,17.02775857448578,16.08097940683365,17.3259060382843,15.704523813724515,14.739064383506776,16.630508983135222,17.638296604156494,16.01584968566895,17.204689252376557,16.139079225063334,16.41424362659454,17.250161230564114,16.420344412326816,19.871179199218748,12.996743690967563,18.111732578277586,17.41383695602418,17.233048236370088,16.14424614906311,16.4537482380867,16.01841855049134,17.34627987146377,20.984366750717157,16.59960068464279,15.764023351669309,17.314189755916598,15.64640352725983,17.349821865558628,14.449096333980558,15.833008182048795,15.141874396800992,15.979620611667633,15.000414848327646,16.53570894002914,17.489947211742397,16.402242052555085,16.981871187686917,17.169532608985893,17.09111342430115,16.932571053504947,15.236200356483465,17.248085129261025,15.86009004116059,15.127136659622195,16.615429210662843,17.48842535018921,16.97357632517815,17.337072634696966,17.076028835773474,18.241469311714177,16.227181386947628,16.432751607894904,15.343666172027588,20.18886036872864,16.443636989593507,17.446757590770726,16.645877373218532,17.607861089706425,16.578617012500768,15.508391010761267,16.124889421463013,17.40720808506012,16.858950459957118,16.735652828216544,15.745739376544957,16.77221460342408,15.810802292823798,17.357725870609283,17.5535437464714,18.2033780694008,15.866729724407197,16.30730123519897,16.159797418117524,16.70748503208161,16.37186439037323,16.02836666107178,17.58723556995392,16.505188333988194,15.81029016971588,15.413127183914188,16.444015276432044,16.328840088844306,17.88435695171356,14.324146699905395,13.725727868080138,19.812747144699095,18.1799268245697,16.26147589683534,16.811277818679805,16.23913899660111,16.952557015419004,17.30419878959656,16.20982569456102,16.818713557720184,15.551826000213627,16.728260326385495,17.179948449134834,17.432682538032527,16.26699047088623,17.10969797372818,17.565171074867248,16.302414548397067,16.164300847053532,16.73065190315247,14.734891426563266,17.066096448898318,18.045976686477665,17.606572675704957,16.251183307170873,17.305806779861452,17.452662682533266,17.0080350637436,17.27116941213608,17.32483180761337,13.576763379573828,17.24195251464844,16.43775086402894,17.68639488220215,15.643157207965846,15.508418786525723,15.626196181774144,18.094796466827397,15.155131590366363,17.16208956241608,16.68459256887437,17.798578524589537,16.879767107963566,15.211844897270202,17.495198822021486,17.466958665847788,16.499058568477636,16.470659017562873,17.146088492870334,18.60707106590271,14.22244141101837,15.693203902244568
2040,14.756390750408169,15.67135354280471,17.55435417890548,18.210128641128545,16.83082469701767,18.379685616493227,17.263963663578036,14.724193304777149,15.463387858867645,15.349651414155968,13.20658897161484,16.45534746646881,16.6076448559761,14.185634815692904,17.05861077308655,17.54583860635757,15.821596348285675,15.697277665138245,16.251037144660952,13.945431017875668,16.36942670345307,14.928790688514706,18.415863001346587,16.555173742771153,17.967926478385927,17.821042108535757,13.455644422769547,17.400188291072848,17.486057424545287,16.257061326503763,18.553441905975347,17.255751132965084,16.07860165834426,16.514704787731173,13.484330463409426,14.904927217960363,15.534326994419107,17.19268295764922,15.229392504692077,16.430644094944007,16.218595182895662,16.461234641075134,16.535102510452283,15.325980734825142,19.993075633049013,11.664729745872316,18.274058222770694,16.728176474571235,16.466425061225888,13.664391064643866,16.722739374637605,13.528517663478851,17.598581635952,19.921711647510534,16.62628028392792,14.09310327768326,17.170758950710297,13.348972177505493,17.455176770687114,13.280946356058124,15.977176654338837,13.880262705683705,14.67572042942048,13.421467363834385,14.341268479824071,16.67059483528136,15.695912957191473,17.216235721111296,17.445735335350044,16.875569081306452,16.002179229259497,14.116557067632673,16.57190905809403,15.306275320053103,15.276825761795038,15.398299646377563,17.03337506055832,17.04902148842812,14.709948241710668,16.36038345098495,18.368898522853854,15.09975706934928,15.579133987426763,14.248756778240207,20.364743590354923,15.625665247440343,16.67105387449265,14.979525578022002,16.792168807983398,15.96049242019653,14.970451545715346,16.157191389799117,17.364141774177558,16.88841150999069,16.960523593425755,14.719627302885055,17.032135593891145,14.703823280334472,17.568811166286473,17.62670451402665,18.266481781005858,16.0680419921875,15.170168733596807,16.207640373706823,15.60959764122964,16.64746079444886,13.64542223215103,16.750443470478057,15.404585969448092,14.70285417437554,13.203402930498124,16.51773656606675,15.020895469188691,17.95501415729522,13.207940220832828,11.824735337495808,19.03607456684113,18.25953890085221,16.296898174285893,17.04457060098648,16.5686598956585,16.078225302696232,17.337196123600012,13.878725731372834,16.847692310810082,15.622547101974487,15.772324657440175,16.110474181175228,16.63957624435425,14.741463279724119,16.179376077651984,17.61671990156174,16.529648566246046,14.880296409130096,15.576544260978697,14.928953313827517,16.30361757278442,18.132940602302554,17.6635091304779,15.595733559131626,17.308574736118313,16.65999841690064,16.213484120368957,17.55476702451706,16.06153336763383,12.22569188475609,17.473856997489936,15.138992261886596,17.95487035512924,14.319397234916687,13.796320992708207,15.028267538547516,17.99922521114349,15.353338605165481,17.224789547920224,16.73506246805191,16.882361268997194,15.751900219917298,14.106472003459928,17.7476417541504,17.2537320137024,16.812781643867496,16.548738753795625,17.216432058811186,18.737806689739223,13.096463710069653,14.526016271114349
2041,17.492303943634035,18.745479851961136,19.7572039604187,20.726650643348695,18.929054522514342,20.98212468624115,19.560100173950197,18.033783864974982,18.626506453752512,18.74107174873353,17.998176677525045,19.05461909770967,18.710242152214057,18.002204334735865,19.482162535190586,19.963327455520634,18.349787938594815,18.009247159957884,18.941217780113224,17.55762800574303,18.624708330631268,17.26250752210617,21.043102049827574,18.619995272159564,19.940591907501222,20.20217025279998,16.83752953410149,19.594435024261475,19.22100560665131,18.95216442346574,21.01450357437134,19.10002520084381,18.44445606470108,19.306900691986083,17.78750602602959,17.20955491065979,18.789822351932525,20.120222461223612,17.800708961486826,19.06767216920853,18.51963968276977,18.99582442045212,19.20877814292908,18.676131331920622,21.329589009284973,15.779886574298137,20.261700057983397,19.28729593753815,19.184218835830684,18.71372948288917,19.222780644893646,18.544865614175794,19.796730172634128,23.379678821563722,18.73493194580078,18.079016971588146,19.535025918483733,17.820108410716063,19.912301707267765,16.91799038648606,18.299857211112975,17.90438230633736,17.875201809406278,16.993035532534122,18.584202939271936,19.50988792181015,18.307758569717404,19.356627810001378,19.234128856658938,19.476033008098614,18.927030587196352,17.470273846387865,19.503875815868376,17.513312149047845,17.57915880680084,18.4671524643898,19.703122472763063,19.615235698223113,17.774591779708864,18.831396400928494,20.81505217552185,18.64132137298585,18.181243896484375,17.609632980823527,21.714612698554998,18.375649166107184,19.537784194946294,18.995497345924385,19.73231238126755,18.329630637168876,17.082982397079473,18.455898892879485,20.08709588050842,19.00974557399751,19.23366930484772,18.536774641275407,19.07804077863694,18.01996103525162,19.600421738624583,20.16487820148468,20.470731520652777,18.303561127185827,18.499864989519118,18.44704488515854,18.874753916263586,19.07235615253449,18.434271156787872,19.741842114925397,18.81913647651672,18.003977102041244,17.51765654981136,18.88912550807,18.1980683863163,19.842134952545177,16.62394528388977,15.991114452481273,21.63017530441284,20.419051146507268,18.286242723464973,19.0425772190094,19.193916046619414,18.929699730873107,19.672786629199983,18.539857947826384,19.099478447437296,17.917062723636626,18.901771032810217,19.01846208572388,19.28008704185486,18.31031104326248,19.084198749065404,19.762954699993134,18.6952153325081,18.08382514715195,18.531373488903046,17.170437169075022,19.041506195068365,20.197735309600823,19.367405390739446,17.949196505546567,19.52702652215958,19.570625388622283,18.99037348031998,19.942136716842654,19.198080998659137,15.994925031065941,19.59635336399078,18.349052304029463,20.259503126144413,17.54980565607548,17.61127556562424,17.22080985307694,20.209266138076785,17.654930186271667,19.55848542451859,19.02204649448395,20.041090297698982,19.059842121601115,17.52676360011101,20.012253189086913,19.609660816192626,19.38140687942505,18.80761264562607,19.611197340488435,21.127579832077025,16.664343261718756,17.638412702083592
2042,16.85650551319123,18.176156556606294,19.09258445501327,21.10965299606324,18.345832908153533,20.641612327098848,18.87974534034729,17.58552167415619,17.981950139999398,18.22744446992874,17.665897834301,18.740113699436197,18.056611204147345,18.397243916988373,18.76706378459931,19.22920218706131,18.035213541984565,17.69211713075638,18.63243072032929,17.0273925960064,18.006221652030945,16.78186104297638,20.860524654388428,17.956075441837317,19.534861707687377,20.803271698951725,16.32714084982872,18.932167303562164,18.944787263870246,18.634637808799745,21.36807489395142,18.5187444448471,17.849934780597685,18.9653887629509,17.51166698932648,16.619085407257074,18.32546894550323,20.25680527687073,17.279514563083648,18.76657886505128,17.88806831836701,18.330765068531047,18.84873396158218,18.201043570041662,21.44628052711487,15.126974562555546,19.95064172744751,18.939652013778687,18.82836985588073,18.304698503017416,18.48137767314911,18.131639266014098,19.16040672063828,23.99086754322052,18.010239183902737,17.6444520354271,18.89476991891861,17.55181568861007,19.349044632911692,16.372893071174623,17.652426767349247,17.287937283515927,17.234731227159507,16.438212245702747,18.324311292171494,19.150713884830473,17.93786824941635,18.752503609657293,18.927892827987673,18.88446670770645,18.51795669794083,16.978245079517368,19.043804985284797,17.15886164903641,16.96001402139664,17.793608081340793,19.16128225326538,18.827604448795324,20.546232032775876,18.550955367088317,20.48503521680832,18.128685045242303,17.658802628517144,17.114962708950042,21.836254072189334,17.993773663043974,19.140483295917516,19.23204147815705,19.34161627292633,17.975197625160227,16.74756158590318,17.80566603541375,19.83485964536667,18.337155461311333,18.595148265361793,17.933063626289368,18.47001215219499,17.549143862724314,19.024272298812868,19.38566167354584,20.013966226577757,17.692671608924872,18.016904771327972,17.80693634748459,18.37654585838319,18.39282112121582,18.048916280269626,19.34151178598404,18.316515910625466,17.498020577430736,17.226757860183717,18.175161433219905,17.585265344381337,19.613989114761353,16.093985253572466,15.57102109789848,22.04567415714264,20.120277678966538,17.58282552957535,18.458295297622684,18.419061565399176,18.574544012546543,19.235743105411537,18.190716898441316,18.421720242500307,17.23679926395417,18.440821015834807,18.443202126026147,18.975176751613617,17.87782002687455,18.721271359920507,19.093678331375123,18.08640322685242,17.419475448131568,17.876795458793637,16.599040544033052,18.67738997936249,19.90381126403809,19.07278573513032,17.620281398296356,18.836610555648807,19.167041909694678,18.63950707912445,19.229191160202035,18.567021787166595,15.465737342834469,18.99279705286026,17.699625432491302,19.572034955024726,16.912567150592803,17.221480894088753,16.91392002105713,19.913623428344728,17.049878644943238,18.846664619445807,18.297278106212623,19.63505584001542,18.58908834457398,17.024585187435143,19.364133846759795,19.413228082656865,18.636004543304445,18.326817464828494,18.87857418060303,20.801682996749886,16.087667512893677,16.934461724758155
2043,16.645520901679994,17.75288956165314,18.718912518024446,20.627136945724487,17.856824171543124,19.774777096509943,18.323172581195827,16.894625484943393,17.600081670284272,17.412290322780613,16.728151386976236,18.168467783927923,17.712236320972444,17.13512237071991,18.089601910114286,18.633586454391487,17.482869815826422,17.216157460212703,18.01360117197037,16.45166710615159,17.498313295841218,16.478898477554317,20.288065838813775,17.61615399122239,19.04506461620331,19.83381690979004,15.597025001049042,18.50697264671326,18.44739410877228,18.02004652023316,20.947084808349608,18.029091286659245,17.387684571743012,18.344300222396853,16.742451679706576,16.134123009443282,17.67077523469925,19.2085568189621,16.958298873901366,18.182009124755858,17.377985209226615,17.731813919544226,18.25302402973175,17.43387351036072,20.449870038032536,14.2985160201788,19.32299811840058,18.369466269016264,18.210469698905946,17.318406176567088,17.891658115386956,17.167621099948896,18.612663829326628,23.265043354034425,17.711826860904686,16.821948730945586,18.473485553264627,16.649014759063718,18.68099866509438,15.567511016130448,17.09112738370895,16.31794992089272,16.80535567998886,15.877378368377682,17.49598858356476,18.507246410846715,17.374233317375182,18.229499912261957,18.38338222503662,18.27558292150498,17.872012174129484,16.27829679250717,18.44840109348297,16.73177688121796,16.446188735961922,17.48242934942246,18.62785881757736,18.291045272350313,18.139058637619023,18.020228505134583,19.68110947608948,17.301686799526216,17.340863883495334,16.347471988201146,20.736018514633173,17.359261107444773,18.47448723316193,17.816965746879575,18.648502457141877,17.480544090271,16.337603950500487,17.33881980180741,18.938311052322387,18.011641120910653,18.036408388614653,16.99018588066101,17.901582694053662,16.869006490707395,18.55836827754975,18.87156323194504,19.433921933174137,17.14085047245026,17.338143122196207,17.41613153219223,17.695333886146543,17.742387270927434,17.108820366859437,18.616850161552435,17.53024573326112,16.833990538120283,16.36488022208214,17.651598036289215,17.17515997886658,18.984237003326424,15.384577894210826,14.821120667457578,21.575092697143553,19.458725416660307,17.309381484985355,17.947498261928565,17.684925067424775,17.948484110832215,18.61314158439636,17.252185392379765,18.01754250526428,16.781871646642692,17.814195811748508,18.066750919818883,18.37892558574677,17.213391411304475,18.098664224147807,18.66204417943954,17.56533044576645,17.01919779777527,17.598734891414644,16.11645275950432,18.032880401611326,19.268708813190457,18.629812908172603,17.151395142078393,18.47075252532959,18.468335545063024,17.983345890045168,18.59693194627763,18.23691642284394,14.700076037645346,18.491662883758536,17.294419801235204,18.9706724524498,16.476107317209248,16.53355212211608,16.470758509635928,19.42679097652435,16.506147181987764,18.425977325439455,17.923976981639868,18.91634112596512,17.937367939949024,16.232524329423903,18.784729266166693,18.89574493169784,17.94923715591431,17.784251224994655,18.37902510166169,20.027287590503697,15.319225180149079,16.619549763202667
2044,16.58316313028336,17.876295423507692,19.295240664482126,20.294585824012763,18.78999341726304,20.07540583610535,19.483318006992338,17.724411034584044,17.61901276111603,18.454998183250435,17.633595514297497,18.666154849529267,18.22317265272141,18.362540471553807,19.39506274461747,19.894623339176178,17.976111567020418,17.620938801765448,18.560189038515098,16.72104331254959,18.55423814058304,16.76704829931259,20.73802034854889,18.136455655097972,19.29478018283844,20.77663900852204,16.511473119258877,19.126654362678533,18.554784679412847,18.569466745853425,20.570368146896364,19.02018493413926,18.355470180511478,18.909596765041357,17.467903506755835,17.107750308513637,18.466993999481197,20.56085069179535,17.131723058223724,18.696746265888226,18.191607761383064,18.89416942596436,18.814021742343904,18.389945316314698,20.067560553550727,15.408416075445714,19.546876192092903,18.915262079238893,18.758023011684422,18.26670684814453,19.149320167303085,18.128835344314588,19.701273012161252,22.758484983444216,18.2334913611412,17.77136375904083,19.053340029716495,17.490446174144743,19.25334552526474,16.594821715354918,18.01788190603255,17.563231283426298,16.868127256631848,16.147457993030546,18.25710517168045,19.09387458562851,17.88769447803498,19.258972978591917,18.5852534532547,19.319849693775186,18.57488242387771,17.145209980010996,19.032253605127334,17.087077260017402,17.391736245155336,17.49249165058136,19.236179029941567,19.093473196029667,19.848105907440186,18.476775801181795,19.963071298599253,18.329037296772007,17.478441596031196,17.301656687259673,20.38478465080262,17.92715801000595,19.085596156120303,19.271799242496495,19.27664332985878,17.9061121225357,16.676320505142208,17.994416612386704,20.317649114131925,18.50587522983551,19.158927309513103,18.247704273462297,19.003816759586336,17.702190047502523,19.48139274120331,19.642554926872247,19.858184933662418,18.19893255233765,18.173839771747588,18.15081473588944,18.55633325576782,18.985890507698066,18.05017436742782,19.281195604801177,18.515138733386998,17.67466160655022,17.136393117904667,18.4041538655758,17.201001530885698,19.184437727928163,16.296483552455907,15.639750659465795,21.170756316185003,19.64289852380752,17.780453550815587,18.943440306186684,19.104302102327345,18.55374637246132,19.071646654605864,18.177760684490202,18.6303729891777,17.50917996168137,18.641009175777434,18.177238500118257,18.900299441814433,17.817410480976108,18.74920430183411,19.33808634281159,18.604302799701692,17.067979431152345,17.57552212476731,17.06736060976982,18.614175379276276,19.44215488433838,18.696484375000004,17.557625555992125,19.0302735209465,19.116726142168048,18.57553158402444,19.86978293657303,18.202102828025822,15.660237240791318,19.473341155052182,17.330258995294578,20.191855096817015,16.54290753602982,17.282981896400457,16.855873394012452,19.99678952693939,17.5489524781704,19.053265452384952,18.492150628566748,19.599130764603615,18.752155804634096,17.210491228103642,19.943055462837215,19.36815161705017,19.31460721492768,18.663659536838534,19.11873887777329,20.28274031877519,16.344524061679852,16.598900532722478
2045,15.813869500160227,16.87404227256775,17.722870826721202,20.04976305961609,17.29719123840332,19.149068045616147,17.80461280345916,16.29545103311539,16.74326261281967,16.873610329627997,16.35501598119735,17.211375355720524,16.7720945239067,16.48501143455506,17.569209098815925,18.105928051471725,16.538389515876773,16.333135652542115,17.047075355052947,15.76453607082367,16.951894915103917,15.541533052921295,19.664223432540894,16.71882563829422,18.422188508510597,19.37736654281617,15.038960057497018,17.58122984170914,17.981654906272887,17.055258488655095,20.373227524757393,17.64982138872147,16.79985436201096,17.319493222236623,16.368821465969084,15.501160395145423,17.039205408096322,18.69226013422013,16.03182960748672,17.20444002151489,16.538410937786104,17.191466689109806,17.263426971435553,16.895842611789714,20.86552777290344,13.567594344168906,18.782817435264594,17.455059301853183,17.229883325099944,16.90960841178893,17.308705151081096,16.785108470916747,18.09277597665786,22.545266294479372,16.782367134094244,16.34976204633713,17.46649010777474,16.32321314811707,17.87317405939103,14.948950916528705,16.353049385547642,15.670140606164935,15.983864319324493,15.18397607803345,17.184799730777748,17.48893764019013,16.386091470718377,17.711343538761145,18.016542911529548,17.765085542201998,17.113710200786592,15.715654981136328,17.28873810768127,15.862856721878055,15.77396938204765,16.614760148525235,17.57389144301416,17.217524224519725,18.129867506027225,17.08326189517976,19.082277345657346,16.727553832530972,16.456995296478272,15.830330228805554,21.199558472633367,16.429540443420414,17.45036637783051,17.265680909156792,17.612262141704566,16.586615574359893,15.503945732116694,16.338868719339374,18.412875425815585,17.047139120101928,17.51251565217972,16.33924227952958,17.48526747226716,16.274378442764277,18.02371346950531,17.792649596929543,18.71635965108871,16.61206535100937,16.765332293510443,16.596808665990835,17.127218389511114,17.193166899681085,16.767628073692325,17.587767171859742,16.99305974245071,16.272603619098668,16.02857685089112,16.67625496983528,16.347925353050233,18.520379579067235,14.808087170124049,14.351918178796765,21.027497768402107,18.886594617366804,16.43781970739364,17.4923907995224,17.135731929540636,17.048757004737855,17.874285221099846,16.89810394048691,17.023027181625363,15.881525182724005,17.207644808292397,17.20348411798478,17.43781468868256,16.649006617069254,17.326860189437863,17.765879094600674,17.043363165855407,16.171892750263208,16.750137889385226,15.48952810168267,17.0672422528267,18.712404191493995,18.147413849830627,16.244198226928713,17.487989175319665,17.459425473213194,17.009583985805524,18.085558593273163,17.356041681766506,14.102102059125906,17.94499316215515,16.443525993824014,18.47834681272507,15.655808520317084,16.074595761299136,15.616915726661682,18.8859735250473,15.927624130249024,17.375885069370277,16.902115011215216,17.79975767731667,17.332386946678174,15.692903494834905,18.27172657251358,18.330770611763008,17.387238073348996,17.23833042383194,17.376597654819488,19.406483662128455,14.682761096954351,15.726470279693604
2046,15.281454908847815,16.382176339626305,17.77755440473556,20.092133975028993,17.58454965353012,19.274304014444347,18.139153945446026,16.620178407430654,16.12719369530677,17.2156621158123,15.605830150842667,17.20431871414185,16.821932351589208,16.761525154113777,17.952928572893143,18.470833837986,16.539333498477934,16.331815254688262,17.04726309776306,15.090699112415319,17.26727330088616,15.52202359437943,19.85182684659959,16.755490374565124,18.50205117464065,19.450632047653194,15.359961742162707,17.63538399338723,18.060484671592718,17.066109472513197,20.40646941661835,17.913306510448457,17.12470625638963,17.31989390254022,15.661826473474502,15.821271181106567,17.318976837396622,18.9121096611023,15.810245621204377,17.201645046472557,16.689998841285707,17.53535255789757,17.260019469261177,17.241418159008028,20.212745261192314,13.973765990138062,18.917627167701717,17.457351768016814,17.247401970624928,16.088210272789006,17.684278178215028,15.97785941362381,18.42099522948266,22.525508403778076,16.8355254650116,16.138720428943635,17.508663219213485,15.616974645853043,17.95699482560158,15.308032977581021,16.561911442875864,16.092604196071626,15.36356655359268,14.53346930444241,16.4948744893074,17.477614516019823,16.40261613130569,18.017751973867426,17.860848605632775,18.076052212715155,17.237294256687157,16.019979697465903,17.297956448793418,15.884724068641663,16.02668053507806,16.024966216087343,17.58764865398407,17.275135523080827,17.876793742179867,17.078355729579926,19.201968723535543,17.088379651308067,16.16379995346069,16.14843118786812,20.508229613304135,16.39333057403565,17.47200843691826,17.615736722946167,17.631121802330025,16.60039646625519,15.520569813251493,16.376223433017735,18.71800422668457,17.09840735197068,17.838560521602638,16.7793984413147,17.7883230805397,16.58960404992104,18.329429972171788,17.860134565830233,18.79469131231308,16.917324841022495,17.06259787082672,16.749700832366948,17.392701965570453,17.56094306707383,15.99875415563584,17.606577521562578,17.343127787113186,16.559596639871604,15.336904430389406,16.733110335469252,15.71671951413154,18.606531643867488,15.128990057110784,13.967982017993927,20.986626529693602,18.99157069921493,16.48465982675553,17.776547706127168,17.54809770882131,17.119428294897073,17.96153202652932,16.161612737178807,17.07973057627678,15.985061460733416,17.53255229592323,16.75225549936295,17.416009235382088,16.33322682380676,17.476517307758336,17.816566395759583,17.347517126798625,15.556261229515078,16.17347269058228,15.801172772049906,17.07882012724877,18.803792142868048,18.24157807826996,16.241821610927587,17.539338058233263,17.47186920642853,17.019328439235686,18.451692187786104,16.732428479194645,14.298132646083838,18.255521333217622,15.814931333065042,18.827071881294252,15.026203918457043,15.799263775348672,15.629945659637453,19.1097688794136,16.24193166792393,17.451819455623642,16.954863375425344,17.7762107282877,17.64233815670014,16.027239179611218,18.607972401380543,18.540667986869813,17.787561106681828,17.524389559030535,17.43408414721489,19.531199681758885,15.049468427896505,15.115551245212561
2047,15.118870854377752,15.968884396553047,17.241005921363836,18.184998750686646,16.253508830070494,18.17934069633484,16.639021861553196,14.957897746562967,15.861147177219383,15.51848115921021,14.151075351238251,16.403164112567914,16.340017151832576,14.64946774244309,16.36486901044846,16.878484344482423,15.76005212068558,15.628239989280706,16.206593608856203,14.480805408954627,15.844835162162777,14.682449519634241,18.002628421783452,16.282984340190882,17.811293530464177,17.706145286560062,13.672131150960922,17.076557588577266,17.42231504917145,16.21207622289658,18.55960059165955,16.72511649131775,15.690290963649755,16.455183386802673,14.320657807588578,14.390902662277224,15.738197064399722,16.914577174186714,15.336575448513031,16.377107512950893,15.799040770530699,15.962829339504248,16.470730912685397,15.545084965229034,19.386826181411752,11.966702190041541,18.12683835029602,16.668078660964973,16.40122531652451,14.75822960138321,16.049658071994777,14.580955624580392,16.967674303054807,19.896880626678474,16.3660357952118,14.715011250972742,16.916174840927134,14.212206596136099,17.120119261741642,13.534703934192658,15.473685073852542,14.18713177442551,15.073904299736023,13.933042651414874,15.152144432067875,16.625942718982696,15.62265317440033,16.590275108814243,17.170786547660832,16.561591231822973,16.06184462308884,14.335113286972046,16.440799331665044,15.221524453163145,14.781550824642187,15.81281228065491,16.85582880973816,16.62708857059479,15.320947611331945,16.29712052345275,18.160196089744574,15.35296733379364,15.735486078262335,14.465271496772775,19.619117736816413,15.578917348384858,16.5741744875908,15.448904013633726,16.705099678039545,15.887699687480929,14.886241436004644,15.822553253173833,16.852324402332304,16.617842042446135,16.364388179779052,14.86175615787506,16.4465707540512,14.923538029193875,16.979374647140503,17.22329763174057,18.02128901481629,15.47323669195175,15.395853042602544,15.837770974636086,15.807944655418401,15.976930892467502,14.64139122962952,16.66819609403611,15.633379733562482,14.912609660625463,13.993349349498754,16.117189121246337,15.426874518394476,17.78852038383484,13.434686297178269,12.480970805883405,19.005585765838624,18.11676824092865,16.05416450500488,16.48437044620514,15.825667893886575,16.09729082584382,17.034444367885595,14.878478670120241,16.52102545499802,15.250664877891547,15.91911286115646,16.377156078815467,16.614493227005003,15.195596563816071,16.27304861545563,17.25616710186005,15.920712888240814,15.282975566387176,15.955244994163525,14.380215239524844,16.2212371468544,18.00224080085755,17.608359289169304,15.534550118446353,17.02272642850877,16.56202486753463,16.15033134222032,16.873628664016728,16.461065459251408,12.572727841138839,16.88605021238327,15.543977499008184,17.288995265960693,14.721434015035632,14.34427785873413,14.963333034515381,17.584348845481873,14.774576187133794,16.88300340175629,16.436239016056064,16.826785212755208,15.996996116638183,14.333545994758612,17.107780528068538,16.916297841072083,16.087994801998136,16.04164128303528,16.820003974437714,18.540472137928006,13.382491695880883,14.95094505548477
2048,15.12781950235367,15.971132552623748,18.546336269378664,19.132051587104804,17.704335653781897,18.97494140863419,18.335444092750542,16.685224175453186,15.73296715021134,17.280016481876373,15.449827468395238,16.8969590306282,17.58242559432983,16.892050373554234,18.1495067358017,18.634237408638,16.23587495088578,16.14567060470582,16.671546769142154,14.625064849853512,17.488623416423803,15.093558168411258,19.494064569473274,17.489079368114467,18.703192782402045,19.213719391822817,15.470011919736866,18.27029458284379,18.106694459915172,16.684415328502652,19.517166543006898,18.08710191249848,17.310657060146333,16.963347280025477,15.56459224224091,16.018307471275328,17.418574893474585,18.86850039958954,15.707422184944145,16.873924744129177,17.16066098809242,17.758226335048676,16.92230890989304,17.262345969676975,19.20823307037354,14.18754331097007,18.926806843280794,17.20630371570588,16.885739862918854,15.947567176818854,17.92744847536087,15.744254481792453,18.559919023513785,21.291787004470827,17.667886376380913,16.110819053649898,18.108964943885805,15.429363083839423,18.192462235689167,15.450114476680756,16.926918065547948,16.249158895015718,14.908903217315677,14.10426807403565,16.33231157064438,17.044438970088965,16.137944066524497,18.172071003913878,17.819406723976137,18.25590767860414,17.028292906284335,16.13894349336625,17.178189444541932,15.783538961410525,16.308322852849965,15.705058550834659,17.74958858489991,18.015574711561207,17.597227573394786,16.82317402362824,18.956017875671392,17.165379905700682,16.00533038377762,16.176693761348723,19.34865682125092,15.97703692913056,17.114852178096772,17.594110906124115,17.235200512409214,16.409617412090306,15.424425745010378,17.064158201217644,18.75903713703155,17.919080460071566,18.052135670185088,16.912359690666204,17.972885692119597,16.720564138889316,18.449176406860357,18.621226269006723,18.93765584230423,17.067403304576878,17.221389245986938,17.222567415237428,17.445846915245056,17.72088520526886,15.79348167181016,17.18077547550202,17.39022501707077,16.726408600807197,15.080241298675537,17.385683417320255,15.252065134048461,18.43813067674637,15.269912403821953,13.977950745821,20.04169080257416,18.868109571933747,17.295916867256174,17.946924555301663,17.768321663141254,16.832642328739162,18.091624474525453,15.95850288867951,17.81590304374695,16.581016522645957,17.615448248386386,16.438887190818782,17.025045657157897,16.15319263935089,17.323031067848202,18.40699019432068,17.531605148315435,15.127061498165125,15.898239648342138,16.002273017168044,16.71638209819794,18.72972333431244,18.358453464508056,16.06813884973526,18.350282001495366,17.08447411060334,16.60842261314392,18.548212349414825,16.37052459716798,14.416821372509,18.38704701662064,15.3913331747055,18.912981998920444,14.542005133628852,15.83315049409867,15.451806390285489,18.957806563377382,16.41830975413323,18.246840047836308,17.806053042411808,17.276957523822787,17.77011456489563,16.073629426956177,18.77825417518616,18.236591482162485,17.945067012310034,17.538239443302153,18.12921348810196,19.34023913145065,15.237661671638483,14.892491424083707
2049,17.78041756153107,19.364018702507018,21.03178265094757,21.976908802986152,19.960913419723514,22.83205842971802,20.568175196647637,19.039997112751017,19.09697744846344,19.79751794338226,18.978783059120182,20.027990424633032,19.855912625789635,19.721824169158936,20.548395872116096,21.000768828392037,19.366576266288764,18.83275744915008,19.983292245864867,18.226379179954527,19.54891614913941,18.363881611824034,22.357358860969544,19.730265617370613,21.21523454189301,21.696266055107117,17.839295434951776,20.910448420047764,20.388648891448973,19.977532207965858,22.24880759716034,19.956147074699395,19.356281042098992,20.396491563320165,18.723891782760614,18.18112291097641,19.7623375415802,21.69684472084045,18.339537715911867,20.082880687713622,19.818772161006923,20.023852002620703,20.280974888801573,19.672691965103148,22.798344278335573,16.980405050516133,21.758770728111266,20.320744872093208,20.219480907917035,19.744104433059693,20.280376660823823,19.57970831394196,20.82879285812379,25.169648838043212,19.81055192947388,19.058852624893188,20.779661250114437,18.798761570453642,21.55591590404511,18.005650305747984,19.522727322578437,19.102133238315588,18.37694500684738,17.61774623394013,19.531038188934332,20.625001358985894,19.31979283094406,20.341988849639897,20.61290044784546,20.4408893108368,19.91814359426498,18.464854896068566,20.812919247150425,18.23619487285614,18.64442318677903,18.886314165592204,20.943426406383516,21.2096010684967,20.614629054069518,19.76073374748231,22.558057045936586,19.696826875209815,18.69651606082916,18.613237607479093,23.24010555744172,19.38894757032395,20.621756815910345,20.694844365119938,20.85936285257341,19.149592828750617,17.791352438926697,19.877347636222847,21.46307895183563,20.14096249341965,20.211246466636663,19.750117051601414,20.02359869480134,18.990159440040593,20.554901552200324,21.705144667625426,21.95401692390442,19.27470607757569,19.45364730358124,19.58294759988785,19.83759962320329,20.195620155334474,19.40004146099091,20.89274694919586,19.822946536540986,18.950503671169276,18.47814872264862,20.39227575063705,18.709138011932367,21.218017911911,17.628133559226995,16.938921904563912,22.970412302017213,21.95599665641785,19.249900579452515,19.997823059558876,20.385790455341336,19.95012761354447,21.183613395690916,19.509918403625488,20.40578670501709,19.16983453035355,19.87638564109803,19.54012112617493,20.302444911003118,19.18207037448883,20.074636650085456,21.07938163280487,19.630595219135294,18.56869210004807,18.897843503952032,18.12558071613312,20.08775472640992,21.682288694381715,20.487336874008186,18.796152353286743,20.747810912132262,20.68055251836777,20.05533287525178,21.027994012832636,19.651178443431853,17.04101551771164,20.63358885049821,18.837770688533784,21.285179090499877,18.05991028547287,18.534104943275445,18.05326368808746,21.280486369133,18.64050604104996,20.91574256420136,20.26799039840699,21.304661726951604,20.029317355155943,18.54404214620591,21.028677821159373,20.71738159656525,20.549540483951574,19.836587786674503,21.08246918916702,22.888418626785278,17.720514142513284,17.998291110992422
2050,15.878308117389683,17.00112951993942,19.087227106094367,20.8352053642273,17.877495920658113,20.639099287986753,18.373555529117585,16.76696704626084,16.710616576671605,17.334700727462764,16.204433608055115,17.924717903137214,18.03561244010925,16.977821993827824,18.186311316490166,18.690947687625886,17.28642077445985,17.000372958183288,17.760612404346467,15.646361505985258,17.537222111225123,16.306717061996473,20.40958027839661,17.943999433517455,19.607737255096435,19.89660022258759,15.464495921134949,18.907057321071626,19.062042832374576,17.75520381927491,21.166565585136418,18.11789965629578,17.379241108894355,18.11003941297531,16.254214513301847,16.157335233688357,17.48819525241852,19.292644453048705,16.479422354698183,17.91654031276703,17.69671782255173,17.756393158435827,18.06196985244751,17.327515137195586,21.775872302055365,14.06889095306397,20.07160446643831,18.209754562377935,18.032318830490112,16.794075155258188,17.930681073665617,16.646242558956153,18.65377777814866,23.567678642272956,18.053657031059267,16.499331140518187,18.74876462221146,16.195355296134952,19.32871820926666,15.404486763477333,17.358239698410035,16.18063641786575,15.911605048179629,15.088799095153808,17.0741714835167,18.27571771144867,17.20896134376526,18.274610567092896,19.19301016330719,18.28825070858002,17.666531085968018,16.12117990255357,18.37662681341172,16.54257080554963,16.598132455348974,16.625996780395504,18.693927860260008,18.78990420103073,18.103817272186284,17.74915838241578,20.48325797319412,17.180553853511817,16.81168398857117,16.250618219375603,22.12058553695679,17.109318649768838,18.29498710632324,17.747181379795073,18.4689966082573,17.296173262596135,16.157942080497733,17.752937018871304,19.038750517368317,18.331402254104624,18.093976700305937,16.893725311756135,17.98617053031922,16.716015183925627,18.59011034965515,19.345536088943483,20.009009599685662,17.214207899570468,17.187890934944154,17.617567729949947,17.54438954591751,17.825278854370122,16.60505361557007,18.454271543025975,17.415337324142456,16.664853072166448,15.921363341808313,18.132401120662696,16.271533894538873,19.611745858192442,15.219156610965731,14.413113284111017,21.792046737670905,20.17683721780777,17.62497193813324,18.01125333309174,17.8010912656784,17.707176148891456,19.167873787879948,16.768339347839355,18.412008714675913,17.138739967346197,17.691069364547737,17.38318479061126,18.12368168830872,16.776858365535738,17.888897967338558,19.06853396892548,17.623912692070004,16.120857822895054,16.765751338005067,16.12754771709443,17.84285135269166,19.978825449943542,19.22995266914367,16.928713893890386,18.843060863018046,18.299078917503355,17.75491335391999,18.666830992698664,17.328178727626803,14.458918821811682,18.522681248188018,16.398745512962343,19.019843149185185,15.566364932060242,16.187012708187105,16.271817135810856,19.531302785873418,16.563044226169588,18.807192838191995,18.28562109470368,18.681868481636045,17.766958200931548,16.116346466541295,18.841467678546913,19.026400923728936,18.028859436512,17.87768518924712,18.846000266075134,20.84870456457139,15.180525004863739,15.8167198896408
2051,17.278704798221593,18.301313340663913,18.81814219951631,19.792497873306278,17.84156460762024,18.986929035186765,18.323917937278754,17.91149616241456,18.24958325624466,18.51836998462677,17.86342889666559,18.53855845928192,17.77129256725312,18.23785343170166,18.166921520233153,18.614494943618777,17.778090798854834,17.532976007461553,18.378174459934236,17.17473138570786,17.469987869262695,16.561902952194224,19.861926853656765,17.681046640872957,18.644167935848245,19.759627795219433,16.6760097026825,18.59748058319092,17.935882425308222,18.38832323551178,20.09601492881775,18.0591100692749,17.422815394401557,18.703539907932285,17.662467825412744,16.096549046039577,18.594211947917948,19.28492901325226,17.416546630859365,18.54402807950974,17.482986778020862,17.89727975130082,18.595380997657777,18.555573213100445,20.066629528999336,15.568396249413487,18.716584205627434,18.695425128936776,18.614310836791994,18.60086234807968,17.85692675113678,18.432709705829627,18.60940660238266,22.135228657722486,17.774382257461546,17.97109298706055,18.607231390476233,17.710636651515973,18.451108396053325,16.778198975324628,17.2091334104538,17.75538503527642,17.429739391803743,16.661683934926987,18.471577715873728,18.86849887371064,17.70537309646607,18.235631883144386,17.963457012176512,18.654716730117794,18.496581494808197,17.3126266360283,18.715658730268473,17.042599177360536,16.48105060458184,18.131347298622135,18.872272086143496,18.461066144704823,19.04795250892639,18.37124854326248,18.93347160816193,18.52279769182205,17.843886792659767,17.4584992825985,20.335659766197203,17.73476533889771,18.964459991455076,19.171842777729037,19.12473781108857,17.846946001052853,16.624506723880767,17.458274483680732,18.944368517398836,18.07342673540115,18.047279286384587,18.208582103252404,17.950725102424624,17.88399770259857,18.52492544651033,19.029800146818157,19.112957191467284,17.149541914463036,18.348458003997802,17.40060691833496,18.634848475456238,17.79151883125305,18.34301688671112,19.101880323886878,18.688329994678497,17.820103979110723,17.40309035778046,17.864994859695436,17.76156113147736,18.414960813522338,16.439944660663606,15.828740483522424,20.698626852035535,18.796794676780706,17.373820877075197,17.960775172710424,17.75366390347481,18.44423491954803,18.349822068214415,18.455268454551696,18.126032078266142,16.887210297584534,18.66954482793808,18.689433407783508,18.696391868591313,18.017408466339102,18.738275504112245,18.812615883350382,17.567819356918324,17.66274136304856,18.254045534133905,16.091852176189434,18.455420541763313,18.634485661983497,18.104810285568245,17.457317852973937,18.567698466777806,18.976461875438694,18.36998475790024,18.61081802845001,18.87581708431244,15.820203316211707,18.47629536390304,17.943928158283235,18.988546288013467,17.099791133403787,17.444743716716765,16.703449118137364,19.151001119613642,16.51207996606828,18.529167842864986,18.0052043914795,19.323143059015273,18.916394448280336,17.38929887413979,18.793561244010927,18.55269619226456,17.98150534629822,17.692914950847623,18.553162884712226,19.297820043563842,16.49339774250984,17.33418470621109
2052,16.04454381465913,17.23078422546388,18.436767911911026,20.10673928260804,17.843214416503912,19.822306990623478,18.400233268737786,17.11585123538972,17.052391421794887,17.695450246334076,17.62568143606186,17.74525794982911,17.424556636810305,17.476427125930787,18.216681671142574,18.736240410804758,17.047136628627783,16.818133354187015,17.578684651851663,16.33221404552459,17.533915948867804,16.141662025451662,20.02836420536041,17.365943121910096,18.930417776107788,19.86681969165802,15.855521368980414,18.289397501945494,18.409483170509343,17.614025652408607,20.406734776496883,18.16424045562744,17.40518312454224,17.88411506414414,17.560405337810522,16.10799820423126,17.80552654266358,19.343940186500554,16.419658374786387,17.73374738693237,17.222019207477576,17.82548592090608,17.860779404640216,17.723388242721555,20.685919642448425,14.535478878021243,19.45338878631592,18.03303728103639,17.810388326644897,18.184819746017464,17.952423381805417,18.081568241119385,18.685974454879762,22.54561049938202,17.457628417015076,17.346679210662842,18.162865149974827,17.535712993144994,18.579719758033757,15.813703334331512,17.018756306171426,16.639533627033238,16.310586500167847,15.731108534336087,18.346448588371274,18.072699856758113,16.940030920505524,18.27885222434998,18.175971698760996,18.42293622493744,17.766154527664177,16.51481437683105,17.93354910612107,16.338463139533996,16.39461579322815,16.91104935407639,18.2437622666359,18.050815808773045,19.20744824409486,17.587220716476452,19.704791283607484,17.587735342979435,16.81186351776123,16.64246747493745,21.002691459655768,17.01692887544632,18.07689421176911,18.298986506462104,18.24158549308777,17.09410591125488,15.960538506507882,17.04616776704789,19.077485609054566,17.71410360336304,18.09792025089264,17.27735716104508,18.030918955802925,17.081946408748625,18.573677134513854,18.61154778003693,19.33596732616425,17.18358737230301,17.56079382896424,17.237904846668243,17.895553040504456,17.828692317008972,17.983583426475523,18.23432430028916,17.831154036521916,17.045131146907806,17.17453050613404,17.42791591882706,16.653197371959685,19.004782414436338,15.609026265144346,15.446009826660159,21.015210461616512,19.420015740394607,17.07643263339996,18.030894136428834,17.843189573287972,17.654194605350494,18.476861381530757,18.078144526481633,17.746701169013985,16.583097612857827,17.99426445960998,17.53643155097962,17.95489444732667,17.45877315998078,17.982977151870728,18.480153632164004,17.60777504444122,16.500920701026914,17.015029621124263,16.067827999591824,17.662186729907994,19.254246783256537,18.559482836723333,16.727691936492924,18.188229274749762,18.09939064979553,17.600172507762917,18.718241858482358,17.63185307979584,15.024238979816436,18.52112023830414,16.763371896743774,19.070593285560612,15.975161135196691,17.078812682628637,16.06916697025299,19.30426750183105,16.521405196189882,18.123090219497684,17.622225463390357,18.457584106922152,18.14083437919617,16.52882388830186,18.865776467323307,18.70812520980835,18.063398253917693,17.766797208786006,18.149179172515872,20.061461400985717,15.53118563890457,15.999259507656102
2053,16.277068102359767,17.414190995693207,18.744060432910924,18.81817643642426,17.86390503644943,18.88491600751877,18.324664008617397,16.448619139194502,17.127161443233497,16.99595365524293,15.447547769546514,18.32153662443162,17.772623336315164,16.45555175542831,18.143096649646758,18.62672919034959,17.676554882526393,17.36209067106247,18.21391842365265,15.751161563396451,17.4920180439949,16.368915677070614,19.32921050786972,17.70491843223572,18.60052447319031,19.302288389205938,15.16104691028595,18.545384502410897,17.918416690826415,18.17493268251419,19.11132686138153,18.144336581230164,17.294610905647286,18.543403077125554,15.565645825862887,16.09297193288803,17.29691095352173,18.81362901926041,16.872051024436953,18.33380800485611,17.420435893535615,17.6702976346016,18.399658548831944,16.96614464521408,18.461140275001526,13.712510582804686,18.701152372360234,18.460132217407235,18.431115698814402,16.148774933815,17.891108012199407,15.92394661903381,18.595958971977247,20.722823739051808,17.771354222297667,16.01618547439575,18.536386084556593,15.423701202869415,18.31515454053879,15.061094355583188,17.119871747493743,15.789495086669925,16.344328415393836,15.20282957553864,16.355077159404754,18.721549618244172,17.613431787490846,18.195384228229535,17.875244903564457,18.138664209842677,17.79935553073883,15.833062458038327,18.69769885540009,16.894149827957165,16.433050954341887,17.040010118484492,18.781353843212138,18.370808905363084,16.9870334982872,18.1261967420578,18.817251777648927,16.816110551357273,17.189303946495063,15.91421258449555,18.616610717773444,17.49701666831971,18.698975062370295,17.189216721057896,18.88795063495636,17.6500152349472,16.500438880920406,17.39903181791306,18.742629933357243,18.046320176124574,18.044347715377814,16.529841840267185,17.98607218265534,16.419315838813773,18.49799660444259,18.935215985775,19.00346843004227,17.119525802135474,16.908736538887027,17.419785344600687,17.329654324054715,17.783272778987886,15.924752390384679,18.869291222095498,17.05834747552872,16.39625809192657,15.207880210876471,17.73717219829559,16.695310997962945,18.308349967002865,14.93759301900864,13.871855294704437,19.606681275367738,18.71226805448532,17.365472316741954,18.002312266826628,17.757054269313805,18.008569598197944,18.1278746843338,16.091793835163124,18.04306330680847,16.81143348217011,17.397987091541296,17.772350049018865,18.558416533470158,16.56780618429184,17.956448626518252,18.70010899305344,17.538662660121922,16.56796116828918,17.15615136623382,16.066159164905553,18.229569375514988,18.585241365432736,18.095553541183477,17.305828642845157,18.517001116275786,18.698094069957733,18.17356621026993,18.61171418428421,17.74348958730699,14.083527231216433,18.487337386608125,16.825835490226744,18.966870069503788,15.998224484920502,15.702604174613958,16.647790527343762,18.870259594917307,16.472742867469783,18.467045307159424,17.98992500305176,19.146287083625797,17.501667129993443,15.791170692443847,18.776806926727296,18.12469170093537,17.95891075134278,17.54478712081909,18.445701944828045,19.203898382186892,14.854950940608978,16.26819891929626
2054,17.078273904323577,18.22528992891312,18.83904625177384,19.175668644905095,18.078245270252232,18.820221489667897,18.71112689971924,17.332012945413585,18.094664275646213,17.990356624126438,17.22688196897507,18.59214287996293,17.837310576438902,17.25988867878914,18.55519257783889,19.045516800880435,17.911732649803163,17.585686612129216,18.453293991088863,16.94969740509987,17.83809885978699,16.72020667791367,19.7223246216774,17.77062491178512,18.59541418552399,19.281077694892875,16.13399494290352,18.633401882648474,17.841409206390377,18.458032345771784,19.477466249465945,18.441652917861937,17.68611364364623,18.81628144979477,17.10879085958004,16.373161113262178,18.16836221218109,19.09127080440521,17.38350620269775,18.598296129703527,17.585168457031255,18.173609018325813,18.681562709808357,17.962914729118342,18.31553137302398,14.981352818384773,18.700752902030946,18.76477683782578,18.69594069719316,17.881410050392155,18.313385105133058,17.688872826099395,18.936388015747063,21.267336750030523,17.908727777004252,17.337856972217555,18.69694514274597,17.10591914653778,18.394049918651582,16.17590994238854,17.34513101577759,17.092278972268108,17.34377737045289,16.40535261631012,17.893889832496637,18.990071141719817,17.84217977523804,18.527992796897887,17.601598238945,18.71827192306519,18.370517480373387,16.788901126384747,18.854587185382844,17.109474468231205,16.693908435106284,17.955473232269288,18.983420479297646,18.53629205226898,17.08498110771179,18.389964592456817,18.801772880554203,17.904357814788817,17.745397472381594,16.874609208106996,18.50440573692322,17.866857445240022,19.035928928852083,18.175318729877468,19.219520330429084,17.898766183853148,16.691626405715947,17.490157198905955,19.053224945068358,18.14156401157379,18.420158517360697,17.685967707633985,18.346208846569056,17.349544674158103,18.780280900001532,19.08772495985031,19.039929211139686,17.444073474407197,17.8418313741684,17.60665303468705,18.22478469610215,18.137223911285403,17.609035038948058,19.207870984077452,18.111685812473297,17.344145315885548,16.801740959286683,17.861642324924475,17.672786861658103,18.294956588745123,15.928171283006668,15.25817234516144,19.994753265380865,18.65412472486496,17.495968365669253,18.29599348306656,18.2209890127182,18.395117270946507,18.24108939170838,17.767239534854887,18.174802100658418,16.9854546904564,18.231236636638645,18.537508726119988,18.796734499931333,17.657675331830973,18.52174663543702,18.83664926290512,17.875844693183904,17.543066269159322,18.05734934806823,16.33464785814285,18.547421145439152,18.509606885910028,18.04479243755341,17.51837427616119,18.632994008064276,19.058118438720697,18.48135262727737,18.9938573718071,18.689679050445562,15.26773072779178,18.750426757335667,17.811836457252504,19.34946748018265,17.01937657594682,16.93467400670052,16.8257371544838,19.179234170913684,16.78917806148529,18.582315707206725,18.081881570816034,19.47539533376694,18.431906712055202,16.802926558256154,19.16906759738922,18.458033001422887,18.38125095963478,17.862402498722076,18.58454602956773,19.16854509115219,15.93432683944702,17.140800452232362
2055,17.835431265830994,19.260593223571778,20.526927804946904,20.205765485763553,19.430803632736207,20.382456040382387,19.979202032089233,18.778489887714382,19.111042797565457,19.428387212753304,18.42881792783738,19.5820151090622,19.345375752449034,18.60697882175445,19.86804568767548,20.412684035301208,18.938694787025455,18.422631907463078,19.555916666984565,18.095411360263824,19.054090988636023,17.427187943458563,21.071793079376228,19.217093133926397,19.730086421966554,20.361933636665345,17.55316305756569,20.266350889205945,18.74958426952363,19.54231215715408,20.459922409057622,19.407526135444645,18.919867825508124,19.938532662391665,18.270772671699522,17.70692765712738,19.4813391327858,20.40477184057236,18.117681312561047,19.640139031410218,19.249076664447788,19.474962830543525,19.82515938282013,19.37332541942597,19.538069558143622,16.637891852110624,19.666843128204345,19.902404665946953,19.74491949081421,19.07878451347351,19.686184620857244,18.96884615421296,20.250219321250924,22.61922605037689,19.29547002315521,18.621866846084597,20.281806421279903,18.291968607902525,20.08025758266449,17.668409228324894,18.920732510089884,18.67488139271736,18.391214549541463,17.507500767707818,19.058081686496735,20.16612660884858,18.84723424911499,19.815391457080846,18.526319026947025,19.976394903659834,19.547782003879547,18.189937967062,20.28968102931977,17.824434542655943,18.126204979419708,18.916437458992004,20.43377978801728,20.48951294422151,18.29059813022614,19.324539518356325,20.219776701927184,19.357782626152044,18.53341779708863,18.32084053754806,19.811860918998715,18.953226542472837,20.083121061325077,19.594050574302663,20.325017857551575,18.70291056632996,17.402611231803885,19.31133064031602,20.39832923412323,19.63728294372559,19.650973212718963,19.27032573819161,19.421688163280496,18.730879008769996,20.06427954435348,20.99922969341279,20.508855319023134,18.74157730340959,19.187403476238256,19.094987154006954,19.54687665700913,19.56128433942795,18.821760344505314,20.348488664627077,19.511063838005075,18.69179984331131,18.023007929325104,19.725403511524206,18.718084037303925,19.364607357978823,17.346602326631547,16.521673786640168,21.05368106365205,19.88192458152771,18.760839319229127,19.42626475095748,19.644430458545692,19.569005537033075,19.74556052684784,18.92563216686249,19.87809491157531,18.61849831342698,19.606378209590908,19.44683308601379,19.8915610074997,18.893214416503913,19.740347397327426,20.49361894130707,19.136102306842805,18.58499321937561,18.937187492847443,17.67262021303177,19.586896991729738,19.679521942138678,18.87783260345459,18.379903244972233,20.23665242195129,20.132637476921083,19.582490420341486,20.397794675827026,19.67434833049774,16.698003488779072,20.07583159208298,18.84944552183152,20.682652211189275,18.076337349414832,18.163405835628513,17.64566488265992,20.37877810001373,18.123592579364786,20.317101788520812,19.684209227561944,20.79032684564591,19.778956472873688,18.24107593894005,20.454718756675728,19.657876491546624,19.872756493091583,19.14504637718201,20.412087941169744,20.54176645278931,17.378910934925084,18.03373121023178
2056,17.22815668582916,18.412291193008436,18.8370387673378,21.79651708602906,19.092114210128788,20.253097152709962,19.726176404953,18.466510200500494,18.333685910701753,19.119417536258698,18.857242095470422,18.59278303384781,17.825811302661897,19.30787551403046,19.62411775588989,20.122175717353826,17.902744281291962,17.59346181154251,18.467280149459835,17.57919600009918,18.82446115016937,17.10229494571685,21.66714577674866,17.765134644508358,19.303711533546455,21.32089054584503,17.263208901882166,18.6750011920929,18.727471542358405,18.492495429515845,22.04047658443451,19.286779713630672,18.669149696826935,18.80916351079941,18.6276491522789,17.411266100406646,19.144085657596598,21.079982352256785,17.425032997131346,18.60510562658309,17.948670578002936,19.23435770273209,18.680173921585087,19.070700156688694,21.174268531799324,16.29622530341149,19.724091196060183,18.81308302879334,18.692800915241243,19.608307480812073,19.424528360366825,19.452383708953864,19.927447319030755,24.84561207294464,17.851891541481017,18.713226556777954,18.67719967365266,18.64470903873444,19.009066033363347,17.35134493112564,17.91034928560257,18.338303887844084,17.586424160003666,16.98296900987625,19.39918422698975,18.99396728277207,17.825092101097113,19.490490365028386,18.791569662094116,19.741396212577826,18.82390325069428,17.91705926656724,18.852706956863408,17.091168189048773,17.46844935417176,18.178272604942315,18.967917644977568,18.497795689106,20.937809538841243,18.406736886501314,20.1176366686821,19.04794720411301,17.827671766281135,18.0007625579834,21.52211294174195,17.901571285724643,19.00866085290909,20.13129518032074,19.19560759067535,17.881364214420323,16.68534021377564,17.489202415943154,20.66473414897919,18.111096537113205,19.415679669380193,18.94871457815171,19.25242397785187,18.45077761411667,19.713233304023746,19.063624632358554,19.715018475055693,18.42893002033234,18.93851135969162,18.022645735740667,19.21530586481095,19.22473459243775,19.300410747528076,19.196794080734257,19.219866454601306,18.442233085632335,18.275009036064155,17.86495273113251,17.92473480701447,19.33495697975159,17.07169476747513,16.713875818252557,22.760239791870116,19.817300701141356,17.4442259311676,19.205648183822625,19.378147614002234,18.65159312486649,19.058880341053015,19.380193066596995,18.158273649215698,17.155711138248442,19.290040111541753,18.681541490554807,18.807582592964177,18.63646856546403,19.05356354713441,18.83274875879287,18.837782752513885,17.785407519340517,18.248678767681128,17.356915962696085,18.545426630973814,19.62621760368347,18.884695434570318,17.528152918815618,18.608607900142673,19.036126899719246,18.49353640079498,20.062677288055422,18.9074364066124,16.51315318346024,19.75219256877899,18.05591872930527,20.38194611072541,17.255696535110477,18.26845121383667,16.825435733795167,20.621096992492674,17.809438765048984,18.546801757812506,18.036280286312106,19.471971297264098,19.505036008358,17.928386616706845,20.157472062110905,20.133485412597658,19.51928563117981,19.046651601791375,18.56924420595169,20.467544388771064,17.07657874822616,17.323432135581967
2057,18.020583987236034,19.407226228713988,20.069633913040168,21.90959291458131,18.955556833744048,21.77446079254151,19.6067764043808,17.905603790283198,19.214134454727173,18.589222908020023,17.15971109867096,19.88039597272873,19.021060848236097,17.92411897182464,19.46081190109253,19.966023397445674,19.15602344274521,18.753006589412692,19.781412136554714,17.748764324188233,18.699830126762386,18.04074857234956,21.607167792320258,18.951707744598387,20.4969735622406,20.430446815490725,16.727343928813934,19.89382054805757,19.75814332962036,19.806613016128544,22.18875660896301,19.247401976585394,18.489820051193238,20.16020367145539,17.071614599227914,17.244623911380764,18.857079172134398,20.284164214134222,18.544914865493773,19.91378313302994,18.706390440464016,19.05302237272263,19.92792267799377,18.48127700090409,21.717880439758307,15.710691016912467,20.88833177089691,19.895385897159578,19.981087720394136,17.748715972900392,19.269040441513063,17.571667194366462,19.77716090679169,24.989657831192023,19.07646579742431,17.573248410224906,19.953599429130556,17.037399148941038,20.39413375854493,16.812931108474725,18.386704611778256,17.753164851665495,18.42440223693847,17.17650883197785,17.865821135044108,20.32118237018586,19.138444244861606,19.33566824197769,19.737644171714784,19.494726014137267,19.399077951908104,17.411928510665888,20.331416249275215,18.21137782335282,17.622419309616095,19.01109508275986,20.305210781097415,19.90509737730026,17.4798674583435,19.658926558494578,21.55230822563172,18.497694063186643,18.830192828178404,17.41924170255661,22.05934612751007,19.145554184913642,20.339802587032324,18.845730566978453,20.563462460041052,19.025701141357423,17.7560400724411,18.74427847862243,20.135168099403383,19.337028336524963,19.29873381853104,18.372716438770293,19.15241012573242,17.93937287330628,19.56535687446595,20.450066947937017,20.960703492164612,18.272618067264553,18.481490027904506,18.667581880092627,18.89085711240768,19.057266414165497,17.52577645778656,20.57851359844208,18.674038815498356,17.964993548393252,16.827120602130883,19.147642803192152,18.80019611120224,20.417231416702275,16.53771857023239,15.4538546204567,22.856305956840515,21.10085945129395,18.602293133735653,19.095637154579173,19.217115688323968,19.588441669940956,20.17653698921204,17.63222506046296,19.38702907562257,18.135582613945015,18.821852970123295,19.62426396608353,20.072333776950835,18.213594281673437,19.43051971197129,19.982539081573485,18.686517095565794,18.607868242263795,19.085664761066443,17.199444186687472,19.83799182176591,20.84538578987122,19.93491287231445,18.753983235359193,19.841594052314765,20.383691477775578,19.841561877727507,19.8833475112915,19.81743515729905,15.793709659576411,19.622550296783444,18.934770846366888,20.213384366035466,18.090934574604034,17.195315313339233,18.018261384964,20.562423300743102,17.646786081790935,19.864824914932257,19.35202939510345,20.91114560365677,19.021199047565457,17.393273615837103,20.01135411262513,20.079865217208877,19.3118131518364,18.909657073020934,19.858921146392827,21.86946771144867,16.580313086509697,18.172037613391872
2058,17.0525712966919,18.30711536407472,19.768272912502294,20.81552827358246,19.304406356811533,21.026408135890964,19.804765510559083,17.926363980770116,18.15111465454101,18.57233672142029,17.99944875240326,18.669173610210425,18.69724082946778,18.221830952167515,19.701209986209875,20.168798589706427,18.043922126293175,17.642778575420373,18.595588684082028,17.234195435047138,18.925513756275173,16.895394897460935,21.31297299861908,18.591528296470646,20.014251112937934,20.97461426258088,16.6611457824707,19.575891172885893,19.34750466346741,18.584447777271272,21.142673611640927,19.322434401512147,18.70942889451981,18.94653474092484,17.890131783485412,17.593042576313014,18.647251117229466,20.668565726280228,17.351440358161927,18.715964448452006,18.66854908466339,19.220211970806126,18.85716154575349,18.474654257297516,20.950870203971867,15.53084322810173,20.35304052829743,18.983875262737282,18.768520355224616,18.6226900100708,19.497840368747706,18.481670701503763,20.03972041606903,23.57209212779999,18.661422407627107,17.922476458549504,19.474096369743354,17.855389332771306,19.89235059022904,16.691395401954654,18.453185343742373,17.52988164424896,17.3963078379631,16.629693889617922,18.65603605508804,19.143428862094876,17.961902904510502,19.63472548723221,19.402956819534303,19.609282624721533,18.620123672485352,17.35263779163361,19.315649044513705,17.117047572135924,17.827583384513865,17.98153432607651,19.517448127269752,19.55709997415543,19.192910861969004,18.474436712265017,20.847654581069953,18.41181274652481,17.753304529190068,17.397156763076783,21.260919404029853,17.93458820581436,19.059651052951814,19.011443841457368,19.25902215242386,17.913847434520726,16.718295836448675,18.48362786769867,20.493193435668935,18.98353643417359,19.502204954624183,18.289352297782898,19.314279866218566,17.897434949874874,19.885192227363593,20.1144651055336,20.48948693275452,18.58909095525741,18.389458584785466,18.60058077573776,18.687733423709865,19.336294674873358,18.374376106262197,19.24597190618515,18.59727135896683,17.886256921291352,17.525530803203573,18.87355276346208,17.753105914592737,19.914539694786082,16.448031139373775,15.979552984237676,21.756008100509643,20.51035819053651,18.185017132759096,19.312946534156797,19.43829801082611,18.63499075174332,19.709574592113494,18.461845004558562,19.09206913709642,17.95034583806991,18.847132658958433,18.562339615821845,18.94678791761398,18.16567984819413,18.857920563220983,19.71426590681076,18.97139128446579,17.595621109008796,18.065359044075013,17.57051150798798,18.589090776443477,20.31388630867005,19.501666879653932,17.608534598350534,19.521442615985883,19.064235901832586,18.56410953998566,20.13143243789674,18.752900195121764,15.814892303943633,19.91759688854218,17.869603753089898,20.461147284507753,17.069893944263473,17.6239008307457,16.928102552890778,20.459937024116517,17.984569919109344,19.536128544807443,18.982387781143192,19.624432861804966,18.947929465770716,17.307242858409886,20.24501669406891,19.819148993492124,19.591521775722505,19.066832661628734,19.57597917318345,21.19804608821869,16.362959611415857,17.13676345348359
2059,17.71364575624466,19.066475975513463,20.57684749364853,18.954602336883553,19.740469312667855,20.996260750293736,20.32949440479279,18.85190855264664,18.810963952541346,19.602440965175628,17.636226814985275,19.796459043025973,19.456208908557905,18.80939555168152,20.36807173490524,20.77348279953003,19.127671873569497,18.67744432687759,19.674494099617004,17.581253188848503,19.340174853801734,17.848045778274535,20.65753228664398,19.35812689065933,20.139740848541265,20.502678322792057,17.66614407300949,20.393864119052882,19.189741206169124,19.6824378490448,19.29274578094482,19.773568272590637,19.165155768394477,20.12478741407395,17.42868493795395,17.97887526750565,19.55727536678315,20.737922728061683,18.33736770153046,19.82238284349442,19.387486553192144,19.804634928703315,19.94819062948227,19.514819288253786,18.795935726165773,16.805819590389728,20.358767747879032,19.97536952495575,19.9824626326561,18.328381645679475,20.07409359216691,18.146563148498544,20.596700894832615,20.87854630947113,19.4930127978325,18.335798358917234,20.34966770410538,17.50074932575226,20.437903654575347,17.83621513843537,19.155160641670225,18.954772979021076,18.033646363019944,17.04806897044183,18.22359447479249,20.28350335359574,19.141249620914458,20.13452754020691,19.02987451553345,20.22426036596298,19.647659146785738,18.265360641479496,20.45137726068497,18.17475163936615,18.370646357536327,18.656440639495855,20.55919295549394,20.627031171321867,17.955314254760744,19.549395525455473,20.810953295230878,19.530880796909333,18.631166839599608,18.462713456153875,19.01793200969696,19.07408647537232,20.42589309215546,19.890343761444107,20.6196873664856,19.046715617179878,17.70808171033859,19.321242475509646,20.82535551786423,19.766087365150458,19.987550592422487,19.592117393016817,19.822416591644288,18.808871340751647,20.352799904346472,21.143001043796545,20.83898746967316,19.074744510650635,19.259580314159404,19.217967176437377,19.637881374359132,19.962530887126917,18.04004133939743,20.62950142621995,19.65870410203934,18.750043272972107,17.22581920027733,19.81938026547432,18.362611871957785,19.795445752143856,17.446825861930854,16.000853925943385,19.70458948612213,20.40628188848496,18.966913592815406,19.77940533161163,20.138667094707493,19.66117540597916,19.938183951377866,18.22057073116303,19.926486659049992,18.727785050868995,19.691649627685553,19.376946043968204,19.95843189954758,18.506938576698303,19.8090978384018,20.581789457798,19.451646471023572,18.244816374778747,18.739320611953737,17.950640785694123,19.841936743259435,20.199904918670647,19.33684389591217,18.641842019557952,20.320240235328676,20.460268282890322,19.753800857067123,20.794672107696538,19.407931423187268,16.70166636705398,20.40819495916367,18.533037090301512,21.062688040733335,17.71099633574486,17.695960772037505,17.897209906578063,20.23025052547455,18.43708901405335,20.440585350990304,19.869119966030127,20.928285473585134,19.833876740932464,18.370245683193207,20.799481952190394,19.351383614540104,20.298713850975034,19.299220168590544,20.53809897899629,21.165834903717048,17.605771887302403,17.891964685916903
2060,16.483971214294435,17.741927009820945,19.482264256477357,19.151508116722106,18.027743995189663,20.122397184371955,18.501836848258975,17.479820741713052,17.547045129537583,18.110842733085164,16.577896925806993,18.285880303382875,18.38236206769944,17.336195814609532,18.306039619445805,18.85798308849335,17.647625440359114,17.28116304874421,18.18753876686096,16.436612737178812,17.606817197799685,16.413715469837186,19.635524904727927,18.292170906066893,19.319779038429267,19.4155606508255,16.247801853716375,19.291011142730714,18.55890605449676,18.176096451282504,19.471804070472718,18.22816457748413,17.511084687709808,18.51305066347123,16.567237663269054,16.21555149555207,18.188292428851128,19.061904680728908,16.863646817207336,18.30517900586128,18.02949587106705,17.99110535383224,18.467282390594484,18.097126635909085,20.35969481468201,15.057040035724643,19.50880477428437,18.62093894481659,18.37595002055168,17.124848222732545,18.073029226064698,17.02758908867836,18.787466013431555,21.21270245313645,18.336944770812988,17.072776854038235,19.159946835041048,16.539991804957385,19.35173449516296,16.286009901762007,17.617296791076665,17.176077872514725,16.79329917430877,15.84439035654068,17.382090556621552,18.71515821218491,17.52903872132302,18.38296295404434,18.64894092082978,18.59645661711693,18.23481411337853,16.886306725442413,18.80157201886177,16.7646036863327,16.752395826578145,17.37527904510498,19.111894756555564,19.3037934243679,17.329537010192873,18.091379451751717,19.960623943805693,18.040794940292844,17.26695387363434,17.03532228618861,20.70412595272065,17.54755977988243,18.6571245610714,18.302381110191348,18.84786968827248,17.56278845071793,16.372993063926693,18.231769341230397,18.909324705600735,18.654696965217596,18.182450890541077,17.74260280542076,18.10055522918701,17.44529306143522,18.70550800561905,19.834564727544794,19.932282269001004,17.31548276543618,17.90684267580509,17.89268662929535,18.26243237555027,17.967410379648207,16.961038684844972,18.839976924657826,18.22407149374485,17.399552351236345,16.28746936321259,18.62289298176766,17.150787317752844,19.16304907798768,16.013792206346984,14.887793003208937,19.956351423263545,19.65311241149902,17.865742707252515,18.13112142086029,17.93999660611154,18.210599505901346,18.97555681467056,17.107380425930028,18.82609822750092,17.488211494684226,18.31197218298912,18.02810987234115,18.55503466129303,17.373629152774814,18.45170863270761,19.50251132249832,17.71480921506882,16.973153555393218,17.47545853853226,16.202997779846196,18.220908558368684,19.4561660528183,18.675075936317448,17.22037296295166,19.211330270767206,18.68163058161736,18.16471786499024,18.843756043910982,18.131983816623684,15.239854983612895,18.64851157665253,17.25955911874772,19.210893297195433,16.471203181147576,16.66668629944325,16.558682644367217,19.0938645362854,16.64338462948799,19.2280486702919,18.641495490074163,19.167979055643087,18.50626401901245,16.93935065139085,18.964376425743097,18.367686426639562,18.18762830495835,17.7433775305748,19.301089477539062,20.30721695423127,16.01243527680635,16.501989239454268
2061,15.448540008068084,16.497551834583284,18.222782659530637,18.955740880966193,17.64192278385163,18.92670865058899,18.132152390480048,16.575666069984436,16.17141361236573,17.175078821182247,15.361877369880673,17.511761498451236,17.274126660823818,16.731439936161046,17.985065793991097,18.452605271339422,16.87512449026108,16.637714588642133,17.3426809668541,14.997801601886755,17.27928833961487,15.910679507255551,19.321042048931112,17.20107026100159,18.512403345108037,19.532236790657056,15.322206902503979,18.03836765289307,17.94668087959289,17.335506641864786,19.279092860221866,17.957986378669737,17.117835223674774,17.65836122035979,15.42747392654419,15.853185087442403,17.277387821674346,18.97279167175293,16.082267189025877,17.503944754600532,16.960442024469376,17.521845102310184,17.58572363853454,17.178578519821166,19.348936295509336,13.928991213440899,18.77951273918152,17.741463279724126,17.592179548740393,15.97042680978775,17.690344297885897,15.79178470373154,18.444780957698825,20.97589168548584,17.339432549476626,16.076015496253977,17.944556736946115,15.359037351608276,18.05822598934173,15.283846527338028,16.76059664487839,16.08316862583161,15.374044740200054,14.460073286294937,16.22163014411926,17.816966688632967,16.775168836116798,18.054206228256227,17.967743587493892,18.066958725452423,17.33994960784913,15.94752632379532,17.789460521936423,16.198422849178314,16.146679663658148,16.10866798162461,18.025809991359704,17.767357680201535,17.379201400279996,17.36218395233155,18.896734249591827,17.04626935720444,16.386903584003456,16.11217929124832,19.582909822463993,16.669587123394013,17.840390956401833,17.541805207729332,18.000625240802766,16.92105187177658,15.829731225967407,16.815884906053547,18.75128936767579,17.57383024692536,17.851069378852838,16.752669239044195,17.81160023212433,16.52899512052536,18.357266271114348,18.360320490598678,18.82305412292481,16.943744194507598,16.989358258247375,16.991681766510013,17.33807884454728,17.586633145809177,15.802735686302194,17.97571281194687,17.284086513519288,16.49393620491028,15.062354540824884,17.15284783244133,15.744503962993624,18.361871790885925,15.089407652616506,13.813390517234803,19.795935392379768,18.772139906883247,16.973778152465822,17.811747097969054,17.571062374114987,17.325064098834993,17.944686615467074,16.004483366012575,17.515599393844607,16.335042721033098,17.474800276756284,16.896738362312316,17.696781086921693,16.238998198509215,17.58153841495514,18.215738809108736,17.383556139469146,15.589576709270483,16.274569904804228,15.843666028976443,17.403206551074994,18.62821168899537,18.153841662406926,16.555774664878847,18.010810482501988,17.832929825782777,17.321647775173183,18.435516762733464,16.80512616634369,14.237733322381974,18.302382636070252,15.859687590599066,18.79114651679993,15.026699233055115,15.63779841661454,15.936886370182043,18.79719047546387,16.272886931896217,17.937548577785492,17.473444092273716,18.15514129400254,17.566962790489193,16.001503872871407,18.61841613054275,18.077457749843596,17.7804638504982,17.410428333282468,17.892813593149192,19.276794636249548,15.06931896209717,15.311809003353122
2062,19.338697528839116,20.922623872756965,22.113054108619693,22.96141619682312,21.370345330238344,23.256165814399722,21.963507509231572,20.30361728668213,20.74350647926331,21.08627343177796,20.61934485435487,21.26469469070435,20.858816313743596,21.225152778625493,22.104068255424504,22.469919991493224,20.61239631175996,19.913108015060423,21.251724123954766,19.823664593696602,20.91034467220307,19.41805202960968,23.72607042789459,20.7180242061615,21.756767916679383,23.106870937347416,19.076411604881287,21.89791285991668,20.712768316268917,21.224992156028755,23.181254601478578,21.084681892395025,20.687486362457275,21.773472714424127,20.185057210922242,19.636695742607117,20.99204092025758,23.27504208087921,19.68731887340546,21.352376127243048,21.011380529403688,21.450763440132146,21.513771462440484,20.911188101768495,22.560383605957032,18.462224876880647,22.101668810844423,21.483095216751103,21.49372711181641,21.541920733451853,21.82184040546418,21.366011214256282,22.229725098609926,26.46113114356995,20.82455623149872,20.510695028305058,21.946375226974485,20.33923759460449,22.304688644409193,19.317581200599676,20.78182642459871,20.515463066101084,19.99860154390335,19.2519560456276,20.960265660285955,21.98336119651795,20.617170834541326,21.721412062644962,21.03382718563081,21.743015861511235,21.113080906867985,19.710802793502808,22.300515818595883,19.277887058258052,19.98351390361786,20.526513552665715,22.268166995048524,22.348214960098268,22.090950489044197,20.940051627159114,22.958042287826537,20.98799867630006,20.08873653411866,19.857226014137275,22.9653323173523,20.64301714897156,21.981893038749693,22.184889221191412,22.242604398727416,20.26889576911927,18.776318430900577,20.92856507301331,23.098550581932074,21.162631750106804,21.58455793857575,21.216771006584178,21.288423228263863,20.22726936340333,21.880998253822327,22.841701984405518,22.575101613998417,20.669893908500676,20.688593196868897,20.73439142704011,21.045750999450693,21.729556274414062,21.13182651996613,22.291838479042053,21.073002362251277,20.155274081230175,20.012190651893615,21.43654470443726,20.32117778062821,21.56412913799286,18.869055318832405,18.40673863887787,23.937755179405208,22.313454818725596,20.18823010921479,21.254085183143623,22.033918595314027,21.21758651733399,21.946060371398932,21.157524991035455,21.478478527069097,20.268225526809697,21.10648565292358,21.057440519332886,21.5358526468277,20.559923005104064,21.272862887382516,22.016151309013377,21.004221677780148,20.21744800806045,20.499490690231333,19.592660641670232,21.365057826042182,22.031150555610658,20.843525314331057,19.924832510948182,21.822663879394543,22.054525542259213,21.329416561126717,22.49223408699035,21.31405177116394,18.381149911880502,22.0295315027237,20.492680096626277,22.69523377418518,19.688797593116767,19.852955150604252,19.1034120798111,22.499980902671815,20.08994374275208,22.0193175315857,21.347866463661198,22.840196800231944,21.252286839485173,19.779976224899297,22.426084923744202,21.94571118354797,22.145187044143686,21.176787734031684,22.149479842185976,23.26479661464691,19.00878911018372,19.749203050136565
2063,18.376305007934583,19.720173227787026,20.537201666831972,22.254374194145196,20.38667207956315,21.991572088003164,20.927879607677454,19.617888653278364,19.594937658309938,20.369761037826542,19.589551234245306,19.953135645389562,19.414259886741643,20.398780632019047,20.954174637794488,21.332924413681038,19.312151730060577,18.78457686901093,19.935356116294862,18.675480151176455,19.956273651123052,17.96944968700409,22.739931571483613,19.292100381851192,20.719568967819214,22.352051544189457,18.402160263061525,20.312164080142974,19.931324505805975,19.890421926975257,22.518258380889897,20.21553411483766,19.75204266309738,20.338503396511083,19.266701209545136,18.682153153419495,20.274041831493385,22.294693613052377,18.58123989105225,20.013519883155826,19.562972462177274,20.46551911830902,20.127278363704693,20.218667590618136,22.159108948707587,17.643945235013973,21.037641358375556,20.16250156164171,20.163773047924046,20.48615431785584,20.700199687480932,20.318763053417207,21.16665793657303,25.525586056709294,19.333020889759073,19.662261044979093,20.362234258651743,19.337724065780648,20.769583433866508,18.566929471492763,19.44605134725571,19.687519431114204,18.795011103153232,18.112378394603724,20.056718826293952,20.552761256694797,19.284953165054326,20.7329638004303,20.055493450164796,20.887691104412088,20.0654106616974,19.044554042816173,20.726414704322824,18.21979517936707,18.8587515950203,19.394948422908787,20.70410734415055,20.425968641042715,21.262315130233773,19.674080395698546,21.76917338371278,20.2728333234787,19.033641004562373,19.175850117206576,22.567105031013487,19.25708688497544,20.567336750030528,21.30835905075073,20.788214433193207,19.129471564292906,17.775584983825688,19.274606609344485,21.938859868049622,19.717323970794684,20.61491632461549,20.370683938264847,20.33889840841293,19.578974974155436,20.913240826129915,20.977756023406982,21.253114175796515,19.691833233833325,20.056347906589522,19.412882018089306,20.324923527240752,20.615550720691687,20.143846738338468,20.799123096466065,20.379671239852904,19.520061957836155,19.027526342868804,19.686997044086464,19.142716991901402,20.616108655929573,18.183104187250144,17.533415430784228,23.22384901046753,21.304648506641396,18.80556764602661,20.31499426364899,20.79315025806427,20.03652517795563,20.63048238754273,20.17371212244035,19.852753567695622,18.75659906864167,20.392793154716486,19.990441536903383,20.211999762058262,19.612602925300603,20.28957254886628,20.391614687442786,20.049304330348967,19.02067826986313,19.468146562576287,18.66435701847076,19.977793943881988,21.04562526941299,20.080691194534296,18.745202183723443,20.284057521820063,20.587863779068,19.92820922136307,21.32564445734024,20.22158125638962,17.607061171531676,20.998465001583103,19.314728891849512,21.591211926937113,18.47735352516174,19.073637378215796,17.98033374547958,21.595473241806033,19.118134438991547,20.368050920963295,19.775342416763305,21.223483490943917,20.59957389831543,19.09745477437974,21.39094483852387,21.06484634876252,20.920173633098603,20.19884651899339,20.378473091125493,22.087024092674262,18.248194134235376,18.64298605918885
2064,15.066006374359128,15.950366544723513,17.055013525485993,18.562586784362786,16.60616666078567,18.062723320722576,17.032385647296913,15.481927287578586,15.786769413948061,15.963596284389496,15.279780983924862,16.507931196689604,16.164947164058688,15.601212310791022,16.793949091434477,17.284900367259983,15.919642353057867,15.743508672714238,16.325185465812687,14.697331702709203,16.228116071224214,15.136570394039163,18.423056280612943,16.121305549144754,17.68498312234879,18.671589946746828,14.143705224990843,16.894715726375587,17.326125645637514,16.30815068483353,18.890748429298412,17.060601663589477,16.098335754871364,16.59948122501373,15.427588641643524,14.79889006614685,16.197924745082847,17.82695144414903,15.372387838363645,16.485051763057715,15.7972097158432,16.37306629419327,16.512992656230924,16.01781280040741,19.187763571739207,12.483128392696383,18.069549167156218,16.737229108810425,16.52924200296403,15.842372059822079,16.467763769626618,15.718376421928406,17.35123111009598,20.425321197509767,16.22198594808579,15.423415136337288,16.755191683769226,15.301196420192714,16.945485365390773,13.983849000930789,15.594354188442233,14.645602434873581,14.996934235095978,14.133705627918246,16.246495962142955,16.726240634918206,15.7881751537323,16.962444055080425,17.161028718948362,16.965956258773808,16.30471748113633,14.818430280685424,16.59358825683594,15.330387043952939,15.038061594963077,15.733502757549292,16.84211882352829,16.40271143317222,17.393580889701852,16.40670822858811,18.04879812598229,15.785173559188845,15.765689277648931,14.932954287528991,19.466964769363404,15.64680050611496,16.704408788681036,16.3007704615593,16.85059497356416,15.993647229671478,14.997076547145843,15.601934701204303,17.578482377529145,16.450335168838507,16.75841553211212,15.32386454343796,16.811434888839717,15.42819702625275,17.33014768362045,17.0046079993248,17.876972687244415,15.858806741237643,15.900293874740592,15.891143262386326,16.26086962223053,16.399450421333313,15.706892752647397,16.80125523805618,16.079863524436945,15.38050310611725,15.017358839511868,15.900462108850476,15.357202851772314,17.734558892250057,13.884615582227706,13.373737275600433,19.393989086151123,17.994163918495175,15.929348194599152,16.847126662731178,16.290833985805506,16.293903958797447,16.942260122299206,15.887479650974274,16.316021800041206,15.164918434619906,16.42744681835175,16.355952692031863,16.709649085998542,15.733158504962919,16.55937180519104,17.08157768249512,16.285690355300904,15.206463778018954,15.889248418807977,14.76356550455093,16.330360531806946,17.892156767845158,17.50272948741914,15.663379263877866,16.8373626947403,16.682249319553385,16.238204717636116,17.280981111526486,16.409866404533393,13.128744369745258,17.24992982149124,15.469497430324548,17.679104721546164,14.630388748645782,15.181120133399967,15.104701447486878,17.961747527122505,15.170496392250062,16.680624139308936,16.26775665283203,16.950246596336363,16.50157536268234,14.784263229370115,17.4934091091156,17.29727946519852,16.534981274604803,16.428656601905825,16.615282022953032,18.444153070449836,13.798638808727272,14.899448502063745
2065,16.9707197189331,18.19774963855743,18.561108183860778,18.030864930152894,17.31987489461899,18.500042545795445,17.737770318984982,16.290312433242804,18.144081401824955,16.820526397228235,16.414086449146268,18.259253883361815,17.55123121738434,15.920469975471502,17.491967725753785,18.029059720039363,17.61261823177338,17.25003306865692,18.177245020866394,16.847909736633305,16.898667478561407,16.535603594779978,18.625044059753414,17.482468295097345,18.32164688110351,18.334663152694702,14.991019248962402,18.376959061622628,17.60496499538422,18.162467384338374,18.382428503036508,17.61136140823364,16.75224738121033,18.494240856170656,16.465601408481596,15.47543536424637,17.135063266754152,17.816759490966803,17.057838845252995,18.299378013610845,17.132297372817987,17.12508926391601,18.381914949417112,16.832683587074282,17.91017503738403,13.484517568349835,18.343988060951233,18.46465022563935,18.33572947978974,17.026450288295756,17.23386400938034,16.92309439182282,18.070831942558293,19.69405025243759,17.528063607215884,16.398980832099923,18.402425003051757,16.382868087291726,18.08266997337342,14.886044847965243,16.762641048431398,15.592535614967346,17.420544099807742,16.272496604919436,17.25649427175521,18.68332948684693,17.49357359409332,17.688911271095286,17.32530560493469,17.701068353652957,17.734515571594237,15.671485757827758,18.534291267395016,16.718982481956484,15.951456022262573,17.97233037948608,18.662472939491277,18.207349169254304,16.76497466564179,18.09246454238893,18.47068936824799,16.672284460067743,17.5220624446869,15.759539031982422,18.05316319465637,17.564222407341006,18.61167232990265,16.773316407203673,18.809889507293697,17.52133264541626,16.32507593631744,17.24379334449768,17.865657019615178,17.821448040008544,17.453396964073185,16.271836853027352,17.423992323875428,16.241743421554567,18.044896316528327,18.763920712471002,18.7960994720459,16.5720076084137,16.73669257164002,17.0935409784317,17.19341988563538,17.146207141876218,16.857912814617162,18.80546910762788,16.929209351539612,16.224501395225523,16.20365645885468,17.59609059095383,17.75733215808869,18.015619874000542,14.756153404712677,14.412495291233075,18.80664012432098,18.384278774261468,17.11904923915863,17.47517518997192,17.05877592563629,17.94472579956055,17.82805981636048,16.99787027835847,17.89146075248719,16.580812799930573,17.20230226516724,18.4240784406662,18.542107582092292,17.113474917411807,17.875935387611392,18.5872813463211,17.00338178873062,17.614766740798956,18.016330242156986,15.479857861995697,18.1863122701645,18.23877151012421,17.79848556518555,17.19562385082245,18.327057766914372,18.634829568862923,18.147653126716612,18.022123479843142,18.718856263160706,14.056946754455575,17.972831058502194,17.871818518638616,18.395646595954894,17.097401309013357,16.119252562522888,16.523849129676815,18.306546354293822,15.889979147911074,18.263877010345464,17.72279262542724,19.136550545692444,17.321188640594485,15.637424194812775,18.216446018219003,17.494967484474195,17.31173942089081,16.986256730556498,18.291919040679925,18.836206698417662,14.639214360713964,17.056310749053956
2066,18.120702314376835,19.48718719482422,20.294869208335875,20.248342251777647,19.75816931724548,21.444215667247782,20.256009984016423,18.70142796039582,19.383909225463867,19.403323531150814,18.924274730682377,19.632745790481568,19.150538694858547,18.903823447227474,20.209070491790772,20.653486204147338,19.01221630573273,18.48815643787384,19.600804018974305,18.38871886730194,19.28314635753631,17.747071218490603,21.303479576110853,19.05203413963318,20.273492550849916,20.902255630493165,17.47867908477783,20.137877702713016,19.458807516098027,19.57326891422272,20.555209231376647,19.670506501197814,19.076668620109558,20.00560555458069,18.664400267601017,17.982577157020575,19.409755849838263,20.839550566673285,18.30675506591797,19.69189569950104,19.2348263502121,19.679332804679877,19.840551137924194,19.29525501728059,21.531954717636104,16.4812661767006,20.6017865896225,19.889568686485298,19.821770071983345,19.628201699256902,19.914643096923832,19.481849598884583,20.538880348205566,22.723490273952486,19.09522515535355,18.793924283981315,20.089349567890174,18.726938438415534,20.45024280548096,17.558318340778357,19.021260297298433,18.55173176527024,18.65377587080003,17.807166886329654,19.432420587539674,20.216140866279602,18.94512708187104,20.102736806869515,19.477708220481873,20.136668229103094,19.534646320343022,18.120140051841748,20.322683966159826,17.926676702499396,18.30020260810852,19.18472254276276,20.365310406684877,20.287317633628856,19.423397231101994,19.372942256927487,21.220949721336364,19.290648460388187,18.737610769271853,18.26575770378114,21.93775396347047,19.00767611265183,20.189366531372066,19.832175755500796,20.42071959972382,18.809611439704902,17.492483663558954,19.09158600568771,20.793521261215204,19.430197620391848,19.93818564414978,19.241354036331177,19.70973982810974,18.651743912696837,20.34737799167633,20.795477604866036,20.946096014976504,19.047135519981385,19.110569739341745,19.036212098598487,19.470687937736514,19.888597464561464,19.306610488891607,20.439687180519105,19.436064672470096,18.5828624010086,18.41831679344177,19.54709798097611,18.98061172962189,20.16805019378662,17.246781826019298,16.790117061138147,21.113970255851747,20.78100366592407,18.575864768028264,19.719517230987545,19.999893856048594,19.58208012580872,20.093522250652317,19.396176147460938,19.64302979707718,18.491578006744383,19.531743264198305,19.686927795410156,19.922970342636102,19.05495572090149,19.710844898223876,20.31178572177887,19.402707958221434,18.849339592456822,19.21848802566528,17.959719204902648,19.65922601222993,20.55048291683197,19.577618694305432,18.449205589294433,20.01331644058228,20.222619271278386,19.624718332290655,20.67290980815888,19.962377119064335,16.657551705837257,20.384890532493603,19.124293398857127,20.949138069152845,18.335247480869292,18.33652474880219,17.728053855896,20.58834500312805,18.43255486488342,20.112821424007414,19.488651990890506,20.845978760719298,19.700500416755688,18.170481038093566,20.733268475532533,19.85300457477569,20.171459293365476,19.411250495910643,20.220728063583376,21.55762913227081,17.24924690723419,18.357227051258086
2067,17.05141181945801,18.088929712772376,19.21330041885376,19.079853582382206,18.1921235382557,19.753677970170976,18.793565690517433,17.248867166042338,18.044800019264226,17.888479578495026,17.123635709285733,18.17592281103134,18.16434973478318,17.478845143318175,18.66094075441361,19.15399497747422,17.520980477333076,17.219061660766606,18.01183913946152,16.87038795351982,17.895707356929773,16.42451363801956,19.736772727966308,18.090007948875428,19.150666618347167,19.63444354534149,16.023317253589635,19.038167297840122,18.401862728595738,18.024578332901005,19.41136453151703,18.480911099910738,17.716744035482414,18.375240743160255,16.98841079473496,16.43835393190384,18.000386929512025,19.3831200003624,17.15509357452393,18.168400251865393,17.916671395301826,18.20772614479065,18.294042396545414,17.865341615676876,19.562959814071654,14.796652758494025,19.321875476837164,18.428420865535745,18.249110782146456,17.810054266452795,18.386435902118684,17.621727252006544,19.04738478660584,21.128099977970123,18.176978123188025,17.290631949901577,18.911874127388007,17.030720418691637,19.03396914601326,16.0565190255642,17.61925702989102,16.972354602813727,17.28214786052704,16.31719422340393,17.800339043140415,18.533140921592707,17.459332036972054,18.621978932619108,18.47844779491424,18.708440113067628,18.053857696056372,16.660017108917234,18.603959769010544,16.746289956569672,16.852679502964026,17.927183198928837,18.89464242458343,18.99808737635612,18.13807294368744,17.985308980941763,19.648443865776066,17.7848924279213,17.54877097606658,16.790173184871673,19.84362025260925,17.430398321151735,18.532888054847724,18.379694831371317,18.714215731620794,17.488827621936803,16.35103858709336,17.912602224946028,19.29269446134567,18.448438000679012,18.47794054150582,17.59024175405502,18.403260910511012,17.22687752246857,18.896519386768347,19.53195744156837,19.65628426074982,17.545722240209592,17.709576475620278,17.82407631278038,18.0742311835289,18.24315936565399,17.57973371744156,18.703019893169404,17.99504585266114,17.213204908370972,16.737103885412214,18.314221632480617,17.630186247825623,18.918540358543396,15.803396153450006,15.145053571462636,19.89094007015229,19.40159815549851,17.731901860237134,18.374695312976844,18.313482972979546,18.026176416873938,18.747405147552485,17.72232691049576,18.536871033906934,17.304076802730567,18.1377581834793,18.384366059303286,18.37862246036529,17.533291649818416,18.249428057670595,19.226089680194853,17.94982612133027,17.48086065053939,18.01113417148591,16.414524781703953,18.085036337375644,19.21429686546326,18.576945090293883,17.180097007751467,18.965090072155004,18.548141229152684,18.025773608684545,19.138363862037657,18.64399559497834,15.128216010332107,18.872035527229308,17.76237903833389,19.48569791316986,16.943239903450017,16.808185589313506,16.506910562515266,19.233871114253997,16.87701682448387,18.96031445860863,18.418126940727237,18.959603601694106,18.283921670913706,16.6997433423996,19.243544983863824,18.498929977417003,18.5199101984501,17.961001068353657,19.01165691614151,19.99262293577194,15.839446520805367,17.12673815488815
2068,16.971886658668517,18.11724038124084,19.1970470905304,20.551365637779234,18.07673830986023,20.537839031219477,18.633680891990657,17.099855947494508,18.00669903755188,17.703708636760716,16.902500820159915,18.43346647024155,18.16639750003815,17.306279659271247,18.448725724220267,18.97147567272186,17.767908799648286,17.444834852218627,18.303367173671724,16.817078399658207,17.75529487133027,16.942632460594176,20.409992551803587,18.0834376335144,19.630067658424384,19.898245811462402,15.823052477836615,19.005737066268928,19.02242488861084,18.307476758956916,20.92003347873688,18.325546479225164,17.598024106025708,18.653792083263408,16.811670970916758,16.342001616954807,17.84837822914124,19.461055898666373,17.225389456748953,18.448551893234264,17.80941729545593,18.035246205329898,18.533492267131813,17.696866297721865,21.498427653312692,14.523240411281586,19.987986493110657,18.645000314712526,18.53021628856659,17.548490822315223,18.196656775474544,17.387831735610963,18.89076888561248,23.175723695755018,18.195802903175363,17.031035542488105,18.94826492071152,16.833655953407295,19.321249163150792,15.822266244888302,17.495798254013064,16.67227475643158,17.251750779151916,16.275238072872163,17.63729311227798,18.82399648427963,17.68132616281509,18.500172758102416,19.076210808753967,18.569518327713006,18.137459123134608,16.466479825973504,18.83194278478623,16.956033802032483,16.76330870389939,17.873910331726073,19.063114857673657,18.88462609052658,18.578765964508058,18.24910554885865,20.386685895919797,17.582307982444767,17.61796104907989,16.615364122390744,21.852796506881713,17.695069587230684,18.830541312694557,18.16699633598327,19.01713933944702,17.735227513313298,16.55171427726746,17.838961791992194,19.24527089595795,18.47577993869782,18.3282289981842,17.32742713689804,18.21933462619782,17.059342348575594,18.768457484245296,19.450439631938934,19.99587161540985,17.409338498115538,17.517953252792356,17.76776106357574,17.910246503353115,18.061222004890446,17.337382805347445,19.01143084764481,17.81018223762512,16.994824254512785,16.588435173034668,18.192611229419708,17.5790185213089,19.520810890197758,15.581119465827939,14.930723273754122,21.50941219329834,20.115763473510743,17.758519148826608,18.217899250984196,18.081563711166375,18.210543358325964,19.149219536781317,17.492007100582125,18.498367393016817,17.228298771381382,18.006679701805115,18.421877253055577,18.647488105297093,17.43155801296235,18.316938710212714,19.12540063858033,17.831567358970638,17.4526508808136,17.960727810859684,16.303252506256104,18.368269419670106,19.92190139293671,19.22720513343811,17.381589221954346,18.96888571977616,18.84841618537903,18.31463252305985,18.954482579231268,18.606902039051054,14.889375996589658,18.730419611930852,17.720919251441952,19.30864253044129,16.92567809820175,16.626775622367855,16.700636780262,19.56099824905396,16.76320376396179,18.93279045820237,18.41885213851929,19.287982666492475,18.10985565185548,16.504275560379025,19.090881085395825,19.036286282539375,18.310307002067578,18.017849731445317,18.91946597099304,20.751475882530215,15.571918046474455,17.033499634265898
2069,17.319121479988105,18.61415128707885,19.095318198204033,21.381538915634156,18.024141073226936,20.710549354553233,18.592493200302126,17.094882857799536,18.503279566764828,17.689675462245948,17.51031974554062,18.809472322463993,18.042195439338684,17.535113930702206,18.405355358123785,18.9056714296341,18.118187904357917,17.746657848358158,18.73443398475647,17.403112375736235,17.73896067142487,17.344815540313732,20.82772212028504,17.937097167968744,19.668283724784853,19.84489479064941,15.830591952800756,18.910989117622375,19.136370778083805,18.73209289312364,21.675776100158693,18.314323139190684,17.58357691764831,19.065079069137568,17.444472515583048,16.311746132373816,17.917802786827085,19.385910654067995,17.510232520103454,18.845502257347107,17.74309134483337,18.025539457798004,18.965506315231327,17.68616698980331,23.180399656295783,14.530014824867246,20.099340152740485,19.024464249610908,18.91687042713164,18.100687527656554,18.170502936840062,17.95303580760956,18.823989963531496,24.426394867897038,18.053071355819696,17.295591735839842,18.911334013938912,17.412423264980315,19.3490553855896,15.807563436031339,17.423852431774144,16.634211373329173,17.773218297958376,16.81609352827072,18.22916896343231,19.279249811172487,18.017075490951537,18.411053776741028,19.423318505287167,18.547303318977356,18.407000446319575,16.494457387924193,19.126040482521056,17.202099990844737,16.690702772140504,18.314743876457225,19.232658290863036,18.784050381183626,19.251882505416873,18.6082279920578,20.53826451301574,17.566777658462524,17.94202475547791,16.592001342773436,23.61365602016449,18.148218822479244,19.236076807975767,18.31157177686691,19.443674182891844,18.030854177474982,16.789075732231147,17.76531033515931,19.184516406059274,18.331192827224744,18.29258449077606,17.304276013374324,18.192373275756836,17.062877607345584,18.690901517868046,19.34249250888825,20.060907006263733,17.31913930177688,17.54850721359254,17.72815256118775,17.97871304750443,18.007086968421937,17.86089923381806,19.448576664924623,17.797442293167116,17.050821411609654,17.155538141727455,18.116579258441924,18.120072627067575,19.670113086700447,15.611878240108487,15.376401507854462,22.384521222114557,20.258195686340333,17.631758999824523,18.1821043252945,18.045098328590388,18.566220712661742,19.23904931545258,17.98247559070587,18.419754314422605,17.168781018257143,18.007128095626843,18.833997750282286,19.093028664588935,17.861073112487794,18.54657440185547,19.0850942850113,17.745592308044433,17.954836642742162,18.367134070396425,16.263588869571684,18.778154635429384,20.056289529800416,19.330398702621466,17.680780100822453,18.832708692550664,19.268830204010023,18.74886790513992,18.866705870628362,19.07895505428314,14.998007726669314,18.68357191085815,18.231030917167665,19.224856281280527,17.460341298580165,17.019367873668678,16.97091748714447,19.792167186737068,16.688348495960234,18.805130982398985,18.27866673469544,19.77360743284226,18.12435401678086,16.48699053525925,19.01792426109315,19.329341721534725,18.232154810428625,18.042731070518496,18.84152152538299,20.90187754631043,15.544094991683954,17.440307950973512
2070,16.821871423721316,18.06519048213959,19.558310365676874,20.91455495357514,18.274263966083527,20.986923122406004,18.89507172107696,17.167398488521577,17.938493156433104,17.84023779630661,16.87363172769547,18.405995440483093,18.465179252624516,17.25390597581864,18.751084697246558,19.26290880441666,17.725966131687166,17.38205528259278,18.29200420379639,16.787849676609046,17.95957980155945,16.426092982292175,20.738844799995423,18.36104737520219,19.84895613193512,19.959180951118476,15.918597424030304,19.37618765830994,19.17166213989259,18.293014180660247,21.232915806770325,18.52714431285858,17.759310579299928,18.61401501893998,16.818916666507725,16.505691885948178,17.929979288578036,19.657781994342805,17.057008767127996,18.418212604522704,18.159924876689907,18.284286963939667,18.577711248397836,17.785359561443325,21.91805782318115,14.67979536801577,20.299443721771233,18.71106200218201,18.48206834793091,17.43816670179367,18.494737589359282,17.33201379776001,19.153539109230042,23.646610617637634,18.43032946586608,17.100674688816063,19.228374660015113,16.816265451908112,19.763723242282868,15.962210351228716,17.814711415767675,16.847692877054214,17.186731886863708,16.200486767292023,17.628408432006836,18.811571836471565,17.61754429340362,18.719615411758433,19.133891892433176,18.736162865161894,18.180273807048803,16.57329756617547,18.8829304099083,16.84134659767151,16.983256137371058,17.772684812545776,19.204375863075263,19.365867042541513,17.9209883928299,18.213807415962222,20.805538201332105,17.71237634420395,17.47800650596619,16.699863624572757,22.31860187053681,17.686152482032774,18.755551123619085,18.18143135309219,18.952306079864496,17.63809311389923,16.453962278366088,18.26027793884278,19.503421354293828,18.750476908683776,18.564549732208253,17.531985497474672,18.462771058082588,17.13288336992264,18.9885000705719,19.90508151054383,20.375299906730653,17.618256437778477,17.604767417907713,18.044516766071318,18.002898347377783,18.341366982460016,17.27337782382964,18.953901624679567,17.904793775081632,17.112383258342742,16.561983323097223,18.664790987968445,17.5335075378418,19.87058539390564,15.702911245822909,14.974122399091717,21.90324001312256,20.398521304130554,17.968362140655515,18.427313971519467,18.401119244098666,18.219386851787576,19.532737517356882,17.41508815288544,18.880451905727394,17.588816034793854,18.078926050663,18.31546061038971,18.65484387874603,17.48137942552567,18.357065415382397,19.545005488395695,18.042601478099826,17.380296206474306,17.84090805053711,16.486979448795317,18.328278255462656,20.17212328910828,19.317286205291744,17.315559840202333,19.275504958629607,18.787980008125302,18.287427866458895,19.266840589046474,18.51460177898407,15.014935779571536,18.95092241764069,17.652578687667848,19.615392589569097,16.859532392025,16.683647441864014,16.64231891632081,19.810543513298036,16.94805076122285,19.31796314716339,18.731678450107577,19.281067836284645,18.171629214286806,16.60177583694459,19.35923238992691,19.2835357785225,18.642419791221624,18.232977735996247,19.366969847679137,21.135179233551032,15.7184082865715,16.877095174789424
2071,17.550857627391814,18.967645514011384,20.21441791057587,21.446210455894477,19.64273536205292,22.23520734310151,20.165423035621647,18.962621903419496,18.74840376377106,19.681368124485022,18.936679768562314,19.475775122642517,19.074163532257085,19.59325127601624,20.14239230155945,20.604557466506968,18.875375294685366,18.36278052330017,19.396045458316806,17.94157691001892,19.208897686004647,17.729806065559387,21.867172884941102,18.967663812637333,20.693324995040896,21.456946325302127,17.746326899528515,20.11375361680984,19.988557529449473,19.38359715938568,21.762191271781937,19.66285178661347,19.066652655601505,19.84627212285996,18.704413366317755,17.838897800445558,19.59597020149231,21.37205305099488,18.003557276725772,19.529707598686223,19.142513430118566,19.687302899360656,19.670359432697303,19.58731367588043,22.168343973159793,16.849332749843597,21.244200921058653,19.725738596916198,19.655993247032157,19.679052209854135,19.90693355798721,19.564670395851138,20.46724512577057,24.386887121200566,19.051324653625493,18.98400995731354,20.01276397705078,18.75951651334763,20.778122222423555,17.872340905666352,18.927374327182772,18.89423245191574,18.017146992683422,17.329062521457672,19.484253525733955,20.050515305995948,18.822645425796512,20.018694329261784,20.07111642360687,20.162172460556036,19.518930447101592,18.37825045585633,20.185672879219055,17.817159891128547,18.18971148729325,18.552026963233956,20.252954459190374,20.25182831287384,20.61910707950593,19.22591989040375,21.966627693176275,19.58796898126603,18.35406777858735,18.54320561885834,22.53941431045532,18.81526910066605,20.062703526020055,20.495112061500556,20.274615859985357,18.673413467407226,17.39741778373719,19.039582562446594,21.085135722160334,19.37054462432862,19.824951672554015,19.54168255329132,19.693588495254524,18.89569373130798,20.263810729980474,20.750950229167938,21.32108659744263,18.956927490234385,19.359863138198854,18.988000631332394,19.684390306472785,19.799282765388494,19.395131659507747,20.293623113632208,19.732417368888854,18.84511270523072,18.424115741252898,19.487747454643248,18.354825198650367,20.768737006187443,17.530450284481052,16.915170395374297,22.437324404716488,21.442275404930115,18.52089748382569,19.685797548294072,19.965869343280787,19.44766774177551,20.472827470302576,19.450276303291325,19.571872365474707,18.408103799819948,19.74969909191131,19.18061323165894,19.71359208822251,18.995891296863554,19.718655157089227,20.260412263870244,19.31064088344574,18.202718818187712,18.60365085601807,17.795732510089884,19.518078732490547,21.172367644309997,20.110150551795964,18.336095023155217,19.939599728584295,20.104181659221652,19.454045522212986,20.618715095520024,19.321281349658975,16.951130712032324,20.311020374298103,18.48859275579453,20.86420311927796,17.694070196151735,18.483017838001253,17.64683387279511,20.888792085647587,18.29835077524185,20.044996404647833,19.427872633934022,20.681714046001435,19.91267263889313,18.45281981229783,20.640092158317564,20.305117154121398,20.11603178977966,19.485724711418158,20.170403790473944,22.29023616313935,17.553321254253387,17.749345648288717
2072,15.539059376716612,16.64028058052063,17.37966003417969,18.47223868370056,16.684532678127297,18.407629865407944,17.17164776325226,16.014079034328464,16.309250926971444,16.491856253147127,14.294517064094544,17.61584234237672,16.496392941474912,15.523269069194793,16.937602829933166,17.412733197212226,16.899683821201325,16.718039798736577,17.42194586992264,14.817991626262671,16.34929460287094,15.686930918693545,18.45709431171418,16.448487091064457,17.992804932594304,18.023699426651003,14.703931784629821,17.226890242099763,17.580761098861693,17.425759112834932,18.81876120567322,17.151199817657478,16.254337143898017,17.719618046283728,14.499008798599252,14.912796628475196,16.788792812824248,17.45337225198746,16.16103584766388,17.58207495212555,16.054028177261348,16.572182834148407,17.60957897901535,16.589851832389833,18.495641493797315,13.14562340378761,18.389571332931524,17.70999338626862,17.65744147300721,14.925401520729068,16.604008400440218,14.73029168844223,17.46717268228531,20.326041066646578,16.581098771095274,15.240497887134547,17.255953311920166,14.354661905765534,17.31494618654251,14.601681220531466,15.830069625377655,15.331164616346356,15.506032264232635,14.27753216028213,15.315985238552091,17.87374415397644,16.79365936517716,17.084752559661872,17.039335370063792,17.235455489158632,17.176456320285798,15.362329614162444,17.529794836044317,16.267828106880188,15.217973279953004,16.219405555725107,17.635809540748603,16.80155516862869,15.52251785993576,17.46081590652466,18.389533960819243,16.39660223722458,16.487848877906796,15.492596936225894,18.68415794372559,16.773388493061066,17.91239173412323,16.370428001880647,18.078254914283765,16.99063894748688,15.886989450454717,15.913669008016592,17.40967748165131,16.79274461269378,16.893085289001466,15.923833119869235,16.9123174905777,15.9660364985466,17.434011220932014,17.397777318954468,18.196100997924805,15.97702853679657,16.43426325321197,16.13210687637329,16.832612216472626,16.520586931705477,14.785245597362518,18.050389099121098,16.668995046615606,15.906287610530859,14.158477437496188,16.25383013486863,15.891431045532233,17.976741552352912,14.451219469308853,12.943134522438047,19.295006203651422,18.311970317363745,16.277533757686616,16.92977524995805,16.437545120716102,17.279991436004643,17.254618442058565,14.997611808776858,16.66247162818909,15.460510885715488,16.905905354022984,17.01016590595246,17.79234904050827,15.766306686401368,17.37204115390778,17.39665004014969,16.41090964078903,15.693566465377813,16.381757640838618,14.873375952243808,17.49707257747651,18.191870248317723,17.774005579948415,16.628120875358583,17.19148120880127,17.91737300157547,17.415429973602297,17.4124344587326,16.937504482269286,13.493188202381134,17.353329014778136,15.988572192192075,17.797749328613275,15.150879943370821,14.886922311782843,15.956302368640896,17.997368168830874,15.307070231437686,17.04117331504823,16.63889682292939,18.201615655422216,17.031791675090794,15.365163266658787,17.62068865299225,17.345721590518956,16.6780108332634,16.530812430381776,16.983703684806823,18.77764139175416,14.398043966293335,15.408409500122072
2073,16.738180506229405,17.841850054264075,18.312192416191102,18.903792047500612,17.947074937820435,17.738765066862108,18.442893993854522,17.256767642498023,17.781581509113316,17.937574154138566,16.890069109201438,18.00351715087891,17.340167117118835,17.12803289890289,18.35661025643348,18.791630434989933,17.329075694084167,17.058485805988305,17.839113932847976,16.644403052330013,17.484392309188838,15.977620148658758,19.483332484960556,17.27462841272354,17.87179381847381,19.132483804225924,16.071078911423683,18.10352356433868,17.152419078350075,17.871188145875934,19.170604610443117,18.262783300876624,17.346385550498965,18.170745581388474,16.77115123271942,16.03609294593334,17.970622396469118,18.911532545089727,16.899653506278998,18.003476917743676,17.136782300472266,17.907246947288517,18.08160705566407,17.921164178848255,18.555770826339717,14.888137566298244,17.820257937908174,18.202273976802825,18.088739216327667,17.48115130662918,18.030797642469413,17.37591366767883,18.76965599060059,20.86326590776444,17.36574169397355,17.21516429185867,18.110195070505142,16.801456886529927,17.615995860099794,16.128565371036526,16.969700786471375,17.065791219472892,17.03200331926346,16.084838557243348,17.56855971217155,18.342397409677503,17.24103534221649,18.349950361251835,16.927701365947723,18.47529391050339,17.97649628520012,16.696363431215286,18.167410838603963,16.587185323238383,16.33299503624439,17.639850175380708,18.34281704425812,17.938151198625565,17.240339314937593,17.8360901594162,17.753745865821838,17.868684554100046,17.304767489433296,16.857137018442153,18.78915629386902,17.317676663398743,18.380984485149384,18.144138062000277,18.54767147302628,17.353760755062112,16.197271382808687,16.946994256973266,18.860771548748016,17.622308063507084,18.10278226137161,17.64992301464081,18.133301055431367,17.2333240389824,18.65391076207161,18.50394701361656,18.29741973876954,17.226680868864058,17.696646541357037,17.117727136611933,18.060157424211503,17.934438139200218,17.319348251819616,18.542867892980574,18.058812367916108,17.22449306845665,16.522157907485962,17.329250991344452,17.358001071214677,17.51892704963684,15.850662732124325,15.002282029390335,19.717625904083256,17.765434229373927,16.98674927949905,18.12344892024994,18.001411440968518,17.88151982426643,17.557403177022934,17.468964564800267,17.61932181715965,16.469173848629,18.09362254738808,18.144426035881047,18.195386064052578,17.406562209129337,18.169251692295074,18.355904424190527,17.643211311101915,17.23028782606125,17.728838491439816,16.03773800432682,17.946386480331427,17.65729483366013,17.354823148250567,16.980956852436066,18.072808361053468,18.406451654434203,17.878386181592944,18.80992523431778,18.35268285274506,15.16107157766819,18.62184221744538,17.499174046516412,19.143476223945612,16.700268870592133,16.686477899551388,16.33423640727996,18.982724940776826,16.50839282870293,18.026152241230005,17.548681795597084,18.75795394182206,18.264441519975662,16.764237612485893,18.915031790733337,18.219397568702703,18.170498764514917,17.64350244998932,18.034890979528427,18.155059230327613,15.921440410614016,16.775477731227877
2074,16.09135255813599,17.047531962394714,18.06096105575561,20.25490257740021,17.96414271593094,19.80001343488694,18.50685847997665,16.229287111759188,17.097591149806973,16.89063565731048,16.585585844516753,16.826051044464116,17.062110805511477,16.355480861663814,18.338460803031932,18.859055054187774,16.213968217372894,16.001961278915402,16.66937613487243,16.073940837383276,17.61455661058426,15.760106778144836,20.15763561725617,16.991432356834412,18.83668837547302,19.689218163490303,14.959625434875486,17.90528701543807,18.390591955184938,16.675082004070283,20.576538681983955,18.2189261674881,17.359537196159362,16.941300833225245,16.530262184143066,16.178674602508544,16.92860242128372,19.176911330223078,15.977657318115238,16.818314361572266,17.013457345962518,17.796894085407256,16.949572372436528,16.835252666473387,20.839016222953802,13.477012801170355,19.370459055900575,17.17865118980409,16.865266370773316,17.137590956687923,18.08701331615448,17.01443166732788,18.782565712928772,22.701654124259953,17.06380865573884,16.43018319606781,17.674295341968538,16.51816296577454,18.342000269889837,14.890525710582736,16.90942168235778,15.627436685562136,16.340788221359254,15.487836444377896,17.333213317394257,17.107785344123837,16.073199236392966,18.376098692417152,18.289616632461556,18.184197604656227,16.85012966394424,15.64080939292909,17.08147013187408,15.562581324577332,16.375535106658948,16.959313631057732,17.528917658329014,17.60661214590073,18.023932433128362,16.697910761833178,19.688058125972745,16.677695596218104,16.45527396202088,15.749202835559851,21.142182803153993,16.105561602115635,17.07153739929199,17.179807674884795,17.218032002449043,16.262026596069333,15.218796968460083,16.678136920928956,19.073108959198,17.34980161190033,18.198451054096218,16.4430515408516,18.117400574684147,16.20473130941391,18.667123651504514,18.17688171863556,19.15793437957764,17.293038809299475,16.6825129032135,17.041307413578036,17.006477618217477,17.9495272397995,16.969490194320677,17.191507792472844,16.939504933357235,16.18626468181611,16.213740789890288,17.0307928442955,16.70024328231812,18.98469932079316,14.728315758705133,14.445857715606692,21.159115695953368,19.417637848854064,16.693779301643378,18.10560133457184,17.95056096315384,16.738294911384585,18.322628355026247,17.134358739852907,17.362292730808257,16.28433684110642,17.212390077114108,17.359586429595947,17.055303621292115,16.724398171901715,17.100774216651917,18.07661590576172,17.703997457027434,16.52186526060105,17.062740755081172,16.161669898033143,16.695726549625395,19.234485793113706,18.552047348022462,15.91460273265839,17.80628179311753,17.068596410751347,16.62959380149842,18.848817527294166,17.695034670829777,14.067988085746766,18.615916013717644,16.798496747016905,19.224160122871396,16.01277083158493,16.122750854492192,15.33747508525849,19.390868210792554,16.61915558576584,17.735458302497868,17.217475390434274,17.384601187705993,17.24004319906235,15.629175710678103,18.97237508296967,18.829437696933752,18.19257110357285,17.87052173614502,17.73233095407486,20.033694744110115,14.639458572864537,16.047773504257208
2075,15.359274959564207,16.459471654891964,18.621322798728944,18.948775434494024,17.36790920495988,19.948180234432222,17.847799897193916,16.01841334104538,16.224090933799744,16.638848483562477,15.692154252529146,17.223890542984016,17.599437701702122,15.875559353828427,17.675089681148528,18.16772992610932,16.601936793327333,16.342093336582195,17.086464667320257,15.188155126571655,16.96037781238556,15.4040727853775,19.113527131080623,17.532797861099244,19.05450172424316,18.588357210159298,14.757736265659329,18.495715463161464,18.488872671127318,17.07336843013764,19.285538506507883,17.743509483337405,16.769547128677374,17.376921188831332,15.779154467582705,15.515495002269741,16.782560741901396,18.128576827049255,15.842572236061093,17.221504175663,17.202482974529268,17.18472312688828,17.352190148830413,16.62442494630813,20.496186590194707,13.248571294546124,19.441093325614933,17.562510907649994,17.280569005012513,16.191930031776423,17.372821259498597,16.09727113246918,18.16378637552262,20.909137463569643,17.57722492218018,15.914414691925051,18.241371488571172,15.698213577270508,18.77625601291657,14.67625058889389,16.835915315151215,15.427136921882632,15.46511114835739,14.615791630744932,16.606185901165006,17.539757359027867,16.475747609138487,17.763144314289093,18.40380792617798,17.677524697780616,17.01342904567718,15.4229585647583,17.59343150854111,15.888607525825503,16.00973409414292,16.1247612953186,18.0543375492096,18.319688284397124,17.014472103118905,17.071077871322636,19.815254688262932,16.459347820281987,16.207564568519587,15.536584258079538,20.831735229492182,16.423423099517827,17.508717262744913,16.74464193582535,17.681946969032293,16.612634301185608,15.526266360282907,17.31317120790482,18.146235585212715,17.8647089600563,17.55064961910248,16.143504023551937,17.56092710494995,15.988090765476233,18.10084246397019,18.865747427940374,19.495271897315988,16.648464751243598,16.469931030273443,17.09858590364457,16.878845155239112,17.29154808521271,16.09092342853545,17.658824336528795,16.71543647050858,15.989662373065954,15.429709863662719,17.69898166656494,15.814180982112887,19.067210316658024,14.524468076229093,13.835135102272034,19.767102956771854,19.53792035579682,17.155056834220886,17.57422543764115,17.265741610527037,17.0145393371582,18.49159243106842,16.245917558670044,17.936064648628232,16.631456649303438,16.96804621219635,16.813895893096927,17.46578811407089,16.24374488592148,17.2094393491745,18.67398011684418,17.085183000564577,15.664289569854736,16.25286014080048,15.503204762935644,17.105321085453035,19.352672362327574,18.61997382640839,16.26549471616745,18.373485946655272,17.510386788845068,17.04375911951066,18.170349228382115,16.818653738498682,13.772744035720825,18.03089394569397,15.9156494140625,18.537810587883005,15.11780816316605,15.627144289016723,15.669023025035859,18.609631490707393,15.946042048931119,18.339146995544432,17.78680399656296,17.864974796772003,17.046552526950837,15.409956753253931,18.33582119941712,17.910281658172615,17.47997179031372,17.15456964969636,18.389850604534153,20.16226499080658,14.454390943050393,15.244119274616244
2076,17.715511560440067,19.059925282001505,20.542712783813485,23.671553874015817,20.101997995376585,22.758054113388066,20.723025870323177,19.49080455303192,18.880931115150453,20.204759621620177,19.117353022098534,19.517017376422885,19.377299880981447,20.508299446105955,20.726641416549683,21.19063682556153,18.843240451812754,18.38693864345551,19.439299345016483,18.030700159072875,19.73941469192504,17.891775560379024,23.343091940879823,19.262980520725257,21.064601135253927,22.44717516899109,18.265379452705393,20.39885950088501,20.379480576515203,19.456286811828612,23.83606922626496,20.074995803833012,19.60160849094391,19.844771957397466,18.806791222095494,18.37874976396562,20.09857873916626,22.331916356086733,18.10471539497375,19.562324428558362,19.49316633939743,20.249095511436465,19.74926902055741,20.111832046508795,23.22213680744171,17.512408053874964,21.712221240997316,19.859348225593568,19.67860054969788,19.899195766448976,20.478347849845896,19.714964914321904,20.976183390617372,27.56921610832215,19.368035507202155,19.34472553730012,20.28241063356399,18.92178459167481,21.15247068405152,18.477877819538115,19.33416734933854,19.627755224704742,18.129066914319992,17.46115307807923,19.615961790084835,20.04975959062577,18.804782450199127,20.486148095130922,20.469281077384956,20.690395903587344,19.780243468284606,18.903389620780946,20.15243629217148,17.838649868965156,18.658622658252725,18.707353007793433,20.378389394283303,20.56029055118561,21.635451722145085,19.283221495151533,22.450877642631532,20.154331207275394,18.467512226104738,19.047257304191596,23.719794464111335,18.862006282806398,20.062381780147554,21.409982061386113,20.27338476181031,18.71380212306977,17.391217756271367,19.3022569179535,21.911406731605535,19.66757047176362,20.37381601333619,20.20876460075379,20.145650982856743,19.436519384384166,20.707963013648985,21.067291843891148,21.67143726348878,19.437212920188905,19.90577323436738,19.398905837535853,20.18914740085602,20.349244713783257,19.54519979953767,20.297337806224828,20.266721534729005,19.37842199802399,18.556104791164397,19.756674790382373,18.45637868642807,21.18241930007934,18.058790123462682,17.158788895606996,24.759829735755915,21.88834381103516,18.831468796730046,20.10823936462402,20.553116106987005,19.620971012115483,21.017453169822694,19.656478905677798,19.908005678653723,18.788201749324795,20.283425116539007,19.30240342617035,19.767149233818046,19.2121821641922,20.00697622299195,20.55595166683197,19.7901211977005,18.319977283477776,18.761171913146978,18.31334283351898,19.54632327556609,21.627239251136782,20.501542448997494,18.34554085731505,20.263707625865937,20.119011902809145,19.49733911752701,21.19617133140564,19.457112979888915,17.441207897663123,20.772737216949466,18.6085822224617,21.43529365062715,17.806780803203594,18.753984379768372,17.60658904314041,21.897134447097784,18.80623583793641,20.357522833347325,19.73549528121949,20.669278073310863,20.457243013381962,18.96745285987855,21.182043647766108,21.510526371002193,20.72341816425324,20.179163503646855,20.47156004905701,22.786113858222965,18.20393745899201,17.8853182554245
2077,17.135747396945952,18.441753602027894,19.822557687759407,20.061897349357608,19.152756619453424,20.283269822597504,19.79606349468232,18.03353245258332,18.262453675270077,18.732280600070958,17.82609667778015,18.928022122383116,18.717562007904053,18.18114032745362,19.717471837997444,20.221346187591557,18.227260875701894,17.87127012014389,18.833709216117864,17.269364964962012,18.84670007228852,16.745997691154486,20.828905129432684,18.618181228637702,19.535980200767522,20.65476455688477,16.793003654479982,19.62472229003907,18.696145701408394,18.838148140907286,20.33957099914551,19.282610130310054,18.657606887817384,19.168789398670196,17.659977507591247,17.459922611713406,18.755666077137,20.537815928459175,17.516705417633055,18.95674580335617,18.680682015419016,19.19659453630447,19.10898522138596,18.646558010578154,19.527450585365294,15.681383061409003,19.71185398101806,19.216636919975276,19.052957057952877,18.482497823238372,19.48220508098602,18.36153067350388,20.036159539222723,22.389721274375916,18.727888369560247,17.948684096336365,19.55747625827789,17.69613873958588,19.65148396492005,16.838922572135935,18.475814604759215,17.765686500072484,17.51676149368286,16.686601877212517,18.4670767903328,19.37672028541565,18.144329941272737,19.5901610136032,18.561029171943677,19.604389619827284,18.838075280189514,17.447570455074306,19.390127265453337,17.33780767917633,17.79343383312225,18.096715128421778,19.64852747917175,19.718300724029554,19.06524407863617,18.72868392467499,20.162062191963194,18.5891214132309,17.906021225452417,17.578239190578465,19.779361486434944,18.225946533679966,19.38370172977448,19.137981760501862,19.58169218301773,18.175398230552677,16.91657569408416,18.55575028657913,20.450367903709406,19.010712289810186,19.468546533584597,18.49831982851029,19.286438822746284,17.99533393383026,19.82214233875275,20.23630219697953,20.17838208675385,18.540522336959846,18.475082302093508,18.608654236793523,18.82617238759995,19.336326396465303,18.247577321529388,19.59654821157456,18.77823045253754,17.961866378784176,17.400015103816987,18.97144759893418,17.856049191951755,19.331398844718933,16.5644687652588,15.861727201938631,20.877203989028935,19.80616662502289,18.25648612976074,19.248757529258736,19.46374342441559,18.83430013656616,19.395373415946967,18.36722767353057,19.17977184057236,18.033715724945072,18.932430887222296,18.709887218475338,19.171933174133294,18.166232872009275,19.03270258903504,19.84663093090058,18.92398543357849,17.70441020727157,18.168919861316688,17.40986671447754,18.90840893983841,19.60923163890839,18.852539587020875,17.79511668682099,19.559689140319826,19.42390438318253,18.862916028499605,20.211315202713017,18.83820210695267,15.902157521247869,19.818398523330686,17.98306604623795,20.525392103195195,17.19114557504654,17.508636271953584,17.073382639884947,20.169221544265742,17.899496662616734,19.60466570854188,19.02363109588623,19.90161993503572,19.051237654685988,17.480599272251133,20.26349303722382,19.476771926879884,19.665582716465,18.938335227966302,19.682532858848575,20.469917678833006,16.546447849273683,17.228998494148264
2078,15.941833245754239,17.118008494377136,18.88491566181184,19.772617387771607,17.660514640808113,19.083725023269654,18.189834308624263,16.351243257522583,16.881858229637153,16.989618402719504,14.740702545642852,17.889591681957246,17.86959488391877,16.052981925010677,17.9573582649231,18.507428216934205,17.17571572065352,16.944866561889643,17.740332829952244,15.422343206405642,17.32772728204727,15.785056138038632,19.734915065765392,17.794979023933408,18.740318250656127,19.021208119392398,15.131196027994159,18.68860654830933,18.04261116981506,17.75045336484909,20.07738509178162,18.00390920639038,17.132672858238216,18.021632146835326,14.859939414262769,15.88710926771164,17.192054939270015,18.58910356760025,16.433749175071714,17.888258528709407,17.473752522468565,17.540457808971404,17.998486101627346,16.967335522174835,19.180591082572935,13.708874300122257,18.849011349678044,18.14765887260437,17.94311219453812,15.297220909595495,17.730489122867585,15.131800436973581,18.45611736774445,22.08062564134598,17.869367074966434,15.645398545265198,18.591151309013373,14.781849873065942,18.528736710548408,15.072943857312202,17.12049767971039,15.858425262570378,16.114828264713296,14.877611911296844,15.693963426351553,18.197314584255224,17.047070932388312,18.073900961875914,17.74126768112182,18.047586667537693,17.548248684406293,15.78936343193054,18.147550666332243,16.45074803829194,16.342449450492857,16.763830041885377,18.532110786437993,18.569365262985233,16.186751711368565,17.73823581933976,19.0223290681839,16.833295518159872,16.79967701435089,15.892911714315423,19.389255428314215,17.098456203937538,18.195406579971326,16.966774737834932,18.369887948036194,17.210315990447988,16.073182606697095,17.562886142730715,18.503295683860767,18.15505471229553,17.899367010593416,16.55642936229706,17.831156313419335,16.356664574146276,18.38339567184449,19.127157413959512,19.194568657875067,16.982100951671605,16.839748424291614,17.441616487503058,17.260151320695883,17.58879263401031,15.192552113533022,18.354028546810145,17.083728700876236,16.357315403223033,14.621431541442874,17.930610239505768,16.46044642925263,18.47100086212158,14.904605549573898,13.340758222341531,20.651388192176825,18.893030309677123,17.455541229248055,17.84075791835785,17.560571813583376,17.617765486240387,18.37990717887879,15.407670760154726,18.22692929506302,16.936898314952845,17.30956298112869,17.466342639923095,18.101931524276743,16.223001956939704,17.706163847446447,18.880676126480104,17.416176366806035,16.30598349571228,16.886331689357757,15.868294370174407,17.790443909168246,18.740490484237682,18.246001005172726,16.852697229385388,18.646405005455023,18.21631798744202,17.727283775806423,18.46961234807968,17.481648290157324,13.97038858532905,18.312958467006695,16.57623884677887,18.84638884067537,15.776607012748721,15.256866866350183,16.187109220027917,19.061682724952696,16.306995475292208,18.61212089061737,18.085959410667414,18.57616842985154,17.41627394556999,15.79069983363151,18.654749667644502,18.4328370332718,17.784891331195837,17.52542643547058,18.629216504096984,19.39609262943268,14.839304995536807,15.853682541847235
2079,18.67702889442444,20.268778491020203,21.724140787124632,21.618949985504155,20.63340128660203,22.47440861463548,21.258662247657774,19.466315925121314,20.009509015083317,20.23784416913987,18.522051316499706,20.91081423759461,20.58318433761598,19.650550925731658,21.275738561153418,21.632655560970306,20.21293203830719,19.67525811195373,20.864604616165167,18.72621235847473,20.312561786174783,18.645142626762397,22.551899480819706,20.45125734806061,21.42070996761323,21.44902970790863,18.23394889831544,21.43982691764832,20.450083565711985,20.85160086154938,21.83440880775451,20.597895717620847,20.03745670318604,21.30825242996216,18.30614415407181,18.977909553050992,20.296868097782134,21.722886419296277,19.333721232414252,20.984007477760322,20.396113586425788,20.767396843433385,20.979657936096192,20.019084298610693,22.19575340747834,17.504646775126453,21.58313431739808,20.942340230941767,21.061175513267525,19.350901806354525,21.067987489700318,19.13920004367829,21.40511605739593,24.616814970970154,20.52876958847046,19.048449683189396,21.523732733726508,18.288022506237034,21.635838139057164,18.43719998598099,20.10774056911469,19.558310711383818,19.233081901073458,18.12168122529984,19.072769868373875,21.449371480941775,20.228304243087774,20.955668234825133,20.650393772125238,21.08538737297058,20.56554417610169,18.916770935058594,21.81029038429262,19.08693385124207,19.320331585407256,19.755766701698303,21.761350870132453,21.685423529148107,19.079192209243775,20.655987453460693,22.230620634555823,20.129996216297155,19.614951777458195,18.941675364971168,22.602013301849365,20.15344126224517,21.48145635128021,20.60904985666275,21.721495485305788,19.958661198616035,18.61210803985597,20.40659717321396,21.752460336685186,20.913862752914433,20.95114444494248,20.272800612449647,20.674401164054864,19.45689911842346,21.107236671447755,22.244633591175077,21.9811892747879,19.928956973552708,19.975714981555935,20.210779476165776,20.2879485487938,20.902437007427213,18.97443910837173,21.745184516906736,20.216698777675624,19.41818665266037,18.041106605529787,20.872559320926673,19.614433288574222,21.029365158081063,18.041104900836938,16.829513704776765,22.55920388698578,21.795375728607187,19.963915133476267,20.61023921966553,21.15002747774123,20.748619484901432,21.27951093912125,19.07940015792847,21.036068534851076,19.75283573865891,20.31766121387482,20.43364951610565,21.10201244354248,19.395999944210054,20.669265961647035,21.485785317420962,20.292587673664094,19.423984313011168,19.794664239883428,18.939133846759795,20.8992072582245,21.549603867530823,20.628370261192323,19.713467121124275,21.487152528762827,21.516499114036566,20.896367502212524,21.58165985345841,20.61408891677857,17.343455034494404,21.267399609088905,19.747368335723873,21.85465562343598,18.916478586196906,18.493022656440736,18.926170730590826,21.601158285140997,19.376353883743292,21.607437217235578,21.02994031906129,22.15872713327409,20.513577818870537,18.922621989250185,21.650748884677892,20.917990255355836,21.18256088495255,20.333292603492744,21.582242536544804,22.572275769710558,18.16067118644714,18.967938518524168
2080,15.359594655036933,16.322436141967778,17.832434320449824,18.60184166431428,16.71344777345658,18.65860711336136,17.16436474323273,15.366892194747924,16.11446956396103,15.87005648612976,14.512604212760928,17.02561931610107,16.89671299457551,15.294231867790222,16.905806386470793,17.39885243177414,16.383540165424346,16.20706708431245,16.844725191593163,14.732195842266085,16.347100973129276,15.177276706695555,18.518867278099055,16.84043929576873,18.210948967933653,18.22412195205689,14.05529391765594,17.629385590553294,17.71109669208527,16.831578314304345,18.95065155029298,17.16887512207031,16.178627312183387,17.12586168050766,14.68369216918945,14.918051171302796,16.160803186893464,17.490671157836907,15.79352777004242,17.005132937431334,16.35274410247803,16.461602377891545,17.07269798517228,15.919719183444979,19.992772245407117,12.354271769523622,18.451270627975468,17.252797365188602,17.056207895278924,15.098112714290622,16.587414717674253,14.933349204063418,17.44674508571625,20.493037915229788,16.94666714668274,15.013419973850251,17.514594495296485,14.57024490833282,17.66765716075897,13.88850829005241,16.012628161907198,14.540722286701214,15.32400475740433,14.210172474384308,15.522831714153293,17.273487067222597,16.26283954381942,17.071066093444834,17.522421240806587,17.032847046852105,16.566356182098392,14.725170648097995,17.177398765087137,15.790124320983887,15.31704925298692,16.050912618637092,17.519252943992615,17.279011714458463,16.717633891105653,16.902532315254213,18.60664657354355,15.684705471992498,16.149069285392756,14.841131889820101,20.270760774612434,16.169496262073512,17.28292179107667,16.0093429684639,17.4289191365242,16.48590435981751,15.431079244613647,16.399407660961153,17.450414741039282,17.192005443573002,16.884945428371427,15.251281464099884,16.923302912712103,15.329549634456635,17.417709827423096,17.868609273433673,18.49467177391053,15.960664558410642,15.80528794527054,16.393266165256502,16.2158852338791,16.508781445026393,14.964572978019714,17.39196391105652,15.983171439170842,15.293422973155984,14.365866208076469,16.70351247787476,15.674346590042116,18.118177795410165,13.804588782787329,12.863000798225409,19.439372658729557,18.50378649234772,16.59955089092255,16.948710465431212,16.41774563789368,16.682193374633783,17.524083805084224,15.18159973621369,17.102016699314117,15.821086907386785,16.339246428012853,16.724382495880135,17.2382788181305,15.535312938690183,16.780824291706082,17.798644161224367,16.408894407749177,15.525896215438845,16.20157169103623,14.894962668418888,16.88308907747269,18.36257548332215,17.898516750335695,16.12335879802705,17.619815516471867,17.268389892578124,16.791342186927793,17.395240712165823,16.73865147829056,12.944242066144943,17.347696042060857,15.798657035827645,17.796299099922177,14.965189945697784,14.723195302486426,15.50632677078247,18.039067220687862,15.294503188133245,17.491395664215084,17.048594331741327,17.550008988380437,16.39331786632538,14.698180937767024,17.617112398147583,17.368671178817753,16.64761126041413,16.521992373466496,17.428720760345463,18.977229261398314,13.703835201263434,15.207253849506378
2081,15.462524652481088,16.552044200897218,18.34200026988983,20.35447115898133,17.867373502254488,19.901772296428692,18.46727414131164,16.263260376453406,16.298426985740665,16.844993722438808,16.490841555595406,17.39990594387055,17.351418066024785,16.309916198253624,18.236827778816224,18.77128722667694,16.73128504753113,16.51544909477233,17.24507571458817,15.41895885467529,17.594731581211096,15.739443516731265,20.179248595237738,17.278834390640256,19.101988148689266,19.2505773305893,14.952010011672986,18.15576782226563,18.675570940971387,17.24192501306534,20.695990896224977,18.133962917327885,17.370539772510536,17.52308990955352,16.534604763984692,16.170773601531987,17.008439970016486,18.819630599021917,15.988773512840263,17.40470094680786,17.167440402507786,17.78863031864166,17.48786845207215,16.813427138328557,20.809058332443236,13.451306521892553,19.56315360069275,17.68209280967713,17.416162729263306,16.976497936248787,18.05772335529328,16.84960718154907,18.7133225440979,22.89704532623292,17.395823788642886,16.33858263492585,18.029080188274396,16.448129463195805,18.525451886653904,14.842481172084813,16.972838616371156,15.544481956958771,15.512039685249324,14.835087990760812,17.307882666587844,17.67830433845521,16.601207578182226,18.33280255794525,18.47728116512299,18.181070137023926,17.173111319541935,15.63571404218674,17.637636184692376,16.040389943122864,16.397639775276183,16.194805097579952,17.99978315830231,17.86579960584641,17.912509870529185,17.294047570228578,19.810538506507868,16.624080932140362,16.345302414894103,15.721872639656066,21.10621469020844,16.565659105777748,17.645486259460455,17.028032433986667,17.81315321922303,16.755268812179562,15.675877070426932,16.94267649650574,18.82348575592041,17.648267865180976,18.1658032655716,16.381059384346013,18.023854875564577,16.22670422792435,18.617334532737736,18.446012759208685,19.316755843162536,17.220337188243867,16.707840692996978,17.20626658201218,17.069049096107488,17.86303522586822,16.84661250114441,17.786577105522156,16.888187062740332,16.208712863922123,16.0992690205574,17.27531350851059,15.874550271034249,19.08512642383576,14.719563722610474,14.444026136398318,21.30017657279969,19.61400032043457,17.01816847324372,18.02783761024475,17.847324752807623,17.18228585720062,18.490947926044463,16.959569287300116,17.629029631614685,16.477923297882093,17.25649304389953,16.910934472084044,17.61737061738968,16.580950212478648,17.40061507225037,18.277486777305597,17.67926785945892,15.700080585479743,16.34421925544739,16.163795340061192,17.256468236446374,19.440717554092398,18.9066104888916,16.433992218971255,18.110507297515866,17.645903432369234,17.19173821210861,18.710401523113248,16.90170748233796,14.047862565517423,18.536731195449832,15.979455685615534,19.076553010940565,15.166276299953463,16.152568030357372,15.79608521461488,19.401556777954102,16.573300671577453,17.999693310260774,17.53165332078934,18.000180196762084,17.28406164646149,15.583346998691558,18.90514379739761,18.83260011672974,18.102535116672513,17.818578147888186,17.985954272747037,20.174778985977174,14.581092679500582,15.308738541603086
2082,16.33200860023498,17.31428065299988,17.83250737190247,19.673923468589784,17.51469630002976,18.935242676734923,18.005336976051332,16.5548541545868,17.325912082195288,17.160931098461152,16.760211718082438,17.33666874170304,16.85172654390335,16.67278187274933,17.855390357971196,18.347189748287203,16.644772851467135,16.45223180055619,17.164338254928587,16.26755464076997,17.133156371116645,15.874490749835974,19.59287755489349,16.79248540401459,18.346759200096134,19.424867844581605,15.29927250146866,17.66047973632813,17.853701138496394,17.19375898838043,19.942966842651366,17.855422782897953,16.97363111972809,17.45418206453324,16.67964342236518,15.688914239406586,17.263494229316716,18.849649679660796,16.354346013069158,17.331235408782966,16.692801785469054,17.409462690353394,17.418917691707613,17.159381270408637,19.997739124298107,13.901525681372727,18.668461632728572,17.58734586238861,17.363324213027955,17.4170569896698,17.56600615978241,17.291665029525767,18.30765249729157,21.945760846138004,16.86390094757082,16.75151275396347,17.559292197227478,16.6901150226593,17.850763189792637,15.254431211948397,16.542664301395426,16.069593048095708,16.5501371383667,15.708188307285308,17.50034172534943,17.62143286466599,16.536813986301425,17.914348304271705,17.723068761825566,17.959756457805632,17.27665174007416,15.944026756286629,17.390333825349813,15.99262621402741,15.95550622940064,17.19146846532822,17.687514674663543,17.352930319309237,18.022692203521732,17.206964921951293,18.89258505105973,17.037019002437596,16.798803508281715,16.087174236774455,20.344428968429572,16.593079602718365,17.620623946189887,17.558835387229923,17.773792898654932,16.724846673011786,15.624810445308679,16.464857864379887,18.62582951784134,17.13398661613465,17.714895534515385,16.727640706300747,17.704000151157388,16.51740636825562,18.233944177627567,17.9192222237587,18.662891983985904,16.82858321666717,16.979892003536225,16.70601842403412,17.33520869016648,17.461742365360266,17.21295721530915,17.749230682849895,17.26725835800172,16.48633266687393,16.404325419664385,16.804392671585095,16.887642264366157,18.375242888927453,15.06076466441154,14.66439465284348,20.5374320268631,18.72742347717285,16.513594675064084,17.69999002218246,17.43029754161835,17.202482199668886,17.833286499977113,17.37912402153016,17.127106153965006,16.010346698760987,17.439356660842897,17.66025000810624,17.543873453140257,16.968358302116396,17.507610940933223,17.876724791526794,17.25379756689072,16.74990786910057,17.295477759838107,15.686997914314276,17.210114371776587,18.567148470878603,18.02967610359192,16.37036261558534,17.576795673370363,17.63199698925019,17.150636553764343,18.33745596408845,17.911130046844487,14.410656315088271,18.16596165895462,17.02799443006516,18.717650103569028,16.213356566429137,16.322558069229125,15.726362895965575,18.92009234428406,16.13320899009705,17.48914014101028,16.992264938354495,17.949678868055347,17.575941741466522,15.971547544002533,18.486522674560554,18.30032758712769,17.662767469882965,17.38796523809433,17.49110308885574,19.239365386962895,15.02935513257981,16.330463910102843
2083,17.76209425926209,19.075103366374965,19.47485777139664,20.651975440979005,18.284793949127202,21.235176742076877,18.73485565185547,17.65004988908769,19.00076198577881,18.236926376819618,17.616422116756446,19.163931727409366,18.395268011093144,17.741772055625923,18.570648658275616,19.066071200370793,18.503614795207984,18.05636483430863,19.097883880138397,17.79601514339447,17.885799121856685,17.42538006305695,20.55760700702668,18.296934568882,20.04303684234619,20.01657576560974,16.387079715728767,19.315526568889616,19.488027358055113,19.06905128955841,20.98314185142517,18.43799500465393,17.763825619220732,19.45270748138428,17.561469244956974,16.517803132534027,18.432230448722837,19.546770930290222,17.85420916080475,19.200333821773533,18.127143573760993,18.228733932971963,19.29826800823212,18.21818146705628,22.02324051856996,15.17917146086693,20.518412899971015,19.34431453943253,19.306815016269685,18.212891745567326,18.334958696365362,18.107261157035826,19.00831845998765,23.282061862945554,18.355732047557844,17.60451583862304,19.299766063690193,17.530538535118108,19.83046963214874,16.39106905460357,17.760408437252043,17.233533895015718,18.23698172569275,17.215222644805912,18.370659518241887,19.66811776161194,18.411036598682408,18.628631734848028,19.48384466171264,18.825022041797638,18.804489839077,17.05134670734406,19.664143502712253,17.482810616493232,16.958752775192266,18.798303508758554,19.659123277664186,19.26036720275878,18.89890656471253,18.928225910663606,21.040515804290784,18.138511180877682,18.330104446411134,17.159164106845846,22.429388451576237,18.4812789440155,19.62333549261094,18.60852739810944,19.848332393169407,18.340175175666815,17.075829577445987,18.21386865377426,19.31313569545746,18.67447962760925,18.444408738613124,17.863869130611427,18.329706501960754,17.606478238105776,18.912914705276492,19.804299163818364,20.47935172319412,17.56227239370346,18.090684509277345,18.001666736602793,18.488545310497287,18.22710746526719,18.019319558143614,19.85602437257766,18.331424009799957,17.584863364696503,17.34440222978592,18.592617130279542,18.587478840351114,20.039808845520017,16.161014091968543,15.61312729120255,21.579589939117433,20.68618226051331,17.906248700618747,18.34951362609864,18.20549769401551,18.959172451496123,19.586327874660505,18.102836275100707,18.799017179012306,17.516910219192503,18.48342714309693,19.29537663459778,19.43925559520722,18.228399455547333,18.97907828092575,19.468729937076578,17.95932785272599,18.444276642799373,18.8447900056839,16.499976527690883,19.13408784866334,20.473180627822874,19.661652302742006,18.00519299507141,19.20406264066697,19.651929497718807,19.102192366123198,19.04457793235779,19.59032225608825,15.500303781032562,18.904985988140112,18.720624136924748,19.401544332504272,17.920940351486216,17.30569379329682,17.286726129055022,19.699019289016725,16.923039031028747,19.215399587154394,18.65473016500473,20.218407869338996,18.6535230755806,17.05778546333313,19.181295573711402,19.143282055854794,18.41945562362671,18.148949885368346,19.280771648883817,21.395160079002395,16.06767882108688,17.960183680057526
2084,19.461875438690193,20.936173295974733,21.889579248428337,24.119301843643196,21.129349350929267,23.899281239509584,21.860303664207468,20.29213917255402,20.772780561447156,21.11342160701752,21.77610700130463,21.251288008689876,20.715479826927197,21.838254308700563,21.927304124832155,22.333445072174072,20.609067654609674,19.976433038711548,21.178042960166938,20.060913658142095,20.846350121498116,19.771896171569843,24.204854607582096,20.607738709449762,22.146394968032837,23.697210264205935,19.127625274658207,21.74165682792664,21.27737228870392,21.20893408060074,24.261469745635985,21.138104033470153,20.610998177528383,21.722718048095697,21.23546373844147,19.448046875,21.0868807554245,23.794200873374947,19.940861558914186,21.32114057540894,20.762765622138982,21.41136424541472,21.354102754592894,20.88604092597962,23.568206548690796,18.69226603507995,22.742188358306887,21.300972032546998,21.449835467338573,22.605004119873055,21.71916384696961,22.439271712303167,22.00400195121765,28.1025351524353,20.75916218757629,21.087126374244693,21.76870342493057,21.31246507167817,22.448091030120843,19.452718436717994,20.531734001636515,20.734611880779266,20.00664719343186,19.453556263446806,21.8776887178421,21.85865614414215,20.65624930858612,21.49494178295136,21.64599039554596,21.72452828884125,21.146440696716308,19.786865758895875,22.186844325065618,19.42168629169464,19.76848206520081,20.54939011335373,22.099525558948507,22.10927617549897,23.43594760894775,20.954552197456373,23.542485833168037,21.06223564147951,20.205829048156733,19.822288942337046,24.02339587211609,20.60276435613632,21.942686843872067,22.744109058380133,22.1818850517273,20.32394261360169,18.903822422027595,20.689255547523498,23.250738549232487,21.034070467948915,21.510473203659053,21.324874114990244,21.23213233947754,20.286626005172725,21.6378604888916,22.612763428688048,22.799111819267274,20.46129133701324,20.820306682586683,20.600040948390962,21.130682492256174,21.520938563346867,22.10607538223266,22.227389430999747,21.11390111446381,20.295916819572447,20.805967116355898,21.17970327138901,20.34024640321732,22.069522738456726,18.958774900436403,19.210854244232184,25.19525475502013,22.912453603744506,20.143265938758855,21.134312796592717,21.888198876380926,21.173941779136662,22.17225675582887,22.13781533241272,21.258910822868344,20.078360927104942,21.113602185249327,21.10279107093812,21.422428727149956,20.918075323104862,21.216185402870178,21.81339364051819,20.82650818824768,20.207928454875947,20.579853558540343,19.386408448219306,21.334802079200745,22.63269033432007,21.409369134902953,20.0228981256485,21.6560397386551,22.007621121406558,21.314811468124397,22.282354784011847,21.352046895027165,18.67990884780884,21.813877081871034,20.525430059432985,22.497748017311096,19.672731447219856,20.496025729179376,19.25936100482941,22.733910250663754,19.879380941391,21.810537469387064,21.223203206062315,22.676220107078564,21.334706473350526,19.833077621459967,22.264526176452634,22.290837740898134,21.8992879152298,21.115139007568352,21.900889706611643,23.89913661479951,19.209739017486566,19.847724008560178
2085,16.703211832046513,17.864726650714882,18.6133764743805,20.050293946266173,18.420582079887392,19.5124163866043,19.046438026428227,17.264507126808173,17.775857996940616,17.951141703128823,16.894816124439238,18.06895508766175,17.60354926586151,17.275449800491334,18.931502795219426,19.42408432960511,17.40425984859467,17.085854601860046,17.936880803108217,16.668353855609894,18.148938763141636,16.346897721290595,20.38429434299469,17.524382054805763,18.885825061798098,20.016681265830993,16.02761775255204,18.45354753732682,18.25561656951904,17.939877152442936,20.348417782783518,18.658754706382748,17.942254579067235,18.257902085781108,16.835323917865754,16.696599233150483,17.97854013442993,19.74235475063325,16.862492537498476,18.07444809675217,17.57177165746689,18.437271714210503,18.13403546810151,17.90221813917161,20.62354784011842,14.767781846225265,19.13260140419007,18.27942023277283,18.141098463535318,17.491718268394468,18.680797791481023,17.330762505531307,19.302957248687743,22.47635767459869,17.587897217273724,17.10827656984329,18.37545038461685,16.827513742446904,18.58774286508561,16.0424298465252,17.47066577672959,16.9170811533928,17.035080075263988,16.09712799787522,17.638125872611997,18.420790755748744,17.289112079143525,18.88472199440003,18.12417802810669,18.88776037693024,18.001057183742525,16.68222728967667,18.359302735328672,16.577598237991335,16.90676393508911,17.611633777618405,18.547871744632733,18.25461023449897,17.629535865783687,17.89164861440658,19.44662524461747,17.80388313531876,17.292178273200985,16.813888001441956,20.91960055828095,17.31579631567002,18.412559866905212,18.21479707956314,18.60057499408722,17.35753062963486,16.18990553617477,17.26132477521897,19.646420538425446,17.881362414360048,18.736599695682525,17.63231990337372,18.609877109527595,17.22700695991516,19.143397045135504,18.83300871849061,19.299096560478212,17.810668337345124,17.711963498592375,17.573022747039794,18.058422958850862,18.520079755783083,17.28531439304352,18.58717405796051,18.01928226947785,17.211976277828224,16.548941600322724,17.660480237007143,17.378150117397308,18.79548721313478,15.80137166976929,15.015311312675479,20.929040861129753,19.23030946254731,17.181883084774018,18.5636598110199,18.594968593120576,17.957729172706603,18.528976023197174,17.43715831041336,17.932077383995058,16.850069522857673,18.1778240442276,18.145578718185423,18.274835312366488,17.43275016546249,18.2105268239975,18.639082980155948,18.21889932155609,17.225824344158177,17.704325151443484,16.68652104139328,17.974961698055274,19.047500705718996,18.447232317924506,17.010475635528568,18.372848427295686,18.431432592868806,17.926384723186498,19.410229384899147,18.371627557277673,15.08603868484497,19.10113964080811,17.494532918930062,19.749955201148985,16.711473155021665,16.732632422447207,16.347847974300386,19.676320695877074,17.142668604850765,18.334190034866328,17.80352541208267,18.84666242599488,18.280272281169903,16.70281034708023,19.510751175880433,19.04667423963548,18.81513357162476,18.300910580158227,18.361145162582396,19.778762710094448,15.758919095993047,16.763068187236797
2086,16.805260682106013,17.91805433034897,18.099384868144995,19.74045658111572,18.289905023574832,18.777912801504133,18.89191170930862,17.843729734420776,17.83156393766403,18.475394868850703,18.02395520210267,18.114476573467254,17.11321650743485,18.129348444938653,18.76857690811157,19.270454716682437,17.424121093750006,17.14553241729737,17.97338860034943,16.991501164436347,17.95910912752152,16.23243565559388,20.128915894031525,17.047271192073826,18.335333669185637,20.365123033523567,16.61590197682381,17.922905480861658,17.760538220405586,17.998686170577997,19.987251162528988,18.5550360441208,17.85016367435456,18.29331178665161,17.879412949085243,16.51542220711708,18.495175993442537,20.00208138227463,16.989894652366637,18.128574919700625,17.141493833065027,18.388127231597906,18.18993266820908,18.477320885658276,19.441686511039737,15.53416290730238,18.59591567516327,18.326401019096377,18.177988243103027,18.664141607284556,18.50589576959611,18.54317271709442,19.165313673019412,22.005371093750007,17.158266973495483,18.002978920936584,17.96432168483734,17.909204757213598,17.95136874914169,16.711387449502954,17.107910841703422,17.67674851417542,17.06987672448158,16.41033025383949,18.685781061649323,18.47209883928299,17.319934308528893,18.734820544719696,17.603682112693797,18.960850751399995,18.25886327028275,17.253332674503326,18.187082546949387,16.668494105339054,16.63267759680749,17.690214967727663,18.306301426887522,17.66871371269226,19.014056873321543,17.95239914655686,18.75458469390869,18.426321315765385,17.39498010873795,17.391594207286836,19.7182569026947,17.386230134963988,18.482933235168463,19.040352380275724,18.653688645362855,17.450513184070594,16.265274405479424,16.708768898248678,19.689554309844972,17.41819301843643,18.56041998863221,18.227523374557503,18.485252118110658,17.807248508930208,18.996745109558113,18.23675966262818,18.713541090488437,17.62642193436623,18.266180193424233,17.22707975506784,18.560222291946417,18.3522969841957,18.44003558158875,18.63703753948212,18.605047786235815,17.77067731618881,17.566816043853766,17.08512486815453,17.418330192565925,18.2775255560875,16.410352659225463,15.934684622287762,20.573617267608654,18.595395970344548,16.787568676471707,18.459249770641318,18.429244792461397,18.112152910232545,17.948691713809968,18.550559544563296,17.41223015785218,16.387926381826404,18.66739695072174,18.21569247245789,18.33613646030426,17.993098080158223,18.52211694717407,18.139219141006468,18.051124501228333,17.259629178047188,17.785955262184157,16.490999114513404,18.03945990800858,18.440467703342435,17.94116792678833,17.072112655639664,17.876519012451173,18.497402501106265,17.98047330379486,19.25052177906036,18.425455880165096,15.826817917823792,18.98022623062134,17.54181214570999,19.60283166170121,16.741300630569462,17.558434081077575,16.403201103210456,19.4841145992279,16.95637304186821,17.788728272914884,17.296859586238863,18.8851065337658,18.85151076316833,17.303410303592678,19.353189933300023,18.80150040388107,18.634307259321215,18.10605565309524,17.787198340892804,19.09396839141845,16.451809728145598,16.83792216777802
2087,16.23391739130021,17.301549983024593,18.461297023296357,19.679856824874882,17.961642813682555,18.43058384656907,18.549627447128294,17.211063426733027,17.156663525104527,17.796614873409276,17.28415695428849,17.75721765756608,17.473412966728212,17.572770798206328,18.357311248779304,18.876968181133265,17.09937534332276,16.855440855026245,17.609499377012252,16.27559836506844,17.66415575742722,16.03227128982544,19.89664206504822,17.392982995510113,18.278967905044563,19.916648364067076,15.95025646090508,18.244901543855672,17.63195509910584,17.612226194143297,19.98987827301026,18.25384051799774,17.52944452762604,17.916488182544718,17.228750276565563,16.227716022729876,17.890683209896086,19.43995807170868,16.544415855407713,17.75573650598526,17.286853623390197,17.97089982032776,17.850457847118385,17.810825848579412,19.472732639312746,14.653806382976475,18.369056248664855,18.02723100185395,17.836536401510244,17.91179727315903,18.085307717323303,17.755450010299683,18.801119840145113,21.981213545799257,17.494357144832613,17.280534768104562,18.180961942672734,17.206526303291323,17.963591498136523,15.949889737367632,17.095439696311956,16.818249404430397,16.388806504011153,15.693531328439715,18.023806965351106,18.07875992059708,17.013316953182215,18.392201209068304,17.647252845764164,18.537534630298616,17.770574188232423,16.605449557304382,18.01746338009834,16.39769191741943,16.490555804967876,17.056652343273168,18.266430097818375,18.057832616567616,19.04181780815124,17.604811680316928,18.38660088777542,17.696100783348086,16.93367334604264,16.738905596733087,19.70223791599274,16.97967174649239,18.09568502306938,18.391278934478763,18.26662490963936,17.138268578052525,16.019717717170714,17.07957821190357,19.184110271930695,17.7658686876297,18.231877791881566,17.435793000459675,18.143117392063143,17.176621377468116,18.67708532810211,18.629898351430892,18.683506834506982,17.300822383165354,17.646117639541618,17.29491841793061,17.95269701480866,17.949282509088512,17.682251322269444,18.2455878674984,17.91636157035828,17.14460218548775,16.866542410850524,17.442031750082975,16.73408421278,17.992693090438838,15.719698804616934,15.26427089571953,20.559377050399785,18.35342993736267,17.11526421308517,18.130438601970667,17.975591254234313,17.68672993779183,17.93036721944809,17.815969812870026,17.75980892181397,16.605172637104992,18.080618858337395,17.641715538501746,17.971621978282922,17.371811890602118,18.033685982227336,18.4687590122223,17.72411276102066,16.58810698390006,17.16109813451767,16.197298187017434,17.657531207799906,18.234037232398986,17.83458731174469,16.779923725128175,18.220126134157187,18.09814698100089,17.58724598288536,18.858097398281103,17.752805268764497,15.067730140686034,18.624904358387003,16.855509495735166,19.22314906120301,16.045144611597067,16.93293619155884,16.12664822340012,19.249201202392577,16.642693203687667,18.169641381502153,17.671783953905116,18.4500707179308,18.219610178470614,16.627659726142888,18.994399368762974,18.609077596664434,18.208416193723682,17.821698856353756,18.164780688285827,18.80216171741486,15.715074169635779,16.20596952438355
2088,16.825527215003966,17.976326429843905,18.25323351621629,20.87610857486724,17.850927817821503,19.866542971134187,18.278396785259254,16.975881862640385,17.874135285615928,17.57259061336518,17.4315368950367,18.22550940513611,17.250970983505255,17.340207648277282,18.070517206192015,18.605525314807885,17.491417741775518,17.236785578727716,18.083068323135375,16.88220961093903,17.43481950759888,16.563467192649853,20.424251842498784,17.181678116321567,18.942917513847352,19.734633207321174,15.734012460708621,18.084593617916116,18.475570774078367,18.100277709960938,21.17689390182496,18.053695344924925,17.310966920852664,18.38865786790848,17.305952966213233,16.05887928009033,17.747627031803134,19.142418885231024,17.019693541526795,18.238603436946875,17.0864473581314,17.708693671226506,18.303452515602107,17.588903236389164,21.334960460662842,14.407538036257034,19.34808480739594,18.40014671087265,18.278665554523467,18.051837480068208,17.826093149185187,17.890469825267786,18.596533775329597,23.635488748550422,17.2838602423668,17.205955994129187,18.092831766605375,17.317380338907235,18.51164096593857,15.694762909412386,16.907898616790764,16.48641383647919,17.12006721496583,16.315811356902124,18.107928216457367,18.58283659219742,17.366059255599975,18.225990486145022,18.524282979965214,18.31488605737686,17.993252909183504,16.39406986236573,18.285663366317753,16.723570299148555,16.31767466068268,17.719119799137115,18.43448878526688,17.823204135894777,19.17986657619476,18.062939047813416,19.75524230003357,17.458589124679563,17.43575439453126,16.523415279388423,21.67346413135529,17.49652729034424,18.573333632946017,18.147403693199166,18.749926495552067,17.50444960594177,16.33223470449448,16.88081165552139,18.87166862487793,17.543618285655977,18.000658988952637,17.120101648569108,17.911824297904978,16.956240749359125,18.548601865768433,18.391369676589967,19.285354959964756,17.135980391502383,17.427909862995147,17.143079292774196,17.825305652618415,17.741702711582185,17.8251857638359,18.736524677276613,17.70726613998414,16.932793402671813,17.00776460170746,17.24183684587478,17.470750588178632,19.028799533844,15.501271039247523,15.235115805268284,21.851427578926085,19.50568342208863,16.90866718292236,17.94805172681809,17.699754679203032,18.019501602649694,18.504496264457707,17.961747097969063,17.55489213466645,16.435697638988493,17.86386026144028,18.281123852729806,18.451743173599237,17.549792957305918,18.16755250692367,18.26618432998658,17.551728105545045,17.307353603839875,17.827862143516548,16.03532241582871,18.1371621966362,19.312834453582756,18.630571508407588,17.1465695142746,18.010423433780673,18.59888188838958,18.090413129329686,18.59405514001846,18.48135260343553,14.875004410743708,18.474098646640783,17.583414620161058,18.93888025283814,16.810405999422073,16.881005859374994,16.446820747852325,19.481276178359984,16.465866100788123,17.919110262393957,17.43059247732162,18.995192849636084,18.011350297927855,16.398662519454952,18.77779945135116,18.991947293281555,17.93092939853668,17.800411295890807,17.942817831039434,20.08626867532731,15.408208990097046,16.84817944765091
2089,14.893168354034424,15.874362194538126,18.318086910247807,20.407177019119267,16.875836837291722,20.12243850231171,17.27404075860977,15.053878456354136,15.642824161052701,15.621641349792483,14.553815245628357,16.691797256469727,17.30969815254211,15.181920754909513,16.99476755857468,17.561574244499216,16.082253980636608,15.881423830986027,16.542412114143378,14.46090363264084,16.456501114368436,15.19423789978028,19.5671472787857,17.247047448158263,19.054400348663336,18.901104736328133,13.75758875608444,18.18049722909928,18.573948907852166,16.529287314414983,20.77208247184754,17.228690648078917,16.231113076210033,16.794381928443904,14.742584991455079,15.028298294544223,15.8658176779747,17.97754467725754,15.349555468559277,16.68716700077058,16.828253543376917,16.53395297527313,16.831477212905884,15.615989744663239,21.70559623241424,11.986592653952538,19.481988573074343,17.057144618034364,16.720509076118468,14.997822725772867,16.748591315746307,14.88484760522842,17.61150096654892,23.031471228599553,17.288547921180722,14.820601999759678,17.891176867485047,14.629052710533136,18.673790085315705,13.5636301100254,16.408833849430085,14.148109477758407,14.886568117141726,13.894564747810364,15.574111485481263,16.968508696556093,15.925782513618472,17.269467687606813,18.633168745040887,17.009980857372284,16.29277796745301,14.442736667394636,17.035308289527904,15.43999180793762,15.564005029201502,15.578520250320427,17.583237099647526,17.947244584560398,17.316737413406372,16.574468612670902,19.99838502407075,15.389781200885782,15.718386173248287,14.534866869449615,22.109742665290835,15.873332357406616,16.89420480728149,15.859547734260563,17.051587033271794,16.126230692863466,15.10923521518707,17.000549829006196,17.775279033184063,17.592469406127933,16.998148512840267,14.956282538175582,17.003683614730843,15.028642404079438,17.627978014945988,18.489235317707067,19.434014320373542,16.14041200876236,15.515943264961242,16.745796072483067,15.932124626636513,16.650041091442116,14.956853997707373,17.020626020431518,15.69280467033387,15.029615211486819,14.400941252708439,17.36865808963776,15.226557338237765,19.202641606330868,13.509213238954548,12.7827622950077,21.36578824520111,19.672328090667726,16.89041223526001,17.04785335063935,16.517682266235354,16.378399741649627,18.540042173862464,15.128111577033996,17.62776118516922,16.29237065315247,16.08713389635086,16.267431950569154,16.93865609169006,15.37175756692886,16.481972217559814,18.341398763656628,16.59859827756882,15.084214270114904,15.729006671905523,15.030498623847961,16.53918952941894,19.466880321502686,18.716738986969002,15.790508937835696,18.072273409366606,16.885082530975343,16.478767681121823,17.53978474140168,16.240198707580568,12.66350862383843,17.511206626892086,15.331335020065316,17.94347560405732,14.534042882919312,14.639305078983318,15.220965051651012,18.69486837387085,15.444470846652987,18.002631425857537,17.47679698467254,17.222580194473274,16.091218078136443,14.398199558258057,17.761780273914336,18.221338462829596,16.787652015686042,16.87793039083481,18.03734598159791,20.305417752265935,13.3245880484581,14.69312117099762
2090,15.153906285762787,15.964606690406796,16.449223458766937,17.824214005470278,14.951393610239029,17.635543560981752,15.241989028453826,13.881660956144326,15.932097387313842,14.292777645587922,13.383036965131765,16.1688884139061,15.594934117794043,13.756126463413247,14.904250979423534,15.396438622474673,15.544081521034244,15.452077019214638,15.946537625789642,14.331734597682953,14.512705236673359,14.91031990051269,16.98436800241471,15.567644810676578,17.296751129627232,16.869967365264888,12.554682245850561,16.293196821212764,17.048870944976805,15.93545055389404,18.201367044448858,15.631411743164065,14.423877030611042,16.195604336261752,13.647742986679082,13.053711789846417,14.763821721076969,15.752463686466209,15.252680277824407,16.125993096828463,14.775895571708679,14.564559781551358,16.165813302993776,14.434145969152445,19.63264484405517,10.598590866103773,17.64628398418427,16.32286750078201,16.17599391937256,13.96250714063645,14.543694680929187,13.755521953105927,15.610806727409365,19.435196757316582,15.65219333171844,13.778912293910983,16.20029782056809,13.495362693071366,16.40522112846375,12.310367360711094,14.32547813653946,12.829009303450585,15.145463049411774,13.7905308842659,14.486882674694062,16.339888560771946,15.398108196258544,15.275777751207357,16.94904167652131,15.292815065383905,15.461648416519163,13.21062793433666,16.058335930109024,15.065414953231812,13.554898625612257,15.856345939636238,16.316787123680115,15.698032820224762,15.440114378929142,16.078795337677,17.639373028278357,14.138708084821705,15.673801231384278,13.346302115917208,19.88154344558716,15.324681270122529,16.329969763755805,14.40277655124665,16.45785285234451,15.69814078807832,14.74326937198639,14.971283292770385,15.508311760425567,15.874913883209235,14.998557382822034,13.455450376868253,15.20320417881012,13.859519475698477,15.715704870223988,16.30769070386887,17.411866378784183,14.120202702283857,14.329146254062655,14.840536880493161,14.802417820692071,14.518032938241962,13.857468366622925,16.402269434928893,14.478317183256149,13.814451235532754,13.355669605731967,15.247349107265473,15.497260046005247,17.385072636604313,12.289069506525992,11.622531455755233,18.67531282901763,17.66460304260254,15.389851772785189,15.285019505023953,14.251959151029585,15.66156206130982,16.344813227653503,14.124117839336396,15.720045197010034,14.342401105165488,14.864167886972421,16.374685740470888,16.35326713323594,14.583498466014868,15.635091972351082,16.471729838848113,14.605232304334644,15.343484508991244,16.01404852867126,13.042508310079574,15.98022315502167,17.558847045898435,17.2252765417099,15.347451519966128,16.25710080862045,16.305078160762793,15.876293730735782,15.394196367263806,16.534472239017486,11.439250001311308,15.572094106674191,15.614966213703152,15.85490316152573,14.7876092672348,13.510560500621803,14.787214422225954,16.584690690040595,13.406674134731293,16.034101653099064,15.624964797496792,16.494570147991183,14.94279868602753,13.179520905017858,15.71750590801239,15.96631375551224,14.523807346820831,14.809605127573013,15.958185422420504,18.03672300577164,12.201929169893273,14.976616322994236
2091,16.71590894460678,18.128616452217106,20.17685903310776,21.609954524040223,19.43960130214692,21.89046965837479,19.95356798171997,17.65049728155136,17.784344124794004,18.384646725654598,16.55851167440415,19.12272570133209,19.072098028659823,18.00227062702179,19.880578005313872,20.3338054060936,18.403773868083956,18.046109628677364,18.981983482837677,16.56113317608834,19.005874145030994,17.02656288146973,21.801831436157233,18.970125830173494,20.52194437980653,21.134291887283325,16.43570269346237,20.017250669002532,19.818148660659794,18.998731833696368,21.884515047073364,19.440627694129937,18.727532827854166,19.36679293513298,16.537469673156743,17.6823746919632,18.451642143726353,20.877746462821964,17.481705200672145,19.146725165843964,18.976255452632905,19.28604571819306,19.273736071586615,18.269110083580024,22.164257121086116,15.315361011028292,20.940038490295407,19.337730717658996,19.214529490470888,17.23874522447586,19.63817077875138,17.04178329706193,20.204507839679724,24.620597338676454,19.055292189121253,17.208579611778266,19.88551245331764,16.450988113880165,20.558262717723853,16.50148903131485,18.732824194431306,17.4359180688858,17.023170298337938,15.972273498773578,17.301647031307223,19.53250322341919,18.35346171855927,19.76929876804352,19.918737912178038,19.604774582386018,18.773945426940912,17.07976789474488,19.63087162971497,17.527759218215937,18.001469194889076,17.615857565402983,19.898912608623505,20.098236477375032,18.20541120767594,18.927229380607606,21.6481280207634,18.21216005086899,17.76526870727539,17.18858318328858,22.601482772827147,18.329611265659338,19.574174821376808,18.84928458929062,19.765357834100726,18.34996649026871,17.093666696548468,18.906922250986096,20.711424422264095,19.36594128608704,19.633152842521667,18.230539405345915,19.452858781814577,17.6400905251503,20.003296387195594,20.62587876915932,21.08202376365662,18.708663368225096,18.11541337966919,18.849606442451485,18.511700737476353,19.5307603597641,17.01218851804733,19.76187415122986,18.39724147319795,17.61410919427872,16.169460105895997,19.360290175676354,17.38788311481476,20.513452458381664,16.223050713539124,14.980432289838792,22.593188238143927,21.172725558280952,18.55468231439591,19.44752659797668,19.642583119869226,18.86754035949707,20.307182180881508,17.158886337280276,19.515364527702328,18.30711346864701,18.618723380565648,18.399810123443608,19.313700461387633,17.527989077568066,18.93163110017777,20.157409107685087,19.09380624294281,17.20485475063324,17.70727194547654,17.662056362628938,19.07277499437333,20.932432174682624,19.94605414867401,18.007238745689392,19.911434733867658,19.601483368873602,19.017190736532218,20.322954726219177,18.386074697971345,15.440343725681307,20.05738414525986,17.50021595954895,20.63180787563324,16.69548993706703,16.753113400936137,17.287276697158816,20.7572336435318,18.093053174018866,19.975640606880198,19.4021160364151,20.054304498434064,18.676720678806312,17.101967585086825,20.409659469127664,20.204542160034183,19.804960548877713,19.261574184894563,20.062694770097732,21.959712052345278,16.257333564758305,16.741468060016633
2092,14.865556025505061,15.680433928966526,16.61116321086883,19.063943910598756,16.34347937703133,17.30703221559524,16.827252221107482,15.337198722362512,15.565924572944644,15.869105672836303,14.897530782222756,16.08714927434922,15.763952350616455,15.770361149311068,16.54236670732498,17.065851211547866,15.457279968261727,15.385597562789917,15.877914702892307,14.476046478748321,16.014633011817935,14.679776096344003,18.54900900125504,15.728430128097525,17.198279297351828,18.86836738586426,14.056069201231,16.458044970035562,16.848237872123722,15.887667524814603,19.406691479682927,16.859413087368008,15.88037606477738,16.119424450397496,15.0428512096405,14.551387667655941,16.064178359508517,17.92764531373978,15.11990003585816,16.057288599014285,15.409754806756975,16.176487755775458,16.10723021030426,15.931015574932108,19.092316460609435,12.371350209414967,17.52132431268692,16.34915643930436,16.0941928267479,15.357778990268708,16.234892028570176,15.20498727560044,17.122954034805296,21.153906834125518,15.812482976913458,15.123721539974213,16.31198009252548,14.959453153610232,16.36121127605438,13.904066181182866,15.252399325370794,14.556872028112412,14.784344136714939,13.935621535778049,15.89315049648285,16.26415663957596,15.320809948444369,16.758688151836395,16.674138903617862,16.82138268947601,16.03630130290985,14.721525228023529,15.982488405704501,15.024708306789403,14.748997932672506,15.506767773628237,16.342484772205353,15.895625925064087,17.967058229446405,16.008902168273927,17.34784189462663,15.72655333280564,15.507243812084198,14.84262237548829,19.291165876388554,15.26118683815002,16.255573260784153,16.440370368957524,16.376031386852258,15.647714936733257,14.694887995719913,15.128862363100058,17.509441542625424,16.029787731170654,16.551316249370572,15.218406522274027,16.601961863040927,15.314928066730506,17.110893905162804,16.510177546739577,17.340474438667304,15.628826773166661,15.80625251531601,15.543566524982452,16.137673258781437,16.13984072804451,15.276011371612555,16.325374174118043,16.016810488700873,15.308704388141635,14.700132870674134,15.42698991298676,15.142896401882165,17.202168238163,13.81017277240753,13.08093852996826,19.972581148147583,17.393662738800053,15.54889620542527,16.618235957622527,16.024613898992545,15.926481258869174,16.518569040298463,15.456855416297909,15.886403441429147,14.763982045650485,16.27981480360031,16.116172647476198,16.289837193489074,15.473717916011816,16.30092046260834,16.65194871425629,16.086545258760456,14.981602644920347,15.689788889884948,14.528595489263541,15.908708536624905,17.30608747005463,17.059716320037847,15.282557928562166,16.40808297395706,16.23021559715271,15.812445902824397,17.050529050827034,16.19209641218185,13.007356500625614,17.00493171215058,15.239629471302035,17.466402876377117,14.439423334598544,14.92605445384979,14.721549427509308,17.946922016143798,14.94569837450982,16.211318945884706,15.812738561630251,16.400743305683136,16.398373568058027,14.696280920505524,17.286646068096154,17.37870231866837,16.28213947415352,16.282511842250827,16.152629423141484,17.7490416765213,13.678131163120273,14.617668879032141
2093,16.615804946422575,17.844352555274966,19.07464348077774,21.039199542999263,18.397368240356446,20.582159388065342,18.94314398765564,17.376402962207795,17.64969345331192,18.062361001968387,17.66525698304176,18.389112341403965,18.025939190387724,17.749672091007234,18.839682531356814,19.330067133903505,17.715602374076838,17.387756264209752,18.272908592224123,16.755630815029143,18.04380328655243,16.83092658519745,20.839261770248417,17.948027312755585,19.508681869506837,20.390685319900506,16.147767299413683,18.927434778213502,18.87725720405578,18.27784482240677,21.293295121192934,18.613714957237242,17.871994733810425,18.597896385192872,17.48270998597145,16.63209257125855,18.106032657623295,19.996679055690766,17.01912918090821,18.411564898490916,17.866267204284675,18.35932425260544,18.522228932380685,18.021826589107526,21.527890062332155,14.968687098473316,19.903310418128974,18.6398023724556,18.479371356964116,18.315737402439122,18.569305515289308,18.160569393634802,19.222799921035772,23.833862495422363,18.04112085103988,17.619456589221954,18.823128044605266,17.52866193652153,19.325201451778415,16.211438208818436,17.649192917346944,17.13484382033348,16.903799986839303,16.177693915367126,18.27767560482026,18.775449323654172,17.622626614570617,18.795494735240943,19.02541205883027,18.86201709508896,18.249129641056065,16.780956035852423,18.725599694252015,16.881490433216097,16.974506235122675,17.502763724327085,18.9471274971962,18.813948082923893,18.73220918178558,18.21544088125229,20.413298857212066,17.96076028943062,17.392181169986724,16.946537202596662,21.91351008415222,17.651929223537444,18.788841545581825,18.67511819601059,18.972132313251503,17.681959271430973,16.47876019477845,17.75871371030808,19.726044034957887,18.3128991484642,18.637985980510717,17.784171706438066,18.54192447662355,17.341065794229515,19.07443308830262,19.362410748004912,19.988528633117674,17.730100047588355,17.802850311994558,17.823111522197728,18.184828710556026,18.451234149932866,18.07670276165009,18.965631210804,18.15919282436372,17.312388527393345,17.17279651761055,18.163117653131486,17.23874355554581,19.54159858226776,15.92945973873139,15.529658460617062,21.972003126144408,20.064535474777223,17.611317014694208,18.518468105792998,18.501785886287692,18.245257389545444,19.180881893634798,18.216498064994816,18.41241972446442,17.233564352989198,18.272800350189208,18.149204695224757,18.611454856395724,17.69488666057586,18.43759626150132,19.114898884296416,18.13340655565262,17.08642561435699,17.603767859935754,16.60248219966889,18.333139514923104,19.850027823448197,19.00409126281738,17.314739680290224,18.83059804439545,18.81598068475724,18.279792439937594,19.316576325893408,18.242727577686317,15.33368611633777,19.049027693271643,17.365061783790587,19.646322870254522,16.571275979280475,17.1332255601883,16.640124440193183,19.922005558013918,17.069274759292608,18.80833983421326,18.269827926158904,19.225480711460115,18.3778025507927,16.848915278911594,19.42164733409882,19.393134450912477,18.711318480968476,18.34580768346786,18.8719798564911,20.75303816795349,15.98676872253418,16.642322492599487
2094,17.79492642879487,19.458006787300114,20.67995429039002,22.083955717086788,19.59751987457276,22.812794542312634,20.224662566185,19.06160783767701,19.111981010437013,19.731454181671147,18.154371738433845,20.415117979049676,19.530448651313787,19.61985199451447,20.141939246654506,20.638389921188352,19.70855462551118,19.1594601392746,20.372227287292493,18.014103198051455,19.26217843294144,18.388428497314457,22.141116333007812,19.396753168106084,21.131251192092897,21.563713312149044,17.843683791160583,20.515247774124152,20.377621841430667,20.374268186092383,22.35494520664215,19.558556580543513,19.12189610004425,20.798530268669133,18.060812270641332,17.90795017480851,19.850620865821845,21.48081610202789,18.527735590934764,20.491837692260752,19.442139041423804,19.753321897983557,20.594732666015634,19.653865385055546,22.841674041748057,17.025280672311787,21.69397165775299,20.579767704010024,20.57795929908753,18.735642957687382,19.95101021528244,18.600706100463874,20.457617592811594,25.20300459861756,19.444336366653452,18.60341055393219,20.560131978988654,18.01868296861649,21.250506687164318,17.997283434867864,19.135242557525636,19.037035882473,18.400086998939507,17.432066476345074,18.812473487854003,20.996616888046272,19.668282580375678,20.018033194541943,20.52206313610077,20.220680093765253,20.149422931671136,18.486193418502804,21.03394196033479,18.521056461334233,18.332575392723086,18.89583910703659,20.97897737026215,20.687215411663065,19.861073637008673,20.17148613929749,22.512433815002435,19.667327749729157,18.86568024158478,18.60238707065583,23.27355175018311,19.74959110021591,21.00104651451111,20.46637806892396,21.25314576625825,19.445637154579163,18.06316637992858,19.493962943553925,21.139926648139955,19.800663447380064,19.881451749801634,19.66470670700074,19.626870489120495,19.049980425834665,20.238509202003492,21.209386539459228,21.74440410137177,18.952885162830352,19.507294344902036,19.24353256225586,19.91447811126711,19.78873960971833,18.489295339584352,21.300372529029847,19.793143153190616,19.012834703922273,17.745938682556154,19.923634505271917,18.716617274284367,21.158354687690732,17.646262800693513,16.480073058605193,23.062590980529777,21.939099574089045,18.904419708251957,19.614629149436965,19.907748174667365,20.266894161701202,20.922974491119398,18.58850717544556,20.02838096618652,18.785558724403383,19.869458127021794,19.619399356842045,20.683266329765324,18.982852160930634,20.294443583488466,20.62349441051483,19.342873632907885,18.59212111234665,18.90840615034104,17.879766261577615,20.469362902641304,21.649255728721624,20.519208312034607,19.143497514724732,20.392802476882938,21.07735075950624,20.45124707221985,20.61891551017762,19.668158853054056,16.93937577009202,20.25039165019989,18.85308542251587,20.91417582035065,18.081417429447168,18.197781693935394,18.359664225578307,21.04297480583191,18.34288084506989,20.511015200614928,19.861673760414124,21.71617501974106,20.077578830719006,18.505600130558015,20.67287232875824,20.546676230430606,20.139889192581172,19.54194176197052,20.606614279747014,22.83250496387482,17.70699360370637,17.98378390073777
2095,15.506361210346228,16.430385261774063,18.11777116060257,19.938730788230906,17.314602220058443,19.07453796863556,17.864454603195192,16.102536749839786,16.23300294280053,16.693667894601827,16.00694364905358,17.06276087760925,17.129131507873538,16.11459965705872,17.638856518268586,18.159105050563813,16.390886294841767,16.2367857336998,16.88156414031983,15.200091761350635,17.013176143169403,15.255785453319547,19.598318541049956,17.061530971527105,18.497891306877133,19.03628797531128,14.842126321792609,17.945240950584424,17.93635447025299,16.892566442489628,20.239445281028754,17.67893836498261,16.832642078399655,17.15240498781204,16.01007655858994,15.577394443750384,16.831439197063446,18.488787353038788,15.882076954841613,17.051503360271454,16.813927090168004,17.212344932556157,17.159192156791686,16.705539298057552,20.36010468006134,13.324445072561499,18.808485949039454,17.35762435197831,17.0836224913597,16.66964735984802,17.380404675006872,16.474073708057407,18.125029778480542,22.371966612339016,17.163631927967074,16.145848512649536,17.76128391027451,15.954382753372201,18.060999119281778,14.749471658468247,16.562516635656362,15.507196140289313,15.42852260470391,14.649173766374593,16.825305414199825,17.31073741912842,16.281175220012667,17.727840709686284,17.744467234611513,17.726373732089993,16.908036851882933,15.485869336128236,17.233774971961974,15.81187245845795,15.918247342109677,16.157637411355974,17.65440559387207,17.66854426264763,16.972455763816836,16.95417922735214,19.028020250797276,16.534158629179004,16.244785881042482,15.633432996273044,20.66818702220916,16.23226901292802,17.324293220043177,16.93681951761246,17.458083760738383,16.50719962120057,15.450858271121978,16.736734741926202,18.337011766433715,17.420992136001587,17.570126903057094,16.200668114423756,17.524195837974553,16.070640903711315,18.04032567739487,18.231822776794438,18.855872368812566,16.644782507419585,16.55314388871193,16.839534509181984,16.89969456195831,17.25392137765885,16.476757156848905,17.41939288377762,16.806196343898776,16.04374731183053,15.622546094655988,17.06753984689713,15.797265309095385,18.47510697841645,14.586790829896922,14.054213124513629,20.84878482818604,18.831288754940033,16.80113253593445,17.532891762256625,17.208273398876194,16.87153028249741,18.006133294105535,16.63961745500565,17.427645444869995,16.22718366384506,17.03491687774659,16.838391566276552,17.25395321846008,16.275441634655,17.142377042770384,18.139615869522103,17.059656155109405,15.620960265398026,16.333223462104797,15.53541243076325,16.922584545612334,18.66216810941696,18.10586938858033,16.146145510673524,17.876868677139285,17.316477763652802,16.84134285449981,18.14948514699936,16.857734614610678,13.874173533916482,17.972889089584346,15.90976363420486,18.52949979305267,15.080454009771348,15.772713470458978,15.522736942768097,18.866079020500184,15.977818393707281,17.799320125579836,17.307089626789093,17.589145028591158,17.115823638439174,15.508880829811096,18.308969521522524,18.313781058788308,17.465726840496064,17.262275052070617,17.782340097427372,19.37212752103806,14.54404705166817,15.337429451942441
2096,18.004672884941105,19.479217791557318,20.69584290981293,22.220418906211854,20.258175754547125,23.334874534606946,20.66589143276216,18.81674513816834,19.332875633239745,19.45233819484711,18.568773090839386,19.74349904060364,19.52072134017945,19.346475219726564,20.66297533512115,21.05425655841828,19.167594146728526,18.585139083862313,19.769453287124637,18.322767829895025,19.704571199417124,18.230234074592595,22.620732021331794,19.376878428459168,21.388015699386596,21.935998845100404,17.51836543083191,20.515148305892957,20.74020297527313,19.707250285148625,22.46269037723542,19.928419351577766,19.48000848293305,20.175625228881838,18.473762845993047,18.51686404943467,19.49813117980957,21.683073496818547,18.259235048294066,19.84569418430329,19.658178520202632,20.086319565773014,20.013945841789248,19.33039875030517,22.991880059242256,16.52368814945222,22.005733036994933,20.068578529357914,19.953727793693552,19.140197634696968,20.420804905891423,19.018565249443053,20.958057761192315,25.455291485786436,19.39846017360686,18.550501775741584,20.45056099891662,18.431819486618046,21.458319354057306,17.55251669883728,19.456841170787825,18.425144910812378,18.607327151298524,17.708662223815917,19.238246178627016,20.41965174674988,19.083033823966982,20.549498414993288,20.890635085105902,20.41360404491425,19.609553360939028,18.193083000183115,20.664898610115046,17.983803629875183,18.774103772640228,19.09638166427613,20.68697245121003,20.649660968780523,20.565415000915518,19.495245456695557,23.00183508396149,19.27102338075638,18.718640375137326,18.283259010314946,23.46029524803162,19.105270504951477,20.28067979812622,20.062442445755007,20.52512164115906,18.873843622207648,17.565506696701057,19.491961908340457,21.521824669837955,19.799452471733094,20.348142600059514,19.271864759922032,20.0501624584198,18.756391930580147,20.78492317199707,21.18689355850219,21.992244935035707,19.511282300949095,19.198043036460877,19.441436529159553,19.533582329750054,20.376555669307713,18.855772805213928,20.547767925262455,19.42729976177216,18.694619655609138,18.16887872219086,19.923448801040657,18.949321246147157,21.592654561996465,17.30544126033783,16.623711740970627,23.231986236572265,22.384570693969742,18.862191510200507,20.092556595802307,20.44882726669312,19.727272844314573,21.187487745285033,18.939254879951477,20.037522339820864,18.874357604980474,19.68814311027527,19.63388476371766,20.101270079612735,19.05708343982696,19.85557973384858,20.620328831672666,19.860859417915343,18.808313632011412,19.113483166694643,18.522015523910525,19.75235817432404,22.07766418457031,20.82540030479431,18.5629442691803,20.398636865615863,20.303357243537903,19.73370952606201,21.05868859291077,19.90001068115235,16.64035532474518,20.83397524356842,19.070313143730157,21.328317928314217,18.30339858531952,18.29392778873443,17.82612462043763,21.469009375572217,18.93728151321411,20.507375478744517,19.867652225494382,21.070353412628172,19.783205556869508,18.151507759094244,21.132481074333185,20.909294557571414,20.644994795322418,20.030597972869877,20.601024723052987,23.299798536300663,17.196202433109285,18.250976705551153
2097,16.873736691474914,18.170545315742494,18.535883641242975,20.12750372886658,17.76370671987533,19.06000208854676,18.254995763301856,17.248233091831217,18.077002513408658,17.807274520397186,18.136213219165793,18.3556227684021,17.493870997428896,17.564112710952763,18.027357232570644,18.594049000740057,17.703714108467103,17.33546738624572,18.281091868877407,17.265351986885072,17.396539103984836,16.64066686630249,19.96729542016984,17.430999398231513,18.53587522506715,19.64209711551667,16.013332635164268,18.33762935400009,17.90903680324555,18.275316846370703,20.42241189479828,18.019960951805118,17.28826054334641,18.589470434188847,17.991893267631536,15.966946291923524,18.01524237394333,19.108214294910432,17.035800027847287,18.392250895500176,17.27992879152298,17.721374368667608,18.4846017241478,17.839217054843907,20.236420154571537,14.729990427196038,18.691810536384583,18.585105705261228,18.447362577915197,18.795595061779018,17.800627863407147,18.688063132762906,18.54455606937409,22.564446496963495,17.485119438171388,17.701107048988348,18.36010956764222,18.000511336326596,18.31053711175918,15.989019513130188,17.01443489789963,16.790448093414305,17.354894733428967,16.641861736774445,18.782847857475286,18.809612464904784,17.570548081398016,18.1545997262001,17.84734885692596,18.374080657958988,18.208024585247045,16.6669914841652,18.62776621580124,16.783053231239318,16.328215503692633,17.87518765926361,18.700312757492057,18.17654289007187,19.56165103912354,18.1675928235054,18.986335468292243,17.731839215755464,17.4866888999939,16.784853351116176,20.537926840782156,17.685391139984134,18.709969782829287,18.401451075077063,18.91592954397202,17.590541625022897,16.40290968418122,17.19986001253129,18.813152253627784,17.771954035758977,17.962673819065095,17.373913198709495,17.881425309181218,17.22653675079346,18.471259820461277,18.719085860252385,19.008216285705565,17.07872085571289,17.708769762516027,17.253372657299046,18.084376573562622,17.682668876647952,18.54842728376389,18.916404330730437,17.962616240978246,17.204426825046532,17.671448600292205,17.56422816514969,17.702412390708922,18.437926101684575,15.778326642513282,15.809646409749988,21.036939525604247,18.79838278293609,17.08744575977326,17.903479778766638,17.63816916942597,18.23192654848099,18.23901937007904,18.645406794548038,17.848186957836155,16.644086945056916,18.08377832174302,18.394453310966497,18.652889382839213,17.97840257883071,18.39155492782593,18.543642807006837,17.492829632759104,17.536310195922862,17.93308234214783,15.9583010673523,18.29069826602937,18.64034857749939,18.061734008789067,17.266564524173745,18.264556491374968,18.743969380855557,18.268589007854462,18.5696607708931,18.63935297727585,15.242181479930874,18.402039420604712,17.804946553707133,18.938831782341005,17.041164016723634,17.373890030384068,16.60000041723251,19.212800264358528,16.399726474285124,18.203133010864256,17.676400053501123,19.26899759769439,18.28488154411316,16.693141049146654,18.732661640644075,18.637094473838808,17.889959073066713,17.65368111133576,18.25254266262055,19.325539517402646,15.675004255771643,16.969262731075286
2098,17.360353231430054,18.81359875202179,19.624728727340703,21.196827697753918,18.87511804103851,20.937317407131196,19.376470541954042,17.967186975479127,18.625974369049068,18.579055309295647,17.703186023235315,19.229046368598937,18.54269893169403,18.286997437477105,19.24792943000793,19.736812853813177,18.573457908630374,18.102748131752012,19.162535166740415,17.578602457046514,18.471103024482726,17.346631169319153,21.234742999076854,18.436618685722358,19.897149133682245,20.74202935695649,16.69765161275864,19.43356697559357,19.22678208351136,19.139030408859263,21.46639313697815,18.89992561340332,18.323418641090395,19.550568127632133,17.632495427131648,17.153620409965516,18.71212582588195,20.383835959434506,17.709260225296024,19.278021693229686,18.453167295455938,18.82892699241638,19.38172149658203,18.538276028633124,21.71544013023377,15.546533632278445,20.224383687973035,19.448151707649238,19.36601588726044,18.312890446186067,19.03652040958405,18.158214569091797,19.656940627098084,24.077175641059874,18.49713990688324,17.78802623748779,19.45704462528229,17.60925818681717,19.803324699401855,16.704801428318024,18.203681147098546,17.58671768903732,17.911143708229066,16.957630479335787,18.418103182315825,19.75579221248626,18.48603518009186,19.260447049140932,19.19320092201233,19.325240635871893,18.974659061431886,17.357074224948892,19.76552405357362,17.5096474647522,17.501167273521425,18.40321066379547,19.798913502693182,19.440471184253695,18.86017589569092,19.000446748733527,20.78103538751603,18.441002082824713,18.115891408920284,17.480158519744872,22.072179889678953,18.555354237556454,19.6963543176651,19.068745112419133,19.926734995841976,18.366864800453193,17.09804830551148,18.36588281393052,20.126527476310734,18.828788089752198,19.068271136283876,18.295422387123125,18.860124635696412,17.9325754404068,19.53289961814881,19.976096880435954,20.393733239173894,18.193883228302006,18.3908475637436,18.301884555816656,18.789129042625426,18.932330250740048,18.078961133956902,19.95141265392305,18.633968567848207,17.880413007736202,17.35228887796401,18.765805196762095,18.258787989616394,19.827949619293225,16.46502848863603,15.782152879238122,22.138999342918403,20.420315361022954,18.03276844024658,18.902783012390138,18.93947544097901,19.06904652118683,19.642557621002204,18.17194395065307,18.939986443519587,17.7519254565239,18.82308802604676,18.991798806190502,19.516799807548516,18.287775611877436,19.164688754081727,19.585161972045892,18.593439245223994,18.087356972694394,18.44044542312622,17.130691480636596,19.214825034141537,20.19389593601227,19.397526264190688,18.064415311813356,19.369065690040582,19.740937876701356,19.178047108650212,19.717102789878844,19.190986776351927,15.776485121250156,19.506881570816045,18.366688632965086,20.02965710163118,17.598451185226438,17.476949834823614,17.34063255786896,20.301620388031008,17.573107385635375,19.391021800041205,18.818442058563235,20.34208904504776,18.95914740562439,17.336233365535744,19.838958144187924,19.744876837730413,19.17941510677337,18.771527981758126,19.449018752574922,21.102444601058966,16.404534256458287,17.532766175270087
2099,18.350407910347,19.722925400733953,20.641865813732153,22.031932687759404,21.324058222770695,21.977621817588812,21.95563395023346,19.876890861988066,19.582938683032996,20.725686657428742,19.42675386667251,20.002546131610877,19.495525050163273,20.26685056686402,22.15330896377564,22.473174214363105,19.362440514564515,18.879224514961244,19.888265717029572,18.601963138580327,20.812988424301153,18.121580982208258,23.25989518165589,19.384161818027497,20.645994329452513,22.247824215888983,18.704662358760828,20.47712062597274,19.810533571243283,19.914509284496315,22.2138834476471,21.3276796579361,20.53300678730011,20.36822601556778,19.102598798274993,19.42373133897782,20.522310113906872,22.784139585494998,18.73260765075684,20.049382627010345,19.898637986183164,21.40215175151824,20.178801834583275,20.50520341396331,19.67947008609772,18.127094209194183,21.212459707260138,20.2348353624344,20.201090204715722,20.17400605678558,21.830941963195812,20.011142849922187,22.219133329391482,25.14500498771668,19.596401858329777,19.759011340141306,20.43412948846817,19.192863643169407,20.899083220958712,18.97932597398758,19.97227269411087,20.211220824718488,18.83373590707779,18.037516546249396,19.842815351486216,20.533619332313542,19.362360954284668,21.646860337257394,19.466712760925294,21.576549434661864,20.217074358463293,19.324028539657586,20.65167682170868,18.37965307235719,19.45790168046951,19.386776304245007,20.722314751148225,20.692695581913004,19.771147131919864,19.76041023731232,21.733533251285564,20.606321597099303,19.05874724388123,19.457798302173618,19.88152176141739,19.378333210945136,20.6830068588257,21.337636828422543,20.87705682516098,19.257983541488642,17.908253598213197,19.343909019231806,22.82936811447143,19.819482338428493,21.53797278404237,20.95110660791397,21.46024644374847,19.83960291147232,21.796422290802006,21.21032430529595,21.353819251060486,20.528990888595587,20.317078757286083,19.866650676727293,20.624116492271423,21.70927455425262,19.84075009822846,20.9000403046608,20.692988514900215,19.823546981811525,18.816277205944058,19.84413042664528,19.150708818435675,20.61686868667604,18.5272576212883,17.539595687389376,22.941295909881582,21.21546423435212,19.070385849475862,21.391368246078496,22.18974667787552,20.047640407085417,20.69626388549805,19.91638264656068,19.98359789848328,19.032377493381496,20.7339652299881,19.94484863281251,20.186026823520656,19.643898153305052,20.405153036117547,20.669049370288853,20.89386899471284,19.030091488361357,19.425501799583436,19.354153060913085,20.09633891582489,20.9930490732193,19.91981394290924,18.848880922794347,20.36777502298355,20.733861088752747,19.99769642353058,22.487832665443424,20.147609138488775,17.946860420703885,22.05991659164429,19.32391082048417,22.64555745124818,18.5036038517952,19.114930963516237,18.105848908424377,22.230827045440677,19.89389768838883,20.493216001987456,19.937202727794652,21.22832009792328,20.863877105712895,19.408960473537437,22.394578790664674,21.49075915813446,22.12555825710297,20.96660294532776,20.59502183198929,22.10259155035019,18.765713644027716,18.611621999740603
2100,16.929958844184874,18.135629165172578,18.81726834774017,20.10439608097076,17.32789361476899,20.270586538314824,17.810578596591952,17.14406524896622,18.028643989562987,17.686250913143162,17.566421878337863,18.403277480602267,17.775480210781097,17.1061617255211,17.559070515632637,18.1209126830101,17.738389909267433,17.39880833625793,18.321112966537477,17.023569285869595,16.96323388814927,16.781353986263277,19.66067961454392,17.69983422756195,19.23321557044983,18.93213303089143,15.893009126186374,18.6438835144043,18.657104778289778,18.310591125488287,20.44546322822571,17.662147784233102,16.91796705722809,18.627979195117955,17.44524356126786,15.541373103857051,17.90509550571441,18.42191166877746,17.13662378787996,18.441763222217563,17.311819487810133,17.317692768573767,18.557438445091247,17.74592554569245,21.89352357387542,14.62541166841984,19.568660092353827,18.65429871082306,18.49733984470368,18.186627376079556,17.321960330009464,18.033043444156654,18.08758770227432,22.53869342803955,17.762129521369936,17.386119723320014,18.587176537513745,17.464464676380157,19.009608125686654,15.90269598960877,16.88597092032433,16.735529351234437,17.273385298252105,16.441473895311354,18.25052039623261,18.83532050848008,17.640403735637666,17.697860836982734,18.650655722618104,18.04418294429779,18.160752010345465,16.548633593320847,18.7149927854538,16.860039877891534,16.05235744118691,17.866083264350895,18.845615661144258,18.498346757888793,17.995943593978872,18.234984195232386,20.12109291553498,17.647373211383822,17.553227293491368,16.67563695907593,22.291982769966133,17.696196711063394,18.78981703519821,17.994219982624067,18.984680700302125,17.670737409591673,16.470655882358557,17.49932426214218,18.192750799655915,18.052087604999535,17.509365785121926,17.23189284205437,17.46469721794129,17.11319031715393,18.031718039512633,19.04325948953629,19.707918846607207,16.61656908988953,17.58369584083557,17.232370948791505,17.97230467796325,17.21051331162453,17.96489975452424,18.981555712223066,17.854927086830145,17.076766467094416,17.154919755458828,17.86249970793724,17.6203630566597,19.27187077999115,15.665316331386567,15.38873038887977,21.009391689300536,19.788755893707275,17.341135108470915,17.497437632083894,17.125709927082063,18.239163863658902,18.786955106258393,18.092665612697605,18.124272596836086,16.78941708803177,17.961156296730046,18.408346652984616,18.682639169692997,17.701564300060266,18.36337513923646,18.821124911308296,17.04395184516907,17.454367017745977,17.942850708961487,15.516349738836283,18.34352486133576,19.57897093296052,18.77372310161591,17.337384879589077,18.544551730155945,18.822292184829713,18.30148650407791,18.0917539715767,18.616063964366912,15.062588852643966,17.96087960004807,17.743942737579353,18.48605623245239,16.944845461845397,17.01964981555939,16.65502052307129,18.897783660888667,15.941558098793035,18.525086593627936,17.980575084686276,19.292115467786793,18.1726968407631,16.56824445724488,18.264701533317574,18.353131365776072,17.388046765327452,17.246798527240752,18.554638826847082,20.442550945281987,15.633202493190774,16.989660012722023
