Year,1,2,3,4,5,6,7,8,9,10,11,12,13,14,15,16,17,18,19,20,21,22,23,24,25,26,27,28,29,30,31,32,33,34,35,36,37,38,39,40,41,42,43,44,45,46,47,48,49,50,51,52,53,54,55,56,57,58,59,60,61,62,63,64,65,66,67,68,69,70,71,72,73,74,75,76,77,78,79,80,81,82,83,84,85,86,87,88,89,90,91,92,93,94,95,96,97,98,99,100,101,102,103,104,105,106,107,108,109,110,111,112,113,114,115,116,117,118,119,120,121,122,123,124,125,126,127,128,129,130,131,132,133,134,135,136,137,138,139,140,141,142,143,144,145,146,147,148,149,150,151,152,153,154,155,156,157,158,159,160,161,162,163,164,165,166,167
2026,3.463603376699935,3.1529156346002516,4.885032637622847,7.525548492124757,5.811998645999824,4.411823680688596,4.898402907211209,3.3968843339846044,3.1895974975657366,4.010865172435499,1.2236526796176783,3.3566085321122214,4.718155390743552,3.8719205988635284,5.248625562911662,5.069918495763479,3.474649859656547,3.556472840494121,3.305439880182004,1.9540436422002718,3.928233147181315,3.3441670448358707,5.6796731912884235,4.992309147427822,5.820502813359534,8.002184794509207,1.7583501220777105,5.152178179087311,6.070367097854618,3.0823824162884006,6.6492858064071845,7.33505298621182,3.664731689054388,3.3094250840488177,1.9301287655172692,2.500272693305179,3.4314694604996983,5.48613386113068,3.7403910681605335,3.3454898733260294,3.7450548163775754,4.134849647124267,3.9443678701746068,4.050545379262548,8.768000078612358,-1.6636905029801423,5.418111543492255,4.201850157873383,3.3068231025646453,3.3338828504021354,4.1695373166224075,3.242178536180792,5.755718726150952,5.697532813867617,4.24801912441336,4.03143972775032,4.037312969051559,1.6823406656240576,4.351115350065558,1.3402908911992766,3.599669509149831,2.011902371228769,2.378849104560656,1.125982713339658,2.9203530952719783,3.8143478596004936,3.3190918700962198,5.412989618449376,6.218960257439781,4.76132100576471,3.3399822706806233,2.2543630560153507,3.1821360713962843,3.701791889162671,2.84227814371216,3.1654181917567326,3.749646016814069,3.908008753482639,6.247173597715024,3.3487570093109715,4.646303244192028,3.7033475190401073,3.711666290102333,2.861784264959139,8.46068033781545,2.5771673854825834,3.189063900760535,4.578913120617129,3.095052044196374,3.5769660023265883,3.7330100757294677,3.5065823372068086,5.395505626653803,4.625872959350718,4.577990482593404,2.9008105610465185,6.2674392369286736,3.077469293927325,5.966428446101731,4.539495682231439,5.478344123938989,4.232858200525415,3.25387877277259,3.4677461406280257,3.478277391914666,4.4945248632595485,2.839767699996974,2.959484382693111,3.9580885893825832,2.627937589226098,1.5612037842129836,4.074194454941259,2.746526947566149,6.175506894958433,1.2328253194432839,0.02034015696624124,7.071783808445372,5.3455379055491825,4.572338907337139,6.312754361793914,3.9341520317669545,3.3238018289979183,4.678288376279944,3.4869810466108695,3.946514195923146,2.84281247456012,4.125371638171631,3.9753071895704193,3.8177546537641778,2.9691379877000013,3.887590777257393,5.538033158614717,4.62702602250823,2.524152900124417,3.7027881083817307,2.7364141088107545,2.9992118476536738,5.487155001225147,6.447492904961108,3.4112573271167688,4.4150385311965294,3.1095707624636844,2.9287338452092517,5.389406536994821,3.734393952735537,0.03566910859582941,6.052578049230165,2.903164155957899,5.852637539135999,1.97204612401025,2.096254352865548,3.7625442784408034,5.887776316753752,3.201773763216773,4.42916572607797,4.448894775568928,3.265066834359332,3.850580843550892,2.603670294814067,5.543835680096826,5.2248591020189465,4.153856596813124,4.449386550948535,4.558708133882488,4.91037697576243,1.9350466470009302,2.931380164745297
2027,2.4168603525593384,2.1362771887717567,4.125049953445278,5.621709608312311,4.233888808766317,2.944781620954647,3.4368643596254507,1.87472622353455,2.04206124436239,2.567479833960533,-1.0172708049930381,2.80315430051294,4.124266933264402,2.0106742654381113,3.796390469218121,3.58938366945448,2.9356194544455145,3.00172186488735,2.7366506894086973,0.39798297655993464,2.4169405801542854,2.993206371007295,3.753959753903852,4.376134502990494,4.875106312077623,5.862678476191798,0.08091268611365587,4.464757173819914,5.089917786290934,2.498189564408928,4.6745750410803435,5.8482442771823235,2.145476489231506,2.7372652675057276,-0.12596972010515975,0.7757350879496544,2.0779392369862255,3.5055336276518876,2.9446992737498032,2.8060171475698183,2.6063811010841644,2.66341940082353,3.3478460455762953,2.6134181022644087,6.730858015603037,-3.7549981248789837,4.277271395870323,3.5761105109905365,2.705047586611636,1.411671285613856,2.6779353371981887,1.3850209689859687,4.263902711457217,3.23813362522372,3.606718141394908,2.373378545302771,3.326052630769797,-0.5022935532996888,3.2823414612433024,-0.3389610527404421,2.255776795847664,0.5141470555601433,1.1999654035116059,-0.421908728521448,0.9056709386922167,3.229508622453131,2.727574073548973,3.9031617556586204,5.242451131857677,3.3261874806264315,2.380316775035242,0.6352503309989822,2.514457165167252,3.1095350374435546,1.3361966363314906,2.0620426143487465,3.0573982875794186,3.137051892820103,3.2971693887535864,2.8279266732520085,3.2589911895579315,2.2958420355772122,2.835224016730129,1.3049158028744432,6.315861218147268,1.8584433233943498,2.5379500723572366,2.9046745215510508,2.469500303910727,2.94745837023546,3.159403652145435,2.7316242819330823,3.61038302142045,3.9886287592094507,3.0814261210375813,1.4562666962758235,4.881415735031,1.5474559472038865,4.475290493654278,3.805535277929801,4.482975503957655,2.6243073858063797,1.7618125440745513,2.3576081220445957,2.080749432074615,2.959508468364848,0.8733780721909012,2.309638173608431,2.530589772709487,1.0140510001059249,-0.6689015883823947,3.3094424384421313,1.5740363820102734,5.034575840008668,-0.5156634536025859,-2.0073207498624432,5.025925204157832,4.15007026159558,3.9764939964074495,4.898732260383411,2.419928994672051,2.5503355773358525,3.500039240152671,1.5967253921874611,3.178189101789532,1.8669858584501613,2.6915468121397055,2.9608758867814626,3.2643187642097504,1.3899202810536164,2.873001082575528,4.807606562329779,3.063040621835611,1.398954776083598,2.5810128753555253,1.034544285001426,2.361144862812141,4.314677670598031,5.461483694356065,2.88332922814478,3.7196743248094775,2.434813579351736,2.299740794403802,3.8778609770575,2.6486541330493183,-1.8479457024870238,4.535872141477362,1.7436399703909613,4.392063574287399,0.753577861806442,0.18190549982005036,3.2582366940533287,4.216977103324284,1.5129192039884336,3.7722208376588506,3.8122417505445148,2.626171325815133,2.406044425635499,1.0272903971630962,4.070498218695664,3.4479016498501975,2.598774509183293,2.7778137572880444,3.819250008605165,3.5543458423223964,0.3179227806113916,1.8334104596348157
2028,1.2122918332616488,0.7253555437549939,2.4065767104426987,4.853502383083106,3.251350924869376,1.3118538479010269,2.3330977881948183,0.5891861562927558,0.6240794181823748,1.3888808364669507,-3.13857358433306,1.3891854191819841,2.576581624398629,0.7733877541497338,2.674534204974772,2.47961059280982,1.645531259973842,1.707644187410674,1.2685800254344914,-1.5289793352286032,1.290978062649566,1.6465234602491061,2.780925247073174,2.930042412380378,3.5838921243790547,4.742404377212127,-1.3301516043643147,2.9023619389161484,3.823087761054438,1.0369799315929384,3.8611400973051793,4.884005005906025,0.9982854584852852,1.3511422634124757,-2.2877699792385084,-0.5155862348775063,0.8031322121620231,2.338355436424413,1.7191887944936757,1.4156547119220086,0.9649175047874455,1.5360309277971596,1.8003174543380749,1.4554437890648821,6.128326443210245,-5.235934587257606,2.8649244847397,2.1039539354542907,1.2241008440653498,-0.47282681266466536,1.5479772087186596,-0.49021333291505953,3.2153072497496984,2.3797408004601786,2.0751168563961966,0.9544765318433445,1.6509437650442143,-2.643130647142725,1.5215893069903048,-1.635977911949159,0.7438552697499607,-0.745410050948463,-0.33112218976020663,-2.2848115374644618,-1.1777591661550133,1.7671595265467956,1.4225998242696154,2.847837388888003,4.00655076789359,2.2324062387148533,1.0244402954975738,-0.727975426365934,0.9476010044415784,1.8669150419222797,-0.09476641366879447,0.7490342468023312,1.4759405603011448,1.145410577456153,1.8234978633001433,1.4656699173152448,1.6735496177027642,1.1059337268273046,1.5736686094353591,0.0015920072793948136,5.724841591281197,0.2578280170758557,1.032821416854861,1.7060820148636902,0.9234987954298634,1.6377868076165536,1.9409227147077506,0.7993796527385705,2.4627927258610707,2.378497529774902,1.9701611813157784,0.23884859681129444,3.843713500599067,0.24326105117797797,3.461603414515657,1.9364807685216263,2.9622662762179974,1.4563036803156146,0.48190871377785977,0.79554532965024,0.8284319584568322,1.791806377718845,-1.0208989803989725,0.7208041429519679,1.3572140671312805,-0.3809253158668645,-2.899121932188669,1.4203636070092516,0.09162479266524072,3.6338686847438426,-1.8880300956467766,-3.9227357002596026,4.237758570536971,2.7342791970819245,2.5449721500161093,3.8839473194132226,1.1775030213097686,1.111554505427679,1.9145551472902336,-0.18983619796732806,1.3473384022712704,0.0258977254231788,1.4886754547556256,1.6286790934701745,1.8537297904491477,-0.3901186595360425,1.5302719563245792,3.1478116946915815,1.975296670695149,-0.06815013488134115,1.2809892515030987,-0.21482807497183382,0.8506020009517646,2.911902517421793,4.336740818371377,1.639150554935133,2.071477249668287,0.8877907236417127,0.7798203925291683,2.759534342586995,1.353886964917185,-3.3231460134188353,3.53981693573296,0.27125099425514726,3.300250045272212,-0.8523479749759008,-1.6673375606536867,2.1348664337148264,3.253436052364606,0.27305027941862875,1.9760099112987501,2.146779356089728,1.1119045317173017,1.188633216793339,-0.28266531378031085,2.9975311038394774,2.4509696363160978,1.4084845026334125,1.6771428941491953,1.9855183114608157,1.9932111700375865,-0.8889305071905262,0.5073065360387177
2029,4.402422797331759,4.414999516359692,6.145619105804583,8.529080314625952,6.363008028731264,6.321130083038885,5.510540955025578,3.821700241031318,4.332825803294266,4.509113355025905,1.4041114475192704,4.949961705326005,5.898284490477168,3.981480398054781,5.8779809304095565,5.68871658141243,4.944650655676581,4.9396542531662995,4.906709650467184,2.6810764845075297,4.548334555449526,4.485715446801023,6.470685309891046,6.100475432511805,7.215832228804456,7.968305721365172,2.168866009162417,6.399635475771181,7.562839711020736,4.603827246047304,7.623589301931446,7.838948397030088,4.290009858793221,4.917264563079664,2.159916677094738,3.2096678080229912,3.9711728928417953,5.666064974586962,4.874788729281263,4.9212087187273745,4.812789385688718,4.733212686047473,5.56417924448334,4.45945382272375,10.450828568688756,-1.1842796072877724,7.0548440837140785,5.688191746907508,4.9121396505627155,3.528752893980208,4.7888282917696845,3.4476803754424226,6.368090652571666,6.8463118437292225,5.359883849412714,4.299772454974654,5.343126175347072,1.8801815196357938,5.941223390143498,1.767956089613767,4.526887908577922,2.4824067837205472,3.486149676786412,1.9335337635771968,3.136063377148118,5.449213603447228,4.771923420758082,6.024311559210567,7.558483179144815,5.312611826534932,4.33784014757337,2.6782313500498938,4.8268953903803045,4.929191777675317,3.6612624264450675,4.283948756497482,5.206651272123747,5.325575513058691,5.290328421340933,4.881197739264061,6.487948532376823,4.157523137228243,4.854253791015724,3.249877925063003,10.046694698968324,3.9868451832183496,4.7856487199535644,4.763598870229104,4.761910806506358,4.916741003250257,4.93057630724948,4.863620817661286,5.781449271430225,5.818173773859727,5.201523181709367,3.385711963192142,6.867067267957691,3.497727348372851,6.558607800381961,5.955015852533541,7.024851536253821,4.845571412351629,3.6772870739986163,4.491799211450691,3.94922942642508,5.141935795955044,2.998491725382587,4.626375857355264,4.378247859919894,3.0437909968454244,1.7848656110722454,5.401681282461204,3.860319530655599,7.761676981274428,1.6402933381754783,0.3271395232656915,8.103855001515356,7.056674029517536,5.60843662846962,6.908463085006031,4.587692840345973,4.633424335319936,6.105373970457702,3.6582277345246283,5.232824124395849,4.020055601309087,4.6035065943824875,5.158283244946908,5.393821665439109,3.511301263524543,4.888561660359649,6.760746495958806,5.246645222385897,3.64188973416157,4.7365786307330815,3.420045983688585,4.53685579622357,7.169394849703227,7.761748287826777,4.7988180924720805,5.644889561780571,4.7071842477046735,4.450936267666264,6.006425492979324,4.9726176888778255,0.4266000626416051,6.650696163804366,4.0491333586517095,6.453477891354727,3.0424003896528267,2.408869784453818,5.030876713323182,6.584899965545222,3.860274465176564,5.772929303604981,5.6929927179911015,4.994076468821236,4.286862607595734,3.010376911353448,6.161216252900918,5.997925801716488,4.791990892897392,5.115920180390618,5.892689532247088,6.779442199730669,2.349417744124115,4.010416623847239
2030,3.4285447733669465,3.236551678032966,4.980543372446097,7.7002815809100875,6.0772927662935725,4.041007150478401,5.192013854738971,4.163399201849928,3.1749226101513575,4.739299987683649,1.518876368886439,3.799867105862964,4.844761269359754,4.245921247735108,5.5599852371318566,5.355235930435874,3.88406930863857,3.9049879852040057,3.7543816535637253,2.0125965116352864,4.2592775124157285,3.7756770926302874,5.889833181325729,5.091526861077751,5.683350995761052,7.819676293895167,2.5668393036928716,5.2409767985087035,5.9106426662926,3.506125517317961,6.773536861456671,7.630307959071515,4.0763196248946505,3.770116208956161,2.240654377074077,2.942148746729923,4.137590919075337,5.455321200962723,3.8869156165947705,3.8010542626524764,3.9248309768736354,4.509038458867322,4.363528984759385,4.791917587212964,8.803287053930353,-0.7461485102258872,5.1889404208110275,4.6038797153481115,3.7301797509064984,3.6062931711303805,4.437476112539398,3.539231496895183,6.065426192342722,5.770770352879737,4.346901991629395,4.50331340094322,4.199704248329687,1.9896588664630372,4.240809249145722,2.1482722265966987,3.8211540035774987,2.8081966248051886,2.3746857368226726,1.1985898860569653,3.2118752659137892,4.261924995237897,3.69003954073735,5.725719016868264,6.07003103248004,5.1926550436764956,3.8431138745669666,3.050264640101073,3.5326002034647717,3.9713576482287776,3.1847176555030323,3.155738324055384,4.023006529643622,4.02276115736057,5.527196370514817,3.7811992674552175,4.310027577753723,4.464577989331612,3.843511469148353,3.6204652426571715,8.477863021965689,2.9111501985582806,3.605708629278274,4.992946464825293,3.5402592623542057,3.8958627979817053,3.9845893023342898,3.6379858617638727,5.488810166620234,4.74413903006192,4.88866759618295,3.591897859655574,6.606818594423864,3.8408069514252015,6.275883524582303,4.650973313969788,5.367617346667527,4.55710003081838,4.0025305008066105,3.6990486879287094,4.137528366569814,4.807447456851087,3.119065993015876,3.402065399552471,4.697920352927055,3.4069123501921563,1.8313555563318318,4.1761064089449285,2.736549309101597,5.983779464430848,2.0484277904033648,0.5225968242719254,7.2411450055138795,5.073362869178428,4.668136955592138,6.666131207655219,4.234333024585046,3.8144677314778845,4.622721519770808,3.7392403568173256,4.0576871345783125,3.0273148596029857,4.847563292991754,4.046300567236953,4.257078383695977,3.3195007502518856,4.476272350755231,5.6353319915461135,4.9526333865420575,2.5302780507260847,3.680281894474196,3.1564073061634748,3.3996227288554444,5.222965745191125,6.249672451666723,3.7795440864845604,4.523980282889356,3.5307696343495993,3.329697120292435,5.682522831805819,3.7413156530980443,0.7956742926918219,6.352459153738521,2.893795970995943,6.146822338859584,1.9555748074219135,2.6232171076638955,4.093144398696462,6.172615833580497,3.582969838175281,4.56227378393042,4.557765805194605,3.7451246116181887,4.594253018241505,3.3738254578462943,5.842575451262809,5.487198330269295,4.437701665892683,4.7705017377397585,4.668051912352957,4.585295144083168,2.702202348359701,2.8995702517989637
2031,4.098537274475758,4.098497904837133,6.847955884861534,8.379065963728673,6.498160584733404,6.271671675402547,5.772911844357589,4.270053349178414,3.9174648127679177,4.938007138412575,1.7898193394668889,5.007260203393626,6.550164153157124,4.574032109359214,6.128827660248195,5.972706397802665,5.055622356718986,4.982634332777675,5.019648046329104,2.601922396955817,4.810694957601614,4.528375134835468,6.522850504145029,6.734225312183641,7.372873856589717,8.332146798485313,2.6280306621358296,7.071567329835018,7.457821583182648,4.718114932035576,7.4884232323745215,7.979789238680032,4.559514889429358,5.051770574059981,2.469208262218484,3.3867830438860556,4.399865510134861,6.147880944712409,4.7540117632597685,5.030243155514371,5.367260700669782,5.032403739361931,5.705314740667055,4.952614417106939,9.478139832102022,-0.6432036671402108,6.999627984803299,5.864015177406118,4.974276533671498,3.9454858629354095,5.079485659969265,3.8798492450652433,6.553691812244985,6.748021157908037,6.012639772789232,4.720996992277173,5.968294612292586,2.215170955092741,6.338927248942439,2.2767572973308905,5.001178783589399,3.0560079854110236,3.1047186152688377,1.7802706622871842,3.426622385608739,5.581778949576205,4.860758316414109,6.200024533888394,7.6248741287031585,5.6548908554531385,4.595638234039834,3.1033782059776374,5.087793454527858,4.976828827940185,3.9843334103452714,3.8876885594478967,5.620977352919251,6.161382888411653,5.909624394671671,4.9454096490999,6.434581517145552,4.632068283598999,4.6993849984016896,3.7255174527908195,9.09799838374401,4.047931008811653,4.865540442281756,5.374734943283015,4.8528277709566305,4.97250389677055,4.962708423941812,5.594604836327247,6.154106591699714,6.469980378731572,5.444673160540645,3.942422630971873,7.038012670738434,3.9529570875496725,6.6961034012251845,6.776116879335764,7.291863894154284,5.073324732739349,4.125117255695933,4.98218000542918,4.382713942692198,5.365833292747364,3.392746907883676,4.71508013996585,4.852079454424049,3.4745645245601375,2.062623307943857,6.157724888160311,3.4644858130607097,7.638573299194199,2.0998665423228777,0.7163516730070099,7.937336637028335,6.983036553294493,6.215734735902012,7.0469416265600735,4.887137815870088,4.822250685815155,6.393600310231079,3.9902389485324785,5.969346670241192,4.662890075609603,5.04682517051697,4.883157593422926,5.498261641261391,3.7078351537086816,5.156592440502399,7.455769305085313,5.429612908640813,3.2605996506995156,4.382593391270476,3.5979169504395836,4.605206053832481,7.079924694136999,7.751039516501902,4.85716263281888,6.337787949576461,4.779779421872106,4.555165742491851,6.262010431495202,4.527359019579562,0.8888820551078911,6.784678819878348,3.6312337176681573,6.716040473302892,2.6850533726914185,2.767292661399678,5.094599337927228,6.643404292135403,4.070489359313041,6.529299345509762,6.401678613868767,5.165042629529687,4.756806881777173,3.4718979555985032,6.375073195788368,6.072451837360858,5.085704291688985,5.297474006126669,6.670232865317116,6.716699405990796,2.8104507414431423,3.6438420230586983
2032,3.7530411439637374,3.66878683095177,5.383136602615319,6.77173923800389,5.419462565270566,4.723621369626682,4.641064478953681,3.4177962803592314,3.5597868194182753,4.054711401090029,1.1324868516375624,4.309634087840099,5.218616887554526,3.716218937933444,5.0258509511748946,4.82267808144291,4.346785287310682,4.376884483049314,4.285756465916833,2.09323528346916,3.6544882569190396,4.307901096778616,5.1016649399884075,5.454539704571169,6.154031253109374,7.151716975867748,1.7351953558623765,5.673387548032529,6.294797454277677,4.02118285049995,5.889687362809974,6.963084937756261,3.4289673355718446,4.300508612487468,1.7965831629931952,2.1349767081439515,3.568025257252158,4.925346606224773,4.28880825812618,4.321909026801587,3.9424956481903783,3.930078545212744,4.895659314095976,4.118455250312887,8.074744888643425,-1.6144340253124618,5.6948114999880355,5.043715345114467,4.241308574130138,3.361943779637415,3.921659457931914,3.327924901495379,5.438941305130716,4.817169859819115,4.7297100459535875,4.076086311166485,4.631997383634251,1.5283207242687555,4.787470487753553,1.3997212062279365,3.629659550326565,2.1958793933192866,2.704519102970762,1.2852302906413884,2.7567423411334553,4.81047791987658,4.169689544569702,5.091308046380681,6.538223058730366,4.61245922682186,3.8741977632045765,2.247588285120822,4.112097167968752,4.412904921422404,2.6778062877555686,3.531333760125563,4.524112552404405,4.516155321896075,5.217477571964265,4.2867307153840875,4.941025785108408,3.814538446518897,4.237736731255427,2.8597551513463295,7.709341979896024,3.413762394090493,4.1336369589592,4.560877931242189,4.080242856902377,4.354214397196967,4.426741090416907,4.0380143811305365,4.950116108978787,5.1158446312571595,4.295105262178308,3.042024429639181,5.996915584057572,3.083146635318791,5.619532783826194,5.159320884073781,5.883371521035834,3.895245137314002,3.273181778689226,3.6131976301471362,3.5814635413388403,4.19511350989342,2.8235366458694156,3.9424866024404817,4.0403269585222015,2.605251487717032,1.3661169553796484,4.612487345313036,3.0982701350236317,6.377739160756266,1.2190749017114275,-0.013896299712359107,6.264284525314967,5.634254121625173,5.01210807428385,6.00104368875424,3.695440996314092,4.08125195701917,4.916778291948142,3.446813798385359,4.466083173577984,3.1865250209967275,4.161751793573299,4.474924686892581,4.76820645481348,3.0354648669560733,4.3775070232028765,6.031953312208258,4.295683775842187,2.8639481152097366,4.051709043742936,2.379802132149541,3.904811080172656,5.759950701892376,6.667892768202971,4.234523667891822,4.93014751095325,4.054675068457921,3.856412695720792,5.103767286970592,4.170320398608845,0.049225289747115014,5.697454732656477,3.255703528970483,5.601976035659515,2.278381775009134,1.9880008442948296,4.49030932113528,5.419969831469158,2.847880577792727,5.00676282669107,4.983422521253428,4.3415803531805714,3.904195129623019,2.6264677391077087,5.246710435052711,4.715229471772911,3.889252501539886,4.0725932091474535,5.122857442994917,5.237069216246406,1.994912401959298,3.2736570835113517
2033,4.452810208730657,4.339376090929426,6.1467477974706695,8.287851879308963,6.313898594214996,5.988095912440071,5.588933652844926,4.11246732596693,4.384190959085165,4.739535935993851,2.323504871335522,4.501140286953284,5.927175202816407,4.525895595550532,5.946362032972533,5.775926534471841,4.5591794000617405,4.527707493253823,4.4794042809256185,2.973598911575489,4.664513536054512,4.711286721558408,6.352591022335246,6.129857533707706,7.099759180355694,8.473614321186622,2.448839942956794,6.40030725814145,7.374995971805062,4.197327745371849,7.3810912432341755,7.881987513717394,4.430762406053211,4.498823581070735,2.9994324255606264,3.289548770620905,4.206748771256414,6.099922264444417,4.685678951056866,4.505908709147878,4.856375959412804,4.834742882128421,5.11831019767399,4.780475854873657,9.536031250295974,-0.9785277319365495,6.868755384420592,5.31684861197297,4.447022017733803,4.416841489487679,4.877199265463604,4.378068722270687,6.354263342660052,6.550672233490079,5.4053220111748255,4.8592631699967,5.270686472798221,2.7608814537525195,5.80513166122396,2.037341156910208,4.605615381536814,2.8088311522171376,3.558533401324834,2.2236469702088657,3.9458752279651597,4.981801836655058,4.34693025001164,6.029182362145393,7.552671085914664,5.477426323397404,4.213799646188473,2.941387156153032,4.42013432034131,4.5553330331478765,3.755719299974117,4.317109825796097,4.958350551025619,5.350443329276711,6.487875041391313,4.452746325397282,6.194376943809591,4.428801022726915,4.715893416312235,3.57508110383461,9.177085532196639,3.6021103961714416,4.339875464809348,5.259944015535812,4.300149749065269,4.517460547387598,4.552048063483731,4.874907595330275,6.05068157253594,5.846464350562663,5.278670141409181,3.7137431504911387,6.911834302647355,3.800462364122783,6.530671734234383,5.964844113793872,6.8795845391678405,4.945957832295318,3.9797396074081295,4.550674596737169,4.204028327917233,5.1975758384013995,3.8913120036495172,4.160779887232289,4.659760290178759,3.328653563713208,2.600529164075852,5.413700263048041,3.9227760837509735,7.471589018558631,1.8887549577088196,0.9796103995678745,7.86369343384587,6.811052810529181,5.663612730030354,6.904042780527786,4.684722260154523,4.366746395826339,5.979196325972166,4.471781742742993,5.261608947903433,4.1074261449534335,4.879840554862183,5.092830970915488,4.9500514320258455,3.8846899918441142,4.8086472586568085,6.773021124327426,5.302724535095279,3.710758829874725,4.79343193987834,3.484533545272104,4.090900952446049,6.926225970659788,7.62833570521967,4.391558592175614,5.638367789572684,4.261657296583572,4.021753294714566,6.054966351081585,4.989738239810385,0.7471404397972555,6.5903130543643025,4.110976822417357,6.527139604862394,3.1237159431751422,2.9781339379220175,4.68083800211677,6.519058208077629,3.9568876985717445,5.804043436358719,5.761499720914609,4.519275599512563,4.593098282814026,3.275043074426975,6.1871028706945275,5.949625539368594,4.876661718405528,5.169321041682672,5.907378855964235,6.490454263985161,2.5914794341500444,4.036390488774614
2034,0.6377827275929779,0.028911400457910144,2.489064189509072,5.13776592672642,3.3193516417181725,1.3865413157076658,2.4477278009570886,0.4671689816590007,-0.1816452002987808,1.210247534102408,-3.4919032839865514,0.9026310860083033,2.6290393102721423,0.7582194634215449,2.807407333676158,2.616002128555857,1.1562836799722427,1.3121632762767133,0.7972231784771241,-2.0496291003414764,1.3982028447348476,0.9884232457341817,2.992653136623315,2.958215597888517,3.6077814342389853,5.110008968522066,-1.335104333943332,2.920847684530347,3.854149035531385,0.5962301856227987,4.184947482470808,4.956691557348804,1.055537881008509,0.8030293889600653,-2.514614478524388,-0.32511952108350217,0.6639341556563447,2.6450979252313753,1.268538233535043,0.9024829247902194,1.1147291639755517,1.6084436794807195,1.386739347001603,1.249524503304014,6.136608205478767,-5.42492372510505,2.9040996404685857,1.7131159035810097,0.759230840437372,-0.8253409998684116,1.6933120936155317,-0.8536175168279934,3.3042618981723133,2.8112494400862995,2.154541048510321,0.6688101389284806,1.6290675807615815,-2.902005965082811,1.6571467969052747,-1.7871662070011267,0.9254354855109904,-0.9329490168341296,-1.1299321187082036,-2.859906352285682,-1.3672881544535516,1.2545638534015633,0.9467930238822416,2.9506146779348095,3.911396235227586,2.224532473960826,0.7640627424778607,-0.7859218480258159,0.5556398037949503,1.5434446830687847,0.08540400040560836,-0.004939034838101423,1.2318189051644555,1.3093523979187012,2.2107248939573765,0.9835273836386106,1.7499992729261007,0.9123176557236712,1.0667509878503851,-0.0569150864050311,5.687533954953264,-0.0554366476576909,0.570245235387622,1.6498465591977407,0.43702404875436707,1.2475049403207077,1.6454805996397441,0.9446398204770571,2.69866185844073,2.4482784371437694,2.0797802245822457,0.1057983667686061,3.921405625232525,0.16463374269419676,3.544657779279452,2.0306519640866525,2.9962254454349644,1.6407261023233675,0.37729358518945766,0.8850411418183097,0.7197867700637407,1.9481089017514515,-1.3829433201523171,0.26503464476815697,1.1862887801795163,-0.41292534306131745,-3.111926054598058,1.5638777241110815,-0.7138514498826735,3.6912743353670283,-1.9504389260606505,-4.160143783123333,4.56048654507974,2.7898814719298803,2.617591325771706,3.9395468038474695,1.3571096247640144,0.746755380697291,2.048824307733567,-0.5376095540564618,1.4656022417134258,0.18438846592245553,1.3200065889235182,0.9859360916668487,1.351866529869109,-0.603091700709072,1.2152148860281917,3.1991373369919858,2.0984706878662083,-0.863998539745806,0.5950827711615048,-0.026583852439087823,0.44429845748276486,2.959971573717634,4.354811497418016,1.2064199275818877,2.126979083850468,0.4527923223273498,0.38722384438432533,2.8845749981059106,0.5502255831299161,-3.4908471878232663,3.5983121948766286,-0.5478727745598774,3.4268233203168545,-1.6154418921676188,-1.7833636387668803,1.7135846368197747,3.4031156142210146,0.46359249846688966,2.0734678239657964,2.2193011980632256,0.5332475481233714,1.0390898053502187,-0.3663328063256783,3.0917424519771117,2.6888668024591347,1.5812944502023805,1.871767914500732,2.105350110551405,2.051525253674081,-1.0835950215315002,-0.1286771474727276
2035,4.545204349119092,4.458463909810988,5.927870117384811,8.694794126111885,6.621150212555095,5.850344436500096,5.7930453861581865,4.473367892462631,4.500719186560862,5.068072720719824,3.0924934693451585,4.721637327641503,5.699150804044873,5.1120868638671695,6.19457584927822,5.992554978050036,4.71985046616916,4.761527211887058,4.699084169777301,3.419038800329999,4.862857242789251,4.8400263183846555,6.734722475553382,5.919376201927664,6.937052905944917,8.931755003230325,2.836256906390189,6.179416386860199,7.215024550798638,4.44141252274657,7.7549811375552204,8.096821117536003,4.6388826525673785,4.696546319486767,3.653629875388642,3.503447047595325,4.542793474320708,6.498382374997538,4.844767222116733,4.726818436692499,4.749998385150882,5.058040224417147,5.339194857804426,5.119072768194924,9.519056007779877,-0.3448157531434109,6.660496495407208,5.517562473000123,4.663966933201099,5.068649397584899,5.072547250009819,4.997705218350066,6.630371844974057,7.088742124494805,5.20229023084815,5.355885585577328,5.138186384698953,3.446564878626118,5.589606234482651,2.463546172555152,4.603621784983013,3.164351196381556,3.706003059600964,2.6226805448532122,4.546006685729009,5.20836545562308,4.544594249334827,6.29516656645413,7.358398305958717,5.724010159743243,4.525880307087613,3.3330946156177044,4.511521733526524,4.797816864375413,3.8586775577659247,4.403674123969316,4.964101338566379,5.037800904491853,7.7904181996810005,4.6996134701987815,6.055622418635876,4.768391682449245,4.871871691743104,3.9173165433879538,9.114791645957478,3.8941158189855773,4.568729846641932,5.82900090644072,4.516765316113319,4.768144688729584,4.79234562518781,4.610646575946236,6.403972339013526,5.626886733871851,5.491374882002331,4.003736112652156,7.131390680783779,4.152359807747415,6.798292106595534,5.664785270611274,6.6781495009259935,5.145161562695588,4.328033112117955,4.514710551448938,4.53973313652236,5.434950800034508,4.531585598685617,4.389841449671777,5.008392081178469,3.7204757876180374,3.258263962022189,5.153607300386348,4.06390319610464,7.364560129313636,2.3382931063915118,1.6595485729390211,8.239225228798803,6.644424952309705,5.4726921931423,7.149922120838485,4.941993647608264,4.623503754365034,5.868415020663163,5.0885810785252445,5.043717638300414,3.9699373784121774,5.206307199494594,5.240576113734781,5.168791158189034,4.292550121145002,5.093272149562839,6.539725576993079,5.538821372749478,3.823029645558062,4.908668193837693,3.6927918021021187,4.345580905290517,6.756977350162024,7.519504248068248,4.616799215304438,5.432075974756278,4.508021313825558,4.279244146470364,6.292997205051881,5.031943868283699,1.307719645829039,6.891701007711477,4.231540270406624,6.739284743779696,3.3164585196766403,3.5430775685557023,4.846979591353188,6.816767290748403,4.150323886295847,5.524700890327322,5.499567201168373,4.728885870555353,4.936397080791402,3.6492463637721415,6.44310029056566,6.245897284403827,5.113592989871215,5.397035441008106,5.629904487652,6.3177060685281115,3.018137086825122,4.114551401793446
2036,2.314133626719317,1.916571348905562,3.5180221706628805,6.765701730797688,4.59615158016483,2.6582660414278525,3.6566418081522003,1.9002235089739172,1.8403351679444284,2.5648469010988872,-1.16271637889246,2.457565401432414,3.505595622460046,2.1075743434329826,4.024486026540397,3.8061275353034345,2.6147756076107425,2.7494391484806955,2.3893231123685847,0.24409918111438472,2.631557243978449,2.4508628678818543,4.49934479743242,3.8199292783935865,4.500328095164148,6.502487804492315,0.22993521684159912,3.818486792842547,4.81933089327067,2.1591538056731228,5.777199849672614,6.20729234615962,2.3386845419804265,2.3574877690523834,-0.2458090657989186,1.1497924627115317,2.0485417490204187,3.95384316761047,2.7990450024604803,2.426566498229901,2.3206297400097022,2.8500887426237287,2.948030656576156,2.5753396968667683,7.699149434765178,-3.5387718854394405,3.9668431305636997,3.187480211630465,2.379500536620618,1.2329369112849222,2.887369188666341,1.144256297653194,4.532966920981806,4.642378789186477,3.045511585474015,2.3025909774005413,2.729745177707326,-0.6141774768941086,2.7604344190408785,-0.23668951193491827,2.1957200311124305,0.4916178427636616,1.0146877301235981,-0.5957196650095271,0.816953539351623,2.8491543800880494,2.4397359192371377,4.183562044054271,4.92433568059156,3.4466083072125904,2.229812125613292,0.7490815659364063,2.1073742220799128,2.941290166617061,1.4761134057616176,1.9012877494096765,2.569305031249917,2.376302855834363,3.5194399026532968,2.463323362916709,2.9555404866735144,2.2556573942303664,2.671653673549493,1.3867176273216824,7.329344522704685,1.6409000081320608,2.2286563212672865,2.88288074862212,2.1188442394137375,2.7355326044062784,3.0118951405709002,2.0686620697379103,3.984110793440291,3.3671489119529716,3.3088867564996094,1.4170915818462764,5.142168745445088,1.6004937693476677,4.769317236946276,3.0325885410110147,3.995909411956867,2.9315204848845764,1.7923833727836607,2.0974926654249426,2.1026795277992885,3.2284413082059484,0.6851125728338944,1.9735384628176693,2.511948222542802,1.1247045256818318,-0.7654123409961652,2.615903771420321,1.3654659936825415,4.801513410359623,-0.34276264241586357,-2.0504048801958583,6.238213524719081,3.8334850321213403,3.464684714656324,5.185961703211067,2.6248269900679584,2.285201222201187,3.225525323115288,1.44376499305169,2.5429271715693185,1.4267967864871036,2.6743750252450527,2.778289858996869,2.891005911429722,1.3322046866019577,2.68991658836603,4.177125160892805,3.370604850351809,1.2191918659955243,2.4418486528098566,1.4062515749285631,2.0721927766998602,4.013465119587881,5.2479662850809605,2.5947296989771202,3.0908358554666235,2.138181425879398,1.9953190304338944,4.128841912125549,2.4379612356424345,-1.7366431223228596,4.849296456947923,1.5428038378556572,4.6281145637234085,0.5532223499069625,0.20704128506282996,3.0205690522988635,4.764915991822879,1.8531059299906096,3.0389554423590495,3.134986601521571,2.2150858273108827,2.3912014534076054,1.0976062916219245,4.3044124472886365,4.1254723690450215,2.8341249682009235,3.216188620527583,3.109254064674802,3.2347406697459546,0.402075006316105,1.7116061389446244
2037,5.689566260267944,5.7939678569292195,7.062864908884311,10.213289920754479,8.066112482342225,7.213031440973284,7.427571794596209,5.768306828906827,5.790153834840345,6.534860366923284,3.7457998163741197,6.089041132865283,6.73858459704909,6.354880717807807,7.83442876873345,7.670305627687225,6.13736659853623,5.938661329705135,6.21081737480287,4.353810713208957,6.41051239237703,5.582812818987616,8.392984300594904,6.922814718736661,7.982476554554085,10.148347821215106,4.005646415054797,7.316245940353334,8.100415777286576,5.837593411047269,9.235847556385501,9.38587127651634,6.156809598464393,6.229212911735325,3.9939619117769714,5.10021201302779,5.850413266569374,8.087052906381674,5.970797496879925,6.1488728548946066,6.042340999019557,6.691841215922914,6.829666792575659,6.431780660974569,10.742161135735179,1.2360444151121974,7.737801509670477,6.912646298778463,6.113490026187283,5.9112948556591185,6.7818356912968465,5.8432308044926895,8.146705969654278,9.1136971193141,6.2080972266608265,6.419290499697468,6.387337049019746,3.923510411946937,6.878051285086008,3.8536393169699035,5.933502841612397,4.747911258504311,4.95673124839006,3.592622235417366,4.797448258975456,6.836637137534004,5.970088597515532,7.737107365295805,8.268393529386355,7.221645880875917,5.788318852669206,4.508203254177653,6.247638520046045,5.8378890960894765,5.265460650982529,5.678282740814939,6.448921642426789,6.385580531738959,7.638592420081642,5.981335484776002,7.338001319046678,6.204943944282576,6.029108002139579,5.1377974546610785,10.369531181608808,5.1504477498860215,5.997090154166883,7.189573189821736,6.044153175348871,5.894239313001265,5.8119574719718825,5.738739702336751,8.051702493223653,6.657971743365812,7.062780687264329,5.666942097342993,8.541495008715266,5.416604504503049,8.203303075042273,7.022239686600094,7.887319676192672,6.570947143730932,5.6129100715805755,5.809945968718369,5.787275389350695,7.063645754780233,5.3392235260328365,5.916118277228794,6.334038503339579,4.8841349438860515,3.558921055290204,6.349470573252643,5.350410534197399,8.373849744940628,3.5247439893669097,2.427185358158474,9.836205568806884,7.839748186541018,6.385055839533695,8.524810954671485,6.694904523419921,6.068374512524442,7.086081336284506,5.855921539767034,6.15539908383427,5.0959678828266695,6.585307620465758,6.500501003541887,6.660810092207176,5.136999687019352,6.473978983270453,7.628047540270048,6.9905187605623285,5.078765203829066,6.125605845117362,5.213167804518138,5.698736336724511,7.890098428674813,8.384348723908955,5.824433466483807,6.563125513237099,5.915112781884341,5.669452302157878,7.971950947210708,6.393949013845677,2.556222824444031,8.345481348448786,5.520713780011087,8.369592748903516,4.552399136896791,4.141208815677414,5.995946788839224,8.264316299352151,5.655447033458745,6.736867467647993,6.649887578112293,6.541412409523438,6.276301503438374,4.912011681188793,7.9816834397357095,7.728177190854634,6.899373149049698,6.8652923048056405,6.884201173124646,7.635535258157498,4.47220955583556,5.4389466884835
2038,5.129285795164521,5.15680559281388,7.272495451415404,9.77529416962302,7.280004894136102,7.89359981104218,6.460212602055277,4.72360299861637,5.133629698691698,5.402212308141694,3.134735310450193,5.480761361533198,6.883080732205815,5.297471801397103,6.856101170567603,6.673571333546063,5.52873340004991,5.423788696013651,5.487085525331827,3.864023215297995,5.505969769995791,5.3725143451372075,7.679636328384798,7.057368348641641,8.330666449820175,9.420474428555059,3.0684003927584373,7.487733125943567,8.609674737628165,5.1995718711103995,8.892775927124354,8.654499671490193,5.23049210114726,5.544681192728976,3.7275863684200012,4.151024770120096,4.847371077004434,7.08133843756313,5.461242448923919,5.487248717710886,5.927784952624092,5.6735837295137586,6.190857476073092,5.378861107959828,11.720444171593103,-0.04815017791657992,8.292630283483145,6.34809266082172,5.479387737810613,5.181822944817875,5.783182364085623,5.13527745727835,7.290452347169149,8.515777815004881,6.3534066486975265,5.525986587564496,6.388161230832339,3.4924055517747488,7.307880099991272,2.7299298304935986,5.605362787842752,3.4395515307270226,4.313621895940742,3.0736316347430503,4.610039916403337,6.091966554522517,5.373561544729203,6.9345876985582775,8.762474712626686,6.248349137604237,5.085975409581743,3.573814732761218,5.6249578965121305,5.409786927802814,4.665876960959929,5.042793190170981,6.118267286697339,6.602728787167318,7.700030712603491,5.387633067973217,7.997956700623035,5.051016427833463,5.493583730582531,4.146171993736562,11.287616554005393,4.621567756515638,5.373857728623111,6.005684128095364,5.36633074052375,5.4309584113030605,5.389241576194762,6.068588089840167,7.0380254229209545,6.828177042048554,6.15585577793034,4.368287157909626,7.73119795476568,4.399144404278749,7.439954909496012,7.202474283118699,8.261614278344247,5.801882827076419,4.568798058762631,5.528713050587422,4.8324686667785555,6.134025818315052,4.64616121338873,5.241556836613295,5.283800214400578,3.9442908455585592,3.3431125725137805,6.598356116434626,4.6907996308732915,8.939503027961171,2.57255224762324,1.7799203803377415,9.394726056477117,8.357431606357467,6.513146277388625,7.754225484256087,5.650431262008078,5.306836260289981,7.391159919829208,5.169992823025276,6.38621099248272,5.156951604218324,5.526311401277782,5.8854079554820915,5.979867445754594,4.604531671761487,5.633302519290611,7.861654900528236,6.166257148415879,4.45638844139617,5.509305926746335,4.359735289524339,5.115593593824527,8.433262906711676,8.831081342594375,5.294431563081411,6.734948696761297,5.300736695014197,5.054409660655876,6.988603311109133,5.730805837324469,1.5380320359053496,7.553721879833732,4.851548314094545,7.404593277594137,3.9266580332969827,3.6713441178716466,5.51510092095825,7.579891787006937,4.816244250741502,6.908429796325748,6.756251255499906,5.717555396515747,5.216586929970778,3.9119090658837377,7.10363122123165,7.083993526753681,5.833063834700094,6.097115875061215,7.085795850589361,8.259010422846366,3.2762260565470016,4.793554092018771
2039,3.6307556454477643,3.350700650043018,4.664777677120835,7.197709232054905,4.986506797437523,4.309863637747436,4.076262149831348,2.8447203160873786,3.3717251114290328,3.4808740245884913,0.30102313480115156,3.575259368433138,4.543273293766481,3.0407809247744484,4.44751897068887,4.243440611095264,3.7168022293982816,3.7193665155049054,3.569397099316121,1.7957299187265567,3.0744410105820363,3.6152757815695544,5.0043500181416025,4.816214742973964,5.710945294848806,6.950868085636914,1.128264834911659,4.961071603000167,5.974175672849704,3.3141361839812387,6.307605352381182,6.542030587527453,2.8433175654760716,3.5892491715735377,1.0232357747595862,1.5339102387942132,2.9985680233301797,4.505907331625451,3.9007618311664154,3.587752917074956,3.2521346807479876,3.3627293695663583,4.176686775067756,3.5437744557857513,8.766857813144554,-2.378400235982806,5.310008922527576,4.362481781377876,3.5337370284672436,2.5489970163024713,3.3359289325709525,2.4716429679558205,4.919101887221998,5.312194019620277,4.070033205994247,3.3948855240154914,3.9183229436648315,0.7412143724745699,4.180927384678871,0.7410700280572577,2.965569225878553,1.4720346514007105,2.541041193337278,0.9540855792302915,2.0355903418927337,4.125172298273137,3.5482297201865705,4.5748628270009455,6.14706662534897,4.052402452148242,3.2762224257056602,1.6549325790898572,3.4075706643534107,3.838490876979354,2.0447645450717418,3.3671197950005007,3.8328653274682063,3.699312830408076,4.417392797575432,3.539668551806749,4.534005192076338,3.2099862073002168,3.885261849468125,2.2827574862488405,8.467804093299241,2.775524357012636,3.418434238125539,3.8460724456556936,3.347151688974482,3.738457526112427,3.8608871274467194,3.261762658583709,4.464370161294937,4.429892118121016,3.7283009948401626,2.3544410499744144,5.493757674277856,2.51475131460305,5.149703018495746,4.33887080180234,5.3215079482259435,3.3260862614060245,2.72353179084844,2.9576670054731697,3.051762998393127,3.637235321489901,2.014264898695822,3.210941184697479,3.4528215101052964,2.048152802833198,0.6305792714501245,3.84990210060416,2.9169427346566663,6.039471711417471,0.5975945661294065,-0.8021496542055011,6.719730162415013,5.259210190446727,4.399298694562811,5.531377445649485,3.084915572199328,3.4191955608026725,4.447262730866926,2.6958848387002954,3.721645823429283,2.461211219173055,3.5939073254322222,4.175394996743779,4.088678659550076,2.5276129516805033,3.7609880191498806,5.309928579577083,3.7650621656713823,2.7136644003511377,3.897806157325881,1.7914642254854092,3.2129309449730243,5.401115864129927,6.371933429855216,3.588581871112874,4.215111416475526,3.3355500808563754,3.1640181993616037,4.538213918499391,3.943759756355451,-0.6502944549609853,5.227983207441869,3.0792343369845696,5.041179724294563,2.117356785316148,1.30605619606273,3.929327790079446,5.1886287390671955,2.250201983947368,4.241942614830773,4.265405143643247,3.619349267976039,3.3491956700795686,2.0239241861513446,4.696886735743495,4.560662040165789,3.2851926982402775,3.6201995667712445,4.348976434690171,4.816634408487329,1.3662007650167782,3.1372936185577815
2040,5.409997523576023,5.498613372879723,7.6342060012122,8.784961631894113,7.549084084729357,7.142863168319065,6.888639842718844,5.265251648612321,5.425151797182237,5.918589055041477,3.0158450620248916,5.94319359638418,7.280991639569401,5.466885214050607,7.2487086306481325,7.096323552727698,5.914025011472404,5.867383753492807,5.9932756920655565,4.093194734056793,5.963843509259944,5.718475256860256,7.359333461771412,7.4130100848153235,8.080866695940498,9.100083614327012,3.6232497411469624,7.809663430104649,8.14742043788234,5.663835906982419,7.886336896320189,8.999778097728267,5.709676488737265,5.980698950092,3.5977275289595165,4.706806776424249,5.2887765243649465,7.0910862361391365,5.845324415589373,5.959363939613106,6.327224038044614,6.140170541902382,6.71772030357582,5.872073799651116,10.178001250823337,0.6781154086192421,7.758712838900588,6.824241781234744,5.938506725182137,5.070509649316469,6.214289287229383,4.962242227296039,7.627042395745717,7.1665931540230945,6.736075450231633,5.75213094940409,6.78333264614145,3.386247464083135,7.161898639922345,3.3657927781343457,5.988358798623088,4.1320419475436205,4.638715595131117,3.31099787019193,4.4886848812301965,6.544823636487123,5.7668689010043925,7.260710293799643,8.384529313941801,6.694109276433786,5.483211798127739,4.081231395031017,6.040187474340203,5.84598079547286,5.154263177514078,5.329243030740569,6.502391070593148,7.026105049128337,6.464784293373425,5.878586299965778,7.275923613210519,5.5880228144427155,5.850864725559954,4.661567609508835,9.812342424690728,5.067622542505463,5.8602511440714204,6.252243057390052,5.850342667599519,5.884941020856306,5.8108048051595675,6.428126527493203,7.205855363638449,7.219826223452887,6.580791778614129,4.95777765077849,8.069322421401742,4.898257460569343,7.712061228354774,7.615046880270045,8.076620551198719,6.1502713650465015,5.063065990836671,6.008683222283918,5.248362226287526,6.506402388711766,4.524719907840094,5.722076345452418,5.776190163691837,4.439274573574467,3.2807370694975067,6.955791822572556,5.017024738093216,8.38035258849462,3.144435042639573,1.8799398158987366,8.343544845966004,7.757894156855037,6.914775249734521,8.085913324231905,6.047535661359631,5.773537067572277,7.160728265469277,5.114038276672362,6.789496312600872,5.627676005909846,6.01274587578761,6.215808266897996,6.4309453633924365,4.8287997636944056,6.092157289385799,8.22265470636388,6.552948541318381,4.760212134507792,5.803112871261935,4.839424942930541,5.584185165166858,7.841016669571399,8.375059232302018,5.72357975455622,7.098412371550993,5.796923191845419,5.508283335715532,7.37699046035608,5.995073707774281,2.057375424355268,7.8411930953462905,5.1597019371887045,7.809468430777397,4.259465536599361,3.819725640614829,5.892269924903908,7.527746022244296,5.274648252502084,7.344297774136069,7.220254742105806,6.161851619028803,5.630149165851374,4.452470319345596,7.477714146176976,6.860122214257715,6.263988734285039,6.303725768004854,7.479016250434021,7.5562055875857705,3.932325844963391,5.10709584293266
2041,5.21822783607861,5.291699724464583,6.984592144987709,8.755231761213004,7.32448356778457,6.700509598542901,6.617107739607837,5.135166111691244,5.234264844707373,5.765295621649972,3.6584912640010465,5.7485114758641584,6.653071767168827,5.52054508428635,6.9875772685326405,6.807955627008508,5.755421548487683,5.665095458770624,5.759273243618421,4.06959111012262,5.680846219946602,5.592270331714174,7.236911099532553,6.8292651751945765,7.674446723070639,9.107246898949658,3.4919638063373224,7.190709367394448,7.819994587322761,5.4568646394744,7.888473200386968,8.738640669219453,5.442173474147147,5.800911940891174,4.251411914311607,4.3612064115446225,5.233010403041179,6.975771136838813,5.634440057750411,5.760399444349882,5.7977365969583925,5.8707486301146705,6.417191212290323,5.761093932878355,9.71985116189924,0.40434678207183655,7.407807737075052,6.538522954002536,5.74507604899078,5.637740418571848,5.915589526809496,5.601306980540016,7.403519208575122,7.232946626649333,6.127783576540391,5.9151874848737815,6.20658743946717,4.025582875831632,6.602032667603986,3.1620665802138612,5.557169992862078,3.8656812993215453,4.425489018703329,3.293333576221406,5.1162104753070885,6.329892877874702,5.582378954193073,7.0512639523066385,8.034772529684265,6.480504441107138,5.363121437872281,4.003150374468033,5.742307546195287,5.6401686462862735,4.755394801882832,5.136176795473896,6.10295991162802,6.286307506006335,7.444810195087363,5.665822172216299,6.877863773498042,5.434034626031744,5.661835428455777,4.54513169465394,9.333384828320865,4.8561195512783915,5.651846520859615,6.246513834287383,5.65105139435237,5.679111104073194,5.609698579742991,5.7579269571037095,7.023875331056527,6.596404013320292,6.309807561723326,4.725286137954942,7.837472657705178,4.804393655267257,7.524295574054119,6.881052318318138,7.583016136179452,5.936614817072607,4.985520817082501,5.471087133062296,5.199568827604429,6.240349206431163,5.112521969552699,5.519492546546049,5.655873491332448,4.379338985887071,3.8347282398106732,6.301214722723797,4.802993313248816,8.018564573392784,3.000549281208677,2.279421429053461,8.323738049844215,7.387754844437381,6.328018087379888,7.849119457705265,5.77673786467519,5.593973364167176,6.729340220705188,5.604033519674482,6.1121625518747456,5.000334546483801,5.902208709832412,6.022524258988941,6.223635024680146,4.956946142788593,5.9504446487488405,7.580428267090484,6.296658711829065,4.54491442011003,5.611442140464124,4.5230301613437724,5.375449098903557,7.472188306265866,8.084548513950974,5.526010196270617,6.469729123829767,5.575694357526712,5.298975742711076,7.116841837153604,5.812488727014636,1.9789194400454382,7.625869670047846,4.96073032852969,7.535535356607932,4.028241273272654,4.1595931628654785,5.721731120913195,7.381974222331215,4.994483969559699,6.641730018666597,6.517357383822572,5.949766520796154,5.609842954524631,4.305379712889933,7.2408049687871685,6.738298041553332,5.964078607744181,6.103963159153172,6.78291622574987,7.150151351531006,3.6629618544388425,4.864871524756065
2042,4.976551181797323,4.940760674798088,6.452431049647514,8.898163653396328,6.636379370401641,6.533659929216932,5.790223352867984,4.787046565834816,4.969842677197321,5.338178502074607,3.553433586811196,5.150687736812333,6.169415596872568,5.286097143070195,6.159908966771491,5.973048401289974,5.16669269085958,5.146894157189746,5.144302420350235,3.881170512787225,4.864994826758729,5.284890415896625,6.834357537586114,6.3684606659707885,7.429228016400132,8.891512258299468,3.2118904458294644,6.699771916943377,7.6859066879441,4.8697167115992555,8.029433702600413,8.132686351206166,4.676842955727899,5.16337884500109,4.128023342935945,3.564713006261095,4.838990588511886,6.458793535250525,5.2609354526864305,5.156320339775298,5.16259246794828,5.115381207445572,5.807982402500405,5.386198753298357,9.979618095118425,0.13498545104059845,7.235261948586537,5.97228672406797,5.131208830063455,5.485696984776137,5.062104717410848,5.4388689486117165,6.639599737422215,7.318486334948704,5.646567032704581,5.68982577349605,5.658592558690706,3.917862884186465,6.209561840342038,2.8439978001446558,4.88634926517462,3.4591673859234495,4.167289537217081,3.1184815000286012,5.007603780719743,5.6956877711967655,5.003529804501812,6.297020789364288,7.810111707140664,5.794599073842685,4.902199466680656,3.7003042667076547,5.042056114350745,5.167884432678592,4.028861494927572,4.87804497534345,5.4856960709238844,5.669511189234671,7.640400139550713,5.098914742309213,6.690610669296363,5.04974911284858,5.298587793677019,4.223087379002364,9.645991395259726,4.348515883088112,5.0246580923939606,5.917545205688682,4.9898943315292215,5.165351746154243,5.151604051733838,5.190471552055458,6.3342388596000365,6.103568966532575,5.489784638429512,4.2019980787460165,7.139193314802026,4.462395435905664,6.819391443297784,6.270763685991025,7.262686591595413,5.176862067735656,4.6294728892309385,4.828236267741386,4.834334221893344,5.43263539736127,4.979976850080083,4.86922185887293,5.28999238152956,4.068922519555379,3.768139858826483,5.7401848599828575,4.534111293739286,7.89870641866081,2.7390584770975446,2.111800526750499,8.499541180401012,7.229131230634864,5.884815855722491,7.181841049841125,4.888936909557934,5.044153544409523,6.391308213359326,5.489156104110438,5.568933798064446,4.40559423894718,5.4643306991663465,5.697290607310576,5.625851748414854,4.703989951261156,5.481072225704278,7.074581006220702,5.542219618271141,4.292840481575193,5.3677989861060835,3.77680975154588,4.792604002459294,7.324659489609046,7.923529457043988,5.009952577858648,5.94204513279015,4.967792478871755,4.717013054109848,6.291460907150962,5.525196417925299,1.7359817850178692,6.913641918835971,4.693929325179037,6.7384677859472815,3.78432297860754,3.9599419058910716,5.2312850491304355,6.894280102778357,4.209677753263503,6.073502815938716,6.000220418233296,5.254376245983715,5.226082837787171,3.996804920763807,6.428487823954946,6.352887064860813,5.087241494963904,5.448187859407786,6.20846537282241,6.979891456085545,3.3728307991706092,4.582526413788056
2043,6.066434414415011,6.372722042017968,8.638523022162506,10.585551190093678,8.462299389058149,9.071782572965684,7.813069179140287,6.035447571812006,6.235424978979704,6.8033894270594235,4.508531130400715,7.003295373171568,8.212288704797116,6.84287543851754,8.271599973070213,8.130715983695,7.031644890984074,6.7317508048024655,7.16138539543568,4.890928064954693,6.762637785025711,6.3795615404458905,8.841635204112993,8.29601219399222,9.364416564846866,10.188509033479054,4.331031030878939,8.7997100655118,9.437039362780492,6.73412644092379,9.679023608051493,9.724726985433493,6.50855166413661,7.180167968417037,4.635712861500936,5.485234228701426,6.204578181279118,8.29680741154429,6.5655416774338695,7.036586188823628,7.2422043656737625,7.068284125163637,7.799720359259641,6.670330484365596,11.863305746481338,1.581332951013389,9.201394965422562,7.864605070007483,7.097357422884169,6.948278211571017,7.2378167467641354,6.811147054207738,8.575775545218894,9.654470125149038,7.683780641455587,7.11002261846744,7.879321623978948,4.589277778720033,8.58504147879009,4.184165075678245,6.905414008631788,5.145479425274095,5.440729134555522,4.095139979288496,5.4068393499172975,7.796259024662191,6.858929941366462,8.149459275706063,9.669231307596482,7.555302491475802,6.408280017336126,4.793898937099709,7.4977760556443025,6.5795737967408945,5.938653828768894,6.116975028967036,7.804244989978862,8.177351330888687,8.70360157773669,6.809333449614969,9.019686006266495,6.49395784915521,6.599999369218431,5.456416606903077,11.549533802373652,6.0270104284944175,6.99830441639341,7.629183045556319,7.079740284074998,6.711267896767318,6.540963073228972,7.406316025503754,8.38122008483986,8.16805473708644,7.434608264216062,6.051065243652154,8.903757970908597,5.707495631842779,8.62591778101592,8.79623419585927,9.411648010128532,6.989413073350646,5.907113151817487,6.863537567956691,6.166862378860344,7.530621946371836,6.270182263427252,6.973344655129418,6.602321370279998,5.153824861707364,4.15759418082648,7.949800009935586,5.819979978532628,9.829991794608791,3.8202789161225845,2.9940868749700793,10.262856922272983,9.37022360902408,7.750836236209705,8.890995258915014,7.193351091495877,6.870534097840046,8.468626336804757,6.80193748363647,7.778268246301291,6.488460301325239,6.856618241246405,7.039463149062518,7.578763041195685,5.687614991618644,7.0910232421653046,9.210336454469585,7.372426526299844,5.557697100115235,6.538296933574922,5.6035520806908625,6.654245107852182,9.384970342162356,9.6956241179643,6.602973047579673,8.138744501204329,6.936647753777178,6.594256643205884,8.432422479678843,6.839696064398721,2.9366889788993986,8.765052729639516,5.989847759684102,8.791764364160343,5.029365377179505,4.610994121252463,6.744277599781492,8.661246819228964,6.060523545305276,8.43679043753394,8.240334531356549,7.627311769744447,6.580013231390379,5.2280933433051775,8.394461263870367,8.131786380348531,7.407558836331912,7.2836582126288585,8.585402864834355,9.310423003188497,4.8406321596482735,5.8979777000073765
2044,5.017420976484818,4.9530070312321195,6.263952919840809,8.032197560866672,6.3487558523813865,5.388897737363973,5.483737258240584,4.334129702548185,5.011927480747299,4.9636178046464945,3.274158077190326,4.963932185247543,5.987400817871095,4.651155754675466,5.880078604817394,5.6832758868734015,5.029551827659209,4.951495709518588,4.985583979574344,3.8016589297136933,4.511371298631033,4.96189082960288,6.240683304766814,6.198944621905683,6.723267075295245,8.188340522442012,2.6330004418889685,6.473261774579682,6.829877269516391,4.678982385993001,7.124529320249958,7.806935454330715,4.3125635256369925,5.03222090750933,3.8262361203630717,3.104976117114225,4.440117136140665,5.8993106149447465,5.18165647238493,5.000775181688369,4.85436562796434,4.7861205766598385,5.635253601769606,5.002976912135882,8.898813577989735,-0.5290971970185654,6.250618155331664,5.787327868072317,4.91740569785276,5.319634767870111,4.7747831843793405,5.258768138910332,6.338457075258097,6.277557369430237,5.4684159328540165,5.419782692566512,5.45732646435499,3.612562671303749,5.565721560145415,2.3306454132000622,4.561737529933453,3.118391897777718,4.213967319577937,2.988037043064835,4.7017979177335905,5.570109575303892,4.850813424789037,5.984170654664438,7.128703966860971,5.474477368096511,4.600269945462543,3.126732194920379,4.935691016943506,4.9575924014051775,3.6244731254875666,4.9401557606955375,5.327525980859844,5.448422197997573,6.453632222798961,4.911730132500334,5.577711168397219,4.686210488403838,5.234595498318473,3.740825347974896,8.54024110535781,4.084243704378604,4.8231401472042,5.45623789151044,4.7929637549755455,4.94138327141603,4.942397005856037,4.930128060777983,5.8864427390197935,5.902128827571868,5.165338289023686,3.9254131979619475,6.840510169292491,3.990254604692261,6.516388345509768,6.077338496098915,6.576719244321189,4.809993847211203,4.169916087947785,4.511815306047598,4.414246396968761,5.114469502369563,4.7509704476067185,4.6612707200149694,4.892867494622868,3.5135057758539925,3.424100074172023,5.500663245717686,4.597040598218641,6.957783944283924,2.1299361055095987,1.723028512423238,7.564653286337853,6.225122591853141,5.710261558741331,6.868338284641508,4.600553831458092,4.819367947677772,5.732220324377222,5.290154034768544,5.33622706917425,4.083025016387307,5.082687868674597,5.684213992953302,5.486671394730612,4.418240224694216,5.180307101209959,6.856486374636491,5.1963260418425,4.330451827201371,5.409796305249136,3.3280904203653328,4.568359803097944,6.354304883132378,7.136113532880942,4.842830785922707,5.738122309651228,4.745906887017188,4.513032130897047,5.991999940449997,5.615297147134942,1.186427941607931,6.621296937266985,4.740575601781406,6.440836488579712,3.811438169175135,3.5317891031503685,5.077186888953052,6.415712616468468,3.7869511455297475,5.875328601617369,5.817982515133918,5.157961023350555,4.817607428133487,3.487946164576956,6.1341638222336785,5.784987893460009,4.7956772188345616,5.033052640904985,6.001945029199123,5.873298110564552,2.8962646090736013,4.685498736302055
2045,7.196659518598482,7.54538033131895,9.41863638136921,12.377316630605993,9.606451045529083,10.712837853822217,8.81806104810074,7.44031094477094,7.541134664371353,8.146928083280034,7.215684129374813,7.837349977665419,8.905149526123346,8.388329346889053,9.264748085418653,9.091375737868507,7.763420679895529,7.512737145197805,7.957268895003307,6.6340544135630894,7.862075034914346,7.364934492727809,10.353999017914436,8.958112795291282,10.555030420422554,12.118824043150607,5.73992136673167,9.554444151448797,10.821615390736481,7.516445661220569,11.458738024892481,10.789723294819222,7.662128302557715,7.962525619258144,7.408014275583209,6.742363965716857,7.4696339738780075,9.884977405569678,7.485800485929539,7.851876533237,8.155874826399419,8.11302341803395,8.602104716677347,8.007132716091537,14.523777891849647,3.30376014370343,10.637378836500236,8.69378211503399,7.909724175801563,9.043588307116119,8.177086866107482,8.933667900811496,9.646226352915681,11.702732223888926,8.335515550755222,8.686802009361442,8.631498654340877,7.351822978720585,9.760454060509803,5.602581308833487,7.891908454130694,6.390719958420459,6.74009753532451,5.916296965795859,8.099003295960097,8.569046476534725,7.587453196788656,9.25343266026727,10.930248366347675,8.68292784600936,7.382461683503513,6.228377114017979,8.249832746797594,7.334957451142111,7.087232547587366,7.381726701326411,8.52967009166705,8.917109898965931,11.028588567314475,7.656794574111702,10.683430284261705,7.774659796007748,7.61774734728809,6.773477546099961,14.072096989072607,6.807298180229709,7.819263524986029,9.07452023029328,7.90061894343596,7.516859957370265,7.263250428540958,8.214159025714316,9.71326680455742,8.874328560356439,8.514685003921903,7.174996227218675,9.96322611128462,7.072681708582521,9.723026397541684,9.528629479994036,10.628381756744513,8.134312765423918,7.252745772744047,7.817140380113289,7.371513466382852,8.589063375931362,8.435104129129446,7.777533743883777,7.900161967452235,6.616491905060313,6.98277194252045,8.71351907325202,7.110731936798531,11.278085125931383,5.2979023448866,5.3855763636529455,12.08003235017431,10.900158493169426,8.375531272384624,9.985709447799058,8.19909883932821,7.757138059699334,9.734726063650232,8.830317444842441,8.573348106752182,7.406512487551264,8.206035259725724,8.200300127781674,8.373306747525934,7.407416966454737,8.151728326334325,9.93338963389397,8.509744385450054,6.827488376180927,7.7737264391998275,6.847848975195967,7.445916252660343,10.89699178002775,10.968239033530496,7.369322468863865,8.872249316102986,7.744031002680805,7.353004811267406,9.433993440057181,8.153750469201599,4.642935444054933,9.893489468842745,7.287802521524761,9.752448182392477,6.360124545621462,6.8796081055148415,7.443073332052808,9.979176101114216,7.272594937476622,9.17464618776636,8.938168828343523,8.384104259247922,7.913466894421086,6.575086248460519,9.46308589392695,9.556362904351335,8.375070938776277,8.500650297464997,9.295551373655432,10.943610570040251,6.137077027157045,7.119235385723153
2046,5.860105410732073,5.944990844497907,7.947512047557994,9.85657883820863,8.248500316821296,8.090032223547842,7.803798191666867,6.255752382735752,5.899495573007858,6.919631781120753,4.386713441075947,6.350714352624174,7.604230225856964,6.960310860761792,8.133108124650759,8.033612602743606,6.308344883137737,6.200359441596885,6.423536631053889,4.741012640040501,6.889634037839957,6.148544341582681,8.357390897541212,7.722767039748105,8.731346218365022,10.26809271810384,4.496017612259965,8.1602777715387,8.874777086881988,6.066881029770294,8.998935112922354,9.674663218444795,6.645762805794853,6.438133610862082,4.817884753329745,5.578058183707041,6.1776455656850136,8.375662755863418,6.245393823960729,6.377152309335512,6.847671391635106,7.076565189094379,7.199406370006763,6.8974868041174195,10.724359241025205,1.6966586328785997,8.583960547240387,7.285439668544409,6.3383061998877,6.560349264021583,7.17282672894412,6.457758284848311,8.415090561940747,8.632532182438622,7.059893985375248,6.969614493435825,7.135002107648499,4.625666126464333,7.7849849770809065,4.357636769783906,6.596337662174783,5.2731286729204205,5.10431381058076,3.943438978030764,5.650178376199872,7.042304987537452,6.177857269500868,8.046046216426232,9.039378070882684,7.647445606260466,6.086752071350425,4.940207111681334,6.502719173143653,6.1332103762904175,5.884582586586473,5.811976549311968,6.934350315481427,7.446913317359729,8.747439542977979,6.254169625069564,8.18984249645266,6.620074451740448,6.259332397631533,5.593417224699054,10.418402950311535,5.380462023204769,6.268452135139502,7.747804643393592,6.289820433176797,6.188580035649495,6.078063634705961,6.738461044327968,8.339736633066988,7.522013964709538,7.494391378400655,6.122142852380363,8.816831642440684,5.831811078149694,8.414848062755732,8.04480726323251,8.701447258221691,6.986368272325088,5.989367173149665,6.558777547088164,6.116312636640571,7.385804963009109,5.939871608697139,6.156283337044815,6.778343848627185,5.3161484866306745,4.411950505499184,7.289486385624982,5.47296605040801,9.148415785668233,4.006421226879647,3.0612265872126745,9.504455179618352,8.591124961859197,7.225067135203505,8.7956069172922,7.013193004828844,6.3222685445678115,7.824929300053368,6.488394602619368,7.1129570961127,6.01909133072557,7.009354354492548,6.6860290526829935,6.877869468310784,5.651612791682366,6.792443820628627,8.551044269240116,7.381221470262468,5.23584963740974,6.284152362254802,5.694939506978824,5.959898297129009,8.634752894398467,9.071151494209115,6.080164096478755,7.417890316581935,6.193859165084774,5.9107665312918005,8.26256647897114,6.506749980151655,3.0557092993423867,8.562422941214056,5.636914853327745,8.69799754100627,4.711483680482575,4.850411766561964,6.21746376452261,8.35000666256609,6.147505234284648,7.726441816523154,7.601393040141159,6.7366194093343,6.598289749296058,5.401115754105411,8.339215244969422,7.810791803955442,7.226207591978638,7.158651404339696,7.864845385582286,8.45016099622971,4.926460897004041,5.604718385778113
2047,6.0274040347029425,6.116494610456045,7.3592543440132285,8.95938479990281,7.34196387282733,7.27533653789553,6.703248091812795,5.4371353468761345,6.174838379282376,6.042206885999648,4.069535255945962,6.189272357311486,6.977958175000445,6.030513585641467,7.035556777797896,6.8761317822439905,6.166748502388082,6.058237571397733,6.247514954671778,4.855947857786866,5.76934383115892,6.136213408847311,7.346548599929644,7.151040983008994,8.103145749597202,9.504927750548411,3.782959211489252,7.535629026720237,8.269280485580031,5.908639639487553,8.095019442896389,8.810673075439087,5.542304246333137,6.276418329923063,4.520210463168292,4.4153740277578075,5.501481139968183,7.3500357994745515,6.203687083361476,6.225040803695547,6.0260479820185715,5.996550121312511,6.906258904985316,6.064844074948079,10.207968761181009,0.8750406416325704,7.896753795444972,7.000089723873753,6.187912300485992,6.017285834098688,5.982793066907544,5.926833287395279,7.396282449878496,7.496960191891106,6.462426927454514,6.266756662007037,6.573815174400803,4.36428411812361,7.054801086413451,3.501773094051869,5.747630286271329,4.251790735035619,5.366671445297782,4.083571981189068,5.380340762243703,6.837296007907595,6.000756760994939,7.0356508596190075,8.520896747194492,6.631380809792154,5.713796664157817,4.259983098455547,6.2169354987041725,6.0104892772847185,4.86770470209163,6.055252531992974,6.535390610967215,6.649746596748972,8.201453086759507,6.1083629164074,7.438254197609838,5.747438752959519,6.311718378601405,4.845387894531777,9.834817068330175,5.306494508837837,6.11845054040695,6.793959786324632,6.117973139638019,6.09348302925455,5.951515693153288,6.085943797346337,7.241172227366217,6.930997712280727,6.377081403958385,5.062425548724576,7.881083040658772,5.0891212302035305,7.491455934171021,7.242893737194868,8.032468954390236,5.942465276296793,5.254731895080925,5.7048483420613,5.469746976577005,6.273127314602512,5.456020981201842,5.9901225474374025,5.961146391478594,4.6523589234927565,4.208385929208378,6.64033205087843,5.738180848545046,8.480206143881736,3.3045601838364713,2.6184942947122547,8.536746945874444,7.900758049354474,6.642026048282097,7.864053254497461,5.828794164390403,6.0113408404948405,7.122874417695507,5.977359116077421,6.469556882977485,5.2963789948904605,6.14845924156493,6.826757099864809,6.711595271553461,5.383660696189982,6.3281779140234,7.9060299026555025,6.317390639623947,5.4681401236047,6.4963136723843125,4.571938118415662,5.825894548204444,7.969642268750689,8.51191484722598,5.934726494653477,6.799132235605145,6.05568025107014,5.755792506231831,7.164020983309587,6.762409946271057,2.3540530091729654,7.612663743824793,5.904866656705997,7.6395084904185655,4.9808138300632585,4.4152083178532555,6.075836247925102,7.418760124979345,5.017227106005079,6.98992137867829,6.889305866483984,6.498552952860968,5.853045282082569,4.61017532042902,7.241515362057193,6.831130133877539,6.026082382633765,6.141531245076447,7.128179349069454,7.711209889629791,4.04817162839503,5.77883352120889
2048,4.300649679948884,4.195538973311582,6.104363587498666,7.928848169868193,6.2770162989695875,5.920773656169574,5.422326358159386,3.7954325482249276,4.134283010785778,4.502355185647806,1.5410700608044827,4.730950168768569,5.871997860881189,4.168185233945648,5.880063877316814,5.636834406107666,4.77941220353047,4.747809221533439,4.706918316086134,2.749436027059951,4.462303727741045,4.479937351246677,6.132186044131715,6.065168340255819,7.019733273362122,8.190149483581385,2.0932823664198295,6.34209340910117,7.316858194675295,4.407133275270463,7.038870648387824,7.7398373464743315,4.198151420863962,4.732479234039788,2.348177470515168,3.0680777316292125,3.9524359077215196,5.8045134978368855,4.714781409502028,4.729616011058295,4.72733985564361,4.644999831666554,5.363887803008158,4.464517019689089,9.976376748085025,-1.287502280498543,6.767199131730012,5.521921899418037,4.691502902346352,3.838788394009075,4.706365439792475,3.7984296462188145,6.307574681953223,6.158364982903003,5.337076713641492,4.423244443535805,5.266845033069449,2.012827688455584,5.714965311065314,1.7407414905726868,4.440379456585894,2.5056742203732325,3.319492875163752,1.9135074908534684,3.2992391082147727,5.258187314371268,4.59429471492767,5.9603611146410325,7.456263724217811,5.274190216635666,4.241297618796431,2.622763533890248,4.670138710178434,4.765207840253911,3.5483499906957183,4.086781082302333,5.081239500145118,5.261943237856031,5.917998022337754,4.673804547777399,6.111472693582371,4.171367835998535,4.691140626867614,3.2083032717307423,9.466588642199834,3.7863922069470104,4.549980134516954,4.959310913272202,4.524743182957175,4.712844922641912,4.7698907331873945,4.808769937915111,5.871312148682774,5.788270702958105,5.107344222674144,3.4111467001338807,6.835441220800081,3.4622452567021065,6.473022224505743,5.891770324980218,6.80627817362547,4.7680154883613195,3.656779130299884,4.410839096208414,3.935227341453234,5.093257957945266,3.262106486409903,4.388159151251122,4.376144322815043,3.0007204920053505,1.882420895993711,5.343749933441479,3.684874519954127,7.428398825228216,1.5645353415360044,0.4182407898207512,7.435387487585345,6.727071062661709,5.605349844096542,6.838244383223358,4.6091006502509115,4.475947804104848,5.867278620973229,3.8371212273836117,5.184574716662367,3.9582674473524078,4.604527220129966,4.966520111014448,5.1965245100242745,3.537932272752126,4.772071250652273,6.693168096244336,5.174508507053058,3.465623540718664,4.574016828338307,3.267484666903815,4.310346962511544,6.867070368925734,7.564064475521448,4.617465232933563,5.602670380969845,4.4622377693653075,4.239788765336075,5.949516311784589,4.732113716006281,0.3874295776089028,6.57438441123813,3.8508365477124866,6.382973596329489,2.917122988402845,2.4916661962866744,4.8665972399214885,6.341419372459252,3.739090416828792,5.735615410779914,5.683551930387819,4.797628419349591,4.299828704322378,2.9659155155221573,6.110564805815615,5.712410197810584,4.747894753019015,4.974974590563212,5.827615704139077,6.416848808915044,2.2944644610087077,3.8731461773316083
2049,4.096999000629474,4.010345308431262,5.75767952306517,7.9900327256142045,6.44647412310387,5.5022588176973946,5.6303034661145075,4.185164903001536,3.959593083581022,4.749200380054011,1.782228130975674,4.346873713079195,5.51662340529006,4.383795606678931,5.9631581121477595,5.806585182403694,4.420821756124495,4.425832249994936,4.331480270315864,2.6216105365290745,4.69695878260095,4.57628992251281,6.320130493106511,5.752002987753731,6.650962920345626,8.149041029142921,2.551595997964512,5.995988892728526,6.8962050678915015,4.084855062180552,7.158550000267811,7.9617226903551614,4.447532268433735,4.365282373181704,2.4079508104457963,3.3198350138705335,4.248291699793832,5.908415412080696,4.5049463012095154,4.362926742254664,4.609051148696194,4.877545387708934,4.995770337124321,4.820622312611548,9.481135376568504,-0.707540503863632,6.358118626064266,5.193515554744881,4.321637463729811,3.9046541000234707,4.908766937666929,3.8021036458426507,6.417326947224552,6.286522322687612,5.040499660475501,4.657007761042696,4.9510643489915775,2.1805596369607696,5.3436984101246185,2.1613338687296566,4.434609567296916,2.8612597332946175,3.147186449889478,1.7755832416487147,3.3749768244552216,4.884087424596838,4.2721632947695625,6.078485844464142,7.139838928035618,5.501478087285474,4.234098722548062,3.052760036469533,4.22261792729641,4.500679158701977,3.676870533249116,3.916346751924219,4.735445946454998,4.895580353408024,5.6185819412710085,4.315033471532941,5.6989642120897805,4.455465197948545,4.483662069614592,3.6417719395188963,9.188523927639269,3.556477280526325,4.23099602913034,5.134267457600298,4.175150269064409,4.454416910122184,4.496807719099112,4.434513029867203,5.936402121751473,5.443213999335624,5.317875420482001,3.726094412906417,6.917813416185047,3.866862925732959,6.58830177430706,5.502452181331041,6.403347276665014,4.965153910476583,4.051203764718151,4.317453983143485,4.280456630834219,5.222655102096755,3.363253374423444,4.050968277043312,4.717219608611073,3.430260613303761,2.011784504456764,4.992462920217678,3.5327391531960726,7.028443152952042,2.0441781893886346,0.6480487528546126,7.55658278304377,6.291619042127297,5.31271457370242,6.951696737412493,4.703462517980871,4.29341606949938,5.575789133536402,3.991247910877755,4.861665393771798,3.768576010804749,4.908201236149362,4.7811377530211026,4.834653586213449,3.652072640071656,4.790587732247237,6.4005423442878095,5.337956262431266,3.2961880163899773,4.426639087755105,3.536155176059953,4.008149408574764,6.401472741561333,7.207499241520619,4.302587571168513,5.262504601786876,4.165274565589841,3.949283121988687,6.108716297766256,4.552254003697429,0.8439199045814315,6.684023030359172,3.676130990529881,6.575585281058889,2.7248952301411835,2.705248138642516,4.57178240397881,6.499377729242732,3.9863926996717858,5.344167317295897,5.3025734601542345,4.4188300029471,4.6347989912690775,3.375765305462066,6.236741211907616,5.850577321545827,4.911179127364318,5.148938776604057,5.48323922251062,5.959247118440168,2.7363390958514686,3.6352018297746262
2050,4.023810749423915,3.7912827498953923,5.5279781403469626,7.592974074345467,5.638851834910695,4.936744761878047,4.8761708410135665,3.254482104860502,3.8391594943301426,3.855111243909807,0.38995413655608036,3.981877062469722,5.311277491650706,3.5913513900134046,5.200233675507379,5.02480960200573,4.069145195443058,4.115242024947858,3.9519772664483233,2.2627384755118136,3.922765418373307,4.136548923521206,5.641077617761388,5.559451424356168,6.3318063901608905,7.666275117995926,1.6041913646562345,5.765739171926318,6.533860699976149,3.712808359478567,6.765633257812469,7.223043574630442,3.6522437504910195,3.9685156178371668,1.1400265775877874,2.4597128401028683,3.386572127712184,5.2995452747262775,4.288209686505386,3.990490717749145,4.1567165287661165,4.091460187887321,4.615863712697196,3.9097918947066765,9.00677124385176,-1.8717653288923415,5.9185380568278285,4.810137100068146,3.941985114895067,2.579857554415178,4.1234538851883915,2.48424050160523,5.638161734517277,5.868354865189257,4.851916992972637,3.578447338643261,4.689685104864426,0.8769915504702197,4.956287181582948,1.180070281671042,3.8738685394155588,1.8923114337797833,3.0467560561052673,1.4520778882714653,2.1612168540214656,4.473858439331424,3.9045648926804812,5.301336559499133,6.755804859101773,4.706426900522463,3.6534952516185837,2.100457742810251,3.836564150349843,4.228580567086567,2.97636231354534,3.7946466869064412,4.401100229022317,4.631886581408568,5.497081253035313,3.9695316652028714,5.170005907272471,3.5609276284431597,4.293649616169515,2.716022433391935,8.62338247432791,3.2113373202496582,3.8450389748503433,4.355894756985121,3.7698270407473253,4.148584006675361,4.235428168342031,4.1993918984100755,5.263935928843145,5.240442009393835,4.550481713152137,2.797597323255292,6.189696353860198,2.934045035263589,5.825626952766343,5.23981941517057,6.042072239107098,4.167589692398902,3.1046732936439856,3.8431902496979187,3.422496879922933,4.415863912167223,2.0612617849918307,3.635495989487085,3.8208330387956098,2.4680363688746403,0.8721244705134447,4.737402526469068,3.4009545833386245,6.606025886818252,1.0717179158638261,-0.5775935495721892,7.156476106109292,5.85408398422316,5.139677701325252,6.206778504211328,3.884901580111736,3.7946367047020577,5.1751638990987505,2.748845912259201,4.629716898218311,3.4243676657306716,4.018016170164379,4.6003049642875276,4.453836966691348,2.861279828024323,4.145544585739744,6.161086023014418,4.546871666635933,3.1825062447580783,4.3138959692983825,2.684907172260614,3.6353686755073475,5.977199721374901,6.898368935775135,3.9745318469559345,5.0479036646670306,3.777589661807852,3.564613083827084,5.310658824341052,4.371190638409862,-0.24019328119425754,5.891805107095123,3.5640808836364304,5.810252688568216,2.6608819057201494,1.5787852560651738,4.279460096410638,5.82424051237518,3.151405082180582,5.104182216692072,5.0807387357385,3.961537749089044,3.719097319091191,2.4457440884013106,5.456657927756291,5.218242830757434,4.095793758229963,4.399939365171154,5.229374731730283,5.44580840293703,1.7608170590267105,3.540708758193875
2051,5.255431069960372,5.313473253157631,6.881771799241161,8.846497267484668,6.767756367038036,6.990528182479844,5.997671465421548,4.348413924461806,5.297358528293413,5.017272078271572,2.711130939488267,5.638863706383208,6.583182349801064,4.628293260931963,6.395583462740841,6.1888196419539065,5.631019111337336,5.558555361525768,5.680573210120202,3.867986908150387,5.026545510209836,5.611881532337005,6.91736310309377,6.7666288365064,7.831113266533825,8.588577618886681,2.6444227289376325,7.118002518626122,8.055509095048082,5.34692122350479,7.981725370704102,8.219424320192173,4.757232011906034,5.682105064649006,3.2696838534019643,3.60807721830648,4.520504658206781,6.359863400459291,5.595205815187818,5.654103965081018,5.441651721452845,5.223332691488084,6.334502917730473,5.020503642487113,10.705514847204604,-0.5291707063543404,7.621173659275318,6.433255244174908,5.632245644413196,4.742067977914525,5.286804474119482,4.6576489323172074,6.760719274716646,7.3786155149854515,6.060181567405258,5.176612077345107,6.116544547265975,3.062040781409579,6.655321160780977,2.3433506138751237,5.094240670317211,3.149555937997228,4.49242745776629,3.047449194665612,4.176095692248183,6.258212285309001,5.452623866241554,6.3983871279091735,8.220203834361042,5.815737206617306,4.990146168539746,3.136614379697838,5.644125845411731,5.5325751403900645,4.139869971008136,5.188950138873065,6.011064756276275,6.155461173119214,6.13486173003912,5.5576705842696414,7.137331805480962,4.688621970086262,5.645819237776872,3.77980451234456,10.29100825906539,4.753464146934712,5.5375190870515185,5.461861984996963,5.52964206502356,5.571272791973475,5.497319986594133,5.6033243169558435,6.4039884934137605,6.508183713038934,5.663565399558763,4.044307900913829,7.282772124841294,4.0145210130461315,6.908006993347201,6.768607236701864,7.68372562065207,5.245795395353744,4.199217566128432,5.113006638555693,4.510915024013355,5.6200471505008895,4.217826639783793,5.404372848570347,4.891003626334511,3.5354684953545727,2.924921806323628,6.153811895127955,4.877639004800084,8.239717042651673,2.1371366840883614,1.3016842367320238,8.447590770392587,7.65881731129926,6.261105667414339,7.273168642973079,5.152018478461379,5.354344319680637,6.730375419402945,4.800408591998036,6.00388874922847,4.74642542621185,5.145980724743729,6.054874324336137,6.15804111880475,4.385572203595574,5.535001817608965,7.485960188610798,5.6488154438035245,4.600165631236704,5.675134840196571,3.796299022975666,5.264981279984635,7.758884689417378,8.317435079607474,5.414074300692001,6.371655377206109,5.466833788002361,5.20587380834181,6.488740230428761,5.8747083822201045,1.1130920664953243,7.014613295680489,5.028992537858676,6.945168750553298,4.093378940661407,3.216971821906366,5.592579566969954,6.9437589265149215,4.254968789374006,6.546505614922476,6.47204575713339,5.864809051156044,4.82081909092336,3.495524473745246,6.588494813904681,6.372996613897128,5.325699552122889,5.504742343492549,6.667499339786068,7.428359972505734,2.949905417088802,4.928203705826711
2052,5.589381848399838,5.760263869166377,7.9526727356016655,10.219792271902163,8.241256487369538,8.063033882776894,7.612993415196734,6.240282845497131,5.676283611357213,6.860194623470304,4.172877194980781,6.320104179407162,7.530580588554339,6.70607217028737,8.028978150089578,7.831923499703411,6.2785664304780475,6.191988901048898,6.362739761173731,4.549732621510823,6.700240692868831,6.001077724077427,8.519727884233005,7.678995412277678,8.700017213324706,10.208840083703402,4.583586255367843,8.124368731553353,8.832220480094351,6.057102315438291,9.369228037819267,9.59686386937586,6.466443268954758,6.403306473667426,4.626673412322999,5.407909686366719,6.211490112543104,8.175287576764825,6.0848043948411945,6.355964983503024,6.766769107927875,6.899577351907889,7.088017603879171,6.864339070022108,11.494280755519867,1.8146919414401081,8.591068905607484,7.212915383155147,6.315221628795064,6.140425503750647,6.951325049002967,6.041354379554593,8.330625476439794,9.139731497565903,7.0281064707785905,6.712297899990036,7.117548761889344,4.45259473938495,7.74899489407738,4.328331790367761,6.548954328708354,5.107254623373346,4.879700319344798,3.7553971414143836,5.484860644737881,6.962816808000209,6.136795145909616,7.968917824824649,8.955408146356547,7.485373143727582,6.131500436862305,5.060361458857855,6.453383249789479,6.1353295580173555,5.755142900968595,5.559560270607471,6.892768757541978,7.316827948391441,8.445634547372661,6.241020889704428,8.190206052611272,6.559588851531349,6.12268243469298,5.6292578995227815,11.133377963304525,5.455654909710089,6.26222905889154,7.490105394770703,6.255018079777559,6.217370471358299,6.0794988294442485,6.706371133526167,8.156723112612962,7.4912109398593545,7.301913042863211,5.956922678401071,8.75833523832262,5.876118248701099,8.386268864075344,7.921880949536956,8.692272721230978,6.895079082599845,6.044908487796781,6.483239491834928,6.194954234361649,7.249116083482904,5.5851515371352445,6.135624813040098,6.744976654648784,5.454902654886242,4.264612704267104,7.267534600198272,5.2518034748733005,9.10401816517114,4.1129339867581916,2.9497624501585964,9.879063521201411,8.576721079150836,7.171228042741617,8.723399169246358,6.880127592384811,6.286810698360204,7.873130589226887,6.109398552216592,7.101948173219962,6.00300697237253,6.9426582515239685,6.488252922023338,6.823085623234513,5.585741753379501,6.766174756983915,8.502329202000205,7.257202395796775,4.976731073856352,6.0246335123976085,5.542465517918271,5.9756409563357,8.639686075846353,9.03877284601331,6.074396518431604,7.396930606663228,6.209354998109244,5.910224409401419,8.13039444188277,6.2468409118552986,3.0795967194562146,8.526374383767449,5.407895000961921,8.547179545834663,4.502421201517186,4.829116228719553,6.190782993907729,8.406817599479108,6.000860901673635,7.61708829080065,7.502239307637015,6.636202199260394,6.626569359501206,5.424401953816416,8.199412997563682,7.916085356473927,7.042447903255623,7.10818823824326,7.766050194203856,8.47116416245699,4.857281863689424,5.273075613379479
2053,6.749294936656958,6.985152249706202,8.562400797831605,10.858700571389036,8.209694573410852,9.102394990366081,7.484210464204179,6.239284604273992,6.988015035360019,6.834299700013522,5.146975596146339,7.152893227428714,8.049326062523596,6.722725814786451,7.981397811451861,7.700683273792526,7.056833927423275,6.953000887200758,7.230838317038691,5.6630826639974945,6.609190101253578,6.94321479532739,8.803815836279556,8.143062253964352,9.366303826072096,10.489814169126852,4.480624048103549,8.625171519045173,9.57764621387268,6.850876017377297,9.98542033187274,9.576319426169688,6.382766601854358,7.238639405061454,5.610502818021274,5.318911751539544,6.3111749841221485,8.25633064117925,7.040479827543788,7.1827254179736615,7.064030168385338,6.765877873733125,7.937568246547523,6.891915465480291,12.420259311281406,1.7377488859126322,9.319877459314359,8.000902507036672,7.179381308884458,7.032354425253542,6.770964578307908,6.972733769469474,8.28895475567672,9.90691909039843,7.540582120161632,7.120668482420774,7.71308286333906,5.4432589021222375,8.5069343272982,4.279075221768739,6.729671191038756,5.091848738234619,6.178100259235966,4.869433602896231,6.436506701954477,7.8293865482354965,6.932509403932712,7.937171979068683,9.753150394250609,7.484231709534754,6.550541335395697,4.9710940510548385,7.345452501342221,6.833724649815725,5.79642092089715,6.884571025372833,7.594221825229712,7.855121983536363,8.812383529441115,7.053704417663914,9.199956301214366,6.539334669709209,7.151962065394839,5.587458960455045,11.902885364047409,6.172410074878358,7.123522054917851,7.6256036766130375,7.1652716858119865,6.9522454589605305,6.762428911595509,7.274289628555036,8.175841701698719,8.032801965572713,7.191506825130558,5.899475592991403,8.779798077098254,5.8740089818321435,8.374097969254542,8.47638124741357,9.36662722841419,6.842396281402689,6.020849779248234,6.741961081608614,6.208382324668866,7.20191628871293,6.456984593950473,7.033334680993494,6.76303708630389,5.447146439860608,5.191677923860222,7.781938374042511,6.545379281300923,9.937292730499959,4.013954169791318,3.6069792539587824,10.526867269891605,9.424685558368418,7.673231775133776,8.724557664373828,6.840392281269201,6.95817354051718,8.566899642348286,6.95644761570569,7.672469440333801,6.394187011081596,6.97672549558097,7.648179022402602,7.6761460518785585,6.21576674276128,7.187116478023858,8.983386100366198,7.222367715732804,6.262164516406579,7.27478734121241,5.452928322913319,6.782622678269598,9.504277580971667,9.753211241857757,6.8619627355244655,7.957942834445115,7.034998152790397,6.6980102565781845,7.99589213844517,7.636285279203074,3.147371738635259,8.510059032300164,6.719218654108465,8.41106535340178,5.753684232204127,5.382282830004034,6.932418143954774,8.588922279662103,5.90579747472858,8.191453258410617,8.008832753122112,7.5203349411744504,6.684635248484797,5.34176369740403,8.118947770061165,8.157615302451731,6.899613843395793,7.140560502379109,8.296401534101063,9.420054711722608,4.7600874669592965,6.638838173628883
2054,2.8713909297667692,2.5725336288069873,4.721976165298436,6.688786352502889,4.935475521046537,3.9164406012358355,4.228191489289545,2.295239551827826,2.5195957548145596,2.946002361589466,-0.9541598188466037,3.083234866502986,4.6174028131725455,2.5883125367349615,4.5653604443731,4.396038763995826,3.2103600164490005,3.2630128742292013,3.0252478338521067,0.8607438530387539,3.2506187044340966,3.0903049612353604,4.77728928188826,4.876972641306131,5.551573348552761,6.708044032855282,0.6111812667343126,5.018288871851462,5.716728675211298,2.7946009769521902,5.821643993772311,6.556246175398599,2.9344813155716887,3.0564879081372562,-0.1080670259122192,1.6690155283130426,2.479042489980829,4.4316306017531915,3.3104035887738745,3.0944904803202054,3.3374198973901446,3.388927342562841,3.660079825027235,3.032238401729485,8.083379299476233,-3.172430701296907,5.02603374986813,3.8801005945123497,3.005576545822211,1.467561039945176,3.4837917921871986,1.4130051729494115,4.988218936426886,4.747253502237386,4.155447701570286,2.6240538063234293,3.871609595700585,-0.4208043310148951,4.060906702588348,0.15981962146430542,3.0890925274198446,0.9987519732836985,1.7136221584574902,-0.017839745714742904,0.995714625407907,3.5404771494454352,3.023821782192282,4.653446676402255,5.959208422790058,3.9886224084887028,2.7376385608623797,1.0984003967766105,2.8860558703027928,3.3720819377179825,2.1773260911717878,2.5365862995386137,3.527612173351747,3.767064949561811,3.9824356603725217,3.082755910939185,4.17440270349897,2.6756463513292075,3.2325258268493,1.796238878420718,7.709121563568195,2.19280777929415,2.871300432188756,3.455668767271883,2.7970635264084236,3.2341148236702244,3.4111325432514326,3.323787675849322,4.49540704899821,4.518007912769398,3.884433179066098,1.986877397216602,5.554877208224658,1.992963856150367,5.154428955103307,4.4122145802810255,5.189607134538479,3.506908778486584,2.181344333393822,3.037652275171774,2.505017340183258,3.7441219266118693,0.908757749302636,2.6531072988592337,2.943733258494016,1.4637124126070546,-0.5007694748968934,3.9064668694446816,2.0775736585773252,5.722856448642141,0.015769949247098066,-1.8420299160583244,6.20656887673099,4.945794923038319,4.487438529087553,5.541999866864805,3.240607744917788,2.875090382222473,4.286412553540592,1.6600460187885284,3.7942051132177474,2.554159910514434,3.116275338006432,3.4028805368419315,3.5404308564190203,1.7477267615754029,3.2201017734819426,5.381532273929694,3.886778445079409,1.8899600947725366,3.0711656488992056,1.9283219721682106,2.6765242044268005,5.076548830959305,6.1619042054717905,3.139919056075403,4.286518783918742,2.7858800775018207,2.627610007750579,4.667914326077903,3.094181566916662,-1.4002385745788435,5.203567695514913,2.2373731431776074,5.182722548215555,1.2702899179581966,0.42991629808113674,3.5001443621927315,5.051147452587708,2.42035418646089,4.329778061890656,4.365053513954427,3.0108074299220378,2.813713784875541,1.5076907295091388,4.820919717180322,4.44479585657346,3.448981354976524,3.6935092005236387,4.418240918368421,4.453308116259244,0.7661132347481021,2.285764619194227
2055,5.365873747344674,5.4561332674889735,7.427352094444737,9.453607629727701,7.40958216478085,7.304389585708751,6.646292788201366,5.3882672786712655,5.397144036431768,5.974164463836575,3.272612027502779,5.915394441577891,7.0489794609361685,5.852741030783492,6.998176184707678,6.837646758248065,5.943195200171965,5.818563885216057,5.9759575384187285,4.111487060785295,5.704486722062376,5.696213680608519,7.611982669295934,7.209534123796839,8.106520221729218,9.604113269468833,3.6729937540046125,7.616059544319607,8.221462890634252,5.660179611937756,8.590527889029735,8.803014339558008,5.500107571996493,6.019055093670716,3.7792957599820727,4.392225467953191,5.454835386625654,7.3010444988432335,5.790196752753753,5.959777987674525,6.099551995766575,5.9319463580332945,6.672778034646965,5.998834773384292,11.303411056255474,0.6852714054543412,7.8447120557057515,6.80846510326554,5.9245874319097105,5.259248613797385,5.952033149528089,5.167186436725072,7.430065050721169,8.10118804717886,6.499523284299105,5.842623452431171,6.624118391809794,3.603078440345568,7.128061187678376,3.3737084531578536,5.782693630919376,4.146340613478221,4.602432190151562,3.302841515376651,4.680555828943334,6.588918028078204,5.788575575397961,7.078146282519246,8.455772348519034,6.572741154966685,5.5840717316123465,4.172334228995546,6.042473279710479,5.790618255541755,4.869780680228926,5.296355499693294,6.438065651161915,6.746739593045465,7.845827897689466,5.836084654618956,7.450052987912603,5.667285580830326,5.821032975447075,4.755508256321453,10.944955048889948,5.063015243745058,5.842663595388678,6.645329662438098,5.845853989590603,5.8416767613641145,5.744879265797552,6.175483530644196,7.208965255718289,6.987704540378063,6.334140001699848,4.966277838780963,7.8674015180882195,5.027272651806987,7.567895924720657,7.345476498377739,8.067995147715358,5.971029488434053,5.202447220683098,5.757055479904699,5.421468255848722,6.250081887276015,4.703002341348553,5.726135468688508,5.871636103196393,4.558464122229606,3.4289515414114606,6.751514548178887,4.971030092187995,8.470914564641383,3.179886824868876,2.026272805600332,9.078109791566582,7.905264942810456,6.66589103793276,7.88167981556135,5.785042577776419,5.818236395202834,7.227832281383974,5.263930781519625,6.548039528830299,5.340473159441147,6.126635769831723,6.182964087656602,6.456682175911702,4.920928065119121,6.1827980845138955,7.996632106088358,6.322844048753253,4.710561738445841,5.764687748304728,4.561196991081898,5.56807916791275,7.977092682544526,8.485973933326274,5.710407591906601,6.888205645734379,5.773941737824473,5.512038927653742,7.149342552790866,5.965481602940066,2.096648690001717,7.679204928785053,5.128076778981706,7.5750819172324775,4.2200603127993395,3.959679143527393,5.8865811559532215,7.600298270840068,5.017521031971638,7.07571721847715,6.956263251795338,6.229534559401459,5.8432879401692075,4.501090760117974,7.261618794295295,7.0540485937662165,5.980951758294266,6.2112529313930365,7.226934287054784,7.716012325523229,3.9070755218252042,5.0358780407957
2056,4.142465592920778,3.8341645599653322,5.270422747110327,8.002449470510083,6.317303572098413,4.813189642752215,5.332706888020039,3.5932503994554272,3.9528592966496947,4.260001318467163,1.3596346647168198,3.770489565283063,5.0945228015072646,3.7850763799001763,5.707235916455589,5.504015758633613,3.8686526671052013,3.918790619572003,3.714542010053992,2.543511145561934,4.351982134021821,3.794085398716076,6.157925676802795,5.341195165660855,6.1888879522681215,7.98083530229827,1.9944274805641427,5.540036719913285,6.4873296203712645,3.4601752513398716,7.074850634733839,7.804553029686217,4.080627044538656,3.7140059225261175,2.0950936167811363,3.0305771874884755,3.6423524834215613,5.548102318247159,4.23828700631857,3.7479624363283315,4.156552460292974,4.528644367555779,4.3512700341176265,4.212167914211751,9.247882761557896,-1.3783705420792127,5.831899076901993,4.589068275690079,3.70999376649658,3.454982593903937,4.589152281979723,3.377366106708844,6.2537823905547425,6.143937449653945,4.595230243727566,4.162079382687806,4.4177210491150625,1.8270922382051735,4.7504783483843,1.558794759213924,4.0203993708516155,2.189888148009777,3.152626931667326,1.7660068803777296,3.046674375732742,4.219982905189194,3.6897956314186255,5.898714231451353,6.56873133232196,5.11221130217115,3.600689670195181,2.5002853717810143,3.6192213637133435,4.033684770266214,3.3267011985182764,3.913512599964935,4.1341067679226375,4.322457301492495,5.5559903879960375,3.749030536661547,5.046326041718329,3.9023564577102663,4.261063713828724,3.0423706953724223,8.860126806298897,2.942196473355096,3.569408309211334,4.504795847336452,3.496031147738296,3.9217711165547358,4.061129287506145,3.9259960241615786,5.6453637252251365,5.006860064808279,5.0169362170000875,3.0718186159928647,6.756206826617322,3.270752378304801,6.482981413175978,4.956904364625615,5.893423427618111,4.690150918066499,3.4573391153166684,3.897713238497575,3.6447930759439844,4.995564806958043,2.959640081319959,3.351783691594997,4.147074975073337,2.8575798658033205,1.7424731537699705,4.472149380669001,3.5097296754519163,6.587173958898831,1.4893487220009172,0.25809780110915703,7.523770091931025,5.7599762259672085,4.901936363180476,6.83668203378717,4.405303323765595,3.66601338380327,5.078639557709298,3.5729810784260434,4.340516444047292,3.2668250508606413,4.357318070530894,4.635608273744582,4.214552437762418,3.2701859043290233,4.177280456821125,5.915553169076642,5.090577884328862,3.2977631061027433,4.42914888734619,3.230345515161753,3.3665673140436385,5.904046068837246,6.788530316017567,3.7764257093270626,4.797286950796841,3.482365276167791,3.284732082486154,5.857668611655632,4.5253592799107265,0.2809525092442838,6.578779342273872,3.678599129617216,6.293022191834948,2.7473969344049696,2.305869211753209,4.119246783107519,6.382314790536957,3.682179932172098,4.844479186336196,4.8329270371546365,3.6726160700122477,4.038252527577182,2.814729577302932,6.016708788772423,5.6924763078490885,4.604732954502106,4.924937639137111,4.954749762018521,5.343199520309768,2.1431925705323622,3.688417886259656
2057,3.6243512062677,3.608501157466455,5.806436171644799,8.155390084945948,6.7985726962315605,5.434133136066899,5.8686387088021315,4.211361995288013,3.404602311519454,4.851517850982736,1.0636823382870906,4.56848971866842,5.55557976333938,4.04407178494951,6.238176646289128,6.052084684885781,4.6321565243897265,4.626933507585159,4.538342077156594,1.9552798330270025,4.942534189028988,4.096897300838589,6.577267458726621,5.789384542675369,6.618346937514585,8.187280288801116,2.5863930459680216,6.038662270610706,6.888638834629593,4.276682134075412,7.278481676146903,8.2662052603856,4.679759724772179,4.556458824924356,1.7977486783718906,3.6463743019206794,4.251465598313975,5.886894543366181,4.408528568544263,4.560717022367595,4.751786459622711,5.101495721730694,5.190664154316845,4.82343075784116,9.68882106912547,-0.6207929870177961,6.3045744452754,5.380903097062275,4.54026641902225,3.1474467135708917,5.145399562564902,3.085679161683493,6.737416201688606,6.376315773400517,5.070684038231086,4.305204300017196,5.0270392330170734,1.5414207271974674,5.328481287791808,2.187949609461018,4.61565256761066,2.8006911863540775,2.5627744113062985,1.1732263856342686,2.76640854750214,5.089275513743529,4.468548333826311,6.3955677522924494,6.9045186173813065,5.66255983000557,4.3207467406474365,3.094442579252965,4.431643716220199,4.698247270441838,3.9264322778788094,3.377165473997591,4.8711662852839615,4.92013446781142,4.746207801432445,4.520391813254565,5.631781973201655,4.488330720313665,4.3070313845729,3.642598756813797,9.39342780770927,3.6809457212943437,4.42927738150646,4.810746200061565,4.375857434909919,4.663598557741479,4.693266191591553,4.508627771303575,6.065047977684901,5.489295777318808,5.574067309370326,3.697740987585536,7.224084032378325,3.8768757214320098,6.942472806264616,5.5279357757034,6.394803422025471,5.250565389107017,4.04695305459458,4.490933506139393,4.269962681007797,5.511992936247382,2.6620723422102897,4.23906762692435,4.735311144641762,3.458184889421381,1.4259932110535696,5.04410089603786,2.937798201010148,7.057198546826842,2.103023017660298,0.2737244953369263,7.719764183307516,6.237617387468446,5.342835339203736,7.287463161452061,4.961229682996359,4.438128019458261,5.607918698726031,3.311388238750654,4.913395790383218,3.87576364571678,4.967820709635472,4.424638929552044,5.037335714646456,3.2883447844792033,4.901985241164419,6.451070815324787,5.634641798213124,2.7199997130845635,3.9010217391468336,3.864490836344915,4.197103371137178,6.369326770177177,7.138661380471852,4.485799025423053,5.320663746960207,4.352536963234688,4.115272258376253,6.379763532301475,4.003972515977666,0.8075400524098307,7.047355827843319,3.109623760787831,6.815696095084321,2.11623817630883,2.390641030116843,4.7652871490552515,6.803359738904337,4.2852720412714715,5.364098170707969,5.324913821857554,4.602962093106632,4.638421489503875,3.4065831393517283,6.5207656950786195,6.086300212247618,5.163789793078243,5.432981239744177,5.51228695003123,5.892306321268456,2.7615529956488776,3.1379380883841694
2058,3.279614811827396,2.854973407911844,4.018901514467496,6.921754777238805,4.664192483856763,3.3893865012917037,3.7571997825249004,2.264663502573966,2.96694486851579,2.890121819194535,-0.4306212488947263,2.830940803127558,3.9554190233606703,2.764612109303989,4.104465183512919,3.915599009343261,2.9506948582571146,3.098487771790603,2.756413184363267,1.3824608942557992,2.75369588619676,2.9558491876413076,4.654186180953324,4.246698414071883,5.088454648081598,7.0345685831431695,0.6434955864117053,4.308008520173488,5.415887861384148,2.5321875987895592,5.996924858026464,6.258965110984345,2.481844552632035,2.7228428179333974,0.4525492720562809,1.258422061287124,2.399116709571462,4.42246622874819,3.4085229221602966,2.801972280288566,2.69907885532955,2.9957064164095897,3.339146859558493,2.914920767833446,8.754101922799801,-3.065277428976424,4.633975442370465,3.5793533305926597,2.7562202511451606,1.8717420034367462,3.0115699115498353,1.7746227697051824,4.62997538185325,4.969113308550984,3.5041776071463175,2.771063717274827,3.2163875689408945,0.1329940493250744,3.3886890380546997,0.1672729366812214,2.5058249201754053,0.8425491883836963,2.168590477314487,0.561202459808052,1.513721863257473,3.2160485381710098,2.7792058289051043,4.287937446914869,5.576751549182266,3.6223067934143134,2.5889459123899177,1.1508696993877143,2.509538381521044,3.2775187275276103,1.6858345563041754,2.9575264266338888,3.0017822718825804,2.917783503131621,5.122770318183407,2.842779994705403,3.683981919083102,2.60467253008793,3.39176394790411,1.749047011907761,8.29674223694822,2.0563606501653267,2.608447679157916,3.4904114717039554,2.504539132888973,3.09794184796769,3.3331940317333784,2.5925760646832376,4.2823477598099915,3.843618413497661,3.416618661762312,1.7243138919102754,5.200197679729301,1.9621018396112428,4.868714309458078,3.5623484003710844,4.612665171574415,3.0438710296976144,2.1490018565593108,2.4625700789278935,2.462701626121996,3.324476385938709,1.3357704049076677,2.3572624197293983,2.859213115069372,1.5199694171034057,0.10696564640464484,3.13915170446552,2.520230008096532,5.404901557698334,0.09395697301831749,-1.4185814863905821,6.423501755143033,4.513261311013123,3.8931243291188924,5.248170219618698,2.719382763936606,2.6489878065627197,3.7723450077504945,2.067669323806107,3.067788990920989,1.894804274727558,2.9983795296143887,3.6826234768176915,3.2626326270632315,2.0303556734117962,3.0546117915675564,4.6684471370074245,3.4806926217058596,2.3294272869825363,3.483173494195115,1.5162166351580912,2.44639153849205,4.682119472273466,5.815260588416256,2.94071694874558,3.5797257718854962,2.518646427655015,2.3649788411526824,4.220323776119743,3.5253283539786917,-1.2573832222421113,4.923737775277475,2.6901626784097536,4.718756821648826,1.7580154553569591,0.8028782797527717,3.3294556906511037,4.891376348918886,1.9679557832664494,3.546266710963745,3.6098368636749947,2.5952817499637635,2.750328051247474,1.492470572477785,4.400830885973471,4.27630463396681,2.9409628215021133,3.3373990913146554,3.625036703615355,3.967936106540008,0.758785296873799,2.742388967681546
2059,6.755939443178213,7.047059403154357,8.845040268425286,11.798749101444566,8.967369911999533,9.98730955555521,8.142663195600795,6.6144610105788955,7.052496749265442,7.372540613251003,6.012274447186241,7.363226219754797,8.347101806695095,7.156855668037622,8.627832563786669,8.369902890769703,7.248887870203832,7.087715962066739,7.424091137174903,5.9568920790635325,7.2145093745283,6.853620725330605,9.633087256859087,8.442347961405684,9.912741749964912,11.282514841392118,4.868939476280377,8.995718494057657,10.221920565798367,7.028317167097505,10.836139285358893,10.18745912662868,6.978297733149798,7.444465619865165,6.400729477983607,6.037049559683637,6.677625181859937,8.933892408835478,7.075473390519622,7.387131346710797,7.524495209599363,7.403139285036713,8.11703655123711,7.230023508184944,13.492256123444132,2.18452832444796,10.02898155133529,8.182383355074403,7.364186890680213,7.8103658274329995,7.448797692512648,7.78182784429398,9.029734495898772,10.889264920919107,7.7334455309499965,7.645080927630954,7.973800674594682,6.237405275476394,9.100671023644246,4.692596856761596,7.2637019129148825,5.516050229362889,6.2590611577034005,5.191989669768977,7.142095813206551,8.01153427593667,7.032403466773447,8.663585230194286,10.267891493336908,8.025005505966215,6.765327968987926,5.378422934433508,7.567327403431309,6.924924687386073,6.427509546665283,6.901588914594776,7.83078337794748,8.24789293778354,8.944555989627178,7.247381460306968,10.012121400956447,6.961677051052962,7.199196489592052,5.9125390761885175,13.002248677714121,6.291761699935488,7.275873234945125,7.964635300225229,7.330556990771458,7.073131510666731,6.845971760693295,7.658866126989498,8.897242812247113,8.295950563484,7.852432693900733,6.335190978800429,9.42832430657641,6.225679373432847,9.118307420020477,8.859748743731405,9.977017373360438,7.492286492604765,6.411091648812951,7.20084723155817,6.536346982779177,7.912344091435386,7.223770295382193,7.193521307974032,7.089139465371084,5.782794358401467,5.904478923770885,8.173147957900474,6.613655295865288,10.68311332063428,4.409121238225106,4.337626570546678,11.42631855709799,10.187857194707306,7.830094677877839,9.429685696445665,7.5147501841701345,7.1580287099912265,9.16215433642782,7.658316337856752,7.965721225944057,6.804603605820186,7.447099671088932,7.72499504210106,7.84570597626012,6.6193380720656485,7.458487738309236,9.334593812100078,7.892532928108142,6.318789200536135,7.305813316127349,6.146671685679203,6.925879831971796,10.252325073141478,10.299458838742355,6.951860986649992,8.231846994367142,7.1860750862878975,6.850458344508864,8.721565509664606,7.686526383048505,3.647122372841011,9.287294214141784,6.798456766781129,9.069287792618933,5.853646818676901,5.986451134181999,7.0083646341387595,9.353696177231857,6.58866237771922,8.526558049536991,8.317399000427848,7.723261666323607,7.075483186170458,5.696282909861929,8.84702208472801,8.949257330647823,7.600252143267928,7.861848700663139,8.661100966149359,10.262881780492844,5.17484206744823,6.633065491400918
2060,4.983673273942745,4.9530643855531995,6.868289861393474,10.257202101933457,7.797933728837715,7.202798318055772,7.08714840312799,5.525196177015698,4.955257807672028,6.175596074728916,3.5367932985226327,5.312428486254064,6.580009459331631,6.1911091551184665,7.487857969912391,7.275813756246743,5.293337386846537,5.275521814326443,5.319266624500356,3.8493660905708884,6.142650861230991,5.198247576504945,8.192424287522831,6.749205963406711,7.985320541945598,10.27295343875885,3.8893008766074986,7.083885698765516,8.278966641922798,5.013844845319786,9.295081555874399,9.255960465595132,5.898199641207853,5.2973762155510515,4.085067123671372,4.888530602057775,5.509970089234413,7.930774321158726,5.294107410435875,5.310070994247992,5.792913666615884,6.333651195714877,5.983465588589505,6.1350890112419965,10.881937404473629,0.9903661340475096,7.843566467364627,6.1645498884220915,5.287239632507168,5.523385515809059,6.366271332403026,5.445810550451281,7.827305986111366,8.981137864043319,6.05232999324799,6.109549859911203,6.0191934652626555,3.882724083339176,6.719286024818818,3.5971755762894944,5.683780012920029,4.328497433165709,4.163928245007991,3.0842652370532346,4.9278820338348535,5.842515027771392,5.109588721146185,7.4537508349865655,8.343595753920578,6.905835820540474,5.209801201273996,4.362693527837592,5.3085377239932585,5.248599037652215,5.075356472780305,4.8700453791767355,5.7564731974775585,6.076652503013609,8.118393948674203,5.247481450190149,7.3487543746829065,5.8219689483443915,5.3285604777435465,4.937156865617727,10.53923829595248,4.401872474576036,5.175189264987906,6.883563208331664,5.15698193262021,5.253349404347437,5.240561335285506,5.557704123916726,7.803688585851341,6.510488705709574,6.762578363468254,5.156381393720706,8.32951163003842,5.185231595734759,7.927921689099943,6.704706118504203,7.783149296479921,6.316045544172326,5.359567714234194,5.603428166794279,5.458490429011483,6.720612099766727,4.99119832537448,5.030246459941071,6.017753237330663,4.742461093453068,3.7033658504486087,6.088152124515424,4.525448003411293,8.497318463275827,3.41567015821735,2.3618136850496128,9.891176058724522,7.871861499547958,6.274657827460516,8.327517835299174,6.2984819352626795,5.319736865597472,6.989951670169828,5.5427099227905305,5.9827037394046805,4.966864317407211,6.284013061225417,5.704562271634738,5.771200924615065,4.884314244861403,5.901008896281319,7.420607096577684,6.732711233446992,4.281825539966428,5.347290871789061,4.99317086786032,4.915599739924077,7.9533873456219855,8.532758097133293,5.123436514039834,6.349940936888257,5.10215716424088,4.842721321185431,7.59053093336212,5.508964193363983,2.3897594143946974,8.060497133309642,4.69080300880596,8.02016177264353,3.7745764315128336,4.229985924561821,5.332511974933249,8.088980304387714,5.425643551349643,6.525165861565617,6.461663132657605,5.413817504545053,5.96920031309128,4.687293639282382,7.661773680895564,7.588072338948647,6.466335563858351,6.637455482905108,6.602776948610944,7.6293354398260504,4.183875586837531,4.632812384019295
2061,2.106736104036199,1.7593077657551586,3.8792021156385035,6.351285603539701,4.276076676516702,3.222324724855098,3.40604246433439,1.7879446705096764,1.6846547612342349,2.5106289815799974,-1.3771056712701424,2.3144266353598955,3.8825320676129724,2.2799381208124356,3.7653317991001902,3.5648798757585984,2.454021547888888,2.559052249480939,2.2357255138199905,-0.07187916903660257,2.368642770010848,2.363979552968822,4.100546820924203,4.161788907415913,4.93569874917639,6.3808345434994544,-0.11956008241094232,4.231623154390477,5.244196782595123,2.0018125073663113,5.332235212983752,5.835857754123624,2.085282987818637,2.222585725373236,-0.4479994116479449,0.7258025235456319,1.9889667014238162,3.8784795927590334,2.571892552591603,2.310703841776682,2.4032653179662007,2.633869529798116,2.8179171337135895,2.523996748544017,7.748309394408917,-3.882705575176354,4.440465449773035,3.0957252308726293,2.2001559842249465,1.2097592281884173,2.6659399620417896,1.1233167120351868,4.273008621458348,4.134956599823363,3.3831377112916847,2.210137359284122,3.0196594667845735,-0.8701190408961568,3.24942489970347,-0.4558534591362399,2.110812978497866,0.44979502980051383,0.8263656761625701,-0.9000360297745693,0.6152625145583329,2.6857625528656213,2.2484977985250536,3.9007400952536497,5.4252988978706576,3.302913325613946,2.0728106354845006,0.48764370394678064,2.026200493861889,2.6913485153224963,1.242607925986421,1.7419699005268772,2.643688250204613,2.8172208964824677,4.529716117114854,2.3521413209623314,3.5091194217575006,2.2295363651074744,2.4605409500413944,1.1448801067368715,7.338743558731577,1.3681647150680931,2.034738217962202,3.158761957403403,1.9412507044857938,2.5050403943349564,2.7523020387723536,2.4427323896309416,3.8261390775442115,3.7390093162077793,3.0498827983593113,1.405676735886213,4.859336989706962,1.4431508012629797,4.488264480027659,3.5044375185308763,4.482826394382222,2.591876285857168,1.6885040352313696,2.1875010430812827,2.0033908015566655,2.9442535988215743,0.567384621064212,1.7825056252808422,2.4404511012393857,0.9017640694590529,-1.1420525616869857,3.0256358857812553,1.1945459924895192,5.224513193913574,-0.6869673281908026,-2.305126610244142,5.777959850456181,4.355752085817271,3.770791237210405,4.891684156810416,2.3729697961745595,2.1471775019990984,3.549646122702238,1.3560961924236397,2.9148176322723267,1.6348129634199469,2.6063553665218646,2.5738891496740552,2.7510005366699457,1.0867570735160919,2.566271332060468,4.536407745507511,3.052983917039016,1.0458019386077733,2.234528746070535,0.9838555676156076,1.867779013411753,4.512581941960702,5.630883349667723,2.4391869514666764,3.472506740098368,1.9291797013118341,1.798704574848044,3.8702625210942894,2.3128390538281427,-2.0313603240868114,4.563736406893572,1.3860758020028716,4.37136221651373,0.3419484213508453,-0.05023308380924287,2.847853261592059,4.390643360799758,1.4664269247702497,3.478693225260439,3.5605721617567134,2.0535161145802205,2.3704297925377724,0.8656910277646148,4.0718162553063735,3.719956783898946,2.569719325365693,2.830776960685335,3.536079155987708,3.800384240417644,0.22410229953198535,1.5181864669610707
2062,3.8110402956091116,3.7760513093129844,5.767100851870432,7.897143458674568,6.108814205075132,4.865052732028837,5.305635766736395,4.21090162301372,3.6610510097495435,4.766987702070639,2.86159107140426,4.365253293822551,5.520513757292567,4.612359627824407,5.657625043186648,5.46083858172441,4.431084653426859,4.423116864283282,4.34180593079534,2.5936673114012017,4.379703665087963,4.636151925500098,6.031996720695287,5.757543013270556,6.31487426547141,8.36582571398146,2.6217734511813195,5.97508569795574,6.469525795044572,4.081636800077457,6.9935125574983426,7.687460476757381,4.178324920863941,4.376426470562299,3.457568970219844,3.0116643443350415,4.245815555597174,5.915754516191521,4.369528106060522,4.385687326948191,4.484306075192733,4.602415940884887,4.991500142062532,4.841038006646881,8.651684530818,-0.5711613112482508,5.840575211263939,5.191552171804782,4.312999381523195,4.784850836185544,4.5398931749935825,4.718942839780758,6.111850722853477,6.047148710951723,5.044941274657972,5.111327209028188,4.939354432040251,3.252701270169223,5.0422952324152,2.244696517699752,4.24748610525296,2.893304641133753,2.833319302584081,1.8045717430268893,4.347601013193873,4.886479889010559,4.26083310051211,5.7739700556829066,6.7347500951125685,5.287244548154034,4.204330492636254,3.1107198940268868,4.219744045158917,4.456223689019683,3.4397149859317424,3.6280436788139685,4.732689225725058,4.876081732840371,6.762184079299914,4.345183768662916,5.091318864054208,4.4994003501688615,4.303436183723912,3.6633039142551063,8.337563683246747,3.4692535729243854,4.201116386351404,5.321797479200979,4.156129240475857,4.40117662721153,4.4585380445652,4.437887650625458,5.799940022415127,5.45530975353101,4.999798872154849,3.655098486049421,6.663072860831844,3.8861251930738336,6.290609503100654,5.490369203147189,6.096172347279462,4.650731351355024,4.057409982229101,4.191217125120477,4.2496165992884825,4.886439883503424,4.321577999740841,4.022441528552884,4.747360789570315,3.4763228584980173,2.994159640166265,4.976126057063709,3.2096642671987907,6.578811423531891,2.14681470214293,1.4389478087682142,7.441600390549365,5.768321827310938,5.325561510784361,6.692222589712209,4.356632945481048,4.2883115194994845,5.301493114502779,4.847967564678299,4.8670535842920195,3.7126122985420538,4.899196235607538,4.556385911744217,4.84362222906202,3.882796539025832,4.803256633595152,6.390901594326416,5.026603439244735,2.994623651406887,4.12813642486159,3.2279867326905,3.972128621463121,5.894794054522083,6.792736625363087,4.303873533061866,5.262622853805283,4.125648989245809,3.91550649856699,5.770455438772154,4.285922469250089,1.1146957802361452,6.373319124353347,3.37316153667353,6.25039116601492,2.3808547633475285,3.3243679876342913,4.574985722786395,6.245463262986522,3.668531607836484,5.340909518558402,5.311672187057034,4.427008212511911,4.650539172492152,3.4261378311584227,5.9235762416802595,5.62281157628729,4.552336969766123,4.866160813686921,5.46686639982388,5.359471597034354,2.8067104424639036,3.3355589503871963
2063,5.0716847821042474,5.013483224179724,7.116168400923048,10.161027268089097,8.27600839990994,7.1563548157955035,7.458093680698294,5.574628969718671,5.052730871171782,6.296621439625217,3.55847748625895,5.206419708913772,6.769876727513201,6.28788316339768,7.9134902333648025,7.702772212182652,5.241352239302519,5.177977492808016,5.20359281784502,3.9420059662440723,6.537500641276617,5.005455973493901,8.47153059984076,6.936961396500979,7.946061040820746,10.543707033169685,3.935495182871819,7.308198905068229,8.174165756602225,4.916147851224606,9.210300217414725,9.59469318287126,6.260296613595681,5.24266140522628,4.158017502262676,5.264722772199538,5.628397737404909,8.206533011691324,5.294331900004684,5.222827561392352,6.1781288817011015,6.641068838151364,5.907919864973118,6.251960982664903,10.885257877152545,1.0046060188063235,7.77835600360714,6.119177837824001,5.1886856571996045,5.578068114560222,6.774712691533155,5.58222287893295,8.315867953259371,8.932599806323134,6.232776565798394,6.1256061440397955,6.191531058272414,3.9355948793477022,6.844263005359421,3.6935812589423422,6.123644043145513,4.431394502006725,4.252093381152071,3.131275151824132,5.02632968770019,5.759257532399277,5.056617729365825,7.959663192259856,8.302472129464155,7.225502503329312,5.259180199483344,4.423873594351881,5.286216790306155,5.17710922520351,5.486674640713064,4.958876371126755,5.832810540651452,6.369801548020595,8.7135948209927,5.145699578883318,7.295253195928348,5.9335450578866284,5.3486795155652604,4.993237848682649,10.465085473553891,4.321581579230982,5.08243188827202,6.996701926506802,5.062941788599408,5.180718279861174,5.160310848005884,5.885786758414629,8.161727535313577,6.713279616216134,7.1724472783249,5.371983000944399,8.73946304850538,5.270929512792625,8.416541139627324,6.979852135839135,7.841204201063977,6.856860754818752,5.46348260933983,5.895374705051557,5.597319559033578,7.223022824217536,5.053440201128357,4.931749978456005,6.111959621695611,4.860396746931403,3.753082119185352,6.3928729336837256,4.623560250833115,8.410500848601604,3.4624206886209263,2.4000579660180312,9.760370497559677,7.763454181110038,6.428797439511479,8.744379982609175,6.777599858826606,5.268633943436473,7.125679481919089,5.521275991509703,6.237259569866905,5.271702035233892,6.43309489791763,5.751408851609147,5.680882849762669,4.9556623881217075,5.9033062766338205,7.682804595422129,7.2108025064065675,4.37849770486355,5.429226611451855,5.446253755740049,4.815514532399587,7.860197379478611,8.404946187189942,5.041785061873239,6.575223539666886,5.002364307385068,4.744064539542486,8.023911432459435,5.626767699060765,2.3975615521957137,8.563253103915992,4.7792172800621096,8.409457029453636,3.8599764175135003,4.301430597772888,5.272340721482863,8.416552444470337,5.906488380555445,6.754922484079821,6.624036265601373,5.346612542867658,6.119152262806895,4.74587642221615,8.124151184063015,7.879805035632237,6.9153129594593254,7.093647959642115,6.878055303261197,7.580365236977053,4.161021380332011,4.701893521601268
2064,4.465077336256702,4.33873627061645,6.155649334192276,8.564707908251638,6.539980023105944,6.270406931390363,5.77992545478046,4.448020087989666,4.334102899829548,5.050129824876785,2.3091670585175357,4.661423002338656,5.9020243098338465,4.877116037408513,6.120285603404046,5.942254025489091,4.700171437983715,4.71901457707087,4.634953037897746,3.101644823603176,4.851031055425604,4.7187926625832946,6.65595653851827,6.1188879926999435,7.222433556616303,8.826497467327869,2.87551582157612,6.408660814414428,7.502509918871024,4.3807755053043405,7.725801482796669,8.087591007724406,4.621602737794942,4.6591483682394035,2.943276662503678,3.522228466471037,4.476886207362016,6.423257976770401,4.795816200971602,4.6648527137935165,4.928650768101216,5.049683835481606,5.311139948169395,5.067748659352464,10.144583896795913,-0.29684040248393834,7.050228313294551,5.4853269964456555,4.63469137114783,4.304960311949253,5.047292057176434,4.263581301768623,6.547885439296562,7.055114830036967,5.390174533426763,5.004013337629542,5.3214191764593055,2.727903863415123,5.918963436285655,2.4920826779057603,4.712221704237162,3.136935627398393,3.5585543602704997,2.325074771915873,3.8577874610821414,5.1669775998840715,4.549249891315896,6.205002082387605,7.756863889408609,5.679362760980926,4.474522929886981,3.35078035419186,4.563103646039961,4.769378978293388,3.922018163899581,4.2741512220352895,5.058549232284231,5.3404818867643655,6.760058881590767,4.629522033780812,6.445178787906967,4.739867755438898,4.800378766159216,3.91009464127322,9.781844124197963,3.853867539173615,4.528491719563801,5.588323769966763,4.481488261620208,4.7330257515112555,4.768412681420645,4.871980443100136,6.306999271611373,5.828946387271091,5.469129415849847,3.95018069073558,7.083645322049657,4.125726846764338,6.70905220756928,5.9536980422834525,6.986603934566185,5.114559645112603,4.294317983215054,4.625253563622632,4.490834816296894,5.367740688224637,3.831079608450337,4.35718556426776,4.983973355839651,3.712235089639828,2.606037118130676,5.411075077826782,3.910274002949395,7.657397666573525,2.3933000131510207,1.183516349146765,8.1681816821297,6.997556760286292,5.64246010637532,7.098605181276796,4.854662160078685,4.560540444155532,6.111068770289423,4.390357124805452,5.269137899577619,4.145960058396065,5.1502310290932645,5.118544365589817,5.102609751870233,4.006711931526662,5.040987237294516,6.768622166415058,5.4783322845896025,3.686913619935514,4.777751083532352,3.707858713964622,4.304763127863407,7.101324401795867,7.7862324877331694,4.581083827589951,5.650705061356228,4.46395781040192,4.234952078262965,6.248003797776378,4.876665001362559,1.2401988446712466,6.792646654943629,4.0739616286940885,6.717648852802816,3.165795064841709,3.147895879733065,4.834500465790429,6.7512845997077715,4.158709390958152,5.769747174407046,5.710434620454909,4.698377274504552,4.86819385563334,3.6743783935904495,6.37455289463202,6.18021708969027,5.056033881753684,5.359235056241355,5.902518694102768,6.729449965556459,3.048122860987982,4.01306880513827
2065,4.667091281249604,4.558529145244895,6.2238342330373575,8.830294877033811,6.6130654312156425,6.806318623752427,5.754277419395234,4.2254820805171445,4.58847109273333,4.84297916383065,2.3114804146442065,4.747131796361044,5.938778716942359,4.670024328640308,6.135261805920762,5.965800119885083,4.809125137997086,4.777068881623061,4.753663114882234,3.252456044970914,4.794343869233955,4.771391866792893,6.816824722778181,6.146460207371875,7.474017540185616,8.611885095464768,2.553640035205874,6.4681491507538444,7.788658097386359,4.47227130464182,7.9692782595239855,8.037146733367239,4.544636273178561,4.766558769191134,2.9027508427870714,3.4197416878465967,4.300548608446948,6.282231097848256,4.914851069578838,4.750115144098628,4.984026466913783,5.006653809341895,5.41562373178272,4.835074049902375,10.836522143462606,-0.6456855836099594,7.377915898016818,5.605461705861422,4.735226379611112,4.356997833169737,5.078415249185323,4.251517377536873,6.597458302203954,7.403121233500285,5.4362383266461345,4.879571023686184,5.413531240332742,2.7012280888598528,6.215884358846934,2.1980661587982335,4.743647819449164,2.885983443497842,3.7711697738489196,2.4508918924578307,3.850624184413202,5.322430480335806,4.662870633126848,6.246230815505161,7.973689754204507,5.5884065685858015,4.450475081801415,3.0663853595996704,4.751429694158767,4.82168216232596,3.8625515907489043,4.528384531173726,5.206550348421625,5.42591648291925,6.916025531574568,4.680940394514594,6.9411095220852514,4.518077359631142,4.94714090639147,3.6315758999051737,10.496140001149008,3.9414036587394556,4.626721650618927,5.398545925216428,4.588538535838498,4.795665787468695,4.820463982121698,4.937324804992513,6.24663653404548,5.8669605785659655,5.438968538724143,3.7786787193397,7.0569836056694895,3.8826047911726165,6.770508043981835,6.025537545953334,7.260572481258163,5.096626034584539,4.066204411716296,4.649411699895204,4.319876916449647,5.391652000875309,3.831413136730934,4.46500467971481,4.741761238249984,3.4407155435403878,2.567999324664989,5.505002496571371,4.1437019078895965,8.036911948873051,2.062040955759584,1.0039192119549067,8.419768952090168,7.41985892427379,5.6655799144044,7.088551270550695,4.87792638213984,4.621108387307874,6.3776051914640535,4.423863271957838,5.327088081759625,4.154730006538586,4.969620996508104,5.321097444871377,5.253878772515676,3.9963897816066076,5.0148933378273055,6.828105410496734,5.474240133474615,3.9119170594575072,5.011445330134749,3.636428307356508,4.391518043161469,7.509912950982312,8.055432907594692,4.643585041679187,5.7274171697017975,4.555997783510848,4.325586711666705,6.270168332479379,5.155503712915658,0.9497617400925745,6.872145435676493,4.307118432724782,6.708931408051787,3.379350964686479,2.993102456667812,4.909034538436038,6.829309055003626,4.093647444428044,5.824815397632535,5.745890605215238,4.878451374070397,4.674496085607804,3.392638343675381,6.391588872876665,6.282522903310718,5.088416048357709,5.3710961598774425,5.971082861567364,7.2062160650203975,2.7604924728130467,4.283368572528505
2066,5.792463193679681,5.882289779500977,7.817716214677383,9.529790124695358,7.647453379528275,7.64258538931608,6.90074705769276,5.727183027514097,5.908006933742557,6.255081357627081,3.605219411952742,6.049931302795127,7.379814867315623,6.09366182623239,7.344182499009987,7.104316004905209,6.001196061742719,5.937142956488092,6.077060354680851,4.5378859808732726,6.009544452716563,5.682847201310354,7.807605509871043,7.5302901273143705,8.39366971444467,9.607428535819054,4.016327648776875,7.947619470671333,8.505206725463783,5.754609563227356,8.691672197703662,9.07655156935276,5.808680017960485,6.089515811667361,4.159333198234946,4.715359394920284,5.731630459941666,7.424609671378961,6.040787865375651,6.065206736840048,6.416584663992298,6.190543733922576,6.783301867769453,6.359545136416526,10.929412981559498,1.081580683588983,8.14357434213162,6.928346915491695,6.026199807894639,5.573893876168234,6.19045930998079,5.496796427037693,7.707693122584247,8.21572369581153,6.86191468403257,6.18264284408812,6.919401278783537,3.9524620606981515,7.4604050362932295,3.7256942557106743,6.1005953415457554,4.505125677277304,5.103725200775883,3.7681096325275196,5.03809966672019,6.640233141723377,5.8372068764834575,7.359976941141588,8.694917614090032,6.88093902568879,5.73061088986438,4.500820103390465,6.147071093770452,5.8760321422897555,5.191285589155902,5.810603465628003,6.618468829783899,7.1160189869075,7.717371442708475,5.97949305151043,7.785676958489012,5.98017024634213,6.1217113645940024,5.100606406043317,10.490938060242557,5.125684311934588,5.94602103377211,6.924387343259977,5.951035193071284,5.931620906717305,5.831212926270631,6.554521440431989,7.411827992776346,7.348339434327748,6.604486760137408,5.304444963048247,8.194595078969828,5.353330569534463,7.81573057534366,7.717338818928289,8.367013690415126,6.261126529040006,5.510326634193292,6.08063384363877,5.672295687527489,6.566926743963672,5.021943208729402,5.8174031855988115,6.212091362681884,4.918019853275399,3.8222366515547033,7.0917243608113,5.474719764086704,8.767644878091481,3.531642414629465,2.424665665446687,9.156559459094339,8.187899327997503,7.026647496926357,8.173945817454111,6.159823356517431,5.9490090110178615,7.531083075393888,5.59113980977443,6.935143589202704,5.710268709166296,6.437934547148902,6.592236940203042,6.539715877894698,5.246222089333779,6.370634301212326,8.32589126481065,6.626106093926677,5.215037789067317,6.248764472531862,4.858818512281471,5.657825008034706,8.272587012692258,8.744037452571352,5.821027163159232,7.249032001300103,5.869736507278065,5.590490175603793,7.407930282169377,6.5228577436044315,2.4698305921307906,7.9372420578167375,5.6405347660183915,7.838889564451732,4.7140004290588955,4.344353311534593,5.966677865334627,7.817332057603476,5.319670733642471,7.4441419801963855,7.313643076039593,6.266614223605606,6.136422464559822,4.841963575896005,7.5349823154252125,7.2637365830355645,6.276190202811675,6.480481624860189,7.578030545457172,8.036294025208411,4.249504764789135,5.539506987508001
2067,5.480246390649598,5.413283725365483,6.924627787750698,8.934600060356077,6.814649855268415,6.60156715532829,6.009748934414884,4.588304289456074,5.482152213824202,5.271642686734943,2.9249373494551145,5.459821803045684,6.601499603483185,4.971019562462278,6.398899955225401,6.194992387346154,5.508433621344637,5.406192062101487,5.468897375567206,4.018944710236176,5.022661144363472,5.338248040591338,6.906510564273804,6.776994158674419,7.591550026988165,8.853552490215879,2.8589087667521715,7.122083015996831,7.794123624933179,5.120059209650963,7.937866444731581,8.246774607691275,4.785486383684749,5.513442719804828,3.588316867063779,3.6599238010701463,4.7258081255031055,6.548863680712111,5.611118395009945,5.47657341227449,5.426458359021567,5.25939203336321,6.118553354131896,5.2484034233052155,10.60858408335982,-0.3077303037561197,7.277498141766106,6.259609736245253,5.425868361160677,5.052546249381428,5.277065019155371,5.001950488008301,6.843762850148033,7.279996663259726,6.0466121142280524,5.388797390049901,6.055615407382619,3.337490207162403,6.492116296085815,2.5609784717189843,5.11708936917371,3.36329570329138,4.638801052781014,3.238316902826572,4.504278385433658,6.037940397858622,5.307212582179186,6.4699336316051115,8.01012329808597,5.931492940619072,4.922495117989081,3.358430645332255,5.553116920179337,5.388771090817094,4.171439609650911,5.416540057237811,5.8763033972475025,6.097932079742697,6.71051624109005,5.389396267718282,6.7978474477241795,4.940393303858183,5.681898782350893,3.9662809998824695,10.072601573220618,4.442537529939976,5.303017345481903,5.820671934505986,5.302264102060216,5.385958932019003,5.364196400704057,5.647620400478103,6.50348861669672,6.534527182958394,5.672636846016196,4.200765325591483,7.339427499935545,4.243520291714835,6.997731320816898,6.753033689383803,7.493808911278332,5.2813199511889755,4.424350345443039,5.1053854568765065,4.640725652285821,5.678945579405486,4.4499177449736145,5.14382654287178,5.144234124442629,3.7652428931203366,3.1939013713392734,6.154182907836192,5.014129390249606,8.01134409635641,2.3411220924864575,1.608014961094433,8.430692287611553,7.307370995653088,6.261673253158046,7.353736121335932,5.145195389872994,5.222886600114149,6.617258849842794,5.010527458170363,6.009540064067677,4.728527500197811,5.386542308947141,6.143297786535374,5.948495884650739,4.530820660550019,5.525676330037672,7.465882344524666,5.698092894307501,4.776584538920174,5.847479633023517,3.836350674837313,5.006828112335044,7.4252452689768935,8.050008956326877,5.285439812417688,6.391929717413311,5.184678518566593,4.929143343506194,6.51117171886666,6.152674102577667,1.3173752915242645,7.107052166689313,5.1939339082816565,6.957434786034042,4.231795545282031,3.5407746644883344,5.503617368124686,6.987132385919065,4.284842773758132,6.5428251325441895,6.442072828011266,5.632779014650091,5.096749486594366,3.7120425099956598,6.629730880260473,6.414001185190058,5.324102608294321,5.5589298266789,6.64271568478053,7.053643039074435,3.1041090704243777,5.205305004942005
2068,4.225689409153227,4.160467821359635,6.1923736274242405,8.015925302884233,6.408886201183,5.905834171175958,5.631699428210656,3.7778592792650065,4.079624427855012,4.438705402115979,1.0139471157143505,4.709970386574669,5.952609674260023,4.106399221532049,6.029343150059378,5.814749305446941,4.76097961210956,4.7441770631237885,4.7144740616281835,2.48410986363888,4.679373920088016,4.592544468368095,6.316569914917152,6.156222319354613,7.053364643206204,8.224102472513914,2.0901121464868386,6.433245355387529,7.231174973150102,4.421479224165282,7.1737247573832725,7.894495919470983,4.382315246760846,4.7320014357566835,1.7001996169487614,3.259848596652347,3.912307505806289,5.961055250714221,4.720635891659187,4.733604605247575,4.85082773168882,4.820755837733544,5.359811944762867,4.4510725448528925,10.212245010336241,-1.1854621352006993,6.70359715571006,5.523727740347385,4.670109569809091,3.2391235331694284,4.9014540667335185,3.1768888520697756,6.425120293100677,6.37033548920105,5.44204963023464,4.174130233128865,5.364143564924602,1.4440891539057115,5.78274412502845,1.7661358336607649,4.592416344086328,2.5103762388229414,3.2624035353461873,1.6656127775708853,2.686551675697166,5.245762002654371,4.586428302153947,6.076821203529836,7.515602897480134,5.407932963967325,4.235620198647182,2.5844784721732115,4.658024897674719,4.792708993454778,3.707923315217102,4.0402058753495425,5.1222086598475745,5.3528755257527045,5.434343994160497,4.674330873539049,6.12953445787231,4.115484207992752,4.699152626842262,3.2052835687374066,9.777195767561595,3.821692986289662,4.57305237054825,4.908462761342523,4.529657841225468,4.762869829374056,4.776737374005221,4.85821781158447,6.016715725262958,5.863511637101573,5.303258403142294,3.432706192384164,6.952256035928927,3.4415777100871017,6.58380464737614,5.993656701346242,6.823934754605096,4.928088839848832,3.618808577023445,4.554223054399093,3.902988920702289,5.246860699852308,2.6835543785244242,4.393076025772218,4.356308838973445,2.9799129873514145,1.3178587670127533,5.427805410325527,3.62712530096372,7.363658774395782,1.5844429003695675,0.02560786604881553,7.5707461898525565,6.6927836276590815,5.686484028895693,6.951892765797679,4.773605798681572,4.479693401853244,5.95048352777958,3.3388441709180627,5.283904838562013,4.070970697204275,4.583800617853799,4.9496079977601735,5.192953872929015,3.2751939521481592,4.761569819102685,6.7818263502170675,5.320184902039667,3.402877643890681,4.535993257661662,3.454790703455607,4.3327643901109685,6.797717705617346,7.585468350847563,4.623362172643341,5.701971375158367,4.495893361667793,4.262244398395221,6.104414731512468,4.676277371744317,0.349106463789942,6.6781922345360165,3.797177271544932,6.575166368236148,2.8360908905665094,2.1176384722193076,4.869310191273688,6.489650600108631,3.922651446447707,5.818487145751713,5.779131913681823,4.791761615251503,4.245915723095339,2.9578246091802933,6.230679245789847,5.84815902877599,4.930522804458941,5.1270837894330406,5.9173187986016265,6.375620218118032,2.342013379683097,3.7990078320105876
2069,5.440538870620315,5.551636948667723,7.114704289955312,8.93240788065154,7.058728002011778,7.20317008535795,6.22514467766701,5.236643036666872,5.5462827245094655,5.867736755035304,3.559388659637551,5.829412376186973,6.76783356655004,5.5672876067331165,6.6255431203492785,6.415310772071629,5.84792021122472,5.7344378026138125,5.846508268652293,4.226615703311458,5.2703066694325384,5.692272034184688,7.11720653032435,6.95282857582487,7.950781342284428,8.915687878327127,3.5555098272603147,7.342843925387694,8.19479183043385,5.532942156853349,8.071500270145721,8.502402519100697,5.090221186136376,5.900439919582727,4.105848437753217,3.952899796759776,5.335198918164803,6.6390564806161265,5.782188020903492,5.85316811861663,5.728391603149222,5.558853664274879,6.535500903100035,5.885573104023936,11.010205849491316,0.5881153565413998,7.780009578528072,6.660504189833744,5.823180222305757,5.538164057511965,5.519226972399083,5.496722912223178,7.072053168996659,7.3613728033057555,6.226951323385381,5.951087932905246,6.342121367182197,3.8972243378902296,6.892322180728462,3.28864017026178,5.395796428466666,4.030920806629907,4.738258004316998,3.4556435110240136,4.957215948993794,6.456260643128693,5.670919824263145,6.705815267909712,8.413743926533341,6.253040632618402,5.445575400673109,4.054411861660152,5.888766322670312,5.683449531648433,4.470492069063514,5.440327072483969,6.230001592815948,6.404387378487095,7.48149883027734,5.743619832499274,7.33805688804594,5.580216548758852,5.829132283042217,4.628852582151261,10.656088446748672,4.920897302956417,5.719679238981209,6.3134213588361074,5.724774972118177,5.7245978412443215,5.652572303496562,5.888076860329204,6.642598373622731,6.702043974194034,5.914336709112958,4.813814129295018,7.556057440823524,4.899874367526382,7.232233457588432,7.015962411408666,7.891416008487857,5.554494515575218,5.075346238782691,5.379591629422944,5.289623430062982,5.870821342386045,5.00690867854603,5.592099500113523,5.763681887552659,4.442504749601259,3.719454205241696,6.4262474890926775,5.105363859184859,8.462409067256692,3.071729778215806,2.252496434182953,8.527922061753683,7.81452451260953,6.407069590456529,7.578301603167222,5.386949870606949,5.681862885196663,6.9655996641979145,5.519536017086999,6.24148155132244,5.014333999876319,5.965063928530137,6.260654165570078,6.339204318307596,4.968154815121975,6.055673782039303,7.718988076526801,5.925579288396344,4.855883176085253,5.879582892204156,4.13667870184471,5.439084389857176,7.904453548763336,8.380470285127902,5.610598054116368,6.5933485601803845,5.640324504724867,5.373776266030199,6.750331477358423,6.155995520538297,2.061611397256115,7.335954751947829,5.278650164572074,7.166968642894563,4.327955842724651,4.09673943807339,5.790454369166804,7.200525863995327,4.582326500066396,6.7523900780441455,6.620370680225437,6.086305807890562,5.730430458897151,4.400392451419914,6.869917701801343,6.595523525414796,5.568841205588706,5.7928510894035465,6.913895785294729,7.622300138375881,3.8231113493956332,5.1380423322833835
2070,6.54935560606677,6.733646961892472,8.055371923693297,9.86905135111562,8.18357970070993,8.076349434731851,7.422775185827554,5.883456194580633,6.81274586633362,6.5497831354110385,5.177397207100075,6.652382520766095,7.609754817239171,6.251094366969731,7.820548630993944,7.633593379937374,6.641691109936296,6.467580413766978,6.720315177539556,5.570114476413561,6.484742981606518,6.549108380387569,8.274887022273296,7.762330418801868,8.694291441251751,10.042505804320859,4.215972003751789,8.212723570137186,8.877218432467563,6.363158070578656,8.986264429215725,9.527905033708645,6.22655110626385,6.770659730416435,5.614948547124092,5.207496704662154,5.972356835829799,7.873779542487239,6.670649955241843,6.691690957141591,6.7632734911709,6.672131143253426,7.4127312181838585,6.495534365804032,11.184669844035453,1.3866895170047397,8.536588241314066,7.506968739474642,6.667839163978552,6.946726037767427,6.733192009337507,6.845486001207909,8.22195441712593,8.561436849421469,7.050025645515015,6.924220436509571,7.242556149589605,5.451790924826316,7.800949724198416,3.9652818852457528,6.488691552100077,4.707649656410875,5.992390292985686,4.805112085979556,6.407914350001977,7.348309350585376,6.450546924169335,7.862330880369353,9.05853909588066,7.260500032069351,6.170724799021569,4.722014874203839,6.806012421846393,6.386941004865641,5.637654586277647,6.676940693423666,7.129266153956793,7.409878885694621,8.246374014893485,6.544754097262271,8.198300779700798,6.202126581350279,6.8108929262079,5.2582272799878265,10.763996726480027,5.768296269892621,6.600105842575428,7.019476914152117,6.625048293250388,6.495432206782805,6.317670325780741,6.813601434230803,7.9112716452700305,7.559398317131506,7.121155530728145,5.56193693206999,8.636549590476632,5.529761443364207,8.332939663580783,8.002755401527573,8.72042810737059,6.735483880957654,5.716799801793592,6.438922002397731,5.94616309477915,7.10270402940183,6.398364486365485,6.496130433704326,6.360121696416672,5.1285981078600065,5.258039071513658,7.36510933935642,6.374485643516328,9.172062991122743,3.770959952781941,3.534626790418714,9.460311619372202,8.580665124130658,7.191001627337321,8.64590388099695,6.672604017345038,6.477933447478858,7.866610396460732,6.885625010163623,7.1750052347137006,6.021772689370695,6.648674819490004,7.396940764682048,7.192890890151394,6.078679801061236,6.789091514439549,8.593048556611455,7.116373287706543,6.088194695012326,7.0848572171967605,5.36684422683099,6.284699154825047,8.659778514427362,9.045217642496372,6.337677457209293,7.46634547277514,6.523082144686889,6.215612101400722,7.950215969106247,7.439949766572181,2.9220279929196,8.463678593522518,6.543773164523065,8.35904938072731,5.589140785665344,5.255950214220852,6.461255379278088,8.27379477486528,5.806894551063409,7.7015924205971436,7.545529372476299,7.027178980795478,6.319740064699075,5.024353028242958,8.051368921481329,7.680815453673236,6.832347445061494,6.945689125564592,7.851928940620916,8.463061952385406,4.482232586962397,6.387937109660487
2071,6.272235232694402,6.490466556158557,8.421290243622558,10.936284417479202,8.721898487158892,8.995348287425164,8.050388005658474,6.613809377517037,6.466543472018734,7.268244082557743,5.644102253790565,6.8396507077689845,7.95684153358612,7.263341122660139,8.503622551753734,8.265666819595062,6.777887480397677,6.637575014654935,6.919131714850668,5.469425829833954,7.110748843386253,6.564490038259276,9.134485918386229,8.079623084005515,9.313410983260333,11.104254886507988,4.9594615595094105,8.568408003654977,9.483966444394198,6.554383882417761,10.017281771476927,10.047185904840168,6.880287761928454,6.9257325232029,5.883729568072431,5.887421225679332,6.64105627403177,8.89095964642434,6.609506335751766,6.857663829425544,7.181861583528848,7.324046714809434,7.632920168597122,7.205402582883833,11.972524647055003,2.388211831450463,9.234009589614535,7.714794254123139,6.869406308208045,7.4577573954031395,7.368820684737178,7.364457805608885,8.80257660278986,9.976010838202365,7.422062400792696,7.517228915259758,7.587142894237205,5.839789419081711,8.414468814586774,4.76452288853711,6.970085164339382,5.526730634079405,5.672468682301462,4.717532051020651,6.643803270726369,7.529588964350265,6.632569492248628,8.413808270775043,9.680704088367783,7.910562282107006,6.5376627273086845,5.431799675177398,7.0716337209631694,6.523943347149886,6.203235085668233,6.330974758699021,7.426926463071641,7.798027711438723,9.529779354046134,6.71731420689873,9.046977264613945,6.9224390314313915,6.700474200372839,5.983391930830888,11.548561240064682,5.93270053174989,6.793631949815258,8.033737576727209,6.822641207643884,6.649039609486168,6.468875045663325,7.173393288563036,8.799212599365877,7.918783126655838,7.722151697195813,6.332509309053425,9.244814529677793,6.272323762034543,8.850342037734285,8.410632652712282,9.302645575046409,7.310776799724533,6.444740493235919,6.921430444922945,6.553761142338149,7.7329926574281584,6.922797837390984,6.709248948970748,7.085412916695249,5.837226612043792,5.511190419823963,7.7127900092766195,6.044043667871383,9.840432615629558,4.523663731356122,4.05905794493597,10.583008331471476,9.348002034785418,7.537541976262781,9.203095273435887,7.382033607055405,6.796964946877342,8.481540176567846,7.369253126711679,7.559561406487028,6.444291937197081,7.37058347926058,7.175407951344442,7.354137877195045,6.319023152877546,7.240314091074056,8.94108591883861,7.683166890822608,5.7664632108704845,6.758259727523247,5.991365364913282,6.4844681623166975,9.411452999402737,9.683756428032087,6.503337019347941,7.8493337061513095,6.7373526345553065,6.416774778016686,8.586268820125484,7.0414761974123,3.7095792606264233,9.002861603580667,6.205338745795448,8.979319319642824,5.299099118288224,5.683640553519641,6.610420825345249,8.953459608914526,6.426868574372655,8.092425968112618,7.937336672547054,7.2424535774465255,7.065767545895332,5.755402600200012,8.624137487904779,8.461416527885813,7.511981831028546,7.581418668915487,8.238377283230935,9.311635010522496,5.294186967039673,6.063021773922037
2072,9.604910979668306,10.167803656309841,11.70085007399321,14.077950774133209,11.848779345055421,12.691488341366249,11.316180776804687,9.704245362679162,10.207512458786368,10.497965089480086,10.187112705657885,10.109449285517139,10.979887767384445,10.752178638180103,11.808257441533108,11.628261590997385,9.938613443076612,9.53887118846178,10.375665862361595,9.307175598045195,10.353085523347058,9.242360112071038,12.566799295196931,10.941165602331363,12.226157838106154,14.025864989807209,7.882441797914601,11.716878172755246,12.210804057617974,9.83530505249898,13.054913789033892,12.818105837206046,10.114378139624996,10.389580819010735,10.059251745541888,9.316697392240167,9.640486197670304,12.279507935295504,9.669656580438215,10.185980806375541,10.558239299058917,10.613301282376058,11.157694675400851,10.270474860072138,14.924795146783193,6.068398619458697,12.253661601245406,11.077722596377136,10.255397893985112,12.033616469800476,10.755791215226058,11.90192759533723,12.031926829429969,13.866506959994634,10.368959375222524,11.225868120292825,10.9108709226052,10.120205672581994,11.94653850396474,8.044436730941142,10.275931843649595,9.031310552234451,9.417118829985466,8.582131594667834,10.61228350102901,11.099710249404115,9.797480581452449,11.577589583645269,12.257904546707865,11.128085947533457,9.527053209394216,8.346227160592878,10.845942879716553,9.208455562591558,9.548268442104266,10.010477656374379,10.919134107480449,11.521985749900342,12.912543384979168,9.865977224055682,12.581336801809568,10.118790647387506,9.910315237442651,8.903070090214415,14.466450246175127,9.033974569042524,10.228804780294503,11.630624046370697,10.399575604995098,9.535024584829808,9.063197013735776,10.592194471508272,12.236316514263551,10.964664523800215,10.987801388899486,9.797813701877994,12.214763357241955,9.250656915952765,11.93034051212793,12.087666701773802,12.582984892030554,10.467410063743595,9.432981185615066,10.270681902766228,9.433408066630363,11.12516669159134,11.314171144987155,10.283897553881008,10.152491485079132,8.774069926639397,9.610248680909475,11.110221948723002,9.788762050773949,12.80999394158522,7.505337630522747,8.087584849943715,13.799747309088708,12.590474956482655,10.306685930987198,12.182691323757172,10.915740498279531,10.117835238079232,11.79609057928125,11.631353157758713,10.908923219641052,9.809203619509933,10.514269555608431,10.717252488931019,10.742371698096397,9.758873040477432,10.408365309735139,12.096851511051257,10.869589865704379,9.475125348505879,10.316280584534013,9.296783650666477,9.75291518618663,12.549405625338359,12.290534806251534,9.42675478197634,11.032662720621254,10.141374510526658,9.694545516371733,11.939002343577647,10.8852555654943,7.125089939497418,12.188922204946484,9.981404350542771,12.217062968015673,9.035408428202699,9.27974189470212,9.323782517512637,12.040532107589147,9.72052481373151,11.560870561500392,11.214470235692955,11.095662969350817,10.099205398559572,8.781216752901672,11.89282677769661,11.609926936527096,11.04411894629399,10.760710255056617,11.705295769373576,12.842913981278738,8.498618877306576,9.843111804251869
2073,7.935798739564827,8.300833040013398,9.478350442288251,11.740319401025772,9.759915628823745,10.074501638782431,8.955771105556652,7.809666703744181,8.404586113732433,8.537138165456474,7.296295043466424,8.110550821180745,8.878121880878666,8.415583473533905,9.408971618475581,9.177833443828696,8.017386885857661,7.741614852807135,8.2320007982439,7.2503714373913315,8.002764037617581,7.637265499295862,10.129016223395695,8.941780499985509,10.09683414644979,12.067144913920044,6.044448494911195,9.531710202516663,10.24385038943126,7.80174412655419,10.807310081247632,10.874561208332405,7.801269317880784,8.272723658331515,7.612117379133037,6.833149785625523,7.846185029837595,9.867301466906893,7.928366321684982,8.140584166450743,8.229374203959416,8.275239081218327,8.958458951578063,8.443036995699693,13.104928748360999,3.738912714966412,10.06234958870658,9.008794558587773,8.185353360042498,8.974267386156939,8.273416730751892,8.880596698615056,9.815718950896429,10.871302217437789,8.280445174924257,8.754419452157517,8.638311125594996,7.5010066237943,9.525414328379878,6.00032277671813,7.998298178523266,6.807798713188749,7.571164827665382,6.523181610708604,8.326664530768474,8.915951829275173,7.842521174826886,9.422429727840013,10.42962792361605,8.972225724623122,7.702046137945404,6.549593488204066,8.478236377496145,7.5113042500512375,7.183404685351356,8.267672577037894,8.629748038947584,8.976864485519714,10.218590273939329,7.931572953817143,10.111906215452176,8.187093303635201,8.15194953001779,7.0816942431506344,12.606023667187522,7.053467957752531,8.109732275892954,9.269924314335341,8.216053536739844,7.726354905492465,7.416788369417191,8.292322123284723,9.754659426109546,8.855227500200272,8.658170566027021,7.578338184233368,10.125575510592302,7.437319961858205,9.88264781544949,9.564014047384267,10.256739226523145,8.28900285604699,7.613212580696262,7.874720474255497,7.6769462091655525,8.754182222074476,8.377030065475873,8.095048389943507,8.318365633391355,7.020664566164386,7.2256657643050985,8.840710077820157,7.959647769698521,10.746645590354658,5.63855420232847,5.595263858550578,11.366926326320081,10.24822469029961,8.326939541718055,10.148859281478261,8.347756088550751,8.081849678066272,9.538262425825511,8.765871923159935,8.59554942311912,7.43143606918728,8.59514457141531,8.877052936574511,8.689913456039184,7.745734044125883,8.49056031991696,9.933185354388993,8.652093300531654,7.652317224905411,8.574057977132764,6.944210660764308,7.7218188319740655,10.311005936100566,10.37423192542689,7.63477725921006,8.828541371007931,8.014595834345652,7.655632562164607,9.534657479360186,9.090777561710826,4.944809727113826,10.065691490625515,8.136491903714068,9.873696111206865,7.1737448860859105,7.185443677521986,7.6760593915743565,9.916090382809012,7.390918248557839,9.16713809466054,8.880859111114566,8.719066664191159,8.328404458946194,6.9108149979648905,9.619385512481474,9.387662570024357,8.462712282507585,8.544343552712734,9.349791379838155,10.334583678929102,6.394867454880274,7.992693348177557
2074,8.552978521020249,9.19198931371472,11.370119824491702,14.30461074566019,12.371722567184218,13.09757531100306,11.577127412090018,9.887740598670367,9.136132385292704,10.846620891628598,9.89850521774899,9.521147668104748,10.58229219605183,10.878051012754444,12.143579156748181,11.919464986000595,9.397165710941469,8.957315582974719,9.736167451366782,8.445251230535836,10.584575259479983,8.669986341533992,12.985551210313014,10.576824418558129,12.223489060098755,14.650596651537665,8.100851231094065,11.382163305734766,12.354186627371556,9.271453481039096,13.306560450586778,13.137149576483104,10.30592547716766,9.791918383610177,9.97465749701549,9.49809700147859,9.933935429515513,12.668612160559363,8.817425989385312,9.575814054187,10.452149152563045,10.868078560664737,10.502527045278708,10.551950298506638,15.838392364567724,6.306245419485815,12.508120504946545,10.53418423633637,9.694122011644824,11.74868961449327,11.023673246646752,11.697063145966366,12.49634256509357,14.087980788329553,9.9709593360794,11.076636593917323,10.49806473314248,9.926955165020354,11.994578381036886,8.263160903970231,10.35573267602715,9.192900607683534,8.268692438458576,7.696734846152109,10.547943244720328,10.473794682850615,9.240557311632639,12.047701324882176,12.459193603745822,11.442594330115568,9.39947843834244,8.631868464836119,10.26334404482924,8.626328858707486,9.664468236596742,8.944937137180359,10.429819582640352,11.171754817510475,13.053967036049945,9.263128431706592,12.98223094796312,10.419952480957425,9.01686606247877,9.112090375916713,15.325735289475006,8.444819190378851,9.631763464225262,11.705180248309828,9.810812818079164,8.96377883209237,8.4897646924545,10.296270138744642,12.612103878809464,10.59665822109272,11.28178407303218,10.090496060534802,12.578722779093118,9.528008712776774,12.450566455208024,11.70453373522594,12.55385626698362,10.911326781429098,9.753726125791156,10.075300199846767,9.737864792346953,11.571106174896503,11.045019396420185,9.712179050363341,10.433421289098677,9.117746162645778,9.435576250712417,10.843238097840342,8.678328852201338,13.07560894574071,7.733700133988569,8.039057425576555,13.990970632125597,12.80605279679956,9.885698383224419,12.604642615236084,11.306730544258807,9.744144564815636,11.91714337827831,11.256675401638295,10.540166362606247,9.53309718172612,10.79985655381762,9.732823965364485,10.148794519747124,9.50011365719396,10.287712980447145,11.789121644764116,11.2569395797006,8.371356928913757,9.229156173059133,9.603930249296386,9.183955300213968,12.797226152800274,12.421128846448049,8.847643458123866,10.686222811068959,9.549092472546963,9.14540674820028,12.307243283452658,9.82139417323573,7.246719514742362,12.717293261967857,8.86231827055072,12.509490983239537,7.883416132937222,9.368344711846323,8.802087623304846,12.471693797358151,10.045084397340643,11.14904359368415,10.722375113003217,10.443981366681642,10.528559578903792,9.011274528657571,12.304934523999691,11.984182797629257,11.370283899636108,11.159240712379587,11.383375566099485,13.180007249116903,8.57477315178077,8.636710188512144
2075,8.535433468119855,9.145253848605627,10.91932089575406,13.959014279543073,11.053399974929876,12.085283974121356,10.357954516749956,8.72704367082694,9.131553221365499,9.474409527819736,8.51870548725128,9.304067108573411,10.204764526819108,9.658465261603222,10.972835311601898,10.686987596724565,9.19581450945858,8.799970434529003,9.5346722816085,8.091014895973537,9.390981177060775,8.577378806625978,12.070503218420624,10.200668027688717,11.581121782804361,13.65190624702593,6.917031564846121,10.927608015914933,11.626308911463953,9.030269824225329,13.039600117967046,12.037062786776442,9.142173567818933,9.565608805109715,8.60523123165657,8.26828659891055,8.823737425023113,11.52102938198067,8.762133779518049,9.364585979103015,9.67619704532212,9.636695799128765,10.244317515656865,9.339364385039644,15.100564923779713,4.767650605115144,11.644321658487979,10.238410061193179,9.466403003396662,10.401485796118607,9.779025075764494,10.290691248815635,11.190504344372913,13.91060914972733,9.655195045742559,9.909791868308497,10.123044708679465,8.591992559104133,11.207641519863026,6.903906389557082,9.422560040806903,7.825896052029472,8.319509622865711,7.3267744699942625,9.273827675858445,10.249584752937842,9.072846908764587,10.759821858674544,11.847450196229182,10.184860079581362,8.771042375729003,7.423159549462385,10.011029809456446,8.50411179661751,8.567175828177357,8.950044311326128,10.126439711657062,10.553780297267027,11.983635291971009,9.05857873168485,11.990142635230363,9.10712606331398,8.975218328936348,7.999577535637496,14.6287091353844,8.268985688172538,9.414396163975372,10.528526820499323,9.569521736482095,8.816402023722382,8.384377758115011,9.729034421772795,11.43880015508882,10.211787022907156,10.016880955161719,8.732397858952657,11.444981612008194,8.364281458073652,11.149716994885743,11.151981875814236,11.851860485714061,9.659013313594562,8.548971745474589,9.319421984769146,8.656092161762308,10.22242321587842,9.72341173912945,9.467457098179851,9.210166839176207,7.892329180035102,8.17195522168587,10.266826694381646,8.695020427477766,12.244947717107575,6.4835021459850815,6.638680002812683,13.729547462329773,11.960063671115147,9.599758936413403,11.384444183316722,10.040925276176683,9.302151230902508,11.169097759600344,10.088403023137104,10.074613252590446,8.883244793990563,9.568667207555524,9.67578874065958,9.939624171061762,8.691251058516837,9.573381594542802,11.298556467582442,9.9985513954327,8.395685541732558,9.223402300785335,8.326523614597738,8.980693415321152,11.956592876014522,11.756478730396463,8.725857734423258,10.285648563041768,9.340724980522845,8.906206707502236,11.03525283727153,9.797703051875379,5.897281527519233,11.364778509941594,8.88071485489992,11.304884969160474,7.923310630408857,8.078847153433438,8.676066708461986,11.453904824395638,8.787061761936238,10.672760226346297,10.348574193901028,10.201042425015883,9.294795887223605,7.7934059880930775,10.992732588972514,11.130387413090672,10.086438581861303,10.013585532533714,10.833975529362416,12.212099813181775,7.3299501158040155,8.674283158933296
2076,4.98038788288832,4.975289381916326,6.6564771021405855,9.927861878772582,7.314105762355026,6.894448383276657,6.464768700425825,5.376739657918617,4.96013817943943,6.009482601533334,4.333020129054786,5.1824352508721265,6.338637532262754,6.119454360008237,6.86653103915354,6.671054971559596,5.217991637935242,5.163488954678183,5.190432247146965,3.9974062353372615,5.520585026793798,5.318958927318456,7.762784379472337,6.525409008252125,7.647705457607904,9.853507363796238,3.704326233019437,6.880220239743362,7.9284195731083535,4.917583471909164,9.014140763630468,8.702412361030778,5.329286259599033,5.224654919995615,4.822050033548536,4.205035458505154,5.365471321096023,7.398865451873281,5.270141616525747,5.198913193245736,5.5102420403622085,5.780063047260047,5.879810169215004,5.999635863614584,11.164106807112692,0.7790705638627209,7.502369158187264,6.078520687855778,5.1642113160342,6.342568241059782,5.771829384192825,6.277207185079653,7.304374637641012,8.686885272463165,5.822478228310742,6.388016763577858,5.857414728775619,4.597733505318567,6.490527015427751,3.415035610646008,5.314303123950954,4.122281234959763,4.115016188348332,3.2150349142650785,5.629201325153308,5.782489743207893,5.054200803364315,6.9477989986538855,8.113506539165979,6.44977689857284,5.162662915637098,4.209141039351622,5.19789273768353,5.170795326804121,4.548235751905792,4.887186852749435,5.653324551880357,5.895706687370936,9.06934012969335,5.1207128746435036,7.046809298296769,5.70648600757122,5.3017592570434005,4.761668021666507,10.777928367257116,4.353740291794144,5.068329874550298,6.801490007837615,5.040851775805151,5.173448320229846,5.159626711408294,5.388011204699677,7.205078915754951,6.279647495845956,6.156751310825347,4.936936490734416,7.764881520097455,5.02635529960195,7.460688481604062,6.504648313671354,7.511857695194584,5.808740826199457,5.192556908975049,5.205588962634407,5.359324207653603,6.136560196507104,5.7731727060551465,4.9162652072807145,5.901009260490536,4.578139624123771,4.335006771764406,5.934516443312169,4.522461687618246,8.195242839818826,3.2298518406848116,2.7924694580025955,9.558229069908455,7.518024716277916,6.027738370001316,7.797014947235582,5.646714130043987,5.212178860356412,6.750988973925513,6.251907473430038,5.772296959813683,4.666247457017504,6.084496000222864,5.719517250234882,5.688875778764483,5.086911907543739,5.795627617867041,7.265802249312401,6.179825119674206,4.260853319700493,5.373046306893232,4.406889081001284,4.825440600390236,7.611647029609111,8.1547331529359,5.031383523096639,6.165294029905147,5.0066051218736325,4.7605918297466525,6.997251966471473,5.568032949666182,2.323284403234718,7.583815016597515,4.665849949916203,7.4117521062493354,3.7250572825471573,4.545354362328846,5.248137164240083,7.644569127013284,4.843111735830707,6.277613237717501,6.173880953714249,5.363308330873648,5.828264288417997,4.556063096970319,7.109079329933353,7.156775837267438,5.824255211108056,6.130007814367612,6.413316949705286,7.306610975166165,3.9672809146344727,4.617412867148721
2077,3.9431331938710694,3.9916178548130525,6.400977734861701,7.953305499644246,6.560832243027356,5.610839443088607,5.894074063105829,4.546978279434402,3.817494181209598,5.123955423461977,2.514531819470997,4.765412728494871,6.116723705468508,4.739305709970409,6.200495261056672,6.0419586275158235,4.792648553234073,4.776141830302519,4.756659464589478,2.5132500868419108,4.9826401438692525,4.654117141561265,6.372123142254764,6.323201362750141,6.929643965695571,8.289470741974897,2.9268828178274204,6.600848519339643,7.067506722848992,4.483633874819196,7.077801614229022,8.122474287797147,4.75036202855649,4.7730248971232045,3.1282414845351507,3.6268295244923974,4.588855210049401,6.136853996343142,4.627414614219088,4.782260821104565,5.115058908174781,5.15979193150997,5.42613630253693,5.187981095293471,9.124600176153509,-0.2579311548635877,6.5222678642463086,5.621096303172665,4.715225912309418,4.510371235359847,5.146152535260755,4.4306807620129725,6.606513025945629,6.174341919093297,5.620568616893786,5.129160537545023,5.539554411416936,2.9091175517131576,5.756401972138675,2.5721437895734782,4.8686005624717685,3.3049558729961004,2.96332799771736,1.7549216120407523,4.059256160053714,5.281484773575229,4.601724433873232,6.273578818502101,7.312207544158245,5.805003394597565,4.551270970496639,3.3971452760542284,4.676349506295956,4.802241648157964,4.051578755522595,3.8003803334873316,5.227586383449619,5.572582251552881,6.1114845993960705,4.731796884074294,5.8297560374284645,4.8333618127066496,4.556873050486221,3.995676364107379,8.73941730425276,3.8625393838718,4.617436387415591,5.524956972948437,4.575104201662131,4.782843612391376,4.7787562610003445,5.108672663569449,6.164582588806232,6.0522851003655065,5.5867971721394305,4.1088032362789955,7.133011841311539,4.223678544163709,6.763394429187835,6.181033704815242,6.778158434096659,5.186080808012652,4.385515333249652,4.834193214260298,4.557108487548501,5.44316571244392,3.996822403679634,4.446781452359827,5.065321695701829,3.7692916503754175,2.6715824455022803,5.651567799328219,3.334721845671021,7.1918339408805645,2.416162921565358,1.2889929382965455,7.505997175896731,6.448985752617487,5.867668612378426,7.13810973757365,4.9417725051271475,4.679996959094342,5.920018808338149,4.594833877965294,5.52356316714451,4.38882399633013,5.26281617581844,4.767274577299067,5.236312750470023,3.9315505356624216,5.164150111120327,7.00405543625098,5.5655612942987505,3.1416557626477597,4.280355242819625,3.7989859920123497,4.3833210273035625,6.5633887522452445,7.357642245703731,4.644863527782007,5.886112874630708,4.553030967198569,4.316821993424975,6.330019746104192,4.456511271410976,1.284275913032993,6.83072961841164,3.5276154758858285,6.817349765963597,2.4845314901964453,3.262523373653152,4.8827270805064975,6.620748121162938,4.248797303643724,6.002315628374448,5.948865431232441,4.8273232404528015,4.987737292359615,3.729092870806827,6.4590748116887875,5.949842493338831,5.149653437836417,5.342662260450166,6.126124433402357,6.106039375580592,3.111473060373604,3.496450146724438
2078,6.981036320328713,7.270837627608203,8.98151744002926,11.663521453224373,8.927264391862114,10.153782663674193,8.10071385934435,6.780715825228854,7.3216078096422645,7.450646031519455,6.725176884182568,7.273052531776246,8.488803697557284,7.585006841105123,8.544471070684235,8.367347401855836,7.28612455597211,6.998164494489802,7.405515152768332,6.368020945132294,7.143800978259796,7.156314449063666,9.5886682467214,8.58937868450222,10.060437324874366,11.373269335976962,5.107243012500413,9.18626612126185,10.297736808143808,7.02835495821361,10.784605452726625,10.141934681041493,6.940856315452474,7.464895558254471,6.9577397945626025,5.9621337780664705,6.862527051105582,9.053655444034213,7.127229037662523,7.325651911569053,7.716941760531786,7.4106775630137,8.109952740114313,7.35184061116186,14.07851591397976,2.4478653501719254,10.145563520748041,8.194549747582142,7.346270632769534,8.576826460916426,7.49250568137986,8.478389918804165,8.955421886567407,10.85608295428342,7.894262030110537,8.076172518190639,8.183064962255543,6.8743199048371215,9.300038756481534,4.8732565518083275,7.369518712676807,5.6019092849616365,6.511685693492025,5.571226695616694,7.677700709198317,8.067162028738649,7.125239503023955,8.567980599043699,10.475234259819159,7.964655912641821,6.9239284303681625,5.627346251079623,7.695211027074476,6.8644913474162115,6.4314976068020915,7.155675878812524,8.037901145630869,8.563405530463005,10.355430606367257,7.11675721021562,10.093230457655311,7.104692558790076,7.2690720672494376,6.129137229816668,13.755243688821789,6.429137206829059,7.239185731986473,8.258298295196786,7.314035106321863,7.0237928433664925,6.7927937909703875,7.847794109891199,8.9131073025537,8.436850223561812,7.791777990244584,6.452414625420651,9.300393454794744,6.432597674429415,9.050282423769863,9.136468073417406,10.169159563065604,7.471138271792182,6.63141451088776,7.294169548256643,6.831470863829403,7.840474767931578,7.969260885540783,7.195384314669104,7.250955829332617,6.028451900030006,6.505895041700068,8.418684358226841,6.8984935669035785,10.752156757075209,4.653055030724098,4.806507399883763,11.36164929126871,10.358514185866408,7.945581232542819,9.322286396191043,7.438470075356545,7.221427208904559,9.257690774983375,8.349277517148133,8.135831732174445,6.935228878632188,7.522871961881377,7.898290627218526,7.847176475514628,7.027945244106758,7.572983670465905,9.558642320077997,7.799466038315461,6.608573712665456,7.537016047229024,6.120912239469332,6.92639948838744,10.374389176835017,10.405347990578619,6.8879215593995715,8.419981783191709,7.170415280707948,6.886641167104243,8.713346060172753,7.920299241255067,3.9309957554114265,9.209644344089362,7.060413075932143,9.056350179787344,6.13215561699251,6.368840285416305,6.997474397050925,9.272413406906457,6.554521152492741,8.728185190722867,8.49369558448711,7.836342526471309,7.263203290002098,5.946664929133037,8.755097377467257,8.864501158225126,7.612537265466203,7.806031417486997,8.927307398154817,10.404008016247175,5.363163758534941,6.894991179992413
2079,6.488465391356369,6.678046427538683,8.225317417290706,11.103219578171082,8.863462637082256,9.095648090387217,8.075030738166697,6.528519560550823,6.719529842765167,7.256331946829272,5.969932231923628,6.762753525684618,7.7965300611123975,7.246680842005999,8.502775754823734,8.312270671434316,6.724641044592037,6.558395121375037,6.8001306642746115,5.72596217704744,7.114813012295758,6.5761166050516335,9.26436860474019,7.9381251838700555,9.269982495698436,11.177457041781524,4.847423871401055,8.45025747038167,9.558019652320395,6.458569471692212,10.14239012841778,10.093682602047924,6.870637615693024,6.853910301779883,6.3062462445733845,5.886040286771185,6.570997949432712,8.916241925852056,6.6972605337485165,6.783876561656085,7.149702777379542,7.337296454557057,7.51418739351733,7.1380652678680825,12.666712347803445,2.1604210515747377,9.367214398137452,7.626035669754286,6.752899983962035,7.868910377138652,7.427292840234166,7.789577054052513,8.898914311980379,10.090300084188074,7.21186993630796,7.633317471321289,7.405942179455324,6.154632986619554,8.376124957897545,4.644578342807704,6.960198033087216,5.38435404567883,5.927129918356134,4.9378451730349475,7.044861727747426,7.427148265571434,6.532820611164489,8.523697155302973,9.711945707428045,7.891904089728314,6.483180773412365,5.359389076587452,6.92816361373869,6.460966061415345,6.214329239109469,6.574770986198871,7.272372499622151,7.66547637304355,9.972016521568953,6.64945646747946,9.141616367060559,6.885893408594461,6.809070152969196,5.8738469704985645,12.279242003272321,5.829194904072209,6.677792718184406,7.952470791750943,6.70109561939949,6.574359528720379,6.398499200570171,7.067454902904816,8.819874171296071,7.733597030413561,7.778764479119205,6.262399576604368,9.268494753231263,6.171807136900464,8.977715690331213,8.255875723629167,9.312357819285886,7.3988550860306335,6.360425069285876,6.811291009508846,6.531505831998996,7.802764844277812,7.2833849675953415,6.561377613034487,7.022099968238636,5.762888950520551,5.832446875500267,7.605879538275044,6.3037731811918025,9.951469192730974,4.402288205664731,4.261833265038403,10.724499094589005,9.422881277213836,7.324865770237198,9.284396565551392,7.381977086437158,6.683163808337575,8.48550237162874,7.684655687932307,7.370376143813262,6.315613029396226,7.317840329531964,7.356015979216021,7.266941016732617,6.503999783561153,7.147044879352222,8.80040064786665,7.760930300786574,6.014803779022447,7.0054841056979935,6.05350126865609,6.363749060137521,9.478394829507527,9.650059189262064,6.423297235115978,7.658323584702509,6.602536174243894,6.285475601907822,8.647562197827058,7.319597466752449,3.610785317318193,9.145852322650045,6.463735045792925,9.014736443244178,5.531028574557399,5.898220781108427,6.545506397856332,9.065552962494307,6.481396973807491,7.915960560071057,7.73356456335249,7.114320844925684,7.0052662676778334,5.681316496997043,8.728928846018073,8.566513615917287,7.549501862505388,7.676162759805547,8.08968854753365,9.444367728356662,5.124142274003608,6.291929262336991
2080,6.157233032832541,6.293198956828568,8.40997156898181,11.207836822575578,8.525243849555652,9.580507891252635,7.877356163163983,5.958999711026749,6.346345959114842,6.656748362630611,5.013242318232854,6.322135925355057,7.926739306747916,6.790264114861683,8.282625554005309,8.08642775565386,6.3050383095939955,6.177912536263464,6.3872667983174365,5.155872738904633,6.976023545737062,6.367359142005444,9.171061321968834,8.054310120021304,9.59387984573841,11.05995144918561,4.262568322817483,8.58082188467185,9.90194144099951,6.043098643453172,10.36306374818086,9.897203554154844,6.6955081569030845,6.419394342496525,5.4380306038695005,5.720383693029484,6.008662814895315,8.776231639583907,6.326570169130963,6.367939267183345,7.139911153415841,7.067639343440531,7.1057990629226015,6.597252761324246,13.070633633931473,1.473844658831759,9.759336972857513,7.2495118133723775,6.306184448425969,6.854300781091056,7.176766597727935,6.817788580060003,8.601451571285727,10.360897631198165,7.385195760925611,6.929380361859996,7.472081128725164,5.293630566944676,8.66416217684746,4.037051189690827,6.8995921870072685,4.798953306147212,5.512539801746604,4.411264553666117,6.231013223816016,6.968139825617495,6.111246488740048,8.229220791161058,9.994113923112554,7.615463299055893,5.985780347076554,4.751622212429837,6.568099182844167,6.106389984488487,6.081787017422418,6.227805537730452,7.0838032700121385,7.782497338950636,9.541429582734905,6.248491047027829,9.625949070292219,6.272619703039525,6.43315990269184,5.329357493909384,12.646598215897885,5.407732585072518,6.229515222770476,7.537168040250737,6.239287215098739,6.1846049115061765,6.05191143999497,7.161648306250575,8.653687506169089,7.900208453834059,7.569251584261649,5.710149623950317,9.046280318746959,5.608014133075873,8.670445557544008,8.391152225170904,9.593657722572486,7.1733769843975725,5.776104460408288,6.8264209071174315,5.924119673296809,7.531338880707815,6.313130673424656,6.106339146196841,6.46666707446178,5.162156930565833,5.048047770311432,7.715052932500839,5.89214706247051,10.329986403882502,3.8068561910341234,3.4627074738343553,10.871338761349518,9.825939292212329,7.5072006057327,9.010619082332902,7.154482172926267,6.240197158480686,8.745311607792976,6.767245880266034,7.539610120654106,6.391737121343614,6.789616637428599,6.982449875523646,6.84254162261883,5.855761553409203,6.659730299438036,8.914221296211087,7.523771026389054,5.622726173450549,6.647767584926139,5.836512178430956,5.931849383066098,9.866391422723733,10.015498510003091,6.048956265673042,7.8266856295367075,6.155509136912105,5.868730678657692,8.382073039561512,6.9938914300253,2.966473405063151,8.817313101887702,6.066776711245379,8.80581574489673,5.110684136052929,5.171921368812524,6.196079314562182,8.902024019230158,6.277635168346266,8.073128694792588,7.910010446235534,6.634422185877342,6.427655367778304,5.092236191531025,8.451944674054783,8.512844472161179,7.291667762662598,7.485153838992123,8.214953859150407,9.881361864507195,4.5504113763570775,5.9555171435078
2081,7.161462900967435,7.4943779827705725,8.863250575574309,10.942930416814214,8.921355137537269,9.290804387166586,8.201512110034196,7.1934093838108,7.48529549020117,7.868631161685129,7.030023680164901,7.655869454482636,8.332997908703339,8.004336408371556,8.609838960242683,8.441407279850084,7.5680190133380485,7.370656859771958,7.729782871645074,6.594659020931558,7.286113745500815,7.623119815670209,9.264406732701026,8.450979935711826,9.541840991197988,11.346813689018118,5.530856830292733,8.998616067756865,9.695040402355893,7.394111102254231,10.062014046671063,10.208729046958922,7.107198954688327,7.781757316841132,7.3268240302287335,6.069302133958921,7.232116872830122,9.153475076987828,7.413961847842641,7.696235582489391,7.631820744995411,7.557365501082725,8.446115857568286,7.814058965264724,12.568124845110136,3.050400087674111,9.534994042639072,8.51362717665475,7.696900597677152,9.012179162867112,7.547125702017347,8.90687209521902,8.97609189139872,9.936293143650575,7.789523775978332,8.558803048884048,8.078935261301952,7.167574532843873,8.831218524996572,5.381497599441428,7.346460262506176,6.173446774996563,6.677711275502523,5.831151443051881,8.02135248739144,8.376407767613898,7.405049979172906,8.616525731723891,10.001894606598494,8.210287365548568,7.277967964009992,6.024847075086216,7.835248986194869,7.200689307959946,6.495233660114217,7.326877807748724,8.086572915829457,8.354043256876796,10.610326070210025,7.523273178472602,9.370852938885317,7.553110690883781,7.536456035642787,6.542471027451344,12.180113060721037,6.75416229305596,7.631354718886577,8.737588174898047,7.696211481065461,7.36391593515873,7.126897698332524,7.703159432472853,8.978650083315783,8.31803223349411,7.914938215294783,6.943324513219552,9.361272491514683,6.831829163277973,9.058049703466482,8.929111198361573,9.672482453029739,7.540023263158467,7.013351028078591,7.256715153183405,7.16950493586924,7.917036045342683,8.360439955160539,7.581847002794004,7.672767276393954,6.425454862961738,6.904646193448074,8.236936414550092,7.077427567303949,10.110836156932956,5.113130382936574,5.245488399061665,10.610492562425552,9.596231425245263,7.873733015538289,9.365151036851879,7.502492347667957,7.5529413056270815,8.856207780796906,8.75508591237253,8.01330351649687,6.876441521120482,7.916743232643807,8.14252411985192,8.17407212406397,7.311096935886244,7.925714959358341,9.395167365927124,7.89777549099305,6.7694545934169446,7.73732719955773,6.229258320711812,7.300296080523521,9.635551776351598,9.825188949190332,7.23935462174745,8.269143375214837,7.577568522815049,7.252436882238195,8.759372681058176,8.100904231441435,4.452950827905844,9.20748860337611,7.229377093146845,9.138365820564074,6.302528005478716,6.7692156321336965,7.292036955341183,9.117272136540247,6.656853286742139,8.540180076555961,8.315966758877043,8.151283407391148,7.630358904086307,6.351736480819767,8.827996465024249,8.592482681418286,7.675719778599412,7.784815353534084,8.729041745051234,9.616684521580572,5.872885484633779,7.058835876399071
2082,7.061362999523502,7.4570769513475454,9.464096474236456,11.561799172697393,9.396015841385413,10.269398297729166,8.679133978383295,7.122405263834134,7.3990368226478855,7.886459191779383,6.6315069478647475,7.777966432016468,8.893454339997518,8.052647788976802,9.168705247599506,8.983380778082488,7.775375021428905,7.4355638941171875,7.943842203452667,6.340847474747688,7.709850549184046,7.358384789064017,9.87419929586608,8.959292956467335,10.19207358617207,11.756485272584289,5.377160025054012,9.552815437316898,10.266848875707462,7.537436480666031,10.672259610788574,10.536664637769093,7.47118911404034,8.022106450179525,6.746926155069779,6.465007835934906,7.231872798039996,9.643943308242434,7.375334803400372,7.854787027270626,8.139300687559716,7.96561217359428,8.673009615519947,7.750214965179046,13.299995430584612,2.88227832587115,10.223897472023967,8.704229008021027,7.864268680841762,8.680734872464734,8.114330044080473,8.584795186617253,9.489474999493567,10.863008101952492,8.336167521517849,8.327045990989127,8.647777070259226,6.7181422874845325,9.596676436991531,5.288952751920142,7.836338834002103,6.177941985171416,6.5761333629489,5.55201292179268,7.451459825038906,8.644644255268163,7.612078762259978,9.094018496316055,10.515122575492695,8.517581341595482,7.332855266229859,5.889766979063381,8.291560538370042,7.241329155091583,6.8931322647579805,7.2551250817446915,8.5591336229238,9.051850427841318,10.549641305002671,7.601600687051643,10.244800464860328,7.542660374451298,7.491195344719392,6.449516173580597,12.915705197844014,6.83492620263634,7.794283458384974,8.846704982478045,7.891437825457805,7.435488490452029,7.156492949559773,8.253711271902613,9.540218895879285,8.865552993683984,8.361607132286862,7.0715765007611,9.783049674383527,6.757315023705881,9.525030528676924,9.623413238032112,10.34244168215785,7.966360664573209,6.9654436404335085,7.770929469116806,7.16132755911556,8.431215141353938,8.024668092871535,7.776790754548438,7.640851211188169,6.304558042565296,6.293511570527638,8.852150897527563,6.971157601424334,10.780212125034428,4.926179146972192,4.820461366967909,11.22270088257461,10.373658513200699,8.372762533611269,9.767907122856586,8.109745524566751,7.717755547114485,9.533522557338763,8.424902438860517,8.597460501152892,7.36685888032461,7.937440637884469,8.064628527082247,8.382409187226465,7.072496352524588,8.001750277034168,9.927174237267721,8.333465815618123,6.686035775547394,7.618077333631183,6.598764503310468,7.429804629806815,10.381217274429467,10.413195421341168,7.341969429932792,8.859443768858911,7.718800743335285,7.406739167098344,9.29563244868969,8.024807662799441,4.2128274826140295,9.70671166222671,7.138343291036024,9.628117325105546,6.1882611795746065,6.332667463812337,7.404176167886833,9.583918595108495,7.044457493542597,9.207995672678127,8.958919837589152,8.499561931038725,7.6321650435826935,6.2505333142290835,9.329781392524986,9.116609691545882,8.259521216924846,8.230795392702365,9.377315895310767,10.499263798368386,5.7620002599794375,6.96923449635506
2083,5.020310447647653,5.1341201421515725,7.058154759478976,9.077046658201471,7.346249280561658,7.166667482462426,6.634685606278223,4.98646829508502,5.034703736675194,5.77824321954415,3.7116091605918156,5.6550296058171785,6.732217366325446,5.574166399394648,7.070681406506178,6.890838053205923,5.692456741924679,5.554482051331934,5.728943163464808,3.808236852673621,5.630261843702926,5.37845077873047,7.423436946396172,6.911528218794489,7.922533830692027,9.217798474019974,3.095195576034746,7.309944579185085,8.021628982740744,5.401125569795739,8.155263683919253,8.59131422484743,5.356667172741787,5.792767364917132,4.0565526716667994,4.109775018332333,5.07124018906776,7.1630419965448064,5.47733992672172,5.742265237687991,5.686562982098809,5.899118162177765,6.433228625562681,5.713939684732206,10.288804213805442,0.20191607855517624,7.698319768083504,6.544562495474159,5.620991142402435,5.896194798165356,6.012952600573671,5.817720614245226,7.424713204004644,7.735624760389327,6.2060460422894606,6.015574103670903,6.289033673703672,3.8840891916690223,6.818347193043813,2.99027934259382,5.412889323871713,3.9684538044806144,4.206351910043382,2.981841711391665,4.878657880271302,6.362860450713798,5.502196603037165,7.0343035135803555,8.232645670144725,6.502955168742558,5.2365636517261684,3.647028469320005,5.769993765086965,5.469095737255854,4.528393354909177,4.959445062061321,6.1540073449241675,6.348657517083763,7.639095755486655,5.614405822651141,7.2991566031143575,5.460143352377006,5.503791832718359,4.279261558862596,9.932294511075684,4.6921920668462205,5.537499322459617,6.502364741188699,5.546178850634345,5.5162199284110605,5.432292890060564,5.70213784226056,7.180464684963226,6.651704933751245,6.29517555545116,4.890551672863035,7.813470814505535,4.576196114307851,7.501262578470958,7.002055899400651,7.8280403053163194,5.799400322267722,4.787032249415743,5.434650809086604,5.0130748716900575,6.265810112757935,5.252511945071406,5.40668188652088,5.604817593277527,4.023752956675235,3.4924322012169635,6.296071918617037,4.611075373816082,8.27394527813484,2.617822637781502,2.1152538676457153,8.647786129137563,7.751668527979276,6.386086388137834,7.785988278430085,5.89703546027685,5.5328384144552825,6.905963512587135,5.796897209923842,6.13055177238481,4.891866599177491,5.824706283879692,5.867575669596937,6.227555157231363,4.675895571965602,5.85680191149807,7.600069394784755,6.225310859495198,4.33321546528745,5.431446520418957,4.3027159253071074,5.254882929653955,7.808290249571719,8.291424620768126,5.464238545504111,6.547438410592486,5.454597241405785,5.223932846866804,7.171984038476288,5.66041579213122,1.7585696151544281,7.653855848672066,4.75330699235201,7.587149275274112,3.791263389176336,3.8249642693052275,5.61893040783189,7.388361594029542,4.769712688594032,6.735431509028221,6.664953170023086,6.011738665016565,5.476063464993031,4.064734315563894,7.275343653970753,6.78540820988088,6.05544162464553,6.001606993634125,6.834697941382386,7.578191281649575,3.585964646575775,4.691977150882755
2084,7.200074099252619,7.54855394586921,9.105900442848606,12.099535758110385,9.673806730719908,10.241274807602165,8.846531996379296,7.205996467173097,7.581235418530806,8.00870092928623,6.687568346286818,7.7129167444926345,8.598301941901447,7.964964771270753,9.295148784170548,9.116874761382743,7.629987001543238,7.381041794766984,7.814847170189026,6.535551633313303,7.8761864522122815,7.139699880530439,10.234580851346259,8.685159346148911,10.13921116453906,11.97901761084795,5.555310778940718,9.264633022745453,10.406342074771722,7.409143392369148,11.116352241362138,10.808339005894958,7.623637582982582,7.839869856834413,7.02694210012754,6.73583231593172,7.291451538602513,9.762030454725027,7.39883460470786,7.728050626566015,8.018861380716165,8.098097021877768,8.528202467411754,7.836202566325669,13.809703783194227,3.0607301816344283,10.23990770367285,8.5839733235538,7.7926855015258045,8.620902726550897,8.214461293940744,8.591876591245327,9.727827041596175,11.29591376980146,7.982724800581732,8.393056386709212,8.296357356881101,6.885737948616348,9.42480413181086,5.416860849813871,7.822490778565405,6.1811171942700955,6.759134707413613,5.806852587964387,7.7359559645876255,8.463527331252893,7.450902273630108,9.336376752952733,10.547384730974835,8.656739955395462,7.269006586074826,6.048436847701665,8.01436149912576,7.191529974465567,7.065030477444332,7.413588653380669,8.266703591744102,8.673156693577765,10.07773565898339,7.537648262611278,10.252499085788923,7.61525806039572,7.556613950718505,6.5667817011475575,13.328937411308287,6.706595376723759,7.708104850227634,8.674589752405883,7.79134891560922,7.3875817297647375,7.111918830374874,8.011229573686922,9.664456985394162,8.556084908545023,8.559512145568927,7.045660228033858,10.014884571622439,6.869044743975,9.79922787944476,9.24667057643334,10.232053272030315,8.201617792662004,7.061946491400405,7.640324617922309,7.19424839913845,8.686290611846681,8.00147633999586,7.677054123766715,7.72600577150782,6.455468279123307,6.606366920766111,8.515298033754032,7.125836047033467,10.872249500826003,5.127944056037809,5.056677275523541,11.75995850910743,10.41819029822946,8.038330043603974,10.05828228592873,8.247471864645682,7.625034865496368,9.455963972210883,8.376201338569324,8.262964048733316,7.192661031087241,8.033964259425804,8.188958589484296,8.247136842707796,7.192475282897553,7.995219792906815,9.653278972899235,8.570523566255964,6.8486803662031885,7.785382617513332,6.876006109515826,7.343573352321982,10.463442503785092,10.53114053408305,7.242068069335073,8.5241497947524,7.638663198302187,7.268804322431484,9.47878196922441,8.208787552453575,4.404914950827759,9.975112244362634,7.320777302747591,9.785536740728036,6.371717029809949,6.619774769619108,7.31139763123356,9.93737083822489,7.311542597413061,8.856918592378499,8.585724674786137,8.253636082385977,7.721102789044377,6.39155118043224,9.534307965387901,9.456227369606493,8.42269386649132,8.516798221692445,9.034592493623503,10.489621977508069,5.894332235306502,7.1149763030310424
2085,6.796124954675807,7.088679310737244,8.684824891516877,11.39859086981621,8.990945638510688,9.676776178598663,8.137619621024056,6.7769468144096185,7.090547553066904,7.478756262310621,6.372501819041268,7.303804668597879,8.147884417453719,7.570922618282254,8.58541779181567,8.40141023027486,7.286501833526735,7.034374104491597,7.385532215494536,6.101410439816019,7.192515558209916,6.858145879003511,9.494132688847081,8.268656930019118,9.676857870072132,11.33064782169873,5.0772388076473955,8.84414701883135,9.939268515027804,7.024933316327375,10.467781730124665,10.21087294405904,6.985050886869434,7.468947510909419,6.694736093282696,6.001043531272946,6.884914366335705,9.052956199594615,7.058986697924036,7.34469158253793,7.506614679920262,7.428134783588606,8.084394064442868,7.3910991212931165,13.459235618854391,2.4655305307743873,9.799590817299386,8.175432731365337,7.3504346172357415,8.180710430289137,7.499888734570861,8.095664729075184,9.00405821576715,10.463774212475478,7.56999190395762,7.916521657595477,7.882441903496613,6.587925362689748,8.90597221923286,4.893720721633277,7.249228214010086,5.653646401290235,6.265554420668072,5.3320111695933985,7.457601966015223,8.044809721667198,7.111349938244655,8.628107964992521,10.12295432953999,8.038668531282191,6.906524292867756,5.59348484629701,7.5767009836332555,6.89660947101897,6.404042238562275,6.945558395750567,7.829258152765445,8.142163677847593,10.073875900486414,7.160822171846337,9.712627338952034,7.126544174449203,7.17818731994465,6.120616680075384,13.071007839564626,6.369285304227786,7.280719904421731,8.312798149369913,7.334956586818566,7.059090291631632,6.820714110572792,7.531141665378782,8.92363417945032,8.115089625377081,7.846718476764083,6.504344984632116,9.362080965062663,6.442650908026205,9.09991271676825,8.72439505622305,9.778416210721279,7.526667988505858,6.6414430388088945,7.093671641730026,6.796264404880594,7.913169426137001,7.575644723300281,7.219596586093823,7.271599554039284,6.019565355161147,6.287889992111719,8.058829783494103,6.651253663517274,10.393952839140752,4.627597724440797,4.613997765399256,11.060187978220402,9.913188341876555,7.646313788690447,9.382335052408017,7.479805887259285,7.218736838677836,8.94834049457106,8.002248474750026,7.815956520623174,6.682306733881606,7.568902743916058,7.733188193419888,7.845281820358901,6.822033914127226,7.585007696701533,9.21722220603762,7.872204108484858,6.36385001588596,7.334883342529165,6.170179593473159,6.946180842559913,9.945968533898222,10.032911549354424,6.921856861689995,8.095472595558084,7.210961117569743,6.881378682266024,8.745104968162448,7.709458582360165,3.8815905387545464,9.266652975231414,6.821741356096911,9.089690420005855,5.883078069522468,6.225844302311026,7.022558446331271,9.238447751464513,6.605512199730709,8.331939349914416,8.098085742829173,7.804463119599328,7.306755767814043,5.912395387887954,8.808867805476847,8.763880827560508,7.650715446934617,7.817694058706019,8.54593679719958,9.979223156090955,5.362717155110222,6.658370462342585
2086,6.796207078058142,7.059770828610739,9.046156351486669,11.200984421475182,8.56695058402316,9.772737521549749,7.818032393167761,6.787515802630061,7.098469914547327,7.447044387973592,7.07613633605973,7.205371863435523,8.519701477268642,7.774157023892322,8.243008026788974,8.017117433763785,7.152603314354504,6.968143426909532,7.294308967246063,6.295982790404353,6.905604986281235,7.206460955327953,9.14999551248961,8.60862654820085,9.940298369732398,11.584811433635911,5.106227764281733,9.16273853664511,10.137469447763838,6.904779591950881,10.331288818783797,9.888775476607787,6.723727996493207,7.318958972291698,7.366670694844474,5.693241423060152,6.788767862936545,9.146666782651224,7.045483506445225,7.242293147434447,7.533892882152878,7.1564972791178505,8.016125244698651,7.383347234447839,13.531309752628722,2.535041567066622,9.920636592625549,8.114494354016017,7.213762775063514,8.807609172730617,7.118861097200165,8.735505078694427,8.610133786653645,10.263187362202286,7.952705981144644,8.240049439257591,8.143218279912553,7.249375407551903,9.109983483393648,4.921841860588254,7.148593082510191,5.670334563430013,6.300358495514453,5.5687155787800915,8.053154063892775,7.90880245843838,6.973312251526737,8.247211030138466,10.429315784881856,7.830262328016346,6.775792339624002,5.591641984237677,7.537004642445469,6.846412111716024,6.204157633514239,6.949489748811925,7.885680412038649,8.408003089339317,10.916139944874011,7.090612614848489,9.836581064709302,7.10799919839563,7.167592508076082,6.116108004646055,13.024343457715265,6.2517633407280355,7.13497930315548,8.50614714747744,7.174254429494511,6.979549864547905,6.773310804611136,7.7752252927628085,8.81534528362982,8.4940308367127,7.5222412024078755,6.396400530300709,9.053388411243414,6.405837564632812,8.70393925731809,9.035734766516194,10.013293595534977,7.129611685358252,6.575644353340412,7.214825950819878,6.678084140193877,7.51413542032242,8.225233985689183,7.044140934687238,7.263768992547334,5.990204875325342,6.91146377602528,8.326432718285195,6.66835568896655,10.519085939652443,4.682654320069684,5.137495282395133,10.86565349328107,10.093652480522746,8.049373190978478,9.053123292737993,7.0938985784506015,7.100727167879713,9.090147434733808,8.606299969399798,8.16768303462144,6.8914657795223695,7.5088902958508195,7.724838996402406,7.735174814431834,7.028475223430269,7.496284657848422,9.50650698974215,7.5154453217983255,6.383719536507957,7.350723446956999,5.8134194902818725,6.8095907517548255,10.132017093742713,10.28014779193648,6.843975762354918,8.429306135480779,7.054292784297261,6.734485664372814,8.340691977710424,7.703274766047451,4.06464334525939,8.851860384498966,6.841761454554464,8.741250368027849,5.917820852892159,6.618598784223712,6.936062813575925,8.91909658737031,6.239068380203738,8.715058109112856,8.53887953076126,7.624325276962642,7.20709792909951,5.920368834430803,8.43737765298835,8.470797571128813,7.227076041544304,7.456852869997767,8.826470761463565,10.102487147882067,5.40599030596686,6.667641145273532
2087,9.091527356155984,9.807739518839737,12.196588627737148,15.427676529719912,12.943183300824003,14.123304955918213,12.222820905262026,9.89763234298805,9.713626847441859,10.805895295636406,10.365518509313977,10.14829715829471,11.339415172050742,11.037940564854393,12.95664013459765,12.624508200277543,10.003648261571755,9.526243682051525,10.394748492487546,8.998607800888097,11.249423987906559,9.259993840908177,13.914651875865875,11.288338850926735,13.004151060406507,15.251215971749408,8.120977313851874,12.12386266733038,13.122472339663009,9.902831255875785,14.471726999200635,13.715828367348372,10.883170093955663,10.45137541342912,10.307694190535049,10.155671364274522,9.95199264020756,13.295687332235532,9.363224677869987,10.216579952630507,11.190868955234006,11.423122118259299,11.20612676403132,10.532826180088113,16.881220077646187,6.3078860623103665,13.31412623681385,11.195276458458654,10.344408131878952,12.33125391011608,11.694082452305429,12.194042371778652,13.133622475739175,15.646580762390437,10.767603921736104,11.409028197670807,11.309005264578198,10.313562517022266,12.879779637373726,8.230372573281157,11.056056384382577,9.17778313416859,8.884362349993198,8.244560135849593,10.843212242013418,11.166552600675617,9.86724315275406,12.688085041619066,13.196402577490648,11.865190961237614,9.739801407888022,8.637485605889355,11.032581689542738,9.143332633992724,10.31605894914989,9.535456434406083,11.215526531482562,12.077644078895968,13.648696989848697,9.866686025827093,13.912231264957065,10.370830643793635,9.573703898566553,9.143820611647621,16.410556299933067,9.054334232519412,10.297367546097218,11.851590585092023,10.500349681358788,9.512419095327118,8.999262901215719,11.09929782974309,13.369788630255341,11.376166666890013,11.893696189954355,10.200735634513968,13.2662004671734,9.524771174223261,13.013418086643872,12.603385066163947,13.358196580204467,11.560788147408388,9.728534905047258,10.813588010853735,9.774018696669877,12.26966955743987,11.596147991524177,10.41082854723108,10.403842061758043,9.119759471444736,9.79812890650897,11.647796297895498,9.299089401446539,13.921510840348649,7.743638036579922,8.320210798547187,15.231720223509027,13.67445808546296,10.641962489177441,13.221617615942304,12.182257301013527,10.235275664720039,12.767340179147391,11.88230595471144,11.368515688797528,10.29387962818146,10.818812273699665,10.306864048900273,10.804252337921278,9.821391629761665,10.585460081182678,12.54415221409551,11.908962498451103,8.977758408588326,9.79149985531795,10.239501646366621,9.827827929679692,13.648338167831817,13.18471088286104,9.440125072953002,11.502507902039536,10.227289081390559,9.793593679715338,12.984584881313916,10.395373278650744,7.320361619285341,13.292003054043342,9.460150999755701,13.174307271838192,8.50798767181274,9.550828991265137,9.345168344740722,13.207793443881235,10.692124146325831,12.011759155012411,11.548554858835093,11.198721665246733,10.44846696483678,9.017687625669199,12.934583051836695,12.844096848420032,12.124978481695578,11.846378244716545,12.226964353487407,14.107767444232415,8.597132943570617,9.26612368637118
2088,5.085379396378997,5.370304350927472,7.801879433542491,10.228257442017398,8.347163258989655,8.232705704867836,7.493166662504271,5.960300257103517,5.118686605089658,6.653482103099434,3.96147202383727,6.3996404347320395,7.385329912602902,6.358562389512858,7.901295728733146,7.7228064857423355,6.392528040272494,6.252041550725704,6.452608332037925,3.8911779183894426,6.547907467807331,5.788418418417374,8.491082286834718,7.54069936499,8.67434902302921,10.315831107770405,4.301237986857695,7.992423232148095,8.943237504983944,6.108044947932166,9.247360451022784,9.63095022253692,6.317427374298373,6.496275621652605,4.494747235005102,5.3172001351912845,6.014503549784424,8.059337815316395,5.919710405077786,6.4364388763904605,6.680950074394544,6.739145423409842,7.125158952424924,6.585157631834349,11.909292546908059,1.4454541293283303,8.639602469901241,7.239120784898601,6.3958225918312825,5.936379483342171,6.814650771021838,5.90653019323945,8.36268948217233,8.856402704119683,6.819075333078705,6.455618775387606,6.98626109485825,4.275537042356642,7.74567889521519,4.026183221427101,6.469839452207082,4.7505929864943015,4.258669659495354,3.1221943912406758,5.323748639722665,7.040216893454397,6.2042671562172504,8.000895683374257,9.03024318168561,7.333674026032288,6.036131936932604,4.800155773262184,6.509038940677419,6.198586284865935,5.686823997724185,5.042119485015672,6.857666055858136,7.163913867250083,7.804022834698359,6.3104755206033625,8.32215255474051,6.286042178484303,5.875971532364689,5.334341332525948,11.561277894179032,5.411048978815477,6.3200867949674535,7.099652811093251,6.324923060834409,6.286245807508632,6.137488592167696,6.62063566570481,8.053847895562658,7.325813718140128,7.2027963454524695,5.602894297490518,8.73916946724057,5.606479013649126,8.496003876222918,7.748240935305756,8.681292278195421,6.889560070385537,5.778865734425687,6.327628547946607,5.954791709283987,7.236312893529733,5.3911165488883865,6.186787357057134,6.467058627555768,5.175467335556946,3.993118330067953,7.146537138894202,4.642821771403154,9.272837380071481,3.8344355046749135,2.7777106741443256,9.795719256003698,8.674990371987228,6.964101733391485,8.78638118163993,6.756238270302616,6.283104941993952,7.8559889323388505,5.882625861465937,6.9282530896365655,5.852144332850973,6.742283509671689,6.12023359835148,6.905068713768075,5.263434740714735,6.685430033132433,8.378342148661618,7.23586683968703,4.38704008708398,5.505211526652174,5.501144111241833,6.014485815167429,8.754457072541117,9.055975897361833,6.119737113732847,7.234806517511606,6.2388556639353485,5.935341349989172,8.071012592835661,5.7792817994952195,2.8015306331217293,8.634988797952737,4.832308142632249,8.43491462117527,3.8089105522880966,4.6426852017641105,6.266962961107494,8.458824530740584,5.940976413587723,7.443903831144175,7.2898205726368674,6.700681464498243,6.418455592542889,5.126122888177634,8.167746754239005,7.88340960144997,6.927796514332291,7.11349270070593,7.620525582693523,8.597670789559684,4.538768975933393,4.7657390833289055
2089,8.516291517314729,9.032708687129718,10.897444118199681,13.721965937778867,11.17331277168003,12.25305951052699,10.382579589840669,9.171251305732232,9.045834693094267,9.956868941927778,9.615032244730617,9.142488855097826,10.185556647849493,10.186905276801053,10.911088912651453,10.659061771143099,8.999579886664984,8.674563386830789,9.298340165666469,8.37699286761726,9.4574957725046,8.783167481422423,11.936312978637634,10.213879883032423,11.665616989135744,13.805822101132623,7.394336160657732,10.973824812934312,11.861711386976568,8.853107708409944,12.689554128153569,12.120048309194631,9.230813500182384,9.339586769005864,9.753127123325545,8.337671715894654,9.131179434472115,11.616626154246005,8.69152306534093,9.189560442135253,9.728528104449527,9.713489781824293,10.087248462541352,9.797669670813525,15.349843329396743,5.402421324353276,11.8837524775801,10.137356604481568,9.20707519609353,11.318002607288035,9.746399842202665,11.24904352015462,11.284931770943363,13.233661207145662,9.572903973275217,10.55185415621462,10.03363362031764,9.677145686257505,11.290854262252303,7.446252786393824,9.45740924570067,8.319522697478535,8.234357910680362,7.635179260167586,10.34318072361679,10.019007406871898,8.83840263191739,10.899777113363657,11.992947668864813,10.388831754439865,8.875274793084326,7.911316458681793,9.688033584890691,8.380581490952391,8.663879755900465,8.841274639431006,9.916101406039354,10.563710444317811,12.738921288786266,8.94751850136652,12.18372366962762,9.59079515625691,8.893111896412126,8.399620390272348,14.816379875972354,8.116114401932931,9.146856547558105,11.042594976177247,9.272458620883272,8.6398406880426,8.271157112614858,9.776216342667894,11.453929512665196,10.180670113463343,10.111518690555265,9.070801754706887,11.484872320602683,8.76083584415329,11.301103721661812,11.139929522214269,12.006765159810412,9.744927602551638,8.936781064237886,9.358983001575393,8.96719346837751,10.262135099234246,10.645300039443477,9.156149410353647,9.672451447567044,8.364540156619302,9.230413560723441,10.312850312426173,8.61810203410428,12.480999482089082,7.023578411546248,7.631373731226757,13.385738446794708,12.154418999778816,9.545143320642671,11.50902583578537,9.972189223490142,9.189562642882608,11.239915621691736,10.917727069608095,10.058069469214514,8.938883263232382,9.972217653829865,9.606543794836334,9.746833196873297,9.16274444707509,9.67139798171562,11.315130813304206,10.126369014382359,8.304848738785454,9.184760760130553,8.42433701995118,8.747971914965536,12.157059583170662,11.837147470178277,8.566108196524194,10.225530317631264,9.065937375938844,8.70436886633778,11.021445350930225,9.713138641853787,6.562428685868604,11.51094170587523,8.791099630296236,11.284904419348157,7.865429455093272,8.98193616041079,8.532117088036294,11.46581339168137,8.877484453649357,10.644348424827236,10.306603370298602,9.904897846281525,9.650549589816869,8.269635043010629,11.119947076100727,11.02760681779734,10.01724541559816,10.042305270017222,10.817974278896019,12.44807184693115,7.8070234306927375,8.561573032418204
2090,7.03770041106076,7.424964930990651,9.25365630562963,11.841688710296978,9.577824076460999,10.170736719436686,8.7545869406955,7.288490540508567,7.405698684782819,7.993168518846406,6.374286826057682,7.650951306881581,8.718378089111425,7.782714532238656,9.166127589499132,8.98945619782497,7.573466286833944,7.33869053551863,7.752828253754257,6.349016754791656,7.81597065206232,7.102962694291411,10.026084545100558,8.818720543564393,10.147123692557217,11.607769284373282,5.6055201168718005,9.440193142356543,10.33969591917663,7.366036257096405,10.829277453751404,10.727863747176935,7.60635228686291,7.7995219113754795,6.701678515391841,6.696432724562955,7.326814724196648,9.405223121661852,7.332482355421989,7.693837092868214,8.117057820075544,8.029900521039965,8.473658747457227,7.868237132527707,13.84444888706865,3.1265375123455583,10.194834127251442,8.556024758209443,7.667159155717696,8.157886187064241,8.103624938360962,8.069452740123559,9.599479917565294,10.79709979172411,8.104072787124535,8.114094006218789,8.439540983530984,6.571416091559268,9.475978878037683,5.44540581832929,7.8578359352360545,6.180034023292108,6.6136734131081365,5.584504187813608,7.432967542445862,8.404541515905796,7.382009652668033,9.22454459297246,10.456595836014584,8.59557524500094,7.284788550102504,6.115623714338086,7.961023346103474,7.1760972957287406,7.058649070047102,7.236460617390174,8.283421544823796,8.796245897574158,9.501527286038321,7.513585642204979,10.198660243687959,7.614366215364687,7.464359335858251,6.6029886243993365,13.450954753777083,6.722486271426598,7.600926932782446,8.549766973688687,7.65098239211687,7.356368072074038,7.087933755640326,8.150536653071901,9.396358574612135,8.676511872431325,8.469185322523117,7.0207108446750155,9.909058412087372,6.929856760748503,9.697967846331931,9.379999913789074,10.320403147617288,8.119404087292736,7.119566228112273,7.758604948890616,7.247956367659158,8.509364453112257,7.575414417889612,7.530924489689543,7.736348346903409,6.534179005771879,6.2782237081114065,8.687582156267663,6.985894486548959,10.815273899456553,5.195738435305399,4.794123872343836,11.46921325654819,10.397970934880194,8.149476836981446,9.949735276657957,8.082768715404235,7.581493488304192,9.487870006468793,7.981887717570726,8.424277886748312,7.328867528202208,8.071900670288196,8.055211290717125,8.201258399106305,7.109917868314113,7.990696148368818,9.78588071131501,8.465919648778847,6.705965583180561,7.624503916193697,6.814184565097093,7.268246323897919,10.420645760821882,10.44118833336337,7.212870858577558,8.666475432443214,7.540979133726197,7.206521997164032,9.345795926991212,8.038235413103266,4.394036736981621,9.864638753106881,7.149414799850562,9.676781877200916,6.230663884174207,6.464429934990819,7.265764751953299,9.792093739876975,7.239745679680775,8.966791457914074,8.719625257726374,8.155693406688753,7.755470024614501,6.408652619811995,9.413541903783528,9.27625099184184,8.257246335647231,8.397443016123924,9.158303415117755,10.466499491883765,5.897106566305818,6.933084973487355
2091,9.855917441433878,10.464444355653791,12.16185864600642,14.39437488235277,11.645094987904203,13.371693911223575,10.996286636924948,9.85119090434806,10.446330758903564,10.60672550365843,10.030828725161225,10.622930285745657,11.393781090604843,10.902756637026522,11.55986584645921,11.351112427703779,10.410104421192205,9.986241510715983,10.898020566023625,9.468959870876681,10.01986144694243,10.032275040601862,12.562185372771886,11.334091492767994,12.634112400227577,14.02573650828081,8.040383282342345,12.166039839900778,12.652982074638887,10.341858490787704,13.363980961257013,12.612311934602678,9.844492244052477,10.90342647145534,10.035153145741287,9.00499720993484,9.812536899514244,12.157684380124355,10.01961154310065,10.68757263879324,10.80086550116539,10.36844171326736,11.729566337733434,10.419641942299641,15.880254671491427,6.2663998264690886,12.788885736773755,11.617912328448785,10.748108735115366,11.978847712406825,10.471219598476225,11.830085752853032,11.802157477572045,14.172006294645113,10.7545132452044,11.266467455132252,11.385477818291763,9.989858247082818,12.520721655467467,8.215993511715332,10.37576664547468,9.188319787447313,9.66016895401067,8.753502998115689,10.585707618244761,11.65218916483994,10.277987154393356,11.369996928352991,12.885179951273166,10.923453192981281,9.894782907490079,8.518757143603828,11.389678748645663,9.631269108895454,9.452908998933333,10.271708454294451,11.422558238794068,12.075772752021924,12.946805109237806,10.358588468411876,13.187704361718279,10.274065095674374,10.243505246166523,9.04131426893432,15.464588477693763,9.51598233973672,10.74137118445902,11.70925134625928,10.915339608387697,9.984666006318452,9.46785425226975,11.121225269447113,12.031094450375134,11.387442597027484,10.681517452001572,9.901914040525927,12.001863729337163,9.391346991319082,11.730805202804763,12.62258330514205,13.086902838874733,10.257710802400933,9.578221558753789,10.39709482765917,9.624629548803004,10.863880101687691,11.240705039994475,10.808459414875715,10.284153053280095,8.95224147778133,9.586885852803443,11.64579569805285,10.018193322779807,13.35122833478039,7.683698188128146,8.08729768346128,14.12940539676568,13.12296635323558,10.654004941726553,11.972495421253402,10.649989674156854,10.546241306796162,12.262916797193986,11.578798422397211,11.380484442515616,10.139998993868458,10.596645713815915,11.011578214579613,11.270187544411625,9.899733419048372,10.738676849110373,12.544247845123554,10.637947335839272,9.731367716501499,10.569638644826826,9.057903180862297,10.25909341614822,13.06690371113605,12.656236771879529,9.873986215427006,11.489610563257134,10.667401055580587,10.21125615015626,11.693469574225366,11.12288987739333,7.264423495222781,11.972797071882365,10.220883330490821,11.935806785164209,9.284471178620034,9.367588740484472,9.741917212622177,11.958582213212706,9.464174148851427,12.041026049004545,11.651609996783323,11.677727965670156,10.218182162863423,8.946199120375619,11.652253716606007,11.613945273489795,10.770529805586255,10.599504276210892,12.219598414825983,13.465034875376476,8.646251764208692,10.12778297452064
2092,8.963501005868123,9.572970688156785,11.384997729212046,13.041990667581558,10.918022129187982,12.166389577245962,10.22913846820593,9.076008641098936,9.569522999196003,9.836785578231018,8.361784318586194,9.787563657201835,10.624176219602425,9.991045081863803,10.81450103720029,10.535550596223525,9.572431275931498,9.238736068084838,9.962648426741364,8.334233034836751,9.306958468258385,9.111314642926056,11.511078883738573,10.580995701866051,11.759778378407162,13.287684334566196,7.322309688106175,11.285047011822462,11.811784165600937,9.449047592282295,12.14188842177391,11.964263536350336,9.07071885218223,9.971659836173057,8.598734625180555,8.12895831714074,9.113879088560736,11.312395962451898,9.16795061553518,9.784600480149189,9.902624285221101,9.58145265529553,10.751203361153609,9.760778620466589,14.844271802902226,5.317995374401412,11.810953523218627,10.708192073553796,9.970494061335922,10.234279257059102,9.603771534562112,10.181712894886733,11.070907548069954,12.61978323111932,10.090990337729453,10.07998581752181,10.511878832926357,8.509294460589695,11.49571494708459,7.413608733937142,9.53797636876504,8.32551103743414,8.715555177132297,7.64092036485672,9.269693428277964,10.668404904504618,9.468474811812246,10.654752976198994,12.070167597134908,10.282887083664539,9.116420079767705,7.804108645021917,10.434803030764064,8.906984572236743,8.602922067046169,9.415219628810883,10.530384331693254,11.07135057691485,11.937519239882628,9.51409026806553,12.072161711504059,9.541062867144745,9.39255197197199,8.37119944989681,14.323586908976237,8.604387880861761,9.922808107733722,10.866593290368716,10.099013882875454,9.24303148599962,8.775871516764166,10.234068028877179,11.205606942002971,10.648073717951776,9.930170070876676,9.090887541944788,11.337032922108968,8.697341607014339,11.017755566661556,11.641716081400709,12.043737970292572,9.538844567537309,8.864234204093615,9.494886457423371,8.92955986360709,10.123811778426175,9.575672903656965,9.999670456846555,9.644346756612261,8.292071051398908,8.223231738929949,10.715630764762563,9.085993234068155,12.393454799490671,6.934298784534132,6.799030512819687,12.72136484583219,12.021406297882399,10.039605637368117,11.321657512895767,9.873288657267889,9.699366504947347,11.303340417643389,9.932186960987742,10.550798629014748,9.257285514225568,9.846193648843718,10.112813601146145,10.350575364877782,8.84612039476633,9.948332143761215,11.740338828663031,9.913995309422416,8.7986124381423,9.657208597660068,8.225248411794508,9.443522770827014,12.050476066473244,11.908812511960665,9.135024636487168,10.710400544106962,9.839650127664205,9.350170833508797,10.855369827151302,10.280120760947463,6.298803173626463,11.25739405881614,9.304777019843455,11.15249594996373,8.313704611236856,8.276211167375246,9.063417262087267,11.10906472504139,8.680177946885427,11.155923836724837,10.762595317543793,10.63556604633729,9.563498853185827,8.242834552129109,10.889528156320255,10.65834591649473,9.903053220609822,9.789578527957202,11.322104850783948,12.281154498830437,7.799942452708882,9.139519000239671
2093,4.856156937649538,4.951574259277049,7.654733229428531,10.304323717437942,7.676767197405473,8.317838377993688,7.054972862375192,5.324691041147914,4.799036722244887,6.013555001724381,3.1514702643556847,5.660186099273894,7.2486216666433885,6.039982357704688,7.3940196671876475,7.2557880875879315,5.6062744512094245,5.622723234239325,5.671937694323474,3.6558873304005313,6.118423548751864,5.488760993141552,8.204680510700262,7.415979640622594,8.713648033553158,9.964371296352356,3.657959048090313,7.827119142049923,8.975173479909527,5.405626674921349,9.435199108103227,9.088208664850942,5.847143083553894,5.674716767694417,3.679100207101299,4.791372977967917,5.332687767118149,7.825078285331359,5.471716285008808,5.680213679013583,6.326068796731276,6.303395785134412,6.424271799880883,5.968823484626819,12.091327642572333,0.7386566189856335,8.765011653304095,6.585799130418438,5.626632727425673,5.389052680340305,6.389491329933038,5.26433620370668,7.750746836950041,9.22772296363937,6.776208995552415,5.956358707028215,6.739266702070318,3.437227672708613,7.6599534807148695,3.4167860027017256,6.047597099609421,4.23865123144512,4.01585805300495,2.8244328886784342,4.553168944243728,6.234588980160914,5.465244531117637,7.38648394174103,9.148291257085628,6.827591924831785,5.400026601450199,4.122871184143526,5.754156409152621,5.60086919842609,5.231474590712581,4.726199407002025,6.336188115950289,6.956557822381627,8.205061515857432,5.615403860807425,8.409027513566206,5.700422280564389,5.435852719149713,4.717361517764371,11.75154591017756,4.817490668646221,5.566614444913537,6.7866680579709575,5.529029071523714,5.616565879048975,5.577717524856845,6.3699037984398945,7.697765403844672,7.221792999269637,6.739958586620873,5.135302008739834,8.173557933291482,4.9512699119232835,7.823789409522349,7.556432250244864,8.64847259120695,6.2870505228638685,5.123571858323851,6.070074253041166,5.33145298012372,6.640473779355144,4.78786354502342,5.413102940238757,5.862738164077544,4.495960120753999,3.2713056862482754,6.897167801856996,4.394822068383979,9.32203757332574,3.175855678730999,1.9773696553090543,9.982966212876914,8.744307319151943,6.960127078799594,8.181339829838997,6.220677208283849,5.555929747763382,7.7674053301071355,5.381956234060491,6.814358794740563,5.663459480322644,6.086528924518615,5.7086048907247084,6.137867395220133,4.721244738276665,5.980488045205333,8.19450758872875,6.667794719466871,4.130897378163607,5.228446879263582,4.947930771729045,5.310934081159792,8.790475490759935,9.139067778042678,5.476864031419672,7.102519893440707,5.5245192839667725,5.26254089690488,7.539112305332877,5.363073347714439,2.1264494047660794,7.96125112217048,4.5363725143773825,7.979173715386925,3.625903987678992,3.874677514721606,5.629570149174284,8.019012888957713,5.384584909626125,7.2909393135843645,7.180848263204099,5.844932785498559,5.710004095116565,4.528849324275702,7.623936590578028,7.5804604076106,6.418484651323024,6.5883250777962905,7.421052246258174,8.678111014502315,3.9852832216641003,4.4651723653078115
2094,7.706170378574012,8.124674376068189,9.538126871150377,12.129262911862337,10.046382142038183,10.592717276564954,9.217430404419527,7.587969361258473,8.188072869361475,8.37161281293836,7.295186453595244,8.021461765185517,8.923970405911577,8.431213444933807,9.723138490370633,9.49174396420733,7.960283871386848,7.654593840241431,8.133298751095248,7.078995659433562,8.282433324589814,7.688596586728919,10.482746614464402,8.995684621149094,10.372711407470298,12.479838641424633,5.905718981192032,9.62192416191101,10.613380176239998,7.733925848685464,11.145639063983127,11.163140887073402,8.028768962570304,8.212212754477715,7.625476005840398,7.112805881320721,7.689634537902371,10.223223744152953,7.774078683863426,8.062245978363626,8.4165467558236,8.457182568208928,8.858967611760631,8.256719721031603,14.112898978693726,3.5357212327934526,10.550828473835153,8.933982058074967,8.111965534758983,9.06111067995943,8.55555440080834,9.029130479545687,10.103982674792928,11.301797893540614,8.363702556182597,8.747748803475803,8.700019876761681,7.497352197637853,9.77570434685411,5.82579341890483,8.234389221873776,6.598147810019296,7.330811085885971,6.3583770518448,8.341558420452575,8.822721409900437,7.790870427788271,9.719968802713117,10.813793091424584,9.070940640851344,7.631251767855779,6.414496937742589,8.416004651129766,7.4506893908155405,7.450697316306419,8.041694398230778,8.652298715864786,9.045613650361013,10.863496537938525,7.838417526133807,10.583289201917323,8.002634636415486,7.969872799412957,6.935881817199549,13.612737836508911,7.030560813073456,8.033097926013427,9.198108550803418,8.130953665951207,7.671925264185876,7.352458555122903,8.41792097006892,10.115983953121411,8.9233414250715,8.93575258681487,7.475142423063517,10.420721210282425,7.260455006283932,10.142343599220805,9.637732410225375,10.556260405943316,8.612539856534067,7.451318809666258,8.017441469019857,7.580333176357992,9.079165612026276,8.438638948417944,8.021797608198792,8.128309460356835,6.888479886383847,7.224593132922972,8.911844114291254,7.718884927959277,11.115061223635388,5.5020506397403475,5.592076939627011,11.75149931167734,10.684603525132971,8.388962034264516,10.42915818454891,8.711458449862127,7.974574315690853,9.789578527180028,8.796759055927398,8.686096736583217,7.585177825410562,8.429436957656312,8.702446296811106,8.585905582121178,7.662204013302408,8.356492248050674,9.988574684051605,8.959719878219968,7.430787125538137,8.347624408787695,7.271485910333438,7.663884090323902,10.730808498530552,10.684849087855428,7.549938398573933,8.934108790780968,7.9644967230229575,7.593671153331622,9.84406116913105,8.882559223036306,4.8259826120117655,10.35296556684349,7.9113496200277895,10.157959344572035,6.930204454424056,7.139269036851049,7.601148796235693,10.201142399218577,7.705222134960112,9.207788756952201,8.91133805749745,8.650447670755721,8.132956523191313,6.757663497123224,9.911744084723038,9.718582481145857,8.799100546230529,8.875614390547936,9.407041296362884,10.847382324522936,6.228989109910769,7.720828927668011
2095,8.86990803244107,9.411571566465083,11.12477531104252,13.82058662895499,11.248457878699588,12.89870138414975,10.452882889015923,8.743094072773538,9.511511617179577,9.538467174684948,8.746587950607825,9.218646888958359,10.40400820148402,9.496785120187523,11.050084982966554,10.798125336139366,9.141755192958076,8.723206118776883,9.427497023909256,8.363471635199826,9.486057247067322,8.417387832213066,12.088005789619839,10.391735186222304,12.117289016729803,13.508704714733982,7.03528470083557,11.156422552411794,12.292560122136416,8.941119256718409,12.913370058968153,12.224202896371994,9.210582325170778,9.468592450536532,8.81107819876794,8.385352901857477,8.852195468442194,11.418740227818493,8.855475919000035,9.267679443133293,9.881420443797936,9.712125220689282,10.14304129099313,9.356217382539965,15.940526715640367,4.921253740289729,12.332958505071439,10.184810772923559,9.388191875969547,10.548253946263214,9.859471793318615,10.434555251022864,11.33576173874839,13.57343616876711,9.807201446001898,10.01658861596009,10.268821327336902,8.815079810097819,11.743064440016092,7.0074300915002805,9.617892101535507,7.859067634004971,8.655244710598277,7.651333573125785,9.454761159831074,10.129503546603798,8.987426795836155,10.914519192972058,12.369016061569083,10.260271490134041,8.73778912270891,7.542268083527171,9.96664653448709,8.435502499341965,8.741305169874227,9.33320547306332,10.16678469448254,10.861067412228422,11.481479320032845,8.978714692181555,12.773594005354514,9.161304276854063,9.102896561396532,8.067442716709497,15.433438802587576,8.185269006881226,9.31068021675636,10.333829921895056,9.47490955824996,8.732736500493923,8.319217856959362,10.00160999596119,11.403712995864192,10.407999685355302,10.145009526533302,8.757215819482152,11.576215757635133,8.419686181021152,11.311446012383136,11.424209292721132,12.3584297576855,9.794164822533213,8.62004828999012,9.449901695909173,8.708042655011706,10.404529635248513,9.901523910157774,9.373936063899047,9.2552529060892,8.003806294038377,8.424190229222443,10.534386984875486,9.044037090293296,12.942707327419313,6.6282688676668595,6.840567090388002,13.555371913416629,12.684394915556085,9.733611300587654,11.567886178092715,10.1294540696103,9.228798866785803,11.587123316937479,10.236290258580238,10.28667167034642,9.095672205604357,9.58582934171989,9.926859618068255,9.843778586336251,8.832402040218488,9.559114865187945,11.560796941148825,10.162014223635195,8.748803089404923,9.58052042871714,8.500005970741142,8.880221505103444,12.675489750209037,12.397922731679063,8.622840028127722,10.48208504716127,9.224351231907974,8.811031063729574,11.154529501073831,10.19484794653695,6.0580341065752075,11.551962519385693,9.250655600688715,11.411417533097596,8.256003368517447,8.240079582572498,8.626937098287302,11.547505767694835,8.93593284275768,10.923490559072073,10.529069961401925,10.06881907058414,9.32691507060723,7.890346106270266,11.139330872944722,11.149394708846156,10.201322394712218,10.132524676749425,11.112737076549694,12.979631335233691,7.444102177846022,9.043050995546173
2096,9.631822101647657,10.35845788468917,11.750968936085702,13.7965900739034,11.704939751699566,12.648001917699975,11.085087276250128,9.921945613886543,10.400426450868448,10.705371851908662,10.546279754000722,10.248543377717338,10.969051300982633,10.799454557398958,11.648234806458156,11.394113205994175,10.096215366323788,9.655753881732624,10.488698306183029,9.47162082095941,10.141883461674052,9.585099873940148,12.337211482971911,10.946118658470612,12.14238103628159,13.959366142749786,8.120209131638209,11.738187829653421,12.158186391989386,10.000588441764318,12.81051992674669,12.66517124772072,9.936865654836096,10.54091159751018,10.521703183899318,9.047733547538524,9.949688859035573,12.138147809108101,9.694052223861219,10.328504029413063,10.498354845494037,10.438965051869554,11.271508046984676,10.551133249017102,15.015042146046953,6.352750074863435,12.238344279925029,11.238054236335064,10.400672929485639,12.388385866582398,10.493465956052143,12.273870749274886,11.872311223049957,13.431548710664117,10.371769723296167,11.483454381426178,10.961473577966293,10.531748256584015,11.944846472920233,8.252611494685217,10.205973260353009,9.224000324417528,9.535712255040803,8.76060996800661,11.063033247366544,11.256911154588066,9.97260294854641,11.452154848338495,12.3137664159139,11.083391206339005,9.794516900430125,8.62189181298018,10.986269419888657,9.277815896769363,9.36921461969614,10.202651080489158,11.0115042929848,11.514723557777081,12.989255992571511,10.003432914863032,12.537893807888032,10.371640544260543,9.951890679037511,9.150683306902648,14.551427761713663,9.189054813732707,10.363697714482747,11.71781881997983,10.55172566485902,9.621492834885915,9.141674728194875,10.652053472399713,12.040186951439438,10.980882568160691,10.774589863885199,10.00133672406276,12.093945477406184,9.526679988950496,11.804180197984289,12.091903114318844,12.551466437367102,10.347181385072567,9.709038213392096,10.142607636625572,9.736899176736681,10.94367482711872,11.651969280156008,10.451832716166972,10.410203924358939,9.097962301721179,10.063274684548379,11.167208489775662,9.933427500724795,12.780681864420574,7.7546169684578965,8.490918785830342,13.506136486927671,12.510338293388486,10.289566230277222,12.046548618515958,10.75229490914693,10.29427062471708,11.78689037685593,11.94820628414551,10.94147752597928,9.762295859555403,10.720814831803246,10.812954147222145,10.895677297314004,10.009527796506884,10.617116556564968,12.112774870793029,10.724311752865711,9.605828048785524,10.4083526780208,9.0993270367384,9.90508365081623,12.492142251133917,12.1812019666036,9.582099176446603,11.07954366443058,10.281004197398822,9.871790161232152,11.732613397048167,11.137993870427211,7.402705203990138,12.040202437455685,10.134098615706904,12.001796598235766,9.138279161850615,9.704659145822129,9.481782007415312,11.870187240218126,9.52798610876004,11.535699470589558,11.144059751338007,11.254352947076164,10.444109686712425,8.999170710643137,11.726352689166871,11.435571671898169,10.797564789652824,10.598077312111855,11.723516513903936,12.80305159191291,8.64101379960775,9.882274451479315
2097,8.372275257033522,9.060197719340696,11.210534128649485,13.609581793176721,11.34431530300785,12.543874170245797,10.723257600747306,8.933102328258897,8.967893051481324,9.731941473381276,8.31176505212126,9.516975589610375,10.496398786532472,10.060325228962409,11.365782126142033,11.08035565809957,9.381742355301332,8.970567161410019,9.775620457684171,7.907847206654219,9.805902064874253,8.64436235921137,12.070446458869966,10.476954769985433,12.00171046010379,13.794528998306085,7.161749015080519,11.238120207948421,12.109610931883594,9.275551444497603,12.730545524764679,12.376890158601876,9.521464981138706,9.790770219960088,8.340252441835812,8.66542391016566,8.964193188938603,11.825057142767417,8.771316940029122,9.591392657880128,10.02171919636172,9.989024154039038,10.543671422220509,9.558470707258278,15.384532073448447,5.1579563792409555,12.126479318044307,10.49123903241908,9.664887016446428,10.221828015713857,10.149721946181918,10.121337492918144,11.521784043260688,13.41158985475014,9.908095422522004,9.968608316676368,10.392179469867004,8.35137116379137,11.618482497231714,7.239215396601578,9.75892435887764,8.187072707661272,8.143484086825934,7.14910522000543,8.994342387236394,10.497677808049426,9.223010181609933,11.107418158958701,12.207330520810753,10.524871242714338,8.940142274930558,7.6371557406824175,10.226718563458013,8.655301307295934,8.962824747994029,8.77054954178888,10.358418418929496,10.988736892568655,12.180323782665976,9.273067240314239,12.429976591776159,9.370027855552475,8.936829355770145,8.203537619319459,14.862956630772555,8.437340826309956,9.626874194576825,10.876160844646652,9.789370285893053,8.9689584842016,8.517140050900391,10.135275950719572,11.777647621672731,10.49427602029053,10.413116262832267,9.063106455422686,11.792516328651333,8.53952231540762,11.421202060605943,11.555380237513578,12.25092131233421,9.997868146618892,8.719357413978408,9.681707413545967,8.79460693690283,10.626861946336156,9.540944266422045,9.694799686300348,9.435321399363982,8.091703254729511,7.929762447473657,10.624549025091634,8.539432315990844,12.673457374860503,6.761704323620633,6.597489444603179,13.35830230587001,12.419563412923242,9.855025617277317,11.730381870578082,10.465107804228518,9.508815358296552,11.47067085088327,9.906066913029239,10.424970574580643,9.285553267289856,9.770631916564092,9.598836443804462,10.154066163789606,8.615625240743677,9.769871168609326,11.629776056470543,10.402855985573142,8.21614476421784,9.059508133037335,8.73659078391462,9.185807962099027,12.39702231427333,12.257942701208185,8.857801037679973,10.566703663946226,9.557737657222251,9.153579959838556,11.377037791856404,9.629405644176336,6.153146754436452,11.676560252262602,8.715326832800073,11.653730060006012,7.760605962112036,8.017324014470493,8.794210000059987,11.567987753142575,9.170792937535662,11.028847613982085,10.66673536762467,10.4611150190748,9.39092193248457,8.053490620620291,11.368323151407571,11.179769476426063,10.484517655495939,10.271570553553513,11.212263065486635,12.653240596939776,7.666237065375876,8.46939449355906
2098,9.339837416749582,9.99351031570053,11.676042429332075,14.803176906602141,11.814694585471317,13.175775263843862,11.248400321551445,9.448622232238792,10.040222424628407,10.33303081867253,10.870242301760053,9.934051737574668,10.907671923267428,10.906218915792376,11.74909482844945,11.579454638834662,9.766955557118722,9.33905120116884,10.18345588246553,9.329780351434799,10.182001418080821,9.588070819090152,12.922029092907906,10.880114750101649,12.394107568366776,14.484255190039503,7.700055031427023,11.673783757049467,12.452172508013657,9.666897608159942,13.816067173563196,12.731374758070917,9.917112199268466,10.202645913986808,10.591719104298225,9.10885199287842,9.552664071578404,12.54062933911537,9.39597966187987,9.98961458445109,10.476343382278394,10.520266325694731,10.95052623800163,10.063436387427924,15.683825172227001,5.868189936953372,12.539988657523846,10.905099830814988,10.088049673395036,12.898784431404085,10.689835946621569,12.749800133807902,11.983590697933892,14.88002391198072,10.31285458751794,11.533335916537407,10.845434964730824,10.716062605381019,12.17342175286392,7.8158532401611085,10.239354037776076,8.811657992416416,9.230728367279319,8.592829981208622,11.080599155790841,10.929216586519033,9.628338808996666,11.506198170819674,12.655598538189098,10.989821115187532,9.41699097292691,8.191735496937206,10.717881964712305,8.980157708813401,9.403148629124567,9.83359705364524,10.844241577875,11.504062026482202,14.145036408613471,9.663235667964507,13.000785918938446,9.947507507842166,9.664915346123019,8.718954377904016,15.240406303570182,8.893650404980473,10.055360625530108,11.770597155366477,10.226310897249217,9.333554381954263,8.844368510462084,10.559347185595282,12.37045225603827,10.911965878359203,10.879545162207096,9.716044769718733,12.136139955500074,9.101233459880639,11.895687472203685,12.062106403811224,12.71485701151963,10.410555818214503,9.312996768264167,10.08798545676059,9.361346402044957,11.107220332170357,12.147872209805872,10.135624007418242,9.952865735724053,8.64080193792951,10.089289671388164,11.117113609766136,9.62700371469917,13.1497451488314,7.323704349583597,8.456757120141795,14.59757721295644,12.89379026509565,10.213058176739462,12.107254308873207,10.885216741726317,9.965313084359309,12.036619762922154,12.446785891878198,10.850060043663818,9.691972591304062,10.320358511188935,10.491875953201586,10.580727911457931,9.843049787241839,10.272730090237893,12.075316844572281,10.759974591690918,9.287836175540399,10.094475148566842,9.166494992786443,9.602162424988785,12.851715387969175,12.57205549190785,9.233164084882572,11.008142071551289,9.995613133406335,9.554231174097493,11.927718882930689,10.69488953876084,7.0628394886193,12.135043552209588,9.802928410085112,12.188099627222481,8.851528571597463,9.484669233704436,9.142004895232747,12.208776400007052,9.588124468922615,11.49457856396149,11.09933130841317,10.935086335986849,10.028889373587125,8.565236503707956,11.819342917409433,11.916361970120464,11.027780878903538,10.799067890592694,11.70996081006938,13.206384716362791,8.231569150655433,9.55056537601069
2099,10.35328869984068,11.061913253161418,12.252546898249927,15.580673115006805,12.373486025580048,14.678320165338187,11.634351715445518,10.12894156780736,11.250606701291836,10.97409512256754,11.23669541164719,10.570981688412097,11.479851492520037,11.368757220177812,12.215753454586554,11.98552385897472,10.455263639832365,9.907118840464234,10.849459555000069,10.241307197973647,10.655919627896669,10.028255337271197,13.571667355196235,11.424367680631835,13.38291147248499,14.99353623184665,8.258669667588233,12.304029459583349,13.637433348030873,10.266377420774827,14.485294946308791,13.249313323662205,10.447427191610995,10.913304181448346,11.171259068209542,9.649682588489915,10.197781064130108,12.988404679401171,10.152255576232385,10.672864121095891,11.001783294571114,10.916312514707961,11.563086688004693,10.736151801101093,17.233527290410013,6.532576076750612,13.753847956657413,11.537836345362253,10.724748160304696,13.002797313805289,11.0386372886855,12.91024465807553,12.504056557499137,15.572699233375747,10.812404780552312,11.879228912036998,11.423363974895972,11.22198222320656,13.144411103992628,8.428443544126788,10.753875293608365,9.460597765792551,10.39504577476403,9.565114271538015,11.712567210197445,11.595348053451245,10.220451177708032,12.064048123770746,13.640584711370797,11.539259993824464,9.964206389087282,8.752888169139624,11.464587484197372,9.496446319695178,9.93332140789978,11.032576112140871,11.47051778358632,12.04354779370899,13.931529195144266,10.302011782753052,14.447338123773703,10.550834521651268,10.48474965167457,9.30642622445935,16.646690541300277,9.386566664220698,10.648078791797161,12.32943572258127,10.870810141337332,9.848823302778706,9.347466123515161,11.167884676620886,12.824048311545926,11.471958610518223,11.321743475979773,10.230532571544938,12.680898313892294,9.725157492890439,12.459910259421527,12.670793407949908,13.7386502808538,10.929336881843104,9.9155606994855,10.609963095907506,9.91011905618783,11.601549828874655,12.247189858864106,10.753427343186127,10.571484952137387,9.221167374402285,10.743066619696295,11.645877571969198,10.769764402817032,14.393337545723751,7.880846779504472,9.01510010402778,15.305875474009024,14.233267438822788,10.674836697249576,12.66547460699904,11.369746689138742,10.58602870324755,12.931542941722382,12.506795192586965,11.412104031520668,10.234250494246856,11.045738035234917,11.497319267356193,11.241613516005977,10.471845138175734,10.898985026211577,12.631890779939189,11.300649402470425,10.437160425658881,11.197009871745939,9.659970847568632,10.144674665968994,14.182854315330243,13.698576125605356,9.808911900068152,11.590965223723448,10.535065695129594,10.094340316694362,12.344604908392348,12.015190904060827,7.642648096742306,12.720079184606158,10.998257846282481,12.567095676372793,9.988268510021017,10.13394667182503,9.705009635152487,12.81263162709516,10.095196157950777,12.103721684808363,11.686449447068677,11.647697201351924,10.721632708763256,9.11028743894964,12.316514076857732,12.519255184664804,11.423311611187868,11.355060080002097,12.264143862600989,14.66001188035669,8.83147461378369,10.755770439988586
2100,9.150666514347341,9.754918376224696,11.267169479666084,14.89268838948217,12.129125628588271,13.012899196224991,11.386169560767453,9.959225838554316,9.748633069243153,10.823060805427613,10.643591895699505,9.817380967196728,10.50335398830217,11.089160262735493,12.010845880826997,11.75304260971988,9.687195195206284,9.272490905918954,10.014811019702206,9.118156754765021,10.40410596517653,9.500812779212817,13.118784705626554,10.508238451234224,12.182875037193298,14.677503626922086,8.200097379579763,11.317740627403918,12.396698659863963,9.555058727875867,13.867310274263907,13.021991335112471,10.178752953142476,10.094926967992091,10.648525285952045,9.355634866089659,9.999250201829545,12.656005119455271,9.312083835231848,9.875268493489973,10.369626229821606,10.698566502281299,10.79606768643034,10.607110052273192,16.278532126854206,6.426936815011089,12.499611003645535,10.775187563889757,9.945352462473618,12.54179411715475,10.821793074237883,12.455551223508243,12.266243205759029,14.813295106435644,9.894626688340615,11.549268960952759,10.4747734349221,10.628192569610896,11.861106396749097,8.346541076898577,10.220061281246355,9.249828214275428,8.916968940628761,8.3785412829562,11.184779867016038,10.784233030188696,9.559084819694018,11.828251988980275,12.56823940934806,11.298424267948706,9.616000131800252,8.71715726703406,10.482999499694543,8.963455532131524,9.540908619311871,9.564873666598878,10.531927743204067,11.061312009805233,13.519454890284052,9.573048832473056,12.865579239510263,10.466283289522956,9.523013323545456,9.212753904341112,15.800688200983513,8.780119002473556,9.903753990259279,11.92551104236266,10.060960174120705,9.278510145072278,8.82844984120336,10.211410961017531,12.536955356084063,10.513203651740632,11.081928300446478,10.114112331692517,12.453904932942887,9.606988552315483,12.179848648864647,11.608704203675533,12.512744044435435,10.71846826419491,9.811849288385485,9.961642564242256,9.829194170647654,11.373983267180883,11.798973005393457,9.95275718815111,10.491690940898044,9.213111359818749,10.11711290693874,10.736544148289958,9.321105431757289,13.088226102549456,7.838908133321798,8.576729416590313,14.633952094563123,12.792342227080775,9.829682444703987,12.43180127287733,11.146042579463847,9.96188629264462,11.846863953203995,12.032832947270622,10.442977029187926,9.434456853774089,10.80379854489503,10.28406904072597,10.422788075717358,9.939490960397082,10.436276085160932,11.698056350494253,11.074123042924649,9.003671758872425,9.852753837303876,9.450011128495483,9.468136336397508,12.771746697096996,12.419589540054059,9.176042104589529,10.593799175887272,9.82448792993894,9.42185563825328,12.114836009026602,10.44177319469123,7.462369769811632,12.456237330326232,9.489931375077319,12.332983759199752,8.540712182795437,9.797481550224896,9.106174405278837,12.44236330328317,9.878186273677594,11.035486402311198,10.642984071682239,10.753979975582453,10.546689121887603,9.098029632121325,12.082609653729817,12.122294270786744,11.211178944542494,11.066859673837138,11.271370395937746,13.117747773384224,8.682150519356647,9.294305223457771
