Year,1,2,3,4,5,6,7,8,9,10,11,12,13,14,15,16,17,18,19,20,21,22,23,24,25,26,27,28,29,30,31,32,33,34,35,36,37,38,39,40,41,42,43,44,45,46,47,48,49,50,51,52,53,54,55,56,57,58,59,60,61,62,63,64,65,66,67,68,69,70,71,72,73,74,75,76,77,78,79,80,81,82,83,84,85,86,87,88,89,90,91,92,93,94,95,96,97,98,99,100,101,102,103,104,105,106,107,108,109,110,111,112,113,114,115,116,117,118,119,120,121,122,123,124,125,126,127,128,129,130,131,132,133,134,135,136,137,138,139,140,141,142,143,144,145,146,147,148,149,150,151,152,153,154,155,156,157,158,159,160,161,162,163,164,165,166,167
2026,3.4399531216493666,1.9749297344258854,4.746128229371139,7.198562924430838,4.423762922627587,3.483601711264677,3.182516484601159,1.8329229470874586,1.8858242541551582,2.254501158424786,-1.2186475378062045,3.0056671658796947,5.303207844708648,2.878932014107704,3.800598910876683,3.2063034457819803,3.693292683229915,3.920818618472135,2.7702785726104455,0.4130335709878385,2.4392090418509063,4.798499999780743,4.110598536900111,5.766086240325654,6.605598858211725,6.725193383863993,0.09415802359581164,5.3302020781806565,6.918195525131054,2.3275789311953936,6.2111971894545235,6.551630751735402,2.2000458400164353,2.897124029935468,-0.6056025163603156,1.1171175579407366,1.7372228073222293,3.7683408013411923,3.9214106447994683,3.120284550530571,2.7429047573889997,2.3787079614187996,3.2284821384719455,2.438604450225831,9.80095135484423,-3.2943379526691774,5.657369862177545,3.6070207545267663,2.5677969433899435,2.029217398805278,2.1742875209876478,2.1382243137274464,4.094625410863331,4.226691009317124,4.779450985363551,3.621417550955504,3.413806683250837,-0.7370911772762,3.453354619124107,-0.0864439350153704,2.4750812164374785,0.5026537791193874,0.9725200644561206,-0.34433453802152514,0.3623872271605903,2.914215101940292,3.651660805089132,3.88950191310474,7.546391384303565,3.050645594085966,1.8208014471190308,0.5130727262369205,2.5975184180906834,4.128010859659739,1.5975884352411551,2.0735670153583805,2.996404501582896,2.7575125208922806,5.606453226080961,3.511358996800014,3.8241918295621886,1.971488190548758,3.582628675337351,1.2307218431894271,9.353314662831172,1.3199081365551255,1.9688620939850823,3.3510026148387384,1.7878476730414807,3.4136208523597023,4.486225429922344,2.877788102839675,3.641623324581555,4.954460366283147,2.9850048371723705,0.929928999287742,5.235006552508902,1.4178629823029056,4.507763375554769,3.653161046760424,5.410638115980794,2.9657717721802843,1.4451917477816876,2.494682567460196,1.4534963409815518,2.7092203204120904,1.3863441896757918,1.4560098096861365,2.233181868280681,0.6683931817965854,-0.7781559573752559,3.333285438588685,1.4702873506716319,6.234702591445031,-0.4383608720132269,-1.8550193947872928,6.42290564775467,5.449506774757588,5.6242347635328755,5.149997246691156,2.032344378012101,2.297209697961805,3.9410026784454057,2.3120602907879015,3.4525729209184655,2.081725531656828,2.5556985599654074,3.260405489483048,3.261828221167836,0.8617052057757981,2.7658275152955762,5.373585749191365,3.244941296747754,1.0903202746595668,3.008973988145588,1.3884472964464543,1.887985290799823,5.803832796003138,7.810253516265324,4.196097980758975,4.242798162624238,1.6857453669820492,1.7188145909990604,3.6611579946109236,2.64348834029266,-1.3559151649475076,4.461097948891776,1.4931469270161237,4.302735409566334,0.6709393007414678,-0.2716553379515429,4.918731616224563,4.665767394538439,1.8338961830096576,4.1589856658663065,4.729726395177259,1.9592149725982142,2.118434021728379,0.9205118092043075,3.8551887469632318,4.194590043808731,2.1373260233019105,3.2252481545720775,3.84198023719447,4.387198105028701,1.3367608992116813,2.411209136247634
2027,4.196925383593356,2.776355419253066,5.450519923506572,7.360661191173964,4.917356726101465,3.661061289906501,3.7002026472772864,2.480330746940206,2.659578465776782,2.878276426451545,-0.7445540781349077,3.892468346974681,5.948002039800799,3.256736377307347,4.329643759557176,3.736844795942309,4.602160386528289,4.7388379412038,3.6683190260614653,1.0058956701840644,2.9684899649449763,5.466847680296215,4.472668042087134,6.392395425694329,6.8784393616552855,6.986067120943752,0.716781027615069,5.985180045345,7.0330156895199,3.1952231062310084,6.360658548559464,7.102558376959389,2.7445116588047553,3.8478144972452086,-0.1435690652046901,1.635457009090376,2.4154496330767885,4.14189319504159,4.762757364341194,4.022283268400602,3.3726009241172243,2.9102192526417108,4.123381202135767,3.095350155340771,9.531339190687456,-2.647379601760103,5.804747426483248,4.4599524886480415,3.4763852720747583,2.483742610259548,2.719886146698678,2.6084725692868203,4.595370657954898,4.376608801952429,5.4250316973243455,4.145536131308684,4.168156561894078,-0.26313674577644797,3.933267037357602,0.5114290923246055,3.0668603381940303,1.124457701508488,1.689514731296476,0.2594772780580181,0.827205803990365,3.8640341009412493,4.562375365836279,4.374985858372277,7.696723918829648,3.603397725735394,2.592239322939088,1.149133263741221,3.532491080196838,4.948620399087669,2.156009900536655,2.8613310161445824,3.846670937112401,3.5183766524706552,5.323437913454008,4.366014051224506,3.9906780461913813,2.591988261602821,4.407982173349178,1.8615842926715078,9.066007899386543,2.128511665921123,2.912474848316715,3.8072672769427274,2.748920181606498,4.273399401136804,5.271219873002598,3.5655290671757296,4.082554376976832,5.6228869757482025,3.4999611871583114,1.581054528270446,5.763146765104358,2.067016590386631,4.970965115938864,4.415228684406194,5.789223963181887,3.489648101159503,2.098491775563786,3.1155278663550106,2.119228326848575,3.2344024984964284,1.8447362478290286,2.406884420769552,2.8657286824924615,1.3268314516970072,-0.3026278509292734,4.03934398804392,2.21390501516206,6.3445074136768085,0.17111700751951728,-1.3246007096820673,6.570153952070647,5.595177638743606,6.239976625929456,5.668106665994439,2.6023261303880405,3.1340097620284997,4.346275358114925,2.7622046161975184,4.154569293784775,2.734395703487098,3.1975217974345624,4.07967225393014,4.156593412586623,1.4748469879584611,3.5471558204452913,6.05649822141443,3.7281077138015184,1.812616131454705,3.7881422045507636,1.8997220204344833,2.781353743161477,5.9472219889717435,7.950850826448631,5.02596485699926,4.946960464545659,2.6109872571059642,2.5882099641220893,4.189810859837703,3.463718338044625,-0.7393852222178638,4.955964550163065,2.249143737554552,4.833691813583883,1.3571683645248418,0.24712188515279893,5.7366877365325175,5.057126052039009,2.3576201290956544,4.885297047719358,5.426234101770182,2.9885320642164763,2.7879797181912824,1.5400167746469366,4.354146123783927,4.551380366938455,2.681721055880189,3.68064133269446,4.57591956513269,4.558555443797795,1.9616793628249882,3.2016191597229686
2028,5.110130997108564,3.477645110498583,5.356207936190601,8.217489393268316,5.405648342413566,3.9648947899895073,4.197870315691191,3.2219094800097605,3.6022986878241814,3.5864353094782135,0.8224500708282036,3.846693247343816,5.874478503210204,4.352432769324098,4.820344399128643,4.246765903064186,4.56089596216168,4.678632198593446,3.634489975576957,2.0872677181448243,3.47175004418407,5.896049624441991,5.1519929696406646,6.321711648362022,7.0240836139236205,8.127215419177498,1.418938482127017,5.957907110878403,7.2047482645937375,3.1527160608342726,7.150876086098809,7.56464977094105,3.303866835364271,3.811826963935581,1.3592634002012833,2.1712375504629966,3.0408880443977444,5.099454129866458,5.106880858966284,3.9859030648001594,3.508441427562919,3.451911414361431,4.096701897792185,3.786279276226251,10.29371450117656,-1.8836101163710888,6.012178196119411,4.461748167593035,3.4205023603779936,3.9273973133947218,3.242154444115504,4.052893915080598,5.102082432380743,5.315455411481007,5.2916151987654825,5.160782516002659,4.087591349785883,1.2210662491087394,4.061897799159799,1.1922033207757128,3.3062373675938157,1.8053497872980568,2.627086292420115,1.3699098285819802,2.2483135037581525,3.8286256519811492,4.522959053356733,4.877106146727289,7.848415392371159,4.155255798463312,2.839904776002681,1.897927325538225,3.471437245554155,4.864679785179242,2.5191104922975835,3.7995422302080026,3.767344422345713,3.476500643364023,7.779750728394306,4.325516924262047,4.281455764860486,3.2839635086911025,4.876355527128494,2.5298527845314607,9.849330532018627,2.1104751527309435,2.8428594110234258,4.864475600474648,2.6844806062323703,4.196378228494099,5.188313045672008,3.4975486351975396,4.855252958301985,5.522196103259924,3.9958579399589738,2.263311221370739,6.239424731901716,2.7705613955855335,5.473847329350455,4.384661247049058,5.931425017118455,3.9904349614267356,2.8114709402833684,3.296946722694804,2.7332883647510005,3.7480075460459523,3.2879506772650138,2.3394647291728434,3.5473585323829746,2.0730163744517722,1.09840316666024,4.012026699632406,3.1354261621832866,6.574160085991026,0.9046144827136015,-0.026978061028883765,7.447965556383133,5.854188753664494,6.088111022114754,6.158927501312324,3.1263005991599395,3.2481817217809823,4.55295169499836,4.144131901115178,4.059598761584078,2.731936198047228,3.9117367744445826,4.783244139062508,4.128791998752525,2.43345602154732,3.8833924153021395,6.018722689364636,4.2274000460814145,2.764334763373646,4.715547023154799,2.421894334043775,2.712220337774078,6.1880857861467735,8.107385611959863,4.977879562388575,4.85090425506766,2.5382765848721762,2.5203060199294525,4.6909505661044815,4.40726541536195,0.12005921921559574,5.46799839472265,3.1937972405127146,5.323758627261438,2.299941129982471,1.4243233687111319,5.695562147083028,5.636535719356365,2.8671732626389717,4.8184783803033,5.330883862450719,2.9575504103941612,3.5061983852514182,2.239358523062303,4.855122659036093,5.186974894854108,3.1963959349053233,4.2111626086490475,4.542498375901154,4.845027862808533,2.6313722301806735,4.2130493391837405
2029,4.618534848945481,3.3421294280460914,6.85249914782388,9.919780721808122,6.838419202395845,6.387064352205824,5.619227613934447,4.16594549758094,3.158675256797245,4.5789520740509015,1.5461814412048887,4.581766278403146,7.232897239817041,5.123771055787805,6.269858638516496,5.709344263374807,5.239683796252522,5.344294189768177,4.42241729753358,1.9906715641064319,4.898097737160112,5.7416882035987715,6.826188281740595,7.64015471472272,8.796402171041285,9.277401829617368,2.4467626355322345,7.39888512928571,9.024029963357107,3.9478646476353934,8.918612145526069,8.797498232551986,4.698470096183676,4.554351028427485,2.0686695656606138,3.7125106628452045,3.964303530114037,6.343967593887023,5.230976957721373,4.70305349762951,5.014754024573735,4.8420768633484865,4.952362691717489,4.663404490186697,12.515999513013025,-0.6430787731494213,7.993072636425499,5.335681674097264,4.22061675552811,4.508869356129854,4.760166402373994,4.579909373926269,6.546387291539997,7.435610898797006,6.628925545779723,5.753228042381148,5.465421789458821,1.9268613535378676,5.953368920726434,2.247907650470737,4.804203581171378,2.8063788998738985,2.2295005684984597,1.2888131939939091,2.874795763088123,4.6187631204724315,5.217919175539697,6.325216814875603,9.627743758261204,5.389358988191405,3.722932044097355,2.8935074606112052,4.434052276611328,5.511473916471006,4.032637422425404,3.348204085230826,4.904383393696373,5.082354661396574,7.651784805953502,4.997108163045987,6.601379903299469,4.226014432311058,4.8863385630505425,3.475435724428723,12.147298653636662,2.9002021159444538,3.639760325636182,5.581240468365809,3.514058560984476,4.8859005036364715,5.830642946596655,5.067510199546817,6.237390725101743,6.913818462698586,5.4446511055741995,3.283438723002161,7.5874999096883196,3.714824146032335,6.896473725565844,5.934974944591522,7.7881459732140845,5.443643788780488,3.7628716060093486,4.84760940298438,3.6919862598180737,5.271414305056845,3.878079658320972,3.1944270453282764,4.450106152892114,3.067912591993811,1.7427176447319128,5.5149103607450245,2.7253549218177815,8.596420830248725,1.9595640672370809,0.7870828292631956,9.201400752684897,7.991132502896445,7.368495603544371,7.50889083253486,4.6893587844712386,4.088802008117948,6.382897237368995,4.694070765216435,5.601849407383379,4.31670120103019,4.885947922058406,4.570067723734039,4.885521552525458,2.972377442036357,4.719826494157315,7.4163421305162585,5.682036257215911,2.350990927645139,4.226326528351224,3.9490757644176497,3.5213876175028953,8.277993728024219,9.8928089953959,5.597207396477459,6.288223758552759,3.359735127857754,3.3673489166157586,6.148344228682773,3.9469731841768554,1.1078607959406728,6.919733101448851,2.7665648418345636,6.714732952881603,1.9075364940932802,2.2927837427173343,6.30359522072332,7.144549133309296,4.362008117565088,6.3123909926840245,6.764345887050565,3.773173358397825,4.4313744562545,3.2410276683313484,6.3118369477135845,6.764512482498369,4.719639092683788,5.698386961807098,6.038662708657127,7.150893975341958,3.5489795663527066,3.717458452922958
2030,4.435879732349089,2.953657630298817,5.389939888886043,8.03532640508243,5.168113821904574,4.225143717016496,3.9326009824872035,2.5160162357347335,2.8917662631188117,2.9438442908227436,0.3001869472009807,3.861972381919621,5.889382850059438,3.635177788564137,4.586989904913519,3.9759990211044056,4.543944219180517,4.683785279308045,3.6300749015063047,1.4101336057697036,3.204271992761645,5.649016590629303,4.91730134870325,6.342381940143452,7.184407280465323,7.643925963555064,0.7702961504459375,5.975660578267918,7.424270437232087,3.156954251549073,7.021116755689896,7.342415464243722,2.9882762733048613,3.8005637911813626,0.8595142270837507,1.9086683421262698,2.425441923098903,4.636099955120256,4.816371233814528,3.9719130878203672,3.4252652783479003,3.121900327556898,4.0905354209776466,3.1016442658645764,10.387295729773381,-2.556592736925396,6.2233957465205885,4.442473349667022,3.4451563416847173,3.387832234693425,2.9646374783345624,3.488787518162282,4.855945611000062,5.10791748421533,5.346629457506682,4.561412786160197,4.122189589057651,0.7291294166019959,4.166866023412773,0.5594524620633048,3.184660019619124,1.1581499107182043,1.9214745708874295,0.7177568765091058,1.7284459635615357,3.8041028632250224,4.503579251255308,4.63028369716236,8.073565530723759,3.7544706611228826,2.5521412749375605,1.2242604967472805,3.491414418497259,4.877418791662369,2.3388733616897053,3.1112807335598127,3.7849646410771793,3.4613518229552667,7.014385193692788,4.323433534162385,4.533006917791707,2.63311466372439,4.503934979438779,1.8879781380561862,9.958480742360866,2.087824506951232,2.852806872641668,4.1426436227879355,2.7049993774720624,4.210509713100534,5.204418324892008,3.5242983548768954,4.49728403559753,5.549110283117208,3.7315101263778536,1.6418887904712147,6.036844995990399,2.0805536736335073,5.23931923943705,4.372609987535647,6.072607806112085,3.7376958557537616,2.121586208471229,3.212429790411678,2.123444391148431,3.5107035866805503,2.756652721549784,2.3553680651954205,2.8891686321901426,1.3966274741504887,0.60257263717483,3.9888811707496634,2.4343633790101293,6.808315954889573,0.2630022389548185,-0.5914352084909131,7.2779274561575455,6.091902711668183,6.149211023684724,5.939213034297737,2.881010063631197,3.1001898485901114,4.6232968973262,3.6229871537004197,4.1000629150441705,2.731581394055058,3.263750568777323,4.253204708439962,4.108865479805641,1.8727008457162555,3.529928926232137,6.027665260859896,3.9637409688106557,2.0566500216722554,4.023605734668673,2.162227035420281,2.72720772687878,6.422278422330109,8.326089239120481,4.958358527932848,4.878915450296232,2.543850794008796,2.5385092503258164,4.427827443076034,3.7218607961333214,-0.5184352794662137,5.234116206743891,2.4771976777485443,5.045392028521746,1.5861963032079622,0.86707416081003,5.668748595858258,5.411501208586348,2.609026973800998,4.80692721472255,5.3545115666730085,2.9281031041805243,2.798892339638302,1.6040262753942165,4.594999203937393,4.988498154495444,2.937209567321198,3.9858926685793077,4.5276162168809355,5.096137175442917,1.9771619456154947,3.4765222654810968
2031,4.022754001617433,2.514087492653301,5.253915713088852,7.799781233604465,5.025602446336832,3.712146561912131,3.8411770899380975,2.502581714093684,2.4801789203924796,2.8582471274371684,-0.6908609245504633,3.367236069829335,5.767070932579888,3.53901467153004,4.463519106565845,3.857910347091301,4.033215899126872,4.2988920270332285,3.105976870230267,0.9731853689466206,3.151179722590105,5.0525054359742025,4.699016013528619,6.234197948234424,6.867649572023325,7.533807500983987,0.8384145170184132,5.817812252204331,7.100596641695923,2.6800626325687134,6.790846809106213,7.332414729704449,2.9525991959231255,3.2344600622143034,-0.015562628848211472,1.8752713062933508,2.3621617829161017,4.545262751515425,4.418849453290126,3.4610276577728145,3.3232141159474815,3.038484495878224,3.583655403128693,3.0673568006072727,9.992922704560419,-2.484369740741594,5.8603557803801145,3.9733455268400073,2.9321089889322014,2.4683340299342365,2.839293187803456,2.5844726172941055,4.670556295556682,4.825604324974121,5.24384222051927,4.159569534233639,3.8946547342198268,-0.15538616393293714,3.830695857160858,0.5747318990794655,3.067766156686204,1.0975628899676468,1.5407644333583947,0.27313104612486744,0.8867306913648334,3.2312670616166947,3.990927251428364,4.4598972709317275,7.7882138277803135,3.670105807376758,2.281180861592291,1.2508636559758883,2.961257674864361,4.535633071086238,2.2804699310234606,2.6494288267833848,3.406868854271515,3.2790322780609147,6.529733413883621,3.8688066954325344,4.035757938453129,2.5509829026247774,4.1045460539204734,1.9129468534673968,9.567482374821386,1.7000863448317558,2.352831736313448,4.017222880678521,2.154737733517375,3.8186158427170347,4.8860164921198574,3.4034196709947944,4.36084163851504,5.436977036297321,3.6344033979943786,1.5587568287338525,5.930711894961338,2.094883523794957,5.0416560285857726,4.169956010580062,5.745097002290587,3.637508024062426,2.118797471800023,3.1101671732962117,2.0711429606857035,3.3234394299132477,1.8650672273976459,1.8188244451369553,2.831992565734044,1.4349004201590994,-0.14744592649596067,3.831460780969689,2.054634548830134,6.4143961040037025,0.33472807694425893,-1.1527583574610094,7.032926873436997,5.649458714681013,6.083123140196713,5.829264904026475,2.686883259671076,2.7041077719203086,4.33004426296268,2.7734433485993297,3.9676111019615616,2.644897093517437,3.206606576698164,3.829324663776373,3.5746454404933137,1.439564729162625,3.251644128348147,5.872564207017423,3.871141185345396,1.634928765680108,3.6116358989051403,2.118473754823209,2.256866114533373,5.9972816090498675,7.990113125528608,4.548422877703394,4.7400548649685685,2.0670143129570158,2.064807591267995,4.297867488648215,3.2515685907431977,-0.5791088747126717,5.033482729324278,2.0782713674008857,4.97273597717285,1.2426505320838512,0.3998326900814256,5.267053066406933,5.247005657851695,2.5482643221105854,4.657943421389379,5.21115213547434,2.287770923972128,2.7601285951478154,1.5981602983815322,4.433356144625161,4.803652837127449,2.781654356420041,3.8517592780558103,4.350261855231865,4.616340764079776,2.0364831645573913,2.980889603921346
2032,4.148066275114459,2.64958233599152,5.4599554977679094,8.66848614407437,5.620261236173763,4.663307522024424,4.407366162112781,2.4251284402662088,2.6201685665973606,2.905472833663225,-0.47644921051604405,3.5278826669922907,5.97806573339871,3.6708474298673033,5.043260776038679,4.464462157764605,4.19298532072987,4.412441527843475,3.285336709767582,1.124071475011961,3.6833534925111726,5.2453926633511285,5.526508597603863,6.420274942794018,7.451744383786406,8.097323355930195,0.7093672223921321,6.056603755482605,7.7618895594562805,2.8652084197316845,7.707909757324628,7.728353043539183,3.4122727253607343,3.421018246241977,0.11978960516197447,2.4366931734340547,2.3332099944353124,5.1041622817516314,4.517180931781019,3.6306593933807956,3.6993885946060945,3.533422589302066,3.7686285744820354,3.0337325753910225,11.28481401034764,-2.6253361861620617,6.5949385078889975,4.142113701786316,3.1162521461823145,2.7263686250363075,3.471065866947174,2.82959839016465,5.314847815036772,5.968346174274171,5.427938586473467,4.2262847769739365,4.128566896063938,-0.005560829862951433,4.421543424682957,0.5170342277203303,3.5162219882011407,1.0955568273684835,1.6933924205867317,0.3950233974627085,1.0587981117623204,3.4437527478805614,4.1604361908776415,5.0857531349573835,8.345562799594234,4.053766791948252,2.3954889799867356,1.13365451512592,3.1764364719390854,4.617580434254237,2.769613552944998,2.7973235702940413,3.6352767959237093,3.5829504523958473,7.0937289244362285,4.006651109457015,4.9524571859593784,2.5548941122634066,4.204345652886801,1.8279109657875139,10.885714358942845,1.8860704553978784,2.535891674033233,4.124549887861524,2.36111531076687,3.930469122954778,4.964072387984821,3.6444269011329338,4.988537256845405,5.642731020493165,4.20808805450797,1.65451798880739,6.431097175393788,2.0161370236958804,5.673821180633142,4.45650236606598,6.311428259951727,4.208775896366155,2.047132394888571,3.4769121890621535,2.0576165325407483,3.999426265699524,2.080748525308444,2.044098556254593,2.813738892759597,1.3058387456195666,-0.045282791342054436,4.112164070111298,2.177551377245357,7.143619469233921,0.19583533008959367,-1.1257707427654944,7.954670647105999,6.458903336298785,6.233562937325668,6.344632979801722,3.3687089209045684,2.845862057060004,4.946410800942356,2.991347864642741,4.206892518699169,2.9443598642413105,3.2274288112563756,3.9516938544809834,3.762778096113884,1.5287243040544654,3.3110661126141068,6.083235026896001,4.447126946202479,1.803124094860894,3.7310714351279386,2.6827609047293683,2.450820583377832,6.781145666140531,8.651957021440783,4.672024354338647,4.963970658183094,2.2661560213193312,2.28025649700846,4.910286954683919,3.368321652923313,-0.688890828458325,5.663125356712515,2.2266345594610493,5.516252678632737,1.386224435908456,0.4136141455599251,5.3784250918243615,5.920560622747453,3.1219987298761107,4.919730650952884,5.45283100072827,2.5266762535486893,2.7175640209444922,1.5170169508350746,5.063452777053626,5.540244104606763,3.4471334397792814,4.481103433242866,4.61468019953796,5.497265883641585,1.9273717718464995,3.1453218877315527
2033,4.854330026145497,3.500024928458565,5.931362519945419,8.64279251577599,5.876810848925795,5.236285982387407,4.669384481066039,3.1635550079601127,3.39177089674132,3.594936812136853,0.6913683610303045,4.485021719762258,6.388768575819475,4.273591761929649,5.331629456153939,4.733116430469921,5.1912602894540365,5.295607687320028,4.341222331140723,1.97387436245169,3.9440186755199518,6.129453892699844,5.635916242030053,6.821378340039934,7.895212100659098,8.186549526772327,1.4016639479569035,6.515254925404274,8.147576422350747,3.8490658335387713,7.610060955105086,8.01750825502511,3.715792396504961,4.481022894528824,1.2384598189166582,2.6610944912901946,3.080370077065059,5.265126934647562,5.374933251738552,4.650003120276542,4.024996527177946,3.852089797598976,4.766750075135913,3.7585800611547078,11.070519474574498,-1.8805359542369855,7.055452050907274,5.065542996195813,4.075648330870485,3.7356571508305447,3.7288656864847414,3.841944018644945,5.568590721586123,5.874679336803301,5.816554780251211,5.045433924666473,4.682248323836497,1.1192316021238031,4.91933797374368,1.1693074296627723,3.7956706865557592,1.7804481840559447,2.4652902169419217,1.2233484955770646,2.173718337847716,4.534704738003867,5.19043562401618,5.344535051286219,8.724772933657677,4.454185406437943,3.3278089589306292,1.8713418283632812,4.1500494173594875,5.501026911501373,2.9956103549205824,3.587792347158704,4.401988808039046,4.066672834008932,7.592147059951511,4.962814665266444,5.505936241362776,3.2486360839435036,5.021890884957146,2.5266339576137926,10.650358550782718,2.8906604392187965,3.550916402041913,4.759996991970443,3.3836236789822616,4.849389137114796,5.800731511201176,4.045423350163866,5.194501756025213,6.061767971515654,4.473217713460328,2.2984557939427273,6.720132898219995,2.7393330454826326,5.923302338591645,4.966514133834949,6.799461951426098,4.460349184926599,2.7795833362000333,3.8281969696008917,2.839655780366492,4.250382076416697,3.0977792333279397,3.0631089865096977,3.528533313210519,2.0594761199184823,1.012513252879893,4.541714772315964,2.974622907542758,7.63844237216482,0.8887763985565755,-0.16104930852140867,7.878804575119698,6.964356411780633,6.590380098723941,6.620987020752262,3.6676953066672615,3.7929639083998534,5.347151247997368,3.9834486841091095,4.639374287426473,3.2809396460120177,3.9184807202645726,4.742105480177063,4.796429780977112,2.4749096327062157,4.20625385266862,6.524571571605549,4.703544130176308,2.590191465722662,4.466945867133994,2.9127645317997244,3.4308076134749848,7.278763320190564,9.067112915715134,5.609192945914608,5.4144174492518795,3.278783285617831,3.2761118509939733,5.186422390171458,4.161016246676446,0.0785137421318421,5.949988054111601,3.001620536290909,5.822632921966061,2.1487970211410063,1.3424566073077067,6.290391054536615,6.1060167603194735,3.3385434055966994,5.385980861753757,5.881421086830749,3.665491676969186,3.454569593710559,2.2175829747957834,5.331649850947517,5.6266276811648686,3.6988208109778986,4.666735661029813,5.08409795803683,6.038268493648086,2.6304650148110764,3.957890785804816
2034,4.654680178846632,3.026723707573756,5.473412966621775,10.640182668822147,7.585305768890042,5.083992384267707,6.212064396975832,4.499701807754381,3.1131670483521074,4.923279890843801,1.7594539716839788,3.4993488256420395,5.978621827811004,5.567450920173101,6.985587250441311,6.326706847122741,4.159369996828693,4.397867195148552,3.2370294426168704,2.0577263517039164,5.4732153012018125,4.9062548043472445,7.505237668114052,6.434471291180565,7.712314166873695,10.115898472390008,2.7910196632146853,6.080685125876755,8.102562927774017,2.838222834893636,9.493929921729222,9.65795199019568,5.26592310752187,3.3773110628128067,2.3418994645987246,4.329489176613943,4.151231177364079,7.079453871718472,4.751896268342223,3.5847556187638223,4.327044808619293,5.419293008106095,3.7204140631215923,4.980635924743755,12.45543799059732,-0.32458374723791883,6.965403471248492,4.195351185330321,3.080277763732843,4.736105860237562,5.386086469250064,4.826564577115433,7.17292736630354,8.054471243279323,5.442910650984519,6.072997295750038,4.115748633231438,2.1801850150738447,4.59545423835516,2.5621465913419215,4.49076118926917,3.110480801761151,2.15774517910821,1.3578710385731292,3.133721646240779,3.3828691827399404,4.147320118120737,6.906838545841833,8.590347606582304,5.8520698670098295,3.1890410916613683,3.263992321597677,3.1601403834564348,4.636152050111978,4.179136926574367,3.299761189094611,3.606237025771826,3.5756154005016585,8.812932999219212,3.9741025635706535,5.346699595877102,4.556715932914187,4.496792329847814,3.8098119700593607,12.10956266266959,1.8719125073536163,2.4961972781590043,6.0444226971694395,2.3169938511082124,3.9379814232566543,4.9771207722702195,3.642617458956583,6.969206528099522,5.64576162419149,5.995212030197891,3.6891488573380897,8.33588074727782,4.06545199347394,7.497719233376641,4.454683242525377,6.539256936258508,6.010963189389023,4.1110030055046085,4.275287820292374,3.885779130033086,5.958487874695236,4.12631144715207,1.9827380349859596,4.779226677758351,3.4608418860605803,2.0259044830288198,4.103358457769665,2.6570981998528755,7.569877245596474,2.316168142216547,1.1296982733266694,9.904348370432851,6.85366121453366,6.259548472879188,8.25905770584941,5.380738049532691,3.2515799519206814,5.383965748122762,4.943537118099631,4.195043643244675,3.2864741461617597,5.20315535621984,4.341809258982539,3.712916334638638,3.0509651307548773,4.285891301278027,6.094003068283202,6.260477142248837,2.2701790062444553,4.240806178109987,4.551461135276729,2.4045572749205983,7.181289956186499,8.99753097040313,4.648677768771136,4.964421008314405,2.2111496285136263,2.2197173706122832,6.80917152762413,3.883115194950783,1.4568633232797896,7.573238673074437,2.7043587743703807,7.355915680101938,1.860895319921631,2.614217885157893,5.369543384281652,7.7465675453522405,4.969394973080071,4.911160883626768,5.440875123068689,2.461601918935779,4.749039865737517,3.5806541265121528,6.883837650503433,7.357860095000693,5.400170227353064,6.275165061546224,4.621791468347824,5.912176362105779,3.889867931817259,3.688462972960302
2035,6.325932989615418,4.787334772092959,7.13506602346897,10.095132935898642,7.0959978686911755,6.478326044311484,5.754429547808,4.527365770510263,4.8381149900811025,4.906404514185022,2.8115075030497154,5.314546969745839,7.45472905188799,5.4913370442792875,6.528804763512954,5.862952131032942,5.912704495553461,6.0942215110574445,5.109130610951353,3.5391972294875544,5.050079706577318,6.902105985369001,6.943446041004999,7.873234709884439,8.910546472881526,9.52401273463454,2.847264019612756,7.603896070378171,9.176841914866655,4.624048041339429,9.01809730508498,9.338320421321054,4.921851327589579,5.224855310576302,3.30337572438376,3.9251958743818793,4.359115084899327,6.540887244897235,6.479350642647063,5.375044262515648,5.271928708787478,5.031844207750902,5.598475441868817,5.0192094690033375,12.198708956582209,-0.27944991331979896,8.120252191381795,5.969666947331279,4.967844299120561,5.800635125807356,4.881355630180669,5.889027771260588,6.689160279078143,7.342963952677588,6.907851350413899,6.629174095817975,5.793701256705182,3.1513574553387524,6.114427560035673,2.5844620517322006,5.016206817541804,3.1325053583298432,3.8867103629878597,2.899096936626092,4.049407186811522,5.26292053838926,5.92528078242072,6.43367048970291,9.723511607306342,5.542815514334613,4.215049461062469,3.3271932254944545,5.07744703037398,6.341586024420604,4.2536574047591005,5.033252058497496,5.361527551271554,5.305484223152912,8.752515093875784,5.696209480719905,6.678974069016321,4.58090102381206,6.208230178271021,3.843271311851483,11.823018326078142,3.625497576221822,4.4082611865231,5.988075979266849,4.261394640736813,5.717767825190514,6.634586703351569,5.330462232019219,6.425430316584449,7.168908068324838,5.54537929722241,3.6335489859538415,7.95716377039041,4.094598005219762,7.020198883941132,6.14469975906291,7.913787347317807,5.5753354640411485,4.137337465690718,5.0797493679182875,4.04303897768259,5.444186392479712,5.139681664747849,3.918432743208749,4.807535840597535,3.5022610654788373,3.011916363026416,5.744294658303263,4.381232994794849,8.71453287473747,2.372648820706776,1.8735272242887204,9.323598455957004,8.074227269206727,7.659395466532026,7.844416380354336,4.87045581809112,4.707086973211595,6.528788179318821,5.917459261896355,5.865113470703365,4.564160366143497,5.21840395714556,6.103366689596857,5.550243000473295,3.961739299659218,5.238604451024107,7.672370492879834,5.807285348698499,4.0204765773245255,5.949356053583323,4.130310587851066,4.242305589380807,8.405271785174099,9.993517564024245,6.300573092486176,6.548244336247445,4.106468423352845,4.02811881176063,6.327651783611094,5.626744501612015,1.6751598994646737,7.083800629100631,4.4426111668348325,6.928296172099985,3.577844238893262,3.181696298053223,6.982059884071352,7.257775047421455,4.542892789202082,6.543533203218662,7.01137969749314,4.42365367284843,4.7875910710011205,3.6135164026703124,6.400041026409187,6.870145143781388,4.8832945229086535,5.822006178647281,6.251596259671664,7.22464552404625,3.9607895140669185,5.565298098485384
2036,2.2106008783914133,0.6223824851480976,3.860012809958841,7.153538871130773,4.210101338582381,2.6598247574908362,3.0546493709087352,1.1301176667213442,0.5932314096816963,1.6192224102360862,-2.354088747501375,1.482780570643288,4.509759884487308,2.214550129856384,3.6363125854304883,3.057224909748354,2.2898086803300033,2.4365720609469075,1.2224733207906984,-0.878124651525703,2.346709163699831,3.173100854882173,3.9634608362402233,4.993472274978247,5.909825258276294,6.6002786022211835,-0.6205133999032612,4.547583791187835,6.252169659733772,0.8065115858401571,6.128419845231941,6.423608330105032,2.0549435347318616,1.4316478478057029,-1.728123710158149,1.0153411639588217,0.9393643123762946,3.5864003605076213,2.4992259947583078,1.6511156252452328,2.1212657643215977,2.1485836054597574,1.7444336227008277,1.7843944179692433,9.463180304957287,-4.078980716850078,4.948531704954803,2.2020228181566495,0.9661078538213468,0.9535146700484416,2.0387583840106207,1.0800014604415202,3.9291870330061216,4.15519071242639,3.9547595771827893,2.781776797132833,2.425944922651565,-1.8389699451625354,2.6409024762255786,-0.8167129139815054,1.9985665936555197,-0.2154539825660816,-0.34434132001229706,-1.6355891254863564,-0.7405075840119807,1.4063469882522301,2.2008849429232726,3.741575109958648,6.734268351431406,2.7654508301189957,0.615149507778031,-0.20527426941053967,1.148567805545671,2.6094579670844342,1.300277463027411,0.8048809451716287,1.7841435883726409,1.8803774084363685,4.911300590634345,2.052808734082748,3.033607397334916,1.2720405429601662,2.213857695247444,0.5504722074738587,8.997283795050214,-0.2665690745626184,0.32814072828207785,2.7097123448337848,0.1446324306407134,1.8597094120723852,2.9920371224837647,1.9879665834563118,3.4834183024508616,4.1237640438601355,2.8752833928380688,0.29338432486567995,5.104423319016182,0.6889840071754803,4.334960756983077,2.8024026972906926,4.662601368448566,2.863255204473223,0.7272269514522407,1.9152510804789422,0.6590147495269765,2.532975076990469,0.32084368020296106,-0.193273250971522,1.5551561985697069,-0.043046639221054485,-1.9197946071624747,2.48511820605823,0.17699923302446158,5.508748058181456,-1.154857291068348,-2.852983911122594,6.383276178155628,4.722576460135835,4.8220163190737395,5.0016850041491665,1.8692987578255742,0.9128502168825708,3.2467970934297354,1.277012946030925,2.557919977605343,1.3192722533430365,1.9404446884989734,1.9118857915912368,1.7679089520658762,-0.24051250049046077,1.641635177390916,4.574770508493693,3.1198384949139206,-0.21722544601985497,1.743409435663905,1.2844854882785253,0.28393056009497064,5.068854352831843,7.162689652919233,2.786129225577628,3.3865958041378432,0.0351057723696728,0.1425796755722604,3.4947012335062033,1.3846861115523745,-2.1287834948727045,4.290066213267191,0.18224296697548328,4.154294026323728,-0.6523013068096974,-1.233996011848959,3.5870817560968655,4.538718878797123,1.7211920696044625,3.30234810284206,3.8884646091876287,0.41900685259274084,1.412832128575871,0.22164668440818908,3.721704043660847,4.105775623449261,1.9541449444634567,3.1107726267405904,3.0146973249103364,3.6141681500843603,0.6420112196888237,1.0866112095969074
2037,5.353032150438852,3.952451279652969,7.047776342715539,10.885877401488168,7.149695582049233,6.8361134951135964,5.90635896367686,3.8725134777171264,3.8528805994561774,4.291224071170604,1.6450565007648295,5.0619488137108934,7.393989664103305,5.073402716858049,6.642992102674076,6.0079039152179465,5.677006056159736,5.856975598340587,4.869134600899586,2.5236996879002853,5.220499882208451,6.602620829854694,7.397958054712839,7.821954233625104,9.154205948114395,9.852847684281214,2.187507141487941,7.578901671405351,9.434508899918624,4.39558375605515,9.84195243545941,9.34823326386977,4.977426907366942,4.983646315549102,2.2045357455632515,4.063100842492922,3.7630862835262486,6.781502923369408,5.923502551657813,5.1477162818823565,5.239247760762061,5.0362347607101725,5.350932183861734,4.386914571081956,13.595818025725228,-0.9555498440882989,8.448881151986173,5.69953575270982,4.698001095333268,4.616913835278579,5.041354269640786,4.708705028864956,6.798001136524334,8.449999774566727,6.824279582896275,5.774093978958469,5.680412497265002,2.0599223156060473,6.22538256325892,1.9362958082131019,5.03813615651535,2.4694842143782525,2.8900511188166487,1.8558473435895793,3.03234424442053,5.020832274109124,5.700752400393995,6.554423488889423,10.111275475365774,5.460963274219207,3.8759185246591064,2.6517242704119006,4.839287569054537,6.102481169360029,4.325794923411947,4.030946458663259,5.191998721293307,5.2119309936250975,8.362805341609883,5.473070724667713,7.0312564249549565,3.897459701448679,5.571065302299601,3.2268156858427166,13.269596276964457,3.3893326961036268,4.15544940334595,5.511373167378561,3.998359877403295,5.464982255335365,6.3958552420538455,5.209377837606837,6.670406763574906,7.094421763824563,5.707816000176328,3.077926722381796,8.00833395017045,3.453578968771867,7.1132865445954465,6.0851913626172704,8.099091032386895,5.722932962966817,3.497124566989284,5.077456583082674,3.4919806039759105,5.5699758565851605,3.9911134716588994,3.661419829300475,4.155440880038909,2.8674199334212718,1.959620928285379,5.649759028639112,3.376318485715558,9.0185812097575,1.7185692974499291,0.8221697384225468,10.170533668356283,8.414482151397639,7.57279673144221,7.895388145957674,5.020077899098395,4.378219620404497,6.72243014470275,4.832342897674868,5.7718840135527545,4.493909157173974,4.655815298642433,5.2787223470530344,5.307283265143634,3.1422132427138942,4.807795343760933,7.599849878677299,5.945684471832855,3.016976019527232,4.959940959180573,4.275235740627562,4.0092772316187615,8.711364077377535,10.35389697551727,6.091367536251034,6.473280484495419,3.8693769825888538,3.8119565652949476,6.460246642040356,4.620327346665518,0.9612346074410847,7.171977259857316,3.4516138679214876,7.057625494258744,2.5818555842552886,2.2864594630364854,6.7693138224738005,7.568279435166293,4.6876332765179,6.467471083572934,6.936328417701382,4.170963114712921,4.133308253463891,2.9481936439871794,6.541122043132784,7.2998600570485,5.034459094490326,6.040189745011074,6.18472792921322,7.592423848594941,3.3620259806164516,4.482371110149792
2038,4.654577392113532,3.117313268035649,5.716466642277581,9.082504310778209,5.6537699947932,4.785653836067233,4.43620776523437,3.0074429990989797,3.1325500756502147,3.3533543820892056,0.728945905395916,3.8282786126248554,6.203763085976247,4.38103387781552,5.113898001185482,4.483162806076665,4.508426915002724,4.699701232569561,3.5935266128608156,1.809492016690119,3.771730747818946,5.964199813348905,5.653478946856088,6.638969237357378,7.624234939353277,8.78348922772067,1.3200411294187806,6.277298292038697,7.912975935425081,3.140217192683902,8.054835219042644,7.93535300817873,3.577433707458632,3.7434976467064467,1.3508640311658378,2.5368620889527453,2.8466614179180154,5.575906473129621,4.922210337407887,3.945040354345526,3.8356719288442815,3.6268395145024557,4.094304366835529,3.564610553479619,11.598193335533148,-1.9665800005197533,6.759129908607742,4.4640635237097746,3.4070297581808897,3.8088166211332593,3.477534740311761,3.932501151732037,5.3050233764307855,6.29530861079693,5.654027088837964,5.021859846583436,4.360887289685863,1.2003284290432938,4.583781108260153,1.0575757299416801,3.6206546040517944,1.5994148912174375,2.1830974127565117,1.103649298021836,2.2076709747314496,3.7514679397855493,4.463420866004057,5.083992868129698,8.619064342975616,4.2298390160713835,2.751347698484149,1.7357242341552472,3.47783321908542,4.913190762379341,2.8679163599120736,3.306587507256439,3.892659459795271,3.791456639766695,8.256680265494758,4.312807398608751,5.081357867802893,3.0326877628053945,4.636224939035518,2.3928729155233937,11.19008242828505,2.149193355880143,2.83426964708737,4.821428227637494,2.6649355854306935,4.22344405736242,5.2466354625565685,3.84513566834586,5.263671317144431,5.878686611035045,4.249356400115148,2.0762423796313154,6.552889679798057,2.5881647625289483,5.6694871876521855,4.691149444452354,6.497076373986366,4.265994905148233,2.6116655447653354,3.648166110566152,2.552374778475081,3.997265874913758,3.199998341075013,2.332446922415071,3.3141070885317694,1.9220746355397331,1.1377175824982761,4.30511817453163,2.6947921254805163,7.330276129926952,0.8141346774729235,-0.05511063634351126,8.334125573294505,6.6052170832242325,6.457437385192939,6.440165243191383,3.3856283900993227,3.180924216764315,5.119976897324835,4.055106002704373,4.430242386194213,3.1225288612501947,3.722772587835792,4.428463618244446,4.065403459221125,2.2712618353111402,3.753994866992745,6.322234806458334,4.481831522924559,2.282702738898141,4.252389527431558,2.766465204954148,2.7286173777920877,6.942317074963026,8.837269142376526,4.969635580054354,5.193636035067694,2.55015422276088,2.5353795886039743,4.936488847091926,3.902771592778817,0.03511510661670183,5.673346437407398,2.7294151823435513,5.577585068557947,1.880002189534052,1.379351239119258,5.680789928617224,6.031603673419779,3.192746233580901,5.156808181479576,5.677583040243814,2.844714028068953,3.2587544185774715,2.0829533734491887,5.056337995614325,5.70695364900998,3.4451267866151665,4.552573029271193,4.83928879169481,5.641725682147914,2.5039531831230426,3.6703877596450694
2039,2.0240939736366266,0.49034914353063946,3.982250932710512,6.800097543001174,3.901324023306372,2.6786475020128178,2.6553596049547212,0.5991405530167463,0.3650894414101321,1.221382318224226,-2.629474429147587,1.6200495674141795,4.6016820567527,1.6059315488806756,3.233713289243829,2.670368092538724,2.42095933156088,2.538225167776858,1.330166210500257,-1.2213178781526421,1.8610800666468512,3.081260271796159,3.653309823146888,5.0894314220973405,5.915650887148723,6.076786406976835,-1.2921710050531812,4.669163326280461,6.1947700941136885,0.9124345911400671,5.799467615144595,5.935004561075145,1.533973873193775,1.5686244379729026,-2.022610124892421,0.424660814872808,0.5109922801809661,3.0782534008380043,2.487301972401992,1.7602119503276716,2.0573017039469312,1.7312733186142746,1.8693975833909873,1.320343805210933,9.324948281049732,-4.928693968057633,4.905135563441687,2.3093153499066825,1.1160375060779728,0.7118315581498422,1.6376748634236165,0.8468091982017681,3.6476827553340407,3.834013261699254,4.025112592588579,2.41335253917745,2.5712541736662415,-2.1682549208402637,2.764767871158462,-1.4605148647379664,1.8341092153053178,-0.7727710021393628,-0.6184393545878771,-2.008759495190214,-1.0161342529313915,1.572002498592648,2.371913128559075,3.4324379311076223,6.725739966652221,2.375749375138967,0.488129535423857,-0.7855233253645039,1.315221026859114,2.7060745773471107,0.9089884109262906,0.6237720116440736,1.9218461960554147,2.074899530410763,4.305250437344822,2.1512045702763967,3.054189097774877,0.8352765528219074,2.1408606767920526,-0.025084409649884065,8.847489848945823,-0.23151480810982708,0.45548144898244003,2.1869655225958144,0.28795913436583076,1.9638009118157396,3.0805972422606183,2.122762903996874,3.0576260438987157,4.199181245799574,2.456415221733707,-0.1704585886427351,4.673748702236585,0.15653147612299254,4.076418441188124,2.975910831987861,4.716724407353573,2.4295538561684733,0.21747558872614384,1.7669662590537742,0.21030558991645185,2.189540830254553,0.07809999531933154,-0.06622743904590657,1.1183042382688373,-0.6568894195769496,-2.354153273361071,2.6733905685533372,-0.07515349984168854,5.480770043815884,-1.864848998188972,-3.322700192247119,6.048008254915479,4.711336135864256,4.874523712428553,4.625638841731207,1.498602680223333,0.8966638276619552,3.2748504561505145,1.0358659478170527,2.6715342098048755,1.2789149417408876,1.4798719022955233,1.7855832010773673,1.905264399519989,-0.5937361346823846,1.451544355494634,4.712391667493752,2.695381232084975,-0.45048752996538377,1.5382110445627137,0.7269657163747693,0.38911850133112386,5.050150639670234,7.111465311316506,2.8940051619495657,3.507502756062817,0.13672872121844812,0.2534199007919872,3.1327851809561262,1.2078790909477646,-2.8178470468946837,4.027713988508497,-0.06007822006940801,3.7506871227707164,-0.9503265852374702,-1.714644845468661,3.699717312412601,4.212715279630255,1.2069786297423537,3.425486338990075,3.9704051728759495,0.603403517603876,0.9406582125595632,-0.34805044659546597,3.3980059569435426,3.742913246367657,1.5962475305689223,2.7069785871676024,3.1855408843074526,3.606235658164534,0.002114783387101734,0.9446020320057873
2040,4.225042870640754,2.710405584318297,5.257894177734853,7.5276533876146585,4.643931563411442,3.680682208708356,3.4615675875118823,2.0502942839670646,2.7276153896203534,2.4640799654381627,-0.9117421443973283,3.378094684680192,5.782081714166062,3.25842020068584,4.066090153796332,3.484137041441032,4.071151508284466,4.268419480350401,3.143371770530939,1.0923883052276724,2.7492582277527875,5.3096851327589585,4.408354398182461,6.227119823811308,6.86460377084357,7.284923287481071,0.3810213338051537,5.830955248219627,7.041222804518677,2.709411250693459,6.54452545025519,6.829299368815766,2.519801626853378,3.287648782240493,-0.2645629686436488,1.4448556184768684,1.985167684618915,4.250028094223567,4.463747943405594,3.4932930648592975,3.198701969853471,2.639704328349657,3.6315656215634324,2.6633999548553096,10.018907938684736,-2.969879718337743,5.8206736283376825,3.9874070815209817,2.95775159075856,2.2693539249045513,2.4664042208875907,2.3811527852501198,4.337885719963483,4.649977919033597,5.250967300576823,3.8557928313102057,3.9219668387834483,-0.3953731387853617,3.867669868203145,0.15977539877806562,2.88438406693084,0.7094019039400971,1.8080095725400094,0.4005995967558428,0.6700022314275992,3.301116472056933,4.0179861085755455,4.140604456194811,7.799999737526693,3.312919380196504,2.143944903782433,0.7961612024477567,3.023306866522345,4.468269340693954,1.9648990448032082,2.8964057854243697,3.4625778670821887,3.343825851254433,6.5703289363001085,3.8692971581127478,4.023111554554531,2.1713390346084323,4.18615354512419,1.4872919010264547,9.580582311323711,1.745949833733694,2.3680656790733376,3.7186546870640353,2.190535422095231,3.773147618983473,4.815251148704974,3.414495361090771,4.034507703488426,5.447804096979759,3.270129021682909,1.155349422352654,5.502284594093052,1.6605487746851795,4.734221250670296,4.230910928760257,5.751102466029776,3.265254016433439,1.6960606838975627,2.929528811786856,1.704189220709462,2.968159066353529,1.6544377169438782,1.871605331982881,2.4432321608066556,0.9698529796940965,-0.37505005385194523,3.8873640026365033,2.3018236060227673,6.351554706479824,-0.1337283447917017,-1.5043084996087208,6.7888982625944285,5.631243768760133,6.067376475887639,5.402131555122987,2.3147491948945174,2.637443408376671,4.304456994150367,2.57449542688472,3.9784324131906033,2.566393945046832,2.777321859395928,3.986106239897866,3.6248254956677552,1.2836681243830501,3.056881953669445,5.890534060129098,3.5168448439666204,1.9208411716989109,3.826015166725433,1.7059091178434265,2.289069883418933,5.963786928089604,7.963759535338199,4.539192427814541,4.762301502323578,2.095952029792326,2.1213070601224873,3.921915915182662,3.4778408199016546,-1.0245628086717,4.6990201856408795,2.3388141590037526,4.568026883155108,1.5085964539221355,0.04936151568378782,5.2594042320336625,4.942362571401252,2.1457160038607497,4.705948745565755,5.251170408725741,2.387732881094731,2.3306215411850393,1.1722918352910436,4.114916188376291,4.503231004093375,2.4066760267530136,3.5142581381968085,4.4041778848639535,4.585540701661793,1.602483010292054,3.2318948875580507
2041,4.566404424900455,3.131294763939721,5.451904946911548,8.833668997138739,5.339875149726867,4.892198434897833,4.100020200865615,2.9234321356884103,3.0831275505678994,3.270021018811637,0.24546113737991737,3.9791324630446168,5.954082797680583,4.010454680238448,4.761465285505571,4.13375469148159,4.640880193188785,4.8514078163941,3.762883638058389,1.5670490478830683,3.4089676397187363,5.713097964626338,5.342476427129338,6.408959972432681,7.5920886425035325,8.06094391665288,1.2973289771803804,6.025880590134435,7.980544387442725,3.291026826628619,7.809118296844619,7.618291588127613,3.237591767311097,3.888227341696618,0.8453571034329274,2.1635425044489747,2.7894432757581993,4.977583253064326,5.000400706274166,4.094453437945674,3.523696675045148,3.3410554826259595,4.212928803903715,3.470483121275902,11.491645131792342,-1.959267611801624,6.829749149722712,4.5697804636188915,3.5581040378127784,3.3033348511372296,3.1277059708322787,3.4012589089173284,4.96558253126485,5.996190348906176,5.435227605886757,4.73763953000307,4.183101063115257,0.7171549067400134,4.445350871448007,1.0198454993111747,3.2824820856962864,1.5238456396119944,2.1126050697905705,0.8539479671844419,1.7129233298557167,3.901199244601386,4.609412232706589,4.75630605135645,8.55690851850169,3.97103045114449,2.795302938164345,1.713325979879925,3.5673620590141844,5.080774332370079,2.518872453698092,3.2594782088484062,3.8550494974212985,3.4545054444244943,7.134265493920871,4.46158748891737,5.161041545867918,2.96506864683969,4.67894298647131,2.3370709653411597,11.091096878051761,2.2756568849086753,2.988443499377798,4.461075099876951,2.80750888500895,4.3958566667245975,5.409192119751659,3.5757920027843553,4.744849342533521,5.629143831985339,3.8990960470267697,1.9373857960104914,6.23113685910191,2.5191249585577413,5.34280152735966,4.360066364492691,6.411816959322563,3.896946540049145,2.5573010425216416,3.365278264028684,2.486080675252843,3.6346506203923905,2.683475598692896,2.465198346653154,3.2460775128432706,1.8889680372817188,0.6533662033932551,4.002535149667945,2.640125631860325,7.411128915393994,0.806898007222585,-0.40622398725577674,8.079486601693286,6.683258896321059,6.264182998825397,6.131525454071483,2.9977389964674166,3.287842960229944,4.969044645769257,3.5631844503006764,4.16563200737749,2.848312023594712,3.5969217247728773,4.4231592473440955,4.232245001196861,2.0740631220596173,3.7868253920759467,6.0430928642196315,4.159789931774141,2.2230096744639516,4.188941583143817,2.4039112259766875,2.8709976206932772,7.0227551931249295,8.864485279151374,5.1024246446788295,4.946415077149866,2.6947054255221565,2.66918569803238,4.582346533558198,3.8890115278107786,-0.037304364996296996,5.351310261551825,2.675583941595896,5.240463745168279,1.7800414296399276,1.0966982694608827,5.819740150868891,5.726659383518355,2.8164435776216648,4.856308553973212,5.417398463189606,2.9914562868220473,3.163279472477735,2.04975783569472,4.719731566309929,5.377989215403795,3.0648252805162732,4.200508385045188,4.5243768359933565,5.7327219999262296,2.4800944715738305,3.6289808818272187
2042,5.308056933805346,3.839033856987954,5.935676174504416,9.55604870745114,5.83102994135448,4.805779649317269,4.589686139779431,3.457729348540307,3.9036315092018703,3.791884297964031,1.345127982326916,4.37167171197278,6.398272059485316,4.839522623377187,5.2495820052655695,4.628187012672426,4.97906721191747,5.212246165850335,4.1438172612871425,2.5185489912118215,3.9002569439687917,6.292000626453331,5.97089239965592,6.8513389397944735,7.683290459109206,9.0763025952237,1.8265883841684873,6.498761320114137,7.91578924387161,3.699681996021953,8.46916199156216,8.084576451139794,3.731015831019198,4.249098978298052,1.9566991191889551,2.6683987519570773,3.311418803461959,5.849063882923552,5.494705275978361,4.453598776273428,4.039988458795204,3.839233666232654,4.63890022124563,3.977867175372585,11.927854091780526,-1.3291088500193176,6.740324401003975,4.975979874815263,3.9927318630473962,4.289679429360799,3.635995936393741,4.388283496669359,5.4454497162784845,6.8243028312921545,5.856085204013758,5.434769462687628,4.644747652113437,1.812601409639629,4.687956447047847,1.5604694877618117,3.7932408948029797,2.05653338262013,2.9655450223812054,1.850817064807885,2.7778450176119787,4.279211586394483,4.957406681776049,5.225669204656566,8.675983219487328,4.460199261350287,3.2795828893780685,2.256771168964249,3.948764168364663,5.423695244107928,3.026935631888253,4.0440155263458,4.284890571655703,4.0052495309284755,8.886047057594574,4.810135361339363,5.068282831566679,3.4845118023987314,5.242392273619773,2.8531278197254473,11.579057809284762,2.7590308044704472,3.431270339872156,5.251956985811036,3.267390509162631,4.771974571049213,5.747057156131736,4.110364893717427,5.470915664313362,6.076089040562509,4.383450379541941,2.484026437146323,6.692041610074895,3.046981225269185,5.803684601813022,4.90175811371633,6.6047244491321715,4.3817031820969925,3.0866370198982094,3.8754000482814654,3.0438799800617367,4.145892943228995,3.687932357458134,2.9407901872481617,3.7476280965975346,2.472813959845475,1.7704897754958706,4.528576461651496,3.4568893018577764,7.326074699738193,1.3687344108309063,0.5356234600501398,8.822470271587372,6.621751221375805,6.663443043828008,6.598619672443188,3.5296170864786403,3.7259566362415035,5.244269750719627,4.53066732968603,4.674130153656008,3.375830989863191,4.12102604742561,5.111532379686832,4.601851256404602,2.877361508778162,4.241586045707977,6.543608606659945,4.635515917624744,3.0692908929927043,4.955463562905791,2.9100632965564737,3.3167764943492184,6.952005574958665,8.806283215114048,5.432948432942587,5.400787256445204,3.154413142587459,3.1240194368575325,5.076923813218517,4.654427392993655,0.6138542013508932,5.832590311047223,3.5142081033970647,5.719199206413968,2.6566216197397026,1.9835242588605215,6.129459383245556,6.2524397179484374,3.3192923111575015,5.343674453880108,5.881956620557633,3.387768906787305,3.6927487162607067,2.5716303063290473,5.19019239395857,5.951489944676205,3.591420975753239,4.708436562120917,5.048673885395486,5.660367828913568,2.988328161356703,4.411562278015271
2043,5.7647367967026595,4.26699523500034,6.492626890752997,9.293685785255265,6.075137161357065,5.666220805474691,4.812452519365719,3.81468228016581,4.297198992116107,4.171400828120697,1.8088679066726125,4.7606524880443315,6.895319241391764,4.820006967655252,5.4819607687847975,4.87924039321286,5.426375772271838,5.536927294837579,4.612996205687523,2.9193121169294636,4.0928403603179095,6.523609789354457,5.989213157551629,7.304225980823062,8.283368121726172,8.726344584247895,2.081780143720763,7.004571564548787,8.525856266809365,4.1102823640618995,8.190476396467005,8.2144260663007,3.956556055854477,4.73652605904,2.3038585170039108,2.9017615352358135,3.6488104675497346,5.677810193385396,5.88380788766912,4.889890066640719,4.510542536207608,4.098370601875442,5.084557247421304,4.324329638654097,12.052990705626351,-1.111199096483845,7.4220197675483535,5.437260458299092,4.394863674896104,4.794111769539971,3.902677294824806,4.8599855329309225,5.727928439421311,6.478034679724705,6.296374214121277,5.782624528982809,5.18831123837403,2.175287295558623,5.4187935590744,1.8367757661002015,4.194220633591925,2.401128012793404,3.364510821018901,2.232774204042341,3.124580184902467,4.807310520338696,5.422270819544797,5.512195760011674,9.1687858731885,4.7188411449747445,3.668974422131264,2.553730601923806,4.501416045320885,5.731002534792893,3.326758028779712,4.4820213959685375,4.811127263733319,4.682828462123872,7.998466029976096,5.189117746693749,5.908761631112015,3.8496103154761436,5.624691451979533,3.1312474857483585,11.662624866621833,3.1238893038418634,3.8158543565975767,5.301365363651087,3.6836645453103976,5.0928518797670055,6.039088954457213,4.688933702877595,5.476872127077411,6.578371009549924,4.61464334577322,2.838049227850778,6.8989134908786856,3.366064506343432,6.096186793249634,5.527911477961709,7.24491549687726,4.628392137374194,3.4079169175454544,4.2757466995290345,3.359583702683448,4.421023193427498,4.138496906310321,3.3476044699549674,4.103835313660759,2.7201798570475404,2.0565587875034126,5.142431371126857,3.880189521878494,8.021659152688727,1.5917551074709217,0.8417996129287135,8.500914740136695,7.354795128958568,7.0625987058835955,6.814878500785146,3.800435655883381,4.14219432664769,5.831261979469229,4.9596354039652,5.216788110456297,3.842033417522909,4.486800440094833,5.522912821173668,5.083411959771601,3.262139645218849,4.651212269067764,7.046755819235528,4.888715356801239,3.4893062514918185,5.3850295088653075,3.138901880596363,3.682745832417694,7.67819642105273,9.38553134075233,5.799594295290962,5.929685442362514,3.515883563485527,3.516604012250901,5.327932168490118,5.092394921609331,0.8271516110215889,6.106179978911369,3.9036617990051,5.949345826457389,3.0600520406450555,2.2615325142230294,6.501884152898232,6.359412707814146,3.5505978247949073,5.960576472537857,6.411918133284364,3.937870222330096,4.067637100815776,2.8863490479333085,5.476925663437162,5.970989113620346,3.849679508273091,4.892298636691909,5.652310485499246,6.444415643917666,3.2372330720935567,4.987409834776603
2044,6.177998298406602,4.75250870904752,7.7842073571469115,10.521028975929536,7.079284016042949,7.305376687326603,5.843980040720531,4.550366849132947,4.737962956513677,4.8803976560676725,2.2470034688711187,5.544220029429663,8.079898658926998,5.792461606008667,6.566642246235692,5.941387936685766,6.153814975704467,6.310804806436811,5.369398944292753,3.360778992197343,5.15192893913814,7.576102300387408,7.1925035154180845,8.475274290357314,9.590001563089237,10.026678566421781,2.826404190063476,8.25121891615646,9.777324947980901,4.88464684741838,9.49983855937608,9.25241935378206,4.9758850521274995,5.489133258802549,2.7968871870211216,3.9683675721287694,4.41243804097176,6.937095118686559,6.523228994863376,5.64184918786798,5.723218945094518,5.079207285653273,5.882961710116697,5.045139050803017,13.272183874675209,-0.28418332402194973,8.80624514552099,6.229053467725006,5.208648074844055,5.197433139756326,4.963399990648033,5.287309211066793,6.73310843482614,8.026242791754859,7.502851242997814,6.347246145776342,6.379380318522454,2.6419829234480834,6.860558841004965,2.5797182572739477,5.346480556471008,3.1408250766540204,3.7923682216022665,2.6929829706038757,3.5978344389370482,5.542852019851226,6.162842749232157,6.48046126413558,10.551333205189021,5.6330186679793,4.435504303446836,3.2929520317486336,5.41708100374256,6.529957609942983,4.4338739337665665,4.897987098566124,5.829097403798783,6.044536860074318,9.283398600135534,5.942370929489181,7.487223202841621,4.5562991525445655,6.226550059685749,3.8616496854594775,12.919883298873904,3.897744981465596,4.673421927860805,6.2259338621582305,4.5327724719686175,5.91223600081035,6.8251339446753265,5.981909223965236,6.6923359457935625,7.7934440127706965,5.648736387278352,3.635139597739496,7.935024663167345,4.122511000385771,7.032797307627545,6.880321488635882,8.624882989057474,5.6624246618577425,4.161750331095284,5.467186185611146,4.148704370004792,5.49193719859634,4.575584538706716,4.204597191512583,4.8068083086184075,3.501322563418317,2.556093374320441,6.431178483579843,4.284160783461163,9.380671047791841,2.3413984784058157,1.4255482454385078,9.796124058110374,8.81630705105407,8.215836802976472,7.817517114537105,4.958670932906018,4.913434824347494,7.19462175135102,5.3895262287131365,6.5234598018229,5.104372074561462,5.253843024852018,6.0439319244452925,5.804490775827849,3.8388917029436147,5.396486900108199,8.295476666731494,5.86566435630832,3.9085600649671886,5.817197525394813,4.187420137439458,4.511865642666819,9.112490868036232,10.685239000192711,6.5344434732305166,7.189118113688063,4.38643786470805,4.322252862581183,6.395184828979633,5.495052351589716,1.5646522112190755,7.100173499328747,4.343562515066674,7.001640007751329,3.486702217800276,2.8827995577028833,7.190649377075686,7.417591568827632,4.608815241498608,7.239189945799964,7.654658122493752,4.732155481938808,4.8160191527434755,3.5870212481490213,6.474923527240751,7.103755264409949,4.958911991758004,5.9341637665672,6.960656172888619,8.0263472661376,3.9739676684141165,5.335252167071618
2045,3.7317788792508013,2.1937857583231697,4.701013342849909,8.463855231393666,5.455252503177949,3.7375798319067264,4.222017780372075,2.799473309942652,2.1954792831625265,3.276825733269963,0.13872388729027263,2.856797904840538,5.2900867589882425,4.259486053671155,4.857890247340715,4.270501175043843,3.6056571103632455,3.750355454427857,2.6501684477286704,1.0080571248595207,3.4590252126966194,4.66115525194577,5.315308895174945,5.744397430547648,6.728401402916229,8.527827280546937,1.0525048153741041,5.343973681330679,7.0299635080354586,2.2313759938348063,7.420646048443659,7.463487682012577,3.2015674479837917,2.81767574852066,0.6859319725206889,2.151484283166274,2.6002515277692257,5.349917529736245,3.9399938995949926,3.0203006631561697,3.0750220311539502,3.4264104657939476,3.095122021596345,3.4080418443041194,10.511165094375613,-2.2708921370761734,5.806102436864085,3.5124582767486565,2.3821849209921675,3.2900485502520103,3.286717071330972,3.380967731135233,5.163155686855318,5.733654629651992,4.723344186799866,4.652751504097666,3.4014313748904663,0.5685517881597779,3.5964862561651647,0.8654329038092079,3.0057645142078417,1.4624930323766827,1.2955814540386221,0.22177520404969098,1.6087077914071948,2.845195682133946,3.5571482236896252,4.933778223608221,7.659501954487394,4.064387528385437,2.2221949758274238,1.5094593335475255,2.500473787662175,3.9302553351436367,2.3425789396145524,2.3873117978551552,2.960969977932316,2.7954859784671253,7.879108124971388,3.3890440077121777,4.078792284641944,2.957252932872093,3.6570086622876747,2.175127727857658,10.056016066244673,1.230643735187396,1.7869991033204973,4.672435532723156,1.6102987417152985,3.219595091919679,4.284425692632794,2.80883619029607,5.04688661949975,4.913386113515926,4.034057105226178,1.941896496500287,6.243516673227508,2.374739779598478,5.5159169917260975,3.7003595973764147,5.5379268657948275,4.013600954626286,2.420832294012819,2.9029200938131123,2.3867127242897235,3.8186911176357965,2.6363608546555066,1.2760003920112337,3.2117159624184897,1.6848187553031102,0.42252664651189387,3.341884111240506,1.8049396055085303,6.415840714797378,0.5291021609944965,-0.6373181919434221,7.719997789178574,5.654928904771806,5.541282301289693,6.162658458096644,3.193957021832465,2.40466662035989,4.233267599131378,3.524431025236844,3.400598652873719,2.193807329876083,3.5239521497261874,3.442469825223089,3.1531818875244695,1.7401196918317257,3.174790234597667,5.343346428372234,4.265882915258406,1.410280872242789,3.301155027108535,2.4334424949118088,1.7286683407213,5.979729542349065,7.97166136862444,4.077984214786973,4.232072233728,1.4957855641841882,1.6001808937106812,4.728112861846712,2.9563608367528227,-0.324274009479475,5.541188281348775,1.8057384023708964,5.336694025993347,0.9952420183590458,0.8862573121807417,4.809395801808153,5.731661080462592,2.8710116039429385,4.172634496859143,4.702279747916121,1.9031969791278243,3.090598580879825,1.8966013719992967,4.920651267202837,5.318913135251831,3.2339861275894246,4.262466937596245,3.8665845853941767,4.618390806551495,2.2735192307404106,2.7327840027000225
2046,4.783053792374475,3.4935685779367174,6.891373903836521,9.074828026816249,5.9935640891747815,5.93893767808165,4.789957407861948,3.149936497424327,3.285343167611532,3.5884414434432976,0.05481134610516824,4.894839017731799,7.290381306862194,4.311710952701315,5.44023194419486,4.856693873448035,5.548083855637485,5.703359369933608,4.728218301279204,1.739287568415915,4.0659022767628965,6.440860283042175,5.905354189393777,7.701017456395284,8.605097989471895,8.650618875239577,1.4283864627991383,7.393219027136056,8.766256375318129,4.248826622537204,8.1106756316764,8.08060853900388,3.817304209726198,4.848736363117186,0.6480109978999378,2.8130062299115295,3.134814771051917,5.619367105620248,5.536290724921442,5.032551509669113,4.711682276427746,3.9607803566115267,5.203159959294969,3.737667497141023,11.68605915478298,-1.8489967972040156,7.7086975659642905,5.5096756061272965,4.517361495430983,3.200208773570402,3.8630655682512693,3.305492666975728,5.6817934365676965,6.413670071214438,6.719812136249882,4.77914683222771,5.5394368622984205,0.5199537580566757,5.71576635284083,1.2155960284173513,4.330907439121177,1.8020939539585787,2.3478598722389776,1.02139106978263,1.5801039935222714,4.902082361600231,5.512820274808579,5.450302185437512,9.458859437171903,4.534528198838239,3.551565945999961,1.8708943207349105,4.646090538161141,5.8947625282619684,3.3580684167998176,3.459749851056506,5.070548946303986,5.028688958712988,7.447271726812638,5.3541458598205,6.172536358503355,3.2550358014447354,5.156532706426721,2.5292868333203478,11.294734651701795,3.2457388494695927,3.9701629468372874,4.774087296905262,3.816098889282773,5.250551103268351,6.205603373476436,5.026672983422343,5.451638513803481,6.975949416309595,4.593467692072901,2.3199474160160345,6.8037753814033115,2.7448648481629774,6.014079656771248,5.900010053121618,7.557246437455927,4.598077178320716,2.7820786575121565,4.47642416538937,2.89467108298891,4.374118719782151,2.572052852170811,3.496145744834626,3.51938656270504,2.0557241941136986,0.4914941340684888,5.481417148879598,2.841429749290857,8.26092960791928,0.913198544723647,-0.535732092814787,8.345407878181762,7.61924373635224,7.485338807318892,6.709576917971888,3.7866506076284834,4.1091534872140185,6.073680169667511,3.4647261336445783,5.614917792592729,4.152416175603866,3.9176233274596064,4.780447757244107,5.177060624744209,2.253910722051351,4.405438703617879,7.404729943403179,4.822659488793993,2.4614079635058133,4.389439025947027,3.0576480381722946,3.8465570260371496,7.913973935886419,9.720610944713863,5.953652315666634,6.327347103399891,3.69237785360643,3.679971812053449,5.301875634278574,4.04467776737043,0.0018783351140369473,6.044473128659386,2.8871440060436724,5.9276650203125865,2.0377913973161155,1.0214708462623605,6.624775427154134,6.278323175545249,3.4946422108582067,6.342738869786264,6.803487120994506,4.053069851653917,3.4571626888322,2.2285974001511906,5.438782304206066,5.894084875072756,3.8302236280270994,4.833763103080649,6.005391072375433,6.733417153145585,2.6269039141280306,3.836299261450766
2047,7.711496379545761,6.25488467040871,8.83920268544129,12.156378805211618,9.284541488545278,8.493888045421668,7.981191693459232,6.683493688596146,6.312638652005366,7.104331453889611,5.281149101097665,6.769027216519631,9.02903687443052,7.660124770232611,8.817732035262248,8.160395629491125,7.376320863195829,7.43779662826232,6.661768380658969,5.3208205704178155,7.256677754010473,8.242698917644368,9.228331390023232,9.38783184204783,10.508334318708094,11.752272382591451,4.897960036567278,9.23700796536037,10.628167419774192,6.127761235726732,10.984663152694706,11.29552653431892,7.118042972258161,6.771775386469176,5.599666438996786,6.195353721042299,6.45169395399945,8.809999746935707,7.8928031350885135,6.884077068418267,7.102060463705232,7.270961959021435,7.13624527975917,7.165591231254594,14.413355578695027,1.9915723298277166,9.753386408090586,7.485784187999423,6.455497911811939,7.998057781585632,7.244468544423578,8.016416930407287,8.953429062318593,9.797795825770928,8.460090972696026,8.58707124250276,7.466131130619239,5.502209463715549,7.94872117063829,4.671238348792706,6.945134359811038,5.290996095059175,5.377086047588721,4.580840797935212,6.35964626648596,6.84156272082723,7.414117226057817,8.675364351698333,11.34095280511039,7.724091324635914,6.087720736009738,5.438856869723113,6.720062738869869,7.6626943345580765,6.309203540001598,6.479541958655631,6.9995960712432845,7.117788095985139,10.531258611593927,7.130516566016846,8.621021359520293,6.711575523870335,7.614546180622918,5.918792588423408,14.068640425801284,5.160791203991641,5.97127492780398,8.142312531386104,5.845897886316692,7.095992849980082,7.9046137064429285,6.97131900106158,8.780347105434963,8.775965072427478,7.789015775067465,5.85957662803786,10.087263773062405,6.230290896339076,9.20298506681408,7.962715927511454,9.64709096465792,7.806608234133041,6.280472414408416,6.988552059605719,6.27366673786725,7.802784076758793,7.320234648883351,5.520933017986161,6.947190159878564,5.636918970623189,5.220491041482558,7.434823929412028,5.876194367770638,10.394792295353753,4.42345607812916,4.022349468299322,11.38975528052875,9.848189493162286,9.120259280502799,9.957716537586284,7.353515517791469,6.376799045742622,8.350137496633186,8.058007275472795,7.55814186339932,6.321674373745913,7.386660146393946,7.529042460024361,7.064892488079411,6.0992560636784345,7.082815912153042,9.276852493626734,8.026327651739123,5.497819366412505,7.368680044157166,6.387684069094912,5.764716701635294,10.12616815396718,11.489250099658964,7.681225154229574,8.221530549866817,5.682871802337471,5.576006935962606,8.640708933983534,7.056964452458278,3.7676490233412796,9.344783503668655,5.925538448217729,9.185169364112829,5.075873647763261,5.379039519852293,8.306775819403788,9.407183213638408,6.779820760765246,8.294606096936123,8.660306436036317,6.093099206260277,6.983165183876242,5.700177751481532,8.689255559870173,8.973708502735414,7.253442849850815,7.9768187399421455,7.981067607924342,9.136165551894479,6.005095301408853,7.056580919772387
2048,3.5138946607708963,1.913514199852946,4.697374863390413,7.277357470989229,3.9775460064411132,3.6015045536282857,2.8058470734528123,1.222021343026842,1.9442839247839807,1.7334441193512522,-0.9156743243336706,2.5490410282675717,5.275668581229237,2.668986220870698,3.368458974361421,2.811709547894342,3.2731301533324366,3.470938081347515,2.2915957853198066,0.5192729854157998,2.049795081147124,4.4863405810935175,3.9192614561212955,5.750794729377542,6.682979196522918,6.79537696806448,-0.531284775691372,5.34169629588723,6.966254733791412,1.858122962500366,6.320476463649957,6.069337015971543,1.7676710686513337,2.458776975955283,-0.35980283362525006,0.6480137380106124,1.164937122804779,3.6679196006485433,3.6883056381983415,2.679328174250467,2.540719245587074,1.952743630856276,2.7856769868305773,1.9021779931549494,10.505332403949328,-3.979215802039422,5.729155099345372,3.188374832272532,2.077395114568727,2.279585154993195,1.7903851291963033,2.3811280193073423,3.7292239436081496,4.433507516614295,4.716136901373307,3.466330289840699,3.2987872907093574,-0.46379984319210116,3.5125233069062247,-0.7092132951532092,2.210905977232116,-0.09698183664253628,1.0160534601791644,-0.23442518987826041,0.6056324501122757,2.4638733097485144,3.2258319918598475,3.5395096255200267,7.680095259419508,2.6514039363179878,1.3224295978301355,-0.09045393466949435,2.2004772718463608,3.6653230528746374,1.2226796873978216,2.140704821688789,2.733063010658538,2.729824106235593,6.331610712941201,3.0765791164977205,3.9500451624393462,1.4059411653450573,3.4144752259765334,0.6550634260688512,10.058491181050028,0.8563576076711955,1.4627692514232233,3.1252517018999355,1.2798322741474437,2.9422577002218793,4.025642251915168,2.8052935068628617,3.4253936358860555,4.910576380736066,2.6156669529420995,0.36307432821818997,4.801160039220537,0.804668393518244,4.151348331996374,3.6494851848908816,5.492870842559,2.591852220999343,0.8606377375977385,2.276407188602857,0.9009645206587639,2.295907786914279,1.620100794839009,0.940710270404816,1.6904251256691578,0.06723861183438731,-0.5678868704608491,3.302275604009629,1.5349933658327364,6.301083146567858,-1.0644016660749878,-1.9057333614144987,6.536884306584086,5.5649714160178405,5.562532118441803,4.722644105553625,1.6099556507808805,1.7842371719224088,3.974811193772728,2.551629961814201,3.395525661589845,1.9157880855458131,2.014022745192051,3.2021721055997268,2.8045060875160344,0.7507141047290405,2.2395613880029757,5.3556756677771284,2.8673501431941957,1.1259264675634242,3.074895126691886,0.9502413131296639,1.3895854452891006,5.889414269383997,7.909952418293268,3.7745486286069667,4.20517215004989,1.1702554208891744,1.231139460844654,3.257072538988931,2.7241260497697772,-1.8414561859198975,4.096766801391327,1.5365238042814395,3.901856913949762,0.7238233345826814,-0.4111563384532925,4.524967357037328,4.430114124023489,1.4017286247440754,4.124318374054776,4.682334815285036,1.4972816971795906,1.5392494973327404,0.3244870322091246,3.510509680051893,4.027491290654455,1.7093888510018582,2.8944648508514694,3.825632267019577,4.510032552001732,0.7542968717004567,2.4775699679340626
2049,6.3755811501826605,4.912795862422458,7.527624625765852,11.241904908205782,7.598384427598544,6.900451404388463,6.309766813474042,4.912648928591184,4.877042716102941,5.2839500712496905,1.8865635868694117,5.603410824068956,7.844117326821603,6.07998597366469,7.073066053220206,6.436614055292949,6.244788531746181,6.373451312099184,5.463752691554169,3.374977114158018,5.5954231269125385,7.42676911013467,7.791776120236942,8.237124254873816,9.296536953534398,10.44277562787091,3.1952816335218297,7.975650446861984,9.50279236201729,4.950224702725454,10.08547266806875,9.704454281500407,5.42843078130058,5.573706607307702,2.4145110760416273,4.484424267070635,4.727071364436833,7.3465191861348496,6.667329296522907,5.724995055581846,5.673723669988767,5.5602077621434445,5.942437496568476,5.383605727766247,13.418947121075222,0.13029472492635605,8.497019126159804,6.299543256738357,5.259168568466394,4.858502448882379,5.488098048312322,4.938280195423534,7.233383820418802,8.757510320629393,7.263885246642993,6.302930806257895,6.182494668023926,2.2827374622225776,6.491381912784917,2.9442950436047175,5.450079598597119,3.4969907513686613,3.9324381849595493,2.715836429329854,3.231893235152322,5.647819677633896,6.275591499943819,6.975280830902714,10.240964496135714,6.038139955699448,4.650405328614372,3.6713396223528028,5.422709816694256,6.608197036146057,4.732594785732884,5.0676039556307435,5.73407018791352,5.68965131459492,9.288346767851284,6.015535901486872,7.103359984287195,4.920387846231462,6.35365824273654,4.199176228472164,13.039432430267338,4.003327921219168,4.727404228065693,6.51997287890741,4.582403060953535,5.979003982458794,6.894902464694208,5.6668528254809125,7.154267129701163,7.559633240742343,6.108873191262992,4.028310459852218,8.42171494322164,4.465129813551904,7.530614077619146,6.551509809494015,8.297523483633999,6.13791127013309,4.508151045441628,5.538237371189254,4.482325377634592,6.026635923449482,4.217768202562419,4.251261955446432,5.156859767011233,3.8658976989665184,2.2353583846241216,6.09916191154293,4.447310221833841,9.118617179351197,2.727513742872645,1.3300170706851109,10.48779361907925,8.46941192491712,7.992391785872836,8.308564524565424,5.485353315342218,5.048269464714188,6.997528007626533,5.046227948793342,6.246451504422086,4.951534924443278,5.620338784371102,6.19560573015894,5.90984692573548,3.854155746528079,5.6235209945057125,8.006490357858794,6.3560384247984185,4.054744648081915,5.9846934664994444,4.6931296880756115,4.568209163631711,8.776647829051528,10.410570110593527,6.627604196752822,6.944470936698575,4.4417130278689525,4.378171448329729,6.890129286263671,5.663788972156391,1.8369479413543428,7.619611473807268,4.473833917294232,7.476940051093701,3.639106179986683,2.8117726628269493,7.299423132943261,7.940915889825139,5.094672110251018,6.970260594998089,7.39702595200922,4.798216536215377,5.170784891716074,3.9681350139901035,6.969049945686546,7.634133088588713,5.466265724386484,6.41872795778992,6.623975726486449,7.641684645840101,4.313204649942261,5.636008144489358
2050,5.063757271851816,3.6316384004695044,6.7757944874997635,9.575622461523329,6.410931148699352,6.00605020884957,5.144717711423123,3.6344899458544613,3.5562646681176773,4.097439896634647,0.9919709100986688,4.598384714445897,7.140959759695191,4.5833759261029074,5.8247789544718644,5.225126144715715,5.269102920804702,5.392995464156515,4.406603667991499,2.139450789562293,4.398640931504115,5.883287670463323,6.388871502024788,7.556140170778549,8.553474079704444,8.664565879106522,1.8315102179135583,7.291552256792784,8.758653663737434,3.952692894531147,8.557776847694603,8.42850789023297,4.189151914204872,4.5628656869488085,1.5329407313439458,3.1614423570888395,3.508258897066115,5.752440455476087,5.500441290012426,4.705990503755,4.778554488292761,4.351101052335328,4.918862837553028,4.188889826834199,12.413962132590154,-1.4036307226334295,7.719307724067141,5.281015082289066,4.232530503746655,4.039928844571114,4.261957180712901,4.134245163628033,6.08432112729975,7.025724252206937,6.576620869125636,5.335355943574438,5.401627143791745,1.3727838033011968,5.719192438852043,1.6202770253377297,4.487340444326402,2.240067241014914,2.6190339929557265,1.4352496107774133,2.3887603033866176,4.610640750080347,5.278444379248791,5.859542607409616,9.420489756017927,4.919570076891353,3.555344189064843,2.333530614844393,4.446340750157833,5.605824360677174,3.5913746107901887,3.754239156522921,4.8679076467241575,4.966950554932866,7.616311507405983,5.013652799039013,6.2371673192296715,3.7344802122030933,5.170697714601248,2.9335780599287613,12.05893411466054,2.954802925458976,3.677299232461625,5.099991347800408,3.53102414224829,4.967370748253806,5.914943296142989,4.943073990089553,5.6999247925622125,6.8451006242207155,4.943662158932006,2.8041438490152366,7.173451575849738,3.180964625227661,6.443056553176469,5.833550645623892,7.546855924278498,4.945510985170094,3.2346753024629202,4.547666638238086,3.2631824851036058,4.805414063589912,3.4112009637057814,3.2053169510194226,3.977386292815209,2.522236866716827,1.2488999688199587,5.403822691099984,3.105568261657445,8.307613148859566,1.3326219939759816,0.22062122789876876,8.848761191591619,7.655877661545362,7.320041102170944,7.09862404284733,4.212252380752138,3.9735093064606204,6.129100923665933,4.250086482188534,5.507707362409146,4.108772552652018,4.388618025609428,4.913503327539992,4.871041223832538,2.731935535584175,4.460890053904483,7.3385911107063295,5.2009079345635,2.7523130251892955,4.658426593935914,3.409046352016079,3.5491994409688883,7.967140442771573,9.673992411047221,5.653529844725771,6.227971247490494,3.3891246027180135,3.3837358864290374,5.681080216595104,4.323605558755145,0.48913286173982035,6.482350178488667,3.1614133353744225,6.257226475434648,2.3088130680910735,1.7260184892586334,6.349599224328991,6.718120918316504,3.838768124367512,6.220484765831913,6.686475238682972,3.7642387140010083,3.9263334254068987,2.6741895128573696,5.829494558487621,6.3200698630086025,4.237885485802378,5.218068873988731,5.935661395745616,6.79012543261051,3.0048966084207813,4.1763326089829205
2051,6.2702027125018,4.86908723696002,7.385882165815147,10.567816603183743,7.863362038135532,6.852331959775516,6.60485774619239,5.420232236438567,4.858388639081803,5.73869280522423,3.00440795166152,5.683084266952102,7.718817713750257,6.333483190195903,7.334056242874694,6.732720564092911,6.2504640342933815,6.432660784572363,5.480430045883574,3.622157344864016,5.907442191243172,7.112361475239906,7.71207667759487,8.138065515352148,9.230280916179927,10.3530064240098,3.662436639411108,7.892775935360364,9.426400470946517,5.034663630809103,9.561264920021811,9.89141070874674,5.765755371110781,5.592855380262652,3.5163409237350702,4.779038194247656,5.173521043573107,7.448555790526528,6.618119946068953,5.742732318756834,5.746254579510008,5.8844644906265415,5.957366021652708,5.8650031807167196,12.94905438082559,0.6320898647819272,8.447255447906047,6.31417934788125,5.375078049016052,5.897199166033951,5.800312397948332,5.963947909644673,7.5260802728789225,8.148444718707887,7.153961847775748,7.0027361037475755,6.090122636514053,3.356466142620356,6.4430385019097995,3.436374284233898,5.615653600011553,4.008271704401285,3.9296980070216314,2.9816769169909616,4.258868040969331,5.647086768490929,6.262597413361072,7.272030670302257,10.099781101303437,6.4076295558895415,4.87271724002702,4.139872375875709,5.440515263059311,6.654753849761828,4.97037298679352,5.014079450709477,5.71814040797097,5.612286224003348,9.40993733746665,6.040915946875302,7.0454177260398865,5.406637818871867,6.3307455314057215,4.671840672194961,12.640844983713972,4.071903043666056,4.841220615165578,6.838589479242056,4.702014048770071,6.058114310353994,6.949501753013049,5.607124409079551,7.324160858563016,7.424030243286068,6.413800958224704,4.522374033927918,8.635747897305663,4.957594420867305,7.819385474068778,6.457733805690492,8.238564303091598,6.416739315220287,4.992144958355597,5.607754963210654,4.908377307014807,6.330496482338229,5.267348981648684,4.382231556091991,5.627763798832895,4.3280623558393145,3.2006282272083437,6.042693322045468,4.3930264575140825,8.983417071508512,3.184291689736505,2.211323035614832,9.864129781723024,8.405781462841803,7.887559429875439,8.538519950849674,5.795897176436017,5.213655004331043,6.905252201216562,6.046075841411952,6.150779836305551,4.977746617794037,6.087744926874127,6.151979528154645,5.902972126619091,4.366942773120746,5.853916375551903,7.92791242365326,6.653608973537175,4.054689883334296,5.919596085697414,4.991566086666928,4.689839635789396,8.705282224289009,10.312273249402645,6.621561621448823,6.804549696655679,4.5636556772781285,4.488595832298908,7.184556049959996,5.59384533592633,2.3860502221754585,7.879903359072547,4.473604910288538,7.73348991274834,3.6270893115018104,3.6513632120830692,7.272728527018002,8.001652444473338,5.4044184786932865,6.819496913001469,7.290384773803609,4.8622744773115425,5.654584201106002,4.43172804585525,7.266937754835403,7.594755022866387,5.806973420017002,6.632748966557643,6.55551397246974,7.612607858862201,4.734111130237581,5.445412562681101
2052,7.271540148343362,5.841954121419358,7.853199801780283,11.05817561915943,8.080334156113008,6.786068082281525,6.7250385837895506,6.035303258257253,5.890549730323257,6.331968075462749,4.811538232650076,6.472725461210526,8.111215393883842,7.215463758060441,7.52526376928602,6.844692474603653,7.035004098074777,7.189159136837611,6.313779452443124,4.8108224302530305,6.031473594478199,8.204202453725575,7.967825873302562,8.518888751204527,9.291690504870244,11.17011939627784,4.303335415039745,8.28236989134124,9.416671524729047,5.813818642497066,9.94978285644736,10.264662919725692,5.954307285376958,6.413399256127223,5.267857542846884,4.940181923764092,5.798734591049808,8.035441422568903,7.527053733063596,6.5421397467276865,6.070891129278713,6.08604321671384,6.767201113754082,6.4515378999922985,13.040380927494594,1.3712311064558387,8.393450992873733,7.105525278193613,6.19635288561029,7.549800320395401,5.9101355263165045,7.623322881997696,7.665342655671499,8.483265576618061,7.548861454427242,8.09312577705298,6.609402165668355,5.0993587346348415,6.62487090283206,4.0512598164911795,5.865420399127259,4.598521491778749,4.9350220539740155,4.192212961241603,5.929537708631583,6.477231261134146,7.0644064367881825,7.393601251499994,10.247081191199173,6.66081162919956,5.54759703810726,4.814589458065375,6.217884642843691,7.427349584523054,5.179717548617291,6.046389956426408,6.352094750053117,6.0459528993283005,11.06661788395473,6.8150587826169,6.972265593814002,6.013703670991317,7.2555626971381075,5.271081760213047,12.710450649261478,4.841302146922264,5.67091250054072,7.6657357350524,5.547390426695345,6.842951003568513,7.699650077628239,6.036777712271681,7.721032377226014,7.850039603348293,6.513126923782486,5.053972116352194,8.905055174856846,5.567559452780654,7.963085700358665,6.899550428347932,8.382162650781018,6.550910023706303,5.608360770770481,5.939766977647589,5.515352387513433,6.476362245849203,6.9110738031566115,5.220289874442718,6.230106394844396,5.0213824069925685,4.8728008539016745,6.44823224688215,5.40584876367024,8.987355471508844,3.8618034011019136,3.6783295350415366,10.297381219746809,8.35331525674888,8.26582144924573,8.801284723835336,5.936922688782218,5.973640760779382,7.099971542613847,7.626874376846748,6.596196262325558,5.344533137657815,6.641621774647918,7.152468284538815,6.726347547210751,5.486860678298401,6.580847995695824,8.351655960295883,6.771729084423611,5.067184535307542,6.949673458508086,5.149242539490972,5.477070734543459,8.6714506391968,10.27822449207306,7.371831119060518,7.258591537922622,5.386397757008673,5.2639475277492,7.325825574036154,6.646248448959421,3.2530648738145835,8.06912777785744,5.506450732957042,7.879603488423993,4.619364098672356,4.9594770022801,8.008586083565442,8.21550489674721,5.545263011540689,7.256742246981179,7.70239141407822,5.713551910627371,6.274332254699303,5.072212157504896,7.361832340806723,7.8294979207217725,5.920917182202852,6.788331903517244,6.980389786352005,7.537751291266512,5.370934866475208,6.526735461183954
2053,4.176320569430078,2.7367064386606215,5.844106272980574,8.135664490078177,4.817639935761691,4.7433495104312895,3.671141711303166,2.2566591479948594,2.6478650953088505,2.6451928292002,-0.8200932413339613,3.8106898209878386,6.316180592762041,3.4061515356813152,4.250517224054783,3.683721883807862,4.462642435516632,4.69203496021884,3.577978643349239,1.0817483405183486,2.979774649973426,5.5330502534817345,4.7949487106874615,6.763742337695188,7.6526652263743555,7.402350715867111,0.5824652246066473,6.39881987002279,7.903627165380333,3.122375304358345,7.21885110852974,7.023230406216211,2.7524638810061983,3.69706776738167,-0.1876838845866054,1.6918095113177372,2.1988819130829396,4.4063885115885295,4.703483005213952,3.909700264462403,3.6665942187820146,2.8621246614626497,4.0816521677720745,2.854790753019707,11.167076648984638,-2.7560288837977818,6.738419061047692,4.430651436273807,3.403370578427397,2.3452398427895162,2.6766041372503535,2.4669683465468046,4.504580949034008,5.360519060918265,5.7942294731204,3.9887665092945124,4.470673188780038,-0.3131635512624463,4.63579784716879,0.3549764641693662,3.265653848115888,0.905802658626015,1.7123282041134575,0.3645830424768588,0.7637026667594914,3.713929660192555,4.419742277198074,4.313318266187397,8.621344329629625,3.5099265828728687,2.4558933636971885,0.97965578181403,3.4826219145740764,4.9075864404439935,2.2935950185571365,2.8046072568744416,3.9411106262888254,3.9339073621801,6.555717347349443,4.288980223238466,5.0373127509440705,2.3446818143129358,4.365670640553748,1.6790693127683234,10.77885759387698,2.126370524934362,2.82229862340859,3.859255856648085,2.6443875164325736,4.220725765824318,5.244610793186748,4.017755543334145,4.200874101689885,5.99978569628937,3.4816407598555066,1.3456005902827837,5.673636847601405,1.8564170574237182,4.896756066169061,4.808131136213031,6.535713361837301,3.4679935001901248,1.8822573038084194,3.392472942386355,1.9129044251782537,3.1514754159109954,1.7299413593752067,2.3233340159590767,2.622908833383451,1.152511146664619,-0.2971747611250199,4.44950947037765,2.2142368386898745,7.257652128168518,0.05931259095668977,-1.396441379349147,7.429658807601247,6.586538893623012,6.6009677135751454,5.575281912088398,2.4890974014997425,3.022535166357246,5.023615519915311,2.6518287179459437,4.576762850156852,3.1124993882008964,2.986531552565951,4.050372814706392,4.042622440840521,1.4033395498991001,3.379541060009174,6.4457925513386725,3.7256299512726905,1.8095173081117022,3.7622326351702213,1.9408469511595172,2.7205621457525675,6.9110786147482175,8.802277600765231,4.940077280572482,5.317182328418961,2.5489584151123243,2.5297421626746655,4.113595284521581,3.401514521986247,-0.8512341803738065,4.846429239426342,2.2480499233518336,4.770522490569519,1.422029912898351,0.17335583109940803,5.641275911352464,5.232735815857139,2.3761946056570316,5.271410997424807,5.802206735419373,2.794950988037244,2.5366493122918268,1.3579341834677134,4.2917843703712695,4.879180074163846,2.609295883349008,3.759700712561608,4.967274935117786,5.607535001209805,1.788949653985243,3.1633070253900137
2054,7.139797363962451,5.778670578583013,8.14514547690217,11.096867537498474,7.551536214777402,7.595430099006208,6.254652447359905,5.196354608876367,5.7633713168757295,5.532704743689723,2.9342723284581957,6.532697099447248,8.380146802748953,6.309765642881395,7.012313248962165,6.37869866660663,7.127555372885293,7.191365991958548,6.4519315442868646,4.238013778999446,5.553686706615347,8.268390036480762,7.742135319326607,8.754096891837463,9.828873192904789,10.3247670433351,3.420135749663624,8.56755385739463,9.97385378203222,5.894035982872757,10.110910414585048,9.657701958928794,5.436833379949846,6.556450782929145,3.4041089377765124,4.428238361767887,5.078882774391343,7.297801687461989,7.4264423975454905,6.662406080908007,6.115037723098481,5.554010663713731,6.896962035287705,5.670439111627638,14.022351895059861,0.3612765149346414,9.04220708134983,7.181407717296056,6.250354558069791,5.878216393717698,5.423638334870338,5.9580639532634185,7.181048913512912,8.764591266427725,7.77519265966756,6.918840758502484,6.878360637490238,3.2478525443933908,7.179001744517255,3.1951434139694497,5.759756428987849,3.7896601266094634,4.828730326465196,3.5813436067530096,4.1937814230099315,6.6604748056935446,7.149126824310851,6.929719484703884,10.779613527229847,6.103137747304784,5.278825782665188,3.913371829901424,6.39363319533212,7.359970201126167,4.854849771889194,5.942533877066205,6.578778179522072,6.417310927595411,9.616178510870252,6.883105428091115,7.7572202326995985,5.204976279607842,7.143246900396687,4.447029520145487,13.707461002894814,4.876341463545604,5.711934758064204,6.766924030440193,5.619134723288677,6.797280657717158,7.634340759047442,6.334938969995292,7.08878582556333,8.10363572708198,6.0481728108865855,4.267001186098371,8.361801833552972,4.740983961309707,7.487287667819435,7.242321717473015,8.909602882819518,6.077056330229556,4.782828325884684,5.88051308712789,4.788975780404038,5.967852711012322,5.213986405730244,5.293333328195979,5.439589841450959,4.096365092907633,3.1267912598592864,6.78564009709018,5.310627829389914,9.644978797435764,2.9367214611598405,2.0483144766518024,10.42013672505106,9.066697383352688,8.45897501568709,8.25720356724092,5.42341207606452,5.883814679405514,7.5308320322207045,6.0026142016053186,6.8840719644512465,5.460823669923203,5.882076338997912,7.036333581485921,6.875459481562889,4.581911505545885,6.247806516289709,8.616495612050807,6.299658026652675,4.967926407605409,6.8055723000317805,4.628886889466751,5.52700357399881,9.356184888950413,10.862708897250041,7.4045533806883865,7.535807603171894,5.419619800363268,5.349214245166097,6.830828276170153,6.535784505094804,2.1586575122816223,7.567286678084305,5.380928593887283,7.413716939304559,4.502607380492348,3.4690664382917533,8.040626903942654,7.904414134791916,5.04643645627158,7.601296744389197,7.989253993758139,5.912057373140538,5.468518395083289,4.211646371334788,6.8962085902690955,7.607241439180715,5.425981409821127,6.386232961927141,7.30036226372634,8.29086132837193,4.550049420659031,6.4589345174176325
2055,6.941133433580401,5.356732195735512,6.951742173890983,9.811252131419526,7.0685629293322565,5.892527019764696,5.71018590413566,4.860495927397695,5.485511319818241,5.180956239785469,2.930818731497441,5.594223221604311,7.305466806037084,5.814811448829383,6.486957563832405,5.804593365958758,6.174779013863632,6.36953951109733,5.417582443995135,4.072699370341643,5.001177518708362,7.389580693415233,6.809711590143189,7.718252587105547,8.575680932828359,9.517801890202936,3.1446814471057465,7.41174993259566,8.757408612115048,4.917665567940903,8.758619983866813,9.279265565531595,4.893251124875884,5.5134843245547795,3.4236233039759103,3.8445239245891587,4.667123866294111,6.553922986984252,6.920286004458157,5.683347081446226,5.077161499655006,5.030320943679131,5.822824813851291,5.329326721174376,11.936726273809162,0.06831640388284467,7.694796425529891,6.170993707435473,5.240316709237444,5.823060989592758,4.828611013293266,5.906351887008976,6.638897407427429,7.099740866678103,6.769733916196442,6.776734532628743,5.7017358634088735,3.29475316852331,5.704893575861516,2.8860966541937425,4.864141323523861,3.434300982526368,4.524741192162037,3.405779457518033,4.222980499693323,5.551789265285645,6.196656050426621,6.385909470064299,9.493076854731358,5.627586869682585,4.555541341645377,3.616668840178422,5.263410964608193,6.615415088406633,4.135375053116255,5.659075063360588,5.429656212251369,5.045260941982271,8.927453904066768,6.002495354068066,6.116538562093466,4.867288250688995,6.68495659828186,4.158329966025695,11.569799954550612,3.975862916665418,4.707804484984704,6.291923086345194,4.562866606244017,5.983918434807232,6.906047112281834,5.0688079277319575,6.391962943971157,7.018268424911157,5.4954692010368635,3.8814874306321134,7.896514010429387,4.42117098309765,6.97546093868358,5.924749499772277,7.551658939756456,5.510771111505372,4.45622449932354,4.940024662603222,4.3756343988701705,5.401234023911614,5.184000220469065,4.21086963031973,5.114695959644658,3.806641684366125,3.200112448100536,5.495048562517123,5.0326863999877665,8.264167352499703,2.668844218552113,1.9867185524531785,9.050371816481597,7.584666686877615,7.5336675950459036,7.793760990670752,4.826703578393378,5.002652041507621,6.169782980425021,5.987524671400232,5.666417375140427,4.371655276417732,5.488821459455149,6.660959255908218,5.835388404716339,4.327907186533723,5.56165712978691,7.460842752669544,5.757552520292146,4.651254484483175,6.580191953480245,4.061706689000128,4.539993559196595,7.910042804213507,9.656691845825739,6.578040603122543,6.3962811378496065,4.404341716851508,4.3332188614777145,6.285395239772544,6.271044514434678,1.9444108053243574,7.045767634561553,5.0860807652053035,6.875820787942837,4.222589900051905,3.358906344909751,7.229800514930064,7.176284916060311,4.472036985307936,6.365703514856948,6.859117622274376,4.720232151661603,5.110625056709561,3.9244765460491187,6.3430536136031215,6.724169870678864,4.8415835544467,5.746412791950363,6.030020292316166,6.696836340853147,4.282729917445354,6.235965485870836
2056,4.829475788133489,3.38674569236381,6.024143333413772,8.383767444134824,5.230436192772217,4.804493083698407,4.056245945181168,2.993935075402259,3.3216180867914633,3.341273836578639,-0.0705992005033706,4.368085290731063,6.455322409101893,4.091276414905276,4.667613511638982,4.095237947361809,5.033924809816693,5.171348181260484,4.210796892642971,1.7114636767123432,3.3564331461276344,6.101760765697275,5.157862189412118,6.889546643077798,7.66538086150374,7.918303262814879,1.2451241946646137,6.568390620526459,7.825947623380596,3.71321361575808,7.378040564858491,7.365602470162726,3.183515981691227,4.324138976420675,0.5016170637948163,2.104654979492938,2.8770113472427634,4.888392251517093,5.2523304470947805,4.5020300640059405,3.8942317375115003,3.297351950300593,4.654782900214197,3.5486116454005248,11.270898474965778,-1.9731492596013243,6.67436558306217,4.98550054452249,3.9819613286427105,3.007185090439661,3.094362847081253,3.1139595617141085,4.948175217424123,5.661080904517856,5.880664837466819,4.56655594674604,4.731552145736555,0.381154636293652,4.736648131055493,1.039607398637706,3.5418496238333828,1.6171631255320134,2.3856768653861105,1.0409530564876526,1.3984450175293863,4.352500624954703,5.024789066719154,4.744899221829006,8.59631196813924,3.9843483829072537,3.098553305824422,1.6903205936508527,4.052527096867563,5.357264459558897,2.6165187180042273,3.501656724198257,4.356390912617953,4.119656336307528,7.094187510971513,4.820549604935301,5.074199330806733,3.042061053429332,4.9378789331764,2.335131397843362,10.860541106973375,2.698307940257449,3.409188947188003,4.5604954898357395,3.266641719319993,4.706198212238295,5.6766754886933715,4.161781525332481,4.662619526577851,6.13371705109519,3.8800165648971325,2.0148879498243297,6.078089175479753,2.5409746331827967,5.332102130752589,5.020262047222683,6.6264365194099275,3.873481464811732,2.577286015663831,3.6684608378580656,2.6074967090572603,3.6132972615105774,2.3821074245763665,2.944624206743072,3.307023439662799,1.8605217854891472,0.34840622894199913,4.60803168793874,2.87488217689762,7.271646920358764,0.7490589312144668,-0.6921088968004482,7.639999813267164,6.585060018088137,6.660360420814584,5.982600246103745,2.975871999774659,3.6534867284553383,5.137307918497496,3.268801864981652,4.7447246250031245,3.2941494345664974,3.6941273199660447,4.678382777848415,4.668172412684986,2.05989933045847,4.044954340585639,6.6127094155975765,4.122265183925625,2.505658369271883,4.423189949989319,2.343572859226591,3.2862925812602057,6.897606684480398,8.73337423843997,5.448388908643807,5.488104918386254,3.12070889278714,3.123577224569661,4.530853315868552,4.0847450051722785,-0.1521863235692881,5.304514641634056,2.9234136142901024,5.15511522931712,2.087203067541124,0.8702250046389445,6.142228642106052,5.608686460767475,2.7700671438659947,5.443573309294881,5.952729702927173,3.4826505188431067,3.261367923447061,2.0463015913431164,4.721593969208857,5.203846213614037,3.0381556048989324,4.146593464272362,5.1467355115073055,5.635205992630548,2.457888410825813,3.9061263992318094
2057,6.693634133945621,5.290814927646092,8.236326353039058,11.678023496695932,8.352430159172846,8.07696602429662,7.115509334738766,5.6236347662018895,5.267377337600502,6.010915363656489,3.311481680188862,6.072856722559248,8.486242312791628,6.761635829721177,7.859186837396455,7.248985490309339,6.67982530423573,6.773617732099124,5.952022368301237,3.980274811812812,6.418733546137811,7.594281392917035,8.483311462828093,8.854887256452018,10.160981179986685,11.063414050425802,3.881539474214828,8.688595268928575,10.351263120770456,5.424961626888918,10.587433150942834,10.412626390372003,6.253774329594208,6.0502631298133345,3.770113211444446,5.336696135146279,5.381983165762255,8.043660058719775,7.016254549633179,6.1739922974790815,6.445581861053194,6.354225781134203,6.458577296989304,6.0700054040976985,14.575989941188269,0.9500169416357397,9.474548902415806,6.82133181307997,5.763595752684135,6.157862549860564,6.3208345162017,6.2383326228175875,8.016353751080379,9.405620406780924,7.876617372781035,7.22089178998555,6.846017353236676,3.627650216221807,7.413903492689136,3.6442072451114647,6.234456303289958,4.197278100252149,4.3143981652600445,3.3401797303663825,4.5159448569906635,6.129851754222596,6.7084121910589065,7.7755542935005275,11.099534371069508,6.803694982613834,5.16810763009957,4.365232923626904,6.005502795321603,6.977807322570257,5.543584066629408,5.438341414715564,6.3349808885050685,6.50742336171014,10.069639446054186,6.438103559613226,8.239465885995218,5.601755863907084,6.736904464449202,4.8751931018063015,14.23189172404153,4.419389075253693,5.228715026165759,7.205877247452737,5.105169757562024,6.395958550287675,7.250593947832075,6.424820455057284,7.917877250484059,8.21349605907287,6.931294368420328,4.748106067521233,9.16525602723871,5.147439434911523,8.311952197551731,7.348307731747623,9.219085773346686,6.95198209711484,5.1988141050030094,6.298228541868075,5.120201353941644,6.829395063008581,5.518786379887859,4.781443455602441,5.827128149781907,4.571040024076187,3.4658240413027124,6.849089271681649,4.800936293389116,10.111591964640787,3.432067130718913,2.4949128405324053,10.937659278086247,9.51492749346154,8.566324316178052,9.043704535918577,6.327207119789507,5.586693305522205,7.853086419297119,6.280314109580856,6.976464679198608,5.709247662339895,6.3358369290828715,6.579329741852624,6.3831061845379224,4.663449692087513,6.193517996477229,8.71261032814426,7.160305638398445,4.442844455157011,6.341706412179129,5.5283301178898165,5.049001113857542,9.780464538506099,11.293071180582047,7.002763510495431,7.6230144114366585,4.9392885674323335,4.857788961646814,7.6968276530504225,6.0464658214976765,2.6699932992458333,8.400360940183917,4.8719702069248525,8.269260070153646,4.006718097627162,3.901956998796336,7.664410657967841,8.670703126490116,5.926311093143053,7.708814863381641,8.105439665700708,5.3442153406994715,5.862159623418536,4.6505281132246745,7.769552474575388,8.313034905067513,6.286624550819397,7.198024233324186,7.39000974382673,8.777471016134534,4.99659050894635,5.943794455788369
2058,6.695083300343587,5.38699443388198,8.294209955739122,10.666507968306542,7.806893388288363,7.666928648948673,6.6165173513548705,5.413061235419342,5.345542298523441,5.721959474706091,3.1933507114648805,6.160960666569216,8.54150187144322,6.51319073938898,7.372250748106412,6.735549923777582,6.785590400440353,6.900869314159667,6.047149694285227,4.088216123517067,5.9735886761120405,8.124064533412454,7.663595693026272,8.921068140012876,9.98197756202093,10.628626915972145,3.6816189107086026,8.718441133413997,10.095785349181721,5.5075794132692515,9.623343861754984,10.02793304707323,5.828030039582935,6.129736295236008,3.6541479659865446,4.850394720903468,5.220608921881233,7.580828882115225,7.172194828259361,6.291169360293343,6.235212685380664,5.87556596781526,6.533773584025249,5.898293627585683,13.29110518864223,0.6637524919850473,9.159675121679898,6.853534492264904,5.806659082004003,6.033642294304452,5.785658295452596,6.135391266537566,7.4793632873467,8.126060702811394,7.987411403323388,7.147602305987056,6.884426824535642,3.5461685283907807,7.225435678447996,3.395771736758091,5.933102516617094,3.958181253501347,4.415811839061125,3.355560577767233,4.464414495442595,6.183645942807195,6.809390698905505,7.245125100442346,10.873594976322991,6.4087270658995426,5.210426974935191,4.1623813976134585,6.027191769438128,7.143982715159654,5.1616839293922725,5.4672295180548485,6.365665047083582,6.4751221332965185,9.697580488132582,6.581497314465894,7.84739568403789,5.356305107261457,6.83881907686591,4.700290881669417,12.90323601790837,4.60408886064376,5.339815596065354,6.972684390097858,5.176215544981619,6.544906245172024,7.392672232884383,6.368384374891003,7.420030703502044,8.28891600008522,6.444468430961881,4.466652974273477,8.713892096919675,4.971635706829173,7.766627741871136,7.352809367435321,9.031148847298965,6.4607357731887305,5.000082886538336,6.1142717991556434,4.999125281508481,6.275958219170572,5.398507650835179,4.856571029179859,5.634119893823351,4.364889476065792,3.4193863827203024,6.80127933642694,4.935106041921035,9.755436908347264,3.206270980834963,2.3252506760614273,9.87792843457843,9.180909951244077,8.689349307332723,8.57889953790499,5.784079304989429,5.599639831802672,7.556638013465062,6.19982035172704,7.01998405952805,5.639798191242982,6.101692994577543,6.633570964421543,6.446720014725417,4.67359171267599,6.166556319594382,8.731129002783982,6.6631031836782215,4.497057682275772,6.3710309987621665,5.033591289924723,5.155959909223023,9.466255428588823,11.043239205224173,7.1690867470843465,7.689011808644448,5.0678044170141225,4.956243720384576,7.184042664510865,6.0966973994459375,2.4586310191878247,7.850351910186669,4.956951883435253,7.806675409773431,4.111671057077392,3.723945076657194,7.797230490190639,8.01301796478219,5.431349650238241,7.736698358825277,8.12526056495096,5.381871776708533,5.672109916380473,4.423684837349825,7.249801895448144,7.595240364276941,5.740761641945156,6.6239001146384675,7.38214565132345,8.38994602518422,4.83198690818889,5.910512541660241
2059,6.421631970575878,4.9664843735418165,7.398759844366993,11.030114359515053,7.616792642564646,7.102335838760651,6.310782567092352,5.138505239252534,4.968922950886189,5.4506625516074045,2.7908892922901694,5.7227644942700895,7.705392489156554,6.226968533768588,7.086237010359766,6.4303465301437015,6.337843098810741,6.466998302936555,5.5761408978540965,3.6231980451515757,5.613898075584855,7.364103652749741,7.6679647062506024,8.111845330255372,9.367890683668,10.476204367407727,3.411838942303855,7.8857283814677155,9.647148612427658,5.063922580650875,9.886802836826869,9.816759388148785,5.4954759411513825,5.679864722809621,3.260523154480115,4.512744076656441,4.895140279829504,7.35790392628738,6.753674199325701,5.828449503172721,5.601124569800288,5.593095682561394,6.039852010671585,5.582026881618161,13.348062154224936,0.3567738520912819,8.667765424932751,6.3907391858420155,5.376175870320627,5.711552156454755,5.478672850557737,5.769196675717831,7.233355674147612,8.455889126951147,7.133577003436428,6.806425871380736,6.087700519178594,3.1471350455390548,6.515101473299523,3.130469305174694,5.395825747932706,3.665789219524179,3.997975670014109,2.976486338036401,4.0397061680044395,5.727150647827822,6.3590911780084864,6.997938268605087,10.31691753353392,6.0769023633428985,4.72192563819034,3.9014988015804963,5.500134208053349,6.6925377186387776,4.712013711673874,5.141267369793992,5.723185762975898,5.603252630255054,9.227028511251723,6.127746266978128,7.2804358085883525,5.086625486186574,6.454718626290558,4.412276585400105,12.986220962660653,4.034753063055022,4.833784388112174,6.671919675490687,4.694039466551372,6.086246795606401,6.9701375182185865,5.559279544651507,7.1683820595698755,7.412955682152618,6.110042564890219,4.1614971224750805,8.480531527527742,4.677144585350262,7.56296792135441,6.455289581843783,8.35747058077582,6.137699851287264,4.707767946273089,5.467842678725721,4.6104114678289205,6.002638818004302,5.054021192661355,4.357057944525564,5.334971985646656,4.094109768739769,3.020586515324457,5.999762303914346,4.4936109542846685,9.285382165227617,2.9535694416080203,2.0089354415158094,10.246380526678898,8.644597028940913,7.868127824578968,8.369926934636066,5.472911364585159,5.1788496939199336,6.996910164398805,5.843246022665078,6.118056455573866,4.866119733027047,5.814160900376735,6.283667218259403,6.009957233709948,4.216576834235876,5.76682037285396,7.9119464970060775,6.384828157084329,4.105823939719372,6.063675444466727,4.715865231162338,4.6612298465200865,8.95219026250499,10.569175041573388,6.699065722950869,6.8050962240568245,4.535851363199099,4.47127507360918,6.896780580335431,5.751049217634966,2.1711303756705345,7.6331769245011465,4.570785860930172,7.509613176435229,3.685691447875331,3.4022008150283773,7.369358986216996,7.91530267095992,5.102816755218165,6.830750445808688,7.256757978376536,4.909966957781999,5.362127235957558,4.180754853678601,6.966227928735312,7.539194084251566,5.441202780870455,6.39479596401964,6.541475340723991,7.846849229931834,4.538010967203552,5.629081094371418
2060,5.487709205491202,4.213914537536248,7.669575130407299,10.362933426669668,7.17493583553338,7.213014109895034,5.952526414820127,4.686469707105842,4.038341429616727,5.1076100351555,2.224509635195136,5.438604064605069,7.9935419655804125,5.984087858229348,6.635746504379709,6.053895526272911,6.1080082169600916,6.179297010813443,5.300997306832248,2.8185928419232367,5.240230247591221,6.927015243044923,7.241355172331846,8.375683752340931,9.486101026620181,10.092371053355084,2.940544554378307,8.17362887092999,9.645258893711224,4.799272107439382,9.403297391108108,9.182779448160106,5.045328135575568,5.436817324693714,2.7445501539856227,4.040844663551877,4.5271649861974375,7.038336135447028,6.141310306997704,5.5685945289525485,5.667640641757423,5.208793545886877,5.7805670447647595,5.20040844572442,13.354667452403474,-0.13621359975742442,8.720050520606208,6.134382620427225,5.082117009588652,5.144459748161691,5.089370107916852,5.257641200109252,6.868982896634511,8.005975822040016,7.405898160753505,6.361835056756226,6.289360243082046,2.596722632616208,6.7566763668454115,2.718140696414881,5.34830912968942,3.3106742974902907,3.097104823709068,2.122807374556682,3.570818739277975,5.4986191954995896,6.108780225685663,6.6317323071616014,10.44123177366065,5.7894101457936475,4.480713470280174,3.4102136924862845,5.348562219845402,6.382716350629925,4.460467481187412,4.217963818992888,5.7601773533437965,5.961754661904916,9.569543299504693,5.843686243465969,7.403274392655917,4.758443736604282,5.774475641335758,3.9876994502863736,13.034752133914406,3.802469474183664,4.562432314349069,6.428968972074133,4.42117777844625,5.766666582652502,6.6658817961812025,5.875105982593126,6.794958062469958,7.695187381761416,5.777574022965774,3.812925626124655,7.947438655261484,4.24065157834973,7.185102600817174,6.799489901001962,8.53284127243928,5.761083128622599,4.292972944464,5.440512494955746,4.294771722171994,5.616269823057313,4.521161526760888,4.102495678833554,4.983771070092918,3.62099905865533,2.4289989182991647,6.329157860896421,3.5940781349582323,9.330403445235325,2.452435459515881,1.4258978913937328,9.705831640000852,8.708552988512173,8.112120628356934,7.848769520010272,5.058774167725019,4.879885214992932,7.106160954066686,5.328090495509759,6.415772854536772,5.018819976005967,5.3933549796896285,5.467652521601744,5.738498264311682,3.6904667837279175,5.416332907815061,8.191352227436647,5.993881641115461,3.234210957001362,5.108896798534049,4.26630695826773,4.4161251444901755,8.978333029576708,10.569866257693086,6.449179073103835,7.094985094027857,4.282120013875618,4.243368730374741,6.500899782883269,4.808190501800609,1.6574740190591133,7.244513193251834,3.6423448729994043,7.07211451040847,2.7859978252223576,2.8959824506725593,7.119942667654582,7.493728271233184,4.685619892712153,7.158827246512687,7.565937428974684,4.693031834704535,4.970784592841355,3.728979083044191,6.640522381450451,7.1216754750814335,5.078921398201159,6.020134159496855,6.8627596969051,7.934034577224938,4.082141662761572,4.629922771666733
2061,6.651599297353197,5.345988685957021,8.31910051783281,11.646491656558855,8.405789406597615,7.909926641626018,7.149258209392427,5.803210456030708,5.293175768852235,6.125556389774597,3.2309156079377437,6.225651295217023,8.5575185790658,6.802616184151603,7.933102458635609,7.273914181334633,6.780396664994107,6.9400581862245305,6.059051024168729,3.8883189943486003,6.477324759534427,7.618182338987077,8.493114467603819,8.93571259847709,10.051461520333705,11.111569529771808,4.08370426254613,8.757409009230992,10.23477570499693,5.558820068410466,10.546993470418137,10.540922097302973,6.335034944755692,6.151344343168398,3.682698441988653,5.401975140507733,5.534334718436001,8.124134219464443,7.093031294510832,6.28976175848927,6.525908489525317,6.40718549830573,6.589890982297114,6.23830904875483,13.711827230453494,1.096068488912923,9.324046004842966,6.946389255885572,5.93133549924408,6.179671880177089,6.34792339376041,6.2520838054163095,8.031750497115516,9.258195479906034,7.994792238543078,7.3226890844958135,6.946930780793939,3.5254437580172504,7.396394804332941,3.8219741474304865,6.314765269096404,4.386482873559,4.329702475666999,3.2667338379791833,4.403369578932013,6.236060364118643,6.817370235494207,7.803244064109667,10.938664570876531,6.870471749561172,5.291591804368155,4.5484621303422115,6.097567350310943,7.1619194683751894,5.628106596640179,5.458194879761768,6.435188272595407,6.579101677451817,9.79176276113306,6.571329224961145,8.052566081924102,5.769930547688692,6.777221000141333,5.054961564072542,13.419324949809486,4.56266609749624,5.405147498846052,7.29630493095943,5.281866467158709,6.577665352182727,7.436980860786779,6.543476932176528,7.983014509294715,8.315883232014519,6.966535864131792,4.922698020083562,9.24783548627581,5.329451572895053,8.330825109992707,7.411727419708458,9.147680674706185,6.982747610126224,5.3652590585606434,6.40036417820624,5.25015132416572,6.848855431590762,5.516066916765911,4.946741741576368,5.993258110966001,4.721110411626954,3.3455957625593458,6.938148215838841,4.802042379496355,9.914303520588769,3.6120254455400356,2.525940101061549,10.935782143047872,9.335827488345757,8.693720840982028,9.110862047172018,6.380220305919648,5.712755087550197,7.809905657597952,6.277610983566518,7.084436624789879,5.836155104637148,6.488789123296738,6.613696696928571,6.4853909319532805,4.671631152289252,6.328045718584743,8.804732761638512,7.206737160044064,4.473600135956494,6.326657039352826,5.593286946941433,5.219447237891814,9.64139929626669,11.105537302153447,7.128432810838733,7.724059829009432,5.116851023278597,5.002846589897363,7.72177231712267,6.078335590447701,2.80232393358435,8.410690604097077,4.902942407556942,8.309389244552174,3.9872791492513215,3.928583752257482,7.779984115855768,8.661447047661728,5.986345204285213,7.768547367331176,8.19739955352353,5.438338396378928,6.002255793128695,4.838665204814501,7.7859521499701945,8.319325115105936,6.330562216894969,7.223739842431891,7.4719672023185675,8.615045476385527,5.155709797143937,5.921802946259936
2062,6.531723210747752,5.161872015920069,8.145173589246614,10.355352943390612,7.590121002282413,7.734172877988638,6.355196935364173,5.012931234708853,5.1019603882517135,5.368680987613546,2.250361457892828,6.1068564987608385,8.403006018059594,5.876738332225275,7.097619181445669,6.481595853982228,6.72981813613858,6.8393148913447375,5.968949328229897,3.57564580962062,5.666907781894719,7.746728066887176,7.416822025498342,8.78589294872114,9.915782195329665,9.849890875390598,3.2613745363163074,8.592794582487217,10.08356015735439,5.4611410553966255,9.352095726132394,9.740738967327136,5.5124423663531035,6.079872792320592,2.7795844548514914,4.53022086407457,4.867243986363921,7.003190518702784,7.0012380794821585,6.211997569884571,6.136942353312457,5.607358210640295,6.452865156105588,5.4974215794886865,13.482083044733324,0.18834427893161798,9.152815037273937,6.778554087025779,5.79588441976479,5.253124337111198,5.5128298531685545,5.339805505424742,7.235498657609734,7.7850462613494305,7.814797337566105,6.566231668846947,6.791376170090262,2.619814044875758,7.231887198612095,3.024963787198068,5.795657261780331,3.600960771845918,4.149892512496032,2.935177569517067,3.578172344182218,6.152214005163739,6.760883817928177,6.986601042454796,10.85538999480861,6.108640443267567,4.984690956558499,3.7411753118038154,6.00698021863188,7.069670116049903,4.934048454676358,5.270519794949465,6.316326400637628,6.393041426794871,8.67107217737607,6.484527999162679,7.890330687591006,5.026289924027933,6.670116599276662,4.290250622161799,13.130567279883794,4.493414050553527,5.290167282734599,6.38577236602349,5.150842444811553,6.4738768113510945,7.341508762325559,6.328664929632633,6.954373591153752,8.134798667260583,6.155606599258527,4.1515526550156725,8.438315879872865,4.559391616391285,7.5279862338943175,7.2382832993354125,8.994020175414958,6.177097801970582,4.595721221608774,5.925069962601578,4.607980653217861,6.025360342434475,4.612597702656476,4.8275619400399075,5.254200379603676,3.948885487126451,2.5396038053291186,6.763954770285638,4.623731735029392,9.723900838515592,2.785319547993798,1.5983484902552194,9.613327947684699,9.191398080331938,8.5074774940099,8.315972793315138,5.513200354043927,5.470990719965527,7.506718942203692,5.427914482780868,6.896832254954749,5.500802476916993,5.726343296454956,6.464023754745721,6.395153549739292,4.091517541025366,5.9194851060397955,8.626041054725647,6.380545117812494,4.281804111280611,6.181164718605577,4.733712469254224,5.1053907087871035,9.468320106714964,10.961093450444086,7.070593180720297,7.542349659332209,5.003605006422315,4.922512936805389,6.918624874523709,5.8623077370026815,1.9575866026537767,7.604160008047308,4.706462108663152,7.521087628629596,3.8367183325280036,3.0719453762152384,7.725502032813217,7.73473252536995,5.14956705846957,7.594068384809152,7.995944082949838,5.364115728757213,5.263687582500278,4.039791705565792,6.981100408732887,7.328568707512957,5.509073813259604,6.366266386423796,7.288969682369918,8.428551346489362,4.396221631552494,5.738978745469026
2063,5.586199586625611,4.3443784117698705,7.5376414926988735,9.65457314891475,6.927312988096053,5.99500076451472,5.698562102232661,4.524017236911458,4.177593843426023,4.825845054989417,1.6398986978190258,5.582517861787764,7.815701765673506,5.411205008253455,6.4373614845265275,5.783645581773347,6.213435847844396,6.356118688200203,5.432834603637457,2.7414013697632713,5.044386754557489,7.163074052333835,6.626584668696991,8.206474526013652,8.762657890841364,9.444437540907945,2.8467089295387296,7.9270160310502575,8.846008052144734,4.897339590958188,8.568383762772598,9.25742304090943,4.90876710670335,5.533908074295948,2.178140416315623,3.9033828585142554,4.35494231602975,6.477833337868961,6.349552408925125,5.693938846566851,5.451434840767509,4.962790711011205,5.939391284648859,4.998613427872107,12.185744306019375,-0.2917050327573515,7.765567217128619,6.27175564121987,5.238475089626653,4.614361527775015,4.809111874311097,4.72564030023558,6.5400354364088615,6.810827583713191,7.267336221664611,6.072566245283402,6.1581641232727895,2.072018518618173,6.065342985093596,2.5334527313709256,5.113389875739812,3.052322425161086,3.219003710150721,2.0276610883085873,3.023010774169651,5.575777426628129,6.207611369714142,6.313718745112419,9.671757340431213,5.497326819066489,4.367851585256206,3.3055698229798245,5.4054667212601215,6.58927110226027,4.291430534209525,4.330605995655063,5.697603794080873,5.652532548989574,8.183304274933683,6.001694953548058,6.22518754090582,4.484812197089192,5.9537695307284615,3.8487740668468184,11.8047504561288,3.840340739914351,4.699255214099372,5.896808961778878,4.54930400103331,5.9655690567301844,6.8713081015007855,5.650317347635111,6.341410044048516,7.555530694180303,5.508960245336804,3.5418299819741916,7.864146545103622,4.092691920697687,6.868996810487336,6.5211494322334005,7.8351569371564045,5.530340425670149,4.1237522422469075,5.278935163830677,4.057649661387717,5.301364549781596,3.9927642895707063,4.210577634828434,4.747132714624915,3.4999873265091868,1.979062750509807,6.060933422616548,3.7427354795592187,8.359488656265395,2.3709140130451742,1.0716187151415006,8.846158787182398,7.6728067441976515,8.006527269631627,7.7290788894253115,4.75994515120983,4.932735853110043,6.431656946561166,4.831482833623887,6.247867487051663,4.846686591740163,5.210959756267921,5.619372898765973,5.868590227541119,3.458664531367165,5.407481579695431,8.015946059993334,5.743162545721442,3.319565871783664,5.2409896198128,4.098437963878472,4.52094784863293,8.009067818096707,9.714741843087333,6.586080795420066,6.934547444539412,4.403545024565285,4.305905996795214,6.226434868999893,4.96090411493954,1.5140607280390592,6.919852329151971,3.783506660802026,6.876945064403115,2.8801797306963364,2.5217642723449654,7.2540479489203,7.066944524619191,4.498434607684614,6.944367062672974,7.397646868867535,4.758293963875622,4.758181537474907,3.5790205237056507,6.299843742379117,6.629935581343514,4.7627675669001635,5.704540054819411,6.603291111333029,6.7969029141323904,3.9862383352060418,4.758943808078764
2064,6.36186782802854,4.943017063396315,7.36338354593941,10.208814359136989,6.8477799956287635,6.4348182380199415,5.599262302688193,4.340298264792986,4.976315329649618,4.722120303767066,1.960659180461829,5.504264499672822,7.7010825241250656,5.536510181533438,6.280737514368129,5.6910021764891505,6.131276035335448,6.259548245270608,5.355427289434843,3.4303708417075036,4.872614123140062,7.12050596812873,6.9482744968363255,8.099903006213054,8.936642727175995,9.60887975841761,2.6423267121027623,7.8569051145442925,9.079543239370523,4.857322798882211,9.203600798334394,8.914585614736591,4.70461714097432,5.4686254295653525,2.4716842581917127,3.693481083001411,4.217108419963291,6.587096426955292,6.5528609317960225,5.6104944095015545,5.3714411175676755,4.8549243492739524,5.842448614111965,4.851743659802846,12.852758162362239,-0.4457355028284466,8.059572201967239,6.157589461122239,5.186710716145379,4.968298720408764,4.721235000022819,5.024330451445919,6.4958081722259555,7.728394998716457,7.136335822181513,6.115379511032785,6.0525752263409744,2.335082276059047,6.239513042143418,2.428177581833941,5.03677080954824,2.9838662164019705,4.052896854760393,2.7875905710139435,3.2905013105698964,5.539438970386985,6.126762072103366,6.262252140896662,9.907518539258412,5.421320856894763,4.332695554835454,3.0838789467300676,5.331886246374674,6.463867638260128,4.153400197199416,5.143776503604439,5.640508158504965,5.6111612252625,8.944763357192281,5.8903141011084825,6.6458085332598005,4.400878781080244,6.290364226379568,3.6752939483949123,12.54421548843384,3.9127027720212944,4.649605925168312,5.975962486966253,4.505101195190635,5.8656693871532175,6.759206404989317,5.599458786206588,6.360907994210724,7.419423932981283,5.394605660438536,3.4655127570033057,7.623559675472126,3.913373842622551,6.8285733863378715,6.449986743927003,8.004631547416956,5.385859899861473,3.9485780847924103,5.118756721488065,3.9512458828943084,5.227046860368655,4.31649914639337,4.190417905364718,4.6308533267517165,3.2749829211405355,2.2729913519961498,6.016845362952776,4.529201019236021,8.670735497080853,2.1617129634932732,1.157374139555865,9.526969587909324,8.017342076557023,7.863477361415117,7.528582492044994,4.644215164865768,4.858555333529201,6.636537775823048,5.147158720237871,6.130808649744305,4.744225985663279,5.02458298589502,6.197859258311136,5.796423231278147,3.714241131714414,5.276898674773321,7.910572953841516,5.639911058970861,4.183059655981403,6.018206764119013,3.9177718030554916,4.496732251984732,8.316871635615826,9.944485759735107,6.482672397153718,6.80013845994004,4.377341137932881,4.307482886740141,6.13214877897075,5.7351291436702025,1.3669437575553134,6.872584666737486,4.592990228533743,6.729015383762975,3.7357214148355937,2.612392871693841,7.146968309900589,7.184683323012929,4.337800346740653,6.831150360299013,7.2787746920915595,4.727811659659657,4.595711030704634,3.4090789377689332,6.236968623740334,6.843426744001257,4.700290009805135,5.686142602562906,6.542109783206671,7.1820908227137155,3.7889881291559795,5.601916279111589
2065,5.910833839220662,4.444259061238593,7.103806143999103,10.39737969003618,7.435633439144916,6.362179744935463,6.080860861550485,4.526029372374926,4.416651522048885,4.954427610124861,2.196332207854304,5.260353886096608,7.436082233568386,5.533286092962537,6.847810748538802,6.1956721995558075,5.893745255683151,6.053657575749928,5.067084464430809,3.0088724919727876,5.3470866689192444,6.827442050405915,7.309842120323863,7.850074063454356,8.820285888229098,9.954609012603763,2.800465454853006,7.5803458511829405,9.059376149731023,4.590281009620855,9.287798043659754,9.54822276404926,5.170158141425679,5.1963481660400115,2.6849695947021273,4.218206198804547,4.355108334975583,6.913375131067421,6.301683937651773,5.337685198656149,5.374661404745921,5.308817798324995,5.53979317854558,5.027555196200096,12.572782070296155,-0.31922581280981094,7.997571542220453,5.916719517750401,4.925462806437698,5.21276397542762,5.235290945321323,5.296564290113749,7.056471730529197,7.7741387362991095,6.893283155081524,6.334864916120258,5.804206483505136,2.5371441410056175,6.05157128604395,2.5689995192257404,5.18598499894142,3.1386698448232258,3.4412587372320016,2.3547612447291613,3.4638935006090565,5.233209098875523,5.927290768282759,6.803131924782483,9.711682233852999,5.780896449727672,4.203537788880722,3.2910521543451714,5.066564748968397,6.317119081664297,4.478352609702516,4.616506517093097,5.35799725992339,5.310543795089638,8.551996917596885,5.644428121937171,6.564776541292669,4.594502290764026,5.965919246843882,3.8201034264106837,12.193805311407363,3.5782533162406485,4.379662544067417,6.032012902359876,4.221711087439741,5.680583994303433,6.608532716120993,5.308962145234857,6.816864324254649,7.152618932724001,5.875231180872234,3.7055180501725,8.230036921160561,4.085513962911708,7.387706702308992,6.151714784758435,7.829590680769515,5.892737305590088,4.121697020131562,5.186727042283328,4.050950704302103,5.816898602992295,4.554291863420179,3.8909326458083733,4.821078650387271,3.4629423290491115,2.3813473325754924,5.749302180144672,3.920720661750863,8.63165417952197,2.3238321604473264,1.3963838613459043,9.630650205271584,7.9589091421238,7.63000467068383,8.133400417225703,5.244591852383955,4.680398724334582,6.537434394018988,5.350392386323904,5.845415450845445,4.593469484230239,5.258425114836012,5.764267180221421,5.514082822682604,3.632679920111383,5.217754226523849,7.647563908781324,6.148500023995128,3.584671939696584,5.528285497426988,4.446670309001845,4.215198927585569,8.28345814347267,9.942182019778661,6.279830979236536,6.557595167468701,4.088770944731579,4.013832848093342,6.675996789123334,5.203351323306562,1.5330014103757477,7.4431149088378525,4.018296876549722,7.24139606633357,3.1052502826920576,2.813568435396467,6.963378223351068,7.599653216983591,4.856655531216947,6.538550433410064,6.9823018559387755,4.407438698347791,4.79428232056754,3.601479790253298,6.766898023656435,7.193634897470479,5.24704351375944,6.153630272618362,6.258963443392087,7.116605527645774,3.9316050870876245,5.107609801633016
2066,5.236794074092592,3.7367882260254444,5.970995645012175,9.246709956441606,6.175913062265944,4.968203058679189,4.881914409569331,3.5608956383807286,3.7397828150540597,3.9772477296846254,1.0534996774579788,4.516615624512944,6.400986956485685,4.6320671630757175,5.556222836034638,4.952796157555922,5.142036793061664,5.345768873340315,4.288364548715096,2.2909553851400104,4.126384567043609,6.171575211786798,6.081053348311357,6.854607043947494,7.756690985686146,8.772997426986695,1.8426639782530925,6.497497161371369,8.035165986844468,3.8362584584791755,8.23228072119611,8.24548390890871,3.9266317003539637,4.416050586530141,1.5975943678191695,2.901091540498395,3.43864837267569,5.7520606380488175,5.550899547338488,4.594415854662659,4.178227577358486,4.117345779282706,4.737987079471348,4.102208302529263,11.899325455938063,-1.3532937012612796,6.878216356464798,5.095431656496869,4.148025372065605,4.136252065002919,3.9725534975528767,4.228436520908562,5.803963171158523,6.574205516917364,5.884809201317174,5.3981707383745485,4.719730362083225,1.4578566468187748,4.797999051000389,1.6474183404019886,3.981866019165942,2.216822476685046,2.7897456929087663,1.5949884643512113,2.458855721035172,4.443588665659937,5.142015328205061,5.56333394433771,8.71131836942264,4.7047808237373845,3.4075227326647,2.2924036807247585,4.133398652396035,5.569237075746059,3.2365909205483545,3.921582220175439,4.394398884262362,4.066884608779636,7.73521291549717,4.940304198435376,5.235907386136905,3.6589507511683905,5.2416662484407395,2.909857746958734,11.533571953432903,2.850165086346011,3.574780304942813,5.1057013140193055,3.4244057953357663,4.911690749866623,5.894604774670942,4.135102933432377,5.556340846845082,6.097106941257206,4.66106636034591,2.695695838651489,6.9373588298048325,3.145736100843974,6.15227152449744,4.933511057921815,6.673173286020754,4.668885252731187,3.1780187890997964,3.9720497533679002,3.1601288942354078,4.514613393374853,3.491216005810673,3.086486871966295,3.898833442160058,2.4707976094314037,1.3702081286481445,4.570552948543004,3.2720585758398677,7.461546754168478,1.342097691765853,0.27336708113018976,8.532678415945599,6.747430083581378,6.682283307132977,6.86565533817879,3.901042883417433,3.8699439985411526,5.322585058212283,4.351589956028121,4.708604552330712,3.429011510631869,4.25825742664082,5.049626115070922,4.7406888141163765,2.752895596091236,4.36363217550596,6.555435759680609,4.917493022046987,2.906324312636362,4.846359318707671,3.152116929447011,3.445879476623874,7.08484048736947,8.906209273849214,5.574970551154446,5.457395979482682,3.286180314847402,3.256621420436671,5.411398068496159,4.500811483817439,0.5221090823411939,6.1846518171685085,3.340379232806818,6.004828420707156,2.471504291679179,1.763158193230631,6.261304136818013,6.410663120661463,3.5935568358216976,5.376291726529597,5.890083262324333,3.567481019321295,3.842349790036679,2.651112264820508,5.528761113541467,6.021699704016958,3.9585439968854197,4.944771028895461,5.085236436980114,5.801616243379456,3.01793141609856,4.3352571424629
2067,5.01694593174117,3.620507021514433,6.566987305347407,8.962725115886759,5.851276844739916,5.935150132008961,4.685807601468905,3.1352204686829026,3.556873764949186,3.520661144065009,0.25324847405510703,4.572260351691929,6.9854229800669225,4.279124242386648,5.309297698736194,4.735134748050148,5.1654055141976905,5.411433385099682,4.339932972059719,1.992890192568301,3.9970618515142395,6.3613426794963255,5.820649130535977,7.40887481570244,8.489659299595012,8.459069946408276,1.4465663461812897,7.116153186985425,8.73626412185175,3.912258952004567,8.046039889965739,7.989562922183958,3.776938579444376,4.447543045026915,0.8604059710899105,2.7534735987229,3.08071226206209,5.492604118266276,5.486232349489418,4.646218056338174,4.516896669140883,3.861584809848242,4.830933480603353,3.6958314410277775,11.916887726102557,-1.7661593266895854,7.704703557278432,5.161987415574757,4.210656856213297,3.3556807536631834,3.744513430765697,3.470218564357078,5.534177151748112,6.40533977555377,6.449063550627657,4.866370715892742,5.221913784742356,0.7234329941017301,5.593226345947815,1.2346779780728492,4.179541383204717,1.7881861384425821,2.6257033282092648,1.297180757059583,1.761614382000906,4.483536681532859,5.159935560875707,5.319821856277331,9.498782964795833,4.449843152931759,3.3246832975319456,1.864518289055144,4.285460016663584,5.632957001469497,3.2669264528900386,3.7169937218938554,4.71242654323578,4.739432771982891,7.379050169672288,5.0029268068926696,6.174799133065558,3.2009428054094338,5.164312978887132,2.5227614881736917,11.570475337335045,2.964966062562807,3.6598164532865787,4.727241641283037,3.497563251959426,4.978854067304305,5.958099248047386,4.7612543727670396,5.307245781591962,6.687654752256433,4.494577924481457,2.2737143465450824,6.673395445517128,2.73103810873415,5.886333429813385,5.603168253813473,7.434597198026521,4.47620089618223,2.76665078209979,4.265564461797477,2.8207931775899047,4.243601214353528,2.7412596998204095,3.1759779802390495,3.4658533211265286,2.0615304031143222,0.7098277451736585,5.217540630272458,3.1139804791126924,8.188965211143449,0.9455808015806326,-0.3694014335317307,8.302475884982515,7.601544241820066,7.2180934627939575,6.575190098051513,3.630460941791536,3.826514018220556,5.944679445028305,3.6341166985886395,5.331369636633567,3.921451429703407,3.875162282160352,4.912192189693454,4.773365717274803,2.3456535183957654,4.186386829880732,7.144146112512264,4.718383653036187,2.744991366565227,4.643791191067014,2.982262985195433,3.54684382275279,7.910182666499166,9.640962303110532,5.622680380940437,6.036854945761817,3.387640990050776,3.3542469629219607,5.169155412805931,4.303706705038039,0.0866278588771811,5.875161188202249,3.165150110955751,5.785956604991639,2.3210691573364386,1.1694395331399785,6.291305267631211,6.189326268647396,3.4230742952121154,6.0172914165471285,6.523677082572664,3.6189394449016867,3.4147876586232875,2.211023843288421,5.305962753295897,5.818567993811196,3.7250832446983884,4.752765436896257,5.731707362617768,6.735873067378999,2.644675887695378,4.060935620750701
2068,6.756920583546167,5.426366826253279,8.24496724366077,12.155450774942132,9.269980757577077,7.817660753216058,7.983986483301431,6.1741782614163,5.423747231279099,6.674751473856825,3.706269510409662,6.0292779192328485,8.535162421848092,7.098005570258413,8.740725069812365,8.123763468435833,6.689900797711949,6.709244916268759,5.935271038327902,4.205366807750295,7.256240999592207,7.36822213618351,9.33199812940189,8.895258748105592,9.954463779713427,11.700904588188441,4.344211004355121,8.73337174558214,10.092399002705605,5.438751506805418,11.055400839873727,11.04718354514667,7.010524893658502,6.06809280174119,4.118026233996662,6.158499851822849,5.887432053259444,8.791852490178172,6.977032546459563,6.166630438183035,6.808383800940856,7.19800114456032,6.417484591049805,6.63259481404509,13.99303554637092,1.3944753676652912,9.197873996411058,6.77937990815512,5.716296123819694,6.510988436413136,7.231714858966212,6.573158892669847,8.949627506732938,9.964440541607994,7.917418536011662,7.580293421527103,6.903212462791375,3.9689951702952335,7.386607352750645,4.166472174227237,6.775629110847202,4.783163130975195,4.499987443749393,3.4987053947789337,4.8823995053768146,6.180760940909384,6.699525053373404,8.716583142961774,10.743477458081069,7.6135246966566354,5.473596658943487,4.856642179829734,6.026221892663414,6.884225677459374,6.202960876056126,5.592415107999529,6.415771538019179,6.649247640584193,9.729214809622086,6.3932600813252565,7.986579642125538,6.2389341132981455,6.709772012063435,5.367213313707284,13.69570675960609,4.491112386328832,5.200434340749466,7.613999532083316,5.079013543895313,6.313617146228043,7.160508033952543,6.5231996757643556,8.759904276473181,8.242660839642799,7.820883773054392,5.444366233476571,9.930041779577735,5.673304544016717,9.230433958768844,7.449286299997139,9.083571398524304,7.832744135175436,5.734465266338416,6.662486312219075,5.667072992239675,7.779051482677458,5.868483402433675,4.775305570023399,6.421253863402779,5.049434939452583,3.726495722854247,6.97907168418169,4.987567354632277,9.805671922596444,3.865361719259196,2.8160824351012717,11.511416653224396,9.232340162992475,8.582159605941598,9.839541486544272,7.338569588533476,5.702916884848048,7.907674735624878,6.616298501725704,7.014358456645694,5.915052279191361,6.932112527745111,6.61456319679107,6.375620912654061,5.045403500965668,6.446919313073157,8.746109981622013,8.05418336050851,4.643412666874271,6.4269798500197295,6.3800776608953536,5.050143250397275,9.50663882611053,10.939310542680325,6.9674922623804685,7.670897525761812,4.928047316414971,4.901427011617591,8.582639454943797,6.177060721601759,3.0443173680986684,9.35416200586728,5.039024041380203,9.059752916331803,4.182567651569843,4.305500187192644,7.637616237505736,9.415437901871547,6.797168915612355,7.768689692341387,8.131655808689542,5.424845887081965,6.435134199793853,5.172437569232926,8.708111037526812,9.053904195043392,7.255584707377213,8.037008920737682,7.494695920177866,8.497987390216442,5.393326349982195,6.045814670728785
2069,6.110798444386041,4.76190009545535,7.931100452212351,10.568912111861366,7.1385447340352215,7.504820658905167,5.8518201781170704,4.39789103780474,4.686705176745147,4.751266972401312,1.7343814526019359,5.80584774081196,8.190451441173042,5.318913200337971,6.616217155967443,5.961445917401992,6.347640067445383,6.550859543521488,5.596267409622673,3.138491144563472,5.168864689075521,7.455038441677706,7.238423199419462,8.58920342751912,9.72038566789457,9.551300743807642,2.683006637224132,8.382324973068064,9.921415597360054,5.123719082932387,9.562976492941383,9.324483490841725,4.99534556152565,5.694996016802228,2.2972676496420603,4.012887893457503,4.289782777854376,6.612678471633371,6.635387661627359,5.854099287092685,5.83094519504479,5.078776454074045,6.112671698629857,4.892566724627143,13.382214174951828,-0.43625641598232934,8.979897672842656,6.43531819152247,5.476133861286301,4.752723681820293,4.9959535081471715,4.856786015443505,6.776525544588055,8.062663090229032,7.6508478077394635,6.075261401917253,6.5522074994232,2.1423797907573863,7.005487571656703,2.45068089025361,5.451143464126756,3.0078593603202295,3.7360145779592644,2.492955492330449,3.1116939241332684,5.754423117650942,6.3612955767927435,6.518686453998089,10.64399092282568,5.590723693936265,4.495679948266066,3.133997667793719,5.638588441456002,6.786104207485917,4.5100738199693815,4.845422271106924,6.018161327285426,6.170312191758839,8.146600673879894,6.168330232160429,7.663705896053998,4.417050552474599,6.31024120897055,3.7154741438371754,13.073444959095543,4.12577847668103,4.952460113487073,5.817032465764456,4.808262707505908,6.187640144622752,7.070481297799521,6.143271015637687,6.520601871609693,7.920551170195849,5.659547098406726,3.5301208199134897,7.9880446242434635,3.9663326425211753,7.089122673642954,7.005009520479612,8.769337102451496,5.672714269693408,4.0026471806424,5.586819134599397,4.004399730903765,5.546257317279067,4.128127106598446,4.472276493481227,4.655609766074587,3.340707655038152,2.0889003405081388,6.559207700472327,4.2133067723895845,9.553668095384324,2.199074983596801,1.0624532746417152,9.857228972746192,8.973729760199783,8.36646750654493,7.875828640375818,4.993297351204923,5.066837758677348,7.32555376155568,4.958890654678852,6.67681091366602,5.24998306291444,5.1125301946486745,6.069723306383405,6.0134582042694085,3.5785651812595987,5.427633658902989,8.439600806576866,5.893007305370907,3.8549107205654862,5.76019486614636,4.218629322254232,4.778183204680682,9.27598444473531,10.813171129567287,6.728939554175096,7.3392974369365644,4.661454048752786,4.565481341736659,6.423687820349417,5.450505623381052,1.3747991191489377,7.139364527804513,4.2942205051226265,7.012038367560932,3.4183303610554767,2.5305594765847292,7.380151095134873,7.460132938623427,4.639760708915338,7.349428691821442,7.798290820739099,4.947944075055424,4.649484843015669,3.4490232443170887,6.496866300914969,7.146864325659618,5.007494762539864,5.9733514283916795,7.0837135708757835,8.221198329542366,3.8370993260826376,5.256259912571733
2070,4.8434508613976,3.5780546842675154,7.581080676295926,9.792471282450215,6.754006047759735,6.931531799052441,5.593088804824007,3.7963817189846703,3.3509328791073383,4.184847707833565,1.1212255637959727,5.048823757576091,7.904893618609224,5.110697366244025,6.299938281944825,5.68493776640722,5.682620551889498,5.858775391003914,4.879131918453743,2.064769603099143,4.927344398014244,6.513430181145666,6.710403753072025,8.288739503334675,9.35053120447057,9.502339944349869,2.078537712778363,8.040290297887157,9.537570467484848,4.380756061630589,8.828371763229372,8.96480273646968,4.696091095012213,4.991969353705646,1.710111769288776,3.732878958513695,3.684579251919474,6.479845178499818,5.676448832312601,5.168896087365491,5.434950396844321,4.748792441827907,5.39670614759837,4.339875868282146,12.561065125465394,-1.1272172230162802,8.590140857015339,5.7565311848052945,4.686610395993506,4.144172290326762,4.706701527535913,4.24747707386102,6.442579680255483,7.274162455541744,7.354175085946916,5.526560802744436,6.110863516586164,1.5797957350632974,6.536067146967568,1.8269453101924509,5.082290852708479,2.3924145418618417,2.4081472527767933,1.3549054844038826,2.5772376447916017,5.022903804055281,5.650962506128209,6.217157063526766,10.274781207953183,5.241700131978307,3.817275436541863,2.518014018397245,4.945177789351774,6.072927023789712,4.198693266723841,3.520216361539703,5.461573048148832,5.735269885616641,8.853491299652626,5.49214333454147,7.134971434729444,3.8163072615861884,5.275929439866117,3.1452801406383495,12.197519418171476,3.3400905506153187,4.147075789741107,5.554219257831573,3.990373916285381,5.4335251697472176,6.37901855153697,5.716688277253082,6.329506496552912,7.637712124615377,5.41175110388015,2.9643051594495766,7.652358409602731,3.374629737463381,6.757769597694272,6.608672092216355,8.340607470806159,5.418401461400625,3.4029720649123183,5.248753017187121,3.410499437366216,5.196385593073713,3.5254086861653002,3.6628074922731977,4.077856025525504,2.726157329337937,1.4954928192709194,6.1397310669933045,2.912212336183127,9.069130147993565,1.5798656355057439,0.433289693695095,9.098507063729423,8.496025607149514,8.085466253438167,7.517797341570262,4.667070183796544,4.356434117044719,6.852334507874081,4.391706531255374,6.309052991441315,4.88774283026744,4.564140048356994,4.88450684669827,5.313284244281905,2.8327307106128754,4.774499570099373,8.054394903991904,5.62418969289533,2.5228614495268893,4.457139680348339,3.940486895439348,4.002671498060228,8.81180927327701,10.438279063361032,6.091871172296151,7.002260525098867,3.859298240978804,3.8010548635252883,6.118078376991408,4.115899750058139,0.7571064024099268,6.793460962389195,2.9522833175425003,6.752048929740806,2.103082803104604,1.9213155509904014,6.7553913176059694,7.054814185987095,4.364309207456452,7.040084187047823,7.489752719391668,4.194670647382741,4.054425804742744,2.8327911069749723,6.218060028978759,6.655038422771862,4.6786565572023395,5.630728341426165,6.683746693815503,7.694590082764625,3.2647703888160833,3.9005891540220836
2071,5.15482707864472,3.670336190611124,6.649400225175276,9.773521022711485,6.841398798993657,5.872060450060032,5.572514578061444,4.275349368349583,3.635677658926166,4.668780839868956,2.1233597863931215,4.542733862650183,7.036167398095132,5.553541729918548,6.3074386294399005,5.662586258138932,5.161758758234128,5.391187022466745,4.313993468880653,2.5232586895165583,4.856331089059158,6.2456837048488,6.6965081500155605,7.4656786818589485,8.508771036565305,9.737011108228137,2.6038258144365907,7.157993340013283,8.7553473365094,3.866489040745156,8.751564005443024,9.019389678324968,4.6826945037714065,4.435210617950983,2.6453575218894647,3.687171100292888,4.065787571349313,6.629879088486943,5.566859269488073,4.6254308213080675,4.815873534338813,4.827628260292115,4.818622297953283,4.784994561970238,12.367763989312305,-0.5069183988230576,7.686566530806678,5.231743851836239,4.158869251874942,5.084090216244972,4.6937374104346565,5.17253293756928,6.4815309841717985,7.1516486647937985,6.494763268636807,6.169088838675194,5.271366465091709,2.518054414434092,5.546347930601667,2.3591538931642226,4.63245808652469,2.902644579751147,2.679887076999459,1.8441523643476618,3.4247737837423187,4.449885878499065,5.157212826130646,6.241960807144641,9.472456256832395,5.35637400984498,3.7185571818745564,3.0726903938821377,4.2872883339811665,5.64174216703645,3.940197507824219,3.802413605259998,4.7113446150507245,4.730934959011422,9.218962545480048,4.984319405237745,6.1233888736793,4.330840200185773,5.24313431893076,3.6225986366027167,12.016465772901265,2.8995357762490026,3.608967525618418,5.985161133749144,3.439894916330066,4.976052904980523,5.952748722370182,4.787903282897811,6.396120957391601,6.744454075981462,5.379414402906381,3.3702712233577414,7.705668246533191,3.8591957810734017,6.815809628167854,5.619359098161972,7.440620699258787,5.379049517852921,3.900662793032825,4.709412744109125,3.791617343681201,5.225079931265542,4.45068942787392,3.1046857762549607,4.5757186791726525,3.249385172185222,2.3679805200014803,5.214458063244819,3.176888568167177,8.255589435249567,2.131311673404916,1.3039268643728328,9.035907480420013,7.590927998508723,7.266780826875141,7.586438308017596,4.659608273740324,4.033245230785436,6.052795021023067,5.263958842094456,5.382082979168212,4.121864225968186,4.958215722228802,4.996335769231831,4.760408566040652,3.3206496484577652,4.724519854677574,7.189097786747981,5.62350346257112,2.777141021617821,4.754104225231068,3.9185211907540065,3.4892280944756107,7.905572755102604,9.673399078845977,5.6163263050307135,6.106871623492669,3.3256485228027612,3.2821766832045136,6.12126711181232,4.396980548756469,1.3600937343069477,6.867473952791518,3.2342777375131826,6.735971532602392,2.3813781349254506,2.6915299375142374,6.301815199426243,7.061615856630461,4.317460709597387,6.058702961115969,6.553549846487918,3.570383210819479,4.545586262802994,3.3799994832703044,6.230838800328123,6.631568524454325,4.6584633656112215,5.60790325573513,5.743575159992493,6.698046801345691,3.7474917186158034,4.222798727239881
2072,5.813315142052515,4.413101164145129,7.110177197413789,9.799341614757262,6.406324536353349,6.419669930290964,5.159149059972595,3.8236606491463534,4.363693050082239,4.201700900761143,1.5783331649644037,5.229192440850393,7.448071063629217,4.967166786587663,5.859526430921897,5.222981544051854,5.858764523320968,6.032494209493909,5.050514426614557,2.936304211403643,4.470624051136632,7.088253551082951,6.438311140452113,7.866588768788747,8.879885480752481,9.139419878540298,2.1586110960026943,7.588933211777893,9.100141406671279,4.556586502918178,8.768109504665647,8.63365449309349,4.29176179873092,5.154055753324484,2.1173111958163098,3.2730442072663974,3.7279024623334385,6.060878413303621,6.252690176452908,5.32564404202359,4.97927625823234,4.389876173090723,5.514918598745552,4.3672149287802835,12.289850882121495,-0.9909135870635485,8.071043535428387,5.831971944123509,4.869218855989833,4.542185371688436,4.248318523807186,4.633673399473938,6.039994074563899,7.146523813158276,6.907626570056061,5.736716175505094,5.757572624725955,2.0044012695550903,6.043445684228625,1.8859799802303299,4.625276188020199,2.416404440253971,3.4157912990876618,2.235712361335755,2.971170037133354,5.194599574378556,5.888298490856373,5.8119091886494845,9.822511496607746,4.964228688712632,3.996754382337847,2.609085129520722,5.005985774738453,6.296089286037855,3.738681647341168,4.520200544169971,5.311234953148023,5.252644622715057,8.22627909226077,5.653024340713663,6.628209702085171,3.854592456987928,5.9240384776145225,3.20590670321669,11.919164526462557,3.644242351395743,4.361737187845368,5.408523140475154,4.181864673324992,5.66026065277734,6.576540309616497,5.239210987091066,5.874676504677958,7.168448208432113,4.964876387694054,2.903240043350627,7.265794747642107,3.413735310094697,6.391535243604868,6.124954461625648,7.87394483600344,4.9643713768039435,3.4413356457437794,4.781555801949334,3.4827115297317497,4.763604691411768,3.9168952479958565,3.8585204495915337,4.1326684304646095,2.807936963438989,1.9452457818601816,5.671372018541609,3.930818628626211,8.666564115456172,1.6811958994184244,0.7605220343917606,9.065431428886948,8.019654448543276,7.6579980224370985,7.1589381279689945,4.16679362420525,4.493483127014977,6.415019962883419,4.75769103552614,5.839241362186816,4.4027007315840025,4.531739569987569,5.695202557955471,5.469450271874667,3.288470591178963,4.880750666665182,7.622553864547186,5.210134106022968,3.507437642557276,5.440136803899494,3.4960490905812827,4.207321557402611,8.329165756702423,9.978772022042953,6.277745608772552,6.540492508294327,4.0860385238059935,4.006494184902736,5.685504915006462,5.128477026735033,0.9142228119075289,6.413478312852593,3.960849274056299,6.318348805499929,3.1189719391720643,2.2054897929940895,6.946649537328631,6.749776160717011,3.9065596185624623,6.530044803449087,7.004253610941978,4.348340685426124,4.084737508477911,2.9070070968674755,5.7861749275454475,6.386475005320142,4.211398545120444,5.241755890846256,6.216068896438394,7.175753994109781,3.3454685415540433,4.953674507141116
2073,7.964964701022427,6.662407817372256,9.315575557627852,12.313070487976077,9.200970043454854,9.109522623036586,7.946305869306837,6.874036102635522,6.674370049685241,7.107449819786204,5.138612739954671,7.372211329532526,9.474640542481627,7.915182739735717,8.7757335879973,8.115048145502808,7.937943022378853,8.027299532986117,7.273821114216535,5.4025999541793555,7.30520952812263,9.228666215496398,9.311422614540373,9.808139782092933,11.03041677709137,12.056588013363733,5.094161336336817,9.709730379416474,11.158910116127563,6.725210628764971,11.270557673914098,11.315437307102341,7.220044212681912,7.3612864317638484,5.462086202842847,6.290138405135698,6.588164154972352,9.067634610405989,8.363978971221618,7.473175054788591,7.510958674124312,7.256799326624186,7.7759404521967666,7.252176278190951,14.646139247076851,2.1805240295827395,10.359627779998952,8.078821281663007,7.099380628977509,7.972871477901941,7.209795499380146,8.031127015215215,8.859451335242818,10.106178898470745,8.889145658431309,8.652591872215272,7.952867868116927,5.347134656565532,8.499545071806233,4.827425535661837,7.2628129748361445,5.413847744890623,5.679302561921735,4.747230670734174,6.171400970220567,7.447327992745811,7.982985294290951,8.618406513759064,11.93458040952683,7.718778929540091,6.393775921102083,5.582915964403324,7.316693543536326,8.264762988047947,6.536806106567387,6.800081805033341,7.542312395998408,7.675155508943968,11.297590345995769,7.705177207504,9.218477828468062,6.769438049835817,8.055113899707795,6.059016868472098,14.371775078773501,5.740731090307236,6.622014695831701,8.399822592948171,6.4869671799242505,7.718424602917264,8.496925567463041,7.562083593110687,8.898362908405916,9.253264768288604,7.776097886051449,5.943446551050459,10.043522060981818,6.390263416085926,9.1303166019065,8.482527680907932,10.177625863147634,7.808966630697253,6.40990950976099,7.3291635027953586,6.274948109899246,7.721235833210608,7.286449599691803,6.16809677271106,6.97983652693885,5.768132627329658,5.1127315223217025,7.97656350417861,6.164005490711755,10.91228792241641,4.63216066339186,4.081429188166346,11.632044108744173,10.414451110948407,9.543884733745028,9.900901394018105,7.287534840192113,6.884722513093479,8.846131548285488,8.011823268766914,8.072830329995071,6.8142839410475355,7.53158187940717,7.9545029774308205,7.662814159059363,6.093304452665949,7.469398873299362,9.752718693097787,8.022655419366703,5.796707729356628,7.691469837086543,6.451319738158161,6.394848639624459,10.701429383563147,12.058641311100548,8.233745545441547,8.677064240260686,6.338646125261273,6.181249826295035,8.5598418793508,7.451755462374001,3.9472464911639675,9.203850265485903,6.280818849802016,9.113285374641421,5.3341203207416195,5.369379306691034,8.837766420129421,9.429083644492287,6.854685549970182,8.806237765933789,9.166610425072056,6.7258869215846095,7.077235145654002,5.835251396309052,8.60124717131257,9.104526865482331,7.221043413451741,8.04443729754005,8.508293276599476,9.769058856793817,6.147700904096873,7.2879786420746635
2074,7.882013449817899,6.498064735425372,9.192451341024467,12.587215414217544,9.22346784227661,9.128941625995294,7.814541660036361,6.863803861689353,6.483277402871422,7.222581778573138,5.281890891173056,7.174843481808369,9.323242053389553,8.140335373580458,8.701173978618217,7.985996916464397,7.71905432541389,7.817299558594823,7.063527616113425,5.398330311157873,7.11412334708231,8.714224625259106,9.353629616328647,9.673368800005742,10.965760279766151,12.302051210403445,5.121218827153958,9.558769318674294,11.137555315664839,6.531425862652913,11.446378762168548,11.267358317971226,7.027550092339517,7.155243487230371,5.6436598914010165,6.084711923024484,6.616059896882088,9.119644949265892,8.162267675144335,7.260290892954382,7.314111766418708,7.160939536562989,7.542656560880797,7.279495499602388,15.220549903597147,2.199828611846481,10.32110602940832,7.892229252415046,6.90174262865746,8.023432667553427,7.071168383317335,8.05718211169754,8.833264658706533,10.332443882631408,8.720650670996736,8.672887680466687,7.843667519944053,5.523964123002118,8.401383143131222,4.868393011763694,7.050655439496043,5.434378877282142,5.531550816925511,4.739728036522867,6.34406436809472,7.257942961369244,7.77638411351613,8.532319123830112,11.922952307973592,7.641709963538288,6.34593109435269,5.6590846278837725,7.116636939133916,8.039532484965664,6.305415020244462,6.66400079354644,7.373425652512485,7.49482226031167,11.864130530187062,7.496128111545529,9.233828632533552,6.858370924581375,7.860194116617953,6.082609471545692,14.904817564146866,5.5475344109748095,6.392702719994958,8.548619147922308,6.291219730462346,7.48751866221428,8.290406267770699,7.363193147948809,8.898367085201393,9.088043087215295,7.627930363161223,5.928495444250958,10.015740195821442,6.40953197825168,9.076486599338905,8.307470403445352,10.104732058303696,7.648266270756725,6.460260936358411,7.163770168088376,6.362244216299485,7.68570677685951,7.342213671973778,5.952537165688615,7.082986944594555,5.820392198328465,5.283667883915565,7.785472632944587,6.0314063125423045,10.95003184505871,4.652558607554861,4.163677757818783,11.86104839508022,10.409562874266083,9.371949666605467,9.909828446379729,7.203972404556618,6.722030898077148,8.773797834957284,8.071490604749746,7.924025898373549,6.596984333839335,7.502437539032795,7.778271752383028,7.461471262108534,6.1636363280138795,7.353286069205832,9.591314615389066,7.872845724225044,5.671546225888385,7.5382093363574585,6.2681273390139856,6.181507862093193,10.68871841388089,12.022972687653134,8.00719937064818,8.555466729402548,6.092134065819638,5.9826387898730395,8.491160717393669,7.271805750418981,3.9455184352850265,9.228310724497506,6.088582878027644,9.018819643769948,5.225293229866241,5.483632871508596,8.633985481427853,9.414003538127453,6.649101908185652,8.641677513292857,8.972331612663615,6.502889617984848,7.1106193989515285,5.928086402080954,8.518369275331498,9.06704433382422,7.107189298953327,7.911874565907887,8.324585309731109,9.758221520909242,6.170737536038673,7.296744382807192
2075,7.619374673813585,6.35530473068357,9.444516470176833,12.873733408110482,9.755571871570178,9.343939732228003,8.480938738584516,7.041287517547606,6.305883199402265,7.381886530348233,5.542294019673553,7.197116671928342,9.608121599895613,8.156532667630481,9.305841253697876,8.662171311889376,7.718551032245161,7.850036336082436,7.059057366315809,5.2946414628199205,7.795054326738632,8.361715288140948,9.861068883963995,9.964351682577814,11.160347252232688,12.455968984322888,5.289993268251421,9.858940312904972,11.296936368942262,6.557067552741087,11.777581080305389,11.781079972216066,7.668558478355408,7.140012526299272,5.927780317408696,6.787416680762541,6.758320392987557,9.494560005622251,8.06201616802386,7.263551595062016,7.746387362480167,7.749845264639175,7.597264827362129,7.431732907465526,15.264044618606567,2.411856145305292,10.474038099391118,7.9442439900445105,6.92732080050877,8.208569980093415,7.766037518424645,8.219648805047786,9.39981124656541,10.684535915085249,8.994642844876005,8.803556920588022,8.064853458745139,5.768531137279101,8.659232254113473,5.048407307653022,7.56485809172903,5.609214499592783,5.342287308403423,4.626311067491772,6.603713427696907,7.238154341496657,7.758328562549186,9.123179781436919,12.007579643385752,8.136983387810844,6.443799893664467,5.814237357037409,7.143313484851802,8.072481193526517,6.924067369529178,6.4507312167968065,7.500214862823486,7.7889122514852485,11.776288250514439,7.51180797466742,9.42905249212469,6.999086723157335,7.753544274717573,6.236440405781778,14.995509794780187,5.598547097401959,6.4266323714384,8.604797245375815,6.312329113696301,7.52621131837368,8.325180580147677,7.655248152358191,9.395956858353955,9.368187770566774,8.28560436282839,6.1999603765351425,10.538620954113352,6.571535432338713,9.63603196314403,8.617327757179737,10.33695996933218,8.313239618710108,6.619320208632521,7.647135896767889,6.5276163466274735,8.288818228244784,7.549025902152066,5.990418201578516,7.19899770319462,6.014432510307858,5.492737387546469,8.082714076872387,5.827621410574231,11.094176362667769,4.848901842591088,4.393824527944839,12.175966002259932,10.587823727407626,9.643071090323588,10.421118990438327,7.8542731787477225,6.771559633208175,9.052123931476048,8.267021272012165,8.232539920029895,7.0126999495284945,7.7263256447655815,7.629651461115907,7.457873740260092,6.268641918684754,7.445524798626346,9.886259100938744,8.515682286875588,5.474070091439143,7.331365030578201,6.960204951651399,6.230557591574533,10.859854169356238,12.150116327830718,8.022058070504238,8.81931813753077,6.147357686502595,6.02820897629551,9.118348960365568,7.080568595869202,4.156363156650749,9.760130412237988,5.923045826809748,9.6583455243281,5.012200639702913,5.751412031480246,8.636289750731416,9.94421513293471,7.349902344175746,8.918586696045743,9.271994997773854,6.489135342836381,7.259883563859121,6.057631869826998,9.125964808464051,9.594406561340607,7.783570507361687,8.532676793847768,8.622731555359701,9.963797069021632,6.305392326840334,6.943761555637629
2076,7.7136321389249405,6.404884241468141,9.209750848955341,11.906831806472367,8.661068336984941,8.756173666779487,7.5111907686506,6.557983935624357,6.393633464510949,6.799611194431782,5.38328207145844,7.075746734121021,9.375112932068962,7.7000785714813675,8.282402723122923,7.6455764681100895,7.6517500106777465,7.777280693501234,6.965105633517462,5.3842962193701975,6.871036094639982,8.921608038459508,8.725807540544443,9.742906692411221,10.824611128228058,11.77986747877938,4.78349209787058,9.58369997789019,10.91594253608159,6.402827967969437,10.782612919807434,10.944221094037802,6.751237018619265,7.033031634347779,5.744753452390429,5.772379167431168,6.320394356389133,8.720362711591381,8.141686441430023,7.190075470959503,7.158239981638535,6.81572295693415,7.440890247268341,7.0052050255106,13.9066600050245,1.855539164372853,10.058725759732937,7.764407791729484,6.743608928365371,8.075453182735616,6.696592381505093,8.126929972214358,8.319863325570312,9.45029311648437,8.826698556861704,8.621669767796995,7.791119818076758,5.628943216534592,8.21332887613348,4.49693626261183,6.835779310736272,5.084661440764156,5.43008660684739,4.646537882302487,6.49602975845337,7.085962371155623,7.679323292417189,8.069791449819297,11.67046392985753,7.352907524364339,6.186968340415372,5.277976671952223,6.981908572145872,8.032001648204668,6.086238152613598,6.516346660336216,7.278581190268912,7.43665935799613,11.13587587305478,7.470192779387744,8.871033346440111,6.454707716964186,7.830157842593535,5.787490328401328,13.565173891612469,5.497866467652576,6.295377757985679,8.173529630047934,6.131378065049652,7.452838958161218,8.260633508222444,7.306752607439242,8.47030094861984,9.146753434437727,7.31915155798197,5.605194018142566,9.604349373493875,6.095079281314142,8.568457585746156,8.301211126468008,9.943504948275432,7.355716408363417,6.116148647772417,7.033240133949691,6.119597023725511,7.159711442249161,7.421636591851719,5.805471944596082,6.715350612146518,5.512112623932106,5.37945659729303,7.729165416955951,5.955819814120019,10.650368843121191,4.315966414553782,4.108245534130507,11.14109687209129,10.118866675240653,9.496632988112317,9.433351280008043,6.733183064205311,6.560240998997219,8.520101357357843,8.156786323551621,7.942962111692343,6.5738913067749545,7.204816156359659,7.675041361725225,7.339875770466667,6.126562178800149,7.18539517862456,9.60952849462629,7.510130552734646,5.52155943241502,7.4281966877302965,5.955626767767328,6.08507571518421,10.409817218780523,11.827582464899335,8.004545472242999,8.569893850386142,6.014290164411071,5.853206352995976,8.082524954660668,7.16579885823386,3.7463855882840464,8.681399093688068,6.001591813777177,8.719024601791586,5.113991989833966,5.416079010495117,8.60874605258661,8.933200262593374,6.356070126380242,8.647018709778791,9.01249642191189,6.326505241010869,6.801913321763277,5.511821176431013,8.090648541280197,8.585256470526968,6.667457239516075,7.5218165612646475,8.307105361989569,9.415932625957899,5.924636133228029,6.970013126012471
2077,7.145293371166504,5.773139899703007,8.451299078123911,11.827855697699956,8.327606500046594,7.726683839729856,7.040434220858984,6.291701789173699,5.780379931309391,6.555100239387579,4.467738582832473,6.514813709152597,8.673270479323612,7.303587391972544,7.788646067891804,7.171313653034823,7.089831843333583,7.223173865303393,6.378071036296232,4.649330606205121,6.321540606873374,8.06116537483675,8.503520342641108,9.062187003450735,9.99394649107541,11.161919643729926,4.4939582820449555,8.870183026045558,10.099516597815922,5.871069911548073,10.735017867173468,10.406637166866236,6.235292354864736,6.46991380719202,4.884458872675897,5.233865270444328,6.0160676313298085,8.147505596918718,7.481714719986279,6.597112349101481,6.568294016804014,6.391247871411697,6.850709071755409,6.685359529938015,14.280266346250261,1.53687419391104,9.14739054875183,7.204827330873487,6.2299675008016,7.301323167766847,6.247531427655902,7.3573828548192965,7.9488986470869625,9.496840595347543,8.093367788408482,8.059676700404712,7.1102367359612675,4.716368733559339,7.377884784766606,4.252023799078807,6.29765367316348,4.815109363411158,4.840804792940618,4.002534753509931,5.575286042264532,6.5520931660064665,7.130339740216735,7.697659031644327,10.94018250874111,6.94556382585849,5.723351964780263,4.992104801961351,6.395288984690392,7.452538135132219,5.535418194958141,5.939685587159226,6.667759644080489,6.706079398734229,10.725529998886797,6.85600873732141,7.881963486251027,6.221506763994695,7.188178660507712,5.485232832814968,13.97706941195897,4.937192473454135,5.723197445659236,7.76988172020231,5.595678117232666,6.877346549715314,7.723593304306274,6.643567247901643,7.911209590679836,8.414305640863521,6.831937902952948,5.293641654934202,9.105804009522718,5.8040965084518685,8.244346645048687,7.544813585281372,9.117212695096223,6.86115020258086,5.832831332978928,6.392573969385456,5.757719685163881,6.765482014896616,6.630358736004151,5.271782574909076,6.443313606722016,5.194348294181484,4.475851968356541,7.064426153046747,5.303645515016148,9.783077371379893,4.029592260931224,3.452809787648062,11.113078713842798,9.183713376947813,8.783702237691202,9.010094859078528,6.245454961061479,6.0709356772048135,7.816249772480558,7.366990698235376,7.198341299699884,5.876384274235794,6.904318353959492,7.053927488119477,6.784015502567801,5.4491663673094335,6.733012581297329,8.92721242191536,7.087109077402525,4.969991552403992,6.819258363358675,5.440383121797017,5.542842138239315,9.467967371429713,11.02152686459678,7.417479365319013,7.838913929143124,5.443444791649071,5.335745751997067,7.629005828925542,6.527718804585414,3.3306239104380713,8.332993711744043,5.397881021936025,8.19120091295668,4.5262655572134225,4.805456916775021,8.056895932768072,8.632714025995561,5.843863959823339,7.882674567853765,8.289011898636819,5.772782100949973,6.525723146540776,5.278071432134936,7.685815390917873,8.333776510293994,6.226377304962705,7.136512146677293,7.5949167210608755,8.425913466918944,5.553504538536073,6.409535176626276
2078,6.760931306119481,5.329405294777826,8.556615708981244,12.031991693803247,8.978328171132935,7.80206403562001,7.642747756945235,6.555935852655343,5.298892857560091,6.883107044228488,4.6764864248888784,6.131143411461799,8.767364884753313,7.586032970036774,8.471256131785257,7.807316526770592,6.767638383167131,6.868327273534878,6.026338495633435,4.4120793874774655,6.934240438363385,7.482300275138445,8.930029144457409,9.133458028307984,10.069194279823984,11.81114333186831,4.748695739465097,8.950478494885775,10.168532627820971,5.495748370460104,10.794105198979375,11.037936466932305,6.846420191867008,6.1255846979362625,5.024023428133554,5.907793671744212,6.1795072800612845,8.698556782943863,7.1737837474261035,6.269388168198725,6.807514813515757,6.9703041755727355,6.522923929803076,6.962710107916166,14.558598402568272,1.8183477384237847,9.228332453753264,6.9409298082547535,5.789845078651397,7.387151098171518,6.894199895965201,7.420204642415048,8.610815287394711,9.567452878611428,8.175810939712184,8.202260237000884,7.107970631628166,4.9240424982138995,7.463402372741674,4.4873261888112355,6.64093956819602,5.056807857751849,4.340421260574036,3.69334245451859,5.727293884434867,6.169404094134054,6.80310180272375,8.34963017489229,10.972812696865626,7.413029440173086,5.577936068602974,5.279159476421774,6.1308457953589315,7.113714916099396,6.0113508956772925,5.461519596832139,6.497077013552188,6.804794392841206,10.719494593143462,6.542655395490249,7.968320651033095,6.48045920261315,6.838569316055094,5.735296048436845,14.169274221147813,4.497205043051924,5.28941646282162,8.058870175307886,5.144381047572413,6.50298077120845,7.3797956470932276,6.692165621795825,8.561069491079879,8.505077382496426,7.457286601939375,5.598451323168618,9.797044282459787,6.055324834811368,8.899583845904894,7.655026588695391,9.19510141376938,7.493473294696641,6.070469782395023,6.711251614349233,5.91831357670682,7.444235472700429,6.7156077027320915,4.809492959122036,6.711645987204148,5.453433062561921,4.637957730197479,7.1390052390950105,4.856263039686852,9.882431775757244,4.296321779808826,3.641250522008967,11.21376959404775,9.267658175115606,8.85796915973936,9.68464856349996,6.960055971997123,5.828188502362795,7.932245604906765,7.450072039450918,7.269245969184807,6.037670989228147,7.219182988216303,6.629373379477437,6.437613712570498,5.443565682055698,6.6857632281524815,8.998723104702577,7.7138471857777695,4.436209470619048,6.386790438741444,6.09656044883387,5.100280459730755,9.563170570188337,11.058559031145913,7.124130811648709,7.9265973043494995,4.996614895548137,4.906940302931305,8.277694412640164,6.068522538457597,3.5747900520052265,9.01105934253761,4.894785953206678,8.851271368988922,4.051914147154562,4.9767951056361195,7.766608498910708,9.146249221212098,6.4712460709469655,8.005101414876325,8.37973735758237,5.375074802339078,6.781996386019247,5.550617415457965,8.332803130469152,8.71676826370614,6.866938212854852,7.690640772240501,7.685072629792344,8.49594222732953,5.828607314080004,5.993980110543114
2079,7.211334205951014,5.921650815369297,8.91232361931886,11.608673273239818,8.047838586781703,8.66470326717411,6.80337287251438,5.605736273793237,5.8486823747200605,5.972368738055228,3.3874237392629896,6.764802978294238,9.094983634565555,6.805214867421557,7.5612350283988885,6.9380002251693185,7.35938748440572,7.431632981130057,6.690386184052167,4.4765995134200365,6.119022223779133,8.384617474462308,8.28110691010952,9.445685502248152,10.678807271804128,10.938598146396028,3.8957280551615603,9.312657392876488,10.80552373273032,6.139434398763947,10.572366831983835,10.110741566760199,5.991128578782081,6.778353652996671,3.817680318281053,5.016957622553621,5.470665709248614,7.87319468642984,7.61806156502238,6.893874311872892,6.765820357629232,6.092205962964468,7.190731660808834,6.090818357041904,14.576258679798672,0.9041369377502374,9.966601436904503,7.489919615004745,6.489050674438478,6.24089448968215,6.005878467751401,6.30145347522838,7.720580444910699,9.38380082036768,8.462449716595334,7.284854618566378,7.52079576977662,3.711898771354127,8.053974406634058,3.654423583831106,6.3643225843352935,4.211214513863836,4.943895440867967,3.8051062757415415,4.620435382319347,6.885313945582934,7.38879576176239,7.472813238309964,11.631988901751386,6.607895799619811,5.647469351440667,4.374080467649868,6.723943684250118,7.629317127061742,5.446918705957277,6.012435727140735,7.032889369236571,7.2045130533831445,10.156240852496456,7.117257356111491,8.802659248454232,5.615405104415754,7.299875964011465,4.895740046086058,14.253742490495954,5.184711264925344,5.979570614493317,7.225117088428566,5.8698291437966486,7.0639495188636445,7.889947144474302,7.08463880292007,7.68213457422597,8.837916695699098,6.622587268693107,4.699792392977648,8.870768609430112,5.16771700551201,8.012753160630483,8.032718797240939,9.793912549396712,6.629963222997536,5.211525337664146,6.564113773618427,5.239319113003354,6.5313044741749735,5.584246672902793,5.555973264149255,5.859584037001643,4.550999603526934,3.587285252660513,7.516734232647075,5.430001085610791,10.555159990915232,3.4177703295435222,2.4817247049217768,10.913903751650023,10.03372591475823,9.126844416345872,8.756063553211947,6.012968096562798,6.159831341462476,8.346502035856245,6.3886255239801715,7.654942073939102,6.197251779107109,6.298941674189909,7.155949231029289,7.103797472800526,4.968255123389622,6.570231012787139,9.340219421471867,6.8600315323897805,5.071702008694412,6.873124807860171,5.2021233654448,5.7901904093367715,10.305711713752574,11.719788791452132,7.649613678242479,8.266613188385962,5.700390685881885,5.615576267668178,7.38857173962253,6.599084993345398,2.633630320429801,8.085267330493252,5.4723501948972375,7.97160316961152,4.636783982813363,3.907139752592356,8.284971255809072,8.428706502062942,5.601480542602285,8.378847530803514,8.741038334050353,6.126008697013771,5.869693662971258,4.661098230736596,7.467853835437977,8.091840958595276,5.980431206417932,6.904441464479481,8.057043012976646,9.330186464105337,4.997550697391854,6.541558542847635
2080,6.932464666451738,5.765691350772978,8.667420555864062,11.306517893714565,7.778411994874479,8.90578010893826,6.581729398029189,5.431812837719921,5.641388005443978,5.755481316787856,3.761286480778029,6.789498944367683,8.862052490668635,6.574558755968302,7.318825394128051,6.6926476229514416,7.36559322646686,7.478472408652308,6.679598789236379,4.359506451817497,5.925933191286666,8.561063584046705,8.00071304695947,9.229899136296343,10.694891629474503,10.624478247974606,3.7290665073054177,9.096290441070284,10.956092223099303,6.1371120704071895,10.340005807791444,9.955368787050245,5.7834945105016216,6.758574245444366,4.167765990325379,4.796197452076847,5.330552678874561,7.635443701435414,7.599999149995189,6.8938246191279715,6.545050721296243,5.858531462986556,7.156844593052355,5.904146786992042,14.265935536793302,0.7822882141917942,10.125236314322267,7.437947260056225,6.491021171531511,6.619597386196258,5.7293139259730035,6.721323507385596,7.429322870288576,8.97712879356529,8.305983774842959,7.430146144969126,7.318102736930762,4.040305987639085,8.018918242092646,3.484454287269287,6.15350567757019,4.049250560998918,4.694698393451313,3.6239745917064834,4.932924270629886,6.833807255966319,7.389538784112249,7.191035679834226,11.676553731305255,6.403598312182088,5.522696882912089,4.198793247448548,6.6795710968119755,7.705830531035151,5.252370896616154,5.770427156559061,6.913519248366357,6.929704354916301,9.997932187148509,7.155016311896698,9.013577557887352,5.42183125806706,7.2389181050871105,4.719164742529391,13.977051285335,5.143811624550396,6.001507876387663,7.042392450783936,5.8628200280347045,7.142526990920308,7.952055308648516,6.858038651943204,7.412023550005897,8.624117991008934,6.395555684848553,4.5413614596639365,8.636254806337616,4.997532895633155,7.721165496536663,7.766959998224463,9.780786167298048,6.412392160589141,5.050698777181763,6.3232621525015125,5.05759089865855,6.231092042156627,5.973623042447231,5.53651839260544,5.65547518985612,4.419191683935269,3.842828794036593,7.25616060732199,5.215659020841123,10.721394729614259,3.2669453667742863,2.7200658543434524,10.651207430022101,10.203432191908359,8.990903138688633,8.498968676796983,5.738597070159657,6.120299960553115,8.27428450866469,6.740359179462705,7.411656657499928,5.973460508670129,6.114834177068304,6.994539112278392,7.0722030738634745,4.964851522791597,6.477105186028139,9.12347785724061,6.603393477251358,4.79747172104461,6.6462468713522,4.984191899640218,5.799568334408106,10.481691804102491,11.833869416373117,7.690704966762236,8.04170858774866,5.717799279679148,5.580221058747595,7.129361977215322,6.4175996746335695,2.6112276739307827,7.800426874828658,5.258061660400462,7.725590015628508,4.358297795589481,4.058582611594883,8.304602516655411,8.151054617123945,5.396046175967371,8.104943798482424,8.51753329208919,6.080766620167666,5.701562727774897,4.467693193256855,7.1904372247202035,7.867912630311084,5.729736074352899,6.680980758581841,7.799700351910932,9.556255402735305,4.865203019976618,6.184675439979349
2081,8.110095338310515,6.757781515323692,9.539591653857912,12.844138936059812,9.493957228107112,9.381508717792379,8.132895576102396,7.073293028665446,6.784230938553807,7.387967236765795,5.592743257539611,7.450273279845719,9.665782702660984,8.259226257460458,8.996810233699424,8.309860278878892,7.990176361160622,8.082200314743178,7.3448574504682,5.695614884155137,7.4544578808758954,9.355270847039563,9.683948966860774,10.008804127573965,11.193701886172798,12.506967095392092,5.3109375524733755,9.930286655255726,11.293322247266769,6.800313413675343,11.758519884092467,11.49745723562581,7.360318788087794,7.426420716728487,5.937091651558872,6.431955376693181,6.813817004540139,9.415989601931402,8.439017221491254,7.523215080159052,7.708654047761643,7.467375851528985,7.860410069142069,7.466668365044255,15.207664087840492,2.480890387296675,10.502565704073229,8.190367032800403,7.211767238484962,8.271382287144663,7.400805377108711,8.30113162015166,9.10713632958276,10.662657142536984,9.053413070685096,8.867141332005021,8.178806768996376,5.822997494254788,8.742366158962247,5.069861174161947,7.442383703163695,5.63700701551778,5.834378520718647,5.025174141994546,6.658441818186213,7.524080726557543,8.035667241045406,8.825017448408266,12.128054366792949,7.927695374776212,6.562567627855711,5.825879862731589,7.458245422584663,8.313014339602422,6.677927033390316,6.928449119414599,7.700033346244268,7.930988097616606,11.742568819224841,7.743458751801938,9.455027705005241,7.014492447461401,8.145138441345523,6.271158311363044,14.934886166027617,5.815785024208686,6.716823075924598,8.678639272281101,6.605724088102583,7.7781596583979455,8.549940540322234,7.798030930757524,9.194011761460985,9.424413384710043,7.952424253736226,6.16394154256476,10.264944542092936,6.6039475228304845,9.353776058128906,8.72831182479858,10.394278873716083,7.976519277691841,6.649235588844333,7.533958317978043,6.544742438835757,7.986171541043693,7.604330116510394,6.285429210322247,7.230500981850283,6.0241877113069835,5.574792700154438,8.204420247886858,6.30965111109295,11.1212992302009,4.856714941774093,4.409139045860088,12.155439147140296,10.607181587815282,9.684966657417162,10.150875560513565,7.53356684616634,6.999757167484077,9.083034146577123,8.330706964752503,8.31125291845362,7.016634085348673,7.722176693167007,8.04467814114344,7.732655364980121,6.430570395503729,7.601854106358116,9.98209111168981,8.191958019350258,5.962305591787608,7.809587973462683,6.60264560324805,6.489339864333824,10.871257151210944,12.145621350833347,8.260949520553863,8.885160157510212,6.4309485993215,6.266654329134947,8.784692206127303,7.533495282275338,4.196608917894109,9.500238082877226,6.400183464693172,9.292782524547407,5.519641516943067,5.745378522787773,8.864499503008226,9.706677740386555,6.99429656546563,9.011928720200165,9.363219239030563,6.814694957035995,7.304519794668469,6.0838603888239176,8.807874739170073,9.403509333437047,7.451519083231684,8.243595297847476,8.737605548756463,9.981669210855447,6.3706042012998045,7.468209144047331
2082,8.215573044334144,6.923080780676439,9.365777132127967,12.440515032836371,9.039704318131717,9.07263319598777,7.759205586569647,6.7036117593624756,6.951850866100618,7.095807700550984,5.609836365601845,7.367071249954669,9.53507154041103,7.891477727890016,8.50434999274356,7.906883043050768,7.948720989695616,7.985328313282556,7.2844714176974135,5.799398825849802,7.056382828195847,9.223473133146767,9.255167647344726,9.875511695018837,10.938935504108667,11.801375557695117,4.945347810855936,9.778667154908181,11.02930653733867,6.755037128499576,11.38243355751038,10.975962177770478,6.939239245227405,7.385437808717999,5.933471473519293,5.9846278435417615,6.512182369136387,8.824302295169664,8.374368563720152,7.472649264974256,7.464299909983361,7.093290524184705,7.7614986407371,7.141474700931992,14.76462005547115,2.027200355167903,10.198212657655988,8.060885529645853,7.106687454453539,8.250677684268785,7.011373305586836,8.316481534710952,8.69132385424205,10.24233319418771,8.899860385486063,8.67406086613025,8.0486620969084,5.815520648498614,8.52207395244124,4.726425774289027,7.145168349146847,5.300839498851981,6.022144950633603,5.114205807181343,6.6657547612275385,7.501263902442796,7.9800954239709085,8.425038104823654,11.814460534708841,7.594257812627722,6.4801145259823105,5.454341268113683,7.353726489841939,8.173940046557362,6.3134726430688595,7.096347951889035,7.627618494204112,7.7688007887452875,11.332899990464963,7.683736727173843,9.165304385764259,6.7371549067752685,8.134039099727358,5.920550411340916,14.494886010033747,5.843875951426371,6.624528153453552,8.312128739963686,6.5137588884149356,7.651200121215411,8.417253760780612,7.624516342686752,8.638304178416728,9.272290312605248,7.569622497488828,5.820874291232656,9.751542623128211,6.237199474059576,8.968484032712876,8.573300513625147,10.157382755034737,7.587361390476251,6.294118998745191,7.269163597055844,6.305743063746821,7.5506372969996685,7.601465024160494,6.208782571554184,6.935781923149316,5.634869807319985,5.541171587365014,8.055930227466995,6.51205082535744,10.845828955514094,4.468736330020643,4.266895553469657,11.766952150235216,10.312098464719023,9.538948283450946,9.673259622710097,7.03280483356544,6.87362985536456,8.846292381627219,8.307847313370024,8.13749734887055,6.786371015225137,7.371128085255626,8.117647179535458,7.6814935854503075,6.38054993237768,7.391373144196611,9.8064814388752,7.801303817624496,6.16181917797242,7.9321004667452435,6.170283934793302,6.427587276697162,10.575415102073126,11.860236878054486,8.194924563595224,8.734910577109881,6.349375764812744,6.245960594075067,8.369830382508894,7.719650741560119,3.8280838951468508,9.05676026333656,6.5767026296683735,8.880981243508206,5.697216689586642,5.577087767475417,8.820977328717706,9.321508797151703,6.579592083607398,8.860738069883416,9.194636182912761,6.802346556101524,6.9643152784024,5.728748074599674,8.434510071788512,9.009515264523877,7.017489665693469,7.8421736770442525,8.577966474369164,9.679697358182498,5.961241410672667,7.632885489293507
2083,6.730589159471654,5.513823382343565,8.352067768999513,11.1956165473376,7.543519223587854,8.245251721143719,6.4124661939484735,4.895333237307412,5.4169345911060045,5.3248897084168005,2.656061113306457,6.416840877703258,8.672123686117786,6.193040154661451,7.110001091446198,6.521155629839214,7.0199796042272045,7.099827920751918,6.325234284571241,3.9842599786817994,5.720846216274163,8.288437052709714,7.9087661715224336,9.020738150126167,10.278599439401711,10.449561083476468,3.112423292973212,8.860068702910628,10.452048689126968,5.8344520407063625,10.293252253106665,9.554381986175267,5.498962182192398,6.430162749545914,3.1274412493620627,4.544256356784274,4.844364046358637,7.475943925551009,7.182917817349411,6.562367539267456,6.275023550008026,5.62043794957655,6.7954043067060415,5.444178214562791,14.213943832261222,0.0651177172149917,9.618108612831152,7.0641841628721815,6.11087304822036,5.587696857963294,5.560382004720823,5.656048520122254,7.265729388168882,9.063282850012188,8.050869596749541,6.660994689592297,7.0419480911323005,2.9881398616092505,7.583664105619705,2.9397934996656034,5.915341562884196,3.575633621641566,4.528146104088852,3.2636273863326193,4.001756616149627,6.541362484012328,7.021863137824197,7.048795223661829,11.258701290083785,6.16036980365004,5.26719187487449,3.6026570204113186,6.281449982949667,7.261159274780326,4.9969480539006845,5.5771364222679845,6.642594716378624,6.6276215706552755,9.790373625925612,6.802355377163204,8.400653151954922,4.988043828415019,6.875182119863375,4.191634563888823,13.950974110194615,4.92167655237551,5.615126347116061,6.6562587422984,5.4970214762857985,6.69398902521602,7.539535783444131,6.543719705513545,7.26400814875961,8.390375249433735,6.245110069321734,4.131502970627381,8.360221013852534,4.461396112612316,7.565610776628765,7.481404144849096,9.360615923362122,6.21836663667512,4.510576623678209,6.070439612865447,4.660225957206319,6.033887877634598,4.931880234341538,5.2006328671372355,5.21322639222656,3.8056260299469726,2.8588019973465366,6.996006106904575,5.005429174644605,10.146849812247927,2.620639674578395,1.6741971667323803,10.622256039442224,9.62905537102903,8.750862529235226,8.215493113920093,5.559000817792757,5.741194415198908,7.9221279025077855,5.762759047108037,7.109665872795239,5.686297430310933,5.649869646344868,6.706476538096155,6.7421638170423535,4.4057598169360865,6.055417913624221,8.819125444814564,6.449642235679286,4.660579935780589,6.419353159410617,4.761636413846698,5.47314476966858,9.890093270795687,11.357302695938518,7.337759471365383,7.779300315039502,5.354482993589977,5.328694788898741,6.947725944859644,6.153607256071908,1.84642948127751,7.611592034782689,5.046950191259388,7.553404785479818,4.214371570519037,3.1914026796817794,7.955821572164339,8.027506600107468,5.182235524058344,7.868301830972947,8.293353712771623,5.777709009817668,5.191346406963257,3.9131257610661643,7.062431386964661,7.750729762656349,5.539681764080056,6.518854596572263,7.515973174039806,8.93706602369036,4.281824353550162,5.966777850048881
2084,6.330346422003846,4.882872257115584,7.931160339686487,10.871104160536616,6.901759788819717,7.679225022665092,5.643302831692357,4.497669655936102,4.835851573092596,4.842108439334803,2.200532612736739,5.7631991480078,8.200986440266885,5.708078119797364,6.3847575487835115,5.734067740717102,6.392093647564096,6.517345139301116,5.625410105485313,3.3805787595255037,4.9506880212575215,7.671412243694065,7.228053287523135,8.585050110093185,9.871688615158204,9.956990453707318,2.8203177388291816,8.380728049363409,10.120285316876005,5.086712087903702,9.842176100079506,9.11932494895799,4.783989904395171,5.731489195568224,2.6898595400154584,3.78134162766593,4.377700981747223,6.819506110676698,6.747796420327255,5.870337621654783,5.699561331740446,4.908747608746803,6.1241238604698855,4.9917155217911535,14.320987279074537,-0.2572778205786453,9.169535399973391,6.462776093823566,5.444864664333208,5.189776568753378,4.7560961842803,5.283326520531304,6.542125633358955,8.410812516297614,7.618364244699478,6.333536018218312,6.524443731989179,2.5673367736595014,7.071021450417381,2.5627502193408365,5.268011757625001,3.1110544734767505,3.863569908056943,2.730884861440531,3.4906550038938517,5.781915689366205,6.4159902874912556,6.305437761545182,10.935822500501361,5.472843251270907,4.514138243453843,3.288968900963664,5.684562115690537,6.75732374961621,4.300447811425796,5.009497315543039,6.011914696437974,6.144379750745637,9.183473865741067,6.154673317287653,7.862835824276721,4.524853960531102,6.427707574197224,3.821754589463984,13.977451573099406,4.093033922304002,4.9140246182680105,6.144943829306534,4.764480935569322,6.152848204065647,7.03193558944123,6.079834625124934,6.53147027641535,7.919473840083397,5.451101023065192,3.5592586534363866,7.789987761420865,4.070882709962982,6.871712397571119,6.9940255377973815,8.879513308086565,5.459648286551235,4.105718284845352,5.472376048564911,4.092438989026206,5.288252049045902,4.541897906575887,4.434953399002549,4.7689204460808226,3.469766906063473,2.4825327805110384,6.516915921441147,4.361928883567449,9.762111722039325,2.3519354462623605,1.4326369496328475,10.14799674344914,9.178346501290795,8.329323221955981,7.656696095636915,4.726701425867423,5.081654425178256,7.417890871316194,5.3573270551860315,6.647646700377977,5.150671469100885,5.183354468430792,6.213026885475437,6.051948187766326,3.8040008432630983,5.490486479231291,8.404769749300824,5.692650305586199,3.9782231318099166,5.947013528006422,4.001043876366953,4.735359436699324,9.482255370914935,11.037490626743862,6.746253538025278,7.314267991217118,4.621257541754417,4.529246395400592,6.1926449269056345,5.615923006599773,1.5859232093606674,6.930114479150091,4.432051551661321,6.818323126222407,3.557592286382405,2.8117386221885696,7.414196886122227,7.387879775464538,4.400102387049368,7.370174745470285,7.781282974420383,4.978106904455597,4.763899432282367,3.578251816438777,6.28860717846879,7.120138007402418,4.7183805067624345,5.7924887255898545,7.056189311615057,8.402378275777616,3.9733612645949643,5.547281669718881
2085,9.241107667397175,8.078989812305993,10.76248192489147,14.673001027107235,10.671691977552005,11.21857416502067,9.29500370014991,8.169380966840052,8.056339659009657,8.563916368995391,6.569270608680588,8.557724471177377,10.788838769708361,9.253946152542321,10.16283738442829,9.493680300936104,9.12603588998318,9.083247617738584,8.530353074893352,6.812279055799755,8.622548331479942,10.037196297304973,11.262010792233715,11.097427495036802,12.467893426758907,13.74338571344103,6.402923190380845,11.126016688400078,12.594439073971344,7.964046222184385,13.61267321109772,12.57680644818715,8.534247832000252,8.6320485408817,6.901250227647168,7.657692975231584,7.909300109883767,10.68443603387901,9.457013619797571,8.65485274514982,9.011930128506258,8.656987486141068,9.040347252999036,8.524459615562645,17.25739851679121,3.7225519529410804,11.9385364068406,9.32867366181953,8.370820315607958,9.081458678362624,8.616199918517042,9.178841326066426,10.276159716078217,12.822133237123495,10.126712876611528,9.692620752645393,9.408256818141256,6.744539076302728,10.298216415728842,6.193214569772995,8.714946996739931,6.751608991197182,7.1148332872028845,6.202259111125021,7.503993580596788,8.778898034351213,9.189563495186826,9.997933377538407,13.393152165412905,9.059676285939556,7.695560612848824,6.938121507290217,8.751372026545662,9.281254604352371,7.911120447250351,8.207724163787704,8.968147623326097,9.389820006064008,12.66366071019854,8.784932611004583,11.212892208780564,8.155276801969325,9.209425302914209,7.315834362911333,17.0597535950797,6.988839779155595,7.904897564516536,9.709849985795366,7.828108253835569,8.814616950920646,9.496319454482624,9.164614217409065,10.438407145706673,10.564701887965203,9.12170889952353,7.328133948679479,11.376414277085237,7.665028774099689,10.519601891722004,10.116155534556933,11.81290207249778,9.165842831347666,7.7335666572142925,8.781896676336018,7.64521508898054,9.203120799628755,8.480867757967546,7.518779838510922,8.31837934228991,7.136566694346926,6.477431831934626,9.55565027615854,7.616153661906718,12.624815516067402,5.966626606668746,5.475309953519279,14.071924853324884,12.165617058319706,10.686165613787512,11.267329717321054,8.78859942097749,8.164980206159608,10.603889660324372,9.111406479775905,9.574759855919648,8.293526068329808,8.836391581914253,9.227895053848627,8.915360857386677,7.477179875331264,8.703405462418289,11.175117577080213,9.356960659367697,7.265721113447634,8.994323638187987,7.8130612826773085,7.648270367511684,12.412039876835687,13.355313106945585,9.264061422433173,10.073592333921365,7.622427811367174,7.457851190545727,9.959441797222413,8.864671569211145,5.2835110246070816,10.690587951455797,7.680192145279474,10.40065677416112,6.784859318605491,6.787657786107488,9.8803414588528,11.038890775931732,8.205346336109296,10.294132850738245,10.531684646010405,8.16210122699184,8.404162535922868,7.18966831511685,9.985330464797357,10.893780555469649,8.69405462638076,9.508251026804961,10.07631626852921,11.70248588621616,7.340409180096217,8.779474609025886
2086,7.9018045416900105,6.70456272454134,10.389468508958817,13.211092247281755,9.962667820283341,10.509592916177846,8.758916723941049,7.4462948154125845,6.497933528465883,7.837933335133965,5.760021743604114,7.965442556994309,10.464215310982294,8.611860564124903,9.545758932190283,8.939114067171307,8.605125176480835,8.558511385321621,7.967056446203169,5.48965344937252,8.03571389451889,9.765615220155038,10.134060906246308,10.777691665717535,12.09145400279335,12.860580125876835,5.593885702214071,10.739310249260491,12.153960120890824,7.373441686241749,12.093758569870676,11.890331490550725,7.882497532399639,8.062185053953103,5.996384482298571,6.994062554410525,7.203508341738159,9.853295237038818,8.626949894428254,8.129053761277882,8.371971770695279,8.05114667617849,8.464191458480698,7.870053374128684,15.956676047188898,2.7250949268362334,11.454011288711005,8.771697967393058,7.70475258231163,8.429350793680982,8.039932535375861,8.48958958701364,9.64942622643763,11.124948264871326,9.814073812961572,9.100073553408894,8.980920045503547,5.899557418497606,9.677526918692246,5.354320275464228,8.034730163216588,5.979103243563856,5.540907669812442,4.8035213687523655,6.708997717286861,8.199722857028243,8.690886075156076,9.393773313931053,13.036354424272272,8.470000528437751,7.192344118867603,6.1486063195126395,8.126874889114072,8.790492285149444,7.236021367566929,6.680938044190409,8.429001517082257,8.802543613154977,11.966897414145729,8.29414480158261,10.5853298542755,7.404838609269685,8.239301647884503,6.596047705671353,15.627159237861633,6.408450798131526,7.266312064736018,9.077401887625458,7.147220397634164,8.270005190518821,8.991467060787338,8.522552320720363,9.723923562892844,10.226326051780159,8.580920364029177,6.588778796898467,10.752390385844885,6.943117507866451,9.882431585873876,9.612249849949563,11.32033598316567,8.584586378576104,6.982486519536805,8.24465955777892,7.059897911734883,8.513963077749525,7.749906414321497,6.835515565212282,7.621093561659969,6.3522177630237175,5.553284513418164,8.998158879471678,6.01805199666747,12.142095174959735,5.123172182589772,4.589550891518593,12.501293122555523,11.635950485936227,10.418489415943624,10.60895721954959,8.127708813335216,7.526098382898733,9.953550578866686,8.44512560505952,9.121570716771695,7.7252910155803,8.144540377493415,7.988599650348937,8.363129024207595,6.603638118744963,8.110610957230836,10.71656250613076,8.781624900656086,5.6845075415713415,7.563274134648966,7.177352167027335,7.033083082096919,11.866793589081077,13.126188710757665,8.825769518315795,9.715269804213733,6.982049625792674,6.862860831405436,9.387993746676619,7.280241650768687,4.444793225186208,10.046736271040784,6.10692635692789,9.972306250142198,5.220939781623226,5.909149306054625,9.446644647632331,10.214764179502216,7.550930869579314,9.888001299649483,10.140227399553575,7.486431806853839,7.70206442006997,6.390379901017464,9.430891787154334,9.830304810404776,7.992296044741355,8.739685361300195,9.554144140226498,11.074996833024281,6.663753221822642,7.290233377899444
2087,6.417431091623652,5.219934893931661,8.546339496650866,11.514145711064339,7.888211912129608,7.975810246808188,6.595932359993458,5.557294654420441,4.970087247235432,5.907974642728059,3.07356070620673,6.50617541245052,8.78648747365556,6.682981754626546,7.385724387850077,6.725117113547666,7.125177637594087,7.208656176498959,6.428801308998043,3.7597687126602994,5.892932713204728,7.950114825793675,8.12815315095442,9.138213781160964,10.214630410500934,10.817405339756187,3.8344378354293966,8.960867462839403,10.31929975210556,5.895163400790519,10.449157620327812,9.95336756961686,5.749896021692881,6.522815800564624,3.5235825049025653,4.755493047194823,5.403305984820638,7.753076829122643,7.166447731001034,6.6582044933523425,6.4365649167448264,5.903432514837812,6.899892642455443,6.0524601981576,14.676304285866873,0.7809964120388019,9.452527798259895,7.215043534977094,6.179246112384971,5.979153569894181,5.777505472302435,6.054531093261074,7.547278383587086,9.249479404091838,8.182605983955519,7.175946504649309,7.19234230425209,3.420910309467994,7.542042563110593,3.596765481567545,6.073239888250829,4.162931384359088,4.039868530843937,3.036491767849236,4.338033338210413,6.625635446348207,7.162092321472512,7.293111478936459,11.143618904160602,6.450034439350882,5.507963196786921,4.312434849994525,6.403605311683247,7.4144336596131355,5.163521343043873,5.152419978380204,6.741216635704041,6.804477071762087,9.78939322403499,6.910235337274415,8.145339364239149,5.57685895045953,6.770576551742852,4.851102639309,14.348969982351576,4.9107340063367575,5.68457357329982,7.137435955740514,5.556006760788817,6.822074843730245,7.680696088075635,6.693543986976145,7.515963499248031,8.506706875136924,6.415180392975784,4.634685309670331,8.717439874474495,5.119692096539906,7.820888328552246,7.645183073197089,9.297673365048002,6.428535810340795,5.151696801611359,6.244911574678758,5.1847598370696835,6.330763861536984,5.32053727294718,5.235803402747425,5.819162621242662,4.492496499365996,3.2529270793710405,7.146735681593418,4.572103798282995,10.00247805884906,3.3472233138047196,2.27343909969287,10.824501950400217,9.44256227995668,8.86293900183269,8.602894520546712,5.842947242621864,5.932410972246103,7.90776968449354,6.130715984106066,7.2621841165636285,5.82878207904952,6.2278673833502225,6.460238489508634,6.846581023731939,4.630531116255692,6.419007258330075,8.977666019382221,6.6559238742504805,4.160881581476756,6.05452364385128,4.973405361069101,5.517178310453894,9.723694378510118,11.264734246049608,7.459007466584441,7.928349450869223,5.399998045978802,5.346178145560303,7.1901612481900665,5.764954579727993,2.5369027085602274,7.9231662175485065,4.576974192261701,7.773854779664956,3.7311914537634174,3.7109920864658688,8.102707199273363,8.235699881081068,5.375306918152739,8.016395968704352,8.386806613313304,5.839114121454102,5.81936480897878,4.619262810690063,7.279282083482083,7.929209848812647,5.778112896851129,6.7052217211042136,7.679932317669903,8.691349756079063,4.967380457477913,5.642750115160431
2088,7.601643172970841,6.15233752514635,7.937492125774072,11.676719511406759,8.231647674526489,7.2677674571318285,6.8609941748636105,5.72093333474227,6.232802382963044,6.034747544356753,4.504896482612406,6.639334006607532,8.18807459824852,6.948344149094609,7.673411593266892,6.9907990938850855,7.185562079612697,7.364762182054774,6.4861026482922695,4.9530928616012835,6.1568857715598195,8.456495727811543,8.325373432452661,8.596499889237542,9.578278449177741,11.139637874492573,4.017594181001186,8.365879190952645,9.779413770777836,5.963682993927173,10.513386328731265,10.416770670030804,6.054098902695947,6.5656780340841845,4.943647818480217,5.092296941791264,5.55195663480886,8.01425698633705,7.808813964043346,6.708243509701321,6.1951499638812875,6.159701260285719,6.937101904302835,6.138810893733588,13.810160098757063,1.0512669639928032,8.78926804661751,7.2276343198626165,6.351696229726076,7.345305757357611,6.052166155406404,7.431079509428571,7.793273352219589,9.136860490350854,7.637094376156374,7.889275948490412,6.714364468944921,4.782427934663638,6.9054015549165815,3.756869639243401,5.988111103299469,4.301448504413877,5.253858061800048,4.3111732792641435,5.639580944606233,6.635061114387855,7.222950581407976,7.525640918264565,10.550014291490829,6.632257048785692,5.4869258718831215,4.517083939856719,6.36460896943297,7.621135576521712,5.313135222452025,6.37617759236268,6.467306446390493,6.1641673951276745,10.745318011300906,6.9866895919632395,7.436484189970151,5.69816161952913,7.541711582775624,4.977172840972032,13.479638014520921,4.996928967322629,5.840777413334167,7.405146484542638,5.7048093814935,7.033730933708807,7.887192897285737,6.147621439344119,7.788864334473125,7.928912843271556,6.634646390484913,4.81821269158806,9.051033410642825,5.277355765764203,8.092474128438962,6.999006977251599,8.651357697296355,6.680572036068358,5.325477504410917,6.044995110801288,5.229039483091661,6.607215040602856,6.689259446216084,5.365795666884101,5.909368834591338,4.720094744861128,4.605467134341599,6.555981678848288,5.739034719685357,9.411025671022278,3.571681597403115,3.3729171403816776,10.906892375009406,8.773683556754676,8.354158560718806,8.94161790226187,6.082922074624475,6.038451591134075,7.3897082433104515,7.4167248747178505,6.688962031049389,5.4485988005995765,6.385827623414141,7.467864045041746,6.886677815206352,5.3720609738092335,6.526134129081452,8.447131942372232,6.90391367237483,5.364465368645533,7.294936104225261,5.2784092051642295,5.636217847892218,9.096861146390443,10.6287066425596,7.537055788222433,7.348720371723175,5.5488230002777925,5.401080440038019,7.4611831211618,7.008819676935673,2.964254642118299,8.200920397894725,5.838259151684388,8.032714062875934,4.921806283082282,4.635281083413534,8.168093251596606,8.46596140850868,5.6770524033478305,7.355301740057104,7.796601539530925,5.856911070112671,5.973039186905536,4.773439983597823,7.488067107408175,8.156206324696543,6.058485236338207,6.971236008565344,7.0819505776677785,7.991410258412363,5.109545121820909,6.872217955120973
2089,7.671899002471142,6.304098264979465,8.73037864725505,11.17782439291477,7.649704958179169,8.109495748685939,6.412179808957235,5.581966159386291,6.3310720858829335,5.839082426053935,4.251901576668023,6.817673209735325,8.931634638564926,6.866002541254943,7.175293590075208,6.518806660601075,7.401113433923042,7.542350960416452,6.684769982551889,5.009622420387211,5.742597560039058,9.008774042555267,7.783036163875038,9.316097589369331,10.306028496367594,10.798968255413437,3.861342836597137,9.131221270614438,10.419596770831516,6.135536879673601,10.144941539849553,9.926153253763914,5.648072504571507,6.771566159703899,4.695789595586912,4.605892568826675,5.434268341319901,7.671445123492076,7.9962857827544225,6.9082599603304935,6.475532722153836,5.726647939107249,7.164933668343083,6.037753083982642,14.316060045787266,0.8560699807746064,9.505762135982513,7.469767910242083,6.513881094540868,7.0443625108472,5.554803194105623,7.133909894845316,7.258068773576191,8.721861524773496,8.378431541100145,7.722176410311036,7.375271611447843,4.570230836527683,7.671282759095945,3.5760705175144314,6.034184249277621,4.122606978512238,5.3654071118150455,4.316783605728831,5.44852330317454,6.8323804601228675,7.448955525670736,7.0073764903204765,11.336138589041576,6.30516577597175,5.616641694839511,4.3448276662666885,6.697291865093368,7.815273305986609,5.0920191087893025,6.474478322693284,6.9432196159447965,6.948928103276658,10.872970831394195,7.186189595503466,8.24154941162893,5.518893110752106,7.687834885929309,4.865448477065991,13.99693947178977,5.237093165729726,6.045278356650043,7.296657744262898,5.8890230902603715,7.228805510274001,8.057392257452014,6.8579007097653,7.3632847160100905,8.683601009419993,6.207108180012024,4.576955998795375,8.557176531159456,5.141854474374225,7.544099711839643,7.810141329227808,9.415162127358572,6.2317834571003905,5.167057229791369,6.290320986961679,5.192665136711937,6.051158645110473,6.402663942679234,5.557916655072143,5.77607505289572,4.5682752534747095,4.417113544579066,7.279361542633602,5.888048330109034,10.101920589751435,3.3960353091891338,3.1068186082211966,10.434599120914934,9.53385872842877,9.069188324894224,8.420995622873306,5.556540302719388,6.145527033840444,7.948818395499669,7.168643360744629,7.46568702629634,5.969277756501522,6.2228294096887105,7.5712717601231185,7.083538847363421,5.370862489406553,6.569311004983528,9.180010240205702,6.423799486777611,5.47461486033031,7.368411985465465,4.792284451850825,5.8328864672354275,9.833894264910903,11.343696890558512,7.757738659424445,8.111393236289066,5.757418263384276,5.597058392542279,6.974382171673436,7.110974934697153,2.785981595516207,7.644824720067639,5.935283280150701,7.611819669817174,5.044431442022323,4.4167627653905335,8.375785242340392,7.994008030423096,5.195214794150422,8.151247673801013,8.558980109569225,6.062937735233988,5.830911027214356,4.603511749953031,7.003788787978033,7.669968518934084,5.524417309888769,6.478179011600358,7.837479687694995,8.806463049671482,5.010413895334518,6.963831894738338
2090,6.425816937855316,5.132061064988376,7.718434944536003,10.93039926130857,7.279839456134607,7.269299780045238,6.041982717386316,4.8720964743622694,5.014086855974583,5.26783681554454,3.0587662524410626,6.2030761779419015,8.042835017932312,6.107200607231686,6.751967831913918,6.138878353578703,6.839998892348792,6.922424532845616,6.099445989302225,3.752851634791921,5.3302933782871245,7.707914220861024,7.525389407468695,8.436367035763602,9.557113823055156,10.117303242640839,3.126102515416485,8.211932593158314,9.760888859629635,5.581569876628262,9.910664593321936,9.337730055195948,5.158407449908556,6.211012824092592,3.489115843070404,4.167531537956424,4.761628348061018,7.08885507413319,6.989691587856838,6.343331279499188,5.733297604322436,5.319473015038027,6.539044762934958,5.388773439824581,14.007412781034201,0.07546579667499996,8.794982133592875,6.818728582933548,5.873351526260377,5.960791870100162,5.188667632852282,6.057829125438417,6.953414814812802,8.55816961228848,7.432174342178874,6.842043523916179,6.471549323626927,3.350572219065254,6.789082758341517,2.921413858886808,5.419538434914182,3.5243170062346105,4.090400398203307,3.0575144446321905,4.256877919605797,6.29068850832326,6.861574159136841,6.725923739959087,10.55467885477202,5.887502650703699,5.030880296230316,3.605045723170042,5.977161381925853,7.1286904902862664,4.55977047947901,5.177184782709392,6.1898164417062524,5.967885154059958,9.499432849458284,6.604348533494132,7.465646340591565,4.937684047222138,6.646062381139825,4.163482710293362,13.674976663930076,4.6092580631375295,5.365866507164068,6.575397392681667,5.229690978782519,6.535741651483945,7.401212280695994,5.91533442086407,6.85782920829952,7.736074512558329,5.863799324844563,4.005444267392159,8.091281027453288,4.4107511930433745,7.278329037555626,6.811435333745819,8.59167979955673,5.869390538547722,4.464775584850996,5.542551068323001,4.536404314637184,5.707097147511584,5.323518862681733,4.914635940747603,5.164876872088228,3.7953697770833976,3.1522004651171827,6.354796181007157,4.576255103839294,9.410278567246026,2.64757126934294,2.0171777184520456,10.253426410630343,8.79235830541168,8.152076968550682,7.975944376045043,5.171056347659657,5.542946880204336,7.216397231976905,6.0940156676939585,6.453156287755285,5.078421909894265,5.575597726872988,6.395783320495062,6.522752203260152,4.341511945213589,5.912277444345614,8.214897861331705,6.10465548677104,4.209373345971106,6.074049355089664,4.396903971103688,5.205172947687762,9.081783402764371,10.67306917054313,7.174225979750714,7.134893160526244,5.0868864053062035,5.03452828922974,6.5909468093088694,5.760737127491407,1.9462404243648068,7.328616135035249,4.632208703671186,7.166137749808177,3.778913613195932,3.418297687172891,7.830291912598271,7.689899498224261,4.806822796591687,7.185303531587124,7.593164365312886,5.506305571858373,5.143762461202486,3.9246272295713447,6.725640643707344,7.400367487328393,5.158420844588958,6.16605206855706,6.8790864552770365,8.005027156003885,4.271888152403491,5.638869423099926
2091,7.486456578331334,6.138488920884471,9.249108944061614,13.134575292042323,9.519724189383643,9.120986079537708,8.156975894527775,7.018158535233563,6.050700943810599,7.3444707929555895,5.208154261537959,7.100206298274658,9.39270685996328,8.381558529641811,9.047898569703102,8.341431116738486,7.653105567395689,7.783495088507025,6.9821061366370785,5.056320073907927,7.457587003495011,8.999525516373774,9.786030953084785,9.748758059740064,11.043691427579954,12.73120002576283,5.24493103176355,9.621420480949542,11.202320172105516,6.449192617279811,11.962413622651782,11.648290635858261,7.362760635997568,7.065812221063035,5.562478136909861,6.443095951208047,6.7323584128171206,9.524079549312594,8.001567397373066,7.194405731485622,7.442439287205761,7.475641424953941,7.461002431570419,7.423042406753766,15.41988970211574,2.3603254531643216,10.386425056228681,7.820649601731982,6.801424503007108,7.939655817619395,7.425594160226841,7.9846802602389015,9.124685426056388,10.929718070370816,8.811990847757885,8.722798176322664,7.853166047882821,5.452944578150549,8.416000105626887,4.985602914315779,7.2367200429742535,5.561246909094707,5.069100428904806,4.377655049307003,6.271752137777259,7.142822566388973,7.710695194346568,8.828281513814416,12.085729874883379,7.897085017604487,6.362123045538152,5.77739670678441,7.039945865582148,8.029130247235301,6.590448294792855,6.221618286626679,7.3343806341223985,7.515131087601183,12.244436011995585,7.457519926609736,9.241808825305528,6.961186444599714,7.657736079607693,6.21787060541766,15.118311176981244,5.476932596654767,6.326064236568552,8.79277765623161,6.190278287019053,7.464053392090969,8.27486069372722,7.378190492905144,9.285551015340854,9.151464076127326,7.957247653177807,6.103994097134899,10.363284082072129,6.551204178389161,9.371462069395266,8.351920847381864,10.147753039108856,7.990751364188537,6.580885727916443,7.349362501927783,6.47063028854983,7.9980385759047135,7.265567350015048,5.853241054820164,7.189089513037886,5.962304791435603,5.194977694217649,7.807823197543621,5.5756676905705325,10.99462552326066,4.786564049430727,4.179646537985121,12.401831075123376,10.444233157911471,9.476242330457483,10.230212025131504,7.553588928455224,6.688946389273873,8.867826730651512,7.995410318991968,7.976916779045545,6.718796255047037,7.685063273566113,7.456629609050494,7.366111029152362,6.04596993691687,7.399587043215123,9.652277700390139,8.19219191457544,5.184848988588366,7.141774028858971,6.617692176571918,6.106366935159482,10.725198534663237,12.14383057185581,7.984332741184958,8.602590235163062,6.030401771834918,5.897510752720491,8.824574498938667,6.835819840165121,4.0781400393162475,9.515978993794748,5.645286017762765,9.378829701457708,4.763334929863259,5.496741623218569,8.603641885731905,9.799884941641778,7.001516273883841,8.68335076634373,9.036589188873771,6.381417723212921,7.278041197785309,6.032413312819388,8.820397971996242,9.479940106666513,7.4518117233578645,8.263051912986809,8.365864623657298,9.776739317178725,6.331015981627364,6.791954510765416
2092,5.659055801906759,4.402108662469048,7.902980893770499,10.68531536204474,7.277451260813645,7.521078667151073,6.085881001076528,4.520213416910596,4.248500846113477,4.877147992899907,1.7656357066971904,5.585392012447119,8.203236488572188,5.693057305259362,6.82114688472024,6.159081723115278,6.215826349332925,6.385260953541315,5.409879821326055,2.7973686238484725,5.4242963742997,7.29910949255739,7.390536924983774,8.602633506645049,9.747441651286293,10.019673785141537,2.8078729740210955,8.367195550605125,9.979395480666843,4.916994590844427,9.65549420671804,9.49106714576483,5.216036128039871,5.527819986854282,2.3129534385033987,4.248718707689214,4.3638640544244245,7.016157425301414,6.387365600040978,5.696335354021618,5.810482220671009,5.278521133320674,5.923260544666225,5.039884949369092,13.437834235600059,-0.28963859166417977,9.048389353922435,6.2679389250331665,5.236556643886227,4.771455220452379,5.1977676498038425,4.864545501449276,6.9119352760059485,8.184995364078457,7.676265216512338,6.152438813660828,6.477132316998075,2.1828062977109624,6.965409183927946,2.549260742749491,5.496019133180383,3.112856801705701,3.276982226542064,2.078102369819371,3.1646769079778867,5.570126694440838,6.231714011356233,6.707619293779136,10.720875457354953,5.79592995031604,4.468473646470479,3.2520935101168487,5.467886387876105,6.630221899918145,4.650578864983151,4.404247332896506,5.898592709643502,6.065532428664824,9.123773847307477,6.01272214523383,7.699078045998301,4.515881213971549,6.0006864445550105,3.8523158507155513,13.120913985797335,3.9613515626106928,4.739940243959426,6.16175921452897,4.569670663986889,5.998547369667463,6.914654992307936,6.04655724726617,6.846012505676067,7.952706700723091,5.9046526586370796,3.668959845389638,8.174189881448237,4.077600416966847,7.231980209478304,6.933528243218149,8.778525381109544,5.9214852773717475,4.106792121274132,5.659138699115386,4.129788270965219,5.682321288130644,4.138977283811465,4.249019997513722,4.7785698607564,3.4758666866592023,2.07492601275444,6.458611865980288,3.785443838792187,9.618444117797274,2.330689600110055,1.1112203039761102,9.984734070301052,9.008525780481952,8.405958387255673,8.031818823729246,5.201968862488869,4.924071948017391,7.328857168315778,4.98189293156777,6.647169272601606,5.254503686233822,5.243849190484201,5.678256187587978,5.836756613903817,3.556644284405879,5.397588003852539,8.380195662538922,6.128069895505903,3.388430270126888,5.315651228598186,4.453312385933738,4.57665222968374,9.31006640781249,10.85606874568122,6.626983584144286,7.3357518093394365,4.465638763563975,4.3653473885996,6.598262430727486,5.026324041507072,1.5202638147132734,7.299482347869453,3.846799046892142,7.2241140126117624,2.927313784190588,2.606884094647,7.287011061821667,7.622485922755937,4.867383171405112,7.329526683688165,7.798606425630196,4.756226601770944,4.752289617061616,3.5602061944348478,6.694885057423799,7.297483969905546,5.166711791924064,6.16069237472756,7.008361086675101,8.25622259271996,3.987070841501866,4.774296456628614
2093,8.119931076679917,6.866895554746903,9.722548529931478,12.37935158440045,8.836102085191357,9.333966291695834,7.599522533161296,6.487026603307038,6.820565315655296,6.83852099158934,4.992315689580779,7.592742827534674,9.862056358797208,7.790315476592094,8.370600587342466,7.752108496853284,8.159420504740305,8.207002444352423,7.539871929798809,5.595557256042959,6.89508043367948,9.554101654115534,9.092431626149583,10.188918716779776,11.242922889547689,11.874231439828874,4.708945509259191,10.09562069007328,11.270295493517603,6.990955915142383,11.30961437081652,10.875397428763767,6.755192549633132,7.6218833888215665,5.336134226833072,5.809197369643622,6.340435081720355,8.815357781201602,8.478914108340229,7.725112913336069,7.563319712238654,6.898600937638961,8.017005087648121,6.943284699533668,15.744565432412287,1.806726161922728,10.482602244402678,8.293244800823073,7.327164390257428,7.719987553358084,6.825013331856043,7.730213633498977,8.499930836898944,10.230393071046903,9.22867882076119,8.344542617457257,8.36270709335804,5.229832254988801,8.786738839319774,4.496789417948045,7.155830755829814,5.095080029902917,5.897505194161622,4.901626844278404,6.102038931367654,7.7503847653312326,8.211576523312504,8.240702327234404,12.330592114584785,7.400196461166654,6.568252634948919,5.222733731993608,7.598368074638503,8.400431344392041,6.233406305313107,6.9680723450545745,7.9008933426679215,8.066782110077996,11.418338515077318,7.937612061920975,9.436765118581908,6.480330932353225,8.18772513951574,5.712583886725562,15.43768958364214,6.086136455195294,6.871339485581432,8.203690385312909,6.756082642504151,7.878664378608974,8.632240810138839,7.87250443279211,8.579544434323907,9.614137467316219,7.414419698422507,5.607404842334134,9.641234775499576,6.025346068399294,8.753506749123334,8.897797556753675,10.453976898108213,7.426907466524949,6.063790147432259,7.3763058788010065,6.1594508188111465,7.333416254658779,7.03638996354172,6.446674458469664,6.709113186597828,5.426801098670284,5.021973644409862,8.323106888761478,6.392145841888019,11.11682194375566,4.238860352975984,3.767078612531937,11.68311471555914,10.597789358028344,9.858482377018248,9.513739828765395,6.880617369485221,7.007900859415533,9.065702047837629,7.7928341979826135,8.465007625307356,6.991976147145032,7.16125142148563,8.091760465343086,7.9273414398942705,6.129121220963341,7.429369129027639,10.101405201852321,7.631403711863923,6.019820289633102,7.820373924289433,6.016023652894156,6.66025447313275,10.849397615875517,12.206151327065054,8.427850193211013,9.074703824094367,6.591100942662787,6.492600133589335,8.206850507855416,7.581060461912839,3.5670315018721994,8.872567190017024,6.439113372191789,8.781630938819479,5.587747877144391,5.14103926292488,9.029301417512558,9.168972897529605,6.40954438054136,9.210201112287388,9.53270211390087,7.040088206529619,6.753981980681421,5.491833556496671,8.262294586215699,8.863270867509499,6.809115472010201,7.673747783047814,8.870987767406872,9.958204546145026,5.80678679261889,7.505489029695411
2094,7.212748114285728,5.823066822971618,8.681510658455746,11.953776074094431,8.589682114550044,8.198780785288129,7.267413145942346,5.935852734105925,5.825482458940574,6.313684505057919,3.946525584374155,6.487806975415778,8.89175080635718,7.233323641014953,8.055298367036245,7.4135819149868825,7.070426921759332,7.203982055719411,6.3504964557077255,4.57586279905268,6.547275555559564,8.167029794199124,8.741774370201997,9.268179965444977,10.343650066959011,11.550286787748341,4.172249745896887,9.096076370509603,10.466925936298715,5.851344097086361,10.902861407292738,10.590844526461192,6.401009457877703,6.450466044247151,4.393859130144116,5.4531867416708595,5.717792195933208,8.443040843520848,7.506624635149327,6.58165520238025,6.79199799810137,6.540557223558426,6.856839927605221,6.386667825654148,14.604944477762494,1.1741727492638994,9.561524248123172,7.210486936994961,6.196014979694571,6.7858729199107195,6.493183421662876,6.832866220761621,8.230045476954965,9.729490830642833,8.29748966262809,7.679525385584147,7.308936297042029,4.248873921803064,7.734329764012783,3.9437638074159604,6.523277915375574,4.514817801490426,4.880009162425995,3.8997363792998456,5.168023859177315,6.541162192821502,7.115672356741773,7.960652901870867,11.318451433948109,7.006159707903863,5.606943789975986,4.675503782954597,6.414903174979349,7.440293124158468,5.738475485891104,5.991931876008,6.7727818365607995,6.967388072609903,11.20805615569864,6.845960229661844,8.350139853358268,5.944329552565301,7.211939527147586,5.179155145585536,14.283606914111553,4.914668534908977,5.6925504014561215,7.6648204124994175,5.560283532206503,6.857043139423643,7.708812101398197,6.859968279089244,8.233155595830512,8.634621840821849,7.072648683296782,5.064636959348408,9.351722214637059,5.471913284489086,8.50700979275363,7.800910113539011,9.45580784678459,7.083132258057599,5.516047351700919,6.621541433994262,5.492172117744174,7.044091584001268,6.140509611793925,5.234898617384689,6.16498118000371,4.869827572788512,4.072187273842946,7.307724087578909,5.3674649826117955,10.161396312134876,3.699718836535302,2.957982548219815,11.273230383225846,9.616153079909935,8.97285620463746,9.259114530682567,6.5489582461970235,5.978586610513077,8.140413846714155,6.902293433861004,7.438634668929236,6.104705596608773,6.630390382451671,7.0905777220215125,6.769324735658512,5.2022539051515695,6.557943789767371,9.136438668678917,7.322333829530646,5.001916732106888,6.873229957478389,5.660423773500535,5.513358518800565,9.891333525095668,11.362229261228013,7.4070591994694315,8.073635029367038,5.405224175697993,5.313865109000889,7.891585155137417,6.586445206403729,2.94868906693799,8.613647156528064,5.433263271621297,8.44214994739076,4.569583451375367,4.375614812118665,8.052180797926018,8.862295818328857,6.062600121540683,8.136651555129466,8.510083919657127,5.753054160731179,6.1811041538204465,4.968046412563753,7.948357126116754,8.516316940103259,6.49593715023782,7.354002973330874,7.840207633801871,8.879048915420265,5.261001409803116,6.4961150294435885
2095,7.36254257985524,6.08750016582864,8.632905789305058,11.369589782186916,8.135722522983059,7.994504347230704,6.890925201560768,5.886583800494137,6.07492860342775,6.149970282135268,4.396489524415558,6.767126752649033,8.85583331968103,7.141226962837391,7.647537319441994,7.015014247596263,7.32545833502497,7.479166407843254,6.649768441489765,4.863227948972154,6.224890151619911,8.701417260297708,8.199559147655961,9.228281723175733,10.20859564500196,11.25694682810988,4.162092299173986,9.043905575200913,10.306633782812524,6.126396800364767,10.373156921352658,10.325385457277294,6.123676319846087,6.71751921772957,4.839205125932177,5.122505281652723,5.693743059039116,8.166712851822378,7.743660582092289,6.874968480212348,6.612775238124388,6.1990035865988045,7.1430757903094815,6.313210651065625,13.804960291726248,1.2076031477323583,9.385595854291962,7.422874752112791,6.467824344336988,7.1254451932119505,6.0784449930701925,7.21595244609884,7.74808114186994,8.992490430814883,8.266711513378791,7.843865862169439,7.293616095185285,4.700503773774419,7.582469888244355,3.894874861410685,6.300381930704631,4.428964164533784,5.129119907093371,4.189791609027556,5.577798321417402,6.804483991861346,7.35243394715446,7.499344106058459,11.118837557520186,6.727251130236048,5.748351678252222,4.637078119175774,6.601738761152542,7.696116339096001,5.490283038467171,6.205270198413306,6.870890185236931,6.86088597731931,11.013752911346302,7.14949675633439,8.133763193658423,5.820303525243485,7.459754112362865,5.1442162229546495,13.492616180011202,5.239992653472082,6.002726589143276,7.56156651617161,5.855510130950382,7.136306841664817,7.952714471306124,6.781109953778131,7.865157731888553,8.60081408289926,6.683131415716242,4.933476157699314,8.9847835415176,5.433337054720947,8.030010896708282,7.72124234006208,9.314291269425302,6.718337851549901,5.468062664355551,6.470814047966683,5.44722313859633,6.593470648356846,6.510376593896324,5.541102870873042,6.055891591523376,4.871435368912562,4.515615500083992,7.20401099920273,5.624336881722721,9.964552092977929,3.7111708452658996,3.2873089391205976,10.66595559545925,9.420638627133203,8.958928570789949,8.867506095341273,6.078099863018308,6.183071084746293,7.930031026686941,7.253460222695555,7.3856361699955855,6.010913294340886,6.536887973334108,7.333216126482668,7.037421597167853,5.439830604195595,6.6891370868044255,9.074569891020657,6.914512696862222,5.243428798977816,7.085019326848648,5.313781808529583,5.809419818861145,9.698251175374857,11.194205272197722,7.692264191540221,8.009864618842094,5.73505158722401,5.60625028695379,7.458123924902512,6.831864114132312,3.0645142628678244,8.128050281958924,5.689655941724781,8.043686847260899,4.807535931680885,4.641039315291811,8.292171496897934,8.392348284806522,5.723385669929642,8.082067339388388,8.505112762642755,6.032572327341356,6.113386587159978,4.897102625880922,7.481795557641554,8.07661481499672,6.078788829594852,6.964052777737381,7.760799189124788,8.687173165806708,5.261802045788086,6.607756237685684
2096,7.790662693977356,6.612298045626705,9.935646910433256,12.9101390004158,9.038099940972671,9.894770508153098,7.83057556753712,6.806038713242322,6.457446372083254,7.098826912737317,4.850424766540524,7.721058565591063,10.037355054702081,8.125994197385651,8.630140129450176,7.963076284102028,8.289133853930974,8.335422326624396,7.649463191841333,5.234670105150767,7.185211708822422,9.674307217981134,9.487857191557334,10.366586879321508,11.626091567959104,12.293744103397643,5.046495290526325,10.296046918843471,11.71401758518602,7.087809935478233,11.877300022329603,11.159284484482903,7.064580065304681,7.737002556664602,5.230330599844451,6.124194840022496,6.597437558855327,9.211356491276197,8.436600079387427,7.82463242773499,7.808920279783861,7.138020590586318,8.142020376984563,7.228379870738301,15.398765666144234,2.2365212616111547,10.998288691536128,8.420296471965102,7.463122441832509,7.534961288422347,7.045895387917493,7.6407948078853805,8.679625109889145,10.852979046319215,9.415411069776331,8.445417228341103,8.534067286870311,5.107497926269255,9.165250963611268,4.792418321434946,7.413597915428023,5.362533933030708,5.497671283994403,4.596834561015878,5.9398317494562685,7.852646266243289,8.359088663756845,8.470631244991509,12.531201994419092,7.655679855069946,6.709350850965298,5.545063940967834,7.759046630774231,8.5666471523898,6.524999259199419,6.6028768062591565,8.040995430946348,8.325565130582879,11.882125900472907,8.028780769663197,9.975897417749678,6.727018964849414,8.089462521033632,6.020372762424605,15.104866770335606,6.154516607948712,7.01432441068547,8.559966611010688,6.893160042911771,8.043292618755784,8.782929908058474,8.138223227432798,8.900387731194495,9.814477875216731,7.666517632441332,5.888774203402657,9.889824802588144,6.323824284757886,8.964723228556766,9.124301437820705,10.833159047684505,7.696025520762693,6.355878730969768,7.617735042529448,6.386881246311327,7.5329766341618125,6.9215093923466595,6.5783060007063385,6.959560046451435,5.776756033727103,4.8977777108550065,8.552463953835625,5.988344132620838,11.597851250959295,4.608218994949547,3.9128692703587666,12.266130147874348,11.096106701131376,10.045995763582843,9.729005283010858,7.122399599211556,7.157648304956301,9.440213871427947,7.630025276115961,8.696279807282346,7.24922021371978,7.4659268400498835,7.869658177984616,8.026838940701317,6.03843287399837,7.626996771339327,10.310680616221259,7.896222740145665,5.623277717828752,7.484649679916247,6.3012038301144315,6.790195197931356,11.347367014363408,12.61589985064098,8.548228792846206,9.277707715864693,6.737756824706286,6.590157769833292,8.404097031615677,7.232139681918279,3.93135996099029,9.075075054115485,6.063513153578555,8.978158423760245,5.18379432601588,5.243258068817004,9.161882363898407,9.48192351928779,6.695753348938059,9.417570058149954,9.726750509015156,7.141643070323128,7.034484830924444,5.783212025250708,8.463062957567828,9.261802427896436,7.032877507273638,7.976921988810814,9.103749398461407,10.504602734531675,6.15151026206357,7.131393301699845
2097,8.167103590709827,6.902750683442824,9.55860946114574,11.56916848506246,8.804977168302454,8.564769902825356,7.468230008546795,6.823793693738324,6.847617805855611,7.1393662589735225,5.426305659328189,7.502270519946303,9.735365565573534,7.837071377038953,8.301579407070367,7.635351673407214,8.064909638890196,8.135998318237915,7.426025194355422,5.763859702433862,6.751075786508484,9.173409972020561,8.664826582691498,10.075717101565433,10.767151122646675,11.606906679272655,5.017312401320252,9.927755323770855,10.712456345425123,6.881579359088626,10.441998502612115,10.832163261941497,6.68373205699027,7.51308567353657,5.7693791137209915,5.670449828250067,6.60775340654488,8.596747659785407,8.461874358143126,7.618259127650945,7.411818490709577,6.860733027969091,7.9191959828138385,7.260413934290406,14.300346830913002,2.0781375659363577,9.847027547231747,8.20989185443946,7.240697358867957,8.10226771698467,6.721301553930555,8.109864633849686,8.45019078648516,9.177039034877504,9.098788370564575,8.68195013872215,8.22147695145437,5.667403005888415,8.359327911479133,4.796480457910473,7.014832696105749,5.390245061424295,5.947354709237282,5.037666038117773,6.5438498545970205,7.6518720902502535,8.134493735539058,8.169749103247053,11.62424293245588,7.418690732015027,6.646260769239494,5.554937685387474,7.451133133471015,8.346645886850151,6.0876830328788065,7.01702177439417,7.756203579051157,7.903861405806882,11.091950070006504,7.8290136356438875,8.69552955584866,6.815102189459973,8.176014399102757,6.025817478980339,13.958862965447564,6.020605237888437,6.778162414687016,8.29681149678571,6.6649926090346945,7.811931415261438,8.583317297031837,7.725819514904703,8.404281823762826,9.478197779878977,7.274019769020379,5.860665855982471,9.598471285828522,6.349092980793541,8.710875076055526,8.735107659016334,9.996307151445318,7.294860769249501,6.383671910847935,7.2442547410726545,6.420983986982278,7.279861548755854,7.433758639012074,6.3527765333652475,7.033481550642427,5.746173027370659,5.429578716041788,8.171931767037938,6.461802625549691,10.468865416731154,4.5500093387705975,4.147156317053096,10.79783104913575,9.919164543332798,9.740516764351304,9.493447844045507,6.807277727127077,6.994865499223981,8.611290522345472,8.181221893855504,8.31602695328849,6.850908087193969,7.445034120125432,8.103503492261684,7.82883790630315,6.404796662075179,7.54237020063613,9.949761745120798,7.523634513494163,6.081992324122359,7.861162904969288,5.879034562834673,6.572359600450314,10.186919846571984,11.623318222590855,8.352158753680332,8.932406321806571,6.503626287409238,6.388895709799335,8.112078226889885,7.621870198420113,3.8716653848865192,8.830524488432072,6.4712468149406615,8.668015162061366,5.63734491446189,5.518395381740164,8.966562633775178,8.899636972163405,6.269862314420091,9.057615801479143,9.373691137986528,6.898221197298601,7.072145695452176,5.834311170663154,8.154559417095564,8.441467257349622,6.725574920858648,7.479222557853373,8.721886237604272,9.21430031103747,6.0915849864482885,7.582437335593358
2098,9.211405018983148,7.972471792357308,10.121207917508267,13.231777997314927,9.943919992659776,10.300121519182406,8.646460493973322,7.736226436070032,7.989551239886454,8.08907169188772,6.248127951792307,8.304854559259757,10.2449137404561,8.88957406591092,9.494850876714503,8.79955929304872,8.843158481376516,8.883056214026043,8.267201249940062,6.785476659451214,7.976507810183934,9.951303860119411,10.217129297341623,10.56478368001325,11.915865730813575,12.820898326805663,5.981191453231235,10.513284959218332,12.04743616623538,7.736401688201087,12.225383196558276,11.775907689758712,7.838593219007768,8.34448478988239,6.534793882577545,6.92599868838276,7.52255986332893,9.867391357836981,9.314836833306721,8.431999736598556,8.230510800225394,8.005490944640977,8.74033845918519,8.168376443854404,16.258433614458358,3.239078819585432,11.372207843938051,9.00263667021479,8.074765298196247,8.90797341295651,7.930642059445384,8.956977134943005,9.596290078759198,11.194606183043552,9.601977972047672,9.489195410268646,8.82818434004273,6.4105542374043045,9.46502553054264,5.786852608408243,7.972849506991252,6.395237729804854,7.110488550152096,6.109711732183186,7.213319631080541,8.508924041475566,8.907985218933657,9.368933526958743,12.83427432009152,8.532943175307341,7.509635502951489,6.48210299994264,8.272461781331467,9.065375788004271,7.171219012566977,8.13543684823173,8.494345939159393,8.520258816650935,12.233945016775815,8.6137635020007,10.382261678363598,7.741478512542589,9.086042874625752,6.9437591688973574,16.00997867584229,6.872696868436677,7.611523541382381,9.352430809395658,7.518975865840915,8.57037192008325,9.290988275408749,8.351384111813132,9.661011210083961,10.004087670466731,8.50543868286269,6.893538021189829,10.669596391703404,7.262610597269874,9.841977373297725,9.316357910633087,11.135229735315908,8.52480915359088,7.316085353493694,8.094070855208805,7.335543744904656,8.488040686079435,8.235130633626673,7.212351760161773,7.93242891090257,6.694359364892757,6.164795668210302,8.780716747045519,7.6072880464472945,11.950640411462105,5.528420163584611,5.062822194610323,12.629933874947675,11.460276925031627,10.214098961438458,10.538808446058205,8.109984359943445,7.858400453839985,9.796340832965715,8.934788081049922,8.883182815109782,7.554940491914751,8.37836879747255,9.12847241982818,8.649334307653563,7.295073371699877,8.38853606539113,10.492752409513514,8.747561395168304,7.245400605882914,8.949350971010118,7.121393011297499,7.406927720138005,11.710523973192487,12.917643164736885,9.081152724461361,9.479059580819946,7.338666192974366,7.240727119360647,9.257951597017904,8.751721744026458,4.8853769336428,9.99540879401778,7.6267760938299585,9.740055771384922,6.802828825371607,6.37873588300177,9.667169649473262,10.159044822518315,7.517841515583655,9.615997052512,9.945990388308259,7.805119269873421,7.975581345387872,6.750587932765485,9.356968002659933,9.888742374189732,7.966224117789953,8.743324249131339,9.299998984326214,10.900983246309423,7.042271987455237,8.68151436192649
2099,8.455836969813602,7.406374409794806,10.161307167794021,13.591327159319608,9.383993268758056,10.529745155147143,8.17843974232674,6.88980903417936,7.263918890697615,7.272891898506453,5.5013916012431885,8.427344875676292,10.268703414792459,8.094811046336382,8.887562759965657,8.317647355369159,9.013584406673909,8.966755089868924,8.420985811523032,6.022436207932023,7.502207455464775,10.024398867360187,10.049419903542317,10.600355639308688,11.981351795473273,12.302598347195556,5.114120803560531,10.577411819781576,12.117898887661948,7.846009275955813,12.636024161960401,11.25786656237074,7.329503709503583,8.51930076847119,5.821323660228932,6.406766165154319,6.784254220234497,9.332025542535959,9.084736814030578,8.567770228215627,8.12938047072717,7.467785429954532,8.871958872037277,7.33054875582457,16.41102738039834,2.2251023387270346,11.394623923727448,9.091255864500997,8.21157399909571,8.15786221176386,7.440313940814563,8.296349574252968,9.057086834684021,11.734594182457245,9.62547913342714,8.72015857962626,8.924143701179744,5.68069954647549,9.625912998403821,4.891871973446442,7.736828067260133,5.483816230297087,6.357698916590646,5.3220895051956205,6.518804611052789,8.66285758486816,9.050651085403349,8.810131849561419,12.919207825831007,7.936929233159339,7.220786762982608,5.625298132215226,8.472874919431549,9.148326368417065,6.807243670310295,7.376748563668557,8.629381421208379,8.640633533895018,11.748209307874955,8.704758470399035,10.579621677952153,6.900387808335445,8.750818213926895,6.097559526562696,16.180046001502447,6.902540541546686,7.763517647130149,8.555133785520278,7.68046297473567,8.666932397761512,9.357792080938816,8.42320167848042,9.116001603326627,10.014840829478848,8.012564550553051,6.061531556078367,10.078668071116724,6.409485973258104,9.316632424294946,9.43152311401708,11.248100742697721,8.00008905359677,6.46732726298838,7.936352117692254,6.581648220866922,7.937974216256828,7.534847239085613,7.384220232282368,7.098451063409451,5.824783174693586,5.4122388848236636,8.870975157964446,6.847721169037477,12.073667376382014,4.648178403718134,4.2865862511098385,13.05450964484895,11.60904660395214,10.211911179338182,9.989398767240353,7.4629050270787305,7.796941409363148,9.91296278834343,8.216334082878058,8.949583514141183,7.517770552741632,7.593102850658552,8.595305133238435,8.799177493793623,6.575856460604289,8.048684331774712,10.5727082410029,8.214784130879812,6.468321564261398,8.219377141818406,6.600078013432877,7.531713707745078,11.832489584546002,12.96435731138502,9.18128573963685,9.526855634791511,7.4894992360046935,7.369948372138398,8.765323178895883,8.015410452548945,3.995602556637358,9.42479386457375,6.9003221411258,9.265049667443549,6.038832151464054,5.609399793483319,9.7695892364585,9.905558222212962,6.997131270170216,9.651852891274862,9.933437402333533,8.040429085493086,7.134632604249887,5.890853041836195,8.84986203398023,9.757178757020409,7.4356881699391755,8.330536270993097,9.396188822920834,11.065413416283475,6.111897537218675,7.873963986337188
2100,5.058106173894235,3.6613177367619096,6.352151284473286,9.290706729676046,5.887656859414916,5.603452260951908,4.681934529968671,3.603933257822482,3.613389000722341,3.9199830323457725,0.986331068617959,4.578661521311317,6.773080587280649,4.803419498992818,5.334030434914998,4.726026408587184,5.165698217494149,5.437484228903694,4.324755284403051,2.1939009259854036,3.994509109282604,6.557600469461511,5.927973337045734,7.222309521905016,8.25573005559189,8.895836119220725,1.9603515688862108,6.885942432177918,8.532326840502877,3.8895157958779976,8.329875434083595,8.147488991829702,3.8314903185303706,4.430966579062599,1.6119550926344737,2.763515563734941,3.4692339179771285,5.789654661182844,5.537985928143773,4.63835333255785,4.3428545285548505,3.9394708764340214,4.795216656795572,4.118101677511418,12.360431596211024,-1.2269149043730334,7.436969332503424,5.160027141656192,4.200205943627019,4.0245499747672255,3.7384570953968397,4.1262550289077415,5.515161519391195,6.676469180413655,6.2449537543180815,5.374132861303432,5.01140053996018,1.4627823557172486,5.260501305120332,1.687120521068573,4.03413298746704,2.190921800477163,2.6684825230922042,1.5172012180089958,2.4477095987115587,4.455020379594396,5.15883390456438,5.291175334368433,9.374119455473767,4.565740520613531,3.459639851961818,2.385975625685284,4.22441024602657,5.687938099460944,3.2035863412278016,3.7680606978280213,4.5792125201650995,4.4254540979862185,8.540023104580383,5.009741371124984,5.837734865290778,3.6260208989892697,5.211025287131115,2.9877507289339373,12.064234512192867,2.9423009267875133,3.6503044217824945,5.2490953814504415,3.4721165895728134,5.022494502897774,6.011589384531336,4.515170959063939,5.468728471334492,6.471234638616444,4.47747001041259,2.6359775398458734,6.752729603515137,3.200809615850447,5.865039905267098,5.307559330548559,7.166374700303593,4.467223456182649,3.23144738738026,4.148094611614942,3.1922069972114895,4.225310075283049,3.4214135408401507,3.135463837214877,3.889490669273904,2.5899154941950524,1.413216245174407,4.928190039736886,3.1614286295005263,7.97826793263334,1.4786544944558848,0.3408780572669843,8.599412199641973,7.320291069509194,7.046672139210358,6.648841908606533,3.6114567956754136,3.89873701632023,5.710038896756513,4.275060421760596,5.08638849045549,3.7313277414434465,4.260986400927815,4.964571186474392,4.77099774010213,2.7535556175879097,4.404882008688791,6.915807277070623,4.716276846506763,2.776174774659534,4.698517671972512,2.996086467589651,3.5322207263537786,7.641292906658993,9.429395651817325,5.6336857267788485,5.801405952232224,3.3664497519178065,3.312158997889077,5.168599201951713,4.3698373324903015,0.6514526895114349,5.877064965452466,3.2184405282139776,5.813231025849072,2.3529734649828495,1.8429065006119874,6.3173202249155,6.258354517285313,3.4110254911439783,5.753318601846695,6.292002065874944,3.572973865696362,3.8418314056737084,2.7016308135219966,5.283360512341771,5.91738311062966,3.693295586747784,4.757897105813025,5.449049451308596,6.427914541746891,3.0972437836229787,4.108061114805085
