Year,1,2,3,4,5,6,7,8,9,10,11,12,13,14,15,16,17,18,19,20,21,22,23,24,25,26,27,28,29,30,31,32,33,34,35,36,37,38,39,40,41,42,43,44,45,46,47,48,49,50,51,52,53,54,55,56,57,58,59,60,61,62,63,64,65,66,67,68,69,70,71,72,73,74,75,76,77,78,79,80,81,82,83,84,85,86,87,88,89,90,91,92,93,94,95,96,97,98,99,100,101,102,103,104,105,106,107,108,109,110,111,112,113,114,115,116,117,118,119,120,121,122,123,124,125,126,127,128,129,130,131,132,133,134,135,136,137,138,139,140,141,142,143,144,145,146,147,148,149,150,151,152,153,154,155,156,157,158,159,160,161,162,163,164,165,166,167
2026,17.18171429634095,18.609485459327697,19.66596707105637,19.94503681659699,18.60921170711518,20.627811992168432,19.078421950340275,17.933779311180125,18.469615209102642,18.482757902145384,17.491931533813478,18.865408062934883,18.543594717979428,17.787771594524386,18.896990263462065,19.4300416469574,18.253644335269925,17.768266963958744,18.824065399169932,17.41990816593171,18.237082350254052,16.579242777824412,20.412790226936345,18.44358156919479,19.6708665728569,19.875927948951727,16.644424712657926,19.460379266738887,18.95277454853059,18.796929788589484,20.268871355056767,18.637549448013306,18.10805084705353,19.179435884952547,17.45103543996811,16.906692194938664,18.628904008865348,19.551344799995423,17.415225458145148,18.91819503307343,18.383044910430918,18.554561638832094,19.069970059394837,18.47755935192108,20.481638932228094,15.417179596424106,19.898097324371346,19.174044704437268,18.981499469280244,18.1285097360611,18.70702912807465,17.998885846138005,19.36020072698593,22.299173212051382,18.43953756093979,17.635822153091432,19.410415589809425,17.412392687797553,19.667575669288652,16.604341816902156,18.054223680496225,17.425267052650447,17.729178690910338,16.790693044662476,18.25423202514649,19.409650087356567,18.125416374206544,18.984089577198027,18.783754110336304,19.130086207389834,18.75963989496232,17.31140369176865,19.493960499763496,17.179812085628516,17.304449081420906,18.223167729377757,19.60178949832916,19.453594684600837,18.337391519546507,18.638414084911354,20.469197857379918,18.368097484111786,17.87842501401901,17.424709570407867,20.793831586837772,18.204016363620774,19.253795778751375,18.620085859298705,19.479068160057068,18.028359389305113,16.783869254589085,18.417970550060275,19.465600502490993,18.814395189285285,18.79894889593124,18.107101440429698,18.59093065261841,17.877628242969514,19.271356511116032,19.993936657905586,20.25069426298142,17.94476432800293,18.33065800666809,18.267147719860077,18.679111146926875,18.599317455291747,17.867540788650516,19.491805636882788,18.569127643108374,17.79801712036133,17.180519402027137,18.79229022264481,18.095424997806557,19.553973531723024,16.403776383399958,15.632257318496707,20.838317942619327,20.120530939102174,17.955403292179106,18.633831977844235,18.56604384183884,18.801638960838314,19.384915196895605,18.00034942626953,18.994499731063843,17.74204714298249,18.757260537147527,18.794321346282963,19.185747742652897,18.12659647464752,18.984680867195124,19.62589180469513,18.32977309226991,17.908983254432673,18.282094478607178,16.898033273220058,18.812769460678105,19.896131455898292,19.07735464572907,17.725463175773623,19.36445418596267,19.285360431671148,18.80731929540634,19.407012462615967,19.04001038074494,15.673958349227899,19.220812427997593,18.199494326114667,19.741699147224434,17.424719488620767,17.342977738380434,17.048259508609778,19.725550818443303,17.31580522060394,19.393611299991615,18.79673626422882,19.950866711139675,18.92938101291657,17.288284242153157,19.553869462013246,19.070819854736335,18.823415684700013,18.390370416641236,19.464609491825104,20.78444896936417,16.251807916164402,17.325932681560513
2027,16.7170883178711,18.051256656646736,19.89871191978455,18.697454071044927,18.204552137851714,18.902254831790923,18.756079816818243,17.391818606853484,17.787397301197057,17.986429524421702,16.202249270677562,18.801056313514714,18.87321549654007,17.27989317178727,18.565280497074134,19.060641467571255,18.147623598575592,17.797202706336982,18.69379768371582,16.5039421081543,17.93960189819336,16.54805252552033,19.527518761158,18.7751101732254,18.946023714542388,19.440053415298465,16.168915069103246,19.596385228633885,17.965155601501458,18.676896893978125,18.998971700668328,18.541047835350035,17.782195544242857,19.058299899101254,16.258440554142,16.50744081735611,18.258510231971748,19.197168028354646,17.299341869354258,18.828573822975155,18.273682254552842,18.25869497060776,18.922311425209042,17.92916210889816,18.774379062652592,14.996921196579938,18.724895811080934,19.02863694429398,18.901227867603307,16.760079371929173,18.39715279340744,16.577631688117997,18.958352041244503,20.57439426183701,18.907487797737126,16.786970877647402,19.64170632362366,16.18162322044372,18.98341389298439,16.152927225828165,17.82253385186196,16.98547218441963,17.029207062721255,15.917784392833704,17.062709057331084,19.225044000148785,18.06673283576966,18.56321974992753,17.992970418930057,18.78870153427124,18.518686103820805,16.862762773036962,19.418848705291754,17.300923490524294,16.984097379446027,17.61621235609055,19.66183604001999,19.660688084363944,17.27543808221817,18.609303832054138,18.850428295135497,17.860971200466157,17.62824845314026,16.878913784027105,18.962702894210818,18.046508181095124,19.21768764257431,18.09758780002594,19.40564972162247,18.081124687194826,16.8987410068512,18.54127390384674,19.10097059011459,19.191064488887793,18.49035387039184,17.622306603193287,18.39486631155014,17.41322168111801,18.830702698230734,20.232301700115208,19.482724153995512,17.49723582863808,17.94122432470322,18.252080655097963,18.32258474826813,18.211047714948656,16.580206155776985,19.398248338699343,18.071896243095388,17.437437212467195,15.978218197822567,18.895634454488754,17.38933998346329,18.313915312290188,15.97138343453408,14.674237209558488,19.493868517875676,18.779156243801125,18.42620844841004,18.368988776206983,18.283957827091225,18.585238349437713,18.661194241046914,16.70533484220505,19.209173429012303,17.81556757688523,18.27123165130616,18.315399360656745,19.021213400363923,17.367281246185307,18.647094714641568,19.729695487022404,17.91409384012223,17.224635446071627,17.704051423072816,16.454224961996083,18.748112392425536,18.634552359580994,18.179612827301032,17.733462858200078,19.697839128971097,19.235186493396764,18.69089349508286,18.963986730575566,18.372572827339177,15.119862920045856,18.856174790859217,17.49612114429474,19.298293566703798,16.703497326374055,16.51436221599579,17.042469406127925,19.101741766929628,16.868415206670768,19.693707931041722,19.200666463375093,19.730376267433165,18.47941395044327,16.777591502666468,19.173198914527894,18.29901779890061,18.378042995929725,17.852672255039217,19.636327385902412,19.243469107151036,15.905873274803161,16.752249205112463
2028,14.745897495746615,15.499109447002411,17.415929859876623,18.22165492773057,16.148740470409393,17.961368413269515,16.50049253702164,14.88242866992951,15.342080509662633,15.416453194618224,13.351367866992954,16.07202502489091,16.520087009668362,14.277748215198514,16.228600585460658,16.735981917381288,15.479589283466344,15.362775969505307,15.860860276222231,13.817080450057983,15.672776329517367,14.095878100395206,17.95375653505326,16.471047419309624,17.69641351699829,17.162575244903557,13.603538221120834,17.266613453626633,17.208435082435606,15.844088459014898,18.569465672969823,16.614821743965145,15.527255165576946,16.12517709732056,13.640601384639737,14.2412577688694,15.624901247024535,16.46585618257523,15.062090981006628,16.03083127737045,15.88356136083603,15.835333442687983,16.121484804153447,15.472751069068906,18.914071345329283,11.829462718218567,17.884331536293033,16.360249233245852,16.07719128131867,13.935656499862665,15.91408097743988,13.764859330654142,16.830335831642152,19.98440057039261,16.51000480651856,14.247319293022155,16.975864106416708,13.444023168087003,17.163748745620254,13.412576031684875,15.494608208537102,14.039906531572333,14.526680195331569,13.294212168455124,14.452997279167178,16.25755985975266,15.385825943946847,16.46978915929795,16.78622413873673,16.43147932291031,15.794766283035278,14.25714396834374,16.26887631416321,15.016251075267794,14.717640003561977,15.314989769458768,16.748683166503902,16.86422094603768,14.49273211956025,15.97028408050538,17.959617051482205,15.23450454473496,15.42221190929413,14.402819180488589,19.176876163482667,15.194407582283024,16.24062169790268,15.10372930765152,16.355844712257383,15.639882087707525,14.68474756479264,16.01930380687118,16.52199808359146,16.778747892379766,16.206285107135777,14.723397064208996,16.32391297817231,14.844571775197982,16.856113970279686,17.462160044908522,17.997386169433607,15.348284685611725,15.318285310268397,15.868268114328387,15.693638479709625,15.838618516921997,13.836930429935453,16.306992805004132,15.560426068305972,14.818380302190786,13.232980716228488,16.34782496020198,14.891288733482355,17.633251440525065,13.341841477155691,11.968137460947041,19.03925836086274,17.89691892266274,16.185530233383183,16.37333397865296,15.668751001358029,15.791375958919527,17.054185414314276,14.0732390999794,16.683033514022824,15.352572605013851,15.815855276584625,15.95297991037369,16.257872915267946,14.746340930461884,16.047187519073493,17.46098470687867,15.789998936653143,14.742057311534875,15.497693943977362,14.232045155763629,15.869929671287546,17.774670445919035,17.38507767915726,15.284895753860472,17.188061946630494,16.207752037048348,15.780947554111489,16.742777383327486,15.967810952663424,12.359585481882101,16.770368587970733,15.009424185752863,17.161926507949833,14.150229090452195,13.93205945491791,14.745447146892545,17.504616832733163,14.638177824020385,17.078664433956142,16.628813356161118,16.424632453918456,15.898814761638643,14.252994281053555,16.95545780658722,16.849228799343113,15.942108905315399,15.92165514230729,17.05155869722367,18.31609756350517,13.244994878768921,14.537855970859528
2029,17.968358707427985,19.26169357299805,19.8853479385376,19.60554378032684,18.486689031124126,19.784319961071013,18.95121573209763,17.726332306861885,19.182104468345646,18.345350086689,17.860834193229685,19.326249575614927,18.83734191656113,17.752005887031554,18.801861107349403,19.32759406566621,18.721429371833807,18.25215384960175,19.307726001739503,17.943598425388338,18.106602096557616,17.589308857917793,20.156913661956793,18.73902894258499,19.277985906600957,19.93565652370453,16.479930102825172,19.67456200122833,18.38052079677582,19.254539752006536,19.916255521774296,18.629654598236083,17.963803219795235,19.68404796123504,17.736391115188596,16.719915986061103,18.531224668025978,19.610032832622533,18.163375353813173,19.379325008392335,18.46492857933044,18.446451687812804,19.47887980937957,18.32130762338638,20.10996310710907,15.321409407258036,19.274865698814395,19.532075905799864,19.50137178897858,18.47133270502091,18.601280260086064,18.31518194675446,19.227259755134586,21.83852984905244,18.764292538166053,17.766559505462645,19.695026946067816,17.73552531003952,19.43793147802353,16.501020383834845,18.07002882957459,17.36256088614464,18.42457250356674,17.358024179935462,18.527279305458062,19.89472754001618,18.66201195716858,18.839871823787682,18.363385677337646,18.996884584426876,18.97274825572968,17.152611601352692,19.97029802799225,17.7334742307663,17.209712958335878,18.979537391662596,19.999829912185675,19.74611692428589,18.35885920524597,19.074583649635315,19.653033280372615,18.243221867084507,18.5580411195755,17.246447765827178,20.430123281478878,18.710570526123046,19.85792536735535,18.64501706361771,20.07335145473481,18.568480610847484,17.315328288078312,18.637588036060333,19.451535248756407,19.091672563552855,18.660821640491484,17.987902402877815,18.536195242404936,17.702369749546055,19.121877038478864,20.29850393533707,19.933825302124024,17.786660647392274,18.18387463092804,18.337600779533386,18.61202191114426,18.466571974754338,18.209384465217596,20.091668772697453,18.44547449350357,17.686248373985293,17.484108042716983,19.026280760765076,18.77245347499848,18.931309127807616,16.26327036619187,15.79519726037979,20.437872219085694,19.39781868457795,18.2795343875885,18.54264932870864,18.468436002731334,19.126519680023193,19.119247114658357,18.318288636207587,19.21142960786819,17.89400582313538,18.595521688461307,19.47407152652741,19.625886964797985,18.36982803344727,19.10211375951767,19.846092271804814,18.185349535942088,18.616498136520384,19.03554511070252,16.71671382188797,19.354143810272213,19.226211690902716,18.492461156845092,18.197686672210697,19.62842979431152,19.88871057033539,19.31536619663239,19.30221258401871,19.766498136520386,15.629583239555359,19.10395838022232,18.91332638263703,19.640524196624757,18.094579017162324,17.447531485557555,17.502783226966862,19.530990767478944,17.135612940788274,19.69049487113952,19.128627526760106,20.483096575736997,18.7474014878273,17.144353532791147,19.419511961936948,18.85169787406922,18.689736557006842,18.215280592441555,19.724871301651007,20.00965378284455,16.212364125251767,18.18133351802826
2030,15.901326477527618,16.94454530477524,18.579276490211477,18.672378349304196,17.096975207328796,19.36407525539399,17.65928943157196,15.3372189283371,16.73044570684433,15.908461821079253,12.949559241533283,17.64030333757401,17.636765933036806,14.915113031864172,17.449628269672395,17.907956194877624,16.99592685699463,16.780199909210214,17.461995112895973,14.81785119771958,16.82155212163925,16.023735642433177,18.83079575300216,17.555050134658817,18.886845111846913,18.182749581336974,14.03938701152802,18.3441707611084,18.31295840740204,17.435637068748477,19.019350004196173,17.558025646209718,16.591176164150234,17.77978051900864,13.274054515361787,15.364408707618708,16.207805943489074,17.756456291675573,16.36879982948304,17.633009946346284,16.974836349487312,16.938572561740877,17.69693057537079,15.914767253398896,19.809656596183792,12.386721314489842,19.143440556526183,17.81322944164276,17.683778381347658,13.629209876060482,17.182686448097225,13.404806816577912,17.885944509506224,20.610006177425383,17.72527980804444,14.324181187152869,18.277479946613322,13.063431584835058,18.388496613502504,13.894569635391239,16.563477611541746,14.596122217178344,15.955017495155335,14.29843084812164,14.096929061412812,17.901018321514137,16.909265649318694,17.480077433586125,18.217659687995912,17.34419713020325,16.906029427051543,14.690272605419164,17.96239305734635,16.346851468086246,15.79851655960083,16.662119448184974,18.253423619270325,18.096264553070068,14.707479536533366,17.517022442817694,19.288805675506588,15.674446392059323,16.703308677673338,14.827421212196352,20.013298678398137,16.77296280860901,17.936163175106053,15.711973273754126,18.092006421089174,17.053038668632507,15.970860862731934,17.13116495609283,17.850757455825807,17.95731368064881,17.37749342918396,15.405411607027057,17.36631382703781,15.30737271308899,17.783866333961488,18.697015988826752,19.13962690830231,16.371286094188694,15.781352055072778,16.977112340927125,16.267599570751194,17.008240079879762,13.501057720184331,18.052603673934936,15.988294458389285,15.263114976882935,13.008095979690557,17.437732756137855,16.311317598819734,18.673725438117987,13.786253970861441,11.882101708650596,19.541176342964185,19.16065925359727,17.345523524284367,17.35784077644348,17.005319797992712,17.15227475166321,18.145763421058653,13.777522420883177,17.845915067195886,16.487197172641753,16.36976246833802,17.310570573806764,17.81381510496139,15.22790286540986,17.05875531435013,18.462258434295652,16.831016039848333,16.16249458789826,16.776051497459406,15.323562002182005,17.501362597942357,19.00947768688202,18.53273406028747,16.712112498283386,18.38538973331452,17.918973278999335,17.410160529613492,17.852290034294136,17.352994239330293,12.717802703380585,17.762126171588896,16.428813791275026,18.237988877296452,15.603963375091556,13.921930724382406,16.06691814661026,18.339886331558226,15.722849094867707,18.296572244167344,17.87373657226563,18.230266535282134,16.366336047649376,14.681773781776428,18.073992156982417,17.623296201229095,17.183775556087493,16.873918545246116,18.19012734889984,19.67561801671982,13.742730844020846,15.841996347904209
2031,14.748175704479205,15.673281157016763,17.42772110700608,17.610009574890142,15.86722549200058,17.565296602249152,16.294611251354215,15.111519682407382,15.406335878372198,15.583357656002041,13.57728714942932,16.599820160865786,16.51188873052597,14.702004623413089,15.996668863296517,16.517576229572295,15.98572654724121,15.817370998859397,16.426320689916608,13.980653971433643,15.511827397346499,14.659774315357211,17.500698578357703,16.45960178375244,17.560837209224708,17.545733380317692,13.814117360115048,17.25426213145256,17.02914049625398,16.425718605518348,17.99610452651978,16.426143956184394,15.41794319152832,16.6987975358963,13.81122060418129,14.044823205471042,15.905505526065829,16.70761818885804,15.26833597421647,16.586836481094362,15.813934475183487,15.68268321752548,16.660958552360537,15.677066874504098,18.54491758346558,12.087113201618198,17.692944598197936,16.85884109735489,16.623516774177553,14.098011267185209,15.687087023258218,13.931233632564545,16.619420206546785,19.153101408481596,16.53718683719635,14.411150598526003,17.105904173851016,13.678968995809559,16.993360906839367,13.62467275857926,15.383754187822351,14.232787561416634,14.613646227121354,13.443716669082642,14.6427907705307,16.853558397293092,15.853458422422415,16.27000296115876,16.829253637790682,16.376762020587925,16.260733079910278,14.482244592905042,16.730828213691716,15.400675368309027,14.577365404367447,15.36361304521561,17.089303743839274,16.862903556227685,15.22161602973938,16.487617123126988,17.626355016231535,15.439677429199218,15.613278424739836,14.605632698535924,18.71428670883179,15.764482849836346,16.801711404323576,15.48869522809982,16.944987028837208,16.07134586572647,15.06589782238007,16.024921706318857,16.551748609542848,16.791009140014644,16.037857842445373,14.856280452013024,16.129054784774784,15.083714723587033,16.653976094722747,17.45424221158028,17.84726926088333,15.161085629463196,15.565919923782355,15.811359232664108,15.981032001972205,15.605027091503143,14.032362127304074,16.909166491031648,15.74937261343003,15.067837822437292,13.48713814616203,16.335745307803144,14.97350811958313,17.373094475269323,13.558898460865015,12.16431406736374,18.42909264564514,17.626920104026798,16.21453560590744,16.168424546718605,15.4304044187069,16.300695198774342,16.85129218101502,14.267923176288605,16.71213914752007,15.34363505542279,16.02356210947037,16.094389498233795,16.829886531829832,14.975525844097138,16.449797296524054,17.46297221183777,15.609156644344333,14.82267186641693,15.537408077716833,14.036089366674426,16.439341163635262,17.519584691524503,17.234892594814305,15.730805730819702,17.207550859451295,16.79154241681099,16.376377040147787,16.49989782571793,16.005014300346375,12.581240516901012,16.51422773599625,15.079736125469207,16.9363929271698,14.254736673831946,14.120095169544225,15.15724549293519,17.19125701189041,14.44972529411316,17.080388772487645,16.629871052503592,17.09188113510609,16.148507547378536,14.449610698223108,16.772966217994693,16.489953827857974,15.702711975574497,15.68319171667099,17.051194673776628,18.000552082061773,13.41695493459701,14.533543086051946
2032,16.512876749038696,17.66995083093644,18.013029193878186,19.565868854522712,17.808070957660682,18.97202373445034,18.405497717857354,17.169734424352647,17.537255954742438,17.771779721975324,17.133101844787596,18.076831531524675,17.04448788166047,17.418340420722963,18.222960811853408,18.753362202644347,17.334070003032686,17.105392801761628,17.92765743732453,16.546684694290164,17.510136204957963,16.320775079727166,19.747046566009526,16.9835367679596,18.423070573806765,19.893380117416385,15.947463190555581,17.85829688310623,17.882339310646056,17.946008801460273,19.84541082382203,18.13175958395005,17.370207542181017,18.2178952217102,17.043958294391622,16.047246223688127,17.91704481244087,19.3815271615982,16.794562005996703,18.072567558288576,16.92015386223793,17.849584823846826,18.139070940017703,17.793120473623283,19.292246079444887,14.679457774758342,18.70697284936905,18.244542026519774,18.14999548196793,17.78306787014008,17.966234952211384,17.64665729999543,18.65730105042458,21.803568077087412,17.050408792495727,17.222016644477844,17.854228931665425,17.061585617065433,17.980127823352824,15.94446153342724,16.80333415865898,16.80753173828125,16.758263707160953,15.980073434114463,17.87335638999939,18.419831705093383,17.227019214630126,18.251761466264725,17.664314985275265,18.438540530204776,17.976164293289184,16.587542772293098,18.094714576005938,16.609104990959167,16.25948096513748,17.377662312984477,18.21770935058594,17.545628160238262,18.563448715209965,17.907122743129726,18.935642063617706,17.693775355815895,17.21232125759126,16.737810438871385,19.593276691436778,17.326606118679056,18.425388288497928,18.31395857334137,18.597704184055328,17.390266728401187,16.21969112157822,16.61598336100579,19.086382186412823,17.324538695812222,18.09071019887924,17.41094136238099,18.012719213962566,17.156864446401595,18.539274561405183,18.126968467235564,18.75982121229172,17.1678322315216,17.62764031291009,16.969568467140196,17.979886913299563,17.82196265459061,17.581695914268494,18.584856688976295,17.917297089099886,17.126106125116344,16.772201472520834,16.993544462323193,17.11079781651497,18.39809889793396,15.720808315277106,15.137944447994235,20.39744222164154,18.74984986782074,16.7015462756157,17.98834236860276,17.823254448175426,17.945213806629177,17.94904369711876,17.704612743854515,17.312034034729013,16.219514635205275,18.018807649612427,18.015543937683113,18.290441572666168,17.420823675394054,18.186800718307502,18.05398823022843,17.588351327180863,16.945898354053504,17.511308896541596,16.040588942170146,17.986180424690254,18.584769117832174,18.070396614074713,17.005982077121736,17.76578531265259,18.448103559017177,17.92660760879517,18.723285531997693,18.14130197763443,15.054712037742135,18.4721045255661,17.2375389456749,19.105064463615424,16.4391630768776,16.82030757069588,16.316702878475194,19.10858068466187,16.48974176645279,17.686683475971215,17.196678566932682,18.815391021966928,18.2057480275631,16.635780650377278,18.854823213815685,18.46218793392182,18.066972303390507,17.669705539941795,17.69817358255387,19.25687736272812,15.693376475572586,16.497778236865997
2033,17.220694875717175,18.533726751804362,19.432848072052003,20.316128492355357,18.488919281959532,20.70928044319154,18.975820541381832,17.0496507525444,18.422233760356914,17.663903141021734,16.79093914031983,18.706674730777742,18.379008615016943,17.003020524978638,18.8093465924263,19.343966007232673,18.0912652850151,17.641909253597266,18.67898453474045,17.190947246551513,18.105217802524574,17.009204816818247,20.534641361236567,18.285186815261845,19.741656208038336,19.787353372573854,15.784973287582398,19.234501874446863,19.118164873123167,18.65034753084183,20.649049592018137,18.58877463340759,17.909131705760956,19.004278063774116,16.81671447753905,16.738223540782933,17.860562086105347,19.42911324501038,17.371546173095705,18.76740033626557,18.138528001308448,18.341433727741244,18.902081429958347,17.62837065458298,21.276248240470892,14.450635468959813,20.04684736728669,18.99235080480576,18.831958818435677,17.267831373214726,18.609182178974148,17.20708374977112,19.25624623298645,22.797832918167114,18.34450439214707,16.855975675582894,19.20559791326523,16.757311832904808,19.5543164730072,15.72698516845703,17.83857017755509,16.465134227275854,17.700881052017213,16.59331846237183,17.62232732772828,19.238757777214055,17.961482298374182,18.869482600688933,18.983286833763124,18.777949500083928,18.34487355947494,16.459340584278106,19.255628812313084,17.0765629529953,17.115782356262212,18.235419023036957,19.40114055871964,19.17738986015319,18.015627908706676,18.497921264171595,20.545578992366792,17.485327219963075,17.830253958702095,16.55481536388398,21.66615872383118,18.069376349449165,19.11337651014328,17.829268753528588,19.33748244047165,17.906194508075707,16.68594558238983,18.129272758960724,19.402091526985174,18.65293320417404,18.67778449058533,17.241260778903964,18.527091503143318,17.019767439365395,19.156089401245122,19.732677257061006,20.17403919696809,17.80083076953888,17.498203086853025,18.08534091711045,17.936640119552607,18.466049635410307,17.135137629508968,19.347937965393065,17.729894590377803,17.000565934181218,16.582848882675176,18.4963102221489,18.048810577392587,19.636019396781926,15.559381234645844,14.893900978565222,21.230024194717416,20.234574508666984,17.88445465564728,18.547721385955818,18.47172487974167,18.501809716224663,19.331859266757967,17.25598046779633,18.753603267669682,17.508474516868596,18.020953893661506,18.733906483650212,19.04324862957001,17.616731810569767,18.492101192474365,19.36806212663651,18.211336326599117,17.891064476966854,18.281742429733278,16.721061372756964,18.671772062778476,20.037302517890932,19.297753715515135,17.5827649474144,19.1738647222519,19.145129072666172,18.66720554828644,19.310727143287657,18.98747022151948,14.833618247509003,19.109627854824062,18.15375510454178,19.644520020484933,17.388314902782447,16.63729374408723,16.919795572757714,19.752301454544074,17.15409506559372,19.172512149810792,18.631162738800057,19.742868077754974,18.07348811626435,16.44452575445175,19.451387345790863,19.14050471782685,18.70967271327973,18.309376013278968,19.197359013557435,20.895017790794377,15.387298762798315,17.341747248172755
2034,16.267804634571075,17.35175399780274,18.70407131910325,19.133639526367183,17.760659694671627,19.04959638118744,18.198338901996614,16.653995931148536,17.26877636909486,17.18547527790069,16.09005863666535,17.582422316074375,17.695809519290925,16.68492550849915,18.00133455991746,18.497561120986937,16.9777869462967,16.694865572452553,17.440597903728495,16.073286449909215,17.372511744499207,15.432459402084348,19.46115514039993,17.61115260124206,18.621343874931334,19.106348514556885,15.377058231830594,18.47193238735199,17.959195947647096,17.43294512033463,19.44698033332825,17.960777807235722,17.244476604461667,17.768768513202666,16.167673277854924,16.018454432487488,17.410686254501343,18.61445964574815,16.48078236579895,17.60039817094803,17.350149166584014,17.6037694811821,17.731181454658508,17.18474999666214,19.09806430339814,14.055778934061527,18.73014304637909,17.90675621032715,17.63094232082367,16.61893433332444,17.77133136987687,16.449686062335967,18.50104809999466,21.199740982055676,17.68750324249268,16.37104439735413,18.396420729160308,16.074131834506993,18.363158154487614,15.330216705799108,17.03483368158341,16.05033847093582,16.507503068447118,15.496910798549655,16.956119930744173,17.941339623928076,16.856001496315013,18.12532607316971,17.530388474464417,18.128692555427552,17.433491325378423,16.048641037940985,18.007060790061956,16.233735489845284,16.35380672216416,17.12009121179581,18.32205095291138,18.289637768268587,17.526507353782655,17.437384688854227,18.978781914710996,17.063231503963472,16.889983558654784,16.10834795236587,19.325462627410886,16.797295117378233,17.85719386339188,17.34565088748932,18.02390108108521,16.951352846622473,15.865624547004703,17.343937849998483,18.553474700450906,17.97456302642822,17.917545497417454,16.736385202407842,17.843879008293147,16.64543656110764,18.452141690254216,18.863545131683352,19.066799926757813,17.03059893846512,17.118522500991823,17.33741810321808,17.417731547355658,17.642770886421197,16.441002190113068,17.98760014772416,17.291292285919187,16.616350197792055,15.832045221328736,17.662094879150395,16.86343173980713,18.398272490501416,15.171615970134738,14.34282466173173,19.987149643898015,18.836921811103824,17.27325830459595,17.888896679878236,17.60635694861413,17.449768292903904,18.182370579242704,16.58821493387222,18.013250029087068,16.755775630474098,17.585207450389866,17.65162870883942,17.840640914440158,16.818167126178743,17.698075950145714,18.636493647098543,17.459320652484895,16.70386583805085,17.22298797369004,15.987581992149359,17.446995532512666,18.676356625556945,18.10999383926392,16.63808758258819,18.471789777278897,17.84289137125015,17.38540488481522,18.449226593971254,17.868425822258,14.41344181895256,18.389069914817814,16.97200173139572,18.806012392044074,16.16777086257935,16.11719393730164,16.01764665842057,18.93847200870514,16.385886520147324,18.397788095474247,17.8932218670845,18.27927875518799,17.714408886432654,15.999048161506659,18.6645867228508,18.20639321804047,17.827818632125854,17.510201334953315,18.365659976005563,19.34345335960388,15.105309104919431,16.252581441402434
2035,17.18905916213989,18.499864244461058,20.002898311614985,20.907597327232374,19.228130996227264,21.247291600704198,19.686484074592585,17.86574087738992,18.318370556831365,18.548036891222004,17.162293636798864,18.95836915969849,18.89126045703888,18.185308623313908,19.56846516132355,20.06471140384674,18.335840404033664,17.88966093063355,18.911088263988496,17.167883980274205,18.7447563290596,17.203106856346132,21.260379135608673,18.786507999897008,20.065787172317506,20.805688166618346,16.631139367818832,19.827152287960054,19.304186797142023,18.872225213050847,21.19907009601593,19.153812074661257,18.529463279247285,19.273436522483827,17.140981829166417,17.448272871971124,18.61146292090416,20.45962116718292,17.504242014884955,19.010778677463534,18.834931254386905,19.081119716167457,19.149126458168034,18.453712129592894,21.601568293571475,15.466337275435214,20.31747353076935,19.264234542846687,19.104812836647035,17.738913154602052,19.345168435573576,17.65279951095581,19.972531366348274,23.592978477478034,18.81996771097183,17.51223714351654,19.723061501979828,17.106362843513494,20.185700893402096,16.65021364986897,18.562197780609132,17.508447188138963,17.56324251890183,16.593287312984465,17.94394968748092,19.487425291538244,18.23469730615616,19.56976317167282,19.416024041175838,19.4961760520935,18.781299364566802,17.284498083591465,19.646171498298646,17.328371787071234,17.803450000286112,18.139269495010375,19.827402651309963,19.90902043581009,19.54509057998657,18.736262905597684,21.04626517295837,18.385671776533133,17.929294693469995,17.404241138696683,21.98225536346435,18.272804355621346,19.414764094352734,19.034018826484676,19.63187030553818,18.165463864803318,16.933563947677612,18.799848937988283,20.31369146108627,19.156155836582183,19.365813624858855,18.249433082342147,19.16077226400376,17.839455026388162,19.831083512306215,20.431359779834747,20.708393216133125,18.511733472347267,18.311712545156485,18.650954806804666,18.66708940267563,19.279596054553974,17.56537778377533,19.639829540252684,18.5844765663147,17.8057001888752,16.881692349910736,19.22770522832871,17.913502085208894,20.007680249214175,16.39702014625073,15.418282097578054,21.804222416877753,20.61016705036164,18.322633600234987,19.19074326753617,19.29556626081467,18.850248122215273,19.92822358608246,17.66825381517412,19.335026216506968,18.11950604915619,18.771598422527312,18.756640720367432,19.253718817234045,17.96312843561173,18.980572795867914,20.000772440433508,18.886792707443227,17.768860888481136,18.222095870971685,17.447117090225216,18.928411614894873,20.370994210243236,19.40861380100251,17.8418202996254,19.730041003227235,19.43718425035476,18.89682059288025,20.062592089176185,18.90476710796356,15.64533157646657,19.82573357820511,18.030936777591705,20.373854637146003,17.24782480001449,17.160157310962674,17.137032902240765,20.387025308609015,17.886541533470155,19.7850814819336,19.17387212514878,20.029102861881256,18.87963644862175,17.31617055535317,20.160321128368384,19.792204642295847,19.529818046092995,18.991747510433196,19.889205157756813,21.345447587966913,16.31279070973396,17.301222503185272
2036,17.01368079185486,18.30987639427185,19.111577355861666,18.843481564521788,18.14979411363602,19.55660725235939,18.763122582435606,17.70048764944077,18.088441526889802,18.28342574834824,16.75211740732193,18.90997920036317,18.081432127952574,17.308145272731785,18.592097926139836,19.110120046138768,18.221573209762575,17.84625725746155,18.825056910514824,16.817369115352633,17.903120815753944,16.77660562992096,19.615568351745605,17.99287098646164,19.0653694152832,19.238624262809758,16.43858550786972,18.901698243618018,18.35192203521729,18.820186650753023,19.169523477554325,18.411781919002532,17.792417407035835,19.163504743576052,16.703193998336793,16.456053382158277,18.455093801021576,19.078432488441464,17.462163734436036,18.94592201709748,17.803242677450186,18.257606548070914,19.03532830476761,18.313516724109654,18.847121667861927,15.29342103600502,19.210363161563883,19.10474247932435,19.007321381568907,17.405569374561317,18.364499324560164,17.198434638977055,19.011757922172546,20.849478673934943,18.070320105552668,17.28331329822541,18.973217940330507,16.688265860080715,18.850424134731288,16.497661674022673,17.518707650899888,17.415739423036577,17.312873411178593,16.254753708839424,17.510786497592935,19.36333731412888,18.13522441387177,18.59383878707886,18.00674521923066,18.86369730234147,18.673657107353215,17.102220273017885,19.23929985761643,17.301824712753294,16.8148757994175,17.922096014022827,19.304842817783356,18.801493817567824,16.862112236022963,18.71282229423523,19.475747567415254,18.22624957561493,17.82872688770295,17.202036929130557,19.004092454910285,18.18341834545136,19.321304380893714,18.293895268440252,19.530689096450818,18.11623549461365,16.89001405239106,17.772919905185695,19.067685735225687,18.369341564178466,18.469657051563274,17.992160755395894,18.348298656940454,17.664025378227237,18.860195887088786,19.36495009660721,19.51429339647293,17.515542078018193,18.141236352920533,17.794830751419074,18.505629837512977,18.202237308025353,17.19399052858352,19.53369400501251,18.435511445999147,17.63724319934845,16.43297553658486,18.126254051923755,17.679909265041356,18.80406746864319,16.23068268895149,15.079719704389575,19.698437905311597,19.29598199129105,17.63743019104004,18.320188510417942,18.248903691768646,18.75011143684387,18.592789757251744,17.330607616901396,18.429186367988585,17.20187461376191,18.549346506595604,18.571933317184453,19.17547212839127,17.65146285295486,18.87128406763076,19.057846367359172,17.933340883255017,17.498744750022887,18.009633255004882,16.41869319677353,18.855899238586424,19.118921089172368,18.56036386489869,17.794142270088194,18.87009168863297,19.347488558292397,18.83006151914598,19.06817927360535,18.6912735581398,15.455085057020181,18.821216428279875,17.796737003326417,19.42243207693101,16.976737201213837,16.851148748397822,17.07737991809845,19.141897571086893,16.864288729429244,18.845291662216184,18.33095366954804,19.865861821174622,18.69730203151703,17.10724991559983,19.224368822574625,18.37503826618194,18.46066513061524,17.902396321296695,18.843356144428252,19.832226824760433,16.229971337318425,17.050504362583155
2037,16.608972895145406,17.679821699857712,19.211341357231134,21.469169044494627,18.99495118260384,21.09927414655686,19.53825412988663,17.71477788090706,17.61098346710205,18.414887791872026,16.864547044038773,17.836885434389124,18.15017714500427,17.99845715761185,19.481270825862886,19.926196074485784,17.197615844011306,16.90949382781983,17.695715278387073,16.527201411128047,18.589533495903016,15.930305993556981,21.45239387750626,18.046388649940496,19.843043601512914,20.491007709503172,16.484108391404153,19.05105522871018,19.279504537582397,17.709509316086773,21.746986985206604,19.07301090955734,18.378619533777236,18.025308737158774,16.762687766551984,17.22217332124711,18.338605284690857,20.293597292900085,16.755082070827477,17.853736144304275,18.14975441992282,18.938237822055818,18.003616076707836,18.32462587952613,21.869032979011546,15.338003383576867,20.43547899723053,18.197909897565843,17.913152313232423,17.535815119743347,19.20682510137558,17.356374406814574,19.82043814659119,24.419843649864198,18.136974370479585,17.376113593578342,18.802018803358077,16.79213774800301,19.605270737409597,16.54626521319151,18.027406299114226,17.467062324285514,16.851556944847108,15.974652963876721,17.57496832609176,18.186935567855834,17.110989969968806,19.37778105735779,19.15809009075165,19.3362695813179,18.019404202699665,17.12538705766201,18.302514929324385,16.445099318027502,17.433414342999466,17.484042805433283,18.679676985740667,18.932571026682858,18.250849819183358,17.684303885698323,20.927870583534244,18.276650863885877,17.16247279644012,17.26339935660363,22.24653043746948,17.095195180177683,18.19701976180077,18.88884955644607,18.354790636897086,17.196416592597974,16.06629650592804,17.865122497081764,20.189455652236937,18.453718543052677,19.19983832836152,18.2007039219141,19.073838996887208,17.6744102716446,19.624826335906985,19.49500559866429,20.27237383127213,18.296283686161054,18.142425370216365,18.065575307607652,18.392531770467755,19.118475264310845,17.30791125297547,18.33709372878075,18.452730059623715,17.633778154850006,16.508666127920158,18.279511404037475,17.196110737323764,19.989442074298857,16.261282184720038,15.133796221017837,22.463394761085507,20.51114974021913,17.704700207710264,19.057560431957242,19.1899592101574,17.86237315833568,19.52990282177926,17.48069597482682,18.5136856675148,17.40302003324032,18.59901171326637,17.995517194271088,18.051854920387264,17.46463263034821,18.310281163454054,19.206233656406404,18.693314504623423,17.06367512643337,17.57611931562424,17.203082722425457,17.748571512103076,20.29750349521637,19.4160671710968,16.851209515333174,18.940568840503698,18.198697140812875,17.68010672926904,19.93209353685379,18.20877017378808,15.500704570859671,19.64087611436845,17.318603199720382,20.245582246780394,16.53101285398007,16.864993911981585,16.206385052204134,20.445493626594548,17.65862421393395,18.97158887982368,18.428832942247396,18.574335585534577,18.701954966783525,17.17269663214684,19.99326674938202,19.919932162761693,19.40422753691674,18.897571921348575,18.99352229833603,21.26921727657318,16.274756371974952,16.644464194774628
2038,17.908706402778627,19.449543631076814,20.48747584819793,22.143716597557063,19.35226354598999,22.028505039215094,20.00277642011642,18.741547143459325,19.190699207782746,19.404082322120665,19.526676213741304,20.075020051002504,19.379631495475763,19.753427147865303,19.881496512889864,20.39927619695664,19.404733586311334,18.87156882286072,20.027086997032175,18.406367242336273,19.10046736001968,18.07277047634125,22.00582759380341,19.256748461723326,20.767542552947994,21.802792930603037,17.51026992797852,20.258524131774912,19.998400115966785,20.032883191108713,22.46593868732453,19.413151550292973,18.952659201622016,20.456872344017036,19.24566223621369,17.712532782554625,19.53198878765107,21.55687034130097,18.459298944473268,20.156196236610413,19.130397307872773,19.55165367126465,20.21948838233947,19.3267196893692,22.218228030204784,16.60361130833626,21.162844681739813,20.232214379310612,20.20227136611939,20.218889951705933,19.771824669837958,20.039255356788633,20.195979547500617,25.298138380050666,19.37210233211517,19.10599677562713,20.362315475940704,19.285477745532994,20.720190107822418,17.625976014137272,18.81378923654556,18.625477218627932,18.470278954505922,17.80478210449219,19.99145324230194,20.635012483596803,19.356054615974433,19.779130876064308,20.190728855133056,20.011114096641542,19.807546997070318,18.165303373336798,20.72022461891175,18.26812517642975,18.084262907505043,18.983505284786226,20.70750846862793,20.31306757926942,21.750382566452025,19.849402189254768,21.815102708339698,19.31814143657685,18.807691597938533,18.255213129520428,22.549417614936836,19.38467786312103,20.58749775886536,20.50964100360871,20.820602154731752,19.15451993942262,17.811279106140137,19.153071141242982,21.05540316104889,19.69152617454529,19.68838474750519,19.285390341281897,19.444119596481322,18.724470603466035,19.986172795295722,20.876991736888897,21.248681426048275,18.72962175607682,19.191748785972603,19.063716733455664,19.577571034431465,19.527665734291077,19.86430838108064,20.84891002178192,19.463327980041516,18.681949472427373,18.889044678211214,19.539612424373626,18.807640814781195,20.638760089874264,17.309189856052406,17.20598969459534,23.15282251834869,21.356439924240117,18.8528692483902,19.414835834503172,19.646226489543913,19.934344911575323,20.507537925243383,19.948093867301942,19.805051648616786,18.52037936449052,19.579756593704225,19.610715270042427,20.341105008125304,19.27866607904435,19.959352707862855,20.32799890041351,19.13803672790528,18.662161982059484,19.00121912956238,17.68798052072525,20.078251504898077,21.102057743072514,20.18435375690461,18.866506385803227,20.243212151527405,20.643268752098088,20.06768891811371,20.319351422786717,19.774412286281585,16.82587457895279,20.00491244792939,18.93715968132019,20.63806715011598,18.153400921821593,18.71470662355423,18.120989656448366,20.90614094734193,18.124629700183874,20.287008512020115,19.71802854537963,21.300820207595834,19.76577341556549,18.155862581729895,20.431652510166167,20.450634264945982,19.837543368339542,19.329277133941655,20.26633177995682,22.13471261262894,17.320763587951657,18.104648983478548
2039,16.973905277252193,18.073950302600863,19.070912456512453,20.55658552646637,17.468525862693788,20.84962531328201,17.8586517572403,16.171969556808477,18.004594039916995,16.678724229335785,16.54421347379684,18.08160195350647,18.00681664943695,15.898759317398074,17.61932288408279,18.159781742095948,17.49412541389466,17.102342677116397,17.998352921009065,16.769337737560278,17.052877902984626,16.4390697002411,19.984314894676213,17.91289136409759,19.658687329292295,18.981952190399177,14.852494609355926,18.890925931930546,19.10131545066834,17.960624289512634,20.89400534629822,17.696615028381352,16.912673413753517,18.339667105674756,16.594814622402186,15.699154496192929,16.99051413536072,18.322858476638793,16.988240408897404,18.117830467224117,17.547712743282325,17.207883250713355,18.236750268936163,16.69820810556412,20.67835466861725,13.347083961963657,20.05128982067108,18.36741092205048,18.150729060173028,17.148724639415743,17.388241720199588,17.00456877946854,18.185655534267422,23.179794478416444,17.957117867469776,16.358893215656288,18.785175096988684,16.508483493328093,19.40272681713104,14.73438081741333,17.084131360054016,15.382045745849613,17.249520134925838,16.181198143959055,17.392231035232545,18.523055696487425,17.366735100746165,17.82541202306748,18.865337991714487,17.74405007362366,17.563794267177585,15.542452085018159,18.62403275966645,16.587092423439024,16.22023779153824,17.85889730453492,18.833161091804506,18.751009333133698,16.910343861579893,17.90473721027374,20.682945871353155,16.506279098987584,17.450636124610913,15.618901979923251,20.9929173707962,17.37631040811538,18.41077573299409,16.63295776844025,18.606808853149413,17.355361580848694,16.213707375526432,17.786346554756165,18.224584794044496,18.279016399383544,17.59246351718904,16.103046822547913,17.531958317756654,16.12734357118607,18.18192737102509,19.301913106441496,20.09750447273255,16.743963599205024,16.60530616044998,17.45106694698335,17.050291299819943,17.299388670921324,16.949174153804773,18.587745130062103,16.77129424810409,16.12120715379715,16.301752901077272,18.133920907974254,17.62331218719482,19.716278815269476,14.637682461738589,14.460076105594643,21.487661719322205,20.324307179450983,17.502056550979606,17.592309117317203,17.2098557472229,17.766643559932714,19.178085243701933,17.080406737327575,18.381351208686834,17.009178459644318,17.13415057659149,18.31625542640686,18.368460702896122,17.073445475101472,17.733965229988097,19.018862986564635,17.158983683586126,17.458431017398834,17.946459078788756,15.680283141136167,17.988729834556587,20.095732688903812,19.243537831306462,17.047694420814512,18.808974099159244,18.4122358083725,17.953699529170997,18.132709789276124,18.62305505275726,13.977691620588306,18.087343668937685,17.716076183319082,18.500094819068913,16.93410464525223,16.157885158061987,16.416993069648743,19.138422083854675,16.081654644012456,18.763043880462646,18.198922324180604,18.942599391937254,17.19543180465699,15.484199607372284,18.344661128520965,18.61886894702912,17.45594453811646,17.41817274093628,18.802589797973628,20.992681002616884,14.486371684074399,17.036194825172423
2040,16.09449117183685,17.246134567260746,18.604178500175482,18.53277356624604,17.498478686809538,19.303293025493623,17.86832922697067,15.913459873199468,17.093701577186586,16.47378087043763,14.536391830444336,17.712684655189516,17.572956323623657,15.374504685401917,17.65141396522522,18.15379766225815,17.085424518585206,16.793749713897704,17.629600775241858,15.573602950572965,17.044911408424376,15.789625358581542,18.981090211868292,17.50185122489929,18.685052657127383,18.44492018222809,14.61786066293717,18.414351558685297,18.072882843017574,17.599312305450447,18.89655209779739,17.729429578781133,16.85873531103134,17.91329963207244,14.718106842041019,15.691516554355621,16.726685750484474,17.905756556987754,16.42102117538453,17.739695918560024,17.24887146949768,17.175136399269103,17.881436836719512,16.46756755113602,20.253475999832155,13.038817027211186,18.850984573364254,18.01202476024628,17.799582588672642,15.06613321304321,17.370415866374977,14.948801827430723,18.199414086341857,20.383929777145383,17.53992230892182,15.273121154308324,18.31385514736176,14.60381543636322,18.461646914482117,14.488527977466585,16.891715157032017,15.16099623441697,16.33443101644516,14.994986313581464,15.559163165092471,18.127177309989936,16.967775738239293,17.83734019994735,18.042904853820794,17.675827062129972,17.268714630603792,15.28414319753647,18.084096705913545,16.313948690891273,16.133320116996767,16.942268204689032,18.362845122814182,18.257451915740962,15.335187745094306,17.547004294395453,19.20941486358643,16.27962864637375,16.82440131902695,15.391949927806854,20.527249956130987,17.000649607181554,18.037111258506787,16.190658593177798,18.218078911304474,17.061225748062128,15.947653603553771,17.3032783985138,17.997078311443335,17.839295792579655,17.588467991352083,15.928182315826415,17.559333372116082,15.874567663669584,18.18125870227814,18.806737399101255,19.15639250278473,16.7561616897583,16.351899278163916,17.154361391067518,16.78737291097642,17.31925408840179,14.959465968608853,18.204927158355712,16.548146927356726,15.854332673549653,14.483843207359318,17.66497255563737,16.684727299213407,18.563385438919074,14.368526101112366,13.078668534755703,19.360410308837892,19.00685830116272,17.1283386707306,17.612926411628727,17.227224099636075,17.424442577362065,18.211135387420658,15.162727546691894,17.912862753868097,16.64443219900132,16.90978482961655,17.563327276706694,18.010585761070256,16.07669026851654,17.428448414802556,18.607684469223035,17.158458268642427,16.520464193820953,17.055554890632635,15.675283885002134,17.632555854320522,18.844062376022343,18.20426657199861,16.71903148889542,18.339060807228087,18.046868860721588,17.588786470890042,18.153129410743723,17.660568594932563,13.45646938681603,18.110199058055876,16.801580238342293,18.512330102920533,16.004163587093352,14.971107757091525,16.079027044773106,18.541603064537053,16.094109416008,18.28887850046159,17.748037087917332,18.49416997432709,16.937393462657937,15.2678631067276,18.347133660316466,17.798304653167726,17.46137855052948,17.19528599977493,18.333525204658507,19.55485981702805,14.265156674385077,16.06306262016296
2041,16.834530997276303,18.214291906356813,19.80260512828827,19.369640207290647,17.971843922138202,20.427290725707998,18.534065556526187,17.138540661334996,17.94525727033615,17.789361840486528,16.7750438451767,18.89900062084198,18.701056694984437,16.930770361423498,18.370036017894748,18.871894049644474,18.216786861419678,17.81455752849579,18.810300207138063,16.77662085294725,17.653709495067602,17.02478332519532,19.721769225597377,18.593241620063775,19.67484219074249,19.20631014108659,15.891393399238591,19.609264600276944,18.88864333629609,18.798851931095122,19.718531203269958,18.228628325462346,17.50825375318528,19.17002121210099,16.739935731887826,16.21810449361802,17.94852936267852,18.970699596405026,17.329543590545658,18.935683012008667,18.227862918376932,17.9742230296135,19.08536264896393,17.76376477479935,20.178959321975704,14.615476900339129,19.844751238822937,19.164135456085205,19.011438584327703,17.368513262271883,18.116593575477605,17.23646000623703,18.809828531742106,21.483113765716553,18.651520395278926,17.012883889675145,19.531954884529114,16.722060334682467,19.693291234970086,15.91373675763607,17.754783475399027,16.794331270456322,17.199974918365484,16.19652777910233,17.55029194355011,19.37046746015548,18.126330959796913,18.392744803428663,18.947344708442696,18.511395466327663,18.45004199743271,16.545131754875186,19.413908994197854,17.262833380699156,16.8272962629795,17.779607510566727,19.642520952224736,19.65846837759018,17.14782429933549,18.68826105594635,20.292974257469176,17.670217555761333,17.707710552215584,16.669390237331392,20.43994693756103,18.166944384574897,19.332419168949123,17.87058292627335,19.542053937911994,18.101049566268912,16.8505373954773,18.54050717353821,18.916957378387448,18.980388343334198,18.231027686595922,17.425340634584426,18.129249382019047,17.099962908029553,18.677843475341795,20.205727481842047,20.237299704551702,17.30273381471634,17.568195414543162,18.069397413730623,18.02169909477234,17.989407986402515,17.180006670951848,19.554395508766174,17.871580636501314,17.079383546113966,16.473985278606413,18.953477585315714,17.556462764739994,19.40739691257478,15.673644661903381,14.896280008554461,20.223410224914552,19.991349649429328,18.17323071956635,18.114537477493286,17.999745416641236,18.616677868366235,19.309256315231334,17.32616176605225,19.132267785072326,17.7558001756668,18.02440764904022,18.451132655143738,19.16290245056153,17.486832439899445,18.606477808952338,19.79108500480652,17.72303494215011,17.393956863880163,17.849934697151184,16.199223142862323,18.859074664115912,19.788707184791566,19.057426071166994,17.75578248500824,19.529893159866337,19.37062871456147,18.821859538555152,18.861707103252414,18.54784452915191,14.960972878336921,18.63010175228119,17.65920363664627,19.21018466949464,16.882253336906434,16.621642839908596,17.04443881511689,19.125863063335427,16.642197901010515,19.591176784038545,18.995842337608345,19.907589185237885,18.151803338527674,16.55928968191147,19.006666350364682,18.456913650035865,18.241444939374922,17.771026456356054,19.652814257144932,20.637196445465094,15.652182066440583,16.90473544597626
2042,16.114207482337953,17.278320217132578,18.47513911724091,19.76654069423676,17.618123447895055,19.548506069183354,18.06990513801576,16.62451977729798,17.141140246391295,17.172934210300458,15.988645827770233,17.633762931823735,17.43842213153839,16.325966620445257,17.83268904685974,18.379836010932923,16.999321842193606,16.70929753780365,17.528662919998172,15.985642361640942,17.222802793979643,15.957233071327215,19.69771065711975,17.36597075462341,18.82806189060211,19.05485906600952,15.351141893863678,18.286204218864448,18.275716328620916,17.519862556457532,20.077402973175055,17.869441819190975,17.083390307426445,17.811513805389403,16.066127264499663,15.8215875506401,17.374793839454647,18.52624826431276,16.365023231506346,17.643570995330805,17.170226740837098,17.458647215366362,17.771316981315618,17.169826531410223,20.853636336326606,13.902464252710349,19.16526596546173,17.94749116897583,17.702029800415044,16.531018495559696,17.593427085876467,16.405805063247684,18.3829274892807,22.09510732889175,17.423131990432744,16.287043857574467,18.185404706001286,15.987971270084383,18.471810352802283,15.258710098266594,16.88053178787232,15.984394383430484,16.402292132377635,15.381062197685244,16.883063244819645,18.01257176399232,16.862493729591364,18.001687550544744,18.19915566444397,18.0220281124115,17.507907605171216,16.027489757537843,17.941330671310432,16.21699862480164,16.18802884817124,16.98424460887909,18.228244256973273,18.072239017486574,16.863427090644848,17.4649320602417,19.447406923770902,17.02276014089585,16.78588681221009,16.111727416515357,21.193016934394844,16.904523026943213,17.935054135322567,17.167923986911774,18.117724370956424,16.97144756317139,15.850495505332944,17.1378493309021,18.420318925380716,17.71453628540039,17.78137979507446,16.648999011516572,17.711491203308107,16.592048895359042,18.330952453613286,18.625819063186654,19.22264873981476,16.891725373268127,17.07613972425461,17.155521762371063,17.444850015640263,17.490701854228984,16.376523494720452,18.104810690879823,17.269501125812525,16.589653337001796,15.758364963531491,17.477179324626928,16.758216190338143,18.781780862808226,15.120095717906949,14.23766343593598,20.687340044975286,19.24106707572937,17.020751404762276,17.74877102375031,17.431905710697173,17.507170033454894,18.34155739545822,16.523504948616026,17.784180927276616,16.560169541835783,17.52111041545868,17.546576905250554,17.91322062015534,16.796990513801568,17.722378182411198,18.467756533622737,17.320155346393587,16.583130645751943,17.073588228225695,15.80240190029144,17.532122254371647,19.079586291313184,18.438468194007882,16.630130553245543,18.212180566787715,17.94088318347932,17.49070922136307,18.370536351203917,17.714979076385497,14.310739922523496,18.263471269607543,16.854785156249996,18.73738005161286,16.066522336006166,16.045375216007237,16.00567092895508,19.01214382648468,16.22411584854126,18.135850811004644,17.602225494384776,18.37527153491974,17.66019446849823,16.000672066211706,18.546833562850953,18.384305644035344,17.68758358955383,17.461455750465397,18.165156388282778,19.812240040302278,14.956749987602233,16.110550189018255
2043,18.111137425899514,19.436489593982703,20.98772115707398,23.42445566654206,19.874773871898658,23.501193463802345,20.25639542341232,18.417119711637504,19.336750698089585,19.159963250160224,19.17726112008095,19.65589392185212,19.80448733568192,19.406387972831734,20.2623489022255,20.637709617614746,18.986383712291723,18.492991018295296,19.598584300279622,18.410440284013756,19.265096426010135,18.00829510688781,23.03212875127793,19.675337934494024,21.564057850837706,22.301299476623548,17.150947755575185,20.867559051513673,20.83804819583893,19.569840294122695,23.62218284606934,19.675916147232055,19.01636497974397,19.995828014612197,18.857969188690184,18.027608501911164,19.14622575640679,21.82091878652573,18.29548032283784,19.703061270713807,19.744191801548006,19.65108623504638,19.87028373479843,18.99891291856766,24.2818526506424,16.108053725957866,22.19988706111907,19.916524076461798,19.829423844814308,20.061479878425608,19.920988798141487,19.922123444080356,20.568937408924107,27.30692094564438,19.639872109889986,18.891076254844663,20.62509903907776,18.93720728158952,21.763403749465944,17.249880972504616,19.408443540334712,18.233850690722473,18.55652357935906,17.82357125878334,19.64790954589845,20.19476626515388,18.949243628978728,20.140817332267762,21.139693689346323,20.040634691715248,19.389360612630846,17.80426982045174,20.475557029247287,17.91943736076355,18.514609712362287,19.142613518238065,20.673156785964967,21.074703544378288,21.51997661590577,19.397429990768437,23.16456898450852,19.010238069295887,18.737242603302004,17.940378469228744,24.831693077087397,18.96444402337075,20.2257602095604,20.25555710792542,20.439066195487975,18.818568205833436,17.48295015096665,19.857574021816255,21.397061812877656,20.057339632511137,19.932949328422545,18.993114978075027,19.74218479394914,18.358539003133778,20.390751719474785,21.599634993076325,22.22522943019867,19.08677105903625,18.825772190093993,19.403081941604633,19.174699276685722,19.9543136060238,19.745952451229094,20.451969838142396,19.1419411301613,18.28504899144173,18.64027667045594,20.32186812758446,18.90139965415002,21.78545224666596,16.918786913156517,16.84002044796944,24.477967858314507,22.499466419219978,19.08534156084061,19.765562689304346,20.020676910877228,19.514133781194694,21.535630416870116,19.811608815193186,20.331693959236144,19.077885425090795,19.285387325286866,19.699027383327493,19.887466537952427,19.002787429094322,19.554649448394773,20.982794332504277,19.419784343242647,18.768678760528566,19.20249623060227,18.015857750177382,19.66157817840577,22.20074443817138,20.916909909248353,18.463060295581823,20.655840635299683,20.256333804130563,19.61138057708741,20.690424430370335,19.93222373723984,16.42438886165619,20.44675750732423,19.059466147422793,20.975032091140754,18.246631616353994,18.314386492967614,17.707409691810604,21.57467943429947,18.472452127933504,20.85018481016159,20.19143855571746,20.81677502989769,19.40061185359955,17.870154416561128,20.739204156398774,21.184682714939115,20.207992541790013,19.813919794559485,20.986440467834477,23.461395990848555,16.93552370667457,18.36322897076607
2044,16.68462024927139,17.77232466936112,18.451950597763062,19.35562145709992,17.941817438602442,19.060570347309117,18.544703257083896,16.690558898448945,17.737186455726622,17.344842827320104,17.08690595626831,17.79341595172882,17.433640599250793,16.91981037855148,18.371893620491026,18.909359335899353,17.097546195983888,16.844013798236848,17.65765248537063,16.679819458723063,17.631026244163515,16.109017825126642,19.700788283348086,17.367479896545408,18.54200263023376,19.579079127311704,15.4587840616703,18.273540651798253,17.902421116828926,17.673401463031773,19.64635231494904,18.25437173843384,17.413150322437282,17.942403137683876,17.029734671115875,16.16129344701768,17.456394052505498,19.197080683708197,16.70956623554229,17.801859951019292,17.28589831590653,17.91085568666459,17.894780874252326,17.317948353290564,19.97203369140625,14.094604529440407,18.735422372817993,18.05169737339021,17.84490419626236,17.68823704719544,18.12793698310852,17.557937228679656,18.804025256633757,21.45532780885697,17.435636866092686,16.945751607418067,18.195854461193086,17.02093908786774,18.26791528463364,15.422957921028138,17.103570544719695,16.229668653011323,16.988161712884914,16.12688118219375,17.839839887619018,18.121457636356354,16.965906322002418,18.3921098947525,17.953777313232425,18.36037369966507,17.63938287496568,16.112426620721816,17.97281855344772,16.33425571918489,16.473896509408963,17.5879233956337,18.26836816072464,18.086450374126436,18.373465704917912,17.637478947639465,18.999498665332794,17.19051713943481,17.172984266281127,16.240218865871434,20.29756345748901,17.07501184940338,18.08717625141144,17.797270917892455,18.268765437603,17.097057366371168,15.961629319190976,17.11039303541184,19.07561846971512,17.716747438907614,18.220530486106878,16.955430334806447,18.158109092712408,16.667997491359714,18.67076668739319,18.639615309238433,18.98166536092758,17.309963130950926,17.15167343616486,17.28479605913163,17.538851332664485,17.977169311046605,17.498403608798988,18.259747350215914,17.4271453499794,16.659670424461364,16.74123133420944,17.474119246006012,17.330551499128344,18.4491918206215,15.227982705831531,14.95485028624534,20.177248787879954,18.800281178951266,17.045354831218724,18.140654385089878,18.006780427694327,17.623462581634527,18.14558693170548,17.630299365520482,17.779795789718623,16.629967319965367,17.633521127700806,18.0616513133049,18.02894194126129,17.29452913999558,17.823102509975435,18.48876925706864,17.724630773067474,17.177758598327635,17.681786751747133,16.151389533281325,17.68431899547577,18.624589109420782,18.074006915092475,16.76453377008438,18.20429630279542,18.1075250029564,17.642510974407195,18.88980805873871,18.344236481189732,14.613255655765537,18.61926686763764,17.452371352911,19.26326545476914,16.662497520446777,16.60949522256851,16.104529750347144,19.133706736564637,16.624301213026058,18.153164935112,17.617793679237373,18.501330614089973,17.733715569973,16.13417115807534,19.004143261909494,18.452259027957922,18.242416906356812,17.76539227962494,18.1738629937172,19.33400907516479,15.16107897758484,16.705582225322726
2045,17.27348724603653,18.698051857948307,19.816167283058167,22.77490830421448,19.631286764144896,21.932696831226348,20.201156961917874,19.086613535881035,18.464708280563354,19.777451395988475,19.118711686134343,19.29719170331955,18.73010622262955,20.3238550901413,20.163819873332976,20.627751588821408,18.62283803224564,18.1855578660965,19.242876517772686,17.767424356937415,19.269474852085118,17.467182254791258,22.55674526691437,18.635411000251764,20.457909035682672,22.05971031188965,17.854922485351562,19.668254446983333,19.83572227954865,19.243337535858156,23.014705991744997,19.681596779823302,19.130537807941444,19.59496752023697,18.85365738868714,17.894147169589996,19.740434241294857,21.82803583145142,17.72845556735992,19.34611455202102,18.81501308679581,19.753792214393616,19.466863489151002,19.67212500572205,23.366134643554688,17.0215613603592,20.946798729896553,19.567122626304624,19.448813474178312,19.851066088676454,19.933496999740605,19.700845170021054,20.436089074611665,26.301001667976386,18.694668960571295,19.12507209777833,19.644744014739985,18.899604678154,20.336115169525144,18.015193808078774,18.68636507987976,19.07547082901001,17.73733246326447,17.14791179895401,19.613667523860933,19.820440292358406,18.53208762407303,19.98324115276337,20.107431960105895,20.234715747833242,19.486302280426038,18.504526937007906,19.81011981964111,17.623392176628116,18.091307699680335,18.273372972011565,19.906743705272685,19.67094926834107,22.42273187637329,19.06202627420426,21.682967007160187,19.71753154993057,18.12265202999115,18.612931919097907,23.841395282745363,18.61299412250519,19.78489284515381,21.132982873916625,20.001883018016816,18.49267725944519,17.203468751907348,18.54240580797196,21.33842556476594,19.00652729272843,19.870734739303593,19.677138388156898,19.696132445335394,19.04536681175232,20.208864784240728,20.210776853561413,20.9440948009491,18.926913654804235,19.52589032649993,18.77456926107407,19.78574492931366,19.794791173934943,19.52366573810577,20.01657810211183,19.838330531120302,18.9886003613472,18.49200092554093,18.94692742824554,18.076018726825716,20.543117713928225,17.641640114784245,17.05767102241516,23.810674881935117,21.217331266403207,18.20965833663941,19.66623764038085,19.956515049934385,19.391546022892005,20.259668219089505,19.60550243854523,19.160967671871187,18.07077161073685,19.87826030254364,18.932862186431883,19.58149620294572,18.997630298137658,19.729387378692635,19.790578913688655,19.30188621282578,17.926098763942726,18.33725003004073,17.836275565624238,19.29590950012207,20.965034222602846,19.961841511726373,18.12238421440125,19.562521898746493,19.828998780250554,19.262571799755104,20.60538427829743,19.04210364818573,17.06750237941742,20.285638618469243,18.193185973167424,20.889544820785524,17.41326100826264,18.62268917560577,17.40059914588928,21.288436102867138,18.302819013595585,19.59423557519912,19.01714340448379,20.396677100658426,20.09584519863129,18.560118043422708,20.64686152935028,20.853600645065306,20.093437159061434,19.617448818683634,19.65068199634552,22.009686970710764,17.716422891616823,17.391391384601594
2046,17.947806000709537,19.37528836727143,20.836393785476684,21.41210134029389,19.191180682182317,21.799389159679407,19.783863854408267,18.621026432514196,19.186997020244604,19.268384993076324,19.154238462448127,19.82608737945558,19.69303196668625,19.036642861366275,19.683203566074372,20.17728457450867,19.15054599046708,18.651956808567046,19.782012200355524,18.299723708629617,18.870686352252967,18.143797302246092,21.531879496574405,19.57715464830399,20.63625473976136,20.93280272483826,17.40638598203659,20.653058338165287,19.713910865783696,19.77021948099135,21.674182271957402,19.323301887512212,18.730997276306155,20.17979446649552,18.922791147232054,17.485140824317934,19.42318606376649,20.784876561164857,18.33286237716675,19.883868551254274,19.382962608337404,19.302378523349766,20.034406113624584,19.199071526527412,21.06976456642151,16.508898049592972,20.890146708488466,20.08904089927674,19.986932873725905,19.864992809295657,19.47449116706848,19.73129811286926,19.99380521774293,24.285060667991637,19.639105975627906,18.90769498348237,20.59234975576401,18.929846858978276,20.90843794345856,17.536440050601957,18.94396910667419,18.525013864040375,18.442270541191114,17.706840872764584,19.669123697280888,20.393836808204657,19.089160633087157,19.56188000440598,19.980201411247254,19.81365284919738,19.62532628774643,18.065616703033445,20.563724446296693,18.066399097442634,18.0183984875679,18.98837635517121,20.724945449829104,20.876138389110565,19.89259746074677,19.57355550527573,21.56476691961289,19.217163610458375,18.715122044086463,18.14028841257096,21.4374312877655,19.15468684434891,20.360391092300418,19.915665149688724,20.59138457775116,18.95599744319916,17.622196984291083,19.641409289836883,20.51704397201539,19.970352911949156,19.47039943933487,19.10451792478562,19.284032750129704,18.613927769660954,19.799091672897347,21.395342576503758,21.327819609642027,18.513885033130645,19.10201148986817,19.193748605251322,19.463228356838222,19.30955476760865,19.546169996261597,20.61249425411225,19.369161999225618,18.593518781661984,18.578310990333556,20.080159592628497,18.78452186584473,20.41870465278626,17.212737154960642,16.96154527664185,22.35480663776398,21.093149995803834,19.08867983818055,19.25560078620911,19.434671044349678,19.718368029594416,20.53770312070848,19.60517609119416,20.19602371454239,18.84830403327942,19.45435888767243,19.58948397636414,20.098604321479804,19.109342169761657,19.780491220951074,20.792412459850315,18.904584479331973,18.64161679744721,19.035069096088403,17.440354108810432,19.833604979515083,20.848585104942327,19.85967981815338,18.608055639266976,20.568628668785095,20.405491030216222,19.81784275770188,20.13099014759064,19.773261785507202,16.70222572088241,19.839468288421635,18.921862351894394,20.450835633277897,18.130956971645354,18.50189490318298,17.87088760137558,20.56271810531616,17.888134908676157,20.677063202857983,20.066539537906653,21.038420784473413,19.678096723556525,18.08902199268342,20.217170226573945,20.006273150444038,19.582953190803533,19.068583822250368,20.77551237344742,21.889224886894233,17.25616724491119,18.153735435009
2047,17.688405919075016,19.01349339485169,19.6058021068573,20.904261231422424,18.9834219455719,20.391512584686282,19.601619172096257,18.088550496101384,18.91960961818696,18.788712787628178,18.20786355733872,19.23412426710129,18.5145747423172,18.16315165758132,19.489819705486294,20.012153744697567,18.530807626247405,18.11467688083649,19.14964308738708,17.86342350840569,18.671893560886385,17.377532601356506,21.144974446296704,18.427397966384888,19.523381948471076,20.46865651607514,16.866197299957275,19.43985407352448,18.740713548660285,19.15903321504593,21.13858196735383,19.115610146522528,18.500347936153418,19.511671698093412,18.001730310916905,17.250685906410215,18.845140957832346,20.323233246803287,17.899627053737643,19.26967148780823,18.48500008583069,19.047165715694433,19.40782861709596,18.7269265294075,20.526164102554333,15.820506583526726,19.721857857704162,19.464926123619083,19.34618957042695,18.87361204624176,19.257056272029878,18.7406789302826,19.851887786388403,23.579718971252447,18.486636388301854,18.193833935260773,19.425592911243438,18.05728107690812,19.579642164707185,16.953867906332018,18.26788592338562,17.904511618614194,18.18218545913696,17.290608644485467,18.80549975633621,19.720793330669412,18.445925235748298,19.405771291255956,18.689398741722105,19.521801841259006,19.060566782951355,17.516029655933384,19.620505356788634,17.543230307102206,17.580073034763338,18.724011170864106,19.728539609909053,19.485752439498903,18.732002019882202,19.01367840766907,20.24531642198563,18.682098507881168,18.32003338336945,17.658364748954774,20.894952392578126,18.575663399696356,19.702701628208164,19.149520778656004,19.911919391155244,18.410047006607062,17.1156234741211,18.36512205600739,20.207631015777597,18.785941851139068,19.267958354949947,18.55833327770233,19.119064342975612,18.057614409923552,19.64650622606277,20.003442406654358,20.13985412120819,18.338263213634498,18.52617862224579,18.419687938690192,18.929509460926063,19.12216258049012,18.618208289146427,19.92654709815979,18.859206974506385,18.024080443382267,17.770458400249478,18.788997191190724,18.50803561210632,19.402411961555483,16.653628414869313,16.113114964962012,21.810351538658146,19.88866801261902,18.014035785198203,19.088035356998436,19.236005556583404,19.108070886135103,19.396047520637506,18.73323116302491,18.956133282184595,17.813961410522467,18.957989430427556,19.250029957294466,19.49255924224854,18.495071208477025,19.21888813972474,19.641567337512974,18.729104495048528,18.36899974942208,18.77850031852723,17.22123960256577,19.223780369758618,19.68118007183076,18.863225245475775,18.062916970253,19.332886850833894,19.75959277153016,19.186383616924292,20.00209932327271,19.477789199352266,16.043691420555124,19.64756162166595,18.653224778175364,20.31218984127045,17.86382539868355,17.72446696758271,17.32675391435624,20.28068208694458,17.693325734138487,19.369669294357305,18.788327884674068,20.289850884675978,19.100939941406246,17.555599546432497,20.06236904859543,19.691769862175,19.444315135478973,18.85390961170197,19.470685839653015,20.565955543518076,16.67076385021209,17.86043688058854
2048,16.70332446098327,17.921751081943512,18.977119910717015,20.555666804313663,18.8469961643219,19.336132204532632,19.40598247051239,17.692408752441406,17.76603988409042,18.36118553876877,18.07698833942413,18.426957607269298,17.926764178276063,18.263538217544557,19.331304836273198,19.80259609222412,17.717527914047242,17.418049407005316,18.29449889659882,16.92702260017395,18.478783595561982,16.350462198257453,20.894024872779845,17.84957786798477,18.83278856277466,20.840598225593574,16.451468408107754,18.797397947311403,18.09773969650269,18.307655954360968,20.808793139457705,18.99186861515046,18.28329002857209,18.626129055023192,17.898576617240913,17.108278644084933,18.395591521263135,20.504720926284786,17.06178133487702,18.437590503692626,17.9685573220253,18.799288034439083,18.54714504480362,18.303856456279753,19.94360992908478,15.26160546541214,18.97637157440186,18.662866640090947,18.517710506916043,18.784053230285643,19.05529096126557,18.63361959457398,19.688574862480163,23.132789969444275,17.923950254917138,17.91448998451233,18.74366340637207,17.94756922721863,18.737073135375976,16.4733788728714,17.879978501796725,17.381229257583623,16.981673872470857,16.356382203102108,18.71627480983734,18.805071043968212,17.625963187217707,19.264670062065125,17.947615051269526,19.252709436416623,18.39494545459747,17.10180069208145,18.691616046428685,16.909358358383173,17.315134620666505,17.611340701580055,18.92136265039445,18.71332926750183,20.28635907173157,18.24526464939118,19.266424620151522,18.222685074806215,17.457158565521237,17.237308168411268,20.207175803184516,17.688201034069063,18.841628503799438,19.129837679862977,19.019520711898807,17.713831758499143,16.501780772209177,17.65732427835464,20.251665639877327,18.21996614933014,19.09421308040619,18.091813051700594,18.966139960289006,17.654910385608677,19.51116499900819,19.262393009662635,19.35889627933502,18.191251206398015,18.13031750917434,17.939410114288336,18.47105416059494,18.957479405403138,18.521199297904968,19.01643414497375,18.424317538738258,17.62079000473023,17.59924818277359,18.07314562797547,17.326197421550766,18.672144031524656,16.216118144989014,15.902481555938726,21.466114091873173,19.041600155830384,17.50272393226624,18.955905985832203,19.051909101009365,18.336575269699104,18.68796511888503,18.62830011844635,18.310561823844914,17.240948665142067,18.58758677244187,18.242247509956364,18.64138232469558,17.960836827754974,18.601734411716464,19.022434830665585,18.58511489629746,17.177337288856506,17.709967947006227,17.06733098030091,18.373579728603367,18.87024869918823,18.271128845214854,17.33893798589707,18.72432199716568,18.872683262825014,18.312158668041235,19.80243573188782,18.354070889949803,15.631072795391082,19.50813572406769,17.46493455171586,20.11549067497254,16.650062131881718,17.495687258243557,16.634644377231595,20.095971179008487,17.544809138774873,18.71647320985794,18.162650120258334,19.26712911128998,18.707859194278733,17.13528089523316,19.89375462532044,19.482164740562446,19.235538506507872,18.698322200775152,18.776533424854286,19.601702594757086,16.192239856719972,16.716779923439027
2049,17.839895379543304,19.124533259868624,20.14102510213852,21.35127987861633,19.758983254432685,21.46712194681168,20.408806133270264,18.914101958274838,19.040902924537665,19.652572357654574,19.658445918560027,19.294274020195015,19.068135797977455,19.718822157382963,20.44675505161285,20.853001928329473,18.6399128317833,18.209651648998268,19.183087980747224,18.275947666168214,19.42003867626191,17.7303942680359,21.866525852680205,18.977194142341617,20.38307589292527,21.4933193922043,17.70372822284698,19.947987616062168,19.639853835105903,19.198533999919892,21.59762079715729,19.906116485595703,19.235354936122896,19.596573436260222,19.299912226200114,18.00798863172532,19.57290244102478,21.546976971626282,18.082908439636245,19.32895056009292,19.012561142444603,19.900908124446875,19.452153778076177,19.543681180477144,20.85829927921296,16.868545734882357,20.831062388420108,19.5470911860466,19.427207839488993,20.44006091356278,20.166294825077063,20.25502351522446,20.648581957817083,24.18547568321228,19.158062350749976,19.364798617362982,19.936992573738102,19.40122457742692,20.294312977790845,17.879439079761507,18.861954736709595,18.994809830188746,18.298416221141817,17.70967495441438,20.054246497154235,19.75966457128525,18.600342869758606,20.16383066177368,19.706388521194466,20.302312254905704,19.408820235729213,18.33592256307603,19.874610161781312,17.696172261238093,18.24046920537949,18.861812460422517,20.070618355274206,19.98330335617065,20.584936904907227,19.080804836750037,21.27445100545883,19.566916906833654,18.463260340690617,18.471807205677035,21.188411211967473,18.62587789297104,19.818612611293794,20.647806203365324,20.011192631721496,18.53418028354646,17.250268280506138,18.777716922760018,21.328509604930872,19.40245890617371,20.06994308233261,19.640941250324254,19.941335546970365,18.876842617988586,20.363070631027224,20.538891088962565,20.855044913291927,19.073246788978583,19.348620045185093,18.967356276512152,19.670854175090795,20.019379496574395,20.057557773590087,20.020740628242503,19.68263847827912,18.84781317710877,18.98585929870605,19.200673997402195,18.616181516647327,20.246788120269777,17.504849720001225,17.334692180156708,22.288220643997185,20.87995663881302,18.666960752010347,19.876132416725156,20.283677935600284,19.29155007600785,20.087557494640357,20.14919347763063,19.468094944953926,18.321292066574095,19.74517948627473,19.355289578437805,19.49551249742508,19.228783512115477,19.60739409923554,20.054192578792566,19.479304647445677,18.4966823220253,18.89987424612045,17.95733668804169,19.304196918010707,20.6624855518341,19.814209818840034,18.16577987670899,19.92583980560303,19.860849285125735,19.235221087932587,20.831257617473607,19.607599294185643,17.051908791065216,20.458527588844305,18.774037837982185,21.08444176912308,17.97519540786743,18.80447973012924,17.454066884517676,20.963330578804023,18.442136812210087,19.953548896312714,19.45031602382661,20.348085498809816,19.903617739677436,18.3869300365448,20.867671442031867,20.32712848186493,20.363010263442995,19.5832144498825,19.94061332941056,21.63725811243058,17.644969880580906,18.03675558567048
2050,17.7227692604065,19.158992898464202,20.4902535200119,21.359694170951844,19.205535507202143,21.58365631103516,19.71006610393524,18.131176161766053,19.03814172744751,18.773434937000278,18.804135274887084,19.424460339546204,19.335840392112736,18.376768183708187,19.61937313079834,20.115723586082463,18.775258541107174,18.24862151145934,19.39864385128022,18.14239393472672,18.811935687065123,17.521380615234385,21.51100027561187,19.21671073436737,20.37705748081207,20.89100069999695,16.85321427583694,20.313560414314274,19.515176439285277,19.366534686088563,21.61643521785736,19.209309148788456,18.63392198085785,19.7696456193924,18.57216448783875,17.45911747217179,18.88075659275055,20.622452712059015,17.932069826126092,19.488385486602787,19.20087552070617,19.1518363237381,19.654213094711306,18.711992716789247,21.548987078666688,15.7097195327282,20.583113503456115,19.73340687751771,19.569873452186584,19.536754965782166,19.40184319019318,19.399747610092167,19.995738840103144,24.259800648689275,19.253245949745185,18.416180300712597,20.232653164863585,18.628851270675668,20.631591939926146,16.86776632070542,18.82985969781875,17.75450122356415,18.307935202121737,17.52192122936249,19.38426105976104,20.00610716342926,18.67227668762208,19.57440149784088,19.593338489532478,19.601174449920656,19.17889037132263,17.533020496368415,20.172035813331604,17.631620621681222,17.95995870828629,18.81010898351669,20.338683676719672,20.520561993122094,19.747935938835145,19.177846360206605,21.3536898136139,18.618459868431096,18.384557628631594,17.638044416904453,21.898198246955868,18.759317016601564,19.892811012268066,19.280828166008,20.140506029129032,18.522407698631287,17.210153341293335,19.33397197723389,20.451589560508733,19.608763957023626,19.396654486656196,18.47736234664917,19.225192141532894,18.076944386959077,19.831083798408507,21.01854093074799,21.102317523956298,18.53505518436432,18.55167403221131,19.012709999084482,18.955745029449467,19.281101560592656,19.21705396175385,20.16194164752961,18.82887426614761,18.024796807765956,18.325594115257267,19.772542917728426,18.647648596763613,20.251855897903447,16.623339414596554,16.499481511116027,22.320778679847717,20.894137740135204,18.715196275711058,19.215348124504096,19.36441175937653,19.294982528686525,20.30686209201813,19.315498471260078,19.85517694950104,18.580925095081334,19.009116363525386,19.334732937812806,19.740099430084236,18.77440414428711,19.346863555908204,20.487948656082153,18.896975660324095,18.493456363677975,18.828259563446046,17.429038298130035,19.40610582828522,20.633068490028386,19.639425992965705,18.205756402015687,20.201037597656253,19.940326189994813,19.396196866035464,20.122063374519353,19.59309053421021,16.066198599338527,19.829177808761592,18.774602651596062,20.411277961730967,17.99177017211914,18.05296233892441,17.495347094535827,20.537211918830874,17.89487407207489,20.304797387123106,19.67712945938111,20.619687342643743,19.12393896579742,17.52031910419464,20.190644478797914,19.994974279403692,19.57047715187074,19.083730101585385,20.436511778831488,21.652486515045176,16.53038654327393,17.942616832256313
2051,18.67076767683029,20.145998752117162,21.37680590152741,20.56357786655426,19.675414943695067,22.376526188850413,20.22193384170533,18.999855709075934,19.948946011066433,19.70786321163177,18.31593232154846,20.608041763305675,20.184586811065667,18.966763591766355,20.240185856819153,20.67786171436311,19.98584091663361,19.352829623222355,20.58253901004792,18.605215895175938,19.227774524688726,18.67167899608612,21.399406957626358,20.068441033363342,21.06902022361756,20.842440462112435,17.77070752382279,21.226542305946346,20.0820479631424,20.572257184982305,20.899531221389783,19.716856813430788,19.083571553230293,21.066888737678525,18.070443093776703,17.845655679702773,19.797104907035838,20.937660813331604,19.0945327281952,20.68631048202515,19.92186870574951,19.72929873466492,20.84438977241517,19.625462412834164,21.559990787506106,16.967469370365144,21.398289179801942,20.822113680839543,20.824303483963014,19.012255191802982,19.947285890579224,18.824936676025395,20.528529739379877,23.10126087665558,20.191337680816655,18.721696138381958,21.21862692832947,18.145744049549105,21.523185741901397,17.96061058044434,19.483773303031928,19.066555058956148,19.209532809257514,18.074457132816324,18.842002511024486,21.270379137992865,19.955417251586915,20.056012320518498,20.149271965026863,20.20366790294647,20.2518797159195,18.414830565452583,21.481131219863883,18.759747219085696,18.46529955863953,19.749632430076606,21.505723571777345,21.58696467876435,17.913663387298584,20.308278608322144,22.10184574127198,19.653255748748784,19.44525315761566,18.552671909332275,21.963731884956367,20.00571067333222,21.272476124763493,20.045647478103646,21.519731807708744,19.697452855110175,18.281823921203607,20.222455012798303,20.877452850341804,20.48142116069794,19.871964001655577,19.653628849983214,19.753679823875423,18.954804301261902,20.294568252563487,22.0726577281952,21.879176354408266,18.976611399650572,19.439554977416996,19.676709008216868,19.874258422851565,19.840181350708008,18.71199516057969,21.56310343742371,19.787397146224983,18.914142012596123,17.889728510379797,20.707526457309733,19.52288795709609,20.859343767166145,17.570505642890936,16.489454871416097,21.41595113277436,21.544623970985416,19.590674066543585,19.71692290306091,20.047856497764595,20.419316744804398,20.96976957321167,18.84773268699646,20.76866168975831,19.394207084178927,19.823617172241214,20.32821040153503,20.87890191078186,19.152300345897675,20.3282122373581,21.401247763633727,19.351698613166807,19.413873136043556,19.765714073181147,17.818703579902657,20.702919363975525,21.285642123222363,20.196527123451233,19.34564621448517,21.10673871040344,21.337817692756666,20.674704599380497,20.69678072929383,20.50611960887909,16.89370836019516,20.348551440238957,19.69362598657608,20.953077650070192,18.889486706256868,18.138912785053257,18.580224895477286,20.649382472038273,18.315194034576418,21.27362350225449,20.639894175529484,22.042419743537913,19.99836547374725,18.479214060306553,20.71595888137818,19.950592231750488,20.180574607849127,19.39282424449921,21.41769231557847,22.427189517021183,17.717635214328773,18.97912534475327
2052,17.81721210479737,19.276205801963805,20.184486150741577,22.588849949836735,19.669299817085264,22.004924368858333,20.218617963790894,18.73500175476074,19.236555743217476,19.416114497184758,19.65034711360932,19.27498733997345,19.07128131389619,19.540318846702583,20.101697969436653,20.599854850769056,18.642530608177193,18.17657463550568,19.243299174308778,18.5164213180542,19.257258462905874,17.71540446281433,22.418262553215033,18.957988190650944,20.63565292358399,21.650382757186893,17.523533177375803,19.955754017829904,19.975399732589725,19.223668074607847,22.840378904342657,19.621008086204533,19.087824249267584,19.617965579032894,19.426789212226872,17.9438746213913,19.474293112754822,21.439973616600042,17.97332570552827,19.361654973030088,19.03003814220428,19.7305046081543,19.471940398216255,19.283917808532713,22.883182549476622,16.65667214393615,21.06173219680787,19.58865389823914,19.3897980928421,20.352161073684698,19.970210242271424,20.202721905708312,20.4354389667511,25.959103298187266,19.051087212562567,19.174219894409184,19.96187355518341,19.406910896301273,20.530685448646544,17.623759603500364,18.819555974006658,18.579760551452644,18.56271445751191,17.916170191764838,20.163707804679866,19.81372163295746,18.550904679298398,20.024731373786928,20.13915076255799,20.137085485458368,19.349178075790405,18.185360693931568,19.960989284515385,17.599281334877013,18.190596294403086,18.977650904655462,20.099630856513983,19.9712976694107,21.118149995803833,19.088458347320557,21.76733717918396,19.302297019958495,18.418475508689898,18.24344086647033,23.298416805267337,18.640884733200075,19.723876714706424,20.280016446113592,19.95202424526215,18.435241007804873,17.19092702865601,18.857365202903754,21.07330734729768,19.365729570388805,19.88239221572876,19.29056997299195,19.639151525497446,18.74691245555878,20.259074521064765,20.52628512382507,21.091805386543278,18.96722440719604,19.22322716712952,18.925919318199156,19.53080053329468,19.787887096405026,20.00559029579163,19.962135553359985,19.439727568626402,18.741247558593752,19.042707014083867,19.245656490325928,18.865721988677986,20.613339853286746,17.341472458839416,17.33641619682312,23.59485733509063,21.324101471900942,18.556585359573365,19.66458938121796,19.877446103096013,19.3038159608841,20.410263562202452,20.06173782348633,19.49704177379608,18.29536416530609,19.575422215461735,19.390068435668944,19.586956763267516,19.3214704990387,19.581451749801644,20.038105535507206,19.376034688949584,18.742495775222775,18.950254917144782,17.9299177646637,19.245841407775885,21.07085113525391,20.136532783508304,18.144048714637762,19.927233338356025,19.749471712112438,19.226188445091246,20.509003949165344,19.770820474624628,16.86778997182846,20.28478560447693,19.00114049911498,20.79830310344696,18.246533012390138,18.854994320869448,17.43223145008087,21.250449514389043,18.36460273265839,19.932019758224506,19.36078720092774,20.384139037132265,19.78458852767944,18.1554139494896,20.641352081298837,20.759686779975898,20.055699610710146,19.5870691537857,19.948123216629035,22.099030399322523,17.32958363294602,18.05183219909669
2053,15.143018615245817,16.118172287940986,17.840472543239592,20.34519381523132,17.048786425590514,19.82615659236908,17.48814681768417,15.727322471141822,15.884134447574615,16.24925519227982,15.217196249961853,16.854761207103742,16.872463583946235,16.076821827888498,17.21325685977937,17.77963302135468,16.260832643508913,16.042783772945402,16.72127321958542,14.789945936203003,16.67131773233413,15.463000035285944,19.639944732189186,16.820949554443356,18.762190461158756,19.30453352928162,14.445004224777216,17.712268579006196,18.36892440319061,16.700710070133216,20.704874205589295,17.394731450080876,16.497037649154663,16.993408036231994,15.36919708251953,15.246291828155515,16.48309383392334,18.418116950988768,15.577933979034427,16.858215260505688,16.559337544441224,16.812366282939916,16.982056772708887,16.28192458152771,21.265481328964245,12.812310624122626,19.23331699371338,17.189328587055208,16.897231674194337,15.694598543643954,16.9666925907135,15.562277936935422,17.805601191520697,22.907331871986397,16.861251759529114,15.471790492534637,17.513053750991826,15.267279314994814,18.244843685626982,14.28831374049187,16.278951102495192,14.914976745843887,15.111734330654144,14.240239632129677,16.191307997703557,17.176801097393035,16.114281117916114,17.44692296981811,18.38842146396637,17.371350467205044,16.666280376911164,15.122286236286161,17.11629414558411,15.61010565757752,15.606157886981965,15.819396865367889,17.47082526683807,17.36595379710197,18.2100558757782,16.723330342769614,19.715622663497932,16.074243485927582,15.94312349557876,15.219468069076544,21.648472714424134,16.055883872509003,17.09179292917252,16.723422610759737,17.251206958293913,16.297726368904115,15.27025961875916,16.480660533905027,18.1066652059555,17.13790311813355,17.210146057605744,15.63435038328171,17.181766569614414,15.703632831573492,17.800418865680697,17.935706508159637,19.071405804157262,16.348231089115142,16.18323063850403,16.545422875881204,16.553767836093904,16.87517967224121,15.601732707023624,17.215989530086517,16.36867635250092,15.696130812168127,15.001997423171996,16.826273471117027,15.458803188800811,18.983026099205023,14.204950642585754,13.447014892101288,21.312429571151732,19.421005880832674,16.49298124313354,17.223052179813386,16.756549584865567,16.672409558296195,18.202089691162108,15.754039478302008,17.13203165531158,15.919792240858078,16.6889701128006,16.50653520822526,17.124516963958747,15.864681053161624,16.895981955528264,17.873892569541926,16.776582634449007,15.31560633182526,15.983072400093087,15.231695532798764,16.717992365360267,19.21727459430695,18.52027523517609,15.95975518226623,17.593824398517608,17.07725396156311,16.652958798408513,17.753616619110108,16.50501455068589,13.383655792474746,17.689069664478307,15.56840693950654,18.148003351688384,14.758337235450753,15.279971075057986,15.380083966255189,18.79921575784683,15.661095529794693,17.490312695503235,16.99610592126846,17.440662777423867,16.776089382171634,15.088332605361945,17.96347589492799,18.318065154552464,17.020170867443092,17.0477502822876,17.501958072185516,20.015227353572843,14.03648698329925,14.98253154754639
2054,18.274828588962556,19.628258740901952,20.17904980182648,20.829533958435064,19.612273490428926,20.714653086662302,20.135170626640324,18.49384660720826,19.57773176431656,19.259414058923724,18.919548022747044,19.67667598724365,19.052512168884284,18.68046127557755,20.127741682529447,20.541014325618743,19.034080040454874,18.53084145784379,19.62306914329529,18.538878953456873,19.098526000976562,17.838144874572755,21.494910085201266,18.953312849998476,19.837072837352757,20.879869461059585,17.309706556797032,20.01267205476762,18.957515478134162,19.594967281818395,21.021312618255614,19.59310582876206,18.868495547771456,20.04445836544037,18.67211635112763,17.759258836507804,19.24186634421349,20.842512977123267,18.402418851852417,19.73669465780258,19.085596364736556,19.55477013587953,19.85735627412797,19.1302291572094,21.500377869606012,16.32853418290616,20.03810611963273,19.86989101171494,19.86988215446473,19.642748010158538,19.801236873865133,19.51399757862091,20.40565730333328,23.46521151065827,18.9928375005722,18.747556102275848,19.97120016813279,18.748180150985718,20.104628413915634,17.411487707495695,18.890636020898825,18.410797604918493,18.82052619457245,17.94180138707161,19.478187620639794,20.25332341194153,19.001295924186707,19.93869715929032,18.971081900596623,19.96277431249619,19.465173006057743,17.930908536911012,20.328339672088628,17.966377151012423,18.121860879659653,19.341517090797424,20.331842648983002,20.185542726516726,19.06738908290864,19.426781129837046,20.532884210348136,19.140563040971763,18.832909977436067,18.095681321620937,21.947978591918947,19.040841341018673,20.272540819644927,19.667861235141764,20.48526196479798,18.85914893150329,17.533457112312316,18.958822935819622,20.778633844852454,19.34522907733917,19.779089760780337,19.1265638768673,19.634566724300388,18.465988147258763,20.168422889709465,20.699328792095184,20.542202138900763,18.860187160968785,18.923441255092623,18.84886797666549,19.312710773944854,19.77202833890916,19.319029068946847,20.51022046804428,19.284454590082163,18.412181288003925,18.45736918449402,19.47199316620826,19.152265024185184,19.65998122692108,17.08051980435848,16.71124956011772,21.734108746051795,20.14652237892151,18.490468716621404,19.616980445384986,19.89545707106591,19.53909267187119,19.83866142034531,19.41677889823914,19.516256976127625,18.35739923119545,19.333511829376228,19.84433118104935,19.93423025608063,19.05880296230316,19.626747632026678,20.229500186443335,19.22518995404244,19.018512415885926,19.37833305597305,17.7380341410637,19.70817174911499,19.935449135303504,19.077965974807746,18.50255392789841,19.894546902179723,20.314324808120734,19.655809938907623,20.579571497440337,20.141544377803797,16.542415457963948,20.240626680850987,19.31504961252212,20.868624687194828,18.50412672758103,18.265968799591057,17.774697649478913,20.620804858207705,18.22260630130769,20.013972139358522,19.412442433834077,20.89676119089127,19.49692546129227,18.026243466138844,20.59307345151901,19.963377404212945,20.07547799944878,19.314492583274838,20.147685897350314,20.863836348056797,17.10364804267885,18.572964859008785
2055,15.841416716575626,16.76145812273026,16.901389253139495,18.765049052238467,16.31052095890045,17.744341564178466,16.621850669384003,15.778013241291049,16.775388705730432,16.238788902759556,16.068286859989165,16.748984491825105,16.014022135734557,15.709711766242984,16.374100255966187,16.86343624591828,16.118575787544245,15.942581224441534,16.571064567565923,15.692066240310675,15.789703953266145,15.395962762832635,18.32160495519638,15.982913839817053,17.42964646816253,18.10916571617127,14.496667116880413,16.750065410137175,17.059410333633426,16.572355115413668,19.07590045928955,16.76653926372529,15.728459930419927,16.852918696403506,16.104036045074462,14.364662539958953,16.498750495910656,17.25449696779251,15.843819737434382,16.72545692920685,15.574811244010926,16.061568188667305,16.776319301128392,16.334639143943793,19.96047737598419,12.907860688865188,17.673734021186835,16.9557876110077,16.776209378242488,16.675021505355836,16.023201096057896,16.55034593343735,16.97613793611527,20.700411963462827,16.035146188735965,15.992303490638738,16.688554430007937,16.066474378108985,16.743919408321375,14.380909687280658,15.326048231124886,15.091274970769883,15.996281582117081,15.114517873525617,16.942075216770174,17.011187148094177,16.001582598686227,16.596014142036438,16.95732638835907,16.792869007587445,16.60464890003204,15.157471936941146,16.709870219230652,15.520421624183655,14.684962320327756,16.658091449737555,16.92020845413208,16.265413248538973,17.455622696876524,16.619406521320347,17.71103456020355,16.1581156373024,16.29427350759506,15.266993069648748,20.313513231277472,16.002736496925362,16.988640177249913,16.512141537666324,17.133013725280765,16.20706665515899,15.179870247840878,15.465503692626958,17.005884802341463,16.28047369718552,16.334389948844912,15.598301696777344,16.465783691406262,15.737747406959528,17.01448807716369,16.858764588832848,17.646782541275012,15.466219508647928,16.213890957832344,15.626562285423285,16.571381390094757,15.990599906444555,16.48474259376526,17.098373532295234,16.429209160804753,15.716098237037652,15.807694852352153,15.787827205657958,16.348275578022008,17.460009908676156,14.251336079835895,13.985780239105228,19.613779234886174,17.70430599451065,15.74194458723068,16.524659216403958,15.8333884358406,16.55579988956452,16.762637102603918,16.667784285545345,16.17154241800308,14.961395406723032,16.622597587108622,17.115218424797057,16.970994281768796,16.346623444557192,16.83611711263657,16.955634820461277,15.912782108783727,16.185582971572874,16.774110507965087,14.357891035079955,16.607860338687892,17.596822166442866,17.219580841064452,15.86111389398575,16.67611848115921,16.98512310981751,16.52671794891358,16.881280124187477,17.356786000728604,13.577195084095006,16.92113358974457,16.469311237335212,17.290104031562805,15.65487473607063,15.6937936782837,15.271188032627105,17.78591239452363,14.74860442876816,16.52129030227661,16.07761018276215,17.269815742969513,16.79089750051499,15.15697525739669,17.099468004703525,17.152642726898186,16.080907738208765,16.108605289459234,16.48615796566009,18.100886118412028,14.184456264972685,15.764283812046056
2056,19.121666955947877,20.59701371192933,21.455217337608346,20.5694055557251,19.959757685661323,21.757736003398893,20.449968934059147,19.722464168071745,20.380106210708618,20.503236973285677,19.87448287010193,21.106068778038026,20.285158300399786,20.01826226711274,20.497384285926817,20.8536996126175,20.47018386125565,19.91169488430024,21.009504163265227,19.262212383747105,19.433916413784033,19.498566222190856,21.594294214248656,20.126329326629637,20.83554313182832,21.03190431594849,18.578444075584414,21.170809030532837,19.8038367509842,21.009769868850707,20.853245472908025,19.98514592647553,19.33571362495423,21.579564797878273,19.35211584568024,18.089677023887642,20.436768817901616,21.23316061496735,19.72745311260224,21.191741776466365,19.93191736936569,20.061631226539618,21.23619194030762,20.368223357200623,19.942355847358716,17.99266936182976,20.974269366264338,21.12139246463777,21.344485878944408,20.595201861858378,20.179877066612242,20.457261681556705,20.783413434028624,23.105050992965708,20.29125664234162,19.95035922527314,21.342503690719596,19.53669210672379,21.212179088592528,18.875800955295567,19.5594226717949,20.044186890125275,19.62946101427078,18.736893475055695,20.03010790348053,21.730008077621463,20.544996547698975,20.30953631401062,19.749033761024474,20.60101346969606,20.744107413291932,19.15443257093429,21.952293169498454,19.391837763786313,18.61569129228592,20.19120271205903,21.794324445724488,21.48549480438232,19.803184509277344,20.838829398155216,21.550742065906526,20.51106719970703,19.96660544872284,19.336273360252374,20.218941593170165,20.436312973499305,21.89314749240875,21.08138077259064,22.102491891384133,20.26404356956482,18.901762008666992,20.138131952285768,21.12568352222443,20.62093577384949,20.091813182830812,20.544289350509647,20.022329258918766,19.64738644361497,20.54764029979705,22.03488842248917,21.53774716854096,19.193647217750556,20.14141223430634,19.75949108600617,20.50393409729004,20.106561279296876,20.26468561887741,22.140999519824987,20.578944087028503,19.6397487282753,19.14872990846634,20.60221619606018,19.94416552782059,20.41111605167389,18.394968581199645,17.766250145435325,21.409531068801886,21.108592772483846,19.71024169921875,20.014226961135876,20.37416914701462,20.86699430942536,20.745251011848456,20.355767595767965,20.783987808227543,19.389056861400604,20.442621707916267,20.79216289520264,21.254210901260375,19.902972245216368,20.841833162307744,21.29522562026977,19.55422846078874,19.83780605793,20.20430629253388,18.039422547817235,21.22536747455597,20.87725603580474,19.9797251701355,19.94587755203248,21.186608290672307,21.94033304452896,21.132728075981156,20.89025692939759,20.956324744224553,17.93229843378068,20.652969574928285,20.132139360904695,21.107624769210812,19.306879568099976,19.141910314559937,19.16126949787141,20.836730456352242,18.532512390613554,21.349450242519378,20.771151733398433,22.531680142879488,20.640878105163573,19.34919505119324,20.919142198562618,20.08370966911317,20.41824711561203,19.598714232444763,21.358531534671794,21.886425137519836,18.635188651084903,19.484725594520576
2057,17.39552206993103,18.843551468849178,21.05635793209076,22.8803832769394,20.302079486846925,23.616823697090148,20.805477571487426,18.170579910278327,18.540409135818482,18.91012622117996,16.833154666423805,19.69201762676239,19.863363265991218,18.25191376209259,20.812569212913512,21.239486575126648,19.068734073638925,18.50361473560333,19.707285499572755,17.22361929416657,19.82383937835694,17.32097017765045,23.01532447338104,19.737205600738527,21.61527016162872,21.439657545089727,16.922306513786324,20.940672016143797,20.872749352455138,19.641554856300356,23.07917850017548,20.11184782981873,19.497034978866576,20.08507912158967,16.84314925670625,18.552241611480706,18.967006969451898,21.37487542629242,17.93360142707825,19.757038927078256,19.981500792503358,20.090661501884462,19.96182718276978,18.73565402030945,22.616128659248353,15.819724738597866,22.313392448425297,20.010973167419433,19.886775135993958,17.512988877296443,20.552241587638854,17.350296759605406,21.07731564044952,26.389953374862678,19.690168786048883,17.527548265457153,20.729521107673648,16.792091500759135,21.85314497947693,16.933760404586792,19.7253129720688,17.823027467727666,17.805781710147862,16.651256895065313,17.65046671628952,20.3339602470398,18.981230521202093,20.638500142097477,20.5056574344635,20.295449519157415,19.3788088798523,17.596122026443485,20.621737098693846,17.895607423782344,18.937061405181893,18.366130518913273,20.793684363365173,21.17790817022324,18.7521978855133,19.40601100921631,23.258430933952347,18.658360993862154,18.317083358764656,17.69499479532241,23.08339002132416,18.9994969367981,20.22448906898499,19.13931343555451,20.474457550048832,18.80242018699646,17.47402894496918,19.945596075057985,21.450071907043462,20.11129467487335,20.48235414028168,18.717639279365535,20.209167098999025,18.130539488792415,20.8584475517273,21.68162455558777,22.30540504455567,19.622504687309267,18.61056183576584,19.702925825119017,19.054685282707222,20.499115324020394,17.257859110832214,20.498702430725096,18.854322457313543,18.116485011577602,16.60509238243103,20.419738090038308,18.130703675746922,21.81858696937561,16.706582307815545,15.330811357498167,23.884581995010382,22.571869802474982,19.12095596790314,20.210385084152225,20.641700959205632,19.553188967704774,21.566757202148434,17.407072997093202,20.414830732345575,19.236703538894663,19.149770879745482,19.06941843032837,20.02969357967376,18.084158062934875,19.51272983551026,21.053244471549995,19.94534509181976,17.998553287982944,18.418560719490053,18.536285233497615,19.69875824451447,22.275186610221866,20.94870746135712,18.462165927886968,20.73978340625763,20.270903253555304,19.691329550743117,21.265884470939646,19.115781641006482,15.856880474090573,20.911783623695374,18.274093794822694,21.52316727638245,17.465513145923616,17.13432983160019,17.740031766891477,21.72898330688477,19.012199306488036,20.921678853034972,20.234252810478214,20.985530900955197,19.19439074993133,17.582289779186254,21.28223867416383,21.2614367723465,20.814020180702208,20.205733489990227,21.070928716659544,23.56579270362854,16.638505113124854,17.58052530288696
2058,15.970523440837857,17.226100766658778,19.164351737499242,21.357971072196968,19.040547657012944,21.03231548070908,19.67289113998413,17.47064867019654,16.93579468727112,18.180204594135283,16.324915909767153,18.028499269485472,18.080370295047764,17.832575190067292,19.588861250877393,20.09362565279007,17.391873049736024,17.055901515483853,17.929424345493324,15.905073606967921,18.715416800975806,16.133674025535587,21.419232225418106,17.989687311649323,19.78833646774293,21.022751617431634,16.219454681873327,19.00952965021133,19.21785123348237,17.926447868347168,21.66976346969605,19.174161362648015,18.461350655555727,18.2410151720047,16.366050732135772,17.297727048397064,18.156827175617224,20.735127735137944,16.50664787292481,18.05358815193177,18.177686941623683,19.013870167732243,18.191697323322295,18.09546265602112,20.656377911567695,14.99950144290924,20.41029844284057,18.366907441616064,18.12103235721589,16.842244946956644,19.3566147685051,16.746054327487947,19.915052163600926,24.254488515853886,18.093553137779235,16.904461503028877,18.82130833864213,16.30834369659424,19.59949460029602,16.240513104200367,18.076258784532552,17.113500803709037,16.187012434005734,15.315700757503512,17.176318323612215,18.42571413516999,17.269146466255183,19.467380130290984,18.942078018188493,19.341711580753334,18.07597707509994,16.87286233901978,18.48661452531816,16.546447265148164,17.500623697042464,16.795877969264986,18.805135405063634,18.944917452335357,18.939195847511293,17.855922329425812,20.878440713882448,17.989471864700317,16.86237094402313,17.007018291950228,20.982042288780214,17.27283943891526,18.37867982387543,18.69220707416535,18.564053261280055,17.325810265541072,16.168484318256382,17.86768137216567,20.537178409099585,18.37583458423615,19.332839071750648,17.92297855615616,19.171761155128486,17.437547814846038,19.70797276496888,19.475237488746647,20.247737860679628,18.400392425060268,17.896055948734286,18.143947744369513,18.2297443985939,19.20231153964997,16.705676293373113,18.555468809604648,18.19992835521699,17.399189555644977,16.038089072704324,18.279634577035903,16.550765180587774,19.909594261646276,15.994498878717426,14.749176847934729,22.309569668769836,20.44997751712799,17.643984174728395,19.139154851436615,19.319564247131346,17.996305561065675,19.49587905406953,16.8408554315567,18.475888609886173,17.418646961450577,18.428722190856938,17.517754340171813,18.282060718536382,17.142785060405732,18.315444934368127,19.17221140861512,18.795409870147704,16.370252346992494,16.903599500656128,17.2741779923439,17.948844778537755,20.23061494827271,19.3689070224762,16.983574163913737,18.887052094936376,18.39232782125473,17.90992230176926,20.07721623182297,17.533859300613404,15.186075550317764,19.71269001960755,16.645632374286652,20.393074011802675,15.85109606981278,16.557797896862034,16.342503893375397,20.462354207038892,17.749810147285462,18.899332118034373,18.333338928222666,18.844479513168345,18.48274747133255,16.888516998291017,20.1328173160553,19.929430222511293,19.52793861627579,18.96544477939605,18.97291430234909,21.213276898860936,15.945508587360388,15.935525155067438
2059,18.08281359672546,19.368969798088077,19.486911892890923,20.959418916702266,18.463882350921633,20.966315329074867,18.93904271125793,17.900777554512022,19.314213681221013,18.448118448257453,17.96439421176911,19.39802143573761,18.404478454589842,17.963471972942354,18.819227933883663,19.30005961656571,18.771492266654956,18.290101528167725,19.35186116695404,18.119630384445195,18.06315162181854,17.803697896003722,20.872006261348726,18.286182928085335,19.878722643852235,20.106843733787535,16.59430160522461,19.289663100242613,19.26179053783418,19.314440798759463,21.239103126525873,18.590875220298766,17.965480577945712,19.746241140365605,17.837387728691095,16.691968840360648,18.661685705184947,19.75259974002838,18.19578320980072,19.46333570480347,18.153118336200716,18.428934526443488,19.5492032289505,18.448837280273445,22.261847090721137,15.462634819746023,20.320226478576664,19.568688201904312,19.5516283750534,18.702937054634106,18.56324472427368,18.530730426311486,19.2535471558571,23.758121645450593,18.37462601661683,17.939572036266327,19.37618581056595,17.83718016147614,19.680913901329042,16.622626209259035,17.840989911556246,17.500985288619994,18.611113953590394,17.5484719991684,18.615036261081706,19.95204200744629,18.709459066391,18.831481766700747,19.42947993278504,18.98617504835129,19.0177547454834,17.262726891040803,19.9069323539734,17.74094154834747,17.08207272291184,19.137678599357606,19.831301224231723,19.223512530326843,18.53665642738343,19.17551310062409,20.78124033212662,18.36707382202149,18.626173400878905,17.37483626604081,22.63022072315216,18.728727889060977,19.89621922969818,18.818453109264375,20.11268484592438,18.599278879165645,17.308529615402225,18.1628460764885,19.571079528331758,18.690957498550414,18.63973740339279,18.120942223072056,18.515536749362944,17.83946498632431,19.127362263202663,19.78415931463241,20.353491139411926,17.733724582195286,18.308533549308784,18.07147744894027,18.700532436370853,18.458318865299233,18.443201971054084,20.117861700057983,18.558050334453583,17.78093740940094,17.61693423986435,18.553876113891608,18.928887629508974,19.87945876121521,16.36950466632843,15.912474155426025,21.92388958930969,20.44782562255859,17.90977084636688,18.530354809761047,18.489136379957202,19.203460288047797,19.495862996578218,18.529153525829322,18.808532965183257,17.537458848953257,18.736934781074524,19.566971445083617,19.6805111169815,18.466884088516238,19.20629997253418,19.44354944229126,18.148859226703642,18.807388138771056,19.153360128402714,16.677789682149896,19.38382103443145,20.237236666679387,19.4263876914978,18.246573138237014,19.23145532608032,19.9169753074646,19.33614649772644,19.301274526119244,19.885738706588747,15.74956290721894,19.120368003845222,19.066594958305366,19.624181663990022,18.29492750167847,17.538731694221504,17.526841640472412,19.94397656917572,17.093772697448735,19.236045074462904,18.685644721984865,20.551501905918126,18.897260630130766,17.267483639717117,19.422505354881295,19.3768271446228,18.700854527950288,18.353134644031524,19.26005785465241,21.14378076791764,16.329721081256867,18.341871285438543
2060,18.35292165279389,19.900671410560612,21.361993026733398,23.722801470756536,20.87906267642975,23.397923517227177,21.451207160949707,19.812472605705267,19.706167268753056,20.62946685552598,20.329757070541394,20.36107366085053,20.1461216211319,20.94123117923737,21.553467464447028,21.9383764743805,19.738740563392646,19.131836652755744,20.313279223442084,18.98768898248673,20.390536642074586,18.657627034187318,23.86939196586609,20.025930094718927,21.58313391208649,23.225926518440257,18.6118348479271,21.23905947208405,20.74690334796906,20.312408936023715,23.89020528793336,20.712868046760565,20.173767447471622,20.79087090492249,19.903982591629035,19.09793179035187,20.474886441230787,23.1786557674408,18.81530342102051,20.42739064693452,20.358935475349433,20.91481776237488,20.603771877288818,20.443576693534848,24.05428094863891,17.9319548368454,22.206559801101697,20.634868144989017,20.575391888618476,21.24489810466767,21.24049437046051,21.08403730392456,21.737305021286016,27.659196853637695,20.067962527275082,20.155453324317925,21.09942059516907,20.04703681468963,21.969360923767095,18.85394730567932,20.18919422626496,20.05311450958252,18.969280076026926,18.365043425559993,20.688287830352785,20.993203687667847,19.727563786506657,21.234590935707097,21.132440066337587,21.247086381912233,20.408041954040534,19.223875236511233,21.254497444629685,18.54941186904908,19.427137362956994,19.475301361083986,21.31687085628509,21.55932173728944,22.4390128850937,20.07723550796509,23.066241216659556,20.538565242290495,19.167485642433174,19.397684967517858,24.57418932914734,19.73485606908799,21.03740723133089,21.882823896408084,21.264103388786317,19.487816810607914,18.079208827018736,20.216648447513585,22.779951643943786,20.4244056224823,21.082346177101137,20.73090504407883,20.84580566883088,19.755256950855262,21.42567434310913,22.06756726503372,22.352032446861266,20.18135039806366,20.21244325637818,20.102281105518337,20.55524191856384,21.197960114479066,20.827182626724245,21.301474618911755,20.608245158195494,19.675368463993074,19.660546517372133,20.731210792064672,19.293330204486853,21.695869970321656,18.390620100498204,18.054729616642007,24.78454880714416,22.387803030014044,19.482913756370547,20.81792168617249,21.463186144828803,20.373565769195555,21.7433002948761,20.884245252609258,20.729205298423768,19.60944056510926,20.629707217216488,20.078090167045588,20.606774330139164,19.992579865455628,20.583446002006532,21.393541836738592,20.505758404731754,19.1520944237709,19.48191282749177,19.044337964057917,20.44762976169587,22.111022186279303,20.81641638278962,19.120646381378172,21.051297688484194,21.09780275821687,20.39955263137817,21.980926823616027,20.2573600769043,17.94685603380204,21.548447632789614,19.4553596496582,22.18897063732147,18.64499838352204,19.494207954406747,18.387406134605406,22.433374357223506,19.561999487876896,21.254832553863526,20.588567686080935,21.744807100296022,20.791577339172363,19.333672714233394,21.925799942016603,21.97690474987031,21.58205616474151,20.839055418968208,21.423262417316444,23.383494997024542,18.564695501327517,18.667145895957955
2061,17.540515875816347,18.833030998706818,20.041906297206875,22.09086847305298,18.916865730285647,22.287601757049558,19.318275737762455,17.44710718393326,18.760138511657704,18.099054443836216,17.677333164215092,18.90316779613496,18.929811453819266,17.642518067359923,19.218197417259223,19.63335449695588,18.27990140914917,17.825451493263245,18.83632230758667,17.637266290187835,18.41276080608368,17.39675536155701,21.69553155899049,18.824974381923674,20.746310162544262,20.585240650177006,16.16925530433655,19.882825207710265,20.120749497413644,18.79741710424424,22.37073261737823,18.946036744117727,18.173098039627074,19.21133388280869,17.58851631879807,17.101803040504468,18.224080419540407,20.133295536041263,17.655647253990175,18.944571924209594,18.722388410568243,18.683183479309093,19.045502042770387,17.990020394325263,22.22345125675202,14.85409985780716,21.26132085323334,19.123053622245788,19.02279222011567,18.41367952823638,18.9102502822876,18.338125514984124,19.622387194633497,25.351137495040902,18.828735446929933,17.59800229072571,19.71943868398667,17.55756593942642,20.6394268155098,16.112962377071376,18.387025153636927,16.93215652704239,17.98306015729905,17.048560953140253,18.40460803508759,19.39811388254166,18.20063829421997,19.222354316711424,20.082783675193788,19.12492566108704,18.567253899574276,16.85306737422944,19.621888554096227,17.27732992172242,17.55695716142654,18.541259598731994,19.802382421493544,19.882204520702356,18.872341990470893,18.678151273727416,22.0433257341385,17.905069541931155,18.11202187538147,16.940317368507394,22.610804438590996,18.1792624950409,19.343196022510533,18.48753900527954,19.553773677349092,18.10724353790284,16.870576596260076,18.784268069267274,19.95556831359864,19.21573534011841,19.029402160644537,17.725811147689818,18.881145191192626,17.401438009738932,19.508314108848577,20.435733962059025,21.22803993225098,18.15826840400696,17.896159648895264,18.485479259490972,18.272937726974483,18.89165785312653,18.20548853874206,19.55233424901963,18.105577540397647,17.371970081329348,17.366083908081055,19.214687895774844,18.354480874538428,20.85983538627626,15.92086013555527,15.600049149990076,23.099100351333618,21.545280683040623,18.323670029640198,18.91419403553009,18.9103642463684,18.704781925678258,20.44572631120683,18.268139505386348,19.33715578317642,18.065186786651612,18.349109077453612,19.079066729545595,19.151511919498443,18.0756716966629,18.718100929260252,19.971048140525827,18.521479868888854,18.18749811649322,18.61545164585114,17.097591376304635,18.846196329593656,21.27859110832215,20.254877233505248,17.8032389163971,19.76959486007691,19.36053031682969,18.806215333938603,19.656108307838444,19.3791609287262,15.27970024347305,19.527418375015266,18.480722832679753,19.967318749427797,17.677698326110846,17.22755844593049,17.108675289154043,20.550489735603332,17.53371365070344,19.835516822338104,19.2410186290741,19.938116085529327,18.471373987197882,16.84546389579773,19.78178627490997,20.09917593002319,19.08561573028565,18.84909503459931,19.883326578140263,22.354255378246314,15.816166818141932,17.74626268148422
2062,17.6702467918396,19.076179504394528,19.74234635829925,20.560742998123168,18.782177412509917,20.610571098327647,19.242234086990358,18.158762216567993,18.89280455112457,18.82038432359695,17.80634524822235,19.540742719173437,18.62555181980133,18.250424671173096,19.142287218570708,19.66272413730622,18.86397960186005,18.396764266490937,19.491832411289217,17.738533115386964,18.341655373573303,17.616352772712712,20.833891081810002,18.541985273361206,19.683194422721865,20.247274684906007,16.93343361616134,19.57744578123092,18.9197870016098,19.481207954883573,20.834512138366705,18.874048328399663,18.215572738647463,19.869963634014134,17.667716944217695,16.96448873281479,18.940174078941343,20.015347051620484,18.04863772392273,19.600346779823308,18.481862771511082,18.756964600086217,19.721704232692723,18.797223067283635,20.592762351036072,15.901488643884658,19.911698293685916,19.745634293556225,19.68991250991821,18.416058373451232,18.92613967657089,18.31802604198457,19.55990691184997,23.147876095771792,18.585138154029842,18.02835630178452,19.6038806438446,17.685327231884013,19.747810065746307,17.019421291351318,18.19545109272003,18.0023078083992,18.16065482497215,17.15984200835228,18.466265511512763,20.09816143512726,18.790669131278996,19.148219633102425,18.877030467987066,19.319062590599064,19.288609170913702,17.583488035202027,19.981855428218847,17.817623138427734,17.396035933494574,18.7079122543335,20.00963122844696,19.64039537906647,18.819715952873224,19.307303512096404,20.43699629306794,18.751741576194767,18.440955114364634,17.726896846294412,20.956823563575746,18.88681540489197,20.058886277675633,19.267922937870033,20.28171192407608,18.69617525339127,17.38305822610855,18.51583513021469,19.84099102020263,18.89338047504425,18.92672752141953,18.59848960638046,18.823677015304565,18.123667502403265,19.4327320098877,20.15699092149735,20.298917508125307,18.08825149536133,18.598553121089946,18.362541091442107,19.023177301883706,18.817791485786447,18.188787364959712,20.30745340585709,18.93970237970353,18.084024620056148,17.432308876514433,18.938713681697855,18.485224592685704,19.570087027549746,16.72327792048455,15.902523899078375,21.456058430671693,20.095026755332956,18.102035212516792,18.838744020462038,18.856718504428862,19.383091771602633,19.50283026695251,18.322023701667778,19.09527928829193,17.866412234306345,18.98007910251618,19.29828114509583,19.83865123987198,18.425492310523985,19.420112478733063,19.771005630493164,18.463623428344732,18.349721539020543,18.749718952178963,16.9432413816452,19.559286677837378,19.89092073440552,19.04959802627564,18.355417859554294,19.454768812656404,20.118317461013795,19.522519755363465,19.653592061996456,19.45302776098252,16.055350661277778,19.42250399589539,18.627404594421385,19.96630365848542,17.83569880127907,17.567997694015496,17.60289857387543,20.03382940292358,17.412970900535594,19.49591830968857,18.891228234767908,20.719384610652927,19.180322647094723,17.63668736219406,19.72914700508118,19.419275212287914,19.066062378883363,18.600010800361638,19.613430333137522,20.77785580158234,16.7428838133812,17.845997309684755
2063,18.48400974273682,19.926640129089368,21.28626289367676,23.63476130962372,20.921882104873657,23.887878322601324,21.415902519226073,19.34593307971955,19.761060225963597,20.12578465938569,19.872722089290612,20.282676053047187,20.04800553321838,20.281828355789184,21.470442676544195,21.87153301239014,19.625695610046385,19.05363900661469,20.23087983131409,18.939520597457893,20.390186953544617,18.34551146030426,23.77689332962036,19.89391498565673,21.86476035118103,22.68768281936646,18.087473297119146,21.094023847579958,21.171506333351143,20.20182423591613,23.83716769218445,20.623589205741887,20.145494198799135,20.68284652233124,19.559375596046447,19.16107540130616,20.044566011428834,22.651458382606513,18.795179581642156,20.349733710289005,20.29801516532898,20.833511638641355,20.536815094947826,19.909659099578857,23.900827980041505,17.252306681871413,22.60316145420075,20.555628275871282,20.46585175991059,20.67793197631837,21.23336141109466,20.540131306648256,21.700585842132575,27.448628878593446,19.98479480743408,19.62237977981568,21.06001975536347,19.629908621311188,22.08407905101777,18.251209986209865,20.112126851081857,19.328076994419103,18.998066294193272,18.3209189414978,20.332334184646605,20.89322397708893,19.599711418151855,21.236775183677672,21.19075918197631,21.085352849960323,20.113664317131043,18.748703229427342,21.164720189571387,18.46673305034637,19.426636385917664,19.57175991535188,21.233998847007754,21.372545802593226,21.70764114856721,20.008357048034675,23.546678137779242,19.951908111572276,19.218405175209057,18.855449318885803,24.37182612419129,19.580615186691283,20.87869267463684,21.14944796562195,21.114508104324337,19.39391412734986,17.997810697555547,20.09517415761948,22.453735637664796,20.35144269466401,21.06011672019958,20.128847181797035,20.777436923980723,19.28418003320694,21.445122528076176,21.873999607563018,22.509585547447212,20.178999567031866,19.769440460205082,20.051081871986394,20.08117225170136,21.15311322212219,20.328921627998348,21.125119495391846,20.048660111427306,19.229476094245918,19.317381036281592,20.569021761417396,19.346544647216792,22.036549592018133,17.8644030213356,17.612674915790556,24.651898002624506,22.86535634994507,19.403497600555415,20.795558810234077,21.359104073047643,20.211720681190492,21.847261810302744,20.38164660930634,20.641916418075574,19.506471824646002,20.22461166381836,20.124541282653812,20.548692893981933,19.72466328144073,20.327587437629706,21.213046574592596,20.528930759429933,19.213560044765483,19.591628456115735,19.130406343936915,20.298227787017826,22.575585985183718,21.26427063941956,19.036052513122563,20.990841913223267,20.90683505535126,20.253075265884398,21.881570696830746,20.36449360847474,17.365920424461365,21.54613933563232,19.49380968809128,22.092234945297246,18.68396698236465,19.104416286945334,18.261676311492923,22.39679048061372,19.588778817653658,21.127006483078002,20.469219326972965,21.58885413408279,20.320531988143923,18.78424564599991,21.889188551902784,21.920128893852233,21.509045314788818,20.80452737808228,21.251333904266364,23.86752455234528,17.92804056406021,18.761916947364803
2064,18.327201080322276,19.723392891883858,21.08646278381348,22.532632565498357,20.28836640119553,22.46527789831161,20.89617266654968,19.347064936161047,19.53002183437348,20.037497222423553,19.886953175067905,20.088394570350644,19.903444004058844,20.114714026451118,20.89214237928391,21.318222820758823,19.483107447624207,18.887048006057743,20.07734739780426,18.72842897176743,19.953133642673492,18.435851907730108,22.826639628410337,19.77149534225464,21.102484369277953,22.06917281150818,18.094580161571503,20.866117739677428,20.257875514030463,20.058799457550045,22.76179504394531,20.208483958244322,19.74492629766464,20.51875832080841,19.60236155986786,18.61118073463441,20.038518726825718,22.08279633522034,18.651687192916874,20.164116096496585,19.925491178035735,20.41635167598725,20.32101755142212,19.920717775821693,22.86432037353517,17.360671871900564,21.430738687515266,20.374442601203924,20.323633956909177,20.649728024005892,20.7026117682457,20.499299848079687,21.090336394310008,25.900520181655896,19.81600253582001,19.644740605354315,20.83469181060791,19.60585395097734,21.316147661209108,18.273065733909604,19.658679747581488,19.3708200097084,18.773899698257452,18.119989478588096,20.331219947338102,20.72991673946381,19.443865990638734,20.62976273298264,20.533674836158752,20.770450961589813,20.04711120128632,18.744288158416758,20.981051099300384,18.30297820568084,18.917441451549532,19.36788055896759,21.04285705089569,21.102346742153166,21.11591279506684,19.80714108943939,22.202664136886604,19.946631920337676,19.048889946937564,18.84334901571275,23.314498186111464,19.460192394256595,20.701693391799928,20.954482579231275,20.951925134658808,19.221866917610164,17.84794738292694,19.863333809375764,21.813741362094888,20.20436062812806,20.566857755184177,20.065690398216255,20.29804738759995,19.283136153221133,20.81222202777862,21.63347370624542,21.746111869812005,19.576563715934757,19.750374519824984,19.736919093132016,20.081689918041228,20.52081952095032,20.268255996704095,20.98701617717743,20.058898842334756,19.24996601343155,19.23084781169892,20.319687914848338,19.112264966964723,20.986980032920844,17.920212721824658,17.666412985324865,23.54822626113892,21.691043663024914,19.25081236362457,20.252717328071594,20.737062287330634,20.102281999588023,21.077027440071102,20.33063751459122,20.406731116771702,19.21999671459198,20.184701406955718,19.918415379524234,20.38377175331116,19.673081851005552,20.25230383872986,20.9682979106903,19.9568419456482,18.996777880191807,19.392500233650203,18.578074431419374,20.151367044448854,21.42200100421906,20.385039138793946,18.860712432861334,20.802997326850896,20.746946048736582,20.12559001445771,21.270289385318765,20.130107164382927,17.440965127944946,20.928843438625336,19.264873003959657,21.54738570451736,18.452427804470062,19.164825963974003,18.133414649963377,21.631421041488643,19.0065477013588,20.94089771509171,20.325179600715636,21.427599275112154,20.334110128879548,18.76759164333344,21.318282449245462,21.106488704681396,20.8443333029747,20.146415424346927,21.00219272375107,22.523314738273626,18.02614109516144,18.60328149795532
2065,17.30048983097077,18.68623154163361,20.711865341663362,21.75060985088348,19.855802607536326,22.326435470581057,20.35390996932984,18.122206306457525,18.401756048202515,18.848169779777535,17.820746541023258,19.42499799728393,19.599641931056986,18.81333866119386,20.334334874153136,20.776939892768862,18.82757468223572,18.337333083152778,19.344055294990547,17.368436300754546,19.36757414340973,17.703187417984,22.10014193058015,19.49292179346085,20.971197414398198,21.69755666255951,16.86577937602997,20.534503316879277,20.205458712577816,19.29998238086701,22.021807742118835,19.755234217643736,19.10639857053757,19.782851302623758,17.706324696540833,18.06871645450592,18.831787014007574,21.487602853775023,17.8517469406128,19.481260728836062,19.500646400451654,19.716285014152525,19.60970417261124,18.69464392662049,22.3792088508606,15.795398056507105,21.386588740348817,19.671739184856417,19.597556769847873,18.503273129463203,20.121058821678172,18.38619003295899,20.65113463401795,24.717693543434148,19.600527894496917,18.03664162158966,20.428481531143195,17.701198065280913,21.06795394420623,16.93779300451279,19.23666447401047,17.8622459769249,17.64084807634354,16.78298451900482,18.485264086723323,19.95293726921081,18.786762976646422,20.22275152206421,20.43782832622528,19.987363529205318,19.105899012088774,17.512909686565404,20.296251916885385,17.798847436904914,18.455993235111244,18.24188446998596,20.472467792034152,20.715825021266948,20.045151376724256,19.199900627136227,22.084164857864376,18.652533638477323,18.202138209342962,17.644830000400543,22.770271396636964,18.69608429670334,20.002514433860785,19.609121751785285,20.203213441371922,18.64666614532471,17.386394715309144,19.4657022356987,21.286229658126828,19.92167605161668,20.011086010932928,18.69826340675354,19.8111623287201,18.050101733207708,20.457925152778625,21.246617019176483,21.503155088424684,19.14669930934906,18.52081190347672,19.240584814548498,18.88438324928284,20.007710182666777,18.25100529193878,20.215037870407112,18.820821678638456,18.012846374511717,17.419990873336793,19.92913630008698,17.984314572811137,20.845043182373058,16.646973979473113,15.925295770168304,22.69053521156311,21.597319221496583,19.065826106071473,19.834776234626773,20.139451849460606,19.216222321987154,20.765226280689237,18.364743804931642,20.023314368724822,18.78955421447754,19.053186726570136,18.94937357902527,19.64638748168945,18.26692913770675,19.291347515583045,20.608307337760923,19.529392564296728,17.850164735317236,18.31545190811157,18.061248195171363,19.449868297576906,21.352766013145448,20.36527774333955,18.31422884464264,20.47043333053589,20.030264198780053,19.356616282463072,20.7635912179947,19.004871988296507,15.99974440336228,20.498893415927885,18.128198206424717,21.02847518920898,17.31918922662735,17.565973854064946,17.61577626466752,21.106632757186883,18.520548272132874,20.56515810489655,19.982555973529816,20.557758855819706,19.08202755451203,17.564538216590883,20.818172085285187,20.51846041679383,20.31406935453415,19.66751703023911,20.628624439239513,22.415193057060243,16.690409839153297,17.45710809230804
2066,18.00283658504486,19.3498694896698,20.217624783515927,20.928191423416138,19.387288904190065,21.4635001540184,19.938296031951907,18.738967883586884,19.238022899627698,19.43919923305512,18.620645725727098,19.537344098091122,19.10670559406281,19.09660785198213,19.92940570116044,20.339431357383724,18.876909065246586,18.41869542598725,19.464255380630487,18.185817384719847,18.965918529033665,17.889856433868406,21.424001908302305,18.99117226600647,20.32250187397003,20.908873987197875,17.542772865295408,20.027948570251468,19.559039282798768,19.47412714958192,21.203615951538104,19.538508653640754,18.81872135400772,19.866150712966913,18.363782453537,17.562517297267917,19.45583047866822,20.892798066139225,18.242743849754333,19.595207571983345,18.95432829856873,19.457106745243074,19.73207409381867,19.35100295543671,21.206564235687257,16.702762562036515,20.766487622261053,19.790346884727477,19.68257968425751,19.260734093189246,19.653335320949555,19.10005404949188,20.22860835790635,23.63890261650086,19.14731094837189,18.727776718139648,20.03035296201706,18.413792479038236,20.366965711116798,17.697824370861056,18.704034626483917,18.734875988960265,18.52462105751038,17.607570970058447,19.111181890964513,20.05084128379822,18.823864269256603,19.765058934688568,19.622861814498908,19.937510025501265,19.487392544746395,18.172119629383086,20.114393675327307,17.872741818428043,17.938642454147338,19.060118627548214,20.243203270435338,20.13444902896881,19.235579752922053,19.31473591327667,21.25516998767854,19.382345855236053,18.644200611114503,18.298672831058507,21.548339509964002,18.893722999095917,20.079300189018255,20.0175922036171,20.284633040428165,18.7406433582306,17.430180716514585,18.920096218585975,20.71113835573197,19.42158372402191,19.597057390213017,19.349394798278812,19.532445883750913,18.706995189189904,20.00733454227448,20.667634606361393,20.89402792453766,18.6759597659111,19.189140963554376,18.859538841247556,19.51931952238083,19.514840412139883,18.98290528059006,20.301495313644416,19.514469742774963,18.67769063711167,18.083487093448642,19.351581442356114,18.836464691162114,20.216937065124515,17.349939310550685,16.630385065078734,21.841864776611338,20.82580158710481,18.64349169731141,19.498862934112548,19.752136290073402,19.483248949050903,20.072365510463726,19.08081384897233,19.569785976409914,18.342539131641395,19.551049220561982,19.547005510330205,19.78309319019318,18.901405799388897,19.666588592529298,20.193915224075322,19.0517181634903,18.7135648727417,19.081757879257204,17.527621459960944,19.56187183856964,20.609221386909486,19.730572509765633,18.376586723327645,19.969760155677797,20.12853581905365,19.510294938087466,20.33869510889053,19.798813414573665,16.761660289764414,20.07359420061111,18.988253092765802,20.59818093776702,18.200204169750215,18.20323028564453,17.643032789230343,20.576120281219485,18.01429889202118,20.03122906684876,19.466775918006896,20.662558507919318,19.7403370976448,18.225301849842076,20.391761040687562,19.92375032901765,19.829978621006013,19.177430415153506,20.08300026655197,21.605185246467595,17.44865061044693,18.217233133316043
2067,18.084780311584478,19.515932619571693,20.672141730785366,21.937962150573725,19.680129551887518,22.029081869125363,20.196042418479923,18.83710806369782,19.367091155052194,19.559882438182832,19.213608646392817,19.846694886684425,19.50242898464203,19.567136240005496,20.150217974185942,20.610036325454708,19.18405075073243,18.64505974054337,19.79133147001267,18.457258450984963,19.2400177359581,18.02993638515472,22.129225230216978,19.387538731098175,20.643928122520443,21.734179282188425,17.609684681892396,20.517769360542292,19.804894900321962,19.76792548894883,22.182513976097113,19.604860186576843,19.044189512729645,20.21557080745697,18.90204765796661,17.918829667568207,19.550000464916234,21.49834396839143,18.383046555519105,19.88869143724442,19.49089239835738,19.674530124664305,20.0343549489975,19.441833245754246,22.67542109489441,16.674628555774696,20.94210839271546,20.070239245891578,20.03740578889847,19.99573774337768,19.88839187622071,19.869716143608095,20.468595933914195,25.0814858198166,19.398196363449095,19.058956456184383,20.428727555274968,18.9899619102478,20.960260796546947,17.734521317481995,19.197732663154607,18.770140516757966,18.611405289173124,17.8664451122284,19.6929618358612,20.43434767723084,19.14245103597641,20.036631798744203,20.147442579269416,20.13976737260818,19.699780726432806,18.2543192744255,20.590366721153266,18.061366009712227,18.373725569248197,19.150929057598116,20.671990787982942,20.73866562843323,20.88339669704438,19.558354043960573,21.78100764751435,19.45795440673829,18.791614055633545,18.401280188560484,23.138679170608523,19.179595279693608,20.42945952415467,20.475628364086155,20.66294473409653,18.973968791961678,17.61415128707886,19.525951290130614,21.15423052310944,19.772745597362523,19.876181399822247,19.423374557495123,19.651495075225835,18.7932473897934,20.27276604175568,21.248330736160284,21.376218056678773,19.007401525974274,19.26236258745194,19.228694796562202,19.622534155845642,19.831354916095734,19.663053941726684,20.68865609169007,19.591983771324163,18.742690467834482,18.673582720756535,19.997168993949895,18.953322172164917,20.61007149219513,17.384838247299193,17.004694402217872,22.9086578130722,21.230426049232488,18.855603027343754,19.650397968292246,19.920608913898473,19.756851971149445,20.67617408037185,19.755465507507335,20.024579370021826,18.804892265796664,19.640699887275694,19.74024908542633,20.097234690189367,19.200332355499274,19.86079128980638,20.69330155849456,19.350071704387673,18.80629414319992,19.19081096649171,17.89339945316314,19.87410670518875,20.967164468765255,19.881917452812196,18.612156832218176,20.37774931192398,20.478827989101415,19.835676074028015,20.630435276031495,19.953916835784913,16.841278731822968,20.29914779663086,19.1029324054718,20.909719419479366,18.302828049659745,18.53293323516846,17.87563345432282,21.034177899360653,18.38471734523774,20.520255589485167,19.858497202396393,21.105557227134714,19.819589900970463,18.319310367107395,20.67241077423096,20.525810074806223,20.123786461353312,19.568827366828923,20.65989619493484,22.066113662719737,17.429808020591736,18.35134876966476
2068,16.201850378513335,17.25520051717758,18.79962196350098,19.833001947402956,17.818939089775085,20.249379110336303,18.20885645151139,16.546174120903014,17.13492654561997,17.114327478408814,15.505267131328585,17.598108863830564,17.808135712146754,16.32017749547959,18.06575897932053,18.53574951887131,16.996223199367524,16.661913299560553,17.474995601177216,15.80958906412124,17.37221001386642,15.986181068420413,19.8572190284729,17.72302895784378,19.28778748512268,19.26973834037781,15.232167255878451,18.690375459194183,18.700889730453497,17.447528779506683,20.161742734909062,18.028939414024354,17.208311510086055,17.793916237354285,15.598250651359564,15.993130016326912,17.263143086433413,18.73189468383789,16.41314687728882,17.603481602668765,17.503844189643864,17.586415648460385,17.701033723354335,17.0967841744423,20.199179649353024,13.75587757825852,19.612304711341856,17.88708021640778,17.67594811916351,16.039254224300386,17.777154612541196,15.940738785266873,18.55904316902161,22.198555254936213,17.74557406902313,16.036160635948185,18.45278161764145,15.5258828163147,19.01632751226426,15.13375828266145,17.175714802742014,15.891810357570648,16.365499556064606,15.242983567714683,16.443854868412018,17.96059858798981,16.885394537448885,18.170519375801085,18.50017848014833,18.101656484603883,17.39784970283509,15.91106727123261,18.06561446189881,16.184939694404605,16.41007219552993,17.012948560714726,18.386567115783688,18.52427476644516,17.124829149246217,17.418070065975193,20.10017915964127,16.93243186473847,16.816785693168637,16.022863805294037,20.475564813613893,16.805668723583217,17.90206490755081,17.203099155426024,18.09096530675888,16.93328993320465,15.812561798095706,17.560911500453944,18.66032377481461,18.051582384109498,17.93246128559112,16.623341953754434,17.89417939186097,16.49147783517838,18.505033063888547,19.08376276493073,19.738374090194714,17.096234059333796,16.95845596790314,17.399054253101347,17.326478505134578,17.717882168293002,15.911919295787811,18.072855472564704,17.181173098087314,16.439307332038883,15.331793177127844,17.895733690261835,16.718893837928782,19.2957022190094,14.988798141479489,13.87811062335968,20.728919911384587,19.822001969814295,17.31709551811219,17.926671171188353,17.676608622074134,17.430186975002293,18.80651572942734,16.079978203773496,18.12737641334534,16.878223872184762,17.46365306377411,17.57664695978165,17.835027587413784,16.560633766651158,17.628400063514704,18.838190662860875,17.48346055746078,16.56471061706544,17.123731768131254,15.97024147510528,17.47760226726532,19.609107589721685,18.848254442214976,16.59843828678132,18.54805692434312,17.902236104011543,17.422456920146946,18.544941782951366,17.740985715389247,14.129183793067932,18.447931814193726,16.837640357017516,18.88406729698181,16.020228040218353,15.722445988655087,15.996606588363644,19.161716794967653,16.415464627742768,18.556494331359865,18.008205080032354,18.34111804962158,17.55557802915573,15.881852221488955,18.701971018314364,18.54019001722336,17.89524592161179,17.6477747797966,18.58832792043686,20.43524190187454,14.90278888940811,16.217225515842443
2069,16.876227235794072,17.968719244003296,18.934497165679932,21.041876792907722,17.850815832614902,20.928826606273656,18.295708847045898,16.95120421648026,17.917546546459196,17.48292849063874,17.320934092998506,18.054525232315065,17.950251770019538,17.275197911262513,18.08418643474578,18.598691654205332,17.428790831565856,17.146576905250555,17.92490513324738,16.862675809860235,17.450064980983733,16.83090722560883,20.48673005104065,17.87786912918091,19.740432453155513,19.635678339004517,15.698324823379513,18.759297084808345,19.22823469638825,17.92061105966569,21.388454318046577,18.10191125869751,17.3217142701149,18.260781264305116,17.259421372413637,16.0730086684227,17.753357934951772,19.07673671245575,17.055972766876227,18.060101199150086,17.50469444990158,17.730223870277406,18.12534465789795,17.47576049566269,22.41726083755494,14.418234848976137,20.180950498580927,18.269126582145695,18.119528794288634,17.917303967475895,17.863006019592294,17.759029722213743,18.576350450515754,23.88601210117341,17.990884757041933,17.14157667160034,18.67619968652725,17.213080322742464,19.316261434555063,15.660938441753387,17.168870794773106,16.44829338788987,17.165983271598822,16.28548446893692,18.03626639842987,18.402135550975792,17.345683217048638,18.19772415161133,19.365437769889834,18.288471913337716,17.889535760879514,16.385917925834654,18.465984392166142,16.69199616909027,16.45702307224273,17.766660118103033,18.70618405342102,18.550434112548835,18.73246073722839,17.890634918212886,20.753534507751464,17.379449868202208,17.439086771011354,16.413665747642526,22.82070643901826,17.323400306701664,18.38760101795197,18.01441630125046,18.564339709281917,17.404508924484254,16.30732896327973,17.555017149448407,18.82887668609619,18.245673799514773,18.001655578613285,17.056197941303246,17.942839264869697,16.938893759250647,18.522338008880617,19.12235738039017,20.05824518203735,17.11477283239366,17.456786489486692,17.49959210157395,17.801045525074,17.728821480274206,17.673944497108454,18.547613048553472,17.60229521989823,16.963336634635926,16.915804505348213,17.878179705142976,17.51387773752213,19.801503038406373,15.496932554245001,15.221760690212253,22.019480633735657,20.41854979991913,17.57372241020203,17.983846926689147,17.701759850978856,17.895122432708746,19.176269876956944,17.795620703697203,18.236889791488654,16.955474305152894,17.84121794700623,18.25228204727174,18.262316870689386,17.524086725711832,18.05199854373932,18.83910841941834,17.537527787685395,17.356400644779207,17.860281133651746,16.058834505081183,17.960292959213255,20.188287496566772,19.3925668001175,17.099809336662286,18.728302907943725,18.392388451099407,17.90782305002213,18.552930378913885,18.515454220771783,14.86976603269577,18.477559947967528,17.63152939081192,18.914669775962835,16.834684324264526,16.876979982852948,16.45124117136002,19.558542227745065,16.462019836902623,18.651681828498845,18.17277042865754,18.796984207630164,18.029410409927376,16.337744784355163,18.748825669288635,19.049292802810676,17.900725924968725,17.800201892852783,18.605394494533538,21.083127164840704,15.435538351535802,16.923619842529305
2070,18.157581520080576,19.588431358337413,20.62353415489197,22.380828833580033,20.264910054206858,22.610950803756708,20.922243642807008,19.16154735088348,19.490867233276365,19.863949751853944,20.092645359039317,19.70656340122224,19.45646424293518,19.627602148056035,20.860574269294748,21.394929742813115,19.07699551582337,18.554228687286386,19.706941127777114,18.78964004516602,19.933960676193237,18.30513219833374,22.72215793132783,19.31390738487243,20.975849652290353,21.86482059955597,17.901109194755563,20.40093939304352,20.215384006500248,19.685637378692626,22.638933062553413,20.1011879682541,19.737285590171826,20.082080531120305,19.806418800354013,18.605223107337952,19.824309182167042,21.937318229675306,18.342016530036936,19.795317816734315,19.6022088766098,20.38616523742677,19.92486734390259,19.739122772216795,22.25742757320404,17.05171242952347,21.492590785026554,20.012345743179324,19.840516281127933,20.801094865798962,20.734583616256725,20.637313175201413,21.15392413139343,25.616047501564026,19.400576472282406,19.54915997982026,20.41090934276581,19.82031102180482,21.07859327793122,18.016013002395628,19.442126178741457,18.999209642410275,18.77996473312378,18.17295134067535,20.545778632164,20.28966073989868,18.987888789176946,20.705375957489007,20.356695032119752,20.69706025123597,19.767596769332886,18.570636773109435,20.453118586540228,17.952485346794127,18.84374516010284,19.2578283071518,20.553875088691715,20.540644741058337,20.557418990135197,19.483098745346076,22.34057116508485,19.705283141136164,18.77649314403535,18.673434853553772,22.643637537956245,19.07635951042175,20.18181281089783,20.471802568435677,20.425204014778142,18.814845752716067,17.53033266067505,19.358848237991335,21.771540498733525,19.750466632843022,20.56621143817902,19.782403779029856,20.236854362487794,19.1153823852539,20.88963482379915,21.07147965431213,21.589641094207767,19.649273538589483,19.567164540290833,19.512285542488105,19.906264805793764,20.551957678794857,20.391047143936163,20.438194131851198,19.8528804063797,19.07949724197388,19.417808127403255,19.761617398262025,19.107825684547425,21.036476325988765,17.708466506004335,17.721500110626227,23.38077478408814,21.743005180358885,18.86022913455964,20.217670345306395,20.701289796829222,19.757293820381168,20.845966243743895,20.458909344673156,19.975812458992003,18.840268754959105,20.01539597511291,19.734384727478027,20.029598903656016,19.675552082061767,19.983939099311833,20.51708080768585,20.03879518508912,18.97588021755218,19.27011966705322,18.57902536392212,19.698782968521126,21.455098509788517,20.364187979698187,18.53077945709228,20.34552071094513,20.225380945205693,19.699859285354613,21.36146512031555,20.05754408836365,17.242365801334387,20.91993772983551,19.23512315750122,21.61844763755799,18.46712193489075,19.216433119773875,17.802764177322395,21.582474398612973,19.05299007892609,20.422351360321052,19.802561593055735,20.910074067115783,20.137715959548938,18.551226592063912,21.383034706115716,21.07064187526703,20.943213987350468,20.172501850128175,20.463040328025826,22.61869192123414,17.675896143913274,18.403026962280276
2071,19.65911343097687,21.449895548820493,23.148296189308162,23.757123422622687,22.021106839179993,25.34469158649445,22.61963441371919,21.219827175140377,21.14344025850297,22.022529125213623,21.775593900680548,22.117241144180305,21.902000308036797,22.34679853916169,22.813904285430915,23.1682968378067,21.522213554382326,20.72946968078614,22.097223925590523,20.425560402870186,21.595022606849675,20.473667693138122,24.569352197647095,21.763903069496155,23.23187904357911,24.103813385963445,20.00659737586975,23.005063509941113,22.181326580047607,22.090193259716035,23.99938549995423,21.705597305297857,21.382255840301507,22.696738994121546,21.260666179656987,20.310945105552666,21.948743319511422,24.391455650329597,20.434913945198065,22.203228163719178,21.92288105487824,22.21423346996308,22.310988330841077,21.780084776878358,24.131443738937385,19.62449927330018,23.88677446842194,22.214889025688173,22.407879066467284,22.717384266853333,22.606124401092526,22.548660922050477,22.855332922935485,27.57473475933075,21.944171309471137,21.503682160377515,22.97187299728394,21.344505500793463,23.880608344078066,20.302469968795776,21.640114665031437,21.596590995788585,20.388091027736657,19.774088561534885,21.97750129699708,22.86062444448471,21.598443150520332,22.332934379577644,22.620228004455576,22.48821845054627,22.00867612361907,20.668429946899415,23.451875841617575,20.139433240890504,20.727214455604553,20.859622275829313,23.29493579864502,23.59437534809113,22.755908775329587,21.74142594337463,24.906836318969727,21.94240882396698,20.666964960098266,20.743942165374765,24.663317680358883,21.48303669691086,22.926066243648528,23.321585059165955,23.20406284332275,21.11821053028108,19.598300814628615,21.98208346366883,24.0199978351593,22.247911334037788,22.258318305015557,22.284412693977362,21.941600680351264,21.174076819419863,22.466942262649535,24.075770235061647,24.05387091636658,21.302891135215756,21.6761826992035,21.621403312683114,21.99031028747559,22.450571727752695,22.210556530952456,23.26083626747132,21.971051549911497,21.133283805847167,20.9422640800476,22.56906042098999,20.750812959671027,23.128564763069164,19.827594399452224,19.49827835559845,24.808293247222895,24.117711377143866,21.244842004775997,21.862372612953187,22.84144680500031,22.090777993202213,23.35786008834838,22.22691640853882,22.50392236709595,21.23448779582978,21.964733648300175,21.536872100830085,22.32436429262161,21.417172384262088,22.100871562957764,23.047583842277522,21.63323566913605,20.58590778112413,20.837354421615615,20.263281250000002,22.25554777383804,23.806327319145193,22.268202614784236,20.78159203529358,22.87899844646454,22.993187308311462,22.24104015827178,23.171382761001592,21.711962497234353,19.417635679245002,22.672575163841255,20.906302762031558,23.325981259346015,20.073333430290223,20.879436516761785,20.009470546245574,23.18943245410919,20.742056989669813,23.177147555351258,22.5515540599823,23.80263350009918,22.201606750488285,20.69143724441529,23.073112630844125,22.64455657005311,22.87509229183197,21.824833202362065,23.305314135551463,25.284760785102847,20.00381667613983,20.123869800567633
2072,21.75654134750366,23.390582013130185,25.492073297500607,25.6935676574707,24.778869724273694,27.26594028472901,25.22129237651826,22.931793189048776,23.18540713787079,24.021935081481942,24.94551649093628,23.826633620262147,24.057894158363347,24.781403422355652,25.64240360260009,25.64314877986909,23.219140243530273,22.337926840782163,23.79402506351472,22.579336452484135,23.94972076416016,22.476689195632936,27.20357158184052,23.8458004951477,25.028728103637707,26.321424150466918,21.81224937438966,25.208076810836797,23.796785402297978,23.76066784858704,25.83442015647889,23.960533308982853,23.529219508171074,24.54368155002595,23.9235809326172,22.959057831764216,23.713057374954225,26.956125569343563,22.35563423633576,23.965870928764343,24.44034616947174,24.724132966995242,24.058073616027837,23.49905550479889,25.786627531051643,21.854865765571596,25.487006711959843,23.81296424865723,24.1687847852707,25.955852437019352,25.178311252593996,25.902191591262827,25.44146270751953,30.217046737670906,23.94214546680451,24.051427936553964,25.161203598976137,24.15517082214356,26.082549691200263,22.310788369178773,24.245687937736513,23.839866590499877,22.345423650741587,21.970853781700136,24.45008339881897,24.698614811897283,23.43521449565888,24.88399991989136,24.365615177154538,24.77133023738862,23.65149619579315,22.452982044219983,25.700286507606513,21.725469136238104,23.288811755180365,22.90772013664246,25.45901558399201,26.14556012153626,25.32513570785523,23.428352975845335,26.784291481971753,23.913266205787664,22.57431404590607,22.493610382080078,26.331330585479737,23.128940916061406,24.92285850048065,25.77498495578766,25.166783905029302,22.753562569618232,21.142244648933413,24.347164940834052,26.638338351249708,24.442038702964783,24.81985030174256,24.65399293899537,24.37833282947541,22.95422446727754,24.933784627914424,26.662508440017707,25.949820113182067,23.862045526504524,23.476256418228154,23.71531376838684,23.673355054855346,25.33726534843445,25.425812625885,25.2273027420044,23.78200409412384,22.87946634292603,23.573182940483093,25.056770396232615,22.6909746170044,24.781482410430915,21.617400574684158,22.13846328258515,26.712869739532465,25.841331768035893,23.12681150436401,24.36810386180877,25.851813220977782,23.782275104522718,25.565262150764465,25.32226669788361,24.775664782524103,23.535935735702523,23.691761112213136,23.53888089656831,23.91828689575196,23.410899186134337,23.721034240722656,25.165107607841485,24.097217631340044,22.587713479995728,22.918636894226076,22.91880359649658,24.035564517974866,25.477108621597285,23.871587419509897,22.494383764266964,25.15275161266327,24.975974178314214,23.94893445968629,25.708486557006825,23.783169507980347,21.53815624713898,25.346699714660655,22.945701551437377,25.786623859405516,22.030040013790135,23.064700341224672,21.58471891880036,25.54716587066651,23.41597747802735,25.634553956985485,24.918634796142573,25.830159687995916,23.95071184635163,22.54875786304474,25.620914769172675,24.949078512191782,25.69069993495942,24.29194147586822,25.762747359275828,27.093028354644794,21.967821931838984,22.461076998710638
2073,17.01408388614654,18.513808751106264,20.86746962070466,23.034801292419445,20.20757787227631,23.825860452651987,20.6685296535492,18.282315289974203,18.22276468276977,18.945468652248383,17.934449613094333,19.23617100715638,19.68844892978669,18.88783421516418,20.65937492847443,21.09552991390228,18.677199268341063,18.10986795425415,19.2192405462265,17.306709194183355,19.677382397651677,17.455824470520025,23.03617069721222,19.550800919532783,21.80845112800599,22.064239335060122,16.98915449380874,20.684333634376525,21.236045002937324,19.178597497940068,23.307572746276858,19.988620853424067,19.406891894340518,19.626696801185613,17.87214013338089,18.419095170497894,18.975810647010803,21.82080159187317,17.55878396034241,19.310843157768243,19.71806728839875,20.01896637678147,19.508180809020995,18.78815525770187,23.361303901672365,15.905620491504669,22.563753938674928,19.631353616714485,19.405279803276063,18.65140218734742,20.453756666183473,18.51690398454666,20.978134465217597,26.647616028785713,19.602111697196968,18.092792677879338,20.53338487148286,17.826908040046703,21.76302437782288,17.01087622642517,19.474743187427517,17.870707440376286,17.498649239540104,16.693721365928653,18.675477313995362,19.81593341827392,18.58378593921663,20.540095758438113,21.25146198272705,20.223643016815185,19.099356746673575,17.654778480529792,20.206932473182682,17.520181059837352,18.744218587875373,18.02789402008057,20.438544487953187,20.79955487251281,20.190084314346315,19.004279065132152,23.489387559890762,18.72116940021516,17.94093260765076,17.750815224647514,23.795262908935552,18.565348124504094,19.719746184349056,19.580854225158692,19.965454483032232,18.37364802360535,17.11324114799499,19.62202136516571,21.636995244026185,19.989402985572827,20.31728253364563,18.799599659442897,20.073260593414307,18.22814885377884,20.78589160442353,21.34402120113373,22.283561444282533,19.466149103641516,18.680577087402348,19.49986038208008,19.006834363937386,20.352878713607787,18.379404675960537,19.989070510864252,18.881620502471925,18.16149586439133,17.557534670829774,20.045365118980406,17.83507142066956,21.989824318885816,16.770147037506103,16.04839106798173,24.053568792343135,22.861100435256972,19.0525053024292,20.117492032051093,20.461885046958926,19.18453998565675,21.51326351165772,18.47910523414612,20.20308585166931,18.988082861900335,19.21727907657624,18.689850950241098,19.572789311408997,18.35160453319549,19.337311959266664,20.741268992424025,19.83633275032043,17.69169573783875,18.058449077606202,18.410019433498377,19.23961310386658,22.566926360130307,21.373272442817694,18.09236121177674,20.595818066596983,19.758835530281072,19.215007162094118,21.084320592880253,18.80761225223542,16.093095076084143,20.836885809898376,17.96186408996582,21.339381313323976,17.164509820938115,17.733486640453343,17.41918134689331,21.753234219551082,18.85025491714478,20.677263307571415,20.057178378105164,20.40186839103698,19.260306346416478,17.621047341823576,21.12751688957214,21.268837952613826,20.662055134773258,20.114088845252997,20.738240003585815,23.81585371494295,16.712126600742344,17.152618789672857
2074,19.56837089061737,21.167106533050543,22.663847899436952,25.76347041130067,22.49191319942475,26.35573766231538,22.95934507846832,20.840355014801027,20.957213616371153,21.718654417991644,21.670129752159124,21.52478194236757,21.402535796165463,22.309145402908328,23.1974881887436,23.432363677024842,20.960196781158448,20.191311860084525,21.555695176124583,20.277335500717154,21.878740644454957,20.301514458656314,25.854181122779856,21.234203529357917,23.71319780349732,24.71539628505707,19.639911985397344,22.574548506736754,23.062838983535773,21.498768854141236,25.929502487182617,21.955000329017647,21.552417516708378,22.10688292980194,21.138298392295845,20.74654428958893,21.5065572977066,24.865085124969475,19.9557412147522,21.63790605068207,21.82561480998993,22.429273819923402,21.803929185867315,21.434425210952764,26.232678365707397,19.167634916305545,24.732073903083794,21.768455910682672,21.833646583557133,22.545387792587285,22.887228655815118,22.40920805931092,23.215643596649176,30.39185309410097,21.252413702011115,21.253450345993038,22.428354454040527,21.259775817394257,24.05941026210785,19.909549605846408,21.701548051834113,21.14683417081833,20.20941768884659,19.65522158145905,21.85777425765991,22.327420234680176,20.98052639961243,22.72773883342743,23.333630633354186,22.595017695426947,21.47860481739045,20.271362900733944,22.837942624092108,19.577061915397653,20.955339741706858,20.72638592720033,22.734561324119568,23.046836781501774,23.739087080955507,21.17633252143859,25.916835761070264,21.569435524940502,20.33867018222809,20.39359331130982,26.785750770568853,20.92394075393677,22.34557089805603,23.166804790496837,22.603017115592955,20.5792307138443,19.082175564765933,21.586017942428597,24.437608098983763,21.698580932617194,22.609144353866586,21.994460916519166,22.243129491806037,20.781952595710756,22.839980173110966,23.543913102149965,24.355005764961245,21.702198362350472,21.242522692680364,21.427065491676338,21.548720407485963,22.897044897079475,22.08476519584656,22.64981107711793,21.610612535476687,20.71051330566407,20.86609951257706,22.159544277191163,20.545019888877874,24.029123497009287,19.444585835933697,19.275963151454935,26.8502860546112,25.037920808792126,20.582034015655516,22.225062036514288,23.227834880352024,21.553609585762025,23.838266181945794,22.09662930965424,22.03236005306244,20.930704212188726,21.670774984359745,21.309992504119872,21.80091168880463,21.155461406707758,21.662226271629326,22.599013400077816,22.00001604557038,20.42200976610184,20.72212002277374,20.717041027545932,21.66686818599702,24.702708554267883,23.138519072532652,20.202024841308592,22.358057045936583,22.39317119121552,21.623973226547243,23.46999962329865,21.542429065704347,19.054030025005346,23.08272511959076,20.712603783607484,23.634957814216627,19.915041577816005,20.619690060615536,19.422075176239012,24.030243635177612,21.18592451810837,22.659458947181708,21.957334828376776,23.222970366477963,21.79040720462799,20.3346203327179,23.413526320457457,23.719335579872133,23.24469757080079,22.397196602821356,22.834183955192575,26.25022025108339,19.58481605052948,20.033882069587712
2075,19.78191928863525,21.491947031021123,21.886214280128478,23.528193521499645,20.449462842941287,24.03334784507751,21.07358052730561,20.193115067482,21.26584994792939,20.90224258899689,20.740693771839144,21.842649006843565,20.735176563262947,21.074408817291253,21.03483102321625,21.485877418518065,21.22066748142242,20.500260210037233,21.836395812034613,20.226248574256896,20.100453376770027,20.327546525001527,23.40640804767609,20.603590965270993,22.221283555030823,22.413161039352413,19.025623631477355,21.679184436798096,21.383002138137822,21.847914457321163,23.779326701164244,20.43647592067719,19.970245170593273,22.383164548873907,20.35287473201752,18.72779979705812,21.064995431900037,22.469941258430485,20.33318476676941,21.962547945976258,20.48199303150178,20.70498631000519,21.967955040931706,20.768446063995366,24.448432588577276,18.523565769195564,22.715161490440384,21.828623318672186,22.046834611892706,21.46633393764497,20.864380192756652,21.321311545372016,21.261106157302855,27.203570318222052,20.72502872943878,20.50343525409698,21.886563730239878,20.369273412227635,22.44133591651917,19.29762897491456,20.09036028385163,20.483245301246647,20.520191311836243,19.612734079360962,21.014856290817267,22.54361295700073,21.250674939155587,20.799109363555917,21.89622282981873,21.19694540500641,21.49848010540009,19.685682916641234,22.764213490486146,19.871334624290466,19.202558422088636,20.978653264045715,22.464719200134287,21.9748895406723,21.538338828086857,21.54541556835175,23.686225032806398,20.91771838665009,20.610915565490732,19.713683462142946,24.976618003845214,21.261070299148564,22.53754057884216,21.942291855812073,22.812557888031016,20.791058802604685,19.366354870796204,20.65535635948182,22.036445832252504,21.044857406616224,20.733783078193664,20.98841388225556,20.481616640090945,20.201422476768503,20.998559284210206,22.489473843574526,22.814322328567506,19.732612252235413,20.705970382690435,20.268775868415837,21.08764939308167,20.67555339336394,21.06211540699005,22.874655699729924,20.979054856300365,20.196780824661253,19.997404551506047,21.093179869651784,20.87550354003907,22.166250896453857,18.870905137062074,18.54870223999024,24.57965960502624,23.037442326545722,20.128974103927618,20.4478746175766,20.882942080497738,21.681151247024538,22.102388525009168,21.110340571403505,21.233584356307983,19.888523077964784,20.94741799831391,21.555211353302006,22.085338139533995,20.773838138580327,21.514634704589845,21.710647892951965,20.131609201431278,20.70449812412263,20.971610188484195,18.69747519493103,21.942970943450938,22.737944078445445,21.511749982833866,20.57633531093598,21.64698266983033,22.61892406940461,21.963191342353824,21.417389607429513,21.843168163299566,18.434010803699493,21.10143370628357,21.03194961547852,21.674558258056642,20.204467630386354,19.979531908035277,19.79510469436646,22.07835876941681,19.146213507652288,21.775969457626346,21.185541963577272,23.404871463775635,21.24704172611237,19.69016649723054,21.481546044349674,21.617471313476564,20.98718705177307,20.400629663467416,21.798731327056892,23.987552857398992,19.051994085311893,20.225808215141292
2076,18.3172785282135,19.896704351902013,22.177021777629854,23.890610003471373,21.958625483512883,24.130088341236114,22.543317651748662,20.694791126251225,19.535821604728692,21.611829483509062,21.223637104034424,20.917418527603143,20.972711205482486,22.31215336322785,22.707100558280946,22.956744146347045,20.254338347911833,19.69824528694152,20.833257222175604,19.063257694244385,21.42752848863602,19.116876339912416,24.565691494941706,20.84641118049622,22.403654837608336,24.13754415512085,19.579860937595374,21.965827143192293,21.531302070617684,20.853829193115242,24.11119618415833,21.71354126930236,21.12991691827774,21.347683811187743,20.76386575698853,20.178102505207065,21.4179945230484,24.308093762397768,19.19505898952485,20.99235912561417,21.18966547250749,22.051074695587165,21.058935296535495,21.299085521698004,24.036628556251532,19.191096496582027,22.979642105102542,21.054666996002204,21.109933352470396,22.088275527954107,22.376987814903266,21.954839062690734,22.73743450641632,27.747507667541505,20.972469246387483,21.035320615768434,21.896340644359583,20.79912395477296,22.705690705776224,19.913981032371524,21.082364273071295,21.187051391601567,18.779129076004036,18.434136056900027,21.465046286582954,21.495828258991242,20.306994414329534,22.22977106571198,21.92262213230133,22.30557386875153,21.09408084154129,20.21569114923477,21.975234007835393,19.139389491081246,20.378861892223355,19.34175335168839,22.029290056228643,22.328342163562773,23.595060157775883,20.65215604305267,23.803247809410102,21.536459493637086,19.425514245033263,20.26340302228929,24.52136611938477,20.18181508779526,21.612901306152338,23.195715355873112,21.82720915079117,20.02030386924745,18.65689098834992,20.912034952640536,23.85427942276002,21.320264363288885,22.176335096359253,21.88891581296921,21.887853908538823,20.715453720092775,22.356126093864436,22.855321431159982,23.000427353382115,21.181607079505923,21.218779635429385,20.904839110374454,21.434687209129336,22.336823475360866,21.65009999275207,21.858218014240272,21.53785626888276,20.685262072086335,20.314522695541378,21.45352931022645,19.114535641670233,22.326321792602542,19.40295587778092,19.031285095214848,24.94150476455688,23.152777457237256,20.366726112365722,21.84946517944336,22.70534677505493,20.98717781305313,22.467454981803893,21.64682090282441,21.49182327985763,20.368019795417794,21.4972222328186,20.11387734413148,21.069283711910245,20.57521219253541,21.236924147605908,22.01608164310455,21.500498819351197,18.99358062744141,19.385638666152953,20.13155418634414,20.977124559879304,22.87796511650085,21.672141098976137,19.744857454299932,21.915024435520177,21.652536225318908,20.930982708930976,22.953407669067385,20.123490715026854,18.995598447322845,22.60462076663972,19.270975720882422,23.143804049491887,18.461196601390842,20.427672791481022,18.958799374103542,23.16333842277527,20.626794183254255,22.09178441762925,21.503259110450742,22.25036103725433,21.737432265281676,20.283536398410796,22.94473388195038,22.630004763603218,22.669873178005215,21.71896417140961,22.15894992351533,24.153030681610122,19.60083175897598,18.57249430418015
2077,19.182535648345947,20.67397569417954,21.71012315750122,22.898356056213384,21.56498711109161,23.35170642137528,22.123469161987305,20.483945250511166,20.527132296562204,21.31133651733399,20.46456282138824,20.903677916526807,20.488958954811103,21.169326877594,22.32791191339492,22.67309291362763,20.34337421655655,19.655980348587033,20.880592405796044,19.6394290804863,21.051897203922273,19.05831680297852,23.81732969284058,20.35358121395111,21.64804060459137,23.113751769065846,19.268998837471017,21.56708598136901,20.692847728729248,20.865452301502234,23.092528557777406,21.33931205272674,20.840978467464446,21.426163804531097,20.052825450897224,19.75603483915329,21.11960191726684,23.455921816825867,19.501812291145324,20.997129058837892,20.82549167871475,21.65258594751358,21.185962653160093,21.09916939735414,22.54658036231995,18.775542867183695,22.11514739990235,21.16748790740967,21.18052871227265,21.345284128189085,22.0357597231865,21.176863646507265,22.418353796005253,26.34844703674317,20.50088727474212,20.551749253273023,21.538215541839595,20.183359575271616,22.159433472156525,19.568695974349975,20.706692314147954,20.823528397083287,19.800108480453492,19.0496706366539,20.820630621910098,21.634742903709416,20.358969831466684,21.88657999038697,20.927917838096626,21.897480034828185,21.000228071212767,19.89566912651063,21.966575932502746,19.07334957122803,19.974959886074068,20.32088533639908,21.89021594524384,21.997864365577705,21.242367339134216,20.596903181076044,23.00697762966157,21.21646411418915,19.864159560203557,20.038606190681463,22.990204787254335,20.345570468902594,21.676247048377995,22.192621970176702,21.91759798526764,20.016361236572262,18.598000359535224,20.560723626613616,23.29297068119049,20.802560615539555,21.737433695793158,21.54143739938736,21.544892930984496,20.413127112388608,22.041387510299682,22.475306284427646,22.495980525016783,20.802063143253328,20.881856393814086,20.619641208648684,21.205213212966928,21.937401783466342,20.934219908714304,21.9660314321518,21.266877627372743,20.362884092330937,19.848720192909248,21.095492506027227,20.10746766328812,21.58474204540253,19.089492666721345,18.385889875888832,23.894429230690008,22.361170768737804,19.875601863861085,21.48436605930329,22.31858849525452,20.95395619869232,21.813374245166777,20.988798093795786,21.08670202493667,19.99597786664963,21.284184193611143,20.82667980194092,21.169883990287783,20.505938458442696,21.17404623031617,21.72618947029115,21.1493945479393,20.00994801521302,20.309626770019538,19.686198031902318,21.04636552333832,22.067447566986086,20.779048943519587,19.660086178779608,21.421603107452388,21.728576374053958,20.992859816551203,22.711200499534606,21.08121356964112,18.591779005527503,22.245734214782722,20.28421372175218,22.875938367843638,19.489593803882606,19.868929219245913,18.89556012153626,22.612915372848512,20.188386309146885,21.631350862979893,20.983152723312376,22.460838139057163,21.43089673519135,19.974872946739204,22.59984202384949,22.000598716735844,22.364402616024016,21.301781642436985,21.803780233860017,23.33496923446656,19.299494981765744,19.597328460216524
2078,20.04585897922516,21.584332370758055,22.819190645217898,24.919347620010377,21.657546997070327,25.325614857673653,22.310419774055482,20.571174860000617,21.39451231956482,21.412493824958812,22.03767583370209,21.947918200492854,21.591055130958562,22.038999891281122,22.461762571334837,22.795990157127378,21.387878155708318,20.624225878715514,21.94001522064208,20.597527551651,21.28074171543122,20.717510056495666,24.933870124816902,21.453470325469965,23.176329421997075,23.837388348579413,19.419542992115023,22.667397999763487,22.26881625652313,21.91613233089447,25.099312925338744,21.516556000709546,21.025114369392405,22.557624459266663,21.44531666040421,19.95729525089264,21.41354758739471,24.059133386611947,20.56651978492737,22.05837428569794,21.586932802200323,21.858691406250006,22.165131330490116,21.168465471267716,24.724007987976066,19.03976885080338,23.85586221218109,22.036892652511604,22.25511333942413,22.89232041835786,22.223495626449594,22.72313680648804,22.487678527832028,29.239762163162244,21.567959856987,21.34852788448334,22.685535407066347,21.566667127609257,23.633438992500306,19.733138692379008,21.264446234703065,21.01622470617295,20.652684783935545,20.015040588378916,22.099494886398315,22.732039499282838,21.48183195590973,21.979041790962224,22.705769395828238,22.100601506233225,21.67894976139069,20.06899747848511,23.223772668838507,20.065491199493408,20.364531731605524,21.18408157825471,23.06168415546417,23.19375684261322,23.32698655128479,21.60037217140198,24.901623940467836,21.341085052490236,20.829900217056284,20.111419653892522,25.24042930603027,21.36305704116822,22.851240348815924,22.901568198204036,23.09698362350463,21.029887199401863,19.53118786811829,21.686635136604316,23.6453701734543,21.909717011451733,21.96081309318543,21.68477604389192,21.68666000366211,20.571267151832583,22.100952172279356,23.69064431190492,23.8784904718399,20.931233191490172,21.085412240028383,21.30909278392791,21.462956690788275,22.059863471984873,22.37667417526245,23.150494074821474,21.386964321136475,20.57386286258698,21.10004311800003,22.202691030502326,20.95536789894104,23.16609485149384,19.26939281225204,19.471025347709663,25.986972618103017,24.13158633708955,20.886981725692756,21.589777827262886,22.46111061573028,21.82194364070893,23.294191789627085,22.406838059425354,22.186970114707954,20.927737689018244,21.394283008575442,21.734422516822825,22.153699135780343,21.30574152469635,21.716919684410097,22.681338906288143,21.286783361434942,20.873868775367743,21.173272061347966,19.895253396034246,22.13286204338074,23.809373497962948,22.377648448944093,20.679259657859802,22.550869870185856,22.91005852222443,22.079601168632507,22.771502971649173,21.953440785408013,18.99080456495285,22.32133259773255,21.163383769989025,22.97707531452179,20.329456067085268,20.735028266906745,19.891504478454596,23.298760294914246,20.367636680603038,22.818772649765023,22.201524591445917,23.67230079174042,21.615980768203734,20.08952186107636,22.72782571315765,22.923781442642223,22.440141081809994,21.63558361530304,22.919466423988357,25.240919423103342,19.494321751594544,20.55300948619843
2079,18.44422285556793,20.018145322799697,20.472029232978834,23.774376559257504,19.461421537399296,23.747991442680366,19.9404332637787,19.88144645690918,19.81351304054261,20.484784507751474,20.68349182605744,20.397021436691286,19.320335030555725,20.940070486068727,19.862777447700505,20.38581948280335,19.77505321502685,19.130615329742437,20.39672958850861,19.235249745845802,19.025593590736396,18.864472484588624,23.00903973579407,19.20252780914307,21.54723699092866,22.12814657688142,18.646304869651797,20.381043362617504,20.952343130111704,20.37739267349244,23.945382189750678,19.431583309173583,18.997366070747383,20.842918920516976,20.26483461856842,17.66895687580109,20.534813714027408,21.782467317581187,18.816093826293944,20.468832039833067,19.257553482055663,19.621251893043517,20.587065768241885,20.46060538291931,24.520612668991095,17.91055392026901,22.326246523857105,20.594056701660158,20.595779442787173,21.63530390262604,19.65811481475831,21.508673667907715,20.235706496238706,27.851628947257996,19.21053640842438,20.30363521575928,20.40122072696687,20.379815387725834,21.546113967895515,18.815230631828307,18.929019427299508,19.942089033126827,19.103293704986584,18.570705687999727,21.067541289329533,21.069738101959224,19.73181817531585,19.808751058578487,21.191097092628482,20.328545069694524,20.484419608116145,19.29860293865204,21.10791866779327,18.512051129341135,18.11127951145173,19.59079878330231,20.938328742980957,20.482341909408564,22.618841147422796,20.08579170703888,23.387494230270395,20.502157497406017,19.206455326080324,19.444271516799933,25.049965858459466,19.787962317466736,20.99377760887146,21.858926630020143,21.25667586326599,19.440092992782596,18.053090691566467,19.339717674255386,21.14320585727692,19.575333595275882,19.632437610626233,20.367586278915404,19.432077550888067,19.817817568779,20.073218488693243,20.992389202117927,22.13843655586243,18.765123343467717,20.29306914806366,19.102897644042972,20.620572566986088,19.559760165214538,21.2022433757782,21.299988651275644,20.61675481796265,19.760043072700494,20.026152944564824,19.724400591850287,19.447982370853424,21.881529474258425,18.42856061458588,18.30061982870102,24.87574529647827,22.702770304679877,18.662275958061223,19.439632296562213,19.636665725708006,20.462510538101192,21.350764465332034,21.241357064247133,19.84610352516174,18.602708959579463,20.50590591430664,20.14633209705353,20.712720227241526,20.206470942497255,20.65612757205964,20.471678519248957,19.125590038299556,19.28954168558122,19.585872483253482,17.642988562583923,20.459209489822392,22.37894570827484,21.04275674819947,19.120338177680978,20.179623866081243,21.060712838172915,20.45752558708191,20.386077260971078,20.380083227157602,17.985650682449332,20.088990497589105,19.56963195800781,20.65920538902283,18.79088567495346,19.727957749366762,18.375847029685975,21.488891696929926,18.112599372863773,20.2901977300644,19.637025356292718,21.815504002571096,20.841280126571657,19.35136103630066,20.440454125404358,21.15052282810212,19.84353942871094,19.57659690380097,20.39482338428497,23.68095571994782,18.491090250015255,18.768550300598147
2080,18.22199325561524,19.553611707687374,20.588331556320192,23.518163347244272,20.30324530601502,23.579597616195677,20.608932018280033,19.164845275878914,19.492351651191708,19.92701810598374,20.70998678207398,19.65940778255462,19.42625403404235,20.666432905197148,20.727514481544496,21.023414921760562,19.058220064640047,18.494543719291684,19.596418261528015,18.91210925579071,19.57104221582413,18.37624027729035,23.337988829612737,19.330086779594428,21.54009323120117,22.81258726119996,17.921291959285742,20.515224623680123,21.00529937744141,19.569065845012666,23.724753332138068,20.095897579193128,19.359136092662816,20.042464971542373,20.2122978925705,18.346665441989906,19.811767792701723,22.427814769744874,18.348319578170788,19.694666945934305,19.585477113723762,20.070730578899393,19.844915747642517,19.753497385978697,24.492115211486823,17.063809835910803,22.393187355995185,19.893464660644536,19.878783750534062,21.699042987823496,20.316291105747222,21.623476886749266,20.987494909763342,27.40269460678101,19.31308841705323,20.046939849853523,20.308457100391394,20.359766244888327,21.585590839385983,18.081180357933043,19.423864662647254,19.191828048229226,18.716656589508055,18.30560845136643,20.992103886604315,20.249744331836702,19.040673649311064,20.51298608779906,21.22338268756867,20.50360772609711,19.714902639389045,18.561770343780516,20.499847126007076,17.94227607250214,18.6713947892189,19.27829915285111,20.543160486221318,20.65064376592636,23.501570487022406,19.357711613178264,23.243200802803052,19.81434520483017,18.801949429512028,18.728577399253844,24.99715609550476,18.999901831150055,20.268427705764772,21.541604018211377,20.4863671541214,18.849315881729133,17.502733182907104,19.40252221822739,21.94839046001435,19.700640797615062,20.269811129570012,19.85931091308594,20.150479626655578,19.103800463676457,20.782482314109803,21.1786811709404,22.096587944030766,19.446450114250183,19.577315580844875,19.257541346549978,19.88032172918319,20.40880104303361,21.32787058353423,20.51139436960221,19.915573394298555,19.02781777381897,19.96991558074951,19.91633900403977,19.0481215953827,21.904466748237603,17.672834467887878,18.071368670463567,24.564309835433953,22.61277699470522,18.778422570228575,20.191727566719056,20.558975839614874,19.6716890335083,21.433970594406134,21.319442129135133,19.920996034145354,18.797062563896187,19.938037383556367,19.807166576385505,19.89560267925262,19.769517087936414,19.89510802030564,20.623031353950502,19.76513555049896,18.934553563594818,19.32416889667511,18.326362800598144,19.689083409309394,22.348367023468015,21.036595392227177,18.46785124540329,20.277168750762947,20.301057934761044,19.63448623418808,21.106171226501463,20.0720437526703,17.345606315135957,20.90342718362809,19.228594660758965,21.323710680007938,18.392102146148684,19.38101553916932,17.759350585937504,21.909723639488224,18.814627063274383,20.44741426706314,19.819578981399534,20.910829472541817,20.125944244861596,18.65446765422822,21.11828813552857,21.470373487472543,20.64939515590668,20.173149991035462,20.591769528388983,23.610361814498916,17.795996189117428,18.540548729896546
2081,18.63662672042847,20.197200584411625,21.471145665645608,23.701766467094426,20.908939862251287,24.301126074790965,21.46444211006165,19.754019343852995,20.02569316625595,20.553211879730235,20.52661974430085,20.58354003429412,20.272419190406808,20.96053426265717,21.560873031616204,21.963612794876102,19.973405492305755,19.33141806125641,20.535598969459535,19.252769541740417,20.424039196968074,19.24921662807464,23.83760633468629,20.144091176986706,22.160005068778997,22.914574337005618,18.547929537296294,21.340906393527995,21.429649996757526,20.522932291030884,23.8775423526764,20.72521853446961,20.207678079605095,21.033490741252898,20.102027010917674,19.114228832721707,20.41594618558884,23.00392532348632,19.042557382583617,20.655105376243597,20.405249929428102,20.95181574821472,20.78807473182679,20.37114207744599,24.636737394332897,17.876194584369667,22.950762033462535,20.798909878730775,20.813336777687077,21.331914186477665,21.32084991931915,21.194397592544554,21.759648132324223,27.50521461963654,20.208732151985167,20.1880895614624,21.255641448497776,20.223521661758426,22.413789415359496,18.775442516803757,20.219087183475494,19.93064014911652,19.297025263309486,18.667525565624246,20.849870824813845,21.199004328250886,19.96990847587586,21.268184137344363,21.83294668197632,21.247366786003116,20.493243503570557,19.155105316638945,21.534130275249485,18.737463498115545,19.450917816162114,19.77913041114807,21.5112092614174,21.627628850936883,22.382026362419133,20.296912586688993,23.93532400131225,20.445105862617503,19.41778471469879,19.32951407432557,25.157525920867926,19.974934482574454,21.296278941631314,21.821734929084776,21.529277157783515,19.68544135093689,18.266628789901734,20.291091144084938,22.6847811460495,20.560830616950984,21.084941458702087,20.667863833904278,20.8647162437439,19.691317975521088,21.456123375892645,22.131859171390534,22.803545284271255,20.20487051010132,20.13644556999207,20.153743946552275,20.50074130296708,21.207104873657226,20.948656368255616,21.574835300445564,20.514318943023685,19.629678976535796,19.837108993530286,20.7946373462677,19.605767226219182,22.34818131923675,18.345155906677245,18.183340144157405,24.770682978630063,23.200262498855604,19.616889166831974,20.850849223136898,21.479500341415395,20.516408586502084,22.11959261894226,20.986228251457213,20.819492673873903,19.654507291316982,20.580215644836432,20.34987895488739,20.8083894610405,20.13337464332581,20.659145116806037,21.425916302204136,20.54051826000214,19.488468289375312,19.77278726100922,19.067157161235812,20.695488774776464,22.889997315406806,21.511970686912537,19.326245832443252,21.17597857713701,21.361342954635628,20.631571972370157,21.982044219970714,20.565844225883488,17.944712042808533,21.583199572563167,19.783168637752517,22.19123480319977,18.97255331277848,19.584423327445993,18.58180453777314,22.428943777084363,19.579239630699156,21.365901756286632,20.703145527839666,21.96733475923538,20.69755637645722,19.253944110870357,21.92835853099823,21.955860185623173,21.59536064863205,20.847195363044744,21.492687284946445,24.266214084625243,18.494953620433815,18.982654786109926
2082,17.585807442665107,18.92083020210267,19.91368174552917,23.817063617706292,19.475903487205514,23.056048703193664,20.007403087615966,18.394336223602302,18.87693958282471,19.027096915245057,19.653913187980653,18.917381477355956,18.8003928899765,19.432684922218318,19.906712126731875,20.43488221168518,18.260238635540013,17.83166368007661,18.881772685050958,18.248721480369575,19.10238440036774,17.841721439361585,23.006621122360233,18.685404968261714,21.073558139801026,22.210703873634337,17.12898461818695,19.778657221794127,20.56788976192475,18.86135673522949,24.02152435779571,19.4133639574051,18.926966667175293,19.204878866672523,19.388468074798592,17.775569391250603,19.06806612014772,21.72219061851502,17.652820682525636,18.96938682794571,18.878101301193233,19.45006082057954,19.154588174819942,18.959310269355775,24.01955013275147,16.05384573936463,21.836243271827705,19.289647102355968,19.053146362304688,20.416641068458564,19.742472410202026,20.24951729774476,20.27372064590454,27.783940315246582,18.753832960128786,18.962335991859433,19.6433965921402,19.42604882717132,20.89958062171936,17.15329680442809,18.68073441982269,18.02736783027649,18.150485348701483,17.605843305587772,20.162189674377437,19.454735541343695,18.135607540607452,19.853425693511973,20.80714943408966,19.86580500602722,18.973969626426697,17.800470840930938,19.51963286399842,17.268775391578668,18.047158634662633,18.65814671516419,19.72873098850251,19.80305147171021,22.00501837730408,18.695606207847597,22.74783341884613,18.886181569099435,18.12810473442078,17.90171778202056,24.50855045318604,18.270986568927768,19.345142889022842,20.146477365493773,19.573996186256405,18.114518928527836,16.8649542093277,18.702105104923252,21.21954488754272,19.081231904029856,19.688093638420106,18.76405155658722,19.446247458457943,18.350832414627074,20.095670175552378,20.31518831253052,21.533304667472834,18.816175985336304,18.820492815971377,18.78762583732605,19.125928521156315,19.591128802299497,20.055327630043035,19.57414637804031,19.084712624549873,18.299400281906124,19.04253931045532,19.093841791152958,18.496691632270817,21.378577232360843,16.90667861700058,17.15706865787506,24.938803863525386,22.1607743024826,18.265554857254028,19.45262107849121,19.664626312255866,18.951771104335783,20.829966187477112,20.11381680965424,19.25303497314453,18.14494824409486,19.261615014076238,19.105054306983945,19.251708030700684,19.0664909362793,19.235556817054754,19.89725046157837,19.18603281974793,18.326030898094185,18.688088917732237,17.754215073585517,18.87889444828034,21.867134284973144,20.711040067672727,17.761611175537112,19.632680034637456,19.365693581104285,18.865491724014284,20.41450228691101,19.438862967491154,16.441935873031618,20.101219344139093,18.613118851184844,20.715418148040772,17.836562120914465,18.63669886589051,17.073379850387575,21.47171204090119,18.201710605621336,19.68778803348541,19.08292608261109,19.959690046310424,19.396998143196107,17.794438099861143,20.47953505516053,21.18240120410919,19.89255847930908,19.616145825386052,19.76993911266327,23.04605343341828,16.806706321239474,17.75802206993103
2083,20.373499846458436,22.2110476732254,23.444933891296394,24.479087781906134,21.7003134250641,25.941003847122204,22.309207987785346,20.21116793155671,22.009724783897394,21.040550684928885,21.89725947380066,22.578071928024293,22.161738872528083,21.34127190113068,22.39107449054719,22.792653512954708,21.927102661132807,21.10072381496429,22.592154550552365,21.061554765701295,21.266285681724547,20.942703270912183,24.703413391113276,21.999446034431465,23.711494469642634,23.484013032913218,19.00932104587556,23.23524408340455,22.753053212165845,22.57257926464081,24.70877695083619,21.36372728347779,20.968346643447873,23.18960478305817,21.348617196083076,20.013963794708257,21.1247006893158,23.69785206317902,20.929745864868167,22.694678950309743,22.02511076927184,21.790077209472656,22.744542860984804,20.768872046470644,24.956250715255734,18.452658653259284,24.31079928874971,22.560644650459288,22.822509717941294,22.788397336006174,22.23736631870271,22.626606464385986,22.503110051155097,28.568207406997686,22.060253977775574,21.03728232383729,23.307364344596863,21.405463910102853,24.22661955356599,19.239718127250672,21.582476782798775,20.369900918006895,21.254057765007012,20.462066745758065,22.002671670913692,23.343340754508972,22.02123794555665,22.026879668235786,23.189336872100835,21.973243594169617,21.897754430770874,19.67650940418244,23.918825960159317,20.423002290725716,20.58135640621186,21.66821682453157,23.701920580863955,23.81342265605926,22.642903518676764,22.21701405048371,25.500679755210886,20.885454368591308,21.23626959323883,19.730468344688422,25.481819677352906,21.966402721405025,23.383604812622078,22.16526908874512,23.68082137107849,21.414127159118653,19.8782235622406,22.321916246414194,23.41753492355347,22.46356716156006,21.966093015670776,21.189772939682005,21.563650131225593,20.19973680973054,22.167892980575566,24.31494843959809,24.41233503818512,20.99534473419189,20.699530529975892,21.594754219055183,21.154753971099858,22.100604224205014,22.28933176994323,23.756800031661985,20.952990293502808,20.179560351371766,21.015974187850958,22.829757809638984,21.591519570350652,23.645722055435186,18.82474555969238,19.248068618774422,25.546211719512932,24.672547721862802,21.346078133583074,21.537246918678285,22.363509869575513,22.268342256546028,23.751757049560553,22.3030308008194,22.78866674900055,21.3939175605774,21.085555243492134,22.253063702583315,22.804561829566957,21.36890962123872,21.87468850612641,23.20846312046052,21.356662988662723,21.46217548847199,21.625086331367495,19.98682785034179,22.70932786464692,24.32734141349792,22.863500833511367,21.201952719688418,23.16674997806549,23.4756546497345,22.723415708541875,22.741230869293226,22.57677686214447,18.54386701583863,22.325687623024,21.78385848999024,22.936158394813543,20.951512479782107,20.51834201812744,20.36434805393219,23.174474787712104,20.44700565338135,23.43203032016754,22.735208415985106,24.338744163513187,21.23625495433808,19.682208204269408,22.740764594078065,22.748949861526498,22.463333797454833,21.608288693428033,23.526026463508614,25.808681392669683,18.89903547763825,20.947864365577693
2084,18.47994062900544,19.78568811416626,20.426912713050847,23.801843404769908,19.57667815685273,23.536434984207155,20.09734404087067,18.774332475662227,19.849529480934144,19.410106897354122,20.336503553390507,19.386503267288212,19.25955972671509,19.73858184814454,19.983381009101873,20.520331311225892,18.79670133590698,18.237735271453857,19.3993632555008,19.12748289108277,19.19190986156464,18.365159416198725,23.035462808609022,19.138262915611275,21.422286128997804,22.005454182624817,17.50479221343994,20.28988509178162,20.81917653083801,19.3708886384964,24.021562767028815,19.477323675155642,19.047343516349784,19.769899654388432,20.005500674247752,17.859776949882512,19.455119156837466,21.641333365440374,18.271500945091258,19.47386949062349,19.275171780586255,19.595159602165218,19.651281452178967,19.320025777816774,24.72650990486145,16.57793575525284,22.160421586036687,19.762863469123847,19.530185985565186,21.064369344711302,19.828465056419372,20.974016261100775,20.366082143783576,27.694996929168713,19.19447455406189,19.501803445816034,20.187577104568483,20.070370507240305,21.410757970809943,17.609738087654115,18.970999240875237,18.54434747695923,19.134007501602177,18.512919616699218,20.750581407547003,20.000638771057137,18.66473877429962,19.942425322532667,21.158203387260436,20.050885844230656,19.443948864936825,18.168726706504813,20.162841916084282,17.625818514823916,18.2267941236496,19.6241055727005,20.30340704917908,20.409437775611888,21.923460555076606,19.1483324289322,23.187566423416147,19.309094309806824,18.79390766620636,18.26204271316529,25.25641369819642,18.824719977378845,19.843774056434633,20.459986948966975,20.09381494522096,18.500722599029537,17.216375732421874,19.28034749031067,21.17706871032715,19.52910256385804,19.775350356101995,19.214941978454586,19.519858026504522,18.723837542533875,20.189590740203858,20.899267482757573,21.98741562366485,18.89069182872773,19.18451683521272,19.13014969825746,19.510514616966258,19.674754238128656,20.71752319335938,20.10887353420258,19.45197679996491,18.67501473426819,19.70084042549134,19.664563894271865,19.456400871276855,21.70462172031403,17.299122667312623,17.723616671562194,24.91420764923095,22.53285260200501,18.65436830520631,19.53141872882843,19.75718071460723,19.440420293807982,21.24067952632904,20.750474905967707,19.79118511676788,18.59286947250366,19.60812556743622,19.916702580451975,19.746639585494997,19.66778931617737,19.655861592292784,20.39046006202698,19.265453028678895,19.3254513502121,19.616950821876532,17.84033160209656,19.38238599300384,22.212321019172666,20.939644384384152,18.20276956558228,20.1313668012619,19.88148562908173,19.39353706836701,20.49667150974274,20.40273797512055,16.929402780532833,20.20285413265229,19.604573130607612,20.7894181251526,18.815607523918153,19.124459981918342,17.51280398368835,21.522148108482366,18.27609419822693,20.19924592971802,19.568277812004094,20.593926715850834,19.767410063743597,18.175412797927848,20.559155583381653,21.217466187477108,19.98694045543671,19.675654649734508,20.325974702835083,23.47728214263917,17.253320789337174,18.794452571868906
2085,17.342645478248603,18.82449091672897,20.306111288070678,23.835757470130925,19.674127101898193,22.572030878067018,20.267960715293874,18.653968000411993,18.58487352132797,19.3617413520813,19.152297711372377,19.414264822006224,19.13944108486175,19.900496006011963,20.213158607482903,20.71507596969605,18.720948314666753,18.26160337924957,19.344895672798156,17.8987966299057,19.31912643909455,17.883760428428662,23.166603827476496,19.03150391578675,20.89783530235291,22.537016415596018,17.416828620433808,20.151954054832455,20.216599750518803,19.345020639896394,23.98311138153077,19.66093354225159,19.134326362609862,19.717402386665345,18.90221350193024,17.96822625398636,19.353102302551275,22.1159245967865,17.797442483901985,19.45118696689606,19.218724274635314,19.721659159660337,19.62595062255859,19.258232569694528,23.780901193618774,16.44878334999085,21.473049235343932,19.71611740589142,19.552231121063233,19.91056714057922,20.003047001361853,19.76858196258545,20.51024610996247,27.878829884529114,19.08079099655151,18.920008945465092,20.0433415055275,18.961127626895905,20.93968844413758,17.512488961219795,19.01188342571259,18.511405467987068,17.853864026069644,17.264337265491477,19.69074300527573,19.93747296333313,18.637256479263307,20.0717297077179,20.562459397315987,20.122844171524058,19.387734937667847,18.06175595521928,20.007089817523962,17.671538758277897,18.30585480928421,18.38249747753144,20.19583077430725,20.29076421260834,22.844580888748162,19.172745895385745,22.29063735008241,19.236495351791383,18.19224567413331,18.200398695468913,24.277050423622132,18.732541382312775,19.899882793426517,20.72248656749726,20.129289638996134,18.550397586822513,17.24489185810089,19.10636940002442,21.585591745376586,19.413719868659967,19.93672122955322,19.219707274436956,19.716541647911072,18.60556066036224,20.28741931915284,20.789923429489154,21.48977444171906,19.047747647762304,19.07391119003296,19.09525712728501,19.42748904228211,19.86706817150116,19.574520027637483,20.15558463335037,19.39158344268799,18.552570343017585,18.585553991794587,19.541522407531744,18.20984941720964,21.035913181304934,17.195098853111265,16.9209463596344,24.95034675598144,21.74675500392915,18.561569547653203,19.68755648136139,19.99557312726975,19.377010023593904,20.85512871742249,19.660359311103814,19.65731970071792,18.523294043540957,19.519514036178588,19.0234661102295,19.686429262161262,18.945983469486233,19.58436088562012,20.305667781829833,19.404140925407415,18.035256433486936,18.425561404228212,17.925791978836067,19.409618008136754,21.465483450889593,20.348290395736697,18.213764214515695,20.00955637693405,19.953833723068243,19.38244321346284,20.711278057098394,19.159306883811958,16.668168580532075,20.31131105422974,18.317847430706024,20.99994084835053,17.542463076114654,18.464273858070378,17.46857607364655,21.64396851062775,18.41231234073639,20.089793431758885,19.457920944690702,20.534435057640085,19.67079937458039,18.11024627685547,20.738573503494266,21.323539829254152,20.200766789913175,19.82068209648132,20.221070158481602,22.60244235992431,17.20771186351778,17.486948680877695
2086,19.467213726043703,21.04856486320495,22.819907689094556,25.515759134292598,21.905859327316286,25.98643176555634,22.345953941345222,20.136860394477857,20.93746023178101,20.982367587089545,21.421148109436036,21.20135879516601,21.51936566829682,21.649340772628786,22.457795095443725,22.74329292774201,20.588772439956664,19.884794974327086,21.209636068344125,20.18734781742096,21.26453425884247,19.83885576725006,25.28268606662751,21.33952972888947,23.56953995227814,24.224746727943415,18.91910359859467,22.590988731384282,22.845800685882573,21.147213912010194,25.70761256217957,21.42714092731476,20.94695627689362,21.705714917182924,21.016721487045288,20.141031193733227,20.878610920906066,24.105866074562076,19.664287495613102,21.301755070686333,21.6682382106781,21.75043585300446,21.462400555610664,20.67965297698975,26.12841839790344,18.235829627513894,24.349947953224184,21.467663192749022,21.418977093696594,22.288103771209723,22.14177043437958,22.16233153343201,22.599020385742186,29.883897209167493,21.35086107254029,20.778251409530647,22.467195153236396,21.026960515975965,23.87732238769531,19.10856542587281,21.378800058364874,20.216969490051277,20.177301788330084,19.58734247684479,21.729203271865856,21.902127623558037,20.57881481647491,22.13433845043182,23.2242696762085,21.96217715740205,21.01805694103242,19.572713589668272,22.502068901062007,19.22792909145356,20.53846740722657,20.648576021194465,22.56273646354676,23.035388755798344,23.687447285652162,20.89049172401429,25.560570621490484,20.78912632465363,20.133808660507206,19.66879208087921,26.684470367431647,20.563791584968573,21.914482450485224,22.398776841163645,22.15663030147553,20.20741732120513,18.76556601524353,21.662860441207876,23.66696989536285,21.82534215450287,21.99793360233307,21.074474477767943,21.644679522514345,20.114346289634717,22.303491306304938,23.562917280197144,24.17315993309021,21.103626656532285,20.580810689926153,21.206424450874334,20.926153421401985,22.17572889328003,21.866500234603883,22.193246674537665,20.846399426460266,20.061567783355706,20.66456029415131,22.1717696428299,20.51292748451234,23.765253233909608,18.699283432960506,18.93482072353363,26.61247205734252,24.740931200981144,20.696998691558843,21.670078611373906,22.409661865234384,21.14427647590638,23.627527594566338,21.856883025169374,22.136688971519472,20.91327724456788,20.98415615558624,21.19545669555665,21.47166204452514,20.866078066825867,21.17376201152802,22.592759394645686,21.414823198318484,20.403984308242794,20.650196981430053,20.123210430145267,21.28045349121094,24.392958450317387,22.947339320182806,19.900096797943124,22.493020677566534,21.960238265991215,21.234260535240175,22.772103738784786,21.523822903633118,18.326328730583192,22.469662928581247,20.685871338844294,22.965805983543397,19.879080224037185,20.30643761157989,19.09707164764405,23.525164437294013,20.57736186981201,22.73981292247772,22.04916830062867,22.71323139667511,21.133427095413218,19.599498248100282,22.794366621971133,23.241919541358953,22.483152580261237,21.82602388858796,22.843055009841933,25.852875328063977,18.75525062084197,19.882590746879583
2087,19.694234895706167,21.282151889801025,22.937522244453426,25.73610038757325,22.26479122638703,26.273816061019907,22.891978168487547,21.37094111442566,21.02928230762482,22.28197576999664,22.176299452781684,21.907619524002076,21.66699030399323,23.028935408592226,23.080784511566172,23.426092028617852,21.246859693527217,20.622537279129034,21.84193196296693,20.364401733875276,21.799239349365234,20.604909276962285,25.743445062637328,21.504047274589542,23.729657578468327,24.47914485931396,20.235868275165558,22.791684126853948,22.947943878173838,21.827947425842286,25.91970400810242,22.00256779193878,21.573274135589607,22.436995077133187,21.558156657218937,20.47980649471284,22.035424399375916,24.906358671188354,20.364872145652775,22.016495132446288,21.838989043235784,22.502664184570325,22.141644883155827,21.998610377311707,26.17409067153931,19.975362414121633,24.78146555423737,22.03012130260468,22.147583651542675,23.072540593147288,22.890159440040595,22.91944427490235,23.127945375442504,30.328769683837898,21.646202230453497,21.90244193077088,22.748985576629643,21.715447378158565,24.158158397674562,20.643462097644807,21.63936080932618,21.993925404548644,20.235209786891936,19.7723003268242,22.222668170928962,22.610958623886106,21.337898492813117,22.591072440147403,23.292151165008544,22.736067199707044,21.888569295406334,20.84199423789978,23.092185640335085,20.04002721309662,20.81340398788452,20.80555093288422,23.015286493301392,23.292330074310307,24.049274539947508,21.61599946022033,25.86364936828614,22.232949328422556,20.631830477714537,20.96040377616883,26.729402160644533,21.201444566249847,22.741133499145512,23.976201128959662,22.966513562202454,20.963605403900154,19.537327146530153,21.733730506896972,24.417141747474677,22.034934282302864,22.493134641647337,22.63331553936005,22.22800421714784,21.3285959482193,22.72559502124787,23.796491336822513,24.41204087734223,21.53567924499512,21.827622056007392,21.54182641506195,22.088128972053532,22.708731508255006,22.59922828674316,23.007016110420224,22.23174240589143,21.312057030200965,21.230138802528383,22.31409380435944,20.583390486240383,23.94163806438447,20.06177283525467,19.826897859573357,26.82799549102782,24.97310342788696,20.968399143218996,22.177721977233894,23.174038672447207,21.900680458545686,23.854052066802982,22.61056969165802,22.294021606445312,21.08139700889587,22.137300229072572,21.48083653450012,22.072564125061035,21.45872535705567,22.052832674980166,22.796299386024476,21.853714776039123,20.45108990669251,20.83367002010346,20.411077702045443,22.022161602973938,24.67334415912628,23.01135730743409,20.691620635986332,22.67449169158936,22.791428780555727,21.94329611063004,23.409452152252197,21.63287423849106,19.75045132637024,22.959946727752698,20.77077963352204,23.547058892250064,19.92009788751603,21.10556662082673,19.825919151306156,23.976445794105533,20.939789426326747,22.935077929496778,22.274261403083806,23.485594618320466,22.32847054004669,20.989917480945593,23.312865281105047,23.638685941696167,23.153962123394013,22.272238922119143,23.03549940586091,26.243850088119512,20.378065598011016,20.08262816667557
2088,19.320700502395628,20.724156069755562,21.754561161994936,24.716329479217535,21.453843235969543,24.56285791397095,22.01014168262481,20.722818326950073,20.60129585266114,21.517258787155175,22.726852226257325,20.916168689727783,20.508425688743593,22.076408886909483,22.150329780578613,22.552003693580637,20.329697608947754,19.63534679412842,20.886248159408577,20.191808366775515,20.98493461608887,19.47497863769532,24.727936816215514,20.365573000907897,22.323655343055727,23.784480452537547,19.528457093238835,21.64300653934479,21.541540241241453,20.88636162281037,24.873735237121586,21.17546851634979,20.81748895645142,21.421272158622745,21.998706674575807,19.708385634422292,21.312674140930177,23.88299088478088,19.5516699552536,21.00339508056641,20.84769558906556,21.571276187896732,21.202199506759648,21.340853500366208,24.084469938278197,19.05562121868133,23.090312886238095,21.210794401168833,21.17339618206024,23.67898626327515,21.91469514369965,23.53707077503205,22.307249259948733,29.017375564575207,20.471427035331725,21.764686131477365,21.57219755649566,22.203289794921883,22.698765206336976,19.82160985469819,20.691809463500984,21.054567623138432,19.86259058713913,19.597076690196996,22.658522605895996,21.635949397087106,20.322746181488036,21.803641176223756,21.746489453315736,21.926479864120488,21.09478189945221,20.144823646545408,21.92759370803833,19.04253842830658,19.971174669265743,20.416346406936654,21.888723778724685,22.041107630729684,23.80496201515198,20.596080946922307,24.148460674285882,21.460024619102473,19.929110002517696,20.30014233589172,24.578919124603267,20.36142840385437,21.670117425918583,22.995952248573307,21.922270274162297,19.992966985702513,18.55858619213105,20.65962247848511,23.451975321769712,20.78642518520356,21.6470209121704,21.692622971534735,21.36264462471009,20.641550779342662,21.966572093963613,22.509471082687384,23.081929636001586,20.750560688972467,21.102104496955874,20.64243161678315,21.392541694641114,21.828897190093993,23.16673727035522,21.97202761173249,21.512059855461136,20.586267423629764,21.646519780159004,21.142565870285033,20.15651166439057,22.50570611953736,19.337463355064394,19.91405062675477,25.794610309600824,23.39598426818848,19.84315700531006,21.337235522270202,22.13640913963318,21.014339613914494,22.478797268867492,23.149643349647533,21.148395133018504,20.049976396560677,21.488414931297307,20.894010186195384,21.19486877918244,21.250286436080934,21.29628086090088,21.770938515663147,21.081759643554687,20.075158309936526,20.42033758163453,19.646502089500437,21.057920479774474,23.07991454601288,21.624223375320433,19.642708539962776,21.443549656867983,21.734021544456493,21.010066533088693,22.58173558712007,21.15194027423858,19.141089606285096,22.1292718410492,20.355397391319276,22.7422800064087,19.539456140995025,21.044214010238644,18.880977201461796,23.108203983306897,20.151283121109014,21.641901898384095,20.977612686157226,22.455645489692692,21.643888473510742,20.234153795242314,22.50011081695557,22.738735890388494,22.23411521911621,21.456741237640387,21.838420605659486,24.47228934764862,19.511942172050475,19.711247944831854
2089,19.052495908737185,20.37365244626999,20.827603387832646,23.247822976112367,19.2223940372467,23.818068838119505,19.763204383850102,18.521567237377177,20.345153117179873,19.20340996980667,18.949825453758244,20.315076851844786,19.66645736694337,19.298977243900303,19.6906376004219,20.17578890323639,19.694595253467572,19.068981623649606,20.25681835412979,19.078300833702084,18.828241407871253,19.45985107421875,22.55211048126221,19.558862996101386,21.730078625679027,21.33554730415344,17.272743463516242,20.7248254776001,21.093231749534613,20.231966280937193,23.52858700752259,19.305667805671696,18.686954247951505,20.74700000286102,18.698975491523743,17.452084600925446,19.315895414352422,21.089279317855834,19.102115750312812,20.362656235694892,19.389944517612467,19.275594544410712,20.512670087814335,19.125320720672605,24.742386388778687,16.311459940671927,22.47021496295929,20.471447992324833,20.54201054573059,19.70394203662872,19.4690393447876,19.549851393699647,20.016892921924597,27.00819997787476,19.602311325073245,18.79387140274048,20.67920858860017,18.742045509815227,21.80199632644653,17.397154283523562,18.963172233104718,18.438446807861332,19.59254107475281,18.501006078720096,19.475288057327273,20.95618300437927,19.676335263252263,19.57945551872253,21.567924141883854,19.757860159873967,19.85693544149399,17.91594346761704,21.124595260620115,18.485660886764528,18.016877424716952,20.139621043205267,21.064719402790068,20.912899613380432,20.685287427902228,19.993356823921197,23.460651969909666,19.11406267881394,19.521359896659842,18.046132457256313,25.298087882995603,19.716053366661072,20.95897924900055,20.17452912330628,21.207063412666322,19.4181700706482,18.019956541061408,19.66955097913743,20.712611627578738,19.931353354454053,19.433568310737616,19.047111582756035,19.275246143341068,18.466150629520417,19.830631089210513,21.41593782901764,22.31234064102173,18.51690388917923,18.933211445808418,19.166470718383792,19.39791997671128,19.32522459030152,19.379443120956427,21.24622361660004,19.25721147060395,18.42578631639482,18.513608586788163,20.121109390258788,19.90572332143784,21.971853494644176,17.058298683166505,16.750550317764276,24.338890123367303,22.798966217041027,19.042475819587715,19.26040439605714,19.436926019191745,20.051886188983914,21.50032019615174,19.470353531837468,20.186029434204105,18.839950084686286,19.355484199523925,20.550697326660167,20.57184771299363,19.30290682315827,19.95318603515625,20.815919280052192,18.901850998401642,19.79729384183884,20.152087593078612,17.415522670745855,20.384912240505223,22.498966455459602,21.18535382747651,19.051194334030157,20.541551220417023,21.012467038631446,20.341782248020174,20.166295289993293,20.906094360351567,16.53060042858124,19.8633984208107,20.101502120494846,20.466911935806284,19.261085605621346,18.29602968692779,18.32189021110535,21.14485409259797,17.8793292760849,20.669190108776093,20.026208400726325,21.700577962398533,19.503502082824703,17.967094266414644,20.221958005428313,20.791412210464483,19.615881216526027,19.303051412105557,20.79950761795044,23.78100216388703,17.141385769844064,19.44644701480866
2090,19.05311048030854,20.59217772483826,21.47907593250275,24.257406687736516,21.002550172805783,24.21122903823853,21.54646341800691,20.14479690790177,20.362790143489843,20.925347363948823,21.03755350112915,21.09065461158753,20.259624135494224,21.495136594772337,21.639855527877813,22.020500850677493,20.529251396656036,19.829273104667664,21.082577574253087,19.664992082118992,20.536514997482296,19.954636740684514,24.195129728317262,20.132646846771237,22.092472386360175,23.534411573410033,18.93802790641785,21.34769350290299,21.356220173835766,21.026185274124142,24.435331010818484,20.78522427082062,20.32708398103714,21.617964959144597,20.577280688285835,19.25938142538071,20.841625165939327,23.475057601928718,19.542307066917417,21.186483848094944,20.45786933898926,21.070821464061744,21.300990152359017,20.757947850227353,24.605713367462165,18.301779311895373,22.875343036651618,21.22589995861054,21.369338047504435,21.940637063980102,21.36463747024536,21.74111545085907,21.79400401115417,28.37562472820282,20.203151822090156,20.589737772941596,21.36518192291259,20.703691840171814,22.35985097885132,19.152338504791267,20.28557306528091,20.34287014007568,19.624658632278443,19.048968756198885,21.35219852924347,21.82818537950516,20.549214947223657,21.315063452720647,21.79458811283112,21.448068165779112,20.959613192081456,19.577111613750454,22.09367480278015,19.259437513351436,19.547864806652065,20.15118527412415,21.881829547882084,21.643530404567723,23.090171432495115,20.76412916183472,23.82480731010438,20.83010774850846,19.88042209148407,19.712467312812812,25.12532882690429,20.465547847747796,21.90342648029327,22.3759369134903,22.133755373954774,20.225686597824097,18.77866382598877,20.289022004604334,22.956499576568607,20.560289502143863,21.20513031482697,21.016372728347783,20.926102066040045,20.093515884876254,21.49195563793183,22.14901257753372,22.762966418266302,20.28882374763489,20.564514744281773,20.217947435379024,20.929744267463683,21.29791156053543,21.42517931461335,22.162192022800454,20.921643483638768,20.035655391216277,20.307479429244992,20.804862987995143,19.939773762226103,22.28748662471772,18.72508784532547,18.61695671081543,25.336039853096004,23.1093564271927,19.609885025024422,20.89221777915955,21.547608518600462,21.024318420887,22.140946030616757,21.49439547061921,20.84326727390289,19.693408524990083,20.924469661712653,20.77739598751069,21.329634606838237,20.580640149116526,21.093201327323914,21.448088383674623,20.617034816741945,19.8364194869995,20.164717292785646,19.214551258087162,21.224561369419096,22.812140130996703,21.431736326217656,19.83724575042725,21.19012211561203,21.94486805200578,21.146813786029814,22.038088583946237,20.93681745529175,18.305827808380126,21.633163547515867,20.113219714164735,22.255355906486525,19.314889347553255,20.027170586586006,19.068075382709505,22.637925314903267,19.70404504537583,21.367467653751376,20.724401521682736,22.665849184989934,21.10186421871187,19.6376682639122,22.008219408988964,22.255868148803717,21.649881768226624,20.983877372741702,21.49489456415177,24.174135541915902,18.852990138530732,19.453296756744386
2091,19.049887800216673,20.781431102752684,22.498984313011174,25.256340956687932,21.455788826942445,25.612392449378973,22.073822927474982,20.206150674819956,20.579701519012453,21.02568202018738,21.294522070884717,21.16021008491516,21.309889698028563,21.536639189720155,22.172108221054078,22.5857201576233,20.527041602134698,19.81323728561402,21.153872871398924,19.936165809631344,21.06719164848328,19.811028838157647,24.96565885543824,21.160521841049196,23.272992753982546,23.81763401031495,19.03905940055848,22.384891176223768,22.50819380283356,21.157417678833017,25.454846119880678,21.26880745887757,20.81294853687286,21.65834374427796,20.828841710090654,19.733834552764897,20.97064137458802,23.91118512153626,19.47174746990205,21.25739479064942,21.313692235946654,21.598592472076422,21.392818498611454,20.80104849338532,25.9388102531433,18.430214643478394,24.11408789157867,21.401213026046754,21.354839181900036,22.153542637825016,22.014330959320073,22.03223240375519,22.28544354438781,29.70779123306275,21.222084951400753,20.7522477388382,22.26053555011749,20.89238815307618,23.560720801353455,19.22847976684571,21.005373930931096,20.36321917772293,19.897819423675543,19.29639708995819,21.52731976509095,21.843220710754395,20.499492597579955,21.801383733749397,22.92183492183685,21.830309915542607,21.081455659866336,19.68187623023987,22.33383803367615,19.150357151031496,20.143585300445555,20.296573972702028,22.380131125450134,22.783350872993466,23.145053744316108,20.85820996761323,25.18870177268983,20.886507415771483,19.84543092250824,19.774852371215825,26.490014362335206,20.577501392364503,21.796102333068845,22.371503639221192,22.07357742786408,20.095196914672858,18.674569153785708,21.38658754825592,23.457077693939205,21.590274977684025,21.71969180107116,21.157608413696284,21.43019554615021,20.196935105323796,21.956630682945253,23.28413438796997,23.893052911758417,20.767583990097048,20.668055510520936,21.031138777732842,21.018347358703615,21.825725269317633,21.735031294822686,22.137458753585822,20.969159460067754,20.149902296066283,20.4965001821518,21.86913712024689,20.214028000831615,23.434757637977604,18.854459857940675,18.87221121788025,26.340721201896656,24.390655016899117,20.577716851234438,21.38697965145111,22.13088331222535,21.1343068599701,23.287210774421688,21.738137626647948,21.856229543685913,20.602789759635932,21.041564249992383,20.826464366912848,21.444329667091374,20.764894223213194,21.206791186332698,22.394754433631896,21.12194607257843,20.07716951370239,20.242601132392892,19.691708588600157,21.2436039686203,24.063789558410637,22.61873717308045,19.836978721618657,22.22252025604248,21.872998285293587,21.2641218662262,22.53448426723481,21.115058851242075,18.459442210197455,22.113878798484805,20.35539722442627,22.737210011482247,19.593134331703187,20.226172566413883,19.083100509643565,23.29652988910676,20.177500247955322,22.46549625396729,21.79359102249145,22.657995414733897,21.222467780113217,19.678941154479983,22.502752423286438,22.96323251724244,22.206374573707592,21.518545079231266,22.570992231369026,25.528700184822092,18.9015144109726,19.45922071933746
2092,20.479140019416814,22.331549334526066,24.340654301643372,25.356664752960214,23.65360753536226,27.199309468269348,24.0981431722641,22.39833710193634,21.96494550704956,23.5026715517044,23.328157329559318,23.277163553237916,23.010324692726137,24.07003383636475,24.404800295829773,24.583904504776008,22.701043760776532,21.92583212852478,23.25132898092271,21.31486777067184,22.876977396011352,21.74262726306916,26.43392367362976,22.84274461269378,24.66581702232361,25.08680403232575,21.329501140117657,24.265606665611273,23.66002435684205,23.190222668647756,25.565336251258856,23.20217618942261,22.568605542182922,23.974353599548348,22.551595258712773,21.660930478572844,23.030903291702277,25.840562677383428,21.447379684448244,23.449938702583317,23.334333693981172,23.703193354606633,23.563349890708917,23.06965935230256,26.01522603034973,21.31339789628983,25.691903209686274,23.320836281776433,23.599418616294862,24.209126710891734,24.13780946731568,24.127058124542238,24.457565665245056,29.797395133972174,22.986413002014167,23.06555755138398,24.181194818019872,22.73651032447815,25.589030289649976,21.87270305156708,23.147384274005898,23.285289025306703,21.15754935741424,20.72622976303102,23.15125823020935,24.1645069360733,22.865108370780952,23.923694109916685,24.045205140113836,23.88496615886688,23.084074592590337,21.857798254489907,24.880234229564667,21.304425096511842,22.110657370090486,21.661032927036285,24.617615664005285,25.07419677972794,24.348617601394658,22.957056164741516,26.840669226646423,23.437654590606705,21.64860882759094,22.073627567291258,26.56518664360046,22.604962635040284,24.389165616035456,25.053589034080513,24.599960947036745,22.28212895393372,20.796107459068303,23.30072219371796,25.504240846633913,23.432971954345696,23.68106007575989,24.000864303112035,23.468774795532234,22.345528340339673,24.06606097221374,25.531014430522923,25.582843923568724,22.837475872039786,22.812126755714424,22.672647011280066,23.068710708618163,24.09811515808106,23.748055672645563,24.662465739250205,23.356916141510016,22.300127840042116,22.207219314575195,24.048326075077064,21.49532396793368,24.68574688434601,21.149608695507048,20.955615222454078,26.40946450233459,25.840084528923047,22.235576558113102,23.463593912124633,24.748453509807586,23.1751404285431,25.05784125328064,23.71030552387237,23.698929071426377,22.475957739353177,23.13380644321441,22.48243806362151,23.41877727508545,22.438612794876104,23.202669715881353,24.274669909477232,23.06768019199372,21.374702513217922,21.662299323081974,21.600554060935977,23.521527218818683,25.577158689498898,23.6554675102234,22.05794222354888,24.097289705276488,24.44647319316865,23.38496869802475,24.646365261077882,22.542367172241214,20.95298124551774,24.352267527580263,21.72124291658401,24.66545770168305,20.844568002223973,22.099909663200386,21.148643636703483,24.812596821784975,22.206014251708986,24.46677445173265,23.739054179191598,25.20162225961685,23.276662635803234,22.173410868644723,24.540259408950817,24.24638521671295,24.508005607128148,23.378781270980838,24.71700068712235,27.252467274665833,21.571583867073052,21.037682819366456
2093,19.74419202804566,21.489857792854316,23.410458636283874,25.09677233695984,22.83642482757569,25.57329733371735,23.46085948944092,21.037770247459413,21.164731240272534,21.95525922775268,21.469480967521655,22.196464204788207,22.148687291145333,22.203801441192628,23.695065903663636,23.96727886199951,21.60259416103363,20.785276150703424,22.239954924583436,20.33660569190979,22.360755848884576,20.631639933586115,25.756789636611938,22.001478314399716,23.461130905151375,24.438448071479797,19.864504909515382,23.246352910995487,22.417202353477485,22.211100029945378,25.234925985336307,22.503440546989445,22.003236484527594,22.80990781784058,20.965583539009096,21.093864226341246,21.845242047309874,24.95877420902253,20.469511103630076,22.310173487663274,22.399592638015744,22.94979953765869,22.42152609825134,21.604404854774483,24.807462596893316,19.468018031120305,23.976953077316285,22.334147143363946,22.493444395065307,22.426263284683227,23.461207222938533,22.239358592033394,23.632715439796446,29.484935903549207,22.107343792915344,21.272315788269065,23.22020373344423,21.018526315689098,24.099813532829284,20.15479669570923,22.170053863525396,21.395564222335814,20.392903649806986,19.674649226665498,21.667055130004886,22.99971947669983,21.659255409240735,23.080596899986283,22.90994510650636,22.996948266029367,22.03122487068176,20.531644511222844,23.643360638618475,20.144529032707226,21.34794600009918,20.90162584781647,23.499795889854433,23.86879582405091,23.062421989440914,21.818211388587958,25.124944400787346,21.780305361747747,20.72671732902527,20.562280106544495,25.332179594039914,21.572134065628056,22.987828946113577,23.10069372653961,23.284571456909184,21.125544428825386,19.620091700553893,22.318493199348453,24.728517484664923,22.450891923904422,23.079032206535338,22.262299036979677,22.74746887683869,21.031931614875795,23.170178651809696,24.347305464744583,24.26840870380402,22.05653226375579,21.538227987289428,22.100174140930175,21.887468910217287,23.323673915863036,21.929105329513554,23.357815718650826,21.81067147254944,21.008750367164605,20.625494670867926,22.85696675777435,20.757076346874236,23.308733391761784,19.691905641555785,19.274740028381345,26.151197957992544,24.349386930465705,21.38059244155884,22.679672598838813,23.818493175506585,22.176890611648567,23.72576820850373,21.92926216125489,22.784064888954155,21.59100298881532,21.901993179321288,21.589199590682977,22.467227053642272,21.27492454051972,22.092241406440742,23.26891098022461,22.359002089500425,20.5908061504364,20.901183176040654,21.023988890647892,22.32539324760438,24.009532260894773,22.519623780250544,20.86059753894806,23.126494145393377,23.058649373054504,22.346031928062448,23.946883916854855,21.756300687789924,19.248493123054505,23.49683992862702,20.91877371072769,24.08006801605225,20.068738651275645,20.672148966789248,20.069883990287785,24.133575320243843,21.517139005661015,23.421610689163224,22.754807567596437,23.948697614669804,22.06722350120544,20.526546263694765,23.857451367378236,23.652163267135627,23.734046554565435,22.6376455783844,23.564304733276373,25.469751882553112,19.82499155998231,20.21464295387268
2094,19.315433526039133,20.8147136926651,21.871781873703007,25.287977409362803,20.550459837913518,25.568525409698488,20.970939731597895,19.609253549575804,20.7768429517746,20.277672863006593,21.617603373527533,20.69426050186157,20.60819389820099,20.962679457664496,20.99408853054047,21.45170185565949,20.06636803150177,19.3662683725357,20.746379756927485,20.2021420955658,20.042701601982117,19.592418217659002,24.40742819309235,20.431449747085576,22.997795987129212,23.346728920936577,18.341309976577758,21.716829514503484,22.417259359359743,20.67821650505067,25.474683237075812,20.24079368114472,19.864311051368713,21.1841008901596,21.162432050704957,18.800037479400633,20.31743371486664,22.97134261131287,19.276649856567374,20.79627530574799,20.60534725189209,20.491806817054744,20.999314761161816,20.149615621566774,25.866631412506102,17.498817884922026,23.916010713577272,21.00703551769256,20.921728134155273,22.64306600093842,20.802726268768314,22.539566636085517,21.280698633193975,29.780561637878428,20.40962715148926,20.600567245483404,21.60699009895324,21.27309880256654,23.171088576316837,18.445976042747503,20.2289635181427,19.439552831649785,20.02485547065735,19.53709950447083,21.955198478698737,21.437038636207586,19.994120144844057,20.850784993171693,22.682961606979372,20.88266663551331,20.49957094192505,18.998194169998172,21.81509041786194,18.686216187477115,19.296333670616157,20.51635820865632,21.813544321060185,22.03929331302644,23.7223967552185,20.375548553466793,25.140927910804752,20.15844585895539,19.797529625892647,19.11524724960327,26.42171754837036,20.087627863883977,21.28833582401276,21.70385437011719,21.578392863273628,19.660418701171878,18.232619976997377,20.762264966964718,22.39577486515045,20.87716679573059,20.657503056526185,20.17861912250519,20.361653566360477,19.545639657974252,21.07869756221772,22.54333193302154,23.58327205181122,19.827640604972846,19.99903795719148,20.253666639328003,20.35033664703369,20.71601202487946,22.217297077178948,21.61687250137329,20.28611848354339,19.46680591106415,20.949000263214106,21.244420647621162,20.373943519592284,23.344597864151005,18.116411638259883,18.818860411643985,26.403850984573353,24.327220106124884,19.794181227684025,20.376429414749147,20.829263734817506,20.68005874156952,22.93107001781464,22.180457854270955,21.22139148712158,19.917545270919806,20.4139966249466,20.934635591506954,21.060364103317262,20.696058416366586,20.71619415283203,21.762542510032652,20.16405100822449,20.231761288642893,20.507473015785223,18.796234488487254,20.724178528785707,23.97805609703064,22.50730676651002,19.356868052482607,21.537915182113654,21.336745142936707,20.736999583244327,21.46365828514099,21.353979063034057,17.836929154396053,21.14636435508729,20.52852339744569,21.725410223007202,19.725693011283884,20.113282561302185,18.58205041885377,22.59737808704376,19.22776064872742,21.75669848918914,21.04302270412445,22.208443689346314,20.58558073043823,19.02257227897644,21.46397631168366,22.41497642993927,21.02157063484193,20.68751723766328,21.8942057132721,25.431531977653513,18.044469547271728,19.775645852088928
2095,20.696166753768928,22.30416717529297,24.220417952537538,25.836390590667726,23.897897481918346,27.0374614238739,24.29329762458801,22.299219679832465,22.06008274555206,23.34452195167542,23.619665360450746,22.828040051460263,22.92484619617462,24.154091167449955,24.68344292640686,24.755001544952403,22.29704337120056,21.502760362625118,22.782708120346072,21.44344966411591,23.03108897209168,21.4724613904953,26.791712546348577,22.76399426460267,24.573151993751537,25.638707208633427,21.21093704700469,24.14545171260834,23.58767926692962,22.76228172779084,26.005188322067266,23.319235587120062,22.674536442756658,23.504237174987797,22.76268248558045,21.912537550926206,22.946350717544554,26.20350828170777,21.41976809501649,22.952752423286444,23.304291987419127,23.796055889129647,23.084146046638487,22.931493973732,25.82871780395508,21.15029567480088,25.46176538467407,22.898187375068662,23.19886634349823,24.645704627037055,24.22673637866975,24.56127674579621,24.64152364730835,30.4399736404419,22.905571126937865,23.132847905158986,23.96447451114655,22.980229997634893,25.38995249271393,21.693118071556093,23.19668703079224,23.13584620952606,21.26966242790222,20.850588524341582,23.372679686546327,23.6591944217682,22.488212132453917,24.075548386573793,23.933551359176636,23.931191587448122,22.80666089057923,21.795210647583012,24.466052627563478,20.983414649963382,22.23798205852509,21.814084053039558,24.275233364105233,24.923394632339477,24.74257385730744,22.46393926143646,26.617084670066838,23.27504620552063,21.601842546463015,21.93488829135895,26.37734560966492,22.2176393032074,23.925092816352848,25.135851168632506,24.13867368698121,21.94498801231385,20.43208868503571,23.13441934585571,25.829363584518433,23.318234443664547,23.884736800193792,23.870849990844725,23.641984176635752,22.256356763839715,24.195905566215508,25.406887865066544,25.420682978630065,22.98838951587677,22.758663606643683,22.70656895637513,22.967941212654114,24.372563004493717,24.13799331188202,24.19401700496674,23.21193158626556,22.20159349441529,22.4554113149643,23.875344395637512,21.584583139419557,24.600162744522102,21.024015283584596,21.081716561317453,26.88824000358581,25.67994072437287,22.155802750587462,23.624788308143614,24.935371017456056,22.817892718315132,24.983107423782357,24.065768003463745,23.570326375961308,22.39613077640534,23.046266889572138,22.478533196449284,22.938055920600892,22.475798702240002,22.896890830993645,24.1320969581604,23.22441139221192,21.488966298103325,21.82403435707092,21.86449847221375,23.08044517040253,25.37464067935943,23.625531601905827,21.611180853843695,23.9637995004654,23.971564292907715,22.967154490947724,24.882052302360528,22.6275366306305,20.841182875633248,24.549159693717964,21.825079822540282,24.927276182174698,20.938512599468236,22.152419519424438,20.781614184379585,25.029800534248352,22.42376568317414,24.367553019523633,23.701785302162165,24.678084957599633,23.212482023239147,22.005769848823554,24.74667701721192,24.550889706611635,24.74462223052979,23.596403145790106,24.573963809013378,27.011168980598462,21.395432615280157,21.276916337013244
2096,19.194034695625312,20.829952704906464,22.87550828456879,24.984431862831123,22.157396149635318,25.917527890205378,22.741987013816832,20.94290893077851,20.584072303771972,21.845668625831607,22.31703951358795,21.45363864898682,21.5917085647583,22.53536472320557,22.916143941879277,23.24839420318604,20.81824568510056,20.143811058998114,21.428766989707952,20.144039809703834,21.607591223716746,20.216159224510193,25.28800859451294,21.427034664154053,23.478110694885252,24.224100303649898,19.784557008743285,22.660390806198123,22.647466373443613,21.429596817493444,25.188364434242246,21.81721670627595,21.36243016719818,21.968136644363405,21.649941110610968,20.36162661314011,21.62477499246597,24.525248837471008,19.803083372116088,21.554762125015266,21.730611205101017,22.278288841247566,21.692500984668733,21.55228011608124,25.710063028335565,19.446805691719067,24.338648295402532,21.672451698780062,21.68496752977372,23.328005266189574,22.694784784317022,23.19637427330017,22.987561321258546,29.325830101966865,21.58124275207519,21.766385245323185,22.589907288551334,21.832776665687575,23.899338984489443,20.14977219104767,21.51245976686478,21.46229128837586,19.843484878540046,19.5162526011467,22.370177721977253,22.134517323970798,20.860319995880133,22.458550620079045,23.015204429626472,22.4821321964264,21.49865832328797,20.405891478061676,22.662639522552496,19.547003746032715,20.70046082735062,20.35345939397813,22.719894850254065,23.153108990192415,23.978145623207094,21.15394076108933,25.492167925834664,21.764038443565376,20.10574860572815,20.51064250469209,26.261878776550294,20.815765047073366,22.22144005298615,23.44625058174133,22.465348863601676,20.498218393325814,19.037804388999945,21.654042351245884,24.131191539764398,21.931062817573558,22.344441509246828,22.18293672800064,22.04591658115387,20.916919863224035,22.59652733802796,23.661030006408698,24.14854152202607,21.398974561691283,21.381416940689085,21.410328757762915,21.662307429313664,22.58863362073898,22.855292749404903,22.509524989128117,21.751941859722145,20.8601583480835,21.365079426765455,22.187550222873693,20.156834495067596,23.594618797302246,19.605866408348085,19.75069389343262,26.060574221611017,24.63288049697878,20.913454079627996,22.01825459003448,22.964470183849336,21.49165887832641,23.558421134948738,22.82693729400635,22.19952585697174,20.98769092559815,21.753006720542906,20.988814115524292,21.67753431797027,21.26790945529938,21.66105237007141,22.679986166954038,21.725592565536505,20.05104308128356,20.344627785682682,20.30989670753479,21.57268930673599,24.30676403045654,22.718633556365972,20.181880903244018,22.580366826057446,22.28351603746414,21.531229388713843,23.24697005748749,21.137793254852298,19.36347571611405,22.82101058959961,20.338482081890106,23.39773154258728,19.53593133687973,20.97466106414794,19.389949619770054,23.65497691631318,20.81995480060577,22.825205492973335,22.18701882362366,22.995575070381175,21.91953741312027,20.489894652366644,23.172534966468817,23.224760389328004,22.992630600929264,22.05407631397248,22.906230616569527,25.84290947914124,19.868670415878302,19.589980125427246
2097,18.198845863342278,19.864391350746153,21.270341229438777,24.77486567497253,20.316819071769725,24.732969450950627,20.81811103820801,18.569345855712886,19.68004014492036,19.266375660896294,19.568712449073793,20.127766418457032,20.114605545997627,19.45394504070283,20.72377941608429,21.263236904144293,19.517612504959107,18.916311645507815,20.09764459133148,18.80095772743225,19.8888487815857,18.70743021965027,23.956651687622077,19.97236499786377,22.433205771446232,22.44511201381684,17.342929244041446,21.100948047637946,21.871241497993477,20.087809133529657,24.952493381500243,20.10765972137451,19.652022624015807,20.53385074138641,19.382005810737617,18.608287906646733,19.406139588356023,22.18986921310424,18.568387627601624,20.22124202251434,20.065515446662907,20.24250922203064,20.259629893302918,19.088914108276363,25.2630973815918,16.387502467632288,23.19832975864411,20.321625351905823,20.241780996322625,20.15183405876159,20.6752641916275,20.04686200618744,21.06452705860139,28.993121480941777,20.046712207794194,18.960479283332823,21.02796752452851,19.344783043861394,22.400475406646727,17.37845969200135,19.732929515838627,18.22212653160095,18.98797314167023,18.201448059082033,20.10242266654968,20.671774005889898,19.430872559547424,20.646831512451175,22.13151230812073,20.474849438667295,19.803830361366266,18.022636055946347,21.056509613990784,18.264778351783757,18.9747659444809,19.38346858024598,21.120230555534366,21.276680994033818,21.583116984367372,19.91316759586335,24.36639208793641,19.049888586997987,18.96475973129273,18.065247774124146,25.808713102340697,19.522961926460276,20.613140511512757,20.0976241350174,20.865972304344183,19.130310153961194,17.847411799430844,20.09609141349792,21.84726135730744,20.397731900215152,20.486326766014095,19.11475617885589,20.181722450256352,18.573722481727607,20.879857826232914,21.79348332881927,22.898013138771052,19.609208893775946,19.0468290090561,19.84156155586242,19.46117310523987,20.46681709289551,19.808125114440916,20.915304422378547,19.214618992805487,18.563094139099114,18.978048682212837,20.479562735557558,19.329549527168286,22.694532394409187,17.152795016765598,17.22128331661225,25.893804073333733,23.637563157081605,19.47770233154298,20.21942682266236,20.560183000564585,19.93658106327057,22.21402585506439,19.893264508247373,20.582386851310723,19.33457443714143,19.51835696697235,19.90497753620148,20.406770491600035,19.43897123336792,19.914939045906078,21.109109520912167,19.99499974250793,19.163732624053967,19.359486150741567,18.59131557941437,20.15362730026246,23.307815122604374,21.983785724639905,18.927548575401307,20.991209745407115,20.687392282485963,20.15511558055878,21.173578262329105,20.236037254333496,16.663307762145998,20.921699380874642,19.448820734024046,21.43116912841797,18.666650438308714,18.756045889854438,18.234243392944343,22.329389786720267,19.01387791633606,21.110742163658138,20.472734212875366,21.33249268531799,19.618755793571474,17.943559598922736,21.26066837310791,22.03133788108825,20.763661861419685,20.40382549762726,21.151456308364875,24.6332850933075,17.04549958705902,18.468618679046635
2098,21.328898692131045,23.217577624320988,24.98267533779144,25.77699112892151,23.923460054397587,27.90256807804108,24.411544227600103,22.00909252166748,22.938721966743472,23.088645005226134,23.509901213645943,23.819107675552367,23.642187523841862,23.72183723449707,24.785491919517522,25.01436116695404,23.310884666442877,22.364789581298833,23.820177841186528,22.11085879802703,23.21996505260468,22.68573925495147,26.780358266830444,23.453909397125244,25.22763164043428,25.404834794998173,20.936154270172132,24.916741466522218,24.153313302993784,23.742613410949716,25.97069745063782,23.425918483734137,22.871645641326907,24.627190423011786,22.681209421157845,21.990816044807445,22.80880274772644,26.17762954235077,22.098280024528503,23.990538239479072,23.869822144508372,23.945826077461255,24.121120762825022,22.65696656703949,26.002551746368418,20.864820909500118,26.258234262466438,23.824620461463937,24.251334738731387,24.490893268585207,24.574316859245307,24.42670395374298,24.746223902702333,30.28408479690553,23.62594785690308,22.90652251243592,24.841584825515746,22.85994713306429,26.27693548202514,21.366937541961672,23.591188478469853,22.783986926078803,22.188602328300473,21.55268280506134,23.27869651317598,24.79849941730499,23.520047497749328,24.192847180366513,24.530696249008184,23.925185656547548,23.299025106430058,21.509202218055727,25.697180247306825,21.747722625732422,22.494862198829644,22.62787618637085,25.34284641742707,25.845075964927673,24.550980091094967,23.423693704605107,27.48842611312866,22.946615362167357,22.331642031669627,21.65517780780793,26.549049186706547,23.26758241653443,25.09704968929291,24.647164297103874,25.33492324352266,22.800949144363408,21.195355963706977,23.991113662719734,25.93082218170166,24.03095562458039,23.98086884021759,23.68968269824982,23.749967837333696,21.995744633674626,24.297853803634645,26.2937751531601,26.193462562561034,23.11026260852814,22.437298321723947,23.251134109497073,22.874941587448124,24.442301440238946,24.014685440063477,25.424118804931652,22.874538469314583,21.937027239799498,22.414722394943244,24.722630500793457,22.469189977645883,25.212538719177253,20.788414669036857,20.937042903900153,26.82542524337768,26.436186933517472,22.817501711845402,23.72745065689088,25.078265380859374,23.54762365818024,25.664006638526917,23.936336970329286,24.33946924209594,23.050572562217717,22.849385476112367,23.303718590736402,23.95291676521301,22.713474869728092,23.304862451553348,24.880506229400634,23.394165706634528,22.42052490711212,22.557044386863716,21.93282406330109,24.17149977684022,26.142207527160643,24.15318551063538,22.48773052692413,24.71843068599701,25.167406654357922,24.024126291275028,25.024224185943602,23.476063704490663,20.612570667266855,24.622505950927742,22.733493161201473,25.058211898803712,21.886890149116518,22.018311667442315,21.598678255081175,25.110636544227606,22.495442223548892,25.174794554710395,24.449334239959715,25.979802966117866,22.963845872879034,21.624496555328374,24.862699890136717,24.567702054977424,24.909712171554567,23.65656697750092,25.419183707237256,27.90818448066712,21.087177824974063,22.066290330886847
2099,19.86631789207459,21.556351852417002,23.388432979583744,26.08089828491211,22.495336079597486,26.675014257431037,22.949688434600837,20.373697638511665,21.419736814498897,21.246277904510503,21.875725769996645,21.785398101806646,22.101010370254535,21.837155723571776,23.160504913330087,23.452058839797967,21.19196999073028,20.396791172027598,21.83807623386383,20.669704771041875,21.870178651809688,20.253896474838257,25.988643193244947,21.93328239917755,24.11803267002106,24.725087261199953,19.15480520725251,23.19448339939118,23.32669467926025,21.773797464370727,26.26468105316162,21.90884845256806,21.505345678329466,22.380471611022948,21.320727229118347,20.731079912185674,21.14115471839905,24.79991807937622,20.178327918052666,21.90614931583405,22.255558061599736,22.367789602279675,22.04870522022248,20.940854144096374,26.24472913742065,18.576371443271633,24.968719053268437,21.99357981681824,22.072297763824466,22.786100387573246,22.93453485965729,22.665109562873845,23.210743236541752,30.725145196914685,21.95032320022583,21.109215259552002,23.100311923027043,21.428793835639965,24.538670516014104,19.350591754913342,21.991873621940616,20.492635965347286,20.70298473834992,20.05917971134186,22.024603152275084,22.568604135513315,21.221795439720147,22.739462542533865,23.686490821838387,22.4305051803589,21.487041449546822,19.80949625968933,23.25115909576416,19.738735818862914,21.134395790100093,21.130975389480586,23.24515290260316,23.721370553970335,23.65853991508484,21.439233446121214,26.216511130332965,21.017641592025747,20.587022233009343,19.907866096496583,26.796607542037965,21.209737849235534,22.569098019599913,22.61344108581544,22.852646732330328,20.73592076301575,19.242754530906673,22.2507646560669,24.42453536987305,22.4136100769043,22.587203407287593,21.4445109128952,22.196718859672547,20.337150597572325,22.871377754211423,24.241909027099616,24.75247457027436,21.730778002738955,20.804602336883555,21.771803212165832,21.20238153934479,22.892184853553776,22.327474308013915,22.921201419830325,21.08968460559845,20.29190788269043,21.044734430313106,22.804884791374207,21.00321769714356,24.31010446548463,18.962085151672362,19.272523117065436,27.181963205337514,25.330539488792418,21.249947428703315,22.211057901382453,23.171731877326966,21.677949929237375,24.254131698608397,22.310095834732053,22.711507987976077,21.472784113883975,21.263905382156366,21.640790748596192,22.069488310813902,21.227302432060238,21.581782984733586,23.138228154182436,22.032164263725285,20.91548986434936,21.078980422019956,20.725720453262333,21.916088986396787,24.977535176277165,23.415393900871287,20.42987921237946,23.093022203445443,22.63753938674928,21.905193114280713,23.452928686141966,21.963434243202222,18.643472886085515,23.074577903747567,21.1937848329544,23.616195440292366,20.40211827754975,20.553045344352725,19.63299028873444,24.13402800559998,21.199738383293145,23.386858034133915,22.691209888458253,23.485078310966493,21.350730633735658,19.805257511138922,23.395257782936095,23.86516418457032,23.24732255935669,22.441833519935614,23.47625801563263,26.53196091651917,19.020126032829296,20.393278813362123
2100,20.937230086326597,22.665124583244328,24.001013278961178,26.866541147232063,23.282020854949963,27.177107000350965,23.82216291427613,21.639007258415226,22.523876953125,22.568327164649972,23.737792754173277,22.848070049285898,22.677949619293223,23.52123889923096,24.061433792114265,24.297929906845102,22.15938994884491,21.39610981941223,22.81473026275635,21.93638911247253,22.68886840343476,21.793998289108277,26.821822786331175,22.495333266258235,24.552172517776498,25.826594686508184,20.461994314193724,23.805883812904362,23.674618721008294,22.80359356403351,27.028307342529303,22.68610453605653,22.33933417797089,23.40715095996857,23.06220664978028,21.559251213073733,22.439993238449105,25.998844528198237,21.37096800804139,22.93517262935638,22.93283658027649,23.309254503250123,23.01733503341676,22.201766872406015,26.61753678321839,20.128674566745758,25.45786228179931,22.883381867408755,23.087142300605777,24.81078584194184,23.77446715831757,24.676375341415415,24.030850362777706,31.603191041946424,22.526097679138182,22.726385641098034,23.762308931350713,23.146434211730973,25.115644621849064,20.785786080360406,22.710178470611584,22.057384824752813,21.74921543598176,21.281417965888984,23.723284316062923,23.577276182174693,22.258731937408463,23.511081075668343,24.08425707817078,23.425546288490306,22.596254467964176,21.132404518127437,24.22592387199402,20.74299166202545,21.885567259788516,22.178735256195075,24.058301496505738,24.401210021972656,25.719836425781256,22.479109525680542,26.7048408985138,22.420970940589914,21.684718751907347,21.163262176513665,27.170612764358527,22.165387916564946,23.646399235725408,24.377012872695932,23.91851589679719,21.73653583526611,20.199587488174448,22.840900182723995,25.464240956306462,23.010126137733458,23.451047825813298,22.890353393554687,23.01833782196045,21.6443836927414,23.615533733367915,24.930100321769714,25.269021987915032,22.498407435417178,22.146250486373894,22.453474807739262,22.45327792167663,23.761542320251472,24.248614430427544,23.971969532966614,22.419177222251893,21.598474574089057,22.69449372291566,23.432840847969068,22.11036212444306,24.729626750946057,20.277952909469604,20.948424506187443,27.97058639526366,25.748683238029493,21.809944486618043,22.98555772304535,24.14582324028016,22.761253595352173,24.855718278884897,24.190712594985975,23.344449687004087,22.1354347229004,22.453198957443238,22.737471961975093,23.019969081878664,22.566080284118655,22.671577191352846,23.773654747009267,22.791581892967223,21.94469785690308,22.165320777893072,21.524894571304323,22.938678812980662,25.397770237922668,23.736468696594244,21.486867213249212,23.689566326141357,23.712581825256365,22.923440074920652,24.312836599349975,23.111866235733036,20.1124498128891,23.86996858119965,22.29699664115906,24.445603728294373,21.44344878196716,22.10084812641144,20.612799048423774,24.87354218959809,22.003075170516972,24.04449093341828,23.356664347648625,24.548051357269294,22.662895703315737,21.136010622978212,24.2474702835083,24.660512018203736,24.153556561470033,23.22644457817077,24.133633279800428,27.043851852417003,20.42853124141693,21.509755182266236
