Year,1,2,3,4,5,6,7,8,9,10,11,12,13,14,15,16,17,18,19,20,21,22,23,24,25,26,27,28,29,30,31,32,33,34,35,36,37,38,39,40,41,42,43,44,45,46,47,48,49,50,51,52,53,54,55,56,57,58,59,60,61,62,63,64,65,66,67,68,69,70,71,72,73,74,75,76,77,78,79,80,81,82,83,84,85,86,87,88,89,90,91,92,93,94,95,96,97,98,99,100,101,102,103,104,105,106,107,108,109,110,111,112,113,114,115,116,117,118,119,120,121,122,123,124,125,126,127,128,129,130,131,132,133,134,135,136,137,138,139,140,141,142,143,144,145,146,147,148,149,150,151,152,153,154,155,156,157,158,159,160,161,162,163,164,165,166,167
2026,5.18922108694397,5.307782463504582,7.270487751297912,8.479641117926302,6.887757968414445,6.982339490076594,6.241458050135907,4.783022414250623,5.174911517617778,5.40094923626246,2.859216762257037,6.038440476974538,6.912933162317191,5.032217381586292,6.5797795391288325,6.409656221753567,6.030005541854892,5.923188384750799,6.064793231929174,3.8390718251466764,5.308686736328848,5.6999013421671645,6.835435110433347,7.0864674107267955,7.917341581449426,8.739176382278574,3.161170635243944,7.46562048378561,8.021018098397503,5.7491684893531545,7.643658081005359,8.359350324447815,5.061177376015435,6.105533938598012,3.422047765604382,3.9361342227664506,4.915347247930436,6.59293652916777,5.747936481802629,6.056433046172404,5.826830321858666,5.50243188928941,6.734073967769227,5.412627701743926,10.050844527524093,0.07966902444203218,7.637896987127848,6.819591669686912,6.022927989476716,4.9031317702912025,5.539377582998113,4.815523367503594,6.953578670477048,6.908276755234292,6.403238898978151,5.424507011627332,6.5085052975035955,3.2100748005256663,6.883172480196787,2.8398451593158556,5.462878706254834,3.564539149403572,4.380093715571125,3.040616887075635,4.328590690061967,6.6503552061802695,5.871693033082732,6.60387721028307,8.229819929805295,6.100587406805879,5.395151272255541,3.650850352028321,6.059176860441425,5.875113662396524,4.501019530628554,5.093456328172108,6.415933492850384,6.585505591737557,6.474810984354978,5.953868344939992,7.155853596226922,5.101543233055492,5.755611732088286,4.216212780696565,9.668447127373057,5.1369305846586455,5.944465940882421,5.832103889563986,5.940477909729011,5.938753839967583,5.833310397020703,6.0274872903166115,6.6155456267779025,6.856743377440711,5.925002330592997,4.406305725718367,7.432166006287625,4.440716281533241,7.0612860527531875,7.17665692033439,7.842848308031158,5.513850190644633,4.611486834313336,5.470735721033196,4.909907897484713,5.799386725343506,4.343121803959769,5.8167559812808864,5.316676207785975,4.010383868654227,3.064687977673422,6.565730562497827,4.742854961675818,8.206584134813529,2.6756874613206953,1.5981977412252328,8.059296352596116,7.627089486613964,6.59006224829575,7.418035993031386,5.338288344794098,5.73431276003349,6.905396241823147,4.914426028086194,6.4085153364415826,5.158078978801598,5.515902742229659,6.050674417923235,6.529046837112003,4.592594070054975,5.922086744344439,7.834242221610299,5.878534884031478,4.5051227882504445,5.571449648717353,4.110536648538607,5.66933784723796,7.708389595664777,8.299086532202262,5.801614667321075,6.747894973718917,5.880363229533724,5.609416160860967,6.6946024457956215,5.746138017239246,1.5739532313470161,7.16113687049726,4.906231417866616,7.163676700715364,3.9906882646027952,3.540177318428096,5.966846543139423,6.957300933784453,4.572126326247536,6.919787292850433,6.802800617919401,6.307667406468554,5.202244741569177,3.9790771137280703,6.80817602870279,6.374996263662291,5.539385069547029,5.688132334115174,7.058614568078311,7.414516780910822,3.3726113425760462,4.825478307388982
2027,4.442383663600376,4.350960660597375,6.101575074781629,8.408806320408292,6.780258669742735,5.761305295316308,5.967558323180881,4.180945329143316,4.309040336676975,4.829698735912297,1.9790695396990607,4.751447002820926,5.861011372558001,4.548176131114878,6.317405935376884,6.158478058617693,4.825321129689808,4.757533560539117,4.753132692184941,2.9147825104280822,5.0288986800045805,4.79718833211167,6.7202220369001875,6.086618046950678,6.906360506240664,8.761795535474887,2.518859790316944,6.3739571439680365,7.135412953023252,4.4729679309088635,7.546507795309198,8.225736041521202,4.741360988853308,4.7961379746938615,2.6355353449953025,3.6435874371693044,4.2797904811028795,6.397041456452733,4.806731431905565,4.7641157513034775,4.973384999894891,5.1638479448598,5.419168793692668,4.828599214361151,9.31424153673238,-0.758878536682958,6.596298334156648,5.581994973636907,4.7405508019287,4.081508625684116,5.2658147454775595,3.9995391302067635,6.782459837673554,6.781108038178807,5.345296556130051,4.740021500094179,5.315319280172216,2.380493738913333,5.673077635210137,2.1320985085491446,4.78562947696653,2.831063040781062,3.4706108359427255,2.1150723603265003,3.5708060486177917,5.3418422719014105,4.6603638994796555,6.445005726390356,7.371755026280881,5.733894920747344,4.441660127763091,3.0141406570529155,4.6927170911482685,4.784967301220727,4.008946620698638,4.266142249107358,5.151442575364793,5.32305227965117,6.5405860594634415,4.685156711345089,5.952208000524296,4.480352830013322,4.815333912598673,3.618568467682803,9.003883345373742,3.883819855492692,4.6187487599150865,5.282792835785399,4.6004446779241315,4.764138177551073,4.774382222829194,4.82035241067281,6.416647150438154,5.773236224235131,5.671522765837871,3.7676395067367046,7.237287972636263,3.8510177520842377,6.954078542004369,5.935096074794899,6.7238672976863825,5.327585218795413,4.023858493258209,4.661678694702432,4.291994699116412,5.585967968250144,3.5539777046390686,4.4690676023220215,4.7275555927691855,3.393968947745604,2.2429145773680026,5.386325643365757,3.860753221501564,7.282650949626136,2.000245815785283,0.7991944392179616,7.99537578430669,6.545903156495427,5.594090448756673,7.268890059199827,5.079246654592709,4.607100100352846,5.900398228060585,4.161510683853051,5.209282853993877,4.1045158220262365,4.965029985226433,5.140617772422988,5.258863415440613,3.804727399400595,4.991214519944684,6.758139892641841,5.691152437750639,3.613029447608983,4.772744566202165,3.853361659008882,4.378354511641225,6.667708618309478,7.402178317693801,4.63981744595643,5.6048980591626,4.541986729050507,4.326939828180034,6.472275740820274,4.9131907306868445,0.8318834844334372,7.038232048459613,4.019399702292062,6.9066425884335185,3.070561683383482,2.8187585547566405,4.896260903313242,6.857191498423452,4.3258825545680955,5.7301034723119475,5.665029444571205,4.907588799708878,4.646458591495098,3.35937995437918,6.613794603738296,6.2310986647318165,5.292804600927851,5.505360364913943,5.884658728565636,6.221408733134641,2.7058715332171013,4.0053365818899245
2028,3.7445984454670307,3.512483292290321,5.378847578804318,7.658952483907342,6.371743447085219,4.87249871318539,5.513728627034774,3.6744453941782353,3.5149671856624383,4.341232935587566,1.177824679265419,3.803444564901292,5.1918555217484625,3.884976103653508,5.874701554576552,5.697673885151744,3.9404674033323923,3.9295027715774884,3.785214998821418,2.1200700418402754,4.551311390101911,3.802395494033894,6.09399937738975,5.448298929135006,6.240785396595794,7.921181589116651,1.99685609638691,5.684057527283825,6.428150900934511,3.5308273769915117,6.775994418561458,7.823918346067273,4.259153550863265,3.8109925102442523,1.8878522725154987,3.1377531905969005,3.7318455333511023,5.670196323345106,4.057461352149646,3.8156047772616177,4.307178232601535,4.708972605069476,4.424354538818199,4.3084911261995655,8.995507527515294,-1.3497884790102608,5.825464554627735,4.668750512103243,3.7498888446639,3.284811207279563,4.804678864280381,3.1957893555363004,6.3440484751015935,5.900273929039639,4.689525839934748,4.098588892817498,4.547727569689354,1.619981427863241,4.863579224515706,1.6110368929182501,4.165184779713551,2.2993415919442977,2.6828809216618557,1.3242597895363961,2.8613409807284684,4.3309226086363175,3.7720855321735183,5.989583561072745,6.507418351868784,5.265957093983885,3.6944099692006898,2.5238757828871403,3.7410233924786267,4.036296646296977,3.4223947510123223,3.506228719217082,4.273026742475726,4.517622478554649,5.454991662378111,3.7792509268658847,5.093061138192814,4.000285121798516,4.028472090691016,3.0875365126878,8.60340833167235,2.963850965723397,3.6205285704384256,4.649233401815099,3.558780610871812,3.9391829330474106,4.053738254805406,4.041997550427912,5.784033064047497,5.082393035292624,5.192302650213245,3.2427436813401656,6.829584292074045,3.336000334223112,6.527816003064316,5.144350652148331,5.976790709296862,4.818847960233689,3.5250334471464155,4.019429757446051,3.759398811062178,5.1147429401675835,2.7743773322552467,3.418219100311396,4.23504682555795,2.8848708659410462,1.4924928158521653,4.623816031465924,3.0545437435309086,6.526333366334444,1.484224393218756,0.08068305552006001,7.183269016444684,5.781454434121645,4.973072010775407,6.868309162432951,4.5944853777686765,3.7541285901640835,5.125919138640166,3.4252125480522726,4.443684640030066,3.351892408728602,4.4550675878922155,4.309295539557932,4.30146739614817,3.1178835176707547,4.259986393898727,6.039795281738043,5.203828424215314,2.8509852846463515,4.006336101392906,3.3452999422947536,3.4161737256993865,5.902088251958291,6.7687633415063235,3.812258536616962,4.907123759202662,3.5354609694331898,3.3564013781646898,6.005858349675932,4.097790382305782,0.2514725489852312,6.6322739623487,3.2211697212109973,6.46150605568352,2.2656671213606976,2.1654693603515636,4.1489669669109075,6.3331776671111575,3.8085928437610486,4.971124703685444,4.94924588560437,3.823993881543475,4.141166850986579,2.8636250695834566,6.14353450294584,5.630445634822054,4.793963979743422,4.993167408804096,5.115191742281118,5.380621350804966,2.1818277070298775,3.2724666256457606
2029,4.384606577520225,4.180532530207061,5.8369433623738605,7.837377834856385,5.849598226426489,5.342315810186594,5.033585701009323,3.96560649342578,4.240660919711508,4.505743471712905,1.7690910781765803,4.403976734856078,5.618602388120931,4.126693756929758,5.383875783147484,5.18686088277348,4.4673233620565505,4.482016589364102,4.375476507277325,2.92483608668734,4.105049123024118,4.448631194002671,5.824660361583893,5.838437653692629,6.639611334636291,7.859558804410285,2.3782345775257934,6.084485621352128,6.874721023543132,4.110280031241993,6.912487105948139,7.449708037905329,3.9150852745976965,4.3810883299287005,2.4903214972080865,2.749843524094541,4.033939193805745,5.464529560059955,4.621965681957403,4.401249366073776,4.44112599692468,4.329090708031734,5.018892349867984,4.568856806205264,9.164340481675904,-0.9040297919820108,6.28555685268908,5.208852541215463,4.367543782653481,3.7917210100025964,4.276221096515656,3.710268951663427,5.843257613737015,5.980224501983873,5.106311093373548,4.493436492208775,5.006530823876501,2.2421137608330826,5.320980031171749,1.9624011368844023,4.133454440739649,2.5756763151750453,3.457789801703444,2.1440674120496066,3.4499077305261947,4.883829840298356,4.297237432722388,5.514696317628537,7.090020406156268,5.020321821536999,4.130887780338524,2.8634591153983386,4.277660857532817,4.538238587909667,3.2439080723400773,4.186235534733738,4.7611879788596045,4.974591463290414,5.428413235421837,4.377245582383257,5.561775475804664,4.2151871962023195,4.638269687376531,3.415041690555815,8.786959984821488,3.575698629085872,4.226883668837879,4.835780158125123,4.182525129796101,4.4801087253566445,4.550095199767886,4.5412745890448445,5.410270356797965,5.54158029859436,4.724559337928378,3.339181577080284,6.4192819493854865,3.6471832421576154,6.050307802984428,5.605227757116842,6.412122262706018,4.375988678717662,3.818055482517029,4.1198061380920725,4.0351565680627175,4.615444577973464,3.305215800341604,4.047037260542659,4.472906337440787,3.2405656293548377,2.197024257869684,5.075003102293296,3.8073956796835198,6.978862486651233,1.8853440172970315,0.6470128866554843,7.361799007345888,6.2233619453578175,5.375062570104309,6.448839374187658,4.066220561106657,4.253337678338949,5.50209396152661,3.928133940388416,4.9341717223990065,3.7016697490009816,4.645093401958207,4.976966957433213,4.853279057569034,3.665577518914281,4.679926232017316,6.467009694283383,4.762687945674205,3.5811185470043574,4.693621746424972,2.953665312893433,4.011382704953951,6.351437245720417,7.170415114033328,4.3451740767421425,5.353889686794122,4.147499580578556,3.9418051677017383,5.492216637613476,4.7806754027461205,0.704139459755269,6.115197121454723,3.9699498020465778,5.969390585761647,3.068552443950341,2.6951836121493375,4.631942408352061,6.041624795260103,3.3975070869100503,5.449185128869683,5.403642553964567,4.381880838295513,4.39558998893561,3.1705597053314087,5.648596061329391,5.4219634305958735,4.259284197256482,4.619495888882928,5.5641577002303375,5.851240531637751,2.529387828604929,3.9323794119830775
2030,3.531422379458772,3.2977224721990774,5.400193027381243,7.982048404692061,5.899982194705255,5.048906549040616,5.058544384476183,3.2903713626979765,3.279176664683198,3.9391656519588207,0.2796485994396558,3.7097427695989618,5.215645361563258,3.4816500878539594,5.4314887428592,5.2446034834559665,3.7756053301794785,3.874269284564872,3.647123204223039,1.8044729873794934,4.102433706152032,3.65512447772098,5.931609879023042,5.441511371140852,6.339584413273581,7.647362975210977,1.6437987579867763,5.63896817431368,6.637655392738767,3.4103905260562923,7.0664932902517,7.456571289177599,3.8366342132975326,3.6337075089586164,1.1399488594254539,2.750198565680406,3.4055202861541325,5.285496870890773,3.9168855817667363,3.691544989059713,4.150475242528419,4.256097077552615,4.3099228961329015,3.9216681580091364,9.524953141294677,-1.85418495497313,6.017705104088986,4.543384904234574,3.6567046724516756,2.51979257641681,4.331036072866668,2.435450392807353,5.899902701891701,6.187605968901305,4.714092241535926,3.527266897774979,4.504404366530222,0.8067030215571689,4.9416153477183755,1.2035871816092514,3.938068532224358,1.9092408004377417,2.481593016406584,0.9807811620934233,2.156247080619859,4.127525144609911,3.6117789745330797,5.554613347197404,6.800809390586,4.8273410876763245,3.4877638864322917,2.160252601422112,3.5427880901201028,3.982807715262833,3.149524869846883,3.2408370036503378,4.129220928611423,4.474366862712234,4.7762740036183615,3.7075704397826366,5.282492162595533,3.598183471741601,3.8694030342679793,2.7335015355513015,9.162236796370868,2.885643652800857,3.5119424040975256,4.218096612599386,3.438981941034055,3.867392050295041,4.016232959797669,4.093466703234047,5.363204047561558,5.127129788542614,4.740242668266958,2.825207544298006,6.456893561472158,2.9792702183898148,6.102709859497205,5.0936329529203235,6.055392416001398,4.402163134566669,3.177262446361368,3.8712349719014667,3.426740088339508,4.683467599852331,1.9971486792482178,3.30098156168543,3.8307373323317186,2.5580150161323867,0.7089865139589253,4.609489689613211,2.8394369102757575,6.7469381111963065,1.0969918421630191,-0.6053572083855517,7.531410553332032,5.957483338384795,5.020338246695184,6.479405920053351,4.119672054360653,3.5601918712772185,5.215647970551043,2.684439283121249,4.488435149963559,3.359047182418149,4.085094123051085,4.098559497245427,4.144378768986664,2.712127052632898,4.0013689491255535,6.022065617914851,4.786157758071508,2.6292293878464856,3.755904560748104,2.9636848735912116,3.323790800982509,6.08159213243374,6.93494433032927,3.730924952213238,4.923976200664867,3.4324976945745553,3.2429499800862933,5.546346153967598,3.83852938662187,-0.24464677287072795,6.187337251797574,3.0028312529983197,6.0113676163400065,2.0813969507299634,1.6092454603519943,4.045289464166451,6.1035152461765145,3.4045958377998944,4.9837688896162735,4.9602581033290445,3.5534722625181607,3.773154632798559,2.4620937355633434,5.692588457516558,5.513999572601816,4.31855702965424,4.662564693853772,5.088711956965512,5.561921650993411,1.799811989582819,3.019387486165968
2031,5.618175077669584,5.6475282092418135,7.330469326405178,9.01258018150412,7.003139676205045,7.052790321666621,6.300239577247153,4.833422067093437,5.6697168773329185,5.4503357068731875,2.4187448720993685,5.891559925251478,6.985787616079225,5.017226886646503,6.698770280798962,6.497285195144602,5.889644325791119,5.792075504773647,5.9444004348639785,4.088929124176503,5.3299851913390475,5.443346427946257,7.127969077595614,7.14053889286929,7.999051089944509,8.850338329826002,3.1776880212128145,7.500056509570831,8.125527675552615,5.59845629588155,8.110579954652954,8.498064091750258,5.0994047078721465,5.949391457284322,2.9598998370869385,4.020005499494487,4.9393978671267105,6.672017196642948,5.881952171695645,5.913308263338846,5.824752601056264,5.565143369780531,6.593426757460012,5.454324297350034,10.365376747887709,0.13510490311630813,7.689142312982988,6.705888897180558,5.891621251815351,4.465902500882231,5.583315180004414,4.355942537558489,7.043255529783923,7.518482246275611,6.483158557900581,5.249005338450056,6.541341439788711,2.786602093693641,6.913498670761959,2.86426782094199,5.480140374395358,3.617436052396381,4.884503049262122,3.2916235841553774,3.907062996564239,6.501574917343155,5.717512987554075,6.675788923327266,8.362574040375906,6.143935048374633,5.286725166542778,3.657502610324725,5.99331001218023,5.750853282415531,4.522681913499173,5.578822793760171,6.373267774438037,6.583523322282168,6.028861637773184,5.80975881870836,7.186147525007357,5.138977443285543,5.958658738158135,4.246208423555925,10.067490744179684,4.994393886677152,5.790091774843889,5.840103320520502,5.7961140025792455,5.808865523030014,5.715359154189457,6.014389435022041,6.720998039533351,6.934757855881386,5.9503673729968485,4.446656867540604,7.561591944047094,4.486190165168252,7.162699314982404,7.207763955510895,7.9050932512458045,5.535342980304671,4.656678859529825,5.52267161217229,4.918085474007088,5.898829546981845,3.911962536902266,5.665335196359405,5.358312820164679,4.0367613421945725,2.699380742064838,6.557529699185801,5.247914481522708,8.33490055677449,2.6920039905556323,1.2891229545247969,8.598184105137301,7.72103242845885,6.662321671843529,7.5420791755976335,5.461788598833413,5.647746710427876,6.961101122457409,4.548596504304942,6.4481595636441815,5.170544040228786,5.577229386259767,6.38197207733475,6.396977726177412,4.540952632653305,5.882182659695711,7.887120791510196,5.935216926809013,4.986942320034422,6.040331710579583,4.161640795140429,5.514029343066545,7.784478363115337,8.400560689768913,5.664084327118152,6.823180446593922,5.718065261969278,5.438774345249967,6.799072344241469,6.22640925902745,1.5473607485664314,7.263596643147799,5.410507614499535,7.254060735347973,4.49758825579594,3.2866540376482316,5.835688577836442,7.1705981844971864,4.601956055467497,6.985375646822929,6.905490639250214,6.133136655236115,5.2697329650279805,3.997647877911039,6.856701476627898,6.611286051057535,5.655545789619975,5.796167648044123,7.088261017511627,7.4668670405216275,3.439828979204696,5.350544639445586
2032,2.0609331563115116,1.4398961275815974,2.5847130459733294,5.413592111816011,3.285238807400066,2.0079895138740547,2.387514201986294,0.8737465133269618,1.5295996438711874,1.4866059213876714,-2.365943198651076,1.495481290668249,2.696944942077,1.0691106994946793,2.742573721148075,2.5053029512986567,1.662789276676873,1.8931517042219639,1.373668013264736,-0.25058255108694183,1.352478427688282,2.069994254906972,3.034454648196698,3.026726343917352,3.973896676426133,5.168105581030249,-0.7042616943518321,2.97224735021591,4.397506671647234,1.179622096816699,4.4423788611466675,5.0600868677720445,1.0776923676331844,1.3235525358468294,-1.3711169635256117,-0.2205693428715057,1.0544605632623036,2.636157879466192,2.2163673552374035,1.4487836000820002,1.204051692783833,1.6074779232343048,1.9224202694992225,1.5483443972460618,6.74335469802221,-4.687429906862477,3.498179037868974,2.204481348395349,1.3767185176412262,0.08403769781191928,1.5793895999590564,0.007249459624291177,3.2084114239861563,2.98123753517866,2.2422914644082397,1.3163091996684666,1.7833191951115923,-1.7154585433503005,1.9636850597957767,-1.239524155855179,1.0100765035798152,-0.5604998389879855,0.7026206155618028,-1.0777230431636158,-0.22306768546501854,1.7836647766331832,1.4741384918491045,2.8683633040326355,4.491998330193263,2.2536933307846363,1.2493790492415424,-0.22676871816317204,1.0262509537239848,2.139376785295705,0.19251674637198626,1.601323326917676,1.5410770903031028,1.3503980176057666,2.25598495627443,1.5490218485395113,2.349865740537644,1.2297796179850877,2.1355298111836114,0.41679017444451666,6.311338945711033,0.6934291323026022,1.195596819370984,1.8428734332323065,1.0562404215335859,1.8637872964143751,2.235850498825312,1.0696639878054475,2.6193149348100038,2.535970917344093,2.011798972388109,0.3030280828475958,3.93355233805875,0.610566028952599,3.4772505757709355,2.0377848496039688,3.3179261460900293,1.6117099364598588,0.8019248088200877,0.9801847174763679,1.1122953017552695,1.8931725521882392,-0.44828888426224556,0.8944683253765106,1.513665856172641,0.1497419754664117,-1.7163438104093072,1.6511650914947182,1.0560658231377613,4.267999990688017,-1.2941531658172603,-3.1614140108538167,4.814959506690503,3.319435252000888,2.726483619213104,3.956131480385862,1.2542190735538796,1.2809724223179133,2.363186344007651,0.37311738530794814,1.58603462179502,0.351213517288366,1.5954667761921892,2.3138272245725,1.895680590346456,0.5159166196982067,1.683810143421092,3.2678092942883548,2.0769618406891817,0.9113179773092283,2.1397555772215133,0.05264325179159458,1.073376945716639,3.5186762695511167,4.846869066481788,1.7371592132995526,2.2063703669856,1.0952348220782986,0.9911260634660727,2.799922641056282,2.1125838092683495,-2.7574057752887398,3.5124771837765993,1.2338238518258258,3.3689352866262188,0.25955581764380287,-0.8041268110275274,2.204266940181454,3.4545259781647455,0.5051207395891366,2.1171259184678406,2.282951211556793,1.050788396596908,1.3707306683063507,0.14745642542839033,2.978621969620384,2.774724878805379,1.4737565711140634,1.8970362335443478,2.147166145841281,2.652919673050444,-0.5741164088249195,1.4230549663305283
2033,4.603334406744046,4.525211790512352,5.840395772893881,7.459448565439931,5.9382465486896505,5.1578269760156505,5.113534179997855,4.040295869577675,4.541357526491428,4.6065846897244205,2.125423791721978,4.697730072099585,5.598595435506307,4.12929226124081,5.438027312144121,5.25303004373764,4.721903926339644,4.755205151335947,4.656364709716932,3.197109000436193,4.169651452387718,4.748587018200035,5.7017667519635165,5.822903435227684,6.50375216036778,7.544863128071201,2.4568520712441435,6.059542148017751,6.733040667299566,4.3857149087406455,6.555901483022447,7.50329427112793,3.9707511297330806,4.659642114079207,2.8471351046243583,2.840805067969811,4.142290910770155,5.258468082431574,4.890665802976184,4.680088306809295,4.48101506382227,4.414211688755916,5.277506661665595,4.6495770845433775,9.004379021710363,-0.8433933216950013,6.122602380555251,5.445255679303201,4.653435798554586,4.1190028015909546,4.3437478261646545,4.0230269446198275,5.94227175954087,5.480546849747671,5.096791712117606,4.667258249274615,5.065542539388972,2.5926970451556426,5.224299347991575,2.031416918697029,4.186241100702818,2.663846289289413,3.750344515617547,2.408430334309054,3.796360744741458,5.1635029468813896,4.571578103406673,5.600779067660715,6.944947024871569,5.106425251169456,4.323180257888707,2.957710057240108,4.5226901199283285,4.809261830122177,3.316965560974746,4.458479663164451,4.919593075739931,4.950254417185123,5.63512084684495,4.663304980458888,5.384745882053314,4.314893358997228,4.90571020055434,3.4937416407568715,8.633864129411766,3.8675719382530405,4.536613756084238,4.842465153670519,4.477584718951378,4.772225857808672,4.809024897628819,4.556525291553862,5.318569719277582,5.529351636767386,4.807229068387172,3.4267351177745837,6.474558018147946,3.727925521032562,6.14822613036838,5.564521136468852,6.306666354343682,4.449971256970334,3.9087536812856296,4.177622557970986,4.139699489392084,4.702738409797692,3.619812700897457,4.342399143967136,4.568786997219614,3.316122517503545,2.495149898503362,5.060934884794829,4.11774633079767,6.849221356662694,1.9505703893714974,0.8909392469915837,6.9688425061517725,6.042246628167299,5.368359260646432,6.519909354247923,4.131366434796105,4.495190787161219,5.40324886194591,4.231078161633222,4.946172458858326,3.758229395438886,4.728263104527162,5.271797374404709,5.134351935879936,3.9145447848172035,4.871176019824784,6.487087284439599,4.841206440894769,3.8772637411181274,4.942701286796867,3.038411243208525,4.310769360705184,6.176602006729309,6.996633709504687,4.609011633578559,5.354508701631604,4.4609608990260705,4.22001993836,5.575070387587462,5.130327076233666,0.7975424355024391,6.216660083496369,4.2694268406465135,6.048690061373957,3.3504191233680176,2.9265694160913585,4.867126190135704,6.012618088580929,3.475152053709689,5.4186436595266745,5.366571614872022,4.678039149477567,4.486538437291465,3.2484660667592076,5.744200850869052,5.3073038201907625,4.339568256304177,4.638406846543838,5.5420885288381365,5.666216603640855,2.587961603341431,4.210738959754335
2034,4.514982046752142,4.615308690495017,7.142401453492973,9.691589901673378,7.346084197533543,7.474026233471668,6.545133508484943,4.7418841357375,4.402735224571723,5.439223157434628,2.535291112702467,5.553221676884031,6.81849833475105,5.160442106297304,6.942914398065931,6.765298995992237,5.563285349996701,5.473204054066851,5.568007829888112,3.0715844015879887,5.591717309029451,5.4040318599035,7.681294944137335,6.999485439267652,8.146763817503535,9.311085954822348,3.036713576393908,7.411294630825004,8.362595303305264,5.265358741684206,8.808225952602664,8.708048617788432,5.303606369693219,5.62081559991528,3.131142191075047,4.209238617584619,4.864373386420052,7.012012988328934,5.215922437351327,5.587028194122528,5.839873620405278,5.746338573380789,6.247658310779212,5.41606541106413,10.488213526791549,-0.09121233043421526,8.031925262819072,6.386273401757252,5.519393864023529,4.587517600634999,5.85983628085975,4.537920255085516,7.367232952652305,8.345923000625497,6.269374854605776,5.247781511524629,6.300034877555124,2.8904492740744145,7.04480609695973,2.725585085564646,5.570183784604584,3.481327487990778,3.5386649094008185,2.3000148169953283,4.026416018059285,6.149025358516595,5.38541500230224,7.008372369511376,8.484381635641233,6.321884860509426,5.101006072399944,3.5561590102212204,5.6122322956035875,5.436539473076316,4.675937560097925,4.3645110632581945,6.079739432396563,6.4725721141259225,7.03354634909794,5.494058356202882,7.59920115685411,5.08925055763845,5.169615867836722,4.142270241639221,10.153245156181272,4.602305055435362,5.435266385047605,5.930524064806001,5.427783672537269,5.476471563094647,5.404963213131477,5.86951011496372,7.052701796950963,6.735187605344532,6.242257530704655,4.4252048317214525,7.804730636677863,4.394103463096867,7.508156863779858,7.092709408751848,8.059576393329891,5.875123800934651,4.583896162181064,5.489641539431339,4.864394174310666,6.205059273874967,4.0725862335670575,5.289587329591404,5.30822913412904,3.9383554447056897,2.69687241572758,6.457894988614942,3.941657627547356,8.606580950351882,2.53786103806362,1.35402771072655,9.314056904151526,8.070726341728507,6.450190147192315,7.815019803314374,5.75433350328741,5.3531239066786815,7.171363967502938,4.640860262615929,6.242032245315358,5.052114294456509,5.562055375683925,5.392976370459457,6.046460663771319,4.197393784106805,5.669844978296293,7.74596737582108,6.24095402285457,3.692447230035188,4.852277377941484,4.411841042082884,5.160545041078122,8.14930130229813,8.55713294189552,5.350676106995549,6.610606325722043,5.362750295164256,5.103778896403726,7.081253252152741,5.025823475784976,1.4201387434170134,7.623082072570409,4.102205160362968,7.4998732870765785,3.126987714191964,3.2998153162670536,5.530543592983276,7.604613249800328,4.884708920429496,6.822922198936857,6.705545433668486,5.776786810590014,5.233805361749797,3.91734888327533,7.202045579922611,7.098888315517329,5.930508908269733,6.151042944848024,6.967766239853774,7.904614624792126,3.2879131608482073,4.102885072215881
2035,4.298760993341947,4.119808703789426,5.601327380486607,7.668913021908497,5.573308705769735,5.43408480633436,4.907586904563781,3.5367499708101686,4.146018005008325,4.119568190312593,1.4123501510455727,4.365729558056798,5.423305410763317,3.799562118305217,5.225698385002286,5.023776206733855,4.35223359288648,4.478621186110482,4.3234946010955415,2.6640913620077344,3.962392596078332,4.684011454854542,5.592313153605006,5.635599698935606,6.702320303896379,7.5107290167086775,1.8596465782872562,5.823098444733127,7.021012707083517,4.043296400521848,6.770881400026129,7.20775606663063,3.717387732824891,4.270555720760905,2.102830463442304,2.5288950574809097,3.627632404195853,5.250257645444625,4.601884155759008,4.350715420626364,4.123493132663186,4.165779511476388,4.9664243619632105,4.190273619963434,9.06476395089051,-1.5422661947849148,6.43813843084178,5.127683708058862,4.284348922556846,3.5702563046381406,4.139364925437959,3.515000886701303,5.601020354231629,5.883067442425366,4.929007720330664,4.241964110012714,4.783125225583028,1.8619668237094236,5.195223657863924,1.4789503247573497,3.850972127281772,2.2649686867050085,3.359333529297646,1.869939333405989,3.0865383986022388,4.798848722226404,4.175591463351556,5.264710494349227,7.219512833475041,4.8266735982535245,3.890970296387011,2.3282694508289477,4.1280668418982955,4.5394450718986565,2.9913652457039963,4.095696307397611,4.553239983731303,4.6041231160533815,5.21506368600089,4.367220120697187,5.7017270005468665,3.832546898517115,4.610887730365682,2.9901003878692114,8.64832218453802,3.4769380516212025,4.172612992597037,4.673710329779265,4.101129814853959,4.460557232899913,4.5522686180112695,4.200658333712608,5.218630811263775,5.342419860306484,4.565738844460457,3.082601115621369,6.218450936777839,3.2013197798153485,5.779369602044082,5.249175269542071,6.354146338742354,4.136768265145607,3.3646748631164956,3.922225144916566,3.6199543059899892,4.409080917465272,3.0216320059422808,3.951316806262937,4.075238493495977,2.7296661313237833,1.7405765632103272,4.7441649673313915,3.702335304998117,7.05207584647398,1.323529472510365,0.20895966270873947,7.200980289229035,6.358921410708594,5.252443051029894,6.189617500222963,3.891656003121671,4.110235819143467,5.398199332942223,3.6993439768537337,4.687039184801542,3.462505730061696,4.263964062107023,4.916865540989515,4.809549501743805,3.3428256975743773,4.435653711829722,6.153787131517611,4.550426710268547,3.473493306544319,4.59693901035293,2.7046535117872814,3.948905307414205,6.47608270419055,7.323773203738808,4.3217163213111185,5.107468610822129,4.082438726106595,3.8655097613046903,5.301955981822364,4.727586225189012,0.16662304463057673,5.8305415609401905,3.881122361483245,5.825204890654905,2.9364733141044126,2.2515734299246604,4.572879764668901,5.7995649573617944,3.1576311372477415,5.189644453340569,5.227890485319597,4.248283093345578,3.9593338831809577,2.6856462215555137,5.439637793549175,5.207386879571551,4.083550447020041,4.38458946385774,5.2217329181730765,5.974406173003129,2.085514027496864,3.8858496069522785
2036,4.7067520727713905,4.688199722828964,6.34790122192353,9.382870179911457,6.970828548570476,6.305743637681011,6.0912848765651395,4.817658972367644,4.693737178388983,5.439809363832079,3.296555114475387,4.957153848263744,6.08352767676115,5.214627554764351,6.516296890564265,6.306061079104742,5.021610622938413,4.955464526390036,4.974494538704554,3.5425383836030964,5.126194637020427,4.941260544645291,7.247416420777637,6.2859084073454135,7.259220235670609,9.093633177814384,3.186998573690652,6.614758600667121,7.51313810170007,4.686353738371208,8.43506328165531,8.397939767440162,4.923973559836549,4.992693573484817,3.896558372862634,3.8683337104817226,4.865004098415377,6.694700225667717,5.029538311809301,4.974253513415653,5.1941630442937265,5.386152805325884,5.623961462080477,5.4007630375524345,10.73580761154492,0.019122004757326217,7.031276606768366,5.815557390699783,4.937511515865726,5.2927681463460114,5.3940502772728625,5.204031474639973,6.973081502566737,7.952252450709543,5.551999141524237,5.570328327997896,5.568556168675425,3.6671054979165394,6.059852654735249,2.7990030799681955,4.9792855049173035,3.4660570390522514,3.875185629570238,2.7589332908391926,4.774313936724019,5.531128167516244,4.84532130236427,6.611818156143035,7.6650759066144625,5.976383851049467,4.784014186759792,3.7162151257197054,4.9346178879340545,4.9723993117300145,4.213177743554115,4.609175058640543,5.369822544759762,5.594849332670372,7.403508442640307,4.896485988050699,6.452163652206464,5.1163521632552165,5.051574741924802,4.220002580620352,10.357519689699014,4.106478719661633,4.821554223199682,5.925701419264077,4.800004668657978,4.961743014057476,4.96108513623476,5.094875325759248,6.653607741619147,6.003553535292544,5.774144041910771,4.303197319308917,7.448542244732388,4.482143383224805,7.136276865253849,6.203442599624397,7.103958006948233,5.453855090339977,4.677058841784798,4.883582862714929,4.855290579795839,5.759266525506975,4.740593530299763,4.667569331576431,5.324661258670193,4.08342904156695,3.4575972884893464,5.6509354022021085,4.244329048832882,7.733400280525285,2.695466925948855,1.9224782799060145,8.971257073680565,7.024572578196726,5.77671206618349,7.481709635506081,5.265438938885924,4.9206041733423875,6.299159890661638,5.285246528685094,5.461109410226344,4.345846731401981,5.532771431903045,5.4292896521588165,5.477584610506894,4.546670274809,5.411043947376313,6.991485544977091,5.832296357490124,4.010631549855077,5.084180634717145,4.060666854679584,4.581930093715589,7.133605047781022,7.749491844822967,4.82581901649634,5.860099707792201,4.749506785223882,4.515610465034841,6.657735582689443,5.279508769263818,1.6342321253071181,7.242867346107958,4.410344790543121,7.05618009697646,3.4666035895546257,3.8275680397326735,5.083724532524744,7.234086959126092,4.497911241650581,5.986896222488337,5.903751163557171,5.084258672843378,5.27187757367889,4.014994571466618,6.762046120067439,6.708729519198342,5.460310366749763,5.753214256217086,6.140719754993914,6.751065095265708,3.335345613211394,4.344101112273832
2037,3.201166112746657,2.938586876695524,5.070932864307846,7.904263779520981,5.7084612283727205,4.841290060687682,4.8346857752265615,3.366852568912094,2.84844049169072,4.084051599019559,0.8338663770399724,3.605284108635806,4.925682648566777,3.8416151596144967,5.2259806255842065,5.0143296736581595,3.752887695257006,3.742939793279972,3.547224263917529,1.5035917514870893,3.8488039566075467,3.550560949049119,5.813962199821557,5.170192449706896,6.186028905084423,7.8725695137319915,1.6264021678602885,5.373184144496917,6.502773648192137,3.2810627511092285,7.0339934048724615,7.179259362791118,3.5882985375596808,3.5982762164083035,1.5543884005526005,2.332827792663511,3.457886308431629,5.39606518555304,3.705269606013237,3.6138935298498325,3.760751423650779,4.086749485083698,4.199034164306419,4.0863588198312915,9.10623034757787,-1.7611279883261401,5.860223094391803,4.441611129292766,3.5269665864842175,2.982873677693563,4.100830313717497,2.9301577603508693,5.718401793262056,6.233391701805822,4.412546299397944,3.8492911534448124,4.235410856404184,1.2691327497876923,4.644719301626597,1.2974408404452016,3.53543781103759,2.048905525549218,2.00002930904257,0.7246539924165287,2.503481961786746,4.08903158864745,3.552442449016559,5.360265295310267,6.592343967536402,4.765745567928611,3.419119883585593,2.1665443214748414,3.483118452902498,3.842195849801447,2.7245214134454745,2.8677496689146973,3.9724634835689243,4.099286696648802,5.67386724183272,3.597501133379908,5.086222557158304,3.773723898840878,3.638284434845412,2.777756690979001,8.653403419872808,2.641169692164868,3.385820733832901,4.620702638194482,3.316481992088516,3.739892323577681,3.8641329820043078,3.6651254023971247,5.349227772190656,4.815863765005407,4.4993733355197385,2.9535938994637863,6.218244283877566,3.0260761539483916,5.916082168600105,4.765508790982184,5.840115930066158,4.1021480768405185,3.225843645889187,3.5190094796747995,3.4644235506139953,4.4365462126403035,2.484779003702494,3.1581182708514137,3.9890267298524775,2.5604250523550767,1.0949116243884471,4.237437789810114,2.384368192019136,6.5628025922282,1.124795644576182,-0.22563460886735448,7.467816519261949,5.799758636232078,4.727849427706982,6.257479846822741,3.919540971196415,3.488442566117338,4.956091322775547,3.1251711901919594,4.116547847487804,2.9077703981050163,4.169025036859611,3.785795876692081,4.075694391150669,2.6713304097346686,4.010604242055581,5.714987729515497,4.5326426105638,2.1750704599865553,3.3980419151163828,2.555727477217544,3.1706084552028324,5.944778099142274,6.827855460345745,3.6255184237299285,4.608999505189474,3.2876095758542303,3.08167296025003,5.320630148823924,3.4554447264506885,-0.09419589926456523,6.0058645146160305,2.546086634284465,5.782547160565594,1.5819073322646577,1.8227323214041786,3.97854007112569,5.943333701904992,3.0297053457872054,4.663850344027035,4.665120051274526,3.5573327024948984,3.8908487350583583,2.534413478883177,5.503617769813745,5.314112730067353,4.089841378403121,4.378637481159688,4.746500606680739,5.377131389132859,1.9001148270186161,2.650213501062885
2038,5.364208197028469,5.310852752035034,6.1411523474059235,8.754044177652949,6.576114110648632,6.1148561359993385,5.731043254009221,4.915286710550044,5.419108371796278,5.474897252331514,4.038165703929701,5.216671999832943,5.886714066667803,5.307700015861415,6.12001194740678,5.937280880736896,5.272168231102369,5.17797578049117,5.250359584545269,4.319110192615414,4.78318282987537,5.019223914578042,6.752730254754264,6.097826800983527,7.075987776805617,8.67236039533826,3.2866721009385977,6.398759678520005,7.297193994593069,4.952458404775325,7.8758749463434885,8.036303777857846,4.614463991132272,5.274301349089066,4.477668399954664,3.4326201870009796,4.9773569240652265,6.345265978818824,5.4417133937621935,5.235135454556036,4.934895997288924,5.094103704238763,5.8590154934289105,5.5106808286931,9.721928682820554,0.18846821990506485,6.829016620742864,5.993941864063,5.208275319751482,5.989840805273637,5.051565327777948,5.8547127327143125,6.577028816244723,7.248321908044406,5.3822327235649405,5.970064556804196,5.440307820922343,4.332750729188836,5.8646651186562835,2.932706530238019,4.694665128172471,3.625998609538735,4.633784845214465,3.508885654909858,5.328884976626978,5.821109169516075,5.110135854189762,6.22376340190912,7.389436625618616,5.793213576078417,5.001009395410273,3.788009586647669,5.144083801849649,5.188760753078705,3.843437150634572,5.321724831222979,5.4501356139522175,5.386573363994731,7.446797828222142,5.1359012665162815,6.260504307674952,5.213984362524128,5.53114468411639,4.329651756533261,9.400700794211751,4.424305181051125,5.110630450449117,6.020036465568658,5.1000899713614904,5.194675449667308,5.169667391427633,4.8592094244628115,6.2452939476432485,5.805510299087598,5.415140204902354,4.3953951042273935,7.048763978102344,4.583205955809558,6.7444150756145325,5.99364324453576,6.895337922891984,5.08355636946086,4.767110743399323,4.606806503673051,4.991118312909684,5.355982255319067,5.441889432869078,4.97200016805838,5.425670613823781,4.15705879700595,4.091495041446438,5.4468273723433756,5.004757375745428,7.515665369814841,2.7937524627235804,2.3850866191346074,8.353023164231203,6.825928342239612,5.610018163405615,7.080906074622586,4.851300193061085,5.154370700490887,6.061976811495322,5.951908418073735,5.251860297959431,4.0839986230792675,5.575109374677312,6.027298530081994,5.719444842174138,4.993926961360309,5.588020423427222,6.790224221245997,5.4473306372247885,4.751381571629443,5.777861596952224,3.6430325175410716,4.859910434946931,6.919355268493808,7.585848468773329,5.047659756037695,5.657610049599719,5.038263733530868,4.804945924672591,6.247008478333211,5.975038825437941,1.8344131564271886,6.844487814040024,5.161331378565781,6.692705644382937,4.24335626743991,4.176711615817304,5.283138355561371,6.793777182184415,4.092379053605017,5.785088837403676,5.6971820938433035,5.421377977163627,5.373883184302469,4.101218265706092,6.362546526409434,6.237816214304546,5.0555455979152475,5.346706892909676,5.936067294200945,6.552293809484045,3.4720865211867045,5.0339174039324694
2039,4.134494247621501,4.110446744951711,6.73583099759859,9.028200759712998,7.130900747817142,6.633123296602017,6.388738177331359,4.307034797195733,3.9367612063370876,4.986317704977659,1.529705384810423,4.989945833025305,6.420044821398012,4.367624903033523,6.739415727298838,6.568286211278034,5.0144382237360405,4.985849060632034,5.006602892620038,2.5444928443637416,5.43929374579276,4.530625257769536,7.22326595618807,6.60037520579223,7.554626901601923,8.708888635753883,2.6577879606649804,6.952525802727405,7.76054141313191,4.703866665604813,8.152588967619279,8.561355630385467,5.1283647732745,5.010692779617061,2.216235031598602,4.098279224708674,4.387136125359043,6.528644773338378,4.77739141213483,5.005096977833525,5.520097595607414,5.550139947698034,5.698693833474455,4.942274815049668,10.397108117054247,-0.555436562875222,7.322141249174382,5.865820230594999,4.9569136739290975,3.632697138293037,5.679209689513362,3.5647212205261987,7.162367959474692,7.510770813112373,5.895917121963256,4.59335331772936,5.861063943340863,1.9667660238157059,6.416460127280705,2.290375740363682,5.281469658274074,2.998840759026594,3.1238351913875517,1.7551112012488075,3.174820228897292,5.566657290248008,4.845643696599995,6.809582841036651,7.837019121788188,6.045957118401244,4.597871888685841,3.1419638616257726,5.019929153138194,5.002261838715137,4.479761496186256,3.914840065938391,5.54744957336064,5.995562409660947,5.149503971225228,4.937593205735598,6.792618379590967,4.611864739450916,4.72529387037302,3.7400580887393726,10.083647052018812,4.098042060588966,4.8569705899933275,5.15503276841201,4.825050273845937,4.994417313871716,4.987613800527723,5.447814911218552,6.676079785322835,6.356972431828243,6.076823464755354,3.9593654873556168,7.628031916017164,3.9757643431938976,7.311910296308586,6.597819484513381,7.427734261442875,5.686507436607418,4.135743996449585,5.200155045901393,4.377274317474201,5.991559820442364,3.1129703237835713,4.696111745361622,4.838803327481809,3.5103574909655215,1.858144888333207,6.024915001258766,3.488655452584398,7.968797453004739,2.1520033211543645,0.561728205660296,8.638910613183317,7.322590225729454,6.110179587299452,7.649209317462202,5.516309052448851,4.818166453262858,6.590728270853384,3.747460992428768,5.839371369445119,4.696396406868407,5.104620804560594,4.901454760082838,5.49639645629916,3.633533734025368,5.1704171345858265,7.332695580248175,6.056823536625195,3.2896457383858757,4.416533716408344,4.281306693266179,4.611932859081646,7.414143775300738,8.001308769501488,4.856431862403608,6.203302801683034,4.786534390315928,4.553550005986771,6.878701340278675,4.511659592133144,0.9179699338715641,7.4082986948819,3.6568920795388276,7.322298456304546,2.7141221060321246,2.6356459021375587,5.08597889796285,7.290802468513624,4.729604144291633,6.374935695066537,6.285873390043734,5.122665858474271,4.741220334159406,3.4970455749024643,7.000393951135076,6.712574318822093,5.706128378366601,5.913544429016525,6.513161640228899,7.076507149135754,2.871351830404383,3.688045617851335
2040,4.481810666869085,4.346038581865529,5.491367238604778,7.39869061956803,5.887974590249363,4.724960104929051,5.040814779947202,3.645021640757723,4.4375754475593565,4.279781357944013,1.5300323786990082,4.310310885061821,5.304559129849079,3.8246331127981312,5.437201260030268,5.242029451082154,4.4241556421543144,4.363385102152823,4.326736871898173,2.9019492159287115,4.066723643864196,4.2902494110167035,5.6669613180061225,5.540619396821908,6.170581291367615,7.562322255441297,1.9389527395367636,5.753406521926325,6.296097914346807,4.054965614030761,6.502133385340373,7.352495961512122,3.8179949164390594,4.369327023687465,2.200522354431455,2.596735797822474,3.7606032436092707,5.286933680872123,4.630908688157798,4.346819923818112,4.19364515170455,4.310379961922687,4.97654083998253,4.321287644479892,8.618043928469223,-1.4368821306930246,5.689684043327969,5.127953068166972,4.284387292712929,3.718690793092054,4.345877148831886,3.6244632417956995,5.887683522452918,5.550769452874859,4.800028042991956,4.305303136259318,4.739397302273814,1.9486130453646164,4.8548126707474415,1.5786451280117006,3.94030826042096,2.3466675411909823,3.6209852760036805,2.1039025449504414,3.176664457159737,4.9025798715651,4.255109524726872,5.537039376981557,6.486100478967033,4.949150476232172,3.998290877540907,2.45418198897193,4.192421816289426,4.42755918155114,3.064351915506026,4.362648898549381,4.620518554281443,4.63256263981263,5.25385065674782,4.270591966994107,4.948559253911177,3.9944031854470574,4.677142661157993,3.0775752509633683,8.284842463334401,3.5167869826157916,4.183280324035632,4.6664666391909115,4.134805005416276,4.38009548857808,4.419976620127759,4.164274919529757,5.358385946849983,5.205780370781818,4.720055539471413,3.2421035781502714,6.385188670642677,3.3030844976504627,6.063808207213875,5.253513908634585,5.917351510748266,4.3558745116616295,3.492749929428101,3.8898569524288202,3.7946765437722187,4.643251390630999,3.166313876211644,4.009998930990698,4.22522158200542,2.821052231391271,1.848197339475162,4.729490887156379,3.986666662991049,6.387176651755968,1.412965756530564,0.27029717117548085,6.900575489799181,5.631727888435126,5.090049649402499,6.410136938591801,4.129707193622986,4.169528356691202,5.062030620376269,3.7975837220748265,4.581011954943341,3.3884086226423573,4.3946517077585066,5.110436076174182,4.831477600832784,3.4874351188540498,4.523940106201921,6.128388345738252,4.74934750199318,3.7628351829946065,4.848533326635756,2.8508246121307197,3.9609393006811553,5.758852182002741,6.660620101944858,4.254703307151798,5.017168800036115,4.112683628872042,3.902713809907436,5.545136544108394,5.0185451510983246,0.24858051364620765,6.1614620853215465,4.1608595125377175,6.006898288428784,3.209585221608482,2.307381156583629,4.542013568741582,5.904775841285785,3.3156442933405423,5.099561098714671,5.0813923319180825,4.450303961584967,4.118136226137477,2.8275416657328587,5.695712064454955,5.232474180435144,4.332633465528488,4.529373157024384,5.223509840605161,5.224333956092597,2.165285114121311,4.064540502801541
2041,6.56856578434336,6.771141699547399,8.877708175572856,12.121164636365302,9.737946751816517,9.789957496112788,8.863115193771907,6.714645681581619,6.764257016623844,7.48428712862319,5.3717459674025445,7.013466073232225,8.373146673600221,7.256558123333702,9.299845951304224,9.11387251857026,7.0205850175999345,6.776791451563097,7.078172704012231,5.601710828470777,7.940881258968651,6.24000994552826,10.263906013413235,8.491028808571143,9.851939762460775,11.641525104128085,5.061693131152928,9.06693295299493,10.104021654303729,6.729627868224836,11.107913941144947,10.887583187941852,7.652404377943481,7.165310421894341,5.850346041056486,6.822353052938806,6.763331370749352,9.394869543612003,6.811420638499595,7.05096783180689,7.901924954406146,8.014762564433804,7.8122234701596485,7.3192325285796445,12.573265634734058,2.3912074604424913,9.936318899151578,7.943724321394131,7.061771841607341,7.22560654272293,8.208890696598127,7.17174503053057,9.757509524195363,11.188430404868623,7.767023535188418,7.415653229273594,7.9727427728217215,5.6628495926230125,9.093282796121365,4.841982433765101,7.765850605635812,5.545967871259001,5.926475430806648,4.864642305620783,6.631497971199712,7.725649489154077,6.831923499960326,9.393898839965978,10.070251626187357,8.49522304207344,6.700853216237032,5.580727153810963,7.347704166996068,6.663821042322651,7.07603111965903,6.624795366905571,7.745702237404627,8.390599729685945,8.98000917352479,6.879253600691927,9.852069576238764,7.036079966302576,6.932304251296767,6.062820945834293,12.130355127926531,6.0602520710692325,6.970604256823146,7.9375465198837505,7.022765026524148,6.804449601548499,6.592055489277021,7.774099052466193,9.479309219995452,8.325369013055898,8.598971819055494,6.47780567955161,10.072135463742349,6.358634685969043,9.864515803754331,8.971621674710304,9.952676285957466,8.280608204675133,6.55466566376131,7.554107010364533,6.697604412855265,8.670294440853224,6.6702212528165035,6.898563661195085,7.1821652378501515,5.987948518888704,5.466671739158961,8.297069342228875,6.311804829486483,10.539746629266908,4.620573884968101,3.995344787193785,11.746487520378212,10.062990267407791,7.839157697712552,10.114982460850278,8.230302636993343,6.947016442387271,9.230240985751156,7.095042041663462,8.03206997544601,7.0328280207668925,7.585209964678209,7.4653122404526036,7.544199212646947,6.418293458634408,7.37433494473326,9.425354765535435,8.630499759624742,6.03982689539934,7.056019719947005,6.9553205227029755,6.645032193640187,10.106696060633862,10.20882887264778,6.662160221551514,8.277218640878278,6.896309892679083,6.568896181624513,9.475558399640274,7.399173996700298,3.708373956382275,10.037282928310596,6.487402355105713,9.790275034719498,5.539661983991491,5.753817990422246,6.78669301452565,9.985831427612695,7.3861880322982545,8.577296840861953,8.335864912333156,7.457922655061401,7.184104040522004,5.863944457008924,9.571397419954685,9.514400870121753,8.379579184255725,8.58094205604545,8.773454388988943,10.111118848339236,5.307451505599349,6.357330222758626
2042,3.7960658892989176,3.595539582186731,5.979732344826233,9.80630997953744,7.0366828793595575,6.2788673172351634,6.214671670362868,3.9436549482674432,3.6007537441649293,4.643272190964942,1.3454799785696179,3.9322550652612906,5.755579777447315,4.704633740483431,6.614989532222009,6.409179801057127,4.012410291823847,4.054374496460538,3.8784186743713684,2.312074146008696,5.270341940994917,3.9717518219660075,7.535539572095047,5.969043577346822,7.211965108996835,9.63672020902922,2.31848753885976,6.260580979094938,7.564221199216513,3.644309098479046,8.879086601323095,8.47734282191458,4.937991963121399,3.898117974850123,2.0935412653047467,3.9194408123349347,3.9915157926493663,7.074508385411622,4.145841538408323,3.9232695340339463,4.951921818585236,5.339825472826588,4.567003920015973,4.596563042366298,10.707761050298297,-1.0183885693550112,7.076590394665449,4.8270984494994424,3.8795107476541664,3.4624451820192688,5.4903400175530335,3.411702095434586,7.058865003544707,8.519004980037955,5.238182839198877,4.337864604425332,5.030834257088857,1.825217664755621,5.832112787291407,1.902932250294196,4.84106354261267,2.578111842788497,2.8148894361380887,1.502879009678448,3.0562640937237924,4.389301152482375,3.8455217066381504,6.69872012349038,7.594230071224015,5.823952024481423,3.8758269219562904,2.8101215169861415,3.8880694637653144,4.148402457864119,4.1811472732445285,3.5514589500581373,4.555966669629359,5.143074073668183,7.353395918833803,3.912610815685434,6.458538377207926,4.25098381217184,4.126075878482442,3.387225977305705,10.28337174499857,3.1098093005089953,3.756350868991736,5.38760806080596,3.687792363351792,4.064098306899441,4.162100089007411,4.695607418130182,6.953741989066376,5.669198046213593,5.911828763782981,3.5861081527224887,7.545023501433175,3.6282629843415917,7.217987374498921,5.769355804241937,6.957941354991035,5.555781262123894,3.7995137757268447,4.683005145911514,4.005556200085016,5.874593896855572,2.9566226879070556,3.5577927483566887,4.489589503356095,3.188207044683654,1.7101232200090242,5.2193810510738174,3.165908143695057,7.753913888771989,1.8000065329773642,0.35729367440116905,9.436771586537365,7.0458628595646084,5.4977435513303226,7.574970331428382,5.387918440946219,3.8854050841824797,6.1883865199212345,3.5764419546928896,5.072882187777556,4.048010943264803,4.790778129265228,4.393025395877919,4.372802043012502,3.3253172096507333,4.441301771407499,6.617473176455705,5.922639860932166,2.955170941763909,4.064301044262691,4.12316178267115,3.5575820680322283,7.159541656231058,7.7981581914013836,3.917916327329545,5.483317158602434,3.6879534844052175,3.4761308472732018,6.7282025726704715,4.152965329523231,0.57316660983809,7.323243908070288,3.32744298104582,7.166552340932963,2.4101318126094755,2.4446378910336,4.226390533823646,7.437013598608564,4.568780710125859,5.60211292056945,5.549774434289028,3.863131807378399,4.422260034058628,3.1362773370126207,6.861729610582874,6.963012198435849,5.554760357429242,5.892594517144404,5.721436963512982,6.759972125934116,2.479498257154022,3.299020349208655
2043,6.574915817457028,6.808917602459932,8.319685108253156,11.14696290164158,8.656991472275093,9.074297107499227,7.863313457575339,6.327636023019924,6.829523203187971,6.987907227771036,5.408166848893826,7.007497124116998,7.844973241276078,7.0565455052359365,8.34879794164464,8.103681552512896,6.982191235854711,6.760404282731228,7.134081078500585,5.668069293786743,6.903908427740483,6.6234677057584825,9.213464835851356,7.959803860506107,9.310521445397676,11.102931663393974,4.642275780696292,8.46056856867729,9.516771035718508,6.752182009918938,10.277253033785994,9.89055791683495,6.639402023163336,7.155679113392174,5.737614695625056,5.647450972476914,6.420783505357546,8.770393903784713,6.802350158803163,7.051241391691668,7.087321324595089,7.117016778166954,7.832439523832553,6.941258110362912,12.442412479170438,1.9523242794234206,9.25757032864053,7.888715867852344,7.08314174876131,7.242364555083477,7.187201342962944,7.1470693281755375,8.711696897344341,10.333578126183873,7.299728425797717,7.2626631310338094,7.542467169463637,5.655960043442664,8.423290882131147,4.440503862397428,6.869028290797925,5.196599988844888,6.02754941505605,4.898971502123208,6.544653896627754,7.778666843114227,6.828722696365986,8.3214884489004,9.64707668164167,7.718273754777582,6.5300685442213355,5.140826550023312,7.273112127364708,6.620283993924488,6.020794976631116,6.707480471452765,7.507049189045512,7.702421652859659,9.453658066689966,6.867392315866489,9.14256745165792,6.659287409535769,6.925692985251803,5.697883986193561,11.993679445365377,6.06263695246187,6.989860426249175,7.859388060000693,7.064024980083622,6.764876401373026,6.553449132832991,7.094263564923715,8.67000548695696,7.803941175020462,7.538424250252287,6.063096149214384,9.088935575737004,5.994086170504837,8.782299901904732,8.309910804033281,9.285968458520827,7.204030171036717,6.169680928361829,6.7442058371058815,6.3274182677269,7.624899037439254,6.677140380801831,6.954093170320167,6.840995560432298,5.568551717904111,5.378930695868775,7.646237197621113,6.395986574091787,9.887001847206008,4.19644145282178,3.799609277268936,10.836258277810852,9.405965893304556,7.408017934396347,9.086762150299963,7.243242207529222,6.92617677691682,8.527223485297164,7.156538792853729,7.45198652148247,6.28953838708072,7.092481540708703,7.461085312068464,7.589682888914031,6.269349604331214,7.223845016853566,8.835758417074027,7.559821779101061,6.122489853424893,7.091655480450597,5.796168121284452,6.66102490753963,9.455086236177337,9.748685233294964,6.651192857466387,7.746086237759429,6.913431699933679,6.618191622197628,8.440746284764389,7.42943269630958,3.335396132592498,8.936249363782084,6.566878318858878,8.807640556952565,5.6436083255143,5.493172246834332,6.771506690837699,8.957950082455017,6.258695091153008,7.980972778373237,7.782197701295134,7.509431697942068,6.811105613050794,5.482329227287198,8.503824572624831,8.494474740634711,7.361655935131271,7.5014781453486155,8.147648416202646,9.373380254054895,4.910382220457343,6.438409116247604
2044,4.418289024631184,4.411781081557273,6.841918118546407,9.347158799320455,7.367711973190306,6.570282245427373,6.864731106162071,5.249374759321416,4.296613599352226,5.904346745461227,2.4975060680376697,5.097079524397851,6.548150852943459,5.945354912926759,7.183195903400578,7.057208635658028,5.123264130949969,5.085636250426371,5.113281433780985,3.099515227694066,5.924120693902176,4.67607242508481,7.562847302481533,6.727169567346569,7.597938340046674,9.576763155559702,3.5415309714774326,7.055295787875849,7.746739168465134,4.836777140448492,8.427656177431343,8.845136995365227,5.668993494162957,5.1297997156779,3.1352593700091043,4.589570185542107,5.196449307600659,7.537990544239677,4.969816250105697,5.118359417219958,5.712697499990467,6.1188807603592705,5.808957474430404,5.889581395685673,10.545474686225255,0.49552300224701523,7.319608243430656,5.999584987262883,5.060596600671606,4.757442949463926,6.186894978086152,4.6571384489536305,7.503184597194196,8.048620457823082,6.029166287432111,5.600344132383663,5.970304517944653,2.866745737691725,6.444695290923115,3.3130473186572353,5.528266043464343,4.202411693831285,3.5080159639318778,2.2681572084625565,4.0714812780419996,5.667667373021445,4.963999104996523,7.139289484918115,7.939068152724455,6.693453464532891,5.004498908420403,4.001884301503495,5.131819220880667,5.085647231092052,4.8510769665241265,4.238499098519486,5.649845421725571,6.109565763175493,7.748309203485648,5.047041035691899,6.743589692314467,5.609781192367276,4.927786516149839,4.634808278890948,10.154873581727342,4.196894611418246,4.96982674083362,6.726181402057409,4.944837454954783,5.066333927959207,5.071392844989895,5.542376755177977,7.438124226033689,6.477445426164196,6.541748912135762,5.048639906446139,7.95213085114956,4.86295751035214,7.572356718281908,6.723576254149279,7.452931035061675,6.043481158713502,5.0380523095528265,5.4962043722470595,5.148300990524391,6.424298250178499,4.161284446530044,4.815555765231451,5.775960361957548,4.369698882871308,2.668381542464097,6.090796191742025,3.871719627641142,7.923281677936514,3.02130834100147,1.4792738765478155,8.965241985457636,7.280994537721077,6.262150831272205,7.937850372493272,6.009810004631677,5.102313407758872,6.643269685407484,4.78050157527129,5.963860922058425,4.8991432378689455,5.991823612401884,5.1757059019058955,5.588853791356083,4.323069971799855,5.648551229635873,7.408885596688683,6.449964482585587,3.6405287312964627,4.730915565229951,4.704400470852855,4.716910511503621,7.34568294752389,8.028392572700982,4.96268847212195,6.319799751043319,4.89461553829412,4.670199875036877,7.310732386509583,4.864874302844209,1.8584842464576152,7.675984980165955,4.031352149695157,7.760791045675672,3.1083686297138544,3.513006936510403,5.183003915846351,7.581020660698412,5.1564573973417245,6.505165686210001,6.44445545077324,5.257529320816194,5.6251779459416875,4.4143365082641415,7.405581738303103,7.031649319827561,6.218497005105019,6.267572936912374,6.6152812014023485,7.011517395575845,3.872394111504161,3.991462257256114
2045,3.5336695632030213,3.2735715476587277,5.122955443530251,6.734558266828413,5.014911868962745,4.658808344661997,4.297401681542395,2.9452780657287296,3.2639390332945495,3.528047918566855,0.38527307489180374,3.647860474242219,4.948414450575563,3.2197722060413168,4.601216027095654,4.441770734971965,3.7385888603226896,3.808200834511682,3.613167021295118,1.8218148299332337,3.3441893504611406,3.9060347717062673,4.855408882914946,5.206402336985902,6.065519632707384,6.849696038258751,1.3485873454603619,5.379319980226719,6.296176306004155,3.3668453462164982,5.91155589477095,6.678100487474229,3.1002389115506204,3.611058558112588,1.14061032287006,1.8551125228404985,3.0660873564152875,4.5797419080446495,3.8894112426145333,3.652618318796158,3.673285253089052,3.5569152349028124,4.239834056846023,3.610670498475947,7.942153480546229,-2.186969001103065,5.67971370137971,4.4419023309802235,3.586686494406953,2.5425079127067143,3.551800295196729,2.474151460004264,5.035348021521654,4.797335995168521,4.489796060426483,3.4504079408943684,4.293544586747885,0.8969017644894527,4.605379597380244,0.902330813736752,3.363848942107167,1.6050923235457497,2.475798244106361,1.0106279652180352,2.174432500169196,4.096472539778411,3.578271468651704,4.707292177040001,6.5234261648408305,4.229885184687787,3.312277182936673,1.8130763707489823,3.4451416412304217,3.9285230409225513,2.4197664394460876,3.2431589652752053,4.006484278060238,4.17926530796906,4.922609359282874,3.6485078834511087,4.900356348347047,3.2623314852344576,3.848354115311442,2.4475142277520283,7.576288389748543,2.847417037291773,3.4699737653778535,3.9787078407304044,3.3857299325794994,3.8237482930477413,3.9512585430438145,3.764859382448526,4.559251363549762,4.86905200625288,3.961469603509738,2.462778490165183,5.6238468789399185,2.64254869623431,5.2325376169434925,4.791374433785678,5.716165701376982,3.58320129534294,2.810267474630782,3.362094040317781,3.1055677507458093,3.804353074780827,2.048462101740059,3.255593284450729,3.52521268605929,2.1687212473359625,0.850579135850522,4.326829913361321,2.832606614663683,6.344056050935441,0.8023739174522213,-0.6706268956948958,6.267673847104966,5.590193543454696,4.8031918243986755,5.627699387227665,3.258197495649598,3.452129729027892,4.771668734478541,2.7254290793990243,4.222782151323969,2.97599223358878,3.6637975987175384,4.076523197236759,4.098957731035248,2.602875217795372,3.8123055646428847,5.752933571436281,3.9675740373545674,2.619595062244555,3.763586808124491,2.0814086851374864,3.273807447275212,5.7158359287884775,6.694808079250928,3.675217111562862,4.6586058992764015,3.3979290288327064,3.205702131164483,4.709657156775736,3.796853765652612,-0.4869611047465227,5.267227324946179,2.989786960248804,5.237743534436773,2.0732831084008847,1.4525214988609847,4.003796626267762,5.152586734371968,2.554830084073133,4.692156279523829,4.692537846750226,3.566495591196525,3.394848814587399,2.1710556447505938,4.860978162815348,4.510181250243353,3.484167372101341,3.7805637583650387,4.800945118326568,5.170595274403177,1.4968519005282175,3.014101203145651
2046,2.7342732976479778,2.4130758653427,4.254298973957013,7.192399398776992,5.064594093196351,3.746372291754032,4.43864330495226,2.601296674588632,2.3683101021010327,3.3220092931698124,-0.14537101637186595,2.8922492812933602,4.23288285680886,3.059625928258072,4.793346039693935,4.6234672821351674,3.029833289650109,3.0849991985436134,2.8237642399195977,0.8908935209800435,3.4429295258275388,3.0003334833630193,5.127169648634978,4.495360986425954,5.3851530616139565,7.199628395767052,0.893388060146365,4.632617991016218,5.568585864171903,2.6045493832949913,6.294394549110842,6.645868031629199,3.1309679643861164,2.863595644975529,0.5834941255442498,1.794842894735006,2.713583761248097,4.920360234790836,3.131015822548293,2.906556454198114,3.034306960886923,3.6412831000213006,3.4726979388245245,3.371143305096137,7.066047003300027,-2.6592869759890543,4.9207551931512805,3.7065142706550387,2.7937713933402084,2.155785087881417,3.7289311574964676,2.1366372051937814,5.154670397172973,5.400333769362549,3.759241660093441,3.1479441330864506,3.4655406955501133,0.30852368364817123,3.7216996565974987,0.5395779608395636,2.8909825173945247,1.3966321379974014,1.5420016214765382,0.06011160437402864,1.6001209221009527,3.3610966030893645,2.836743271042562,4.800386065809891,5.62891541999476,4.246976516562804,2.7469394669450526,1.387257372510842,2.6597785926584554,3.1782494863045656,2.1263077305308724,2.3951310230226364,3.21784546663021,3.298596998997801,4.6875799795741155,2.9058736064310753,4.023680910981932,3.0439784978998103,3.0614334069963136,2.075975643149736,6.6914782091686185,1.985956456126841,2.6536972008902437,3.923797878725778,2.5778292458632914,3.030705425759843,3.2289219155650715,2.797189603077954,4.88696139382905,4.097799203840308,4.089919069332294,2.369800741302558,5.701117890148329,2.2770168637407204,5.290658494393377,3.9897186221747574,4.929140418254096,3.602472316602181,2.4636478095219063,2.8139683902263655,2.7411298643926107,3.935398432715186,1.6364285660714935,2.4280826603544194,3.281643286861224,1.7496324335706679,0.13416200336711007,3.4189215631320535,1.916832778988216,5.581981028462279,0.3460201641608885,-1.1715983956538436,6.73519705544258,4.799473768806664,4.109691660337406,5.683320006419873,3.469026638323376,2.778879495530294,4.072949925373344,2.3224629605638567,3.293112463655016,2.107930405900397,3.4280808609107485,3.2490098305480135,3.359175379933985,1.9532002197771225,3.2690692965326633,4.933036415677133,4.020778567626563,1.7142692002756847,2.9213194103333455,2.04558414760335,2.4642911902789417,4.930548550496844,6.083472678180915,2.9719139221284943,3.860312660706456,2.563005827624225,2.422282540592654,4.864587609752502,2.966835845775647,-0.9142411885590384,5.36359456878739,2.0715526136858715,5.381857630604043,1.1008185251005762,0.9309516369268775,3.3303221207481397,5.2919076789042085,2.5309748176870666,3.911380550791992,3.952891245998183,2.81362786465164,3.1112067915242307,1.817285574715713,5.017430510500381,4.722844845390524,3.6786194502793514,3.8458863236010075,3.9756667321098265,4.300640031438451,1.1745241379429567,2.1446116322587274
2047,4.6083585803621805,4.549330036187993,6.197417925882701,8.7920346992283,6.658877968531227,5.7348375721224425,6.025178639025517,4.475137862152071,4.51960100580392,5.222031873361816,1.9690725714739057,4.867396036869492,5.970457842380838,5.181395373467741,6.390946173462376,6.26218605581029,4.91569847928296,4.8561608080013565,4.907288904333938,2.9862216477250287,5.013207205282203,4.7187435841508965,6.8659733523582585,6.179039249742598,6.938390507908734,8.916060253592399,2.6688436064226893,6.482503252874675,7.014236680392563,4.602413510967944,7.857866053622022,8.047692020648514,4.744792634300117,4.929273227165485,2.4598377362407495,3.4939316043565993,4.53957072928034,6.7874168318150385,4.937123492617034,4.907654971655074,4.910470159917041,5.301909544408841,5.5669846437100725,5.187009222291665,9.137787208474911,-0.34575360807879224,6.542882013038317,5.722602618023242,4.820311485693373,4.360499337315562,5.378628398837717,4.2819677290731475,6.740478253570096,7.390437158531158,5.47860459013489,5.125593061334102,5.440488280921146,2.2303393506284435,5.67901798928606,2.523845733753565,4.669539982388762,3.4802745698854842,3.676248233893823,2.183276295661922,3.3571994230151225,5.492212482053659,4.7478266702001495,6.360666511901496,7.1304908085510075,5.904922733276054,4.583071861801473,3.175313945731217,4.871525406580547,4.848753996707242,3.862472716076623,4.477454986037878,5.2934601399405246,5.403858287581086,6.877866406892912,4.823421025327569,5.906148622518986,4.941070056680979,4.936932519849005,3.8473756547118083,8.782859149549541,3.9180154993102496,4.717639236165016,6.020703460121976,4.6976344513482085,4.826340348106521,4.840304743113194,4.822891429580492,6.673139707827624,5.87458289453182,5.673256049896109,4.350408278919504,7.160554147357571,4.092727427338732,6.830280515654336,6.072515838105104,6.760320142682262,5.13788721581985,4.289458152035185,4.689803242683411,4.517034646765937,5.589020089085762,3.7466832357539057,4.548702652598249,5.100877156930755,3.53482521396002,1.9926578027581578,5.396708836843224,4.077700402716112,7.16119160580224,2.1698264325487178,0.8288424769737558,8.382084032584883,6.518032968044285,5.722028904433912,7.163219710876204,5.168789184299007,4.785583984749072,5.885493626882292,4.384801792687385,5.28291340313595,4.092213419490848,5.267251309906616,5.311683297671121,5.40268905203918,3.8051017314709474,5.195488580020849,6.812257239402368,5.592020447976118,3.832577959730709,4.956461973231415,3.6818523376152434,4.451716303054628,6.595976273240196,7.350532499495248,4.736423470079901,5.739436214468609,4.630084438570615,4.415133308233883,6.515011131763457,5.158314594035518,1.1051153549282249,6.958873926051734,4.231433497677591,6.97237833383782,3.25842310520339,2.7166706073130014,4.966756346410722,6.8506819314227005,4.144053061974462,5.861391283250574,5.834699320382089,5.093158351963965,4.948086372608772,3.6269966848355146,6.616718695852257,6.287792273122693,5.389091181343999,5.4064972879814714,5.958389413254013,6.205719411951202,3.180301608453536,4.240612191405021
2048,2.6207060386737195,2.3039334669709195,4.097410840056059,6.13123105019331,4.41661549334725,3.1419586946566884,3.5181732001404,1.8178846935431179,2.253463415056467,2.498579447964831,-0.9981634279092149,2.78084746301174,4.048579928403099,1.9256416313350215,3.864534178252022,3.6745946931342286,2.964719877780104,2.995933205882707,2.739057277888062,0.5588897076745802,2.505824114382268,2.9199644756813843,4.1532220410803955,4.345686237638196,4.948039012153943,6.008097542077305,0.09264168726901431,4.434295069364211,5.14649115279317,2.5034372459476177,5.232607715328536,6.015244257946813,2.2102142019818216,2.7723908113936573,-0.1972185190767068,0.889717351893583,2.004180987675985,3.6333378471434163,3.0704769331651405,2.794054311017194,2.658700018127761,2.715813364709415,3.3518658777077985,2.5650411317745863,7.016569760441781,-3.653142044196525,4.352691935996211,3.5618166898687686,2.7141726786891645,1.3764879374454388,2.7520013548433813,1.3220649155477664,4.357775709529719,4.0131656656662615,3.575443790550099,2.37588102221489,3.3087008982896804,-0.515207982063292,3.351757435003917,-0.3086455241466573,2.3782908285657567,0.4558372358481104,1.4207429580390432,-0.2833193709452965,0.85473368726671,3.2637662303944444,2.7818473854412624,4.017224679638944,5.316362974296016,3.366309773921968,2.377536568542323,0.6011857628822315,2.5468519645432632,3.1398696283965077,1.4262872020403556,2.2857809456686184,3.0896900596718018,3.090032013754054,3.2263246422323077,2.7745143961161403,3.4237573315699916,2.2178351789712916,2.9749038127561422,1.2988242211441163,6.655894202319905,1.9154170865813862,2.570823595238226,2.771705962096649,2.4886374710127765,2.9834051057696342,3.1842762922247263,2.6728288499017556,3.717574579454959,3.9198945575704185,3.1661676822851095,1.405274841189385,4.937703357140225,1.5013145181039993,4.590770752231282,3.7502765594671152,4.521512034287058,2.767610808710261,1.6889943510293937,2.3481371968984592,2.050127317011358,3.05835590114196,0.8336715534329419,2.3461364423235245,2.485852055624127,0.9686424580713119,-0.6464747501226774,3.2829897103210275,1.7874437245229893,5.125133343537651,-0.4670809676249826,-2.0109509619573767,5.599592527250445,4.263597990075748,3.934152354796729,4.976172289252285,2.4888240913550046,2.5467237907151388,3.6194434970617286,1.5772560931586999,3.1426467786232606,1.8499312064610427,2.6294486626982674,3.145422671052318,3.2683515655497715,1.420258732264243,2.84909604837497,4.794336715340614,3.202497301995753,1.6045776785351344,2.8180273284514743,1.1622264638543103,2.390162967890499,4.424875352780024,5.602557659645876,2.875412607938052,3.680192035064101,2.485838406533004,2.337567704170943,3.9642509711285467,2.8478069228430614,-1.8002475343644622,4.655355509370567,1.9615312550216926,4.482097670435907,0.9623851964871086,0.15861336390177586,3.276132094860077,4.4793979696929505,1.64570262233416,3.6770396386583655,3.7355476823945843,2.704694946358602,2.330833692848683,1.0220202368994578,4.143389161800344,3.7732581625382067,2.696778914580746,2.9877748216191926,3.7910183439652108,3.703272568186123,0.3267265364527702,2.03905433428784
2049,3.9288088491764577,3.819261844815879,5.987872925779685,7.757862790455593,5.739816317270539,5.311014100909238,4.895951801140248,3.297730574320104,3.743603062013103,3.8913574424283257,0.9036763610382528,4.393013954002026,5.7264915499193885,3.6354428008720614,5.258813130701413,5.048386572250005,4.434232202262204,4.472184795537032,4.341812660789185,2.3287084413499683,3.955332819243958,4.520005958989777,5.742811474306832,5.946691161856569,6.649438367321576,7.673562008759071,1.7414628544758122,6.191115121164454,6.8867060858114,4.080684794948017,6.911965952094261,7.3576989029373525,3.709954440850636,4.343817056253037,1.664926488851677,2.6082473618203186,3.431381646190481,5.237576610312382,4.42199345074337,4.376796059952728,4.4952375530345545,4.122123902085527,4.9954585600002055,3.9335921196074315,9.340207346554465,-1.6709027747655738,6.27837607675585,5.186103045426565,4.338511441866379,3.0621299641528017,4.135643492854235,2.999057662898098,5.703850803447183,5.941600580410709,5.236755100303684,3.880459922141042,5.120500001799443,1.3991182032844118,5.376068066934062,1.3005392890551983,4.132842471887324,1.9225271354461553,2.9544514535829935,1.5257106474761293,2.6635515360996598,4.8428726940704845,4.250353751694061,5.377350949778643,7.173122526756647,4.714501800722087,3.8532465853053943,2.2042825776955186,4.273039587869727,4.543529885210867,3.178037377267047,3.7028397876640846,4.802022749236947,5.09535953510103,5.607167944183636,4.365238918184205,5.54623893956686,3.5793918417445525,4.39170062180397,2.800233914934358,8.952824012986547,3.542746834778069,4.231752279696279,4.330571314512657,4.16395944716602,4.498599234133445,4.548271979365883,4.6826910674572,5.248886516381951,5.664117504810465,4.576030898710778,2.773372923505718,6.304844462666014,3.0013750791549647,5.9173493894009725,5.701227114889135,6.44837547761613,4.219836162082078,3.1667172425779806,4.164361610880186,3.4507454187962514,4.478717789503518,2.5708330933903802,4.028092707282508,3.8387452442327468,2.5773440424738254,1.3658472233419792,5.208104217714022,3.3170451295786894,6.990011562785968,1.230964817877475,-0.14336618806781273,7.336097065744725,6.201709872689742,5.5038713419745715,6.337485107625353,3.916724340155203,4.07919235835815,5.553648333611161,3.219039660075614,5.087878444585309,3.8258509070708833,4.039893841567643,4.611251598930568,4.824732575035688,3.075334797131604,4.355151852095049,6.594331769722289,4.629279614522539,3.0925974558139697,4.212768367009945,2.8075668161799148,4.010627256385213,6.331363779332097,7.163072747194432,4.322306178309474,5.490891056942177,4.163811059989802,3.9216140642248374,5.347767944608267,4.294890622640478,0.005787822706944434,5.988091627328559,3.4674047488590767,5.843680944165282,2.563558010705588,1.9493125941732827,4.600260492992296,5.9470981333790185,3.242683305308737,5.551336004430878,5.510022177778441,4.334709349955466,3.719033127971767,2.5385687577313387,5.501029154606941,5.327423585899945,4.114183410552556,4.488211312941437,5.675483636975549,5.818780327023108,1.8956840963199224,3.455529715480473
2050,4.401544351419756,4.458780068390331,6.820812696847934,8.988695595798823,6.838367918185116,6.925895894395894,6.08632903263888,4.33594947539527,4.329490366167038,5.0230936927014405,1.704327506751847,5.155070501154869,6.536529252241403,4.7784772246176805,6.517862708917979,6.31318435650961,5.219415415463774,5.106132731355474,5.222126679944581,2.818417363511077,5.107837538267004,4.717382198520776,7.053274712172047,6.702029036550689,7.769337556485474,8.776743365002085,2.6238153486930096,7.055105499280934,7.925833312088047,4.884587563574314,8.135406229773476,8.272930591270843,4.8295729992718535,5.242372877895831,2.2508884375465352,3.6866305871256455,4.484766663148484,6.574952013951188,4.9623005048468185,5.196766909725712,5.393028150047656,5.312077450341195,5.875444127567883,5.0210353028157675,10.68139398264988,-0.6046764086289683,7.506334481311253,6.011289303672726,5.146889197800693,3.9752489521071857,5.40124428580547,3.9040863445863643,6.874669273094883,7.6371346018437665,6.033138852084761,4.795516683238334,6.001009198098348,2.026598401656694,6.587341379502725,2.2966823064047714,5.0883865998736715,3.1409518585122895,3.5209501438356705,1.9669369880495393,3.200909496895197,5.799495839289035,5.025183251834123,6.504904410191655,8.141880151912058,5.882889164547464,4.708937020651231,3.116250779094367,5.321482055916868,5.084548911698973,4.1532428978846,4.2777836610531015,5.765862415576807,6.083926008307733,6.301884884400103,5.081658851483773,7.066661739143831,4.6962664558969704,4.934553975688999,3.7737454813102196,10.271136766428068,4.20952559802039,5.04743421694328,5.627093815597994,5.041949159345301,5.096020201156879,5.066843581096878,5.468333006932817,6.584749325852971,6.4571024318193535,5.74274456449624,4.085397123423372,7.365992925804243,4.008829615239439,6.997733688046191,6.728150493112107,7.614567507186843,5.340030226214181,4.190545973078957,5.079593878110937,4.47746202401046,5.717999741435051,3.3919640180237316,4.910886547303407,4.918221397903463,3.495644322757067,1.7972088318061212,6.051232693524196,3.889951683580878,8.147085371812615,2.089783903853647,0.6044807535885233,8.587143219493585,7.581515333005061,6.232457038978564,7.354806438024191,5.305790996757051,4.991258531551939,6.675017869164209,4.025296795727879,5.9147035437154365,4.629459333188575,5.146943503412707,5.212097188008244,5.692779091668543,3.7564555437400466,5.28948967858892,7.3884478669999,5.740960800442208,3.6734446176119073,4.750619018899985,3.8756476034378164,4.771786078810693,7.64241971743518,8.227994694406616,4.982160926892837,6.336566843670504,4.963738470241943,4.72516923820889,6.602913785019308,4.929681509169743,0.9055974066000583,7.109465591352566,4.052942343313115,7.046925147553775,3.092823835427004,2.618312328026208,5.21156317149771,7.049556640201604,4.335890100947739,6.506164674743499,6.440483516660233,5.426388624413263,4.835384677035797,3.492582982984085,6.689265506598968,6.508891477153216,5.464841439549264,5.6132390095756,6.606884537072015,7.346738233905418,2.9006133670436935,4.022714007517387
2051,5.83985032218284,5.964876935399817,7.827277008315614,10.165302945622084,8.197602399721232,8.061651568795588,7.397077617588741,5.8274202300556786,5.948094555530056,6.521239589514403,4.452448958113537,6.151917736078133,7.3945210103330945,6.421880050273295,7.774058029826342,7.631802180589273,6.193379616429067,5.9944082935188145,6.199713644507372,4.743626869412075,6.452240880337895,5.706886608538958,8.419737719256307,7.533315001119831,8.572466753358984,10.320598601781093,4.140017671807641,7.985953855617289,8.762148062730658,5.864661101637221,9.250621055220734,9.483521264174893,6.210147514297019,6.25707004848739,5.003379292143828,5.209715194100963,5.8445556805758105,8.090195666099419,6.083741475795879,6.172452361804656,6.652554869009501,6.64795849575051,6.895618239353444,6.435152178180626,11.498182880467382,1.2222107037388092,8.43842246820187,7.046004118510227,6.174806076262532,6.486098665551383,6.737891745978392,6.371258571230132,8.25172282962514,8.956644245262808,6.849869447407022,6.625313807150413,6.975585045228742,4.772990296257596,7.693228409465016,3.878848156795418,6.405138990552776,4.631950759682164,5.110108149462734,3.972818881016352,5.82894770133084,6.808240942271618,6.009220911189916,7.879974551498891,8.879154760711668,7.228168213675767,5.833596308811986,4.654801029390819,6.379342058031209,5.923530222269997,5.591558723100303,5.8522124603904535,6.7556082317284485,7.215807029335149,8.590773638980144,6.033269694653052,8.15591724094903,6.171762804019041,6.156761431488499,5.1757734704377345,11.096545546219263,5.224652935718671,6.067127724659853,7.125748310495042,6.097989260275242,5.99938328487092,5.882172411885752,6.648537670486962,8.02734047071687,7.349820735703774,7.100137794839922,5.4858924614201365,8.59797096714891,5.448210543342705,8.368631607242703,7.802453187647567,8.575240672405428,6.751498551483282,5.627560320984698,6.290768386218056,5.78882999615423,7.101775106941838,5.883376121858203,5.972903667082048,6.342263328618018,5.0047194136884725,4.577281125018309,7.177119159749872,5.507729552429299,9.119807887180098,3.6615089817807602,3.0316359048773527,9.757021421502374,8.506619442382764,6.994236965631616,8.649343221352018,6.622276840538813,6.072975908506437,7.788561101617487,6.395872663578086,6.965291783663225,5.828174949848445,6.597563440429752,6.634455428298176,6.674001647994437,5.5856479002997785,6.497899676448312,8.378077237658072,7.1118824375343745,5.2533533783581365,6.270924209263819,5.385204050047642,5.777617597631343,8.578303257966864,8.953330970016028,5.879958658382813,7.283315290664809,5.988525646513907,5.704383915418695,7.951739547067676,6.596095844926632,2.683960804844212,8.513329677155303,5.667562569009855,8.330082107206875,4.712353699150139,4.856114498981889,6.078222534009093,8.361491401133868,5.827487719357656,7.4776300232985955,7.289693629561827,6.486231501760155,6.252652287483216,5.000122575988544,8.062654045635252,7.810495265984332,6.81765732734368,6.997351287510893,7.669398463491734,8.406259330182243,4.366009896878027,5.595477201815308
2052,4.87197118078669,4.933301877975465,7.270810877655942,8.778479941065115,6.567979449778795,7.193124845499797,5.95639442615211,4.3578169661263635,4.829776433110238,5.0179071158170645,2.1726320410768145,5.585623846018763,6.9243001028895375,4.7048792352279,6.294351174309855,6.100003709892434,5.535815518349411,5.5249026992047865,5.593762525667745,3.3638905674219126,5.020588268091282,5.378780929371712,6.736749971657989,7.094455386822421,8.067188517594088,8.519311506301161,2.687124695877237,7.456084328082705,8.238283357024192,5.26721123767396,7.863486044605575,8.111491915956142,4.761184256648031,5.586852035919825,2.807994283611579,3.6308443687856196,4.490676166117192,6.349439205725987,5.405214784577644,5.59700622310241,5.644310565789542,5.190104028396307,6.27178708439072,5.019470718751349,10.214387003580729,-0.5068698728457086,7.834936049972502,6.3788541414348146,5.538976842289167,4.323963213339448,5.213129209975403,4.287915653238696,6.631398129773633,7.167212218046192,6.402784817401943,4.971639849059285,6.369139418502646,2.564484213913483,6.935528183464579,2.371800232057772,5.239835224583899,3.18754597666363,4.030265956930815,2.5602974332869075,3.730860334883128,6.110490100520352,5.344249227146305,6.2896321007361,8.434140129139026,5.795773139223457,4.898162599156297,3.1654710600773504,5.594282886385921,5.500680980458861,4.23517156640689,4.757043612344812,6.062925727168722,6.479801256644227,6.2489146490891825,5.538402952998877,7.372429652387895,4.707727078100045,5.40161430264513,3.778415724138421,9.826404392719272,4.597078265746434,5.442300013452765,5.55792022831738,5.425626326352356,5.529329065179143,5.463545090953508,5.948075491189955,6.3458056519428885,6.8711373102696,5.6277574735383205,4.042574693759281,7.185550768580286,4.011738222441636,6.7448958005135236,7.103336982180673,7.951205105334525,5.1789062319944295,4.186177058393758,5.3417131381730245,4.4411540354291645,5.482091687371339,3.7642912017802415,5.273357462882993,4.908329439039033,3.5365464786688507,2.4187462377051503,6.493555384439726,4.392972613871097,8.427625030092894,2.17746017277241,1.0187585954864786,8.324469610551997,7.845872947573661,6.619036457439263,7.147344084580739,5.025282724201679,5.260873483369748,6.973706243435539,4.349702812234562,6.382814038296542,5.0707524397720904,5.138482092072567,5.697410216430824,6.033184388031563,4.0855122399826795,5.458615753357298,7.782217643491459,5.579875769838689,4.151258056486645,5.230382715165618,3.7780907263358428,5.161723837132255,7.932283469165363,8.489157817264399,5.383739831795295,6.712418620412548,5.356150343765816,5.085086868206658,6.377299123009049,5.449986818929515,1.0700028998156377,6.832565878580013,4.557808457811675,6.871010148152711,3.6191384707887964,2.989516944438216,5.550366138278818,6.792896711826329,4.241342192888264,6.905413852011166,6.8469431718190545,5.696440505981446,4.788231565058231,3.5292540286357212,6.498426835611465,6.280573877692223,5.213752394914633,5.429382489838947,6.984969413777201,7.6390368451674755,2.9449453900257723,4.496069050921751
2053,3.4645340727674308,3.24572543600767,5.286131050052315,8.021595360068929,5.422877904284613,5.507415989349625,4.583539384192436,2.8372784883811573,3.2246817563628354,3.5597138253265426,0.4792692126898955,3.701171803577192,5.151582836944217,3.224486936269133,4.974080660733683,4.762714864878816,3.8087308812758054,3.793427858630128,3.673333505618162,1.6892313936661023,3.5657202961116004,3.7396032769104526,5.671343543984253,5.385755837092111,6.594358280429552,7.456070437642006,1.1068610315821281,5.61460224055717,6.917194579182001,3.3871166341263654,7.113976513517317,6.940126194393844,3.2856735751546644,3.7068192761006027,1.235275254681194,2.0412459724165215,3.0158720273396074,5.052248273430202,3.8236589054095367,3.732960498281595,3.805621118638021,3.7828548753569877,4.319875037361836,3.5798471662504947,9.724381404190227,-2.4472685425445913,6.33686075796341,4.50710868257387,3.616833286552595,2.7489719889287287,3.8474957459959533,2.742047545853363,5.428389070362882,6.341531786939195,4.637215969024292,3.5077082160860313,4.424984394540562,0.9331515616384065,5.106967533585328,0.765416572576968,3.5212938011270696,1.591188586991411,2.403875644864709,0.8688660219054777,2.222844806853041,4.197531643098801,3.5879284885936773,5.077607793155414,7.03097679157709,4.408880683368653,3.2504576100999922,1.6230532691396495,3.57763042121098,3.8253598459835727,2.57069669079421,3.211577775021051,4.12326002917413,4.3669605059870396,4.8862461979533025,3.7055392391208937,5.727350687800809,3.2615922955667656,3.7940069912322625,2.288141389216845,9.25888031875265,2.700365202148155,3.468649235521927,4.06857982650399,3.4241246334437645,3.7364413451758653,3.8467961965963773,3.8885888398207467,5.031225569546225,5.035969368342696,4.240298729261447,2.525876462989455,5.976424046374603,2.5132258876130513,5.626055462607021,5.047993623876367,6.255530714796027,3.8434447882504266,2.712178427340655,3.4984415372640947,2.9929834110983498,4.177913744901786,2.2068783937921292,3.2702563929307336,3.4803846324312278,2.0049839556088753,0.7745281858690878,4.487149893466771,2.7647033544449973,7.053681039090817,0.5632634797486763,-0.6494759467012914,7.5670584645764585,6.353983450552515,4.935012325644495,5.994574500697442,3.6518184195818586,3.4636225350971874,5.31005289739576,2.8663051251707414,4.343311036969055,3.029471765304434,3.6889123079077963,4.0557362033889195,4.177413145529813,2.5039362064723276,3.7947662020551753,5.932572243028677,4.267682956306843,2.5675126745783046,3.7101769555231643,2.279953453818271,3.2440043734065416,6.479037301165276,7.271845061643097,3.687498348026442,4.831722660311337,3.36950284910613,3.189771024317576,5.068465651109301,3.843687298996696,-0.6513458819224919,5.7004302935353675,2.9400201995439534,5.548388436436655,1.9592117441111603,1.4138781349977516,4.000076374488658,5.751163416253077,2.7564009525652584,4.922513320014396,4.913805017954316,3.6928026527166367,3.364098830983558,2.018950011581187,5.228013735393,5.212631693174095,3.8377242755658654,4.171632036823654,5.007668128847305,6.00226904400464,1.3506873568584188,2.9760445847721924
2054,6.722630384281794,7.100496940507457,9.614020420880669,11.06063546818392,9.626599734713293,10.022113453982206,8.907655861437455,6.952923594620722,6.9982159885353035,7.632416650652887,5.523689464248464,7.631380917086943,8.99441260243927,7.317227979736597,9.442459093599483,9.162680471508667,7.50679861985404,7.360394363130989,7.723702285824151,5.806456012715554,8.048516553794517,7.0840506471436635,9.74206460826099,9.062920607819121,10.126582659652524,11.437506734554114,5.232721596956258,9.661344280594896,10.213283616921,7.3438479216962,10.167912516100653,10.829733927316706,7.761640964589751,7.741260801152938,5.887098297669455,6.854952212680005,6.987282746824726,9.370289627077248,7.2196245704745445,7.670395378922598,8.314948350865523,8.110208708279094,8.466222679178264,7.540270674845268,12.436198830604557,2.7126451576578208,10.113187242684692,8.54868408459528,7.647651239972688,7.267488068547747,8.24654146534359,7.193276300512512,9.717835958147871,9.97998339342403,8.47149500374458,7.54564975025454,8.68886005030624,5.767000201190348,9.50680940778091,5.063274892882031,8.042930103067693,5.829955627178324,6.185627509325998,5.042845792040746,6.665152184022911,8.337742498979484,7.3693199743484605,9.35279108840844,10.34990580534113,8.632461617732872,7.119549956812988,5.730736654894105,7.98177414650804,7.192519248559558,7.21471577420317,6.862577210212579,8.37997432412773,9.032471237383014,8.771724867666595,7.517046375778215,10.061821371316912,7.224779565786491,7.293040464792788,6.256300652078514,12.042214134643817,6.655127955231301,7.597023247130988,8.162954754870512,7.648405590576339,7.355199797785493,7.111244680038811,8.378197216011332,9.503412390288354,8.997186508415078,8.630651646390042,6.729743608626825,10.109050307808259,6.569087125874799,9.746070178675241,9.638092032023545,10.312724758838787,8.274008564089009,6.728496423055389,8.003716252487283,6.884969758640592,8.672741563412648,6.725336376962997,7.522077329199892,7.388221498064958,6.147792410747761,5.531275298285844,8.893204678299607,6.571450224082015,10.664385264032875,4.814846929291195,4.125294825126381,10.684741428699986,10.217567918918512,8.52390518810215,10.059268466357532,8.383219855355806,7.498275994740688,9.473118620699848,7.1853891128096095,8.754443239420652,7.592012655503792,7.790555960113378,7.751908878314078,8.162751215799101,6.587550476707262,7.785752926904962,10.011599436916153,8.637390685107176,6.272612582506803,7.267531163733579,6.956034036770724,7.25214109338563,10.255320140578114,10.317010848686612,7.252583832833274,8.986328127039279,7.517938508041975,7.189981445670126,9.471218003795066,7.622133361368348,3.949535985958985,9.932390711173928,6.7302373626494205,9.830582585828058,5.79651045812101,5.838972420014186,7.280957751489923,9.633863606329623,7.401764601982875,9.26210125468286,9.038661374485699,8.087912610892593,7.383693341037325,6.039186389972295,9.556717618143763,9.07311627936775,8.433138777983604,8.428591320307223,9.397962333313348,10.31814073270251,5.5486072114315546,6.58628426851897
2055,3.1207821060871273,2.8556074023503664,4.817700446422759,7.642567086964847,5.753139663359213,4.2429986472787515,4.824769344823112,3.0737078370976016,2.7944811664778615,3.781199427767141,0.8584637857716682,3.374395157756477,4.688750545783294,3.486098812314972,5.204038492564504,5.0325770347282806,3.4840971272567214,3.5474314601000008,3.3145491478258164,1.5060900090069629,3.8252706359389443,3.44408795552264,5.676324822731185,4.943644919593272,5.727989876064763,7.600892679027187,1.3247231817964866,5.109164135209445,5.9707032857103455,3.084139715751696,6.6815337271525985,7.176398519555047,3.549227504844971,3.3210229513974023,1.595698954200309,2.3699833510507817,3.1546495370566814,5.174302215206211,3.569797673680143,3.3665932671263286,3.6483081432765925,4.044122901070735,3.944469394354986,3.7460352254646114,8.927670053174273,-2.1500767633832765,5.29571066604092,4.199022141766961,3.296909910594598,3.110988706607244,4.139705847306501,3.0236522082624764,5.73336245993088,5.821735849925156,4.195910889085319,3.724772374177804,4.00879088840608,1.2876895645729671,4.249250280189102,0.943302265978579,3.4785232518253646,1.6639817958248044,1.9614006357974025,0.6898633791454891,2.567815892141443,3.8220227755092333,3.3137036324318094,5.379118067437206,6.109531409179406,4.622458556474283,3.2076911386744715,1.891992313080821,3.177730591132724,3.662869438143639,2.7216449735067947,2.8033590471544616,3.721650925175899,3.8639490357760704,5.85726698102622,3.373739681881049,4.492406021932075,3.445243978808666,3.4984652775114986,2.468374522980945,8.543124426541658,2.514793983564293,3.155632710148544,4.25769093208786,3.076836001513333,3.5411890793977077,3.6965926082740563,3.4477248379382575,5.227344065390784,4.585745913972112,4.497797036993092,2.639402341354508,6.19517333073349,2.721098509841952,5.967512142041635,4.499106453410509,5.39122429528627,4.141425976465487,2.9247495982924394,3.40570202212909,3.1982141387937912,4.455231123186392,2.552891840515975,2.931300819048594,3.6721505137353136,2.251182101795385,1.1031825510335356,4.021444137240278,2.3400278959808665,6.059162504200278,0.8143648865536394,-0.33910591900348624,7.133801869277295,5.227952200277099,4.517128585741435,6.2655270926911255,3.897775030470101,3.2580032371755294,4.589082427065947,3.2236107169040302,3.8874572858792416,2.761439975993389,3.885705349059646,3.6850655590633665,3.829344788758918,2.6021626991187703,3.7385438658168604,5.473017985450813,4.540404669169719,2.1312068382213867,3.3280998604564815,2.6196917891502407,2.9719661397152985,5.366239447532029,6.319602574510817,3.4128928852492337,4.381423343872203,3.0716914205715593,2.9021366847486316,5.341457186074092,3.3744772025223435,-0.3860279059615631,6.048961013555529,2.4981415662272215,5.777029452138934,1.539793396047475,1.7116721439464329,3.765205090223203,5.87700252800152,3.0823164370697778,4.4012077792451345,4.401836927659039,3.2567811343048145,3.5585474890881565,2.242940828717985,5.505185345123556,5.199600828105006,4.106294780841162,4.3739656564490526,4.500534227439044,4.772196410031153,1.5500690849690606,2.567959275867406
2056,4.303568646808464,4.3234599257508926,6.651120670760673,8.664523933703698,6.544530694683397,6.154969286732377,5.831573862954974,3.764043433467547,4.238848934819303,4.505232601736978,1.5169064089655901,4.878205961982412,6.381763299678765,4.179065736445287,6.2829470664262805,6.0481020603018525,4.914806933204331,4.84474900364876,4.913623819251855,2.597574353031815,4.8594265003999055,4.548751282629867,6.678795861701173,6.545129926005998,7.289862126267205,8.470186823109788,1.9053793172041622,6.857226047292357,7.39283862213294,4.573499538439015,7.690250973900159,7.93544540204263,4.533482630488774,4.930461404472592,2.1763724828759785,3.367504441738134,3.9226815872437566,6.242658018569153,4.804287495712439,4.929333805541196,5.115898941953977,5.000944379965466,5.589939870436991,4.5048043089608365,9.933341431741916,-1.4794882694880154,6.891820120811466,5.730338350931807,4.804040290911989,3.8006393231451536,5.1423773447672545,3.7699559447665982,6.629232662419478,7.096238539367916,5.871254777659973,4.401103113477196,5.753006990750636,1.883783730367819,6.107171660661701,1.6224937419096641,4.795712644855182,2.5703099098056543,3.417407405624785,1.774620673991739,3.104683794453742,5.465669586136937,4.716079362233478,6.263737369328738,7.532083777152006,5.569191490610441,4.275835743546486,2.4407972469925876,4.947710101710015,4.800137661490584,3.861500396331149,4.216210513065259,5.430541350444155,5.808393735686935,5.8093397154162325,4.844157811999319,6.3487560508151875,4.178601695100465,4.7735535013179,3.1322494144551443,9.45668864380568,3.843883662670853,4.695924168080095,5.157228197157385,4.687940018375717,4.774129395186901,4.788814662893617,5.266219996412597,6.313844642043116,6.304208893328904,5.492283308009305,3.599704032142957,7.128087170918783,3.38905912448342,6.738124622094137,6.489607979853948,7.139944031834607,5.070754708846409,3.578776564624181,4.85884753763676,3.876296507318815,5.449256498614949,3.2036725446581826,4.538380191723503,4.385409091288846,2.8556662497421126,1.610957455728205,5.820094382762906,3.784258129944403,7.530856006344162,1.349710490306218,0.27685883839925096,8.199217615773275,6.913275251785911,6.106202074016139,7.085411223272485,5.054748091101644,4.6208567636708455,6.251185350803038,3.843269189385076,5.723202868302668,4.404935215661923,4.65290315138797,5.062531171242399,5.4024693717559185,3.4129579152911873,4.839717279871306,7.1620346987930406,5.481783408423263,3.5678200438618655,4.655902430911861,3.5618956814209626,4.424586328429481,7.019503169258436,7.6944242318781715,4.75930700500806,6.145032166441284,4.590102359031637,4.3825524921218575,6.33290752967199,4.882981873520964,0.22520385086536507,6.858086962004505,3.966407867210611,6.775996788839501,2.9441865675151377,2.27590447912614,4.976481423527004,6.717455741763119,4.034683231574793,6.313088478644686,6.265807356437048,5.040429914991061,4.257275971549101,2.854130922754606,6.465748163933553,6.166546109070382,5.173774244387946,5.300916406015556,6.356512602170309,6.627726003527642,2.217120133092004,3.949750255793333
2057,3.878704026084522,3.735897489662828,5.925629201634174,7.899549759282117,5.951442633723389,5.821524173535152,5.095993603692101,3.360223488368351,3.69197919913407,4.037993419915439,0.7686973781935109,4.220245048146825,5.691695457902448,3.5865590395084754,5.451806716620921,5.300024767117254,4.3272146479836815,4.271891939228981,4.23229342853201,2.139655491401407,4.109828682616349,4.140355211393586,5.972886295154179,5.919649030114041,6.867942543314967,7.582280299786863,1.6247562902240935,6.20874402260986,7.079423458572347,3.9464222540886245,7.070472178788021,7.3826490727991905,3.8152745276175692,4.268453034219041,1.4700604572827958,2.5840988436649592,3.5210676543928385,5.315654645192215,4.293095734869612,4.24958703332934,4.501178227621932,4.307400228712582,4.874972929728444,4.041850917298217,9.634900782642694,-1.859189132935017,6.5626593147372345,5.05434909154629,4.18574504849726,3.040192825013198,4.401848942555233,2.9535282470028967,5.93185619727291,6.268366657518622,5.165645892250128,3.8391599002583296,5.086405911836134,1.1856042154390236,5.612223761862721,1.2482277694447306,4.168746437492043,2.0402800101658407,2.851693025436892,1.2763558805494646,2.470159383297996,4.789807697822305,4.1460801049553115,5.583283305168155,7.203766972854223,4.906080951464587,3.8109978499083716,2.1387490481138243,4.218457384356139,4.3303608092768435,3.154925937282628,3.66860962993112,4.783020141566623,5.142297530482555,5.226669996976851,4.172706647679726,5.996828962245893,3.727172028915637,4.265616364777086,2.7873429776779535,9.292355091407384,3.320327121635965,4.070220202721399,4.435953439566592,4.031537611551325,4.281469408808084,4.3265763500641174,4.6106848264562705,5.396055173771137,5.590313899619825,4.765917090249476,3.0053138905044268,6.397918170382235,3.0211580096711894,6.11547591306012,5.76455070438056,6.6570753259905455,4.397096978693174,3.207852322094398,4.1328090912309206,3.5544043311785,4.684866884659075,2.477148754329514,3.88905417970542,3.959342980693126,2.5217635071483158,1.0381470551585814,5.201538022222188,3.23739210400602,7.234591319129381,1.0693838205830797,-0.3626887546531052,7.46975515217617,6.573367735435225,5.404952775430062,6.434901552724426,4.177853082788402,4.025003304769254,5.7339275836430765,3.148279312355761,5.007213682193179,3.706825361169618,4.160137296236794,4.534885504379357,4.7301620942508364,2.97473815751487,4.328774282644537,6.573231593288227,4.788050370804711,3.0172131464912963,4.167759465246366,2.8413656919166943,3.8289002336818636,6.676157939536815,7.403332869490161,4.152739121225374,5.435212911973742,3.9827663942143854,3.780882460546904,5.593930525512535,4.279214325393069,-0.1926456468886348,6.207040993304085,3.3991190523936803,6.04766965914389,2.427457298055807,1.7573134514406852,4.452742115690789,6.081326091083988,3.3267123596421593,5.558885563999928,5.494175242260099,4.335802424570606,3.862568293152185,2.5416444324213887,5.735972437108382,5.492614067320163,4.383647123287463,4.634287388674146,5.705726059346362,6.265993352594048,1.8246461949471762,3.429937766286837
2058,3.944208007177402,3.7474317381094253,5.514412581920623,8.24981287404381,5.969434616380726,5.323933280233683,5.234967112541197,3.5715161698131737,3.749533954365502,4.22329203167866,0.8024163596203595,4.025870339623816,5.342642168546546,4.073585189300878,5.607906913962857,5.40984055990803,4.087189943353538,4.133460894708749,4.009832483684196,2.25581007881154,4.271799535586921,3.8763626808750193,6.139912642024717,5.562240629360595,6.564586906083698,8.15356578292518,1.8805500547048322,5.789888623459587,6.798898469271334,3.7481870998082516,7.333065047217861,7.473117275356217,3.9888666714059915,4.005741186439993,1.5401857288490075,2.8105453111167127,3.6593207914767585,5.7894589029380965,4.243805552864898,4.033269206318876,4.250552274029832,4.458650195393069,4.659567647453011,4.244778265726975,9.287219428489431,-1.523122158029987,6.239500616644992,4.8558777342068735,3.964071104688378,3.052246890576749,4.515774780306321,2.9775836291755082,5.994380457134082,6.630490017348323,4.8466351289173675,3.968002830728373,4.692510542684588,1.2596596127440207,5.140332821242773,1.508115338482732,4.037834205504128,2.2876523643218216,2.9576316832982235,1.414928732632564,2.5272228689543126,4.543323751442651,3.9057038757821605,5.661045799224542,6.909624004672316,5.059585242114705,3.765107475478071,2.3688397248243485,3.9282459205594575,4.206508002918344,3.208735837761699,3.7239432000908375,4.4257909392231465,4.62547459967177,6.095344493101386,4.006924341721782,5.5391915123588555,3.9159943345805677,4.2374221595196895,3.0256672635160644,8.854326337832829,3.1723520105768874,3.861734744803658,4.862758309933646,3.7948711933246972,4.12586472093545,4.22132534132307,4.164219311727531,5.7372145724707675,5.242439319861346,4.9017900678104365,3.2041481137275727,6.524081869885842,3.2394859716296245,6.162978132223255,5.273469570895721,6.258425246538788,4.499125531521338,3.410475142171673,3.970804619378061,3.663133172125653,4.8007963125048,2.4921632428364515,3.6523917260065923,4.157147485120542,2.742993632781098,1.1403936202926883,4.74505655788656,3.314946280985044,6.899766197492333,1.338652920877109,-0.20403000172869495,7.807153713600389,6.204972340115188,5.134130730711181,6.51740370999122,4.314654869766068,3.9004111824364474,5.399048664703449,3.167306572198871,4.603509669416938,3.419996798166945,4.333174299577187,4.535712672798932,4.518624731114716,3.052823685366532,4.314014657304204,6.1305518633332765,4.901894234763141,3.0933295515333774,4.219651683908088,3.010574726195169,3.638664332443269,6.329695231056421,7.135101588378695,3.988618499246141,5.053240582603833,3.775732395720893,3.578893159484041,5.687668005967966,4.333010770637415,0.07625761258030356,6.23595750742945,3.4711112296851003,6.165178347764346,2.541084176507493,1.9214146060162591,4.269432340331117,6.222354000883882,3.488240872477661,5.137537424243858,5.12672308151578,4.03508580142054,4.0351197313645795,2.760122953560848,5.8279035656616625,5.678014491459936,4.502181951341956,4.766846691226137,5.233185934095546,5.8418774149011305,2.09263380642595,3.5145774470834903
2059,4.007835160041679,3.841261450072817,6.063612002494004,8.426141062751416,6.293903445375376,6.151802290102532,5.504449319222878,3.2776658012017874,3.8310452968139077,4.0563046413249,0.1499183863915259,4.228889468158113,5.837507040850049,3.586419323892814,5.9367185512493394,5.686661228023726,4.316118433043877,4.26571709945284,4.197540928063723,1.9905797981432294,4.511680000044153,3.922511293311956,6.401077880684673,6.031021228638186,7.1589288597219936,8.159384292775187,1.554812935405764,6.312465471697268,7.451067149125296,3.8842926333690535,7.469008022598158,7.735652308058042,4.158389728765229,4.2282371048269605,0.9601732893236776,2.9930041915383856,3.46510730658112,5.823726691562558,4.3042801292292,4.224247903659426,4.609067941020279,4.627158889354307,4.847876953667611,4.005523159843067,9.911415223417611,-1.8662838597364442,6.920594328693275,5.0407334377924995,4.195227993973367,2.4639742795763366,4.760854756909197,2.4074785133888015,6.334771324848305,6.787334258057941,5.2970635120211,3.550227351229766,5.126481718672766,0.643458427026356,5.822490334510806,1.221325479190925,4.330433535293263,1.9860246859747794,2.9322117166914827,1.2209078042671602,1.9514112639529961,4.730603564402152,4.0927770145494335,5.964295688374286,7.500117904667199,5.199328263771948,3.6911328974468964,2.080938808363057,4.27422652059588,4.284779311767942,3.4454688370741646,3.8156850710511243,4.780415057622154,5.227510375452453,4.743120271070249,4.177851561200006,6.366785324853044,3.67893915405047,4.313413962850284,2.7049918210711947,9.381677649144466,3.1554170043432497,4.0405496122508175,4.410676687955858,4.029196029079372,4.232349095095334,4.293311714740664,4.6998573357303615,5.9267865594091065,5.7406018987811835,5.166505880140022,3.0120054320271654,6.868287113206148,2.9563548922667198,6.48614393637098,5.879243410866838,6.88677390061062,4.7142940078187605,3.161389186438414,4.3300324493119975,3.4352811014857805,5.150842859056494,1.9199380706353435,3.868053613037901,3.9113825207640387,2.4957197902017647,0.584798792312886,5.2663646227326915,3.3371402736881732,7.586741666823368,1.0435606287471204,-0.6934504573201314,7.9373637949726685,6.913393853039577,5.562249931282012,6.86063284606769,4.66813927683337,3.9626388488144735,5.990061638684112,2.5984945629948153,5.108718173385696,3.8328761815510934,4.183001846974269,4.625406224152137,4.691623199345732,2.700115988737551,4.270705539347795,6.646695729987374,5.166492429015969,3.111150438800968,4.272328902421328,3.1980653830386463,3.771104490448687,7.048922407216039,7.74281702910004,4.135772666283719,5.551984721104259,3.915810161880378,3.701663196086885,5.987253106873612,4.510606050491331,-0.2565110212769998,6.591083771195905,3.5129136445707316,6.45153368701195,2.50030690431595,1.4741011786049816,4.445827325356416,6.5003519608029,3.6702025532722504,5.71510579848084,5.648897311875015,4.261013906834453,3.812116810473905,2.44407732733365,6.141593489153632,5.882033837252646,4.804457068522333,4.986167433446851,5.805361264738542,6.622718423444393,1.8267334930855623,3.601237360131125
2060,3.8816807102411994,3.771426820755002,5.939292508487902,7.87691294749578,6.173684699709223,5.522588799397157,5.438089582572382,3.5346779217322655,3.7462384750445676,4.189901437362035,0.7010588927194494,4.128845894313416,5.718605138858158,3.794961506004136,5.79631151892245,5.626133039345345,4.199652410546937,4.207355473811429,4.106620747099318,2.229100833088157,4.493273221204674,4.137464773034059,6.099545401893556,5.941474243005118,6.737233648697535,7.8909347375233985,1.895104037721952,6.196555898165752,6.926013955473902,3.848993449409804,6.989613364140193,7.695871342097719,4.200783411289256,4.121611859028536,1.4152791341145852,3.045703283945721,3.6631752644975992,5.673192812999091,4.25888675215344,4.136045162131389,4.637170753069221,4.617224456556143,4.782978658999008,4.232333564509945,8.914411562681197,-1.5641754016280203,6.373655914266905,4.981460192054511,4.084881852070492,2.9050397872924814,4.729631501436234,2.8790048420429213,6.212184544404351,6.142274698801342,5.21037428736842,3.908488978942236,5.044814384418232,1.1614607875545813,5.469034721453982,1.4980587477485334,4.394186877210938,2.2860841075579326,2.9534309087942057,1.3952957970711066,2.418031785202523,4.62355487992366,4.0181682194272685,5.870791757913929,7.126279725258547,5.182375742991767,3.8251695851484944,2.3677750592740883,4.0561416720350625,4.267289867500465,3.525186499953267,3.6926998361945147,4.673023305336631,5.10957867503166,5.148684336245062,4.097768003431459,5.716645104500155,3.877290332317356,4.236722602167478,3.012293129662674,8.547697793195647,3.2834174116452517,3.961133359279485,4.62532689546545,3.9110132465759904,4.200547028457127,4.277937213083107,4.640919803082942,5.75666302790244,5.632161826267839,5.121008049324154,3.226781330506009,6.721138620376591,3.2173288385073344,6.365497886141147,5.731645665566125,6.514961731185518,4.751196871449549,3.3953942875067384,4.311794559160868,3.6721506218115514,5.013372270017864,2.3960895394285537,3.783863015969594,4.116377320466563,2.738317315528789,1.0646198702976117,5.199057662487032,3.3260327440996997,7.042015310128532,1.3564694362382057,-0.2668392196297667,7.416796650489173,6.346046518348159,5.470198181457817,6.724548954268292,4.528457961479824,3.972125280896821,5.637773740291599,3.0493692884842543,5.044203296396884,3.8692229017615327,4.3542022621879966,4.530574778715769,4.5939307356874135,3.018758455912268,4.351792195439339,6.564740060890717,5.109974815696474,3.0956680553033933,4.185581830640635,3.2458608090877545,3.748754756897688,6.46453818427399,7.276911416742949,4.078358246137696,5.453756761799253,3.8909864748517693,3.688172129789993,5.9082778488596235,4.316481312674779,0.07044287249445867,6.442699210842451,3.4716676995158218,6.383408886194232,2.5479540751626084,1.8584514026840513,4.370413571844499,6.276632789274056,3.7372384980320943,5.562916813666618,5.512895656066642,4.140289803345998,4.011918328205743,2.7326911064485753,6.036802118147415,5.665057487785817,4.728721839003264,4.941932673255605,5.687248726313311,6.001366716126599,2.069369107795257,3.4278988783558217
2061,6.912709612013969,7.238127016044901,9.786120590207906,12.313754340697976,10.080607267674699,10.4749111471505,9.287854267798105,7.041085750635327,7.186369269251312,7.935973597497781,5.732314403971723,7.754166431981939,9.146659748949881,7.506432976959083,9.788860252705115,9.525491414527444,7.634898468980499,7.422357843482291,7.868997390735253,5.971864949012624,8.303066952346729,6.846822141573349,10.589200850704616,9.210327265848367,10.462198062446609,12.223923588621206,5.289326573240351,9.813315257301621,10.597841858863834,7.433957528162361,11.34089198143318,11.165104192906412,7.95594630750089,7.865750359066218,6.157786840508721,7.109252075054524,7.152741601883337,10.03740077953914,7.274091489099223,7.772624330916283,8.511070828499467,8.443750247006012,8.633802856864607,7.697032270503457,13.515925538950954,2.890895695008084,10.416893474243837,8.711704927271812,7.823749633550099,7.516832516111173,8.593475845995647,7.5054515397240396,10.121025788372961,11.520485862543618,8.573624505565085,7.731750745197821,8.819566347925315,5.991498401324299,9.883105472244063,5.251306126086878,8.298321729590157,6.06992272210532,6.343737030466055,5.2827790178005305,6.8930613963768375,8.504931008507466,7.432184735120372,9.71877928964537,10.682600637962079,8.95039004190215,7.184640995194686,5.789225988603875,8.18179258241736,7.228242251572432,7.478539494604909,7.060348606764754,8.538137592118362,9.298975047751753,8.801122503034001,7.59591360415878,10.535746399441672,7.473788703952371,7.411269994645283,6.330783407235968,12.991696764682898,6.631688646843722,7.741592119158859,8.37642321196096,7.8291829675596585,7.430837220512333,7.132386605544334,8.58781273457511,10.051753473821385,9.139346651861382,8.976632178215118,7.0216809906836195,10.46516899559005,6.686075906879427,10.14327140499292,9.861390764086408,10.606595632074212,8.571540944920532,6.879938848252444,8.181061244216458,6.992452768480471,9.121698053810613,6.988259221202343,7.704284732968646,7.562771774346716,6.2674299457977565,5.781464530476208,9.133467212704748,6.71626641691245,11.0986474780687,4.8905024985814896,4.344350570804789,11.940840360419502,10.6417551072764,8.624092775172203,10.455882176821092,8.755990270653678,7.629541445138129,9.917304245498162,7.387346695787434,8.929421089172108,7.774926697128807,7.988335410646839,7.930833626410057,8.314261225084296,6.700617935123118,7.947938605629167,10.21084495402616,8.973678093210891,6.453035090247102,7.4534655711774125,7.247974606198746,7.3589532253300325,10.690461138969868,10.740133096431867,7.278329221732465,9.12418881959507,7.649381648749113,7.284774903593389,9.868746234939017,7.827844492577276,4.091239049131502,10.35817071615622,6.9091603201011145,10.217241981291563,5.958486193748879,6.024323962821529,7.329425247386097,10.256642191574493,7.673566607726289,9.475312428300047,9.188616325243794,8.252405282238435,7.589556174031622,6.150378057572607,9.930496047347273,9.78547241769988,8.839451371981148,8.863883413438653,9.631951646044335,10.738969159794264,5.693029255317208,6.796285560418817
2062,6.034251885167483,6.289304019562132,8.267852622887183,10.876250913173996,8.266521053067565,8.982585082280231,7.58748870368662,6.108195395305239,6.172966838011454,6.766607087233968,5.113338273403971,6.906292937182147,7.818274983558163,6.847179273817818,7.985954735813474,7.829573042433841,6.891278297094436,6.698027784454411,7.031059955728467,5.102385114236127,6.638181342133161,6.649215434003495,8.832745982141336,7.942426458258051,9.235204181023716,10.56459773794331,4.441942816407517,8.419264706558195,9.454320873165956,6.654190079662307,9.999433931091742,9.639879872893978,6.415177278991405,7.0493655208626755,5.3668994992200645,5.3992696794970305,6.188383505262177,8.393256310758922,6.5630933447130815,6.95054292421917,6.959225838554318,6.875049747269733,7.732232391392686,6.706231338196794,12.402801246478642,1.6943335348162138,9.229255888996452,7.766463311067944,6.957293147670812,7.184214762829501,6.937064181370988,7.010305927231393,8.325553759418689,9.881612894093172,7.310778739958487,7.1934264605415335,7.513312118834462,5.281403762962801,8.316578615842193,4.221034837180171,6.653803221110638,5.044216133397203,5.37802115827799,4.342071140345571,6.137233637273308,7.673767567194743,6.751287538943616,7.945420142905465,9.637756590185495,7.421200828305608,6.409647261274273,4.9118539890081685,7.178503870450218,6.606887054854427,5.800917618105129,6.047045098681902,7.4698197617484565,7.693212654184676,9.010150010585143,6.772193548462257,8.995864872274728,6.443968399845324,6.594186438729281,5.499462415432107,12.156022059506384,6.030944869436069,6.900655163066654,7.584159894750033,6.934131114647304,6.71995087584545,6.544720996299694,7.024667036880194,8.286207015272868,7.783196846729722,7.262368022191244,5.8708373595928345,8.731969392505187,5.75611761572032,8.404270098127169,8.284198871974288,9.224423647761856,6.850217466210495,5.933669545527162,6.64615923988408,6.153200948032841,7.248152005775224,6.582591303977477,6.829442474348788,6.596608322242216,5.2824265941463695,4.991031775764864,7.566785622773498,5.75159687240576,9.837794842583865,3.9706091654711746,3.4909096576016534,10.594509644754998,9.324838858226254,7.42949536028479,8.732545509934427,6.854508051070673,6.778240063067139,8.349720551022171,7.100547513892425,7.413089571327997,6.23202126087814,6.851302861139696,6.9871636392741365,7.469938859279305,5.955477482285997,7.044766537074382,8.812620199959854,7.227961907484406,5.490413068183535,6.498094753972421,5.525069960826557,6.585443314807172,9.35628567314867,9.633018089265658,6.569590022851676,7.712121929812793,6.842194303099453,6.534744695856656,8.132179679541752,6.735926774812154,3.1288227736949907,8.541187614202501,5.917832640224494,8.530986052263405,4.999419723091456,5.13558939237405,6.680608361188707,8.603456126461772,5.955345363580975,7.959236958417398,7.812531528416378,7.418250940483193,6.54071520731367,5.273308716200549,8.169688100444866,8.160745292259698,7.048177449739187,7.162054684783878,8.115293000278799,9.275026755086312,4.814677413296088,5.805415844608998
2063,4.6467319593347325,4.549151983369017,5.9442546652822665,7.9424576235228574,6.019844542931895,4.998320897848442,5.2242898158729085,4.105719961996733,4.5900125371228,4.682626792582973,2.9383665761942486,4.6554399863013955,5.706642126214915,4.646827555422127,5.577124646768484,5.385643040472323,4.674184803305002,4.708298832370803,4.638779732173888,3.4142351867309966,4.2891561873899455,4.83741118142317,6.022824736263863,5.922394081721374,6.43230718245794,8.213997335783366,2.5162464023150237,6.1601964552597765,6.540680868294218,4.375875097025058,7.055052997351722,7.568965204060078,4.077199952741124,4.641586803606364,3.515396356582642,2.8979085506550186,4.183184890911496,5.8280316000354695,4.883505937996608,4.6660303034145265,4.579723193470777,4.534459869537889,5.292970613351669,4.742962403351381,9.18228007801648,-0.7034006375690951,5.953245383181514,5.45863316657728,4.61065766857616,4.931208076790489,4.497947930518924,4.865973746211364,6.024684252923936,6.207260299859379,5.217069121655719,5.148019640096305,5.150107322549771,3.314515130787063,5.2199658021844675,2.1383077718060584,4.291788777400705,2.8103667795658116,3.801814619837137,2.6261960309127277,4.414396259291417,5.170965970076366,4.512429418748824,5.690835905526283,6.826273544081328,5.206693386594797,4.340909667698473,2.994967570078784,4.495978355793091,4.759757823471364,3.3950092358803716,4.523367840154422,4.965077367322198,5.112684594274595,7.381601084922923,4.6307326544975425,5.223576672375201,4.415145454703478,4.918647641508743,3.572268999599179,8.855108302728881,3.8487755837368565,4.52002648752311,5.343627518364071,4.461979845988345,4.723454166717571,4.752367074119635,4.630787399051517,5.710809172355928,5.6320201980656615,4.9125471659775455,3.6047759996405997,6.556438963988729,3.7828637279313173,6.208055873883177,5.724254222779434,6.24795999377966,4.541241581712303,3.955409582832765,4.2625607855232595,4.20379822829674,4.794026490814727,4.41741937283298,4.333780746264704,4.653427526611707,3.361195327649859,3.143708086219325,5.1899885391366904,4.169728251366782,6.66366809452402,2.0276887113678033,1.4560676851341932,7.50672458934373,5.8869166808395565,5.4763427051747655,6.574296536887514,4.265137782384612,4.497516351270265,5.438089046498823,4.9750287568774745,5.050296261392795,3.8420493715795963,4.790521899045539,5.3049707525763,5.13223503966784,4.152559148533077,4.895284459765615,6.567473382303681,4.929817551168901,3.928171455089389,5.010561902975211,3.109777632458456,4.293771898695105,6.008556106095681,6.883910721633587,4.566364316044953,5.460495473816989,4.4553508979493195,4.224392711345495,5.689695119215495,5.161411952933871,1.0217443285831094,6.284298662545866,4.320457092341806,6.1670252830753585,3.3959717157072014,3.3133287888405674,4.804757937596277,6.184213540677367,3.561668866667252,5.55973317342457,5.510282103486103,4.697808236397549,4.538766253546908,3.3309050008397687,5.8313727005995055,5.579130551424517,4.471038520849985,4.775564630226843,5.677475433411273,5.493978593883848,2.7041321787340924,4.249935805540663
2064,1.7117340862751016,1.2719584504763266,3.3448264746926735,5.050232304260136,3.1582261830568306,2.3967574377854652,2.3275854691863076,0.41570634196202066,1.181375412891309,1.2060215684274829,-2.833349470235407,1.847186433275543,3.404832723488411,0.5798954427242263,2.6658650279045113,2.4842808132370306,2.0409038861592603,2.1587933192650457,1.7695979376633957,-0.8327906897912459,1.244980785343795,2.056684019044041,2.8313904205958034,3.6993106201291104,4.352925898941859,4.806578094760581,-1.469517187774182,3.719495349749926,4.630570877964298,1.5237088441848752,4.0997037634253495,4.754282798245554,0.9077736894289676,1.7661908745765658,-1.8694545025626814,-0.5324986487627043,0.6912574738264083,2.408813752233982,2.200251747357347,1.8457074781258902,1.6245188206434242,1.5007286767164865,2.367799794673917,1.2132455504188944,6.830240149299305,-5.571619368468721,3.7404131238659253,2.606271559000019,1.7373441119988768,-0.16003240197896867,1.5772006357709587,-0.18711987007409359,3.160839221378168,2.7102156917254145,2.9015825698773043,0.9408540735642121,2.4969275534152984,-2.307810315241423,2.5891672164201736,-1.8850907338162262,1.2056576033433286,-0.9487858440727001,0.29137100279331235,-1.7002672142504454,-0.7847855553030956,2.2482491135597233,1.8510305166244498,2.7917144407828633,4.781835932532944,2.144580604632694,1.2643780420223865,-0.8828817730148669,1.5673426210880297,2.3277252343793697,0.13920166989167493,1.26142673032979,2.165154053767524,2.2604208300511086,1.7800064180201542,1.8925727486610429,2.719702040404079,0.9273349801699317,2.0494709350168714,-0.1601816081752381,6.312591202557088,0.8944797781606504,1.5505491405725462,1.5659056507051015,1.4532350232203806,2.089589963853363,2.40995350169639,1.8852214415868125,2.510746678709986,3.2357832395782067,1.9412221163511296,0.1104697369039075,3.769057337939744,0.07305011153221026,3.3923865277941045,2.948809444904327,3.852918393413227,1.4299682741363866,0.3097167131801451,1.3551241189241423,0.7417266224821402,1.812579145034153,-0.7384664915502072,1.2815880815188083,1.1539711058139779,-0.5108502792815371,-2.5205484179159012,2.47230861783028,0.6858620375394818,4.51605761274695,-2.0939455299948646,-3.7742633201181888,4.431584184865156,3.6496687506635994,3.320297642797232,3.7854172540207722,1.2224608908096948,1.4847454935312279,2.7988717953364044,0.06300650487343311,2.354369162519772,0.9242288564642261,1.2960870979974648,2.126454558471838,2.3103267550468463,0.029029824398455844,1.6696886608997976,4.030952811241149,1.924508442481356,0.5233380009730655,1.78601892751952,-0.2553893084327429,1.384638651212058,3.817681338389716,5.059331009723252,2.043582144379615,2.949238399850826,1.4325671623150518,1.3288970808188125,2.754831808308757,1.843794385840494,-3.5146153563012676,3.4512453426917395,0.8581921135385832,3.2935894251490625,-0.20254558076461388,-1.4748669017028655,2.4882239223962346,3.2318336777389067,0.24170160430173185,2.9504271308581025,3.0566795428593942,1.5896180843313539,0.9844398265083633,-0.4488880698879561,2.964027220010755,2.5162384346127498,1.449763483554128,1.6672597448031126,2.9949489573637633,3.01403415004412,-1.164952420194946,1.0836854171007888
2065,4.156962107353171,4.009282968167604,5.842853460846275,8.361739938629087,6.191984557899936,5.699666121139614,5.3072587130270135,3.6998957015317044,3.954367927050796,4.354359095466546,1.8857450814082735,4.553001007129405,5.600119944019563,4.2719279132012655,5.703451397395212,5.5024997685104635,4.644238283729247,4.592868956962021,4.530733300694107,2.673199794672684,4.331103894217258,4.395932136424656,6.301247887634512,5.826502820798039,6.807425236907498,8.347972455209701,2.025774239594565,6.105871093941145,7.0667368946918145,4.2461002634774,7.460362539209165,7.678431748701585,4.079301278138981,4.570490396099872,2.552673458025371,2.925770269642616,3.8472388479216324,5.878538570398917,4.586421617146195,4.554735376274796,4.518367088046566,4.52995574166035,5.153111323264654,4.363157924393129,10.00065661196051,-1.3096753237126773,6.530798626357114,5.326155119158068,4.514359673324587,3.9770557484750113,4.592103980738542,3.9040515523660826,6.167476175738309,6.678163703916406,5.080846846360582,4.467340954525221,5.052898913878821,2.2965796199338175,5.485131985154647,1.650703576875145,4.243500559494413,2.348304553278561,3.134765357164473,1.8952860559882807,3.471851249193324,5.08315710209567,4.468041573586907,5.80976566158492,7.272420618040806,5.132358738446033,4.10485242358569,2.546280011791607,4.504532043276156,4.643064733851572,3.3757130246737903,3.920654100590742,4.899588402617592,4.982782176856335,6.626778721295553,4.496424372886019,5.8945977687835684,4.035084714149607,4.571356083683927,3.128338689699065,9.62780126980667,3.640213225936067,4.3897124832046455,4.966899821791668,4.3537427604455345,4.607966111988987,4.645707670727681,4.52041117785948,5.824748412673844,5.5154890375019106,4.982264905654153,3.2556450553238383,6.687861266676423,3.3739583903345567,6.355756835177031,5.619025065467278,6.593037560325241,4.609393982024029,3.570466613461229,4.200763092986469,3.851672312822834,4.928740299981216,3.466146710103958,4.206965675384834,4.267496519047638,2.935578975954964,2.15164215194768,5.0739818730487904,3.5091968589815585,7.235572019527702,1.5161394985585392,0.5910712233905145,7.944143173509632,6.520743976893094,5.336700124096064,6.722696959041059,4.408219123708792,4.333009463959727,5.700895781668932,4.050028988898827,4.914085676957823,3.707638703543565,4.491326202863252,4.820003695513024,5.027478262501092,3.5097086874061616,4.655537359159571,6.480409248635689,5.017299618186625,3.2868476538308724,4.441188795042452,3.1523268009568084,4.148662048424113,6.628652832117573,7.32656378376073,4.4609189119575365,5.352552547280133,4.297380202546203,4.070210104872441,5.82137435103028,4.524397364143157,0.4084352804669024,6.460359882691805,3.6657099117492806,6.268616334631525,2.7360615860670823,2.55595375751627,4.753164399158338,6.3915409432916785,3.591786455748412,5.441603738188358,5.383671692411963,4.6273464999836085,4.1910533546630635,2.888172651416269,5.955619764482154,5.7982875621588565,4.600122708698801,4.8916639423575905,5.5671775993602015,6.1817891296834295,2.2481935712797867,3.6948843485322524
2066,2.9973404927114986,2.8109391254597695,5.240280673678579,7.0880311911219165,5.473905172841302,4.897901317682759,4.611004933201037,2.9885769116467444,2.661535089064776,3.659627917511709,-0.06778854391023578,3.574191248429747,5.046616003784387,3.2327068558540817,4.983495295047758,4.804069000071492,3.654546162434692,3.7301511969417342,3.53973912062316,1.1727062229966294,3.6210202661439252,3.5636808263972917,5.28113818708165,5.2995726188709,6.172321086813665,7.051736287515743,1.314801573753355,5.48738353810843,6.401917689190857,3.306207575610483,6.236426887070311,6.977307680769472,3.3515848473742116,3.52924009945629,0.7047169459662563,2.1466401024111406,3.127597808837891,4.781140351089936,3.6168516695114046,3.568896720675622,3.861523953105869,3.8429150219107466,4.178273167332699,3.653151660129941,8.770730094149199,-2.150216652530022,5.816707978988517,4.414173828052552,3.50429256170474,2.2280761302802086,3.913176957903236,2.150086561410593,5.446766767008553,5.213843604100161,4.588652341787161,3.2964566218955764,4.381610581073268,0.4061104586540656,4.77301221161053,0.934167400516314,3.5808224810351574,1.6892515420913705,1.8321147776883233,0.3248612397703664,1.7434022102890343,4.0418693931966,3.4949563659470666,5.10526284678229,6.527156705100987,4.450267051571399,3.331836958897527,1.823188094357991,3.455522457587308,3.841205824680371,2.6596990235406777,2.6767550171192345,4.045467557192876,4.318265786201793,4.751647251690256,3.5665553566710675,5.115659855563062,3.3568841157288416,3.506159053151979,2.4359489409574167,8.471733060376401,2.7427689449797437,3.3781619100221283,4.049322248275939,3.2983429313733663,3.7283113764534734,3.8759648802465416,3.872070571632477,4.873494779241496,4.964795735632549,4.278552186386341,2.599945939306555,5.971267986015002,2.6685061470187916,5.644074353678469,4.934763897981112,5.864988892511784,3.9061398768219497,2.8625312108418046,3.5458831952820558,3.180549061503903,4.205428393750356,1.6850070239783361,3.1627202809884616,3.5962166262084065,2.1893126187396446,0.2561676288987032,4.441023644445273,2.207262287109063,6.518421122996973,0.7753787544266907,-0.9996762680981713,6.598989601279128,5.758343259836065,4.88628755760347,5.995599332554585,3.6629600504349,3.4304736665096787,4.957232848323629,2.390051683667917,4.321489398335593,3.0940402152723268,3.751865636171965,3.6295585067107763,4.044114481529286,2.31239438570779,3.813655780564092,5.856366104093088,4.3160788314095875,2.013530221992524,3.2066607886347307,2.389735142218655,3.187135966815824,5.884961215233236,6.763186214170578,3.586598415441557,4.775161674567338,3.3028717292793877,3.138788297258576,5.095822182194941,3.2447069229493857,-0.5508243342668824,5.728426799691958,2.363912296896913,5.577231029498165,1.4088164405447645,1.2019974403083316,3.904983181377937,5.522887324464732,2.856397751847217,4.806020031201433,4.8057593294772625,3.5099807682222357,3.4871182750011305,2.2050967360364995,5.25095164673082,4.850848124458874,3.877448734024475,4.108937813611377,4.926795761454209,5.375427938740834,1.5275444778902763,2.449022027350772
2067,4.71645403974529,4.650433449010398,6.432993004034305,8.306021901232931,6.527330820930416,6.047702114129889,5.86135053840177,4.085759648218236,4.66712204392614,4.765935320537617,2.2507587291043394,4.885799556842136,6.1727313723029775,4.477532612866373,6.216262043550096,6.053750263205887,4.912307053290564,4.887095883488654,4.89130200599802,3.314035313910453,4.903638566876276,4.8557621723619,6.521192919238115,6.367138560989808,7.163940695146545,8.44288065849707,2.418254480279725,6.671249998026886,7.291742955495057,4.608812551046239,7.402174085699793,8.008009507224473,4.620334782220169,4.905077128574767,2.8791065722190097,3.4443679493049095,4.210749851571844,6.259186942138359,5.006027528438076,4.899716305530406,5.091025237379406,5.0661643093516115,5.571623175565541,4.777677039519466,8.910780916953907,-0.8772998604409624,6.827730402607341,5.722848031958887,4.844024090385386,4.385874372874869,5.154469849991389,4.303508943011021,6.590187705796342,6.695074977545902,5.661319619108888,4.870132563186103,5.599347946972682,2.6425339931557947,5.9896814247657515,2.0910642527300713,4.8237122944716795,2.9011555612087268,3.874814957894131,2.504528605025906,3.811424442149444,5.444071208608564,4.7437515692978085,6.237733616911138,7.448697522772346,5.646881854739688,4.469027174444033,2.894227275560643,4.84902265770682,4.9140174499359635,3.9245153132440715,4.591849265716455,5.350194276406848,5.675198875881475,6.218133079273431,4.828570064285706,6.23137260125629,4.456324327351716,5.030653811316813,3.539536336115721,8.5322512235364,4.031538321797192,4.760364412747583,5.260829073087923,4.7184482365846625,4.898864096094824,4.896336692417493,5.116596316469127,6.270561104190768,6.096697796521518,5.541717389534256,3.8174269932868183,7.0858656429396625,3.754940219480418,6.707132696334658,6.30192850067698,7.00004810608667,5.1208524653559655,3.9366631475758966,4.7709106791379154,4.209426143431458,5.4300615244127535,3.851075366910163,4.584961515176913,4.666313585793147,3.2758287473999226,2.5289634743641174,5.706092838583323,4.239030896846592,7.449957079928494,1.8830298914991543,0.9223237335681922,7.846555497433094,6.798589301520382,5.895399735919362,7.072446183654771,4.971078887581825,4.694098703306297,6.1132279452386085,4.443440925972218,5.541452802974599,4.318032303246962,4.884153144369865,5.4141445642915285,5.374871260968264,3.9660111686279063,5.015258860999143,7.025640762957009,5.49254830181599,4.002590712288329,5.079101063439558,3.649535010600911,4.510826762380271,6.894247606910508,7.62631650770019,4.75238396664118,5.938123588610827,4.687125441843066,4.453005115790614,6.322564407155431,5.23201697550971,0.7821627162750147,6.806861944753556,4.398685012622898,6.796100268092261,3.4739149685563753,2.891212660690834,4.992115437213717,6.635574916120749,4.120671200855026,6.097451456661883,6.031795673200794,5.018822485709497,4.5461691746423964,3.291892855331818,6.443566594658225,6.063194287748178,5.169803422586673,5.321353259785422,6.216732555422291,6.509929567061624,2.656038850545883,4.310602035790941
2068,5.8612814411521,6.073218440016111,8.716574784492453,11.278201212485632,9.076942687109112,9.537049706776939,8.262788617859288,6.118488215903443,5.9784513548016545,6.920469074944652,4.287284178969764,6.630096332045896,8.211865101257956,6.471046255528932,8.749408321579295,8.53476799641891,6.674153840541843,6.396161793917417,6.759158219645422,4.698869469816173,7.272975007320439,5.763663234313331,9.513024653991067,8.308573651810491,9.611925477286182,10.899042047560215,4.2887956371608515,8.877984784046806,9.763843525449435,6.365158272286255,10.34045514067014,10.158775029083094,6.940978736958159,6.82713862856229,4.730289630964398,5.926970566312471,6.231007090707618,8.75824402322372,6.2886564284563065,6.706173775841791,7.4597301753858725,7.425836647053557,7.484623744990676,6.787218682840467,13.222888197998206,1.535784301658469,9.59279360696674,7.608944663157067,6.666466493097444,6.293910142034294,7.635579469799997,6.197619431714214,9.131977475682902,10.385745083416502,7.619871665785712,6.66098089205722,7.815813626348975,4.533536579708261,8.883001652018477,4.1318795443822935,7.219994613528255,4.988931723264973,5.140151373048624,3.892672943323849,5.554816184441248,7.425161341205239,6.48442179368188,8.734490675851703,9.873999737203121,7.9537917802731215,6.23914513488611,4.831479212641719,7.103137489159905,6.264358180761337,6.324166704217589,5.886725966011483,7.516880963618556,8.20766814947128,7.831575134396553,6.506281420588499,9.582044883569084,6.514567253738644,6.349700035651526,5.415606209635734,12.805280505617459,5.600114329655966,6.574724548558397,7.374417449409763,6.6350617458422985,6.384208425382773,6.199264950553579,7.497546944518888,8.870715903242433,8.1582613426348,7.949203491707641,6.015788602828978,9.434048429131513,5.749816344608553,9.187985654920343,8.822093828022474,9.694721940656509,7.5631057920244835,5.9532093353297855,7.092701836427054,6.136128986564773,8.040439157808821,5.687578025460249,6.5063289940357185,6.676176301389931,5.258810990924636,4.24976327822854,8.09194968740146,5.537046479806304,10.185434712469583,3.81852619064351,2.9291618940730904,10.899966543912889,9.776764818901817,7.68451232810815,9.433480110019444,7.673298271000381,6.58616533703171,8.913491722941398,6.21462644785643,7.829558443650604,6.61136796971162,7.028405214101077,6.766832027832673,7.241940470784898,5.5932158177097655,6.948975994686283,9.224282840887707,7.932787405451138,5.28205255443851,6.3074814235170695,6.106030773123103,6.234298754235108,9.81287322094043,9.948691583673163,6.30136983394623,8.137906769042216,6.477284205456572,6.195883125066759,8.864863369117183,6.609651283298929,2.8482760520031056,9.379436434060334,5.7007768159111345,9.204667030057555,4.733046052356558,4.755093616743873,6.4508578499779095,9.239713991681738,6.577243198951087,8.431981397994484,8.179770301282408,7.170007089773815,6.67931408211589,5.205532927811142,8.950215716326294,8.7480038523674,7.79220142066479,7.820128044982751,8.609109014769395,9.81979440251986,4.631404454757769,5.638058392571598
2069,5.379080708877279,5.355730194229121,6.6953727053157195,9.519614103025408,7.344512365758418,6.973098216385678,6.507897609074056,5.121477630117844,5.391974417507803,5.76223176769142,4.456345870384367,5.509112412559575,6.3783770555566095,5.894164717595641,6.882828224321891,6.704938476262934,5.553538706539007,5.459871040849852,5.527815548510393,4.401589750890332,5.5602104712663,5.605677324186626,7.587684825576588,6.583669183711553,7.7248882980182305,9.715289988522901,3.4937502705845374,6.943894003574127,8.012768167616988,5.22781610745808,8.649415698737425,8.750464000963957,5.322902199651667,5.576362804606044,4.9582108063944474,4.254376005124431,5.18892491236329,7.298757864547703,5.603236163741557,5.525292865867762,5.581553185808254,5.765622037751922,6.175529147016592,5.759266649404991,10.952345266424377,0.5081273543423621,7.603634872634351,6.316598087035374,5.521920272438178,6.341980537463881,5.800004244364536,6.282478911095656,7.339569920609737,8.154001416317348,5.852554146071959,6.283736843230397,5.917168721299744,4.768420774939245,6.556415817732439,3.187342359299032,5.3893261215296215,3.87122352536896,4.5795993317432435,3.6293325330740958,5.7898762110974,6.115076786485216,5.4075778052210834,6.992372863123133,8.130331839980752,6.39767601084093,5.236337315483854,3.9851623547488257,5.501946512995099,5.45488766336749,4.618663282229983,5.298820889972408,5.8592252879050255,5.950000703334808,8.948897148129243,5.426477352093009,7.115690252904236,5.433826280051263,5.658242586357843,4.550133985178228,10.583518502013437,4.666796269280642,5.408249085319454,6.548432690573151,5.407533316262839,5.470785911227095,5.432319688161129,5.45055249744448,7.154735704434329,6.304835771178374,6.211960847521649,4.707559684227254,7.790320141562101,4.795091690174462,7.48903035809254,6.558385596193117,7.59254483557467,5.865738000335366,4.968303865399855,5.229951632690838,5.181735049483596,6.177294795369279,5.805197471174701,5.282691149233743,5.651346586130817,4.378386626983509,4.557841953018616,5.994140981600196,4.955487339404122,8.255738863400344,3.0225152789518748,2.807896543679566,9.133733710595248,7.613656756949837,6.061778840962157,7.8198965751919225,5.66900613191056,5.416150245687061,6.772302336733913,6.2812723435204605,5.804049629075775,4.710038237723299,5.861609774577467,6.100281470969063,6.002816526122906,5.211561174999026,5.8331515022136005,7.323696324152165,6.243649218359892,4.698722334273545,5.778355906765651,4.4569793531454405,5.147649738809157,7.706479391115238,8.22996769537186,5.335516751197901,6.174654465939466,5.334489006420662,5.084079978794884,7.028588084696698,5.977385349009703,2.1514875621872105,7.60310600030012,5.114263077491319,7.4450762241051125,4.191561461522658,4.558670764210925,5.551086625726573,7.564996397700802,4.904191375164124,6.311634576526181,6.21673581016989,5.731255250758138,5.591814440642964,4.310951977968213,7.156095005764532,7.029121919181841,5.86509038822661,6.136601508434482,6.480279541221157,7.406506171257328,3.732040216182838,5.022999018430713
2070,3.6482557103214472,3.383668420868444,4.968132893458525,7.276338193533491,5.681809108033939,4.807280896552678,4.758724598021344,3.221443284431411,3.3834017134945977,3.8854136605714955,1.0489103668208775,3.721619887598629,4.8081950133120435,3.5092286960831998,5.125970024743985,4.9266756171810195,3.805336340234197,3.879576107037479,3.6451925830594405,2.0367505630028657,3.7824243147825376,3.8723733890319965,5.435990039130735,5.067911215929374,6.097210277064609,7.518191345903119,1.6035108030613137,5.236859846988635,6.463121879717398,3.4041393851411725,6.347546583105779,7.225637489351733,3.5265966756590483,3.6508852983343205,1.8239953081155642,2.3958923883479257,3.335535120604367,5.0962896874046,3.9843128143713407,3.69219624790652,3.739963024340827,3.989595133682775,4.260447925984348,3.864988104279696,9.293250934831029,-1.8513885929152853,5.81001489943472,4.474225895158175,3.66427402994756,3.1907780067674056,4.0137481864156435,3.1506387488595413,5.649495222445191,5.305527390591035,4.316343549060925,3.8649948838584383,4.14045441407582,1.548585867701931,4.574903102398944,1.1693479500967885,3.5588296111030875,1.8263902941654477,2.5627928286276993,1.2511863384781228,2.7862215771757293,4.146929660747793,3.644591551402522,5.308741719622551,6.601823928027319,4.62165929685379,3.4527053835576957,2.1054839628652253,3.5059451995224773,3.9862814694643007,2.7821619418160646,3.3666195607390894,3.947446077034393,3.9600464745569197,5.287230609241747,3.7028110747964202,5.039055984146122,3.547362239710214,3.944846020144379,2.6779192555053473,8.837068623509898,2.874558161815694,3.5102262183510073,4.219670781544567,3.442467239396324,3.870511042660679,4.022464097316924,3.6073175593568343,5.112841233611108,4.707850619893646,4.441807522085205,2.6989550989378106,6.197433617126584,2.91338615890207,5.877316122039639,4.592351522682041,5.741487686747112,4.092700658173397,3.0949719332415477,3.4672201666338704,3.343740551379222,4.384107634938996,2.70258600463898,3.297592041821317,3.78922959089536,2.4704804252190833,1.4292814824087856,4.144776428824867,2.9313252116714077,6.534306169070044,1.0796655853246826,-0.08830639951188296,6.781180159798985,5.734989479954899,4.645736618031713,6.255210625714269,3.795214186454637,3.5449106086944733,4.832021354601301,3.3132849936855266,4.02579995347508,2.9086341225895374,3.9937254456353637,4.192243665713687,4.142169956760163,2.928540838689642,3.9630826136161565,5.596825976695478,4.50666901263697,2.7312808558344837,3.879883180147615,2.608957250698887,3.3160174252658066,5.874690299660994,6.770196371406706,3.7277185300943136,4.483164775474318,3.4199744534903562,3.2333222447798176,5.251029051005329,3.960449552613089,-0.12612647698100335,5.952655900173408,3.093953904856379,5.7162108903686555,2.1571674459324837,1.9789886984588763,4.063177697360516,5.742686133960198,3.0639860850983647,4.508696290439575,4.51436982072633,3.594691458447228,3.7051505417209745,2.4261822939432887,5.42454239674683,5.036050320121233,3.9974443645312867,4.321894404703174,4.613337231880244,5.325709973943644,1.7593393508979163,3.1465061472664613
2071,6.927220638969855,7.246210406694949,9.376710224254378,11.655388256727615,9.287500129177657,10.44698357228832,8.70111005560592,7.013535048427255,7.222557903363785,7.666652441024783,6.128803508035069,7.571648003083886,8.79207460685023,7.899954938169187,9.222549281757452,8.951836408983024,7.498423447543434,7.290474572957586,7.700191852861438,6.14835294026978,7.799159385007004,7.185519411646091,9.879774724871952,8.863640854584762,10.307689746906018,11.853086290688353,5.318267103413053,9.44384146996388,10.46051366652908,7.315969574939589,10.802986765729976,10.53799576427916,7.522721807568752,7.733249824108751,6.37808324319535,6.533970091877311,7.022454667649759,9.70816125951964,7.267460190273567,7.634956643756092,8.049858971402559,7.948977044333929,8.45505158230662,7.639409496866424,13.303846211268985,2.7937347318591716,10.389355700591516,8.507257908662979,7.616022036507214,7.966830178581442,8.044976423526638,7.881843649621667,9.427992228418589,10.963376224169444,8.275911246522748,7.956020693840654,8.511044053481248,6.297273619975575,9.597575729263244,5.155082707775048,7.768375371550691,5.992852130840564,6.4375504130048,5.377471277426033,7.128404580313582,8.349685037958213,7.343505693663812,9.04027629155537,10.64920175152606,8.507898865588785,7.114509506600691,5.784822645757731,7.944132220128488,7.125632266546119,6.904411196708678,7.075802089839145,8.280878949717716,8.825311891477686,10.598290723973305,7.450410411917962,10.472857063700419,7.336887979301915,7.392112617348808,6.372732802711685,12.846353177366588,6.639658976217801,7.56369117518951,8.716444384178207,7.627098704078073,7.29131837523189,7.040023846359088,8.133180366250976,9.596726836957812,8.796745268814666,8.377055774474965,6.856015990263433,9.829797650847969,6.639872260648626,9.4132300635864,9.420478906739374,10.39130738779003,7.962553311524724,6.785860790774746,7.74326087393124,6.923404161529298,8.400228376532416,7.379622148542574,7.508172401580316,7.513017023431844,6.186581474696769,5.989417778777667,8.679914618553276,6.810076768542155,10.953923168881184,4.86245549958328,4.504330529847414,11.335245853868027,10.56059273049749,8.343413579952104,9.75838241366477,8.159861336494311,7.490762322370349,9.589482787868072,7.81584772514179,8.52972879003862,7.338959608130672,7.777233876031023,7.912524670619395,8.144153402090591,6.837417816807484,7.807200383780332,9.780307931119001,8.326500903943492,6.51310714873774,7.483496082497057,6.628712463481678,7.221925059783047,10.585191158385117,10.62391181315841,7.189572168321447,8.76961353446903,7.494521606585078,7.169461565333063,9.238953417488213,7.808451105294559,4.0803002155032635,9.598660238344097,6.975992689358779,9.621790154933414,6.055545660956149,6.115824487397516,7.234040888219045,9.568099679746506,7.07934790541386,9.064372255916485,8.846658384588,8.105124453018455,7.420836803342759,6.15910840008793,9.276353082266347,9.157446086663628,8.220283020930044,8.225293189287187,9.189818550671994,10.692694294812346,5.652954345665356,6.790236566601129
2072,5.085931485146284,5.161766025936233,7.226700779609383,9.59209191128612,7.571637186904747,7.367695693174998,6.9381654103597015,5.300968905786674,5.105379297584296,5.913174853722255,3.0970625787973427,5.671628898878894,6.872580679149055,5.782835242400565,7.300326691071195,7.126725880304972,5.6587134309113045,5.622351192682979,5.6921797988121385,3.8865414756039764,6.031898239192868,5.4887910986319195,7.783083322395883,7.0407112522982045,8.140428337516886,9.77291169911623,3.690260405093431,7.423998189220828,8.321705667674538,5.404739693303903,8.696255875440935,9.028416908780734,5.782170993338032,5.707466607137274,3.6567861925267287,4.753424300160259,5.30442110151052,7.576791830999235,5.561267713954052,5.696085771483681,6.032180768406638,6.17763662515208,6.402267221113046,5.917062337075673,11.02047639290492,0.7463650236527146,7.989145417511466,6.546447040140628,5.647767464793292,5.062776354700325,6.249799303710462,4.9822855651378655,7.666166739165789,8.259967784699986,6.358396717812866,5.757202794154484,6.385691068569819,3.4553901478648212,7.018988121378545,3.3804888947556444,5.8320159748196625,4.092183452099561,4.316247993831834,3.122075837105514,4.541669581333797,6.254563377238811,5.504066577181222,7.3141431003809,8.530954062441987,6.731173152973253,5.391983363591135,4.156964834717411,5.662218632700388,5.624213902309328,5.095893226470804,5.000128130506102,6.133952308011552,6.477086995417875,7.778729960074029,5.621921594316758,7.532459758967165,5.588298918306827,5.5783892965565105,4.712661064664524,10.662528874476749,4.849873278538386,5.583046756684778,6.503105915958681,5.548090347150963,5.659704247117046,5.584275945524374,5.9422542671362555,7.522799641018111,6.828850989711158,6.634425091370943,4.952382650226355,8.122959906794135,4.944237455228963,7.769054712355139,7.074371181925139,8.035277322245138,6.240115917970736,5.104969344784816,5.782984410381563,5.300339253898714,6.535125329935306,4.560740431149802,5.430532462398213,5.794009536008039,4.528404587507254,3.35385217887039,6.494552675976111,4.683059968551001,8.573686271222934,3.22803968799611,1.9650401716430999,9.220520606761175,7.9863480083644385,6.560533548767369,8.120011825362843,6.1033161424100415,5.555718843018016,7.173938993116218,5.110212196658051,6.359267214794335,5.28729502397279,6.035428697988394,5.909993607054155,6.1623192269199825,4.772289060056207,5.98780096899718,7.793842528729391,6.595511544247469,4.430842076769721,5.487792318314314,4.8895831607282165,5.328654385078704,8.055164117490254,8.577031896760069,5.491278494646152,6.68600496505387,5.528651771026976,5.257305665314198,7.41632295101881,5.637395804623763,2.1292984118064244,7.8663357252876,4.838881754378477,7.857202793161076,3.946456058571732,3.88787537564834,5.661481763795019,7.781694695167247,5.339393405616287,6.8597514567275875,6.768762760361037,5.8436440497636815,5.678952286144101,4.494376984238623,7.519997905194761,7.248545048864135,6.294852795545015,6.464238216976324,6.979302714640893,7.802902836600939,3.9363300056507184,4.711857499616839
2073,5.584261389641926,5.597580880440511,6.717733189592074,9.171936092448648,6.8115984026728045,6.997004573104967,5.948537889739558,4.54865511121421,5.675221473363967,5.297794861012494,3.6696750207097653,5.624538130287467,6.44423143000438,5.213679922551945,6.354799480273809,6.148370303984346,5.626951474567941,5.518847993221778,5.679962463420017,4.315507440731444,4.945260984373504,5.571051844170893,7.055603714338666,6.6309421429539075,7.7697406157465885,9.129122953348118,2.83002283655364,6.984155693316252,8.030481030714922,5.333866177961745,8.221464831767411,8.1786432803191,4.697471604265017,5.695990920066835,4.192893939799273,3.506159679643038,4.74094102865663,6.730602003377057,5.6927085791168555,5.6631839835438225,5.2882409003274224,5.215812924093218,6.31461590913863,5.253573885637115,10.897638592226752,-0.2465446811040938,7.601231747049968,6.405195004210387,5.604031589524501,5.683411156309067,5.242130233809867,5.649848583443413,6.807005135149792,7.632532516944004,5.882516799430397,5.720514852842639,5.956451040917428,3.9925854774834297,6.585616749679225,2.5967809362658145,4.991190501328173,3.40513295063685,4.850536194597857,3.540110189853046,5.036657884973904,6.250053470504695,5.419414879946873,6.440029741875058,8.215238660573963,5.8938509654896,5.03942644493333,3.333598889410494,5.621146863904496,5.453609616013951,4.043932001138555,5.588832502478157,5.918451403749402,5.9691431995095865,7.638724089953408,5.552527179315302,7.144889917353109,4.98272633141485,5.790785221029716,3.9435989065416948,10.4720461697414,4.660314939145384,5.490276272954613,6.0221514424373375,5.511925125944209,5.489952282145104,5.420585463016199,5.43530711839939,6.594594378152798,6.343812791502169,5.624474453001188,4.269421349568615,7.274107205842075,4.227017515692216,6.967811417027283,6.602799101122495,7.616148007327113,5.220392920847596,4.416789828189486,4.970157556492711,4.679972979529155,5.630027101471505,5.1055130521799,5.370890686224246,5.15064402515518,3.7453573007008156,3.7716485191265052,6.004478189451942,5.22696295175059,8.26411682264558,2.333713246830575,2.08535456862943,8.741506734798692,7.644696000321156,6.0883401445402185,7.306402954561955,5.121566549457354,5.400462313972675,6.706705034806807,5.627574942235284,5.8227598836709715,4.575264704638514,5.368567023329954,6.288913856035679,6.144701792248366,4.7635547048572855,5.625645889868512,7.305961741969501,5.637210955650646,4.96712566655258,6.0014408410623155,3.7233351551253233,5.202338874340056,7.74643910857086,8.282815264216786,5.3985623663355575,6.200920737830219,5.3932110030075595,5.154517228233404,6.47406843304634,6.298813722321183,1.4412433109406768,7.086254734931321,5.39718579552297,6.8998587660748365,4.432727408177898,3.8326920080801545,5.5885036854908385,7.036580869606856,4.188428215297135,6.384970773396821,6.286412552593214,5.866145512153363,5.098196298397818,3.717804540976365,6.607045776371297,6.48321338691588,5.294816271369831,5.524187191678533,6.50153799303647,7.440440956952758,3.1340869514207363,5.331003140272768
2074,6.206852379544026,6.490799758968686,8.473963770180426,10.350697334470421,8.779740111581212,8.688569683164102,7.947221261160128,5.9714936829204195,6.434639340973107,6.7413739418161365,4.634392061238659,6.906790149879869,7.944703198086211,6.5013521457540575,8.489271065284466,8.21829526177768,6.874703766713881,6.6395917334433285,7.008670124514352,5.12527816511434,6.9881523277225215,6.07733655433524,8.896159202888096,8.056471024607793,9.065440760604265,10.690058905567074,4.244674690838517,8.552496799878007,9.180906422950068,6.616895793583888,9.444747879844288,9.940002476732278,6.6429799461159185,7.033838238181734,5.121057310880255,5.647237470180823,6.109612055379764,8.527124871467725,6.5345414578914625,6.913695309760756,7.232814723657894,7.145854682244107,7.722877067995485,6.623314046333063,11.55195353565545,1.484425783671183,8.89719862722117,7.784768732457331,7.016843214791655,6.601319229808352,7.296291508037467,6.560399427496157,8.829148456454279,9.238222179227872,7.395374296040368,6.772359511975584,7.62807600431401,4.934365288836173,8.362578326258165,4.060908644620715,6.984218856384015,4.832475672508107,5.578555356197317,4.355422279444232,5.942124559961514,7.674564314299613,6.720653977630469,8.457207188780966,9.322416111120377,7.706096699268657,6.338851566008967,4.752244668787922,7.265463537311763,6.474170486988692,6.0840560434193485,6.329152741437325,7.546707931263695,7.956038298278016,8.578547866180024,6.720404037627681,8.768162142678063,6.355265090177804,6.6293544049920685,5.320798222746318,11.080919151676111,5.87320271237143,6.908516170649696,7.291771092291536,7.003126918755734,6.625272796071811,6.417646055077686,7.276628883748218,8.597698548744466,7.910809311630395,7.634484635617839,5.819025477458688,9.193745599610029,5.625993849003105,8.889113699567732,8.506431807731756,9.121546376368089,7.305044817513429,5.804642297455977,6.818681689428877,6.0388924804805155,7.776630554733609,6.046714391173992,6.894246426121947,6.520183097699598,5.188904044828541,4.718120861670066,7.8376742806927915,5.975129770821541,9.56086496212359,3.7834800363614662,3.178705589139256,9.942145100826844,9.02564713975479,7.4917204672278,9.18814462628858,7.4069535018041215,6.763452185125186,8.375000117153961,6.49495921669335,7.593309648591896,6.411878656017888,6.823284826915839,7.129732731601288,7.475490394658569,5.828795468498918,7.0079332271526615,9.001235879700761,7.679506303742528,5.712553658940153,6.6896490876016905,5.850874656682899,6.548890186152583,9.104847792921396,9.406914611057992,6.512548006685645,7.861710363886605,6.809048546799295,6.510144289197594,8.529519377083616,7.0923399365153825,2.880638253586042,9.064748991152339,6.150009148850522,8.895465883458481,5.178483866412064,4.973192941333197,6.64864846498802,8.806772167826523,6.321967497724914,8.147851658278494,7.883149969648444,7.431858543691965,6.4948516611395215,5.129591555077713,8.623893718010393,8.21516703634427,7.479686805657275,7.488464320271182,8.350975680710938,8.99509119319505,4.5361647255204876,6.04451004736896
2075,3.3314853909200646,3.174019686620808,5.640912677964261,7.1046997036399535,5.562680201797652,5.22317273349597,4.738050882158606,2.797337075759624,3.0411451556559275,3.631450233274495,0.12268162647197724,3.989637900786156,5.419967078443235,3.039398882152704,5.150028865399036,4.937176119150786,4.101575111006868,4.033976434119815,3.9711232766637514,1.3763041172562003,3.687629449213372,3.7060647320387714,5.3431974464449405,5.641583171769465,6.458562953718782,6.970997446569903,0.9322949578535974,5.880226592910642,6.644380823805414,3.664805293725484,6.210178142477724,6.956469736736394,3.3429860867046086,4.0092798125055005,0.8466553794187972,2.04414071476665,3.0319982778666428,4.795940878062413,3.8983044772858504,3.9933500202565373,4.051017982564094,3.924100867055099,4.657999977983278,3.615525561160054,8.790054705636255,-2.522569652903697,6.031636624500671,4.826351322490594,3.9544034199468046,2.4960366802868146,4.010431966391103,2.4950882360852993,5.5840341854712054,5.227981867461366,4.897364126711059,3.377076915943,4.763718054212373,0.5490222033755539,5.174348447343399,0.6986617153060893,3.711435462637194,1.5961700896250817,2.1556941340195728,0.5595576362363202,1.8410976706393816,4.5627755196443935,3.8963843139594982,5.210824698659366,6.826949774094954,4.562319708538468,3.409858087013504,1.4913292593354823,4.016409303479155,4.0627689947342045,2.673715290886448,3.0566100897588586,4.507831443486544,4.793069128075551,4.389085576195141,3.929773726468457,5.435550597849588,3.3168054875628723,3.8369871236961957,2.191318280866434,8.360870388561285,2.9200770150998543,3.802144220098857,3.9925212685404157,3.787057269236136,3.9993545289697368,4.0721264841227685,4.281339243311309,4.968448541287721,5.31993086944366,4.374896528648919,2.6247132155915773,6.072587388599743,2.454500060656977,5.734629732781441,5.428365087714692,6.193347537055098,3.9318783807343416,2.673416280926298,3.700632220904888,3.0121267792800923,4.366508579459682,1.9309269220664624,3.640095885457663,3.5346464268092452,1.9074860076452118,0.3368901864721868,4.859368021118231,2.5515255876656266,6.784036185720872,0.39740257382650124,-0.9579766474921134,6.602776338476771,6.046105589846083,5.165510018966321,6.0886519487048005,3.872309705178287,3.719102909852716,5.2637359510207995,2.596374124031646,4.697348076721719,3.332063954965823,3.7041993706390786,4.0039392165068906,4.49491478001763,2.268795788288118,3.9531854247224705,6.2522446068710265,4.379555537782864,2.3525031981026303,3.5608917095794737,2.31395212943056,3.554314735088628,6.184043390997525,7.02326783068992,3.9152462356402693,5.146213545881473,3.6928545541515363,3.495164997618774,5.225520090810182,3.6943992818223994,-0.8043726985824525,5.8445180438715845,2.7212288878087345,5.696489065371711,1.7073448400398548,1.1067896575249534,4.229331734750807,5.560570957845657,2.807416364679047,5.261561947136089,5.184504541407886,4.097075184357581,3.3916026809863,1.9505115901601724,5.381945437912283,4.872357964515688,4.032643210271308,4.125512160810419,5.384881435797132,5.690756767474369,1.3108416055810848,2.824058464375036
2076,6.257461607456208,6.4727652474616955,7.91793332534532,9.823504466315113,8.322355232636138,8.03804176195214,7.369881293674311,6.006314895053708,6.452249565223855,6.674775815848259,4.500771991101407,6.7544562066594755,7.487907673791049,6.130366489291189,7.795844722787541,7.603141355017813,6.773503789802394,6.544295015931132,6.823212221761547,5.058868020897112,6.422084947892775,6.381118952731293,8.270553398132325,7.630471329887708,8.562484407921632,9.868663095434506,4.272695146749416,8.082834638779358,8.789337150442103,6.452205980320768,8.872747939825057,9.573668194810555,6.219278041397532,6.900486728549006,5.019352335979543,5.22474842121204,6.095672242840132,7.638252263190225,6.573516134669385,6.800296181440356,6.736159335076814,6.646654545329514,7.490950868775447,6.6118161136905345,11.174590031305952,1.3961547836661314,8.42991747558117,7.578867696722349,6.773477246984839,6.493930031855904,6.700469649334751,6.422700423498949,8.300676253437997,8.342074974377951,6.899457978953918,6.698195861683536,7.1478292549649876,4.800154096012313,7.70138327404857,4.005615122492111,6.461613955100376,4.733251762141779,5.607505916928253,4.293050843477246,5.8402640223503095,7.474686226993799,6.577742724617323,7.938494749367237,8.883338111639018,7.270504021582503,6.261082902550696,4.793583381424347,6.923851042985916,6.441803326457741,5.627285541159411,6.328647072737414,7.156099399924274,7.293210241198546,7.428320070542398,6.633154500524199,8.121251985927426,6.302507018546262,6.660650523503622,5.3371609956026065,10.791047773758573,5.780151370664441,6.680119419842958,6.855548106009761,6.72078673640887,6.5500078548987695,6.3787581550578265,6.7408962607383724,7.766292577981956,7.42428293243672,7.0829699975748825,5.576893526067337,8.668488470961647,5.632336095968883,8.471999543905257,7.884559920430184,8.623923397064207,6.793241122365002,5.807554009556776,6.3638072428603945,6.030446706215541,7.120365848640603,5.915137318770095,6.591500352323048,6.486145713871036,5.1918793797493,4.589200281367327,7.259655516967176,5.98701311275363,9.136582181851065,3.783453932404519,3.103334117059906,9.385170000419022,8.50559440056483,7.038207353403172,8.737761049717664,6.630339894940452,6.586365168541666,7.780353704094886,6.3732676622768265,7.0275701933850865,5.901826674739522,6.789656934266289,7.161253263552982,7.297849535755813,5.8071288004517605,6.8931277555723955,8.478437437613811,7.142187798892459,5.729375378539164,6.7455787022908575,5.393313336372376,6.354930406312148,8.589699946840604,8.874093569318456,6.435555913299327,7.340145840387172,6.593959977726144,6.287954720854762,7.958715416987736,7.113269283218934,2.8214024330178895,8.613421443104743,6.176877087882407,8.301972489431503,5.187366028130058,4.938496947288514,6.577488268787662,8.330283743143081,5.839176248634853,7.578739891201257,7.401479581495122,7.183625838160513,6.484905841387806,5.117604571084182,8.08140316357215,7.682215837637584,6.7957139247407525,6.996685396879912,7.731580244749785,8.408857557922598,4.518340259293713,6.065005511790515
2077,3.961528474914614,3.8005743697285643,5.8513160712760035,9.013872931743496,7.048008989157349,6.021972428108079,6.1231577794613505,4.523092982584036,3.7625266511378577,5.176788262252152,2.0816272188877205,4.259287331759097,5.623531810168561,4.771893102033384,6.518384278848257,6.3299922916138955,4.291914711481541,4.350859913075793,4.205807617512243,2.6246388133229854,5.167751807655239,3.8612736803961214,7.123286130099459,5.85057685623781,6.961237677983167,8.871125287536914,2.8744643501423557,6.118350138951995,7.317657405735347,3.958729744969128,8.089661143720152,8.452585885782952,4.931308642029764,4.194875859350352,2.787468175949721,3.881818457410257,4.547667326453816,6.486775860190394,4.38190405558923,4.235986647934745,4.866901892141023,5.363065316117013,4.8541571091988995,5.1296095529507,10.995079714676429,-0.3488904957113604,6.805373782163552,5.10037751123309,4.192707639701407,4.213064512302133,5.430674219439769,4.114669307809454,7.032537924832307,7.419698248135632,5.116599470376968,4.915863773271701,5.003059257464163,2.518006206072609,5.642389081546972,2.4833962999541166,4.767475749012726,3.155109154253169,2.976875283594789,1.8120366483926793,3.7308376336406024,4.6990226006199585,4.123177207235631,6.6826606380175155,7.37164698695314,5.947359638995137,4.28250499789057,3.3995778112319015,4.137094375131458,4.424385522299543,4.116821588498763,3.716725252311805,4.670586375792609,4.997788745781471,6.317688073577552,4.23860935918216,6.191229584578685,4.824622734096545,4.3429205304589775,3.928596192135896,10.569519166802541,3.404079786662397,4.071380415224823,5.473167932752905,4.015584779252971,4.349889421642851,4.4339096352201075,4.561220487643933,6.544093713678165,5.5382449986605815,5.8224562375709965,4.049865971351493,7.478276705433585,4.1948950149696955,7.227901016843728,5.6067864183208025,6.728128233860284,5.517192159490341,4.384840250207945,4.614282940225352,4.558384530888549,5.807954490827079,3.654605306428054,3.8763897460082486,5.048025139446916,3.7760828268425226,2.3473660464816066,5.108813033118076,3.3325638827578774,7.50230680958464,2.3600115750370363,1.0138820944161246,8.606571496046822,6.774775501982915,5.388776149054797,7.539622226151926,5.273952938616276,4.2608055135331515,5.947412673255495,4.249430814179879,4.9467229380689846,3.9448684217600976,5.28756807487587,4.588565240132397,4.685884052566413,3.811051082765235,4.879577972765628,6.479354028557912,5.888634132927865,3.117778330270586,4.223721446919029,4.081722761022634,3.8638489923985904,6.887947188369159,7.527822251142611,4.2095603968562765,5.366599775850775,3.9923553345564393,3.789052523094517,6.6709216010981605,4.32721234626811,1.1515482211935104,7.330630698080722,3.491928692521722,7.074801295481878,2.5726502460010074,3.0806025348860673,4.48965991314115,7.217287128855441,4.534452166022929,5.44343656404265,5.405310430050154,4.177202127616982,5.016907288082714,3.702608734497738,6.8115500550845605,6.602742576393592,5.462455074334963,5.769564045320171,5.5730512984546605,6.486297346137718,3.031425308564615,3.484333313230809
2078,7.48791722221107,8.10336446800623,10.659281211166544,12.910379644611783,10.44708076119423,11.51269428072305,9.812965199865138,8.375768522764073,7.906773272207046,9.12905124651975,6.496199303916818,8.995643769390885,10.017374133755421,9.17300992895817,10.366975794321508,10.112049032901899,8.890199547697762,8.536085078171613,9.19907194954054,6.697484940804282,8.837787834028232,7.867687030085203,11.152039150739538,10.009345678933736,11.248005171274315,12.753103199190111,6.574452973388391,10.67641376485599,11.310566821681524,8.706726830741712,11.934543928067235,11.489907467673566,8.585981743217538,9.230257402848585,6.718367256481066,7.62800271603568,8.425118599472375,10.789562962563899,8.159068767623655,9.05975921452045,9.23858222313996,9.11771596004737,9.923855681100793,9.028269817089212,14.07737174938465,4.342023997439135,11.25042031628304,9.90839931471594,9.113003947354603,8.560747545340966,9.192959547556681,8.495727971710009,10.61598161762131,12.457745173881793,9.436679605779977,8.856777450647852,9.820032447576525,6.620740787736301,10.82846387090354,6.575720533214769,8.932233445346357,7.564270369194708,7.102143967459946,5.893598785174305,7.4444042708853155,9.8872218704943,8.740465671851712,10.194091143279241,11.427754995124094,9.725625792197114,8.418862842280287,7.0828734988282465,9.625666289622417,8.243785434241955,8.01673218864819,7.732252658698069,9.779639096095648,10.301341556783381,10.990678478546183,8.782453133114451,11.450643243460824,8.812418502980265,8.226187093504548,7.656437836844346,13.56305745912009,7.85490171457159,9.047580834092772,10.138554821112029,9.19308826635624,8.488012305107606,8.142654594676253,9.455675450892285,10.727630266213213,9.998985310053007,9.489000802410057,8.407973276386999,10.881921066549316,7.981663424907062,10.575442260195473,10.923371391049745,11.486731024651691,9.048928445783154,8.17288574884678,8.887028087572805,8.276063883099065,9.65190338420457,7.898755449898031,9.083914326182729,8.903053946536163,7.548391058013359,6.247050619844732,9.983384879498646,7.4879809358510485,11.81922294122392,6.153082265550724,5.2150530622437055,12.605812734570996,11.529232221430746,9.411554330927801,10.84284541447615,9.411236342684978,8.927974529564379,10.683471206961007,8.304633808547054,9.798077778055749,8.517936811108015,9.168076885928368,8.702005116076307,9.588567405425273,7.62347868341824,9.187766821476924,11.051576604103225,9.44009921211621,7.19023897062088,8.083601742725946,7.723253988500297,8.620990438129883,11.510000226954961,11.442409163148241,8.446892297473447,10.035916163489738,8.965671929691371,8.563145020912431,10.437627744828829,8.546425062006916,5.317772362252761,10.788439175692098,7.654912250309153,10.751224531438847,6.712309323379707,6.870732591583813,8.412470501430077,10.716133617635435,8.1645078175091,10.46759417042907,10.148125751393623,9.820606979830513,8.847472648168429,7.479404643948736,10.459749273185079,10.2955228722301,9.470084402902891,9.341595136913758,10.597750318975287,11.699614306976056,7.007556719320091,7.482591111341429
2079,8.274596626388616,8.622448670517267,9.612244711867698,12.210596183250686,10.081689352619232,10.300615002240598,9.242567229630621,8.043708426942086,8.740829036795889,8.744436051824998,7.884479617699987,8.348908748863074,9.035640851690852,8.726086552286969,9.665168063907789,9.528766308750576,8.258644110876423,7.971027237587964,8.460146834238852,7.671076226529894,8.324767268808758,7.879754426150488,10.54299615169394,9.112987160425766,10.257781825702768,12.119437180716417,6.312941643184627,9.744977277928387,10.419310762964445,8.05645254254341,11.261105530220885,11.193040483984454,8.149794588732563,8.5324993770698,8.148725193250796,7.233850343345571,8.036740832544611,10.027004029473353,8.225592896599196,8.394020248782532,8.554770960376187,8.5628643166595,9.18072647864705,8.605236539231806,13.464825399990737,3.990631393189061,10.307962363650061,9.225634949474504,8.400457561706537,9.641942630554071,8.638857183271444,9.546039241912037,10.125869659257345,11.404010808159567,8.430489826818997,9.191137348237483,8.850162879788677,8.01704498072123,9.713484323230286,6.212302990257743,8.309303348434382,6.982257556491374,7.9046040393155215,6.943720642091905,8.808854653146756,9.151491161552254,8.092923624216228,9.752212141351453,10.562933243554216,9.183200556656407,7.957052657179984,6.8311371582335445,8.700551985923589,7.750929753263962,7.553333646264568,8.55172964305906,8.866162459205446,9.226618069224065,10.888554862860975,8.178523378639388,10.301798719527396,8.36814101965263,8.437426903766807,7.290363214974264,13.049522087491788,7.388719084528113,8.327501463735922,9.43069605188894,8.424763949523713,7.957661766173514,7.657276419216194,8.525440652694165,9.965712691689362,9.008246210628545,8.98341106764715,7.741613907546834,10.37821029743244,7.6307291035893625,10.214586350424538,9.790418982634252,10.500393657848752,8.635178374319242,7.809512137660181,8.17636205358752,7.911528515918503,9.051307103243367,9.022146061544538,8.301951238179008,8.483975849917222,7.217903607460705,7.740105214303937,9.050716051896078,8.299948698230859,10.948901806925905,5.907745485804207,6.083883037341054,11.863214609951813,10.467215396206955,8.466180265206718,10.441289904816403,8.620480480314844,8.296838192076523,9.740458784432242,9.365710849135088,8.785667006038775,7.723082041159143,8.81369184574177,9.213237857253393,8.906376383010429,8.14817268706473,8.691455783202025,10.136785167301525,8.998801750179128,7.991863481507734,8.90682954418249,7.3618939400746894,7.955365598844045,10.496606819588562,10.453511400469417,7.847799713723361,9.00362447546474,8.24503778011121,7.903527990240473,9.867330766957389,9.417847618717571,5.26394975712073,10.40540251701043,8.472547277230126,10.171565019878848,7.527046181775374,7.581779582233265,7.873029576807187,10.279222267968901,7.777675513049652,9.343458359611445,9.058120806155534,8.98951896241513,8.486138342333762,7.148788327543903,9.957291890192648,9.775520577641394,8.7975899967654,8.916383513249455,9.546431465395566,10.568567493609317,6.659238769062636,8.284774080946526
2080,4.619481935848791,4.535736995935439,6.02125821808974,7.9987320665270145,6.235525898138683,5.7257424672444674,5.517164542774359,4.278865229090056,4.588070923586687,4.932436461249984,2.4676613325563532,4.635021394491194,5.782141486306982,4.743461725115778,5.8725248237450955,5.7001144687334655,4.6907663702964815,4.664713287850221,4.638322903712591,3.238220683733622,4.536558559536938,4.5595179331799365,6.157636792212727,5.994824509384736,6.836732495079439,8.199558403358486,2.516313976546129,6.2525904059410085,7.056964491183555,4.350745931764442,7.04679984077811,7.718432449456302,4.312879902621114,4.65128995627165,3.0932674034032965,3.0962075541106353,4.381207035978634,5.978764131416881,4.833438122893373,4.653294912974041,4.6724907358487435,4.806776217122874,5.294286473343773,4.951151219010356,9.320207053422928,-0.7570483821754659,6.517528831958772,5.462709400057793,4.589512380957601,4.676864478116236,4.806735212604204,4.640440198779107,6.282150102655093,6.225706207255523,5.268023769557474,5.061217083409428,5.1971868470311176,2.839614539345105,5.583886297543844,2.215889746385319,4.418188733359179,3.0841911155070787,3.7794704242298995,2.4133958602945023,4.009447598457332,5.182958672940732,4.508976587653161,5.923574888954564,7.2310443978601455,5.498061514087017,4.392961802085239,3.0365858465433124,4.590862108146149,4.677211722118469,3.544031404455502,4.522460715162259,5.006839860975744,5.182331483562788,6.852467073251805,4.596542379632595,5.906185603172828,4.6381704598665205,4.8589505272607045,3.6672645876805,8.916413920124374,3.757865642507871,4.4606426879763585,5.607144413640101,4.433620183542372,4.632783819735052,4.6845731786141815,4.6948335419098575,5.941431447863581,5.694326769312221,5.18703971380989,3.941502760350706,6.780370326340198,3.9342150847117114,6.438710142175361,5.807408063113692,6.620488478243351,4.765474573274454,4.13084743420283,4.390010174115502,4.348831255237262,5.098340315620103,4.086205892264844,4.294881047308444,4.835143946111201,3.427850994467737,2.6138071226576973,5.253613446404537,4.140719431638718,7.218505744139355,1.9801041409994171,1.1315729586407575,7.512769525746506,6.487472095464666,5.530448661899814,6.774866983294489,4.601726685961089,4.540630238254866,5.741364489123227,4.654243054240946,5.10500815138221,3.90623141626517,5.045767607505939,5.263439209262531,5.122231176495554,4.021067020048698,4.96936773021395,6.601955055321257,5.1683747923622585,3.9029792996123462,4.974077548086644,3.2902273446321497,4.223348021755617,6.608657856533925,7.347802272190655,4.544759995241962,5.518948714931804,4.373688099284963,4.177119490504266,5.9903720299402865,5.191048449277874,0.9150775651137002,6.5242298990488035,4.316696546475094,6.449696156630915,3.3556456193327904,3.075435218463341,4.795804010331632,6.3363290100048015,3.7530743449926387,5.642408910021185,5.598886994520823,4.723319189747175,4.789135355254015,3.386908541123075,6.122971519331137,5.710298935572309,4.8075638244549435,4.977296608686446,5.745187538862231,6.186250278353692,2.770671705404918,4.267414030556878
2081,5.444680272505203,5.363629609860224,6.821044958870987,8.67869496339097,7.12531294879215,6.672353733459423,6.305987792153809,4.578852657228708,5.452540318642196,5.249170312336807,2.8720115656996597,5.274964057037539,6.500952602203552,4.602674824860075,6.720407461426378,6.528326310602757,5.335928531877439,5.239179922524712,5.303904525357584,4.045513007918309,5.3168037720666925,5.113858403766461,7.045323477736834,6.68892139710229,7.569160407955018,8.576684690112698,2.8941952776292275,7.06405215736094,7.709562340430142,5.001028580655309,7.788532788889357,8.511390615126182,5.057929014209018,5.3307332658562165,3.45528626546328,3.9931617517923534,4.673415533684447,6.433833239150457,5.5160474743822565,5.289288513105493,5.587912834795384,5.523675851620216,5.965574217767555,5.1966538673331,10.227280311543366,-0.25222465813416667,7.287159530253246,6.123951235208023,5.2684498773566615,4.920088828573454,5.639937780540565,4.8298277294841325,7.133397561658561,7.107925528082357,5.962825235621686,5.313631468163483,6.016138813362035,3.2144262770126626,6.500951687837471,2.545399086228732,5.312157100130769,3.2740650531546827,4.652807448444693,3.243677352587211,4.343028256316378,5.890330654151482,5.163866190304012,6.765583269554997,7.765357947041249,6.052731796071452,4.896491045581883,3.4046046951914146,5.382099804179423,5.246289880432445,4.424808115794741,5.389895942190598,5.807637423019985,6.151240300515605,5.7115218116548565,5.191041193416762,6.798298854766223,4.891525431696715,5.600776864151505,3.9724224819962313,9.87773696564395,4.471249705758588,5.161354584426715,5.412449007275805,5.151143505912405,5.256539894845977,5.229996412285959,5.577278248708823,6.599214544070176,6.421839698121465,5.970394425094127,4.212497789412734,7.5878540899219225,4.228532426573079,7.2680227905511865,6.752134295373127,7.480948213873235,5.608858986661354,4.4135749514760665,5.204813270476358,4.675321353663662,5.956017396573362,4.3609874256212136,5.0168761472249885,5.099846962453994,3.77244258209549,3.1043888872232412,6.145669945355121,5.035502283223748,7.934194703554291,2.3911244607177258,1.532147541577958,8.231374857754547,7.323211640119552,6.150672131057446,7.599934037389428,5.49399535415758,5.122678060983789,6.591348023764017,4.931244941620991,5.928801496481077,4.743323800892664,5.3636875720373505,6.08611543065515,5.7946305237218745,4.533612968560694,5.461565494280439,7.445228893630975,5.99215923012074,4.791884846728426,5.84219654122817,4.178824268538376,4.905796871809609,7.41402796039294,7.987182470327564,5.1055499726328355,6.311836651686965,5.077220650582479,4.8513357788324365,6.85178826286875,6.023412406701466,1.3332161769784734,7.383642496476909,5.186384135792994,7.266951209512254,4.261732953889617,3.4414184587397467,5.3466596830764725,7.150855021743941,4.628546275455377,6.48128797910337,6.366498943546724,5.489533112480726,5.03708409851995,3.7352851803960445,6.935829798723086,6.515240586459127,5.701515345224019,5.809192425218125,6.652330318690632,7.09331206765411,3.1118773179819272,5.156310692429544
2082,5.377164633623487,5.446238180429774,7.035192584811614,8.740390616758118,7.171522710279662,6.903539049471249,6.456655817812886,4.605094590834499,5.452804496961421,5.3202711640503955,2.8854970400189526,5.6553578374200875,6.6878334938966,5.1361656684813815,6.816238172866147,6.665968585630948,5.659554892315951,5.598598874848465,5.696923092521473,4.097940126353683,5.499345307206291,5.701913848390869,7.113283179571916,6.87214476435349,7.733228886435776,8.961585571282896,2.90510719346589,7.220449760556227,7.905940259582014,5.39596254095949,7.863734901208302,8.582583681776606,5.211978729942751,5.712035225383169,3.463968349428013,4.130608691223736,4.705730837480778,6.817492988626955,5.6740541607141495,5.688309946065321,5.7473792092039675,5.677983456644517,6.377023814117601,5.272633043856456,9.901437385328883,-0.21180215477944045,7.525534684288091,6.4747200068728645,5.636631711514604,5.033420774957229,5.786636845561963,4.979854071448588,7.226022980336483,7.186019996630734,6.188209653671446,5.439297982844816,6.237041243512572,3.22592852370621,6.693793997553914,2.6359607901038755,5.465335455177164,3.4280483280790253,4.681063884804992,3.291371335243359,4.349100650641424,6.25999016953825,5.507622524774795,6.868319806353801,8.132686911471957,6.214574289154905,5.114536310835133,3.3916662099032586,5.6694870502527435,5.583686764544711,4.598354178769832,5.337711800018263,6.075438581150157,6.335017287782555,7.234822676613417,5.597376030323833,7.023180120977861,4.982127204794308,5.719731987807259,4.012771867986383,9.571826415842976,4.837876047168312,5.570679766864609,5.896147486914334,5.546328236316812,5.611924987414786,5.554024742081247,5.785361478554792,6.877148429638355,6.6324151178966435,6.140283627114422,4.363717683430373,7.658585615873594,4.2343582279723275,7.34931603716365,6.919174515610112,7.657111997234415,5.730810469594495,4.4044838033873415,5.444275437244055,4.7047518645894995,6.06785817110333,4.47585525286609,5.425260188122249,5.174651503819841,3.751882034129116,3.120891116944885,6.332596079028894,5.045533509090027,8.157486107842683,2.4021371660176043,1.5493300218006651,8.297015370479949,7.5065802361430825,6.387295190020111,7.67852205166529,5.604495940794203,5.420139367210455,6.771671026945112,5.035287620307044,6.173519547129494,5.02420042073033,5.407061507989617,6.16084626843703,6.152300923629182,4.571923409524408,5.644977601766908,7.615754450960405,6.11599719659265,4.782248771653095,5.798073158695782,4.319594532765191,5.30534164967208,7.595351434858707,8.141408937822643,5.469388176076885,6.503007723596587,5.511625233395347,5.248917380540532,6.958680319824608,6.014975121822849,1.3763917992854928,7.458895414361156,5.194161133391077,7.389511441105399,4.300442091349896,3.4340912748513546,5.648274762106354,7.229113413342115,4.776336356483661,6.672521875978548,6.565025242238205,5.88717314575253,5.026441036884125,3.7978853891635764,7.069084541550996,6.613894799659994,5.808396126561122,5.922943151202694,6.819509426452993,7.312563046299179,3.20385699911878,5.048182814285675
2083,5.444873863766939,5.54249489602858,6.984195685078359,9.084737723757486,6.959856851347562,6.703396031568792,6.298172449243481,5.296439695974875,5.523730599225083,5.92466850527402,4.1503745789302435,5.869938267555474,6.664654516069031,5.895259370385063,6.65734542392451,6.468430730803259,5.86911849035271,5.770584824013298,5.935079100830806,4.32648818734391,5.345985410311502,5.792208019772478,7.137726380604745,6.834011386951498,7.700453794336527,9.364136126117202,3.5695845979940306,7.191736310720445,7.8312333431737216,5.595332834227333,8.120216285103355,8.409937622732132,5.148915356667392,5.956408349636555,4.606884143989662,3.9478955548898953,5.365756463034654,7.089855204882292,5.801247982886331,5.92203213659854,5.595320678320071,5.623265677998807,6.589389056481161,5.943062873846242,10.602934343033827,0.6570080292636006,7.373731452056432,6.706895920737042,5.8414183735590575,6.094449608618844,5.577535152306842,6.039233288117521,7.016286714323636,7.558766407057132,6.138319688881266,6.245233933987286,6.227386699154459,4.435878459556863,6.580590403028603,3.3331844210624726,5.3020366323662245,4.140650357665683,4.7021983265876806,3.5494479036022937,5.443186143862786,6.525300286517576,5.682414638649287,6.651963069778065,8.11331208056674,6.341813807857448,5.4663602360363654,4.067927549801895,5.884220154121004,5.711662473478194,4.401609840578045,5.433883417526193,6.171218582782254,6.211733060407227,8.092998166793386,5.812679743040994,6.888215651157603,5.643951102577406,5.849761047882251,4.667253292197814,10.231115034941968,4.924067720770836,5.758975829029905,6.73034101416325,5.758922809670713,5.753904773757378,5.668798401373723,5.661523780175324,6.920585811266613,6.597678281431053,5.964378469463053,4.911581311503361,7.516837066617507,4.940030980469854,7.139547216224266,6.84252923161819,7.594691111352937,5.528030296851849,5.116475719316249,5.305034568469072,5.300619575740959,5.869404392525687,5.529782741748054,5.622054561715699,5.836781297521346,4.45857471446025,4.174523850629942,6.241149940624319,5.081353752520584,8.033379066478593,3.0898280780890897,2.614284322693431,8.639172322277364,7.415167872248023,6.344275108157206,7.488746773580029,5.4257184611312335,5.755415204912428,6.717919563938836,6.039499896096769,6.085893246634258,4.856463694045771,6.020244591195011,6.2595739169367395,6.422924475728308,5.140746678257812,6.113057952418378,7.539880943067112,5.918671600263695,4.820036682974672,5.871334795807975,4.107384919606408,5.473227048228529,7.49343909034184,8.082323098812124,5.660725353349898,6.455275657169264,5.673702383863522,5.414014654683657,6.759461825263918,6.14786135482377,2.193729281939306,7.236208555770334,5.250266121315035,7.229423363147114,4.292302465002087,4.381169253317961,5.817467122049679,7.162245365052391,4.567113250494,6.626262191554593,6.560373098171994,6.150668862564812,5.760863172083064,4.428961221770992,6.867130669797294,6.6173934808065145,5.60592911565869,5.77375803219861,6.729212623218011,7.1571708470583,3.877948364114454,5.165228617024323
2084,3.4272521037608383,3.132039741178353,4.654823283540704,6.8980800420045885,5.131886693959434,4.167724908391636,4.255456400662663,2.922417803605394,3.1741086519633748,3.5465744783480955,0.7437712468206887,3.258276188373563,4.527631868297855,3.198129850377641,4.630018722048652,4.445118383566537,3.3765694066261234,3.4357975600908204,3.2290829107165333,1.80088075362146,3.268308087438343,3.488211398323377,4.972326258445778,4.799976944426694,5.646994985019173,7.0026977953811445,1.2095104292035068,4.961883182078598,5.857665597895781,2.997258030623198,6.012668622533482,6.659034564470251,3.0312438488006612,3.227815001768367,1.4506666313740415,1.7425936302791043,3.0171937853097948,4.620428945403545,3.6418774710347237,3.26736635199438,3.3329267283280704,3.530958501435816,3.851124234994251,3.5996674917638294,8.177098811914522,-2.2540482178330428,5.205915906528634,4.084510860840479,3.1833035615583265,2.945552697498351,3.54365560884277,2.8921373845388483,5.100495601197083,4.997291092947125,4.049437190592294,3.614834248274568,3.8475306165715044,1.1707662012428066,4.135396034022173,0.8390376062442866,3.099457200864953,1.5766541346907597,2.379092981557675,0.9699892518420994,2.4254427883774072,3.7380530248085666,3.1991980519145753,4.765286835034691,6.00670730173588,4.195240329578521,3.1052052818238747,1.731488349443924,3.0616857439279554,3.5627217863996825,2.2097220972180347,3.16743961852044,3.6000786404319434,3.7006423731644924,5.069835300246876,3.2590312508245316,4.409110732873284,3.2721739739179583,3.624639849861465,2.353006446858246,7.795523750285308,2.472043441236019,3.070033474608019,4.003270259127023,2.9860357953856407,3.4358873808135613,3.595824692522488,3.2664014221867586,4.614794541724647,4.424372597783805,3.92088319460551,2.458305781582992,5.641831886271636,2.583492788672449,5.322148582090932,4.336846635739009,5.272294280926383,3.554435255378486,2.776971771319706,3.041867051521936,3.0705913464228307,3.831900423889359,2.42289682254195,2.845900551974776,3.5189245086163274,2.1060781220595026,1.0216918704410372,3.8709265710630776,2.7417164588967964,5.92820863723755,0.6873157754540465,-0.47147666936119437,6.405587610354023,5.139545038839182,4.376379093031089,5.680927610645691,3.2873018647233665,3.1692411255091435,4.387497960900267,3.0855930251379804,3.7193963311110574,2.500058765212694,3.6660436163151955,3.93066372908652,3.742022391781211,2.6172127918650707,3.6171284897873823,5.316164964934189,3.9590344080080597,2.548319586614766,3.6772239686300363,2.002268972434102,2.8824347918232287,5.272969393851237,6.270778928852333,3.2986078942194608,4.20850835219026,2.9926258648435256,2.827479556699592,4.73033496302863,3.7449079061547925,-0.4983057997810362,5.391389778256414,2.891327273411051,5.219026471301914,1.9670015022158647,1.5668794944882383,3.6419195155302706,5.23792976339658,2.4776042083899172,4.234528121973074,4.252842875073353,3.19122213522593,3.4155297507221496,2.1063024499143164,4.895973827938237,4.568940122922265,3.493989459580431,3.78078779081504,4.352012225488826,4.688391672881944,1.43752685012296,2.921807467813293
2085,2.639061153191946,2.153939003831353,3.428454981089153,5.431120253200161,3.7314263684996245,2.4931868458616298,2.8423384890474135,1.4443535897238489,2.2379077205370224,2.10418093821098,-1.3013890243039063,2.2553777489168927,3.4395589042326495,1.6890194074989409,3.2073155394915878,2.9902088529077067,2.404882802082034,2.5481179623065704,2.164732585436312,0.5558103780294289,1.8115342607368423,2.5845752504236748,3.3496880503692505,3.749126853228643,4.418377356796428,5.6218814257660785,-0.23966921390644472,3.7669352144002883,4.700222151418183,1.9512464740666813,4.469275897946852,5.3988530002534425,1.5602822145125994,2.1565681922024695,-0.42618308653091735,0.21467118735970986,1.6436136038010472,3.145105349606481,2.809883522062467,2.2392569549124817,1.9467725897657455,2.097345753476542,2.758343408333843,2.1510288160422735,7.039324324032098,-4.120557584639254,3.8343516696116033,3.000673083524253,2.152813933532814,1.0994193584754535,2.0951488038589248,1.0260840033919634,3.692279877847642,3.06413714639072,2.9808734891743516,2.035668709154787,2.6349189841541745,-0.7571237457209625,2.648886010564609,-0.7044424157718115,1.6653233766555795,0.05908137180938846,1.4280224301177866,-0.2758295709459956,0.6415061467680435,2.634217551556129,2.212496900096022,3.3549845146721786,4.890709849267171,2.78004235131987,1.922649295550995,0.2765145069309343,1.89200139970615,2.717830997345777,0.7367418274797239,2.2690741099931047,2.412208270795388,2.2971470972587333,3.270892339019941,2.2903624686958457,2.802970445104712,1.8548794676517644,2.761044922830731,0.9241127339111446,6.616754566062371,1.402670547879976,1.9812348607028345,2.517076876271388,1.874297831079054,2.5131153625853617,2.7874646390756146,1.969858388191668,3.129194048650821,3.309840528615589,2.4805940014535004,0.9595737071900542,4.337537227519626,1.142376321400034,3.9640670064194494,2.966302736565984,3.9140372828516186,2.078342338317427,1.3457758783780298,1.6910376433154632,1.6840790718280043,2.385643770693447,0.5616421081639582,1.7170301059196735,2.103384687982754,0.6407281633081102,-0.8272823435093817,2.5416689436754267,1.7815358160898596,4.645726653394,-0.8252684705858605,-2.330143517300743,4.850895522997298,3.723471587074216,3.4020005523644663,4.376172195734648,1.7585241527392954,2.021280047066253,2.943452317653031,1.3251946803567733,2.4555441225911023,1.1573387813465361,2.212749272584916,3.007349749320541,2.6923355678546015,1.1997331628126306,2.375521955947425,4.10219225313129,2.534365202846199,1.6076472116441562,2.7970525865154023,0.489815894899696,1.8248525706344627,3.9007572757786724,5.126544356795739,2.409004876582786,3.0275805402418685,1.881142798939654,1.7584072300072389,3.275968315015581,2.8216504670422653,-2.1862021100161417,3.99757306637435,1.9460455538255401,3.8124380222168472,0.9921058580793174,-0.10858478151755531,2.8197618562824514,3.815087340001404,0.9569803656175195,2.9733892816022562,3.0859441166294035,1.9927146630040553,1.9755124871073118,0.6674080961223307,3.4662029650704618,3.060143636218433,1.9782909016157026,2.3058210539406776,3.0313577528657603,3.102533273141961,-0.06987770415585384,2.052930602354222
2086,4.706507438986466,4.705526417410322,6.515110947087345,8.61465842122662,6.701995414906535,6.124516824838413,6.027003565225107,4.51321395358135,4.654558594354651,5.128109060099413,2.118081213071427,5.125342250641047,6.206694249256419,5.076969162175623,6.37680579259478,6.2010559912385625,5.138401036375553,5.114339354191106,5.118047127371718,3.276895330126944,5.1066068812305545,5.289466976348696,6.816653721291442,6.401755331790652,7.221948959961023,8.978075963155973,2.8415461830024045,6.7048769845900225,7.382144051122256,4.8365991742446495,7.808738008687468,8.215343572584718,4.85607081947142,5.140253189565808,2.7446094838709634,3.7176213408338623,4.576686621483028,6.672520160353905,5.1172518537476135,5.133037321911805,5.209752070235797,5.282093401355988,5.777074330325787,5.162932469284745,9.908304074714923,-0.28010072764651245,6.909005258007553,5.9429600024595866,5.082476066104297,4.214181669313335,5.308143436394888,4.1234635484629685,6.758812404398262,7.141490969164621,5.7186892274124865,4.958440814038806,5.697041928254323,2.499304992243135,6.0407714052446915,2.502183208948578,4.957026492418917,3.245692641570651,3.856427067312701,2.4752516928931767,3.6746164032996727,5.671015901555278,4.976259917470403,6.406989094512212,7.715960449442785,5.8871334056402045,4.758591428912921,3.337581992663189,5.070771387103821,5.112184660188084,4.126129050706994,4.57939981592113,5.50658685823196,5.681243029647863,7.36830479831531,5.071360988606667,6.321846593428271,4.816508273947341,5.120314346618371,3.92014822261087,9.52929598915166,4.246955120357978,4.98390331350524,5.8411745853272485,4.955239002946121,5.1053232825521775,5.100401836351074,5.177936697250298,6.581801897749819,6.152986685905992,5.708642820217487,4.126195420767988,7.268488917242865,4.1642005972821154,6.893371528592604,6.2997313256150695,7.06749836188452,5.301020355702472,4.3167743646893,4.927990818974278,4.572224110236457,5.58819522503121,3.678259054562158,4.821894188122502,5.055008944316669,3.699090960210772,2.3961070824799866,5.744315352676248,4.242121349249415,7.571962391797071,2.3563301988138696,1.0113455781648932,8.226755285057529,6.871210667336806,5.954048771700212,7.26237026884638,5.136939871927787,4.955080057783379,6.2353385490333215,4.288607165634887,5.607866390511905,4.44497250842637,5.263511579098372,5.4544500428460685,5.609481946019262,4.0498603027442455,5.330041372024551,7.092110550352213,5.6676065682851045,3.987411078451007,5.068737117252475,3.892914101481441,4.735429217332397,6.958792787173694,7.674705459575717,4.9852389851906205,5.996693679870207,4.9096164317994315,4.674089142667322,6.476463473562535,5.230311403885994,1.2087733087868529,6.986568006462067,4.38082318727313,6.960715524595359,3.4683005188045843,3.0125700713231653,5.208594717727652,6.903558852086809,4.347245628078436,6.111904637566934,6.048012132852753,5.251746706921482,4.947136155939821,3.6852623902518133,6.597419952010287,6.3311712937108435,5.317067276766718,5.522618296138686,6.230911062195386,6.58095022445095,3.0861095981351245,4.30520142653379
2087,5.665948717798717,5.741198122501372,7.887724509591171,9.857498749576765,7.66455104433257,8.061930904100679,6.889850405783492,4.92457189446251,5.7260543138816455,5.630752669069276,3.156508605477625,6.126341367911162,7.443275824703026,5.379650413925789,7.371140717560879,7.1018405147218,6.10416665413128,6.0412848510875765,6.175550542514901,4.256464994071925,5.947572679355229,5.998007567278268,7.953398624627755,7.5781629308576495,8.619755546594483,9.687855851290557,3.220066486247657,7.985473381869239,8.802538722239696,5.830541665697916,8.969062173144959,9.02800294859656,5.628564234437617,6.180404300833572,3.7165253496375588,4.572923312927118,5.065390714026731,7.451760163081103,6.040753260286976,6.143148958297635,6.391288456474912,6.070204946501504,6.896346710831061,5.601715376440049,11.47579138443388,0.20559338094859458,8.449685950217576,6.994686209243432,6.1529323322566,5.115007250730335,6.169377711312526,5.057127151381353,7.713897932256606,8.638901117803725,6.960836874770709,5.6077588951729,6.9876016550536875,3.5063890729918423,7.670204365047917,2.9546921212097708,6.052427645901155,3.746595705377645,4.913195543248078,3.5000574447792645,4.592905309179734,6.759001409442261,5.975024776950733,7.350153672797927,9.034836576095431,6.644080178683682,5.489043237063391,3.70261156379149,6.308956576832417,6.005464491659199,5.083280585063944,5.659996767239324,6.7253569121761565,7.161936176619647,7.217799518642757,6.040285695215751,8.176950752478222,5.280523009726715,6.090707952092435,4.326510789964732,10.988878852334516,5.184952718575065,6.069942509948183,6.239455894470731,6.078419106787653,6.0600559652365495,5.964893265017147,6.579358508232347,7.472042485589869,7.4161716417313155,6.561306188846455,4.682349234690951,8.185006088577214,4.57677926277292,7.804178892217315,7.765439588576559,8.557123364559535,6.185008970570975,4.741786744574018,6.051829819342701,5.0171263973260745,6.570618588348916,4.5862569952833265,5.944869718674959,5.488468817595778,4.136404794994101,3.386322074666104,7.118014954223201,5.273086665262433,9.109888443659095,2.7315861089476234,1.8613302103918155,9.461786173573078,8.516804925840477,7.1280706088090735,8.16792789101601,6.185376439115097,5.870803263166853,7.7330673229077815,5.149298322900867,6.992388906150028,5.700048245232682,5.755046961764833,6.477569294856571,6.6360420030381135,4.795022248451053,6.039853174110937,8.367984134864447,6.594632587941559,5.031924036042447,6.0845454566437684,4.740856664319489,5.767638171027452,8.623630768201995,9.03163962502932,5.927027779920349,7.316649902740431,5.983740837409576,5.681237635427511,7.402622714124881,6.319622494922628,1.7084234639488416,7.9523443125593785,5.453454967909336,7.832636973595829,4.512659638092441,3.7457788275747443,6.090181875299533,7.86987571354056,5.1986643175498175,7.513443101582858,7.343589904621753,6.385454992281984,5.395546422179401,4.07607774057522,7.522804314077924,7.342250412394263,6.273554138068497,6.444035794200566,7.63325821916605,8.415807393090482,3.496152512086874,5.403445393103984
2088,4.575930208464465,4.751933134595555,6.873797958344223,8.562547177138432,6.878539167096223,6.486409206191704,6.2988851471493605,5.069046411911645,4.5673157278448295,5.6687094569206256,3.54219202411672,5.484994636972747,6.562632922952374,5.38443597952525,6.624027103247738,6.448131605361898,5.442683930601927,5.424570050338906,5.4955038125316324,3.30909264050424,5.384843408564729,5.627044446541302,6.852545286094155,6.747787318720172,7.577634716918693,8.757235005474652,3.4176834205786393,7.067532518754402,7.74994969516992,5.198759343723457,7.67253381560246,8.439755836874246,5.171724278231464,5.497895518441993,4.05755107921383,4.056435760234791,5.085219059884545,6.6723021810709415,5.258256659905118,5.516275175785025,5.542036870121955,5.5934960111975665,6.169618959600724,5.698435504237811,9.648551623026531,0.38213645418485026,7.304771405706806,6.311950664222241,5.418138402576248,5.504411482065916,5.564255516727771,5.435548971096675,6.960802961730705,6.906460830569267,6.054934838165844,5.8843759892508425,6.039607814699407,3.871262194216252,6.415146333972615,3.1216749052206674,5.273861861228946,3.921454498668515,3.7192396670579937,2.5325568189223646,4.926375678181645,6.026018339643874,5.2397326281915095,6.620452257990835,8.025369010865692,6.237011291707557,5.127281762162843,3.8708914657433833,5.370285664002102,5.382633959470938,4.476137518137691,4.526916987716686,5.823490118732051,6.106923755009968,6.90941100381315,5.456340164411813,6.690903005003935,5.379714754223827,5.215938407679399,4.4727215016881585,9.333458900451662,4.547219268356761,5.3446498480935904,6.204695151249568,5.316540963947775,5.4024497571090855,5.348833387220897,5.588809168587124,6.653781036660076,6.513210577145221,5.986223369588453,4.6794383307298,7.504917170479891,4.712544378638267,7.074888070548576,6.70651983165493,7.434905038774011,5.551965803404653,4.870783282319706,5.290532110134759,5.014678664753836,5.8326398362716,4.955210146804655,5.188508650024116,5.577286293109254,4.234792409837249,3.546520756557583,6.123562441300601,4.102167997757595,7.891485397517679,2.9198131911456575,2.1527929576734715,8.123066902160648,7.243152098559464,6.286683644934844,7.472483562926453,5.381520052999256,5.3425210638592615,6.543042154517028,5.533690733959278,6.007622165481255,4.8706118370095846,5.778367149829868,5.48093913085759,5.968869623045132,4.624545693149169,5.769061964998643,7.433837859456736,5.932505579168601,3.8579200456539784,4.977333315710232,4.207331960896654,5.084299032886822,7.333283073330915,7.9996043940385215,5.292232474746802,6.337492160995797,5.281655063231787,5.028523559371631,6.7280799186090015,5.228086874199411,1.9300074756766379,7.1524904448539,4.288607243945202,7.213879093186311,3.2333859682083186,4.00298392943417,5.464170622825624,7.011433361719054,4.647492452462516,6.515022832155228,6.457470832765105,5.609664068929854,5.461195562283197,4.230868518352512,6.8410262713829635,6.422587240487339,5.5774368156989445,5.738460166503984,6.6143174073348465,6.9661223971362505,3.684500375141698,4.22506183432416
2089,6.18257441005573,6.360003142047607,7.468751506944158,8.97088207086099,7.2189220498348154,7.293458075358949,6.44835140067956,5.4154543555502235,6.372609023903979,6.053500525011073,4.241008956113771,6.596479289586946,7.123066228011563,5.916482460524508,6.839555037432704,6.651679859593002,6.567097397007305,6.4243530974048975,6.677993665738354,5.064954544449677,5.486161677873338,6.3531355797473745,7.247351965256807,7.297815874732773,8.103445734700259,9.244542468210744,3.787181185622667,7.707128836817497,8.236784873594502,6.31617521006485,8.097512820157512,8.63271632816257,5.30619317925824,6.6995780128857225,4.72287355209219,4.175290718674663,5.5441962249320165,7.026510977539522,6.4721371843640165,6.649151850186674,6.059634497967261,5.787416263900954,7.325290615830954,6.055131557943494,10.688149456320138,0.8785041115921111,7.891316537006665,7.357734295314761,6.580072180335895,6.35048499494663,5.769529601109447,6.289716079317288,7.261496250999385,7.460747180313903,6.570367921464916,6.467558361332993,6.782208775394951,4.512138520592244,7.144037361545809,3.5187139392926783,5.69696919876954,4.285680319728525,5.5727761881104865,4.286226467389999,5.543470803262862,7.286307939681509,6.375668818580694,6.9001671751511555,8.518442255926542,6.443530559796712,5.93801372639578,4.269397212513564,6.650900992853887,6.332033461537856,4.728274858460344,6.25672784145793,6.844636692055344,6.839128079085521,7.850748238539134,6.506561379108966,7.415768443510445,5.780982981468069,6.549549750983718,4.838171212323787,10.344553914563406,5.670222605096885,6.5066808886175735,6.685703669771037,6.52371436665798,6.4120599513166985,6.276667691767215,6.251814548311565,6.968834030730967,7.051186603975707,6.128329088975644,5.057392744925517,7.715636942856784,5.070781032073087,7.393510217296668,7.449036941959941,8.090058489477839,5.767325950015719,5.247221608614098,5.691612059186246,5.518986389554778,6.076390537850813,5.759352857696598,6.391206920146943,5.95989512645736,4.638407910692279,4.357166915040078,6.818182654421906,5.941953419097537,8.48751936474783,3.3220004357140627,2.7942775152623613,8.562212630753116,7.881253858578621,6.734534689064687,7.732192147780081,5.620782006403496,6.33043607786812,7.167197596410225,6.252869413330634,6.611174688626344,5.363689108141541,6.127159814253966,7.043009323806602,7.12957588519002,5.531798638146501,6.525904079449586,8.078037226917868,6.128252907712334,5.672228462223352,6.671097659345333,4.354575924832243,6.196628314924652,7.970377667148692,8.437441151460694,6.292611179680663,6.951772540615037,6.427676135160283,6.150650244334645,6.972355350338179,6.969557719626302,2.411973657279176,7.500150699039984,6.106415134565582,7.396117440746002,5.187633092675745,4.555243246000389,6.407635101406229,7.3376813613135266,4.811776856843642,7.158326725961224,7.022338694025726,6.974274299268065,5.8531931402675585,4.621295661312242,7.0787139278033715,6.727570232196617,5.814100493259472,5.9817264024810575,7.312338754920099,7.71665531910699,4.059621584826504,5.974528304847148
2090,6.567120949256007,6.6513014054247,7.866539425120274,11.18893427787156,9.075223096485797,8.57745446084902,8.294098544223557,6.691737111144025,6.802108513897866,7.3940645249496235,5.593881240178799,6.289314834850617,7.431065980858846,7.303965035183678,8.697405868049326,8.544379327574681,6.29945490656999,6.164550488108191,6.338930339648805,5.730501333187363,7.310095732582028,6.115001200216596,9.462975227627265,7.585287293997304,8.874459952437157,11.265358987830359,5.046282559569028,8.035222439673444,9.127492638497518,6.036041257196456,10.242861734382041,10.273727344991316,7.058190254301859,6.39099822373226,5.997644026587104,6.120501020088281,6.670774418732215,9.04172934643154,6.510674206861135,6.318530813662399,6.986870557069777,7.538665755041715,7.058494548088519,7.295221982844944,11.961098991591351,2.3849006202714205,8.893111272104857,7.2127625888277755,6.320472783055799,7.553089940342409,7.659416847187904,7.48822410867132,9.135142035782335,10.24851754410514,6.906221505126048,7.556521667231771,7.0376444122400805,5.8288910954163,7.947912314328654,4.820347160100939,6.920900726626661,5.537608199592296,5.994479157030584,4.969730558323448,6.759680376420246,6.963729454268672,6.162942005385616,8.745165859830788,9.192409847830902,8.097200114151526,6.328397918010837,5.570472328827299,6.470389903105544,6.103201421684236,6.304296055872894,6.662991252695696,6.868648637471532,7.262623662321734,9.553051539921562,6.188003394303139,8.65155869825133,7.0259746318233445,6.6492549801438035,6.055267180862096,11.57801347970963,5.488458842552942,6.229779866491927,7.98677781224251,6.249000656193703,6.1749042627112605,6.068023057911419,6.665174587661852,8.99705123185212,7.38621450755103,7.985140748065095,6.416593144487202,9.428518244418605,6.339765298469314,9.233182594693945,7.840314380696105,8.850105950287707,7.635693825524423,6.527740086460938,6.683692720686566,6.634531730721735,8.042289812246278,6.982532454204975,6.1274540830275095,7.197196703725333,5.938998994128461,5.600736628318654,7.20747085223938,6.381254577945017,9.517418827219258,4.605570769772448,4.102332095133846,10.829433111795066,8.945315194541006,7.0487356447968,9.473275796349707,7.606753085450882,6.395780041733563,8.151803518677577,7.365182603227678,6.997785279463076,6.046228111689462,7.45653350561343,7.3175976260340425,6.810620365022069,6.4374162613831745,6.999229989464169,8.428877705130091,7.975003523045575,6.0980147902436315,7.0776010088879495,6.277394148039407,5.944789541178739,8.998345085772977,9.293560277670622,6.042412320344611,7.311315636632255,6.1675993065381896,5.883202620621386,8.892743690260529,7.4124238141651775,3.7306835203078297,9.383618373295361,6.543759708710274,9.233025918746817,5.6155986549525405,5.802683861645195,6.199102475725372,9.276369088554178,6.717075845290878,7.517080970365428,7.3344725837192435,6.6486105739042705,7.162572784445664,5.873228001183471,8.95935539978332,8.749148115001876,7.795067404557406,7.895805416436029,7.702108321518733,8.911726409505155,5.298042085664028,6.367831635321008
2091,4.10086865132225,3.955733362842223,5.887917725690481,8.754798657292953,6.801636853094755,5.615133892359404,5.929971410860789,4.5917626650169,3.9239477585551543,5.197230505018399,2.927209694837706,4.3553145827147475,5.621669500038541,5.118879306932977,6.315170469982868,6.116254045852809,4.435163465553317,4.462078155885486,4.339736389188934,2.964628771975122,4.9872769939488375,4.395748994730671,6.8638917063844636,5.8600469832790285,6.7795146236131965,9.010817111180772,2.985165445969023,6.119709713834114,7.013017643050387,4.0947938481795365,7.805315290930973,8.289695578980547,4.773524199066494,4.3580734255755775,3.5426039027756673,3.6858063026748873,4.618601699841435,6.581803182589597,4.507066464886581,4.368203709861425,4.808003808419896,5.192970334455887,5.003205896644242,5.198149254866715,9.880556747831145,-0.13160886011760714,6.507854273157393,5.232831088761834,4.323553777653081,4.909700890424954,5.208484834638135,4.8105385817972754,6.779446588508012,7.184610148442205,5.152346010865836,5.318288934898787,5.055982291955373,3.3297250527760087,5.464981550543475,2.612176286249324,4.6732814997948475,3.2522790663201246,3.1346337935919406,2.1651636233617535,4.4422073109910425,4.873288246835097,4.287364541199702,6.425057730027317,7.163121420761636,5.833519174107188,4.395892431509906,3.4750955192179545,4.278115614221015,4.556678228337188,3.979783975358667,3.8755266720364854,4.7960368547074745,5.0192335222301825,7.452980038934745,4.338865412334943,5.807430151207694,4.873671624167217,4.487750290796675,4.011389063093169,9.48814668532076,3.559926835113559,4.22903773137208,5.769521405599239,4.155628948889929,4.503200348595092,4.557622458400396,4.592195980893125,6.485945562093422,5.562149985083219,5.618418567139526,4.076496023556284,7.286493519256854,4.279074651413949,6.952433018399207,5.616131280516756,6.532403193157298,5.281419906122927,4.457332446143542,4.538525166182684,4.612313665449617,5.569932863630102,4.399921217355236,4.0266318824784495,5.098180056645953,3.867211039980938,3.14632987462241,5.127763530817524,3.4971048040636643,7.164516994922326,2.498592882320798,1.6163908392190904,8.329273130873155,6.419634611185255,5.419752620802872,7.320212289273478,5.0532467509138215,4.3887421234093384,5.761387764765273,4.956372256165948,4.9885107510048785,3.9476085582683837,5.32486952173299,4.750130399290857,4.838059807453173,4.133083463742815,4.990102039585855,6.504871062163647,5.654664528267137,3.262836116912037,4.385269641876223,3.8697880393472213,4.011878107513848,6.53728852755037,7.331611103667268,4.329269086749386,5.399700819546807,4.157996172021173,3.9348056691473947,6.442395674257441,4.479923124714145,1.4337975999404642,7.063043856415262,3.649721837506215,6.875098518384941,2.7341261953115463,3.552323211883676,4.60799027311391,6.95373539369682,4.309365579794195,5.444035570169318,5.4094252222827786,4.385683699928482,5.068263975710705,3.781756240553384,6.568552588401684,6.340953622398703,5.240674508029016,5.536604275413118,5.59748381851562,6.094449465901686,3.1694374460855435,3.6290967849821887
2092,4.0837961726822,4.0395639438802995,6.2777725271880644,8.342404825240372,6.073402152458828,5.796472803503275,5.344828045368198,3.796890549113352,3.972105956574282,4.46641586640229,1.6295760994156212,4.689175797998904,6.040734153132267,4.213036528353889,5.6847453922033315,5.490764256318404,4.686095338563124,4.722547920172413,4.663379470507307,2.632517731686433,4.3775003985191345,4.518454633994649,6.166993861397106,6.236360740304614,7.035525196790701,8.110317872464654,2.129770138859747,6.495359747235977,7.274632712453604,4.358485967914263,7.358863778288164,7.623024710019433,4.12803878535827,4.635211374362313,2.3259947251994153,3.006152145812907,3.913082014520963,5.77597671672702,4.61269024610519,4.676346434156103,4.761319349209464,4.5800802513336105,5.327634646091611,4.446039625878138,10.22492700070143,-1.204359830419222,6.690367501974109,5.487402092168725,4.636316181222597,3.7539451584219963,4.595738539099691,3.7296154186129575,6.111868651707967,6.504841931940367,5.495382035896184,4.420135177796086,5.367253989726304,2.0731457122679164,5.756339242060979,1.78237213790417,4.439106213549773,2.5435446302096056,3.2026079982519127,1.8235519705961145,3.263105126097798,5.164353027939796,4.488218183318777,5.769323695699378,7.4950137242674835,5.195053663353127,4.168546492963411,2.609796169400213,4.588929024338723,4.727021540701388,3.5284054525817425,3.914473791917165,5.06989294489225,5.396585469444596,6.113996726522846,4.6523806095123295,6.019309527426961,4.134179484844208,4.574383481421199,3.2284531722466157,9.709176807602246,3.73554592008392,4.504242262244223,5.022021028896173,4.471478494008383,4.6832148956134905,4.733981315977869,4.94750533501307,5.748364118238289,5.955022299538057,5.0204240779082,3.392584404846036,6.670151595274609,3.4670482387145327,6.285503416260081,6.042354660791654,6.8297531311089825,4.6108610975245625,3.6439736738801027,4.485358567535881,3.87464487651984,4.925966673965251,3.2230793979018926,4.334553430477777,4.338047081728777,3.0025598989178746,1.9062212509413543,5.481602635234593,3.5394359191258737,7.394712076832849,1.607486907641093,0.4746546074748022,7.837727429966132,6.648486539015237,5.7667576334439214,6.67251900130262,4.380618748844911,4.423758852481845,5.9223992854356755,3.8470827624201784,5.360740215331314,4.104777650038402,4.58293767496944,4.817658485937864,5.133735021948815,3.471098620196185,4.733972215404118,6.849455868701145,5.024482248226801,3.326664430896445,4.395469006399315,3.1814894696076674,4.265457519888882,6.788646153112251,7.517083656787878,4.574092374245326,5.7450732588768005,4.415769957502687,4.196157018840315,5.791742160916329,4.539491982633868,0.46805114833017397,6.356313588221867,3.711818661789097,6.2761784917364505,2.7878521454830953,2.4820336853464435,4.8202909807364165,6.309578527510167,3.6302502536680525,5.9057112980633955,5.874412319312493,4.665628449618818,4.24701945744455,2.9548894226240594,5.942381570736567,5.758190828748046,4.586770342228315,4.878632500271001,5.971081028381984,6.311788316226251,2.3600810050964367,3.6574760208527226
2093,2.3484224183806064,1.930261613993809,4.110793351099409,6.517721518231877,4.162848724373455,3.902395215527765,3.329004245585408,1.5222032586562222,1.8997775357345064,2.1858771481904484,-1.5203864299531658,2.3966122683266082,4.054381732282965,2.1828162325867333,3.677360561387294,3.4825760927693588,2.5464831848853633,2.661920870172569,2.3141332684919744,0.24423677878904004,2.311064356359942,2.789146182480558,4.173408989248607,4.334201555056818,5.372344458154565,6.573454745627683,-0.14150746423622246,4.426654203184722,5.726593643748041,2.0920051602197103,5.635487669500814,5.815950491561974,2.0116319704543923,2.3134266274884876,-0.622561303706006,0.7202747623468265,1.7094835009554352,3.9901658945941714,2.748212886267692,2.3852627593381652,2.5784295631636844,2.511676208148229,2.940571569163226,2.241781931242039,8.417724913564221,-3.992762477747326,5.028809173610703,3.1915610812861344,2.296632753107052,0.8998968662886794,2.5844516404743834,0.8605121864840891,4.13590462248901,4.509712907260863,3.582717182307408,2.016886783571079,3.214365499543736,-0.956155285881512,3.6816068404707463,-0.5948247028322053,2.277229745326372,0.17661131207092623,1.0893405244268242,-0.6224530859497068,0.4793103514881492,2.7762642335788934,2.340605921272575,3.802432033008543,5.97759842384478,3.1309672228285454,2.020410848074947,0.3447571638329265,2.148148782294371,2.8183300690404285,1.3019453410444606,1.939854344931142,2.8051750537907227,3.0501555055379868,4.527651931046796,2.419052129675602,4.164314631758065,1.9007102998680097,2.648217140600599,1.0404151688361991,8.005299132445767,1.5050265121691202,2.1365755195247735,2.9583276972688513,2.039219173907845,2.6192592608517624,2.881034817546606,2.6842049023714547,3.846994572672352,3.9334491851000943,2.974372502544832,1.1174268506724259,4.764788826477938,1.2268549951499925,4.3687263275014985,3.7098070936727177,4.894518123104654,2.569392560884871,1.4166871609872809,2.282567611028409,1.7492283461735851,2.859806798398498,0.3619392961263659,1.890442429688473,2.1731923119775183,0.7156532293763674,-1.055240576508745,3.250840030482107,1.4432612457152065,5.7500081141961035,-0.7226975842796544,-2.426502246538114,6.009075986414121,4.923971352906061,3.9591443974139335,4.778267133595614,2.276589924919194,2.144555421353413,3.9354292838031353,1.1339275405324725,3.155650191265961,1.843422898444637,2.3241243624481687,2.7862628205069173,2.835714485881658,1.1045926069391168,2.47865145820482,4.756525450225532,3.004069563386767,1.274445030452877,2.48015894381137,0.9818797522577721,1.967001653436958,5.082347845209058,6.126807201268344,2.529493504557116,3.67541362088302,2.039761417384804,1.9154859580870331,3.7573301936018053,2.4907791631232046,-2.1104266452121303,4.412464988642726,1.608603331549413,4.28954044192556,0.6413284514484718,-0.16338263991578056,2.937860520749256,4.420785878752842,1.463769997502196,3.675183993989022,3.729458597199673,2.1633644178509686,2.0277092713734213,0.7368604643591528,3.935450238400488,3.826767509867405,2.49369730055332,2.8643984771494226,3.7513361734113286,4.447786309338849,0.03909105088176398,1.7451155175422828
2094,5.390132815673431,5.354095696632205,6.950015862440242,8.764148780883385,6.939047475313324,6.580987590525685,6.233767881475646,4.445455260060985,5.41060589787004,5.102655294897229,2.640440951583201,5.455217664226379,6.593843139194211,5.077450926704655,6.639916975500765,6.437720284893598,5.432847373187542,5.408450162359354,5.475531973201653,3.9511335773457743,5.288263469934466,5.445902242421588,7.008151118097633,6.753571247489291,7.561517981362756,9.0867004854994,2.744644533457426,7.091045239619137,7.701416379041524,5.169141208303386,7.890042566533744,8.38533397455668,4.991799547754489,5.4712371611967665,3.266102259468832,3.8863090785412933,4.57450323423435,6.815499503293943,5.571080925135777,5.457174815237521,5.557050514837796,5.444017879921814,6.153048976677756,5.118186878650611,9.887594739938605,-0.42219144105911394,7.251180075911865,6.280272464685399,5.455578071803884,4.75038422078922,5.53838990577336,4.676250379661033,6.992319473627441,7.312363377932844,6.097179471804151,5.198227070528882,6.1035594067953785,3.0396228961903504,6.50724508844573,2.4452472670838774,5.2802048500241945,3.2367398415146207,4.600308872245513,3.142901036117613,4.205950438205535,6.035165346516617,5.284134745212464,6.638476736586667,7.901266758362282,6.036457022587799,4.914697362431165,3.2319007084287446,5.483453581045418,5.386078594059777,4.371354729627609,5.333005995136401,5.891131079916299,6.182696892269726,7.270692779008175,5.38466586301039,6.757968714781876,4.777309106084812,5.653865126571778,3.8638740771546445,9.446180349793933,4.574382931507867,5.371145754988335,5.881831055699752,5.358527635192049,5.415480376317583,5.3591932970388205,5.625329242954994,6.783583739836664,6.55680666658385,5.911454769557923,4.15721354094045,7.498509518545251,4.108345990807843,7.107914679523173,6.785453666162132,7.442930111597327,5.5288233017099335,4.2773825634142435,5.235482911611425,4.542361537958013,5.870946175065541,4.181507463342158,5.235192790113645,5.01290029749788,3.6437828762392552,2.934496222128127,6.199109999206042,4.9706474727597705,7.90055564045906,2.2297897213620343,1.3207645143928184,8.340253381765097,7.238951553751166,6.308620777880321,7.474498663482996,5.430572321188859,5.234564329015797,6.617898439281976,4.773835356122462,6.053028012144152,4.8183931253593535,5.244054190236434,6.09168823602899,5.950852532325114,4.405787700337581,5.470050743556231,7.500392304926085,5.901923900020531,4.709820122554387,5.791753585996301,4.076913146366332,5.097532306508772,7.347285955758959,7.992944347896968,5.277227477009954,6.4085846327502125,5.295952612469935,5.031353878563849,6.714645755188216,5.989603641218152,1.1607344213728625,7.215184841947307,5.136584862771625,7.169635665827784,4.205423879726184,3.28398970077778,5.466217663524481,7.079385349976606,4.550919235908781,6.579894054552605,6.469797247442707,5.629572854859048,4.915547025100936,3.5994777854146625,6.82578464057939,6.498550011166209,5.585474762423288,5.733930451602776,6.700127855457111,7.003412191210123,2.9811706399095503,5.083571811624129
2095,5.226342512101964,5.407482064232748,8.040899879652367,10.873457596316161,8.453930332566259,8.477436284052915,7.968920339252159,5.7031100524974825,5.2797788623078095,6.393097230843431,3.1749864097299247,6.1070933095982385,7.656893751102271,6.080397087117213,8.311652692131188,8.124992336178652,5.983109297166614,6.022107788714871,6.158378634794517,3.95331197450387,7.088067563700267,5.749780581686004,8.90988125934683,7.775119204202603,9.056007592071749,10.255285400254975,4.012607049325416,8.199972180794155,9.27774441845972,5.825407484995913,9.890592095835524,9.86054553476901,6.760420320555568,6.105362616222478,3.756812344337329,5.840080076635913,5.664418598187383,8.243592411536593,5.840458378966512,6.141277356972466,6.88631171219308,7.1185096827303544,6.904175847287067,6.32490520508446,11.674254170779529,1.1546335179230267,9.028495535639856,7.031271191763466,6.044898417200253,5.178306985518031,7.251503450956582,5.116238241051806,8.605516354135911,9.731601908289155,7.132280622560788,6.019192220065099,7.11580315106629,3.5396784577390297,7.970567075342969,3.789643383231655,6.721620478378286,4.615660702360085,4.502911972058623,3.189145593293782,4.637876965362446,6.677053715407463,5.795821665802266,8.247224266592665,9.275685700876958,7.574323759558775,5.703761189148346,4.443657202453453,6.139404278505466,5.977833132034745,6.082685032281381,5.189988746725284,6.695083003491167,7.332251825080863,7.404788110790582,6.080993802126108,8.636987392630045,5.993142261587337,5.843991362329188,5.075277489834817,11.276213974788266,5.163598992315864,6.016878547596516,6.89369947529109,5.9848585226412485,6.024338242051928,5.922261057485796,6.744451875958975,8.366799017864057,7.619986632003871,7.671732228120854,5.5198446214199075,9.060984985324843,5.316192960430839,8.65044746291021,7.941948962173073,8.981358148414513,7.183739593509459,5.455769296863984,6.73701741340859,5.567872874181848,7.54464278832592,4.63593604088087,5.847847026483766,6.167273721818266,4.843561818887445,3.3699271515782567,7.296378903090956,4.856089817408212,9.529886311883557,3.5323774321325905,2.147780707170222,10.500325135501294,9.036521264191336,7.313427018354939,9.020957668793615,7.163932511839885,5.975550263991645,8.146847963333128,5.236481169945207,7.19730491293916,6.179544099189084,6.534768455308574,6.129511216591143,6.599548096607987,4.949868398333163,6.369491330958133,8.52802865226464,7.581931363405855,4.610046893647258,5.63540696558254,5.920585356652738,5.724114783878985,9.088732197543544,9.44897567198194,5.876799573672232,7.467510543506718,5.9571548720886005,5.646780980301318,8.406985199400065,5.857518623065169,2.4620690636079887,8.770622290405926,5.0214965676182315,8.857402682240156,4.0986018540530385,4.094380629473718,5.975028589110949,8.771453385209211,6.348198856259214,7.72440163380113,7.641095502268937,6.254447051677212,6.046292408754861,4.82493704762952,8.506905091605308,8.324386877505559,7.321485391464728,7.446675658226016,7.789408715634511,8.920499260826357,4.343015709313852,4.91950501522234
2096,4.378082259868583,4.28494501610597,6.113313934016819,8.51948497363676,6.628921679407358,6.179096619272602,5.91077551891406,4.098583399256073,4.287714420755704,4.774295745293301,1.0221111327409722,4.585534695784249,5.876130336274705,4.634290492534638,6.287291884670657,6.120851553479833,4.652793770035107,4.585741378863653,4.579106554388998,2.688990136981012,4.933227287232878,4.4187830746173855,6.699845917026207,6.0909649633492045,7.156793400893606,8.69912622878328,2.3542708565791446,6.397885902474323,7.360926219820977,4.303859290853148,7.6358099270611985,8.05408191531897,4.647484807670117,4.637301363299289,1.6884618401527434,3.4545628815889344,4.199548703432085,6.4325771768887785,4.659528423349064,4.628168162703514,4.852521784106896,5.109934077163538,5.249278392270207,4.812877850234506,9.992635954419772,-0.9093648875753073,6.932027864704531,5.419879237608982,4.5236405928929635,3.2538653026024473,5.227334885795912,3.2028964163114617,6.701421109338602,6.955880320072176,5.373995622619985,4.322862034663561,5.288452458319567,1.4229957222938556,5.869848953435819,2.058267683784166,4.65903025070826,2.901232691109183,3.487899760281046,1.8557899405558895,2.666933607558408,5.137143788735069,4.461555525660517,6.333062147597472,7.537144565085577,5.698107999004423,4.278668143600222,2.8736183951298417,4.53464437921842,4.573574700167713,3.8455591325958536,4.218262334664664,5.0461206131925165,5.315801880757016,6.551678278545541,4.556165389468273,6.344214405429866,4.472690931955969,4.679103332757949,3.5029956823835753,9.6107188316683,3.66497602357219,4.4129439465701585,5.445683285345634,4.383558772255978,4.5477834259470304,4.571525746118277,4.782063689827922,6.427815463145574,5.789404699082178,5.5780387806395675,3.8632797978818445,7.1436521909199655,3.742361240585646,6.8279628468056535,5.959514715274172,6.947623734921221,5.166998190184433,3.9369225949049,4.592739541331927,4.199349687882932,5.5034831032156974,2.7137875670567153,4.2459546566009525,4.69279714326064,3.2464571147846697,1.3070273021856953,5.355490153034529,3.8598572683831076,7.52884670048952,1.841661315162977,0.1023401769498977,8.10085817227761,6.906968042626985,5.620426260928311,7.145537027468288,5.059711554646496,4.44509844854474,6.043672499060628,3.3468104229619096,5.207620215415954,4.045199867710471,4.920095743487279,5.046867666440082,5.067610017955303,3.4015016290048767,4.85640180967748,6.734866424153247,5.5467079415762175,3.625335398564736,4.713838088264068,3.6577113814651927,4.169347998003166,6.9998951420187945,7.684230493505792,4.4831712219864155,5.629790855944159,4.3400009792918945,4.1220503573616325,6.4201024172206695,4.878351596867044,0.5792895678430835,6.92878529727459,4.012017539888623,6.8666764190376846,3.084408490297692,2.192849613229431,4.736163843361037,6.770090343803166,4.1379973858594905,5.767500814360881,5.7074679864570514,4.720441548029584,4.595567180907043,3.2492075937489675,6.544914040962855,6.1849551757176675,5.253333047529062,5.3785872709006055,5.878852466928467,6.639945798863968,2.6523801263421793,3.9486639435092616
2097,4.170493888700829,4.062046534799299,6.102310190169972,9.506795610172741,7.2283597866009,6.319669732502822,6.4419809446252625,4.536846346703582,4.021583346457317,5.246383920761532,2.2644489058132837,4.427523959114953,5.8510055922228705,5.236143304099297,6.825827736022145,6.645913690071685,4.526048064617244,4.47502687778966,4.43081629173509,2.8206575040159567,5.481281566562066,4.316772532103389,7.529739924562006,6.054259694341956,7.213825684939993,9.612488371031034,2.8973784200076396,6.350351847981203,7.464933102500851,4.170825473193465,8.588102726972304,8.609190802121985,5.185359945841905,4.474367229075267,2.934397791480199,4.1430426239967355,4.579114707379506,7.180316788369215,4.522340031661863,4.455510323674512,5.111126794383446,5.627845907005773,5.110851387525428,5.198928626446892,10.49788689921642,-0.22878749565831719,7.00704632905023,5.329379227654686,4.409503137243208,4.3831787458781575,5.744352274927601,4.3387840672171345,7.247709566919969,8.220073892638606,5.344970658742664,5.061242403655216,5.243029126768996,2.682781038805841,5.929953045436536,2.5996350522699028,5.033462715431538,3.320543118591965,3.2016701503046647,1.9963783444515575,3.877904065370817,4.990554859412129,4.3471156965042015,6.885919363623291,7.540766216172228,6.1748373649757475,4.400474289367941,3.3899835036296784,4.429395116608716,4.524112257721094,4.370959364648524,3.980060420159637,4.957340675181357,5.3025038273170075,7.593768104461247,4.385274795012485,6.498409723413401,4.899461570741801,4.518370158609066,3.975081408332133,10.0948387777497,3.5797023886236703,4.296687220704964,5.936741604244913,4.259002738985521,4.48568481206894,4.521332790111675,4.79817285106903,7.094920185619386,5.772644000063682,6.129209727305793,4.237262577187784,7.70200292098111,4.217016631159295,7.381015788506847,5.919807327847031,6.9739120425335335,5.756613846482903,4.398202619162095,4.834158913071812,4.566449014791127,6.102283201340973,3.8488479441609895,4.128819755439102,5.1022722549608055,3.780329899027434,2.51914332961214,5.366533184231357,3.5860209526686866,7.6778023463898695,2.4033949724559145,1.1497767832258652,9.098445466623224,7.015280025914822,5.590606182685187,7.713941716942296,5.608217307205859,4.450497509076678,6.244670352673735,4.409755634336639,5.197766963095439,4.166370619088413,5.343175197855146,4.833396204209337,4.928004126995802,3.9304481130735685,5.0118438751790055,6.706480522607931,6.132233502921358,3.353581846788012,4.471117107261869,4.339426924956256,4.064602713132727,7.110634691242515,7.780719194561241,4.35247928829029,5.615324754396388,4.221490943226323,4.003493146649723,6.950244393841969,4.622713039918192,1.2647063938965089,7.503081188633521,3.7355110098061903,7.381474392167456,2.795143436768962,3.161250276812194,4.634014913434936,7.476826737666953,4.790516406458256,5.734316318456472,5.654505918765893,4.536506558286731,5.026904548743159,3.7444228738032557,7.065287824527455,6.9704493983038525,5.7987656346682845,6.0473150030292295,5.8591682892935015,6.757871418420611,3.120814951008249,3.7288867939135137
2098,6.001399899351188,6.123111388292804,7.823966907016164,9.894127977176991,7.628736033008016,8.088961106436004,6.8364015884440565,5.306213501776599,6.167868905283257,5.988058643094428,3.848771438259504,6.281364654319295,7.393456479855654,5.760904321511245,7.234557038751142,7.026335459330984,6.26287838990061,6.118772616674162,6.341394703706788,4.764383654913002,5.885677385432964,5.9826907232917605,7.936100126340468,7.5232763038627,8.597527691002552,9.702293314296625,3.6048010392435685,7.951466798011598,8.823606422235228,5.974026369123625,8.975075340219618,8.990905167085348,5.622595543491431,6.362846371171805,4.3895360621912705,4.573373125031079,5.445489959213242,7.431979467899639,6.198358240312541,6.302160202043839,6.380058972999969,6.076291417253431,7.030813061857022,5.94837666713986,11.690567579762686,0.6123150011588805,8.46515322219709,7.125442442323627,6.308979693703867,5.8566330640480455,6.115148430240565,5.767274276706676,7.647112752343051,8.610566429023086,6.833123996339996,6.09942781141606,6.951913145595586,4.191489208939264,7.692967982513123,3.348750090290761,6.056893477665966,4.1173555655726055,5.343694625229672,3.9683159063088493,5.267490986413482,6.930061178859965,6.075567896381535,7.287831207544637,9.003140666361514,6.7231312445525475,5.693617337736593,4.104067191866966,6.449659198779487,6.020259688126627,5.102317839090166,6.071772512707835,6.786259932507725,7.148304293638671,7.513924788298282,6.168860651938051,8.212163357899108,5.637123230330906,6.304407669552441,4.688135610058386,11.198145251849606,5.299534176958022,6.211127195764202,6.552671122910651,6.2479410305105425,6.104834510848444,5.977625087084217,6.60172856833529,7.392062739051622,7.341601490974424,6.523316680646404,4.9728806825547345,8.107786838350625,4.96667986697164,7.77709916779964,7.745590422752088,8.568418928261458,6.147226147610566,5.145609137826953,6.00456142014471,5.372232202713473,6.527308171165402,5.257467258593137,6.122641032112057,5.823428693516501,4.503321744758508,4.0097478766251236,7.134908871917889,5.713446807758559,9.126220493994909,3.10828472288518,2.4238066847982065,9.475492699392909,8.543465984278711,6.981798597707831,8.119282948334924,6.050499282520395,6.076279539486453,7.752100249816634,5.790749131605544,6.936395970911816,5.677927961637236,6.107033065166964,6.796889639877043,6.801722772933283,5.271250487144654,6.316300060728507,8.334187852796811,6.537863742431691,5.451516486961269,6.461323821724489,4.731047728452189,5.893888315507048,8.626879963927482,9.009616822518156,6.001971456768187,7.242264958291218,6.123937719854818,5.821785329744734,7.341168080681355,6.7910219436061805,2.120828620575623,7.89884018024494,5.894373171031475,7.761302763018113,4.941005478131364,4.301458785759989,6.158271062091502,7.870370198940406,5.193054906766995,7.46830891625121,7.287035210218662,6.592196146989689,5.799758591271679,4.429525587065465,7.457572229463483,7.3433022542760344,6.201574584533429,6.438307828430478,7.6139859017627005,8.44226418682856,3.8505432756039646,5.8016316072437295
2099,5.7596695032613034,5.818017183770907,7.2277091479507005,8.832095859122685,6.887934440168837,7.654734079180094,6.068173029299441,4.635586371709564,5.8760564044631725,5.28955888799552,3.2067581285112348,5.7937739979604235,6.854577325027569,4.958191215991974,6.432732974660809,6.276362495175722,5.845905824724974,5.689868044236612,5.864803087737027,4.432816400931314,5.088402861151201,5.694324296802797,7.001160221367045,7.029234005202509,8.164506424346875,8.53071331412628,2.9344454880418485,7.438628376108309,8.373379908759022,5.53950762495013,8.001506333721096,8.247757073523928,4.845477042527038,5.9106405397299016,3.7313135390667713,3.687807941231237,4.791162583848527,6.378615711526625,5.896491607201512,5.8382257269374245,5.745017877940476,5.334631245711753,6.521455484281838,5.274277671914678,10.985409631811343,-0.1921968966850989,8.043861467198566,6.643501896282725,5.80003418079738,5.285784482442098,5.400251446099116,5.203198749957412,6.88408281782578,7.412300130416613,6.322454237475477,5.536040936050741,6.441593200402634,3.5219529389307396,7.172986700103201,2.6239242702722576,5.365945685526423,3.3984256361065284,5.066091689827115,3.5888296820480265,4.639003783464433,6.46888721830629,5.682721388494146,6.533152925557107,8.542784336825902,5.952925960565436,5.230516309368201,3.443247124231579,5.933021590627474,5.671100332048438,4.3061539571860745,5.779559088758484,6.310906989307237,6.565798717326135,6.703340623913135,5.697202453839373,7.755265513370776,4.978349949393809,5.987309096188382,4.035687768245759,10.641076875144034,4.978292951296114,5.714661612014831,5.786863956985803,5.719775152617491,5.718973642793198,5.627241897236171,5.985201731324198,6.421996561617691,6.793164344954084,5.747953186775077,4.269798679084614,7.30145421470033,4.290208962200018,7.0404176773696125,7.162818228119405,8.091340745831355,5.381158251186899,4.470997277261884,5.352561560170402,4.782337322831155,5.680272211288581,4.695630965401129,5.597003046294736,5.179027913459417,3.8056425827972844,3.364476633996801,6.566534475134365,5.454382277037629,8.678051385900071,2.4289834839773623,1.7270922243338234,8.412707210614766,8.116991395580355,6.479075297327904,7.327315301216883,5.200872659683226,5.570368601201934,7.171041547224439,5.251217659177449,6.348758366087386,5.036049815087491,5.396519339290163,6.494417895530832,6.3473063522371715,4.795400969684125,5.7664526721526865,7.80223735242054,5.759822578265749,5.188377079393328,6.204732397506981,3.8940498494896367,5.439422099112436,8.186782813534654,8.614147910784038,5.5826204130104875,6.700204776792695,5.640883518254449,5.397833344237561,6.582462658142218,6.47462505821524,1.4203758274750975,7.149303621259229,5.602614939726633,7.011457236676381,4.678176034627293,3.613382189952092,5.77717936321579,7.026667396826995,4.366396700513772,6.876078708370316,6.734960076110117,6.124709200242468,5.101982300137653,3.7987597822372265,6.706801852275583,6.450036850468869,5.407852902494628,5.618012814686217,7.044069290674969,7.994838891358213,3.1771674928865585,5.513389073127626
2100,2.7529304962733705,2.37412377832265,4.7952695743277145,7.580445691686257,5.1502012137709,4.605968484590799,4.345227892028873,2.2384675456018246,2.3544360666439466,2.8986606624876647,-0.7163800987704051,2.8059213481811374,4.680397008256665,2.663907097588325,4.6895467767427705,4.506554591501578,2.9287332058723603,3.047559089958668,2.723791567544484,0.8203237663055302,3.3716223247606174,2.969894665325509,5.2701765311689215,4.939120328760352,5.972715825356288,7.3252386260649285,0.6008801306116175,5.094946326880619,6.334143586713691,2.4982651348892175,6.6490833902538835,6.760086555933127,3.05626458083761,2.7048982037552465,0.1434352446732834,1.9167886592190828,2.3795133415481162,4.792361627364984,3.140476521233033,2.774304450585927,3.4550024297987614,3.49089793244313,3.374671844187484,2.9101844479426213,8.90739995857765,-3.1291816136960335,5.665836497113622,3.6433116369720153,2.7193968403955986,1.584107358393995,3.5953363236682168,1.4838533607022522,5.14974827190926,5.714374400418383,4.192584067904231,2.625136247097416,3.8438212293489222,-0.16777597640737457,4.39005852208055,0.11223170572313683,3.205036255306211,0.8344919550521616,1.5603116771270504,-0.01177893527622807,1.2215958134881353,3.187716277123527,2.748128982967346,4.820816170424223,6.484623403384768,4.017900638025382,2.5490630135453984,1.0997422959270151,2.6356556607603037,3.2123512566603485,2.3662022506368565,2.373549625534436,3.341237572503499,3.813696176327507,4.810192237832934,2.814513877483792,4.853644193246445,2.5710069919968515,3.061130205972184,1.7295765404043513,8.50080049808683,1.9779672961971115,2.576486429263806,3.408244996235289,2.474757944201599,3.04100525302106,3.2650507035954255,3.4218135363069044,4.776385068764974,4.574460170649249,4.007576561179658,1.8184837945576358,5.737194302267046,1.9399777321979896,5.353761845236193,4.454625503577548,5.589231740811774,3.637838834960913,2.1306499932603593,3.171924711678759,2.426783334335377,3.89607136850727,1.0574275887218036,2.3317672056467096,2.830976156710548,1.477263995285694,-0.2476212993778052,3.9702198353820854,1.9102492188585227,6.372589441979752,0.03365818051428566,-1.6582795750221302,7.125567452147087,5.583609412970218,4.537418402089126,5.760240629764978,3.3435484088700402,2.620472551949708,4.685435025342577,1.8030510277583662,3.856587545111263,2.665143312115605,3.0616200183486106,3.214631381926351,3.2318085485362795,1.7649787114611972,3.0327743354799424,5.445575493179134,4.047814246010163,1.7331247124178657,2.909042838061679,2.1437017126330025,2.40989208317779,5.7215309312631355,6.670089537727421,2.9014297759738445,4.3305835587711154,2.493805441363106,2.3290542490009614,4.797553092755118,2.908264580150615,-1.3490007179307504,5.4150351229412825,2.07608795063249,5.285837678624126,1.1313509591694546,0.6012499929759019,3.297636961403849,5.431706694179569,2.605323113244155,4.372914145732749,4.408192864009017,2.5681260478008405,2.7238187950489876,1.4455682604477322,4.9599895664844045,4.888921939864244,3.5485318606269765,3.933718328588995,4.477298291592763,5.140947065765745,0.732802843225413,2.1550266458813483
