Year,1,2,3,4,5,6,7,8,9,10,11,12,13,14,15,16,17,18,19,20,21,22,23,24,25,26,27,28,29,30,31,32,33,34,35,36,37,38,39,40,41,42,43,44,45,46,47,48,49,50,51,52,53,54,55,56,57,58,59,60,61,62,63,64,65,66,67,68,69,70,71,72,73,74,75,76,77,78,79,80,81,82,83,84,85,86,87,88,89,90,91,92,93,94,95,96,97,98,99,100,101,102,103,104,105,106,107,108,109,110,111,112,113,114,115,116,117,118,119,120,121,122,123,124,125,126,127,128,129,130,131,132,133,134,135,136,137,138,139,140,141,142,143,144,145,146,147,148,149,150,151,152,153,154,155,156,157,158,159,160,161,162,163,164,165,166,167
2026,2.1768706015178125,0.7190078856689597,4.190536609292029,6.9276352639709184,3.8157465096030947,3.0252436735800368,2.6500919359070916,0.879337171890907,0.5513076899307116,1.3512056147413607,-2.5695759645530125,2.02442901645388,4.802126210502215,1.9643085782017056,3.2188683211803433,2.649444023413316,2.7561257379395627,2.988725567076887,1.7690528933491023,-0.9006875332844047,1.9303257282025048,3.646687402935435,3.6341616588511627,5.270073066013202,6.224777933529444,6.174668060828531,-0.8281977832317353,4.81038248028074,6.55702630909426,1.3556087521570053,5.948826846906117,6.01978712933404,1.643855740449257,1.9127773636153773,-1.9221175797815802,0.5866851923721159,0.8056071445345879,3.1766575949532663,2.8345910102128973,2.1584765246936266,2.190261068301544,1.7714733359004777,2.263850134185383,1.5322412248168673,9.820877083710267,-4.267948779038019,5.270826531733785,2.663944645013129,1.5279117026499336,0.7534148267337256,1.6087284752300823,0.8790061723440882,3.5223792501858298,3.9270359839711872,4.273390802741052,2.5991139471530924,2.7905471512249567,-2.030746946803163,2.963617385072368,-1.01134114435741,1.9265459701418886,-0.431696270991649,-0.3665680944919586,-1.6872147090733038,-0.896090736772334,1.909162897935937,2.707150957839828,3.3292704709938583,7.130917745619082,2.4093569915209496,0.8795177148921155,-0.42349460896636826,1.6393447765282223,3.1934981275882053,1.0689343631267527,0.7591787737894011,2.2080129525956846,2.184927027353222,4.570831693056974,2.5797924102417067,3.3907436839171807,1.03018480667046,2.4495689285652986,0.32862780562468913,9.34134593435696,0.31077418689216874,0.9116597959106522,2.4425689219364104,0.7128598370722365,2.441435517157827,3.569870128482581,2.300588324253581,3.0513389731757337,4.442549975801792,2.4598218377945673,0.02731350557878602,4.690134730509353,0.4756486408678547,3.9455208991255053,3.093956972445763,4.967795092133539,2.4474666889623866,0.5125911819615558,1.9302964447332291,0.5210444149162088,2.107651186840874,0.11876092002327938,0.3740966637219693,1.3094043212277549,-0.25550074960504277,-2.061296199049268,2.776514899145281,0.14331364376204314,5.809246842243838,-1.3575707171644475,-3.0570692980836602,6.167575704412801,5.057738246662278,5.141916470934772,4.587042226110188,1.4191579137529649,1.3081137018544333,3.4756836746420166,1.0945147310516667,2.891987631150656,1.5169682620226292,1.6744346373847554,2.0125246529068272,2.274028097731725,-0.2995583479425726,1.7964111220623797,4.843095172303065,2.7020489196692195,-0.2588020165583911,1.7053045364362858,0.8520174298967634,0.8647820641951898,5.396194379909764,7.485361171407358,3.301031278073787,3.7184223265520173,0.6230179188506941,0.716581681796483,3.0871750286647237,1.3147888300142114,-2.3232283886255964,3.875413389716832,0.1508841233594078,3.7628612666257784,-0.6635753877727043,-1.4185921374741675,4.058607788703273,4.190719624076571,1.3000023573636976,3.6258586485471054,4.20924769192934,0.9087516005550113,1.183751860260964,-0.007760781102944796,3.298803988950596,3.7712164600778895,1.5352026224136328,2.7202583110758245,3.299937832355501,3.9546297493789893,0.4637169433491571,1.033212061226368
2027,4.297865672196661,2.7642775338143095,5.3887822631214375,8.506767258260927,5.107433059385844,4.156759873245446,3.887611909423557,2.655675376313074,2.730601685281311,3.061271104642324,0.4015572973660051,3.629708779031142,5.884355510771277,3.921684222561971,4.515379015249866,3.9124047871146876,4.308706580634628,4.495600599902019,3.4078187897801415,1.4076090787138253,3.1708654769829323,5.640838158503175,5.070663047049729,6.341303433265007,7.153274630169784,7.924539365938732,0.9598024846187642,5.944994785024652,7.424137501258936,2.9500956496489885,7.484083836419241,7.319770793191029,2.9744930931500027,3.5462251818605814,0.9802890577486592,1.8812233519607364,2.5156979330948426,4.813952512985897,4.637314332063711,3.742667454747217,3.419597410091333,3.104468017816544,3.8826430005686614,3.2434928431042622,10.782911634445194,-2.3681643892877857,6.213528746685811,4.262272255335537,3.217399069241114,3.52264611114349,2.903369983179229,3.629821649619509,4.760795277357103,5.626062943706558,5.34933299542006,4.725167786862166,4.075586796711599,0.8317675948143005,4.110382894426587,0.7150585788701279,3.1490477902548646,1.2602400294372025,1.790457531809809,0.7065393473420837,1.8364480363471172,3.5605589890054277,4.281607484391759,4.553526626740186,8.070019083124182,3.7672565185597975,2.493587292398193,1.4031526202069866,3.268685123750142,4.7035869223198725,2.3167443420205807,2.927289366362882,3.64949695358851,3.445196555767739,7.692496250356947,4.109630969166757,4.459211082756518,2.751760687146869,4.325664053538016,2.0536442356450224,10.374500203132635,1.9211247554847188,2.6247053412454457,4.380797485475031,2.46381924982582,4.016910175340517,5.04188685044646,3.5514048251190364,4.555983637273312,5.5547138714364594,3.6852517289774775,1.7148406595523855,5.971150823363237,2.2344346378530773,5.149878827748554,4.331576834619045,6.0285410805472335,3.683440398744175,2.275006570986338,3.2136159528579022,2.227291539737154,3.410617435829979,2.8913597924368735,2.124201516594205,3.0300957845790104,1.5747918937887455,0.7090596079826337,3.985322357265149,2.2957228660583504,6.793111958886894,0.45380663935627175,-0.4219575098582676,7.757004611407008,6.036691623154497,6.168298326459312,5.876693401964648,2.772216867974824,2.9584620789757787,4.637331762697015,3.753818625477807,4.11634333273396,2.7611852112625312,3.3591550202108897,4.075492957234384,3.884271679020356,1.9188557360853455,3.4768739361315957,6.004072291084701,3.932872208527157,1.917146778958186,3.8637705809303693,2.1372177352330506,2.5169650073562364,6.378864627225058,8.319586946283067,4.760284783584732,4.880541728224073,2.325604706683329,2.3347513007133145,4.360672741915498,3.5077203456844592,-0.3327336647680827,5.139987252865519,2.326265196236116,5.0079701238444905,1.4908678365605246,1.0111842268279616,5.483058774684154,5.47419254550976,2.571201740418164,4.802601699531081,5.348996751329727,2.642724003323488,2.9047035032085007,1.7740841233304596,4.527500867417883,5.135419647169429,2.8464600911896163,3.976081600785253,4.500217951834204,5.035979867620129,2.1578910793576944,3.3373879549758785
2028,5.479322489244599,4.138927904835769,7.106576511759443,9.00917786168201,6.501234470733576,5.630701516781537,5.288173801984103,4.2540591444287985,4.006436351793152,4.601056963205338,0.7267457070095197,5.289158652509962,7.458386656695177,5.0100729061024545,5.965706815464155,5.374332644258226,5.944740225587572,6.027185179506031,5.155494146687645,2.3903398656419346,4.579878064710647,6.862329520790708,6.175653763567763,7.86845216217584,8.448211744001933,8.730664765701766,2.4906334069690557,7.590696954886831,8.518751050744738,4.645563547313216,8.003982500625511,8.599649324708817,4.428818434689729,5.2881102583238055,1.2944535776972748,3.3684370713574547,4.097304812073707,5.880290914433341,6.021226133938347,5.419692225115643,5.060829097884043,4.563264886822021,5.651581355503627,4.765260745372094,11.25542485884258,-0.705993619138773,7.430376271052018,5.960711162856649,4.942467139448438,3.799435780410257,4.393713899595398,3.8821087944720456,6.192820480465883,6.287278331177574,6.874758062059326,5.471175402402876,5.784407295260044,1.1520025547061632,5.747670163852827,2.2682059356144513,4.727582348138095,2.868569919786283,3.0713111194116727,1.7477540550487383,2.1313443226473665,5.356555191108158,5.937587601797921,5.9629365001406,9.202129754211223,5.182878137060573,4.142453055722373,2.949900025980812,5.096940553188325,6.213583611803397,3.8337178400584637,4.196466014853547,5.396747671919212,5.333428807769503,7.309858336742034,5.6865484674062055,5.880801190276233,4.301537948846817,5.684087562986785,3.5419100931712593,10.851732026679175,3.5873361104301025,4.393192225907528,5.555489994904828,4.2669542859175404,5.605769008398056,6.51074348390102,5.296373691409826,5.8040839500800105,7.160113134554461,5.0989481327789195,3.3250850142911075,7.323357787515436,3.7925577057259425,6.53275967878955,6.1901818642658855,7.516696997412613,5.1002545208271055,3.829683427512644,4.831313761962312,3.8071105207715714,4.911630312779116,3.1681008321898347,3.944223737716673,4.533228905711858,3.106607407757215,1.1151436005319881,5.752547226314034,3.5560719719954874,7.9791550823620385,1.9786649055512855,0.29012675124353504,8.246173168718816,7.349447433118312,7.610607675143649,7.217619791147968,4.345092649544991,4.669743671587534,6.0811769892993786,4.0266877073262455,5.8505291081965005,4.447394646491322,4.941456087572241,5.417597641928922,5.60608704601015,2.9599765315651876,5.13454481456429,7.6556868995939,5.332609357046231,3.2016405224800106,5.0917480503342,3.600939657645567,4.237045904674698,7.657973968131202,9.413842776204858,6.282612304389477,6.529452247704777,4.109490467501536,4.071225783228877,5.818472768965045,4.784705975651742,1.0022436567715214,6.552779433290877,3.6132219518933977,6.41933009432895,2.760623334135328,1.8533744277698656,6.959091901326818,6.641149596510725,4.022644901940864,6.55930233714836,7.0034567704158155,4.542241757575954,4.514179295833626,3.290274918558342,5.95734838119575,6.167220251900811,4.368535589706153,5.281657655217817,6.284720747385708,6.444353511876294,3.5868495728288363,4.623322785619116
2029,4.463048418291978,2.8826815450830114,5.425034927896089,8.447133520777738,5.34867004794734,4.702771615769182,4.171331329005106,2.5894969369683967,2.96866263662066,3.050396988860199,0.16893317805869032,3.3279235950538073,5.921765763152925,3.63498277579035,4.748432161126818,4.203216480357308,4.047966821704593,4.218561096276558,3.106968445543732,1.5086751618555627,3.4276921658643644,4.9326079575078845,5.263278274876727,6.370208789195334,7.470684147972081,7.70261020404952,0.8870433718764369,6.018768663065775,7.806174131482843,2.666213180550508,7.477546830475333,7.440565618406983,3.1817183376422964,3.262097739514763,0.7222246864012304,2.154266893225051,2.4600733186517467,4.765087808029993,4.5467101121853535,3.446805685758591,3.5918037329401287,3.3467793839318456,3.6015559485980453,3.178766041568348,11.040076073578426,-2.4032821378537577,6.636401294437903,4.000598249265127,2.9251778515321853,3.3748822085160226,3.2106421572821477,3.467404739771574,5.040298612628666,5.693892388684413,5.3818302273750325,4.612101968271392,4.055191130297524,0.5830018373472361,4.4314601953540524,0.6902750070339861,3.3653838055474408,1.2660951345094613,2.0363568833896104,0.7811411831527932,1.610990538341658,3.2836336859634945,4.0234025767871335,4.843032542296818,8.342719995124002,3.943464912687031,2.3271802612713417,1.3108751981386129,3.0659422242215704,4.432673359555857,2.5562953729182505,3.1510338359645442,3.5298451576914114,3.57111535162798,6.542270789401873,3.803201377391817,4.991309423904336,2.7217572897672655,4.289445993304253,1.980502417364291,10.656177829844614,1.6987550548676928,2.334441941444361,4.11552296621459,2.1560821871672373,3.7402073368430147,4.775330200578488,3.6238358477263546,4.6486615312950965,5.591750279601131,3.966606844855208,1.7529355244977118,6.143678015789815,2.1818140200206195,5.4262608864477695,4.430695692130498,6.3266978077590466,3.955598500264544,2.214769402572087,3.3140249639749526,2.16425652035645,3.6999173939228043,2.7177212125488706,1.8430373666541928,2.9793165045125134,1.470329831327709,0.49277519956231025,4.100642168947627,2.519860899448396,7.207770740453686,0.36873064544052014,-0.6325895060385992,7.729329779531274,6.5186288833618145,6.178646010799065,6.065541892232643,3.049460795437749,2.7370727126087435,4.922165233535423,3.5886660829186448,4.157814588717052,2.8452865909252862,3.3265055467507683,4.161235529397215,3.5978212135178698,1.8621875816157878,3.3016221469002125,6.0593526867883565,4.217607484172497,2.1599728175571986,4.05914754952703,2.4172485196164675,2.246522800837244,6.842985493157591,8.69107414313725,4.504172863704818,4.922265639901159,2.0593925078000366,2.080576390826277,4.64232993381364,3.734875960009438,-0.4395865195031682,5.39474179659571,2.574550462833474,5.2694797166756215,1.7190430313348768,0.8504500297563421,5.231622800443855,5.683153784275055,2.8612070539167966,4.876491546630861,5.385688057967594,2.3694682026548035,2.8910692136202556,1.7047825385492088,4.817212396221501,5.294011439595907,3.1455530647720624,4.228584108182362,4.60298911843981,5.545271386419027,2.0895410963467183,3.5333451060212355
2030,3.079299948045185,1.5183599580611502,3.9675534684211033,6.842927945298807,3.7864934603018434,2.6167417568819857,2.573207267905983,1.325757190212608,1.4877623429255835,1.7400602221488946,-1.4829422080091073,2.361613255207028,4.587031545596466,2.528977064575469,3.148528470950467,2.5779532564537826,3.1066002960715986,3.2866122711982024,2.126393332332372,0.033594295345911594,1.8293616541794369,4.160341164363284,3.577666999186787,5.06746526317937,5.8636396592216835,6.42413852938584,-0.42303221960152815,4.613193371945193,6.17337646143777,1.6911795611892417,5.825452634479323,5.91671217669334,1.5934832555907097,2.292044469714165,-0.8792570808104094,0.4639572968706475,1.2106269270181653,3.3565441703157752,3.383942184916563,2.5051824365343376,2.038874618176904,1.7558292499610355,2.603421099271094,1.945095427121436,9.280979036433362,-3.879371284453996,4.844012459048205,2.9833819227559246,1.8981966499239207,1.793257447012834,1.5327653974294675,1.9196989915200637,3.4934417000838702,3.825511151552201,4.0421497036836,3.2769771228943556,2.6794451756136755,-1.0046190691845758,2.692584007526086,-0.6339895222868268,1.7969442838004666,-0.04178796367985874,0.5591402903132671,-0.7154682792191003,0.07494239663438997,2.304550361207554,3.063440392059942,3.300013244790694,6.6658013729112495,2.499833433330063,1.2277320548892008,0.005775575126919127,1.9245624201638325,3.4692732831330173,0.9282623239393747,1.692985415671553,2.3094038043703358,2.014231070024625,5.803794153686614,2.8909461865999875,2.9890161812305482,1.4502968799855056,3.0779966231967717,0.7297580318259363,8.792485071612257,0.6524586430617735,1.271869006869383,3.0049201663051357,1.0977612812604207,2.7397487433893364,3.8391966142824736,2.1242823292102133,3.1194664468722695,4.196800595255833,2.3843909855399814,0.3692367030573728,4.612935256319386,0.8964017679914829,3.930042873748711,2.908734158958707,4.6528623189244955,2.3692054199320896,0.933316800743342,1.7691034308501643,0.9212676945541612,2.0726390310696186,1.1527435309120577,0.767119842767717,1.7293741895817238,0.16616068673985382,-1.0771355241537108,2.613105974452838,1.0691913528101782,5.440823678885189,-0.9591639869979446,-2.185490962839686,6.073869184936798,4.657427628125463,4.899883394981069,4.5354040007506065,1.3703216825212747,1.6786145634417011,3.224455706136566,2.0738269048077718,2.6691612213850022,1.3153495473521104,2.0498852640390397,2.8018729354654046,2.6493826085967687,0.4287477788382354,2.192900168895723,4.6614134971584615,2.6363087307129587,0.6796526457316105,2.623347940615246,0.7422670941267725,1.2063627690076832,5.006570228295666,7.056450158144746,3.6026157198207702,3.484626709669828,0.981047469590391,1.0587441073996697,3.025061029195785,2.2579642723713604,-1.8393067598342911,3.866030797255893,1.083163521758147,3.6778065783636933,0.2624483950968317,-0.6525247787790636,4.3549348418467835,4.141368687152864,1.1921269186905448,3.3954718628099996,3.974792843418463,1.3321033827694406,1.6015804014035626,0.40917412021330607,3.2596658474632694,3.7048905086969697,1.4782720416518191,2.653288290330341,3.1240176869290237,3.547917489494599,0.8174632135778666,2.036746874531466
2031,3.558281057647297,2.2185545595628886,5.980001008617026,9.437373186754328,6.043781396214447,5.2414022496768435,4.89158938612257,3.0158370885465815,1.9996007132743094,3.4130074195563767,-0.33671833223530134,3.6297413378953927,6.444167257419655,4.33505413292109,5.550803530429093,4.945886790752415,4.315367874503136,4.522543559755599,3.421441871845829,0.698805233197554,4.232836296728678,5.150478641316295,6.085535684440815,6.870290870937922,8.006583487827859,8.841111401255642,1.3072146192193046,6.533824092149735,8.279733882738011,2.9722487745540485,8.466187727451324,8.318995903538807,3.9790069303342266,3.5495102565735577,0.28187025327767756,3.0055225902370046,2.854458430063512,5.768433772772549,4.329562098958661,3.7638617302690265,4.165652242728642,4.024024950606479,3.921049438204086,3.5896488096032777,11.98304035152708,-1.9895772901496724,7.169327983033977,4.322369000315665,3.2047039581196657,2.820174672773909,3.9461382414347335,2.9419907220772337,5.71246305704117,6.829800494228095,5.915922096248321,4.560379230550356,4.542778611715349,0.1590738711612567,4.930137516771045,1.045621663757735,3.9839912457125526,1.6088268822857301,1.0596941085798413,-0.042289122273878425,1.2125137533460346,3.570691744344573,4.269587611673132,5.494751353774755,8.920308985614353,4.543799803938185,2.6882046320608723,1.7325958374355521,3.380276095015662,4.730001398708141,3.2920712913785644,2.196368306449483,3.9319115557840907,4.064845504079547,8.00391748526267,4.13224729512419,5.531356550353978,3.04940744191408,3.931071702923091,2.4021189125520856,11.587879257542747,1.9503489064318777,2.640440904881274,4.783433983421754,2.4593204017462473,4.035614856438979,5.06910111132477,4.101480769685333,5.583733278512948,6.138486910824266,4.705655749780793,2.180476739364011,6.956026466403691,2.60426483111722,6.055065692748342,4.955238805285523,6.8532115582908935,4.713289051822255,2.63231165409088,3.9850695005484997,2.5904674786542143,4.432688481892858,2.2021169969013785,2.13370460697583,3.3316467974867163,1.9253748753241093,0.07431310990026806,4.559546401245252,1.5663648834185933,7.715422212598581,0.7897834675652651,-0.8067481943539225,8.719299590587616,7.048111796964496,6.709966900133127,6.827845197649938,3.858627711449348,3.053520125097462,5.478014419972897,3.10672378199441,4.704479995795658,3.4468696621911867,3.787312103169306,3.508898328776871,3.8926327577659086,1.6457228050700254,3.6666970777790993,6.558039318770173,4.916377701929635,1.1826994159391961,3.1252223816035025,3.2298619634338794,2.5464881049735206,7.356057790986134,9.248152127010481,4.79739143827132,5.453373965620996,2.3665917735014634,2.3737000005585784,5.380439939669206,2.777601751685143,-0.1337376682886054,6.0667145890849,1.5945860797805445,6.026610731652806,0.7496177838849182,0.7683566864047728,5.4920802765658925,6.432790103188852,3.6572925139750736,5.427630359360148,5.942916043910996,2.650963166781834,3.27730186326163,2.0637876344046444,5.490036922693254,6.124247275186435,3.9034825039761447,4.981328977857316,5.097641614292351,6.090968973721776,2.5133314498833244,2.5284102154629546
2032,5.5705290632588556,4.203936939154354,6.520054940666478,9.982435125112536,6.543328800903903,5.799925561648397,5.290580523865568,4.100127835066189,4.119196343847682,4.420248977227933,1.5920976347156923,5.144388508796692,6.899437396866932,5.1322309795900125,6.0288297804338615,5.383746818985259,5.785942251341686,5.909604719706944,4.984501562693288,2.6427231244586964,4.630181695308006,6.836046281031205,6.590934734897955,7.312430723011493,8.387206241169146,9.223767135185852,2.395771205425264,7.00843222022855,8.667525721793732,4.4659413265862655,8.887864172072815,8.800161246955396,4.491876889552387,5.097677692291989,2.1053737403558808,3.4640730950449226,3.9529628748739403,6.178871242276263,6.043258929625152,5.2582816738635305,4.6692147431629065,4.535315808228088,5.447567206940481,4.6040433179454086,11.909605540548055,-0.7666668142591198,7.575516438909941,5.767902020684308,4.793179762682745,4.62164329609701,4.395312030067935,4.7377521336078665,6.213580047658515,7.254523061641621,6.3530588568321305,5.8731073522141966,5.260937388327775,1.9700903065668955,5.445121439865658,2.138568879876819,4.465004769014195,2.708291204486573,3.134907246860012,1.9411923566034874,2.922931656028542,5.130215994587967,5.760078262431283,5.964921207087379,9.255112640932202,5.115118569135671,3.936421892791987,2.8460695421323168,4.807321832435469,6.106172598845193,3.755983972815532,4.286825914787393,5.002103051968983,4.604340743140452,8.30465878817652,5.563472290975709,6.036917712858748,4.108257378531356,5.7146013773977735,3.4192080624401595,11.525988781452181,3.42187536805868,4.2289295290197675,5.632075418319023,4.096227233324732,5.485732345495905,6.402725072417945,4.67011553677065,5.999446080678277,6.605829671131711,5.1056715807744455,3.159378370642661,7.448646024082393,3.662121917733124,6.538744527527267,5.487868032498017,7.315026171771545,5.137400766781399,3.7021016292274,4.526075949573091,3.6254865220082673,4.946396860054559,3.981225792158927,3.7627336794776602,4.3598434468465115,3.01646925572838,1.8372750961354805,5.0828208005854085,3.6492669348205857,8.175514541779242,1.897769859858924,0.8483769403770582,9.22275071995599,7.488655805162023,7.118813530994314,7.330805145416944,4.374117604390318,4.505871866590209,5.96105808839202,4.808551440920147,5.241545739211143,3.971629253774887,4.811513315247641,5.485107646776096,5.422901304332272,3.2153641899781578,4.9832381899867775,7.066946176120217,5.342607553941867,3.251906549824136,5.208120372891429,3.6710710196090566,4.070677288515225,7.810870800699513,9.556195488146377,6.151094517670573,5.9577590923756345,3.9357950074332093,3.8737340152263675,5.837477009104829,4.929170145520143,1.0858442749295933,6.576799513293165,3.716816434902802,6.440053648608071,2.7928160998438085,2.279958029304232,6.830200405219306,6.891276671750739,4.085711675137283,5.935303970798851,6.427448989663805,4.307057442650802,4.378029063131128,3.1580461832029445,5.9388958445617135,6.570664935771906,4.38716960442918,5.422247788310052,5.613790087508302,6.6015575242361875,3.5339781003338926,4.744053639258656
2033,3.9396256628313235,2.5706423363515327,5.397700366271395,8.433787898506438,5.426539869925809,4.2666547224989975,4.205806903753959,3.147152420452663,2.4567483102902754,3.480959418203152,0.37837683111429443,3.6455925639186577,5.899264880003675,4.208199184494359,4.88378172665835,4.253822908656939,4.319073366267342,4.5340442623410935,3.4146271497011202,1.156449994444847,3.514475016083037,5.325159235957211,5.240559398382905,6.342361772951805,7.221770134993961,8.033390234623637,1.4544953605958404,5.953253831348516,7.496791968760747,2.976149024282184,7.406364807060788,7.671670391410587,3.3473130161208773,3.544956995333944,0.9934358618089143,2.2566179186105755,2.981436126892055,5.02946200929582,4.513254822311655,3.7628798593367883,3.5387953281402593,3.4563080522630925,3.888548497749228,3.700869788229468,10.356573711122783,-1.8146471094872283,6.295490780472756,4.268833621697766,3.2233023063013615,3.504235267958469,3.241698452404569,3.636638238813197,5.0948250724268815,5.544084010805403,5.375649872635092,4.957797135838444,4.059793835026876,0.8496640175580968,4.171593547612429,1.2134016926799518,3.3423292862517466,1.7701068239552633,1.501511421161036,0.43178420577730464,1.8641543822229978,3.55701817806278,4.265472917790926,4.868853663253995,8.105173403450424,4.126154300859865,2.7062443937574123,1.8778614191072316,3.2352557041815366,4.738135279289315,2.603750412804739,2.6262091049126197,3.6423556436385427,3.4410055364881273,7.290457739148822,4.140688557097954,4.58834034034184,3.2020692165408806,4.167368320056369,2.5262689647930006,9.934318010296142,1.9581418953835947,2.6399086149143307,4.680280705035798,2.464795089619502,4.046193348722795,5.077985643189665,3.5264570500169485,4.819894810340234,5.5755527587873575,4.006188373640181,2.1854015365309447,6.318533301486502,2.7421538855348317,5.453441926730529,4.334513658305094,6.075912240147589,4.023682403511233,2.773769380365098,3.352417267007485,2.6716302407639376,3.7772261955908384,2.8877941455159886,2.1426067348037456,3.462311900300639,2.0678574406674923,0.7387977054076523,3.9755870201757975,2.006471560682569,6.888216303927559,0.9479791863688422,-0.24026574237005985,7.6877464837261655,6.138106650220498,6.1955517697547196,6.2134735223172,3.1527441190821803,3.0904250025749196,4.699278785501211,3.758490532849518,4.109297513748919,2.8337893132652554,3.824695577179747,3.8508605951044186,3.88211859273059,2.003357283983912,3.73816997164062,5.996736900295528,4.241717640124262,1.6224147039864774,3.5574717981474744,2.4983424561364296,2.544330375748022,6.477997157190528,8.414460997070588,4.800803305847305,4.874520551306864,2.366842931509017,2.3698235963072096,4.698049849963617,3.240809779507774,0.11027375885418252,5.460815331872021,2.060066737447469,5.345451493800751,1.1623643713338034,1.2408512228301622,5.502232494311672,5.690981156166109,2.9304694712162025,4.826915383525193,5.369439201482703,2.6422713396804705,3.4428734517789312,2.222501275049787,4.829759329146638,5.3069224704589155,3.213282908712114,4.2725260734558095,4.506858944892887,5.142684674263003,2.6578796731574204,2.9379834249615686
2034,3.274919249755997,1.910975738495058,4.877305760500687,8.088705446145363,5.206410101056098,4.188172806586537,3.960476908939222,2.510139506576317,1.7011766357081313,2.8925166084830254,-0.6928827720029039,3.2926854967006634,5.43012386805245,3.6290786947522835,4.610478545938222,4.00014000449862,3.9899987480470127,4.1705660536619185,3.028448660884586,0.27269407127584944,3.248909018508028,4.758785374036857,4.953807017952202,5.904811507037709,7.036119598788875,7.753634382039305,0.7237690955400478,5.515504729707857,7.427898345674791,2.592239288772855,7.036354793608187,7.406276725658345,3.0301709264516816,3.207336507923899,-0.07618456099714252,1.938772282430104,2.3482970821005957,4.710622078818939,4.015804705396296,3.399189088387148,3.1160952605706242,3.134292555573795,3.5088043831288824,3.0959483955587643,10.168187245726587,-2.6794566439730763,6.213492475130726,3.8948091272796885,2.850641299265303,2.5487540990114206,2.979173881134816,2.684463930342877,4.8751817801169,5.139843662003322,4.886295819907848,4.179548628967519,3.5882827354328986,-0.23278493923800372,3.8778409004211443,0.4712559844766373,2.967628478342002,1.073576506972312,0.7062899687460481,-0.5042413835014626,0.8551821089216636,3.2131772287988225,3.9422321396480706,4.646521763290681,7.854973141955478,3.775121448401898,2.2266004494258334,1.1769431906087051,2.865132478571366,4.375866383846318,2.2369951009750393,1.9179141621504494,3.2220590511070832,2.9327364355325716,7.0141121687633685,3.777368099242444,4.4976355656981495,2.5647616161831785,3.6233078980020115,1.8547423762934545,9.726281522214418,1.4900544358151293,2.2464894934424327,4.153593994410975,2.0789031051365363,3.6815388275044296,4.71942890688245,3.0205135722777707,4.550410470366478,5.072125958065903,3.7623059608042273,1.5971403984086852,6.057394378525868,2.0630519049508225,5.2468477491289365,3.836027537924904,5.842850737060819,3.7536736505372166,2.1073343102421114,2.924154378420544,2.0539601040405344,3.523246314908777,1.9189043242617414,1.7253362766333977,2.8429445764848125,1.3644281478332654,-0.3801744392939967,3.5005028137138905,1.2482416824570741,6.7833760728261305,0.19310768502099132,-1.2604017227888102,7.320854525480952,6.066276702710558,5.722363045758437,5.967921206993718,2.894933003612923,2.637914089918401,4.412225501398955,2.825728250827106,3.580925447746583,2.3240307441779544,3.2567426298345827,3.2106841852622363,3.533941507765223,1.2029183200427485,3.2336061330778265,5.544365218920367,3.994297402139221,0.8438861072063439,2.8502611740359223,2.1912367018205776,2.14531810017569,6.408203218301058,8.304276376962662,4.448898288714034,4.375899299340583,1.9390536523291055,1.9567325599491585,4.454778294158835,2.534955285276687,-0.7197950224791246,5.253427911656246,1.2762239696724067,5.08365786337194,0.3564547544345256,0.30260336005261956,5.185043301965512,5.440097271331719,2.6290170051074324,4.293139788934163,4.862733840090888,2.2900814537491123,2.774641938294686,1.5338642588683524,4.617064197574345,5.003201242536305,2.9610181176236736,4.004958083001629,4.023777794412202,5.066277250221801,1.935099396535328,2.2185060128037444
2035,5.364000378895021,3.9274542901398903,6.899255491367411,10.8370354869536,7.111415580766547,6.995607662373884,5.904031356104782,4.2290798938700105,3.8793116516300628,4.6195391258490925,1.771538721237863,4.888154015157904,7.258636061847208,5.3999528290970025,6.598233756423002,5.992148303559849,5.488969341771943,5.7096102223864635,4.678692389811786,2.6161071790116184,5.227911804110875,6.6662626064249455,7.35941723542554,7.681290056237158,9.190327299492699,9.890326539320602,2.5650022730231288,7.423504532873632,9.55948540525777,4.2160378397974565,9.796196831975664,9.303118051162787,5.01196424694998,4.779548525916681,2.332863724338153,4.062585574009321,4.057897316345147,6.841842496182234,5.81903683223895,4.966812775709801,5.130717682732003,5.098370164659409,5.159551942933885,4.726149944003142,13.393278980255127,-0.5709882570164556,8.55990835726261,5.538994880446366,4.526060373602169,4.749132481004509,5.025745378860409,4.852368617270674,6.7611041884337135,8.375548119630132,6.717798450642398,5.986127130155054,5.518184253014623,2.1884943492710605,6.186462043811168,2.296939879230092,4.9510708571544715,2.8288715748914655,2.9344849062817446,1.9500810022865023,3.1226513579487807,4.802192890111889,5.4887261007513315,6.528446178670441,10.12484241766589,5.574478131958417,3.8820464135812887,3.0055482059717167,4.632359601716912,5.946137364022432,4.295867555482046,4.04726441502571,5.019663975494243,5.012025410575526,8.867901714252579,5.316034907954083,7.177490007238728,4.254965471050573,5.506998171657325,3.574877362405618,13.077039779935564,3.2228078418544355,3.977609315674219,5.852805896742004,3.8107444254814524,5.301539444071906,6.255743994457383,5.05506168428276,6.664743102874078,6.96680218002626,5.7157891531607925,3.372357289812397,7.967730781888323,3.8132195313061956,7.086403280709473,5.889944309421952,8.097371320213592,5.7195406485481985,3.8522164748183325,4.994438952314003,3.7613357780235153,5.527085123211147,4.129480720630714,3.47936639402594,4.50190263049943,3.190107789316347,2.0840562882167966,5.467789148752178,3.4230621570455186,9.14589013253738,2.0806446611615175,1.053072257180298,10.134412600951535,8.547458062374162,7.482467488518786,7.849939720545498,4.969700454814094,4.309742008362498,6.697485229213323,4.952586694487501,5.6256712470735835,4.39770712591708,4.963404149881436,5.25282271818391,5.11183281540871,3.2787443652749055,4.882794694469442,7.434949145705577,5.9442449797477055,3.040829477778503,4.98585508699928,4.275797242511596,3.836398215911218,8.84709433381047,10.44962264299393,5.923533782076888,6.326375739169971,3.6900016397237794,3.6273028084209984,6.434357731470044,4.631823983948144,1.2740139867578242,7.122720228987081,3.483006307269846,7.036717818783862,2.6398282666291504,2.5003778304106428,6.601133914291859,7.5360668361186995,4.681756518475178,6.306102695741821,6.802025657945447,3.949040109877077,4.492741549440791,3.310818019935064,6.531774612090414,7.27123046985694,5.001169091010736,6.02342227649476,5.9994282205189995,7.740436388658627,3.6772366075377363,4.439308578308138
2036,5.494315526687674,3.970708706974984,5.924313098458309,8.888919333474977,5.782836670375299,5.021453404772497,4.51548445054463,3.3953384689188417,4.0498427204189005,3.732111939362119,1.2053322882790667,4.517218011298349,6.379349943995476,4.512246930812089,5.187216569270408,4.564719654193947,5.099351496302657,5.357943951232093,4.273525579539792,2.5910897565739517,3.805080334416456,6.186799196686065,5.647012802532744,6.833536251315051,7.797026130024878,8.413116727556497,1.7525120010333415,6.482099550749576,8.070769094782214,3.840760504347936,7.865795841759866,8.023754295281,3.642327787620678,4.378427888453005,1.8270456910133361,2.581685108478581,3.2930194633347654,5.400827914795703,5.668562872388534,4.578898893775686,4.002386980663455,3.7685883922369334,4.717934252348328,3.9217301294207547,11.564070590904777,-1.4186082568019631,6.919786913054335,5.06260522282017,4.140744056605865,4.160427648041929,3.5696307143994748,4.265090945416266,5.391651626995626,6.067705957352051,5.861078964413277,5.36736199571086,4.665922128236187,1.6702026328870236,4.796748629837697,1.51690446992538,3.751749823987484,2.0203588975327382,3.1170724694217946,1.946840700560383,2.6472823045083462,4.4042099744081495,5.0989358326154095,5.160233520131027,8.692233481151717,4.384910405267561,3.3462410874664816,2.183035951214179,4.090023661564503,5.5943901956081366,2.966354407582962,4.2066077210009105,4.368340208700726,3.999348903553828,7.9832529604434965,4.949572145566345,5.281192091745989,3.4457518415791646,5.4136888348564,2.790480804017612,11.191900019986287,2.891376889922786,3.582854306378537,4.96319493481091,3.416492946046801,4.934567414330583,5.917195612298593,4.082703393697738,5.166249235187259,6.0633831001286005,4.297071860517774,2.4488224923610673,6.629948906746827,2.995665193881309,5.752506059621063,4.894175150458303,6.6960441231727605,4.308938460264886,3.0324622939207715,3.828467007194245,3.0107714176177987,4.087260017650467,3.57170677616128,3.0773487644536153,3.7027264788746828,2.397722540157178,1.6416056643639274,4.515993328179634,3.5984162118818093,7.482360698309331,1.2870642135185872,0.41141793071957705,8.154572967546327,6.804728870306696,6.659773232468537,6.5356427840622455,3.464711880258154,3.823625732213258,5.260312358077084,4.415155572763513,4.657175927396332,3.3411139658519216,4.0653059722057385,5.269482646536615,4.715412374053682,2.857380692341496,4.27972138438906,6.5260613776211205,4.55532208425658,3.2361484415829196,5.1293080953615044,2.8140137631446116,3.4586371906900033,7.127978665860634,8.963358764031106,5.564718989815034,5.401103847899609,3.2919362308723605,3.2548681184649473,5.019756568861858,4.795002356171606,0.5329544421019311,5.771139385231906,3.6608010867876657,5.656575042647977,2.8182189727468154,1.8761790041412618,6.2433099147730635,6.043772179314066,3.2392037293740708,5.332852696840254,5.874907338180182,3.5256741659981867,3.6517174388631255,2.5133315339684468,5.126448401895217,5.650634039156803,3.5394453163657866,4.578808526694775,5.044563228849854,5.864277549300881,2.939442591156277,4.602074040685381
2037,7.197957360744479,5.707885521224567,7.9139284669820755,10.294597065023014,7.645205430047852,6.9311518058846024,6.399323245457241,4.96754091296877,5.777873140999246,5.3408548878771915,3.4016688308545517,6.143251507409981,8.161215609524932,5.9615139452474475,7.137641769966909,6.497086536032815,6.733744344115254,6.871487236235822,5.992126779896874,4.360773308575152,5.711677606936012,7.834375598494497,7.376930648514203,8.547000995278358,9.392046032899193,10.017478866076894,3.304122258935655,8.325380117073653,9.523756945558953,5.47935563355152,9.211666023039392,9.838326948881155,5.545837610108509,6.0975141552942125,3.8552364234413434,4.58589818498918,4.819314289093017,7.092691593297892,7.306605233464926,6.225273027004942,5.987596531864258,5.63793662946139,6.467572873617921,5.453565444265094,12.787677376610894,0.250628236521569,8.515724768170287,6.792608803670323,5.843972677414837,6.264473359818968,5.549431274192676,6.31518621450689,7.272135210888725,7.614558837030615,7.5751683440059425,7.030658599148898,6.580558873287275,3.7191593080759033,6.742989687834466,3.0377087941127154,5.690873672280994,3.558141075926171,4.827490738566435,3.7492884382605562,4.5824555899947885,6.1568182299179695,6.769608028020177,7.038090649672914,10.269814592599872,6.119018033572608,4.932246280142239,3.768733286964041,5.971016077484407,7.106198675504753,4.908176220208406,5.959284406900409,6.198301588211739,6.145704263022966,9.142595466971397,6.5048557997016,7.130556926131251,4.977109110887562,7.053895530956136,4.295101364595551,12.425822939191548,4.509745942481927,5.307610991277866,6.432162896224431,5.175919003146034,6.512092339965912,7.384270900913644,6.106695421040059,7.028896660251282,7.897448727701391,6.196945102246744,4.075840692009247,8.510428322425915,4.532459480102571,7.575697040557861,6.982856750275408,8.48257074760539,6.20945172395025,4.574734494941579,5.803980327929771,4.552932600037562,6.048925352948054,5.618438458442687,4.843913397831576,5.228273334460596,3.9557590006451537,3.5863586981381697,6.533560701566085,5.312104091261115,9.112211510964809,2.8451222249439803,2.358407171709196,9.503241986861191,8.49254539057812,8.288118581260953,8.393420450708701,5.524946781992909,5.476169906556608,7.097656694267477,6.384654519068343,6.6519595148041875,5.317173112715993,5.665479882274357,7.001989510974712,6.413097011191506,4.64035323730537,5.894211904278828,8.407605796200887,6.443359393732888,4.960789180653435,6.853389804650632,4.791591501448836,5.116005073807071,8.809940827850781,10.399300524166657,7.076701456308365,7.3004947470767165,5.011585518292019,4.919963309168816,6.951085251569747,6.565821298318248,2.1623891341899144,7.652689609783036,5.386761772632603,7.568299838554648,4.5129717177578375,3.7053398677280986,7.732641478840794,7.753172052119459,5.183715532720089,7.34593894919381,7.761582300812006,5.373547242581843,5.192428049445155,4.06654476675072,7.018178213494166,7.295599127347979,5.511621465214661,6.380227674756729,7.059076870126381,7.676941549352242,4.413518516719341,6.507612063629285
2038,3.842793350121274,2.5515631176531333,5.93291032362197,9.022789571966445,5.565714391001631,5.575348819579398,4.29038364929812,2.764139550405424,2.3061147209789077,3.2192765880908327,-0.676679624829973,4.121894349796432,6.373858597448896,3.7386199223143715,4.96254486372428,4.344878685474398,4.826720291482553,4.953960467342823,3.914733004357131,0.7972026756831573,3.569905923386769,5.711127690970898,5.59043626041218,6.808192258062112,8.118638782043545,8.005023084740557,1.0000412038394377,6.5022244319851925,8.485279735284195,3.421100167291506,8.005477824913608,7.744801592401096,3.3615347101486157,4.084222398059707,-0.09178149391497564,2.312340479663444,2.6630248872297133,4.986522314165318,4.725598932057621,4.244116568725025,3.9185911016804855,3.484551458060743,4.402058329113891,3.3556509688496607,11.681656006404333,-2.3563218679129387,7.393247690517459,4.746191174111196,3.7230099420462346,2.513584505660194,3.3454299478658585,2.642206715685982,5.2292849008526145,6.240026983618736,5.820731307779042,4.2644603009734805,4.588939584898096,-0.23793908655643412,5.074666925413267,0.7658944681286834,3.635749833498683,1.3651542650801816,1.3558002940246034,0.05074067967278689,0.821181348019414,4.098901754191942,4.792230810225012,5.001942796792304,8.993199955352718,4.0791777800369475,2.820361740248545,1.4663704217544633,3.8398259699344637,5.163896290053213,2.757439897741591,2.495330562123231,4.177939436904022,4.048715429766369,6.45223894417286,4.5779232066124695,5.827663265168671,2.8701951537813484,4.2997570450816855,2.1167774831610098,11.267808796678269,2.3433861996446352,3.146118020213073,4.279428035978758,2.986216269832638,4.497455850935407,5.480582072905132,4.073374442117552,4.867645864827294,6.049619674682621,4.096525080023064,1.9014356085232313,6.406946011845555,2.325196638902915,5.606043482678275,4.93011987337044,6.9799052587577295,4.1080063305263,2.375315777791961,3.694610204441211,2.3566709866614213,3.890638203067439,1.89307332049523,2.6521075500441476,3.1356261011745223,1.6283316383404396,-0.3588499639715474,4.548914532735945,1.8731719928128383,7.945116489487038,0.481221503445079,-1.1777584118502462,8.272527690231803,7.2952805531876415,6.6113460270421855,6.323256740399768,3.260440301895142,3.374895154578346,5.50276990990554,2.7936694068568095,4.636942037600759,3.2491336629925565,3.5346061766355517,3.848706385599713,4.392315239991458,1.5028542088610783,3.798399682449442,6.536859090040837,4.347926385700703,1.4757341137954154,3.42073090438332,2.559832020742555,3.0129337482154384,7.6237463832965915,9.369600954864707,5.236231469256541,5.38177293475185,2.853337260229246,2.8240077348692085,4.804645826880418,3.087498106275287,-0.4848503256017067,5.611299117548125,1.8976238676479884,5.426891360644783,1.0455524061407362,0.40091414387736946,5.944785564179931,5.946633773403511,2.9958540159676765,5.3678374692797695,5.873317424101487,3.2281420066952693,3.0493414802210683,1.8315614057438703,4.9643783982311,5.60380955987743,3.3132598459720604,4.424691802050386,5.076132879299778,6.382612212428021,2.195548394961016,2.8409400514193983
2039,4.574935822082419,3.168689721716302,6.44376536857869,8.466217984897753,5.447541556454133,5.138054785558158,4.271995480145729,2.6944267345326276,3.0750119224190704,3.1155798226594933,-0.13316397709505953,4.135485258698466,6.853358349629812,3.8109519684953366,4.923695450435791,4.311266410563675,4.8306583785585,4.96031534565347,3.9705907124493804,1.528674355575017,3.5902058221399806,5.83069440977914,5.261952644865958,7.2675227310774595,8.001560033857825,8.03909645344663,0.9837198199970392,6.932463141211443,8.147154244993411,3.4733856147953444,7.454528213185925,7.694579250471932,3.358527984443519,4.102173237742059,0.4413858445627345,2.338571271726065,2.5999560479606885,4.9909185881726446,5.044700198088373,4.287466781373535,4.214299321600366,3.4437569173319016,4.481703380069566,3.274653987373627,11.07111747435161,-2.331863710869636,7.0259143918752684,4.824626006079573,3.7110252235616987,2.9754117320690843,3.309298054661072,3.0781302571296694,5.122398385299102,5.612020262650083,6.2871471328394755,4.463377591861147,5.019421287093847,0.3299822351762211,5.111961677111685,0.7235242402979296,3.820244550492084,1.2913774371147175,2.151460949012214,0.8207605603550168,1.3442208070840158,4.14781182206103,4.802869436144827,4.921603909840011,8.825099026305336,4.028455512704594,2.866543457124916,1.4243327600615387,3.927526786444439,5.149462704360487,2.8731366442782544,3.249847771440235,4.428392015344332,4.545124022024017,6.6291524312325905,4.623206328813519,5.413083379822116,2.763927479301177,4.714576243715625,2.074343517422676,10.61674829295703,2.4668024462248597,3.1377209250416085,4.2871595400452085,2.9806903020079676,4.482727149235351,5.469233733468823,4.534784493329268,4.853536274457086,6.544110664725304,4.090753131359816,1.803736896919353,6.356324637787684,2.2580209722476337,5.499037222564219,5.432021544447969,6.956316777531588,4.096883254498245,2.2968233080846936,3.9741920875651497,2.3376861448798887,3.799050677461283,2.339324308293206,2.644732998843703,3.0403765659247144,1.604839417764121,0.2839128717780111,4.996457521963336,2.669747255795766,7.608145315519401,0.478619558257715,-0.7859913515193147,7.6804298807467735,6.915812801143953,7.059555923513009,6.234491184886014,3.1927728682756435,3.3873658286424204,5.460536097788385,3.2229319800822314,5.143871868933952,3.6427897800292284,3.4524437995893646,4.435213560095456,4.441720756462642,1.9042099927152893,3.787316103971432,6.9738873741456455,4.317709971219301,2.2614360475114412,4.179774195062264,2.5633028038910473,3.0196668014462515,7.240949910027642,9.068086664910828,5.258807961004118,5.893404157033989,2.843978969220605,2.8643267709229674,4.754668809047766,3.8524226180144736,-0.3786223506288879,5.496466285628934,2.682022963943228,5.424238352583989,1.8437541609363917,0.7201088781867693,5.965192246623339,5.752675638454301,2.990308132341932,5.884196325178663,6.354812821000816,3.2407471350261154,2.9549925056951385,1.7748661628791276,4.906154071925475,5.337791901826862,3.2369529332433435,4.319861317319532,5.541087163984774,5.969808213412766,2.2055478718131787,3.6481369097317975
2040,4.075688351916948,2.5850570495639524,5.267646050187095,8.059228836864762,5.393031128070187,3.808712250845773,4.203140864361608,2.813271032912389,2.532692487750733,3.1868826201983875,0.08209716954401573,3.447303441805499,5.800684700427312,4.048209844636066,4.824127659387891,4.234333461948803,4.149885115453176,4.332212414432849,3.2341745857681565,1.1929157516786033,3.4853807738050824,5.194938746733325,5.055984178611211,6.247671118218985,6.944486767053609,8.15575075447559,1.1471685739500184,5.828298337810803,7.160054989797731,2.786122793810707,7.031599864363671,7.575693250713604,3.2644428298941657,3.3779849950756344,0.7066228240728383,2.217128800494331,2.6565124196665644,5.074730335814615,4.443986006081106,3.583763983207089,3.4416436816964846,3.3981504851153925,3.7056843892804223,3.382128754683902,10.062304289000375,-2.1248277110712865,5.93563072319542,4.081023264995642,3.0026073586195703,3.222850079834461,3.2434664777347018,3.325905138254163,5.05831907838583,5.14019465446472,5.253304370066951,4.642362474543708,3.9369130057948,0.5753795338528492,3.885822899852477,0.9023130246571116,3.248886467729297,1.4325234902756552,1.5941549011639193,0.4955321030957353,1.582898308762483,3.4059970229864116,4.109388160918442,4.850048610993796,7.840011197647878,4.023419011490687,2.5156539005892595,1.5563499242067333,3.074027072318964,4.5352738144142295,2.5332722485065453,2.716856797252381,3.5068933704069707,3.313912488733023,7.572550628440722,3.949855498330933,4.135795711619514,2.8645448869892505,4.140914248142928,2.220429257409913,9.643158646992278,1.805624287894793,2.4315967977046973,4.47960214189121,2.2525619726095907,3.836002467146941,4.875972698096716,3.401062284410001,4.846788881293364,5.458473944717218,4.001518832918786,1.8864373092140494,6.238441578724556,2.402895055072647,5.426912165539608,4.2046713428837945,5.801216764109475,3.996750951624877,2.4342787972518396,3.267455547196526,2.4000044039317547,3.7277428885655777,2.600250126208578,1.9233103641441887,3.1486323082021297,1.7407906469489849,0.5230943395623134,3.8558792593223723,2.1021415172943043,6.501484006403816,0.6426957700933743,-0.5397464658532825,7.291128607520033,5.742107303786489,6.078326034439463,6.141205547191204,3.0945854118892107,2.855098852940967,4.425208651593756,3.4909342137768236,3.983321101324899,2.7154122782605037,3.5228529338325756,3.8791894295385916,3.7208894675331456,1.8253487927573067,3.4786872186831057,5.86521345560572,4.251042964628765,1.7011623007910612,3.66088846772909,2.4730628852333347,2.3436487998281232,6.084302690838064,8.081270551628302,4.619643209768193,4.759466423307148,2.149654343511379,2.181576174284731,4.680568865367346,3.31400670744479,-0.2017079185162248,5.423344768158028,2.1340292743274136,5.333948362139719,1.2866678497620978,0.9421777158975602,5.346996692195534,5.5857461498252,2.8949318617582316,4.706516579698242,5.244244509935377,2.474918806552886,3.0808574370241586,1.9174035808869772,4.829750784805842,5.107868241838049,3.1694552728107976,4.185168573260308,4.3752932139805365,4.704823846689293,2.340449379597393,3.070859348561083
2041,4.724267247319225,3.454160046151705,6.740512420662815,9.720136603287289,6.570979502584253,5.995309624714513,5.35920613567744,4.031930715803591,3.249341702035492,4.421780815933433,1.4923911007387296,4.680440375528165,7.132120483687945,5.28990072607994,6.061510718081679,5.438463786244391,5.384774681925772,5.42675151122468,4.593006964666503,2.0470568554742026,4.674481811693734,6.13192409750606,6.565421534436089,7.518540667210306,8.55578820833138,9.454778950554982,2.3020279376900636,7.264783061189312,8.715932264391867,4.070958040195652,8.67692537520613,8.64825057493789,4.48657338321209,4.714505110468183,1.958522083876388,3.483773587431228,3.854213514285428,6.361970330561911,5.364900795370342,4.863663005456329,4.831426685622759,4.584688923188618,5.068564707679405,4.569535114829033,12.434818598202295,-0.8034197988254681,7.684843304221119,5.415001226748741,4.300321135350636,4.485415617057256,4.480594643524716,4.567712216717858,6.277804602576158,7.1876119826521245,6.513542690979583,5.752904643757006,5.392181215914237,1.8675528279372635,5.710254623208731,2.0804035024983563,4.589635077544623,2.6735794982739867,2.3088017527546207,1.2986473507646998,2.829424862996009,4.786505442751308,5.363476578784841,6.065748790970869,9.430204021504947,5.1723416930862856,3.75651764252356,2.7574020037693634,4.522376366811137,5.5758866684777395,3.7956691724381293,3.4508160356964366,4.913506186859947,4.953550512875827,8.55725794349398,5.13322942367356,6.2513944389564635,4.075592476129533,5.001773812089647,3.366068195445197,12.012448758525508,3.018737517084394,3.7422336956220046,5.722934656483785,3.615461506375244,4.9496509234820065,5.880755037282196,4.880846401304007,6.153727912264213,6.814718617179568,5.194789979287558,3.1345272834811913,7.414200565857547,3.5893038414152625,6.630889123678207,5.813949330151081,7.5396567591599055,5.1851173277412155,3.6312016091442545,4.643043727959904,3.585484871800458,5.010597747564318,3.822807051028528,3.303136952008517,4.340413056101119,2.9200205134493973,1.6782456231968734,5.373243651751962,2.8451599027429335,8.288943513562636,1.8115136244467318,0.6821218292628041,8.983385482430455,7.6509583647762,7.24698159928833,7.302280052644864,4.4489246623856715,4.163839015577522,6.150803056785033,4.681131924901688,5.458959101353376,4.1092701588358205,4.745062223928315,4.676332851372925,5.0535403526255065,2.963432784591401,4.744832228975639,7.262080707880003,5.432891597918101,2.4368882987116094,4.3324096541984805,3.7017300780330378,3.6144434669188126,7.936801686723314,9.656522768842322,5.733087892617498,6.192868238687515,3.466183374183522,3.4848016300371722,5.890476944191117,4.057560805909868,0.9958385344062518,6.6453250993974535,2.850206741025406,6.49338922543185,1.9883084322725035,2.1346539413290366,6.419884419866967,6.905941842709268,4.110164345162253,6.233220521254201,6.658637562553799,3.943057024478911,4.301046073064208,3.0931978631232457,6.04915587593402,6.5089806009616185,4.437880306584498,5.443063159606287,5.897789987495967,6.765282775674548,3.503407726011104,3.843474780448846
2042,5.188405450752806,3.5955614977649293,5.8730589056653635,9.802253540392435,6.462968294535363,5.117809385061266,5.171363673678471,4.122311910774026,3.642511857833181,4.46381764246949,1.8374022930860519,4.2318123119218,6.322155994070429,5.257361785535302,5.884606368626867,5.23102386040347,4.8492847043488725,5.100123957970313,3.973000155761838,2.468817850973989,4.4682799522365855,5.8474575275821365,6.427956087887287,6.779830685896533,7.834668076889859,9.348180780666215,2.488573450701577,6.425203557259269,8.16896866304534,3.5508607402443886,8.715922256452698,8.757406567037105,4.321151174392019,4.094844199756959,2.4536020947354182,3.2679942340723125,3.886110846059663,6.251163957168221,5.402534074868474,4.291035262601717,4.214495485781559,4.456397888596571,4.446265483966894,4.617522596035685,11.76422590868814,-0.6253809077399122,7.019714732681006,4.8488466240332615,3.850356193738326,4.779287448844739,4.249142827306477,4.874963774159549,6.022290753466741,7.0401363070522045,5.79858911175813,5.973900977375783,4.564374199935368,2.2952415513140814,4.806884746812287,2.227245871935573,4.080176447012594,2.718570821599239,2.681200288555452,1.8050632766314916,3.226238129953189,4.11270464594875,4.838300862881753,5.783891005281889,8.750305654747145,5.039041438273018,3.456683939695356,2.939762518129181,3.8406208013849623,5.350736820005946,3.4667464298861375,3.8167144441178857,4.17001207364457,3.954696278593371,8.718659738131935,4.670108490996063,5.378748258735454,4.159622733720714,5.119932490475185,3.4909898932224945,11.39460804547582,2.593493684474379,3.2798269526500805,5.704314216838348,3.107850033470563,4.673862774670124,5.678063386226339,4.040046054444142,5.962072117094485,6.0038649014596395,4.943273781665736,3.1718805266278154,7.333949039490631,3.707117924945695,6.357752230337695,4.825945956792152,6.7045923082923,4.9465483461107524,3.7497452610305384,4.06893341370991,3.6169418992208557,4.7606471104281285,4.182721456246717,2.7694498668823933,4.409316956571172,3.143360391784726,2.208658882336956,4.481065180738059,3.18064278789929,7.599508562481162,2.0278664941234266,1.1276053073416858,9.044645970314741,6.884491593297572,6.612583179246366,7.227573759268437,4.1729202653680515,3.7386974044144177,5.412921046784943,5.002403569221497,4.5997858867049235,3.427118064409918,4.7498718985489425,4.933583975530096,4.432357925070186,3.1650395950302483,4.467678762120862,6.469631278727736,5.197221664019995,2.7870077696761917,4.778643943582263,3.4958917727427816,3.16211912621345,7.2280661098126835,9.037488531108414,5.314456905105283,5.337046125371536,2.9883310816117694,2.959365136602096,5.689972297847269,4.400824646013125,1.2564161224024628,6.423386431591852,3.236634727407779,6.319908345943051,2.388441033129181,2.556891234112639,6.01770736671585,6.724278103264184,3.9061779179743357,5.269117421124663,5.799869521693993,3.2096113749912814,4.340831464954785,3.2449992771659586,5.755556205553672,6.370380387673609,4.2229655809700475,5.225417987576555,4.9883951904518264,5.9521909620080695,3.6163254388741084,4.248284377157688
2043,2.980111094085234,1.309911612580932,3.938626305546081,6.6712969951331615,4.053886279463771,2.554477572334662,2.806529611295889,1.2568326749971916,1.353773713306459,1.7903577903684726,-2.0088137277535036,1.924737384702479,4.542501714958682,2.3695267985974056,3.389675326459108,2.8188863160886917,2.6968411767057043,2.832233420653001,1.6326296229447679,-0.2913923120924402,2.0307110913097866,3.744240077478545,3.647872892554318,5.048337552377157,5.794521886163522,6.459970275631978,-0.5913067543080877,4.617004098423892,6.0758245759776655,1.2084045379023451,5.592390487981695,6.1326947161129555,1.7687342377645625,1.8639051170221401,-1.4015741535595494,0.6443206196384762,1.0892517272915148,3.427716186642647,3.078782818040678,2.0515021196433496,2.0683673474405477,1.963409246504308,2.149454401912433,1.923163059034517,9.241794056551797,-4.125643773164069,4.750387235198703,2.5942761638334786,1.4279624422479944,1.3003134000913354,1.794800724887427,1.4349524934376965,3.7811154785965195,3.57904367425612,3.9752962344459117,2.9834848391457593,2.584265722334384,-1.5413274347782167,2.6658757301812477,-0.7892208537885159,1.8962737087958617,-0.12683454436649377,0.39054175466299285,-1.045915765421732,-0.42697489942823186,1.8597593268645665,2.64852609442813,3.5791953821267386,6.725843251070809,2.6524009656693237,0.9072130751396941,-0.10070804144654717,1.5595183481063177,3.0108480636030444,1.0414579015757335,1.5951826615525164,2.0498775608837647,1.988021006541592,5.415647207519838,2.44408927716847,2.918739567697049,1.4481470681726947,2.8127469565187186,0.6112229699535043,8.77500974589161,0.11475200738225448,0.7759588053250451,2.9051594474485944,0.6096862472593766,2.2818136713068404,3.379860405038511,2.050632820597717,3.2886858292722274,4.137279359357698,2.6120232967393733,0.4029951486736515,4.849721983713761,0.7905918544424445,4.208739791597645,2.908479131758211,4.620381746547564,2.6016443114195527,0.8472740558641304,1.8154960134798424,0.7908655116600638,2.349288415057319,0.6652695094368274,0.24681133989776782,1.7169992946620511,0.046698391246278045,-1.6492165591035566,2.5924703157373847,0.9179347810468499,5.357639608000007,-1.136231258724417,-2.6112907274493122,5.869577812297003,4.578072139088599,4.832308542621988,4.793732223766192,1.6544632121920588,1.2660604982503842,3.1737169268541052,1.5895910383867333,2.614435089698859,1.253921207679168,2.045103700778315,2.613668309524656,2.1931239935702496,0.0956451664013546,1.9129231984061834,4.6746794283390045,2.8751570637737016,0.5330944014713186,2.510984258779459,0.9481231777795746,0.7042887971603445,4.9293237135878645,6.9576137057372485,3.1642945994223877,3.4623742149344507,0.4559757498225992,0.5435016945004468,3.280535841201036,2.1770068094666515,-2.085608171059615,4.163565910714013,0.9375998749264651,3.9011471676773266,0.07000425330230237,-1.0310570929731642,3.95581254597221,4.279033038339441,1.4029449196798465,3.342061344241457,3.9104925923049425,0.887573631639991,1.548793035213435,0.3129746296842151,3.538109447274889,3.759173008693117,1.7462130425231805,2.8407221406698238,3.1186747652079396,3.4850559584264227,0.6719095540365985,1.9566610022847162
2044,5.610881536347527,4.262028227852923,6.895675366478307,9.56687021979264,6.439889322859902,5.808010398915835,5.169696411490441,3.881502949526266,4.185725097571099,4.321847869668691,1.9274860702455014,5.181267383588216,7.251214675339205,5.225774424416677,5.8539838026676865,5.259157682316647,5.878060884986607,5.917469417197365,5.055814192869834,2.8410484858921605,4.4150157383510065,6.658469047184501,6.389133019106731,7.649899370755469,8.459485075037396,9.437650951104509,2.113630604610911,7.390710489664759,8.588753843307499,4.553673493276748,8.517461863585881,8.474849127445902,4.227626828822708,5.209843253663611,2.4363049046801666,3.203371310234069,3.801863791154966,6.29440549835563,6.036505220085383,5.325358732257571,4.925237032345363,4.4188493660518136,5.495889276266098,4.437377218263494,12.001726152215685,-1.0418159797521576,7.513338522293738,5.80115765758923,4.839097925169123,4.874613909316914,4.295629298686981,4.955974127139366,6.113368403485844,6.9212165695216,6.642377600925307,5.867486406224118,5.609336223772591,2.3088905714452213,5.74959508052894,1.925857043904918,4.603702412545683,2.532897040247918,3.2608371974634287,2.1558019418801555,3.2988179865958434,5.281127512454987,5.89323176613876,5.87916466849191,9.323767537304334,5.016640091793874,4.013611670583487,2.587040204262093,5.019170997398243,6.114973626605104,3.673948173012053,4.372833247908524,5.273657535655159,5.189809352159504,8.890304662500107,5.576184443437629,6.054888427044663,3.979460885695049,5.709436705602065,3.2024678570883625,11.580104448114126,3.5481181038277505,4.294232649036816,5.662210522379195,4.164578730612993,5.502864084924969,6.404029216244817,5.095174151659013,6.0135750823388125,6.930858437929835,4.9638397037982935,3.0231881952711523,7.205312758045539,3.4420940045799546,6.471218911623255,6.0191846681492684,7.490705976741656,4.985535246985302,3.489917263388636,4.617955142259596,3.550116045134409,4.834507404054917,4.231253808683585,3.8516536531703798,4.225082992655887,2.7797491869756152,2.168304158215011,5.604232317209244,3.7414802289434843,8.121914747570242,1.6122720789696459,0.9026460856199234,8.825884968042374,7.473388746167931,7.362223501716343,7.1281712983335765,4.225367666993821,4.527170941765819,6.1437032518642285,5.069628128409387,5.6146085287843395,4.205036978902566,4.597299859353476,5.5058174065713406,5.5170717988695435,3.3549026644655644,4.914324461775167,7.444616939766063,5.2154982617923205,3.4016585635287404,5.2375766168747635,3.457163896518092,4.148664990493231,7.7865024447441105,9.496694650607447,6.197757092810105,6.322379789182121,4.01201389783195,4.006662198688302,5.710623372186509,4.957678458520344,0.8771870795637388,6.498974315077068,3.7975919891681005,6.280850937323912,2.9355381989053306,2.357681485371934,6.883444505823512,6.719159322764188,3.8935070074296414,6.3781792736479215,6.7880054786269195,4.484734500731743,4.182969905648913,2.9352639855018685,5.8519014894962345,6.345845764449664,4.268475584472928,5.2636249431542,6.113018654925482,6.575024231842588,3.29831409731082,4.83337230857994
2045,3.3953631554331096,2.0607936033180794,5.710191019092288,8.651095936979566,5.560561994888952,5.00107556421842,4.246321553949798,2.4822403412844465,1.8013170190953816,3.0120984786323137,-0.7280338406562838,3.536625672238214,6.161539138214928,3.4906738259962653,4.917537353826425,4.317565363006933,4.258864442791258,4.379853666041578,3.3499067706189,0.39352837513600025,3.476645709574223,4.657187253103726,5.44953957455499,6.594957355090548,7.700592810660599,7.625489516769137,0.67915098321225,6.267293688235806,7.987575909069608,2.882720969191621,7.620875879696437,7.551887870686395,3.231443922753842,3.512027466962378,-0.1727996457900339,2.2161825482334447,2.3839851137250627,4.699796687598739,4.18359854561942,3.677065100414414,3.7912501824753666,3.4134415260383064,3.8357953794566666,3.095446739212745,11.687995079585487,-2.7148827249583385,6.870302681465233,4.228422612377578,3.1277780349765525,2.5179796274751443,3.3197766414710452,2.634639748159266,5.246800015813533,5.894438662592855,5.624425019110955,4.1246270763554715,4.351025516433374,-0.30575897661702944,4.723270724500926,0.5047534061329725,3.5444900408387214,1.1408568867615319,0.8433365679212983,-0.38046234755643593,0.7833654742155778,3.5482784139258534,4.240277493851527,5.0162777959236085,8.54536239041814,3.9715219946312095,2.40798275534596,1.1545371675065585,3.3350234448377587,4.5823758742639,2.6646365091204633,2.033174987296972,3.804815614329917,3.8833113907969454,6.322109268352923,3.9992587740932226,5.2753364734750825,2.6580695856229544,3.761494573950766,1.8284243705017218,11.265051628862107,1.778728982540112,2.5283618401203816,3.9979696984801976,2.3707404991744894,3.8960755666451825,4.919089539029769,3.8892662053661686,4.700996779544014,5.837850682650294,4.046749669739179,1.7065449316586747,6.30742746974741,2.047318649272035,5.633121898770331,4.735308810642789,6.579626453109087,4.052562380262784,2.0973282734198215,3.510216042718719,2.0930629622191175,3.896643519401552,1.8524955332279165,2.0416422995073455,2.904217948498467,1.3069615800465864,-0.4548579279865541,4.381269152249607,1.3692296605025043,7.450945314339229,0.143244934827091,-1.3496019184589354,7.89154348011528,6.755010684898923,6.399217677542142,6.2463306090661455,3.2591172903776164,2.8892874693231922,5.164571165293451,2.750818123455556,4.442941641807559,3.073171171545985,3.283993588088617,3.3401694237121524,3.846604931567395,1.2363990512277399,3.3660601925637,6.326143177066531,4.316277987616403,0.9988946769386532,2.943516072737318,2.4810771996421512,2.42994729780725,7.080696166413169,8.89868873506785,4.675297353735991,5.1982648552528445,2.2319094773914117,2.27188927079634,4.786592968659739,2.6167909013373505,-0.8045853609485261,5.629648261410849,1.388116097982443,5.375289931893349,0.5234194297875694,0.225590048730373,5.398879763058254,5.849242175902641,2.9314319088788956,5.163941568561963,5.648043622395822,2.6550373826708125,2.791837052821315,1.557264867451573,4.966305120715072,5.437239548138207,3.314984578745705,4.357342148143133,4.888415121606413,5.807482489517756,1.9008661011500019,2.407758334598371
2046,4.2458994731307,2.8440427807292767,6.316875934600833,9.464736499530929,6.035792556351846,5.9555559626647385,4.825125745364597,3.1449769652315567,2.695123741137131,3.5469005056789955,0.19013668341296014,4.044635694713463,6.720173104320252,4.375077132242067,5.514660605695101,4.8945237193788795,4.685484317344213,4.899149695278278,3.828296864644755,1.3335647606423913,4.1516727543302965,6.069719667573058,6.091026940516066,7.15439106231123,8.457596741616728,8.688170589380233,1.4356882610491317,6.856694640006335,8.786408049194144,3.35934416614473,8.446061976756235,8.291532298390353,3.939739482743403,3.9404974652188165,0.7690044346664633,2.9567145234506063,2.9868476825101045,5.632266962315357,4.84320967138878,4.151660337086235,4.381249078895368,4.002577049710921,4.3374387127480345,3.6988710459853937,12.165319112368996,-1.8508562413709508,7.710937238591057,4.720240645749228,3.6360283667354714,3.348500499555042,3.9069767891296316,3.4798324438078074,5.712860392246928,6.798240755711285,6.175355815094163,4.844862949635299,4.887595480680465,0.6259771955864797,5.426716477104599,1.1788416616086472,4.117612646094391,1.7443649956158245,1.753102214421544,0.6178144639624017,1.6390685737133062,3.951654806999227,4.645415429132323,5.494154429435732,9.413759127259258,4.531386588221151,2.928125356989247,1.874561502598227,3.774489162862302,5.0980039704591045,3.3360841035842865,2.8853223557450947,4.27638138958386,4.4210666235004155,7.7911608750266685,4.520223763052909,6.1964355573058105,3.1909019926828983,4.4942536096487755,2.502798931087766,11.755412161350247,2.3451686744511666,3.0497751344527524,4.834819425003871,2.8846281792436317,4.428065261564084,5.429222636989186,4.49485487746341,5.477899902580041,6.412105953267637,4.643593568035541,2.267951240922724,6.941746634032045,2.7114742583462164,6.071877667008499,5.2995322846940605,7.341249680389387,4.6561046076672445,2.751830685777322,4.194527856366973,2.680938111671378,4.423891712618727,2.7188289552927016,2.5493319057460364,3.4541931954877736,2.043376622987644,0.5273688803826059,4.897287831349036,2.2630436598888726,8.255396426548918,0.9245010360011063,-0.40000917858311064,8.726283003176961,7.647593330059733,6.9592471047703715,6.8193039446869586,3.818875442445283,3.3934655927121633,5.8699009109820635,3.582791331144319,5.047284029849935,3.7281960574910067,3.915539760834405,4.1502643155200145,4.275495187086719,2.023868650943041,3.922540142333935,6.889016772806647,4.884331999080519,1.864631015913828,3.8320705976869354,3.1804098584423106,2.945400301127562,7.960662436698166,9.667850251708716,5.148254809408846,5.75639135496957,2.764153601016318,2.7562641373702457,5.33426079483969,3.478862603008745,0.04460026643105979,6.073982279747726,2.2936389245358964,5.960516375409705,1.4508324989250732,1.1036120559488056,5.843359877169132,6.428061101692063,3.596024084676587,5.7248747618735925,6.226647796960812,3.0488863196756157,3.4067489990166253,2.2127635588603365,5.4715891454901,6.099228283337188,3.859483402940844,4.953215488472154,5.433086988329887,6.746076114688601,2.594248375269986,3.247276956694467
2047,4.724239551169532,3.1628894890996886,5.575076648060765,8.195327771561487,5.279503543728162,4.10471144845443,4.04735403273787,2.8748497256210856,3.2352499423282484,3.2108927266938396,0.6339625139321575,3.715060357323718,6.064926990653783,4.046523427324637,4.69210321372375,4.0779696817909,4.34091145267178,4.627905040447204,3.445100706070662,1.880340023072703,3.338388570930276,5.686468897014857,5.061259792106492,6.519731237067442,7.216968033994945,8.054615276040773,1.222834089025854,6.111542163097434,7.438661744019815,3.021376656421595,7.216427880658635,7.513645127096348,3.144786573680386,3.56036601960659,1.2758347392082214,2.0699016463543707,2.740757445352417,4.994447985876886,4.913608698121138,3.787347969412804,3.5748439108154626,3.2806953051260535,3.9178699406129964,3.4217600824577477,10.591045434134344,-2.0249393542962446,6.229692686349154,4.311013534239364,3.302412617206573,3.6806556552648537,3.074337960141045,3.794205863986695,4.900846157222986,5.35864848239081,5.558674697218729,4.914233163105591,4.225580557755064,1.109423596944127,4.151220096434868,0.9838289876867632,3.3067498130457764,1.4930153052721717,2.296010239315883,1.1654366616691871,2.130272069892714,3.5621126330324597,4.30695796949523,4.683846096694469,8.18727667416845,3.9309702856200106,2.6663921317883896,1.6343932499310785,3.3147109511175317,4.874260080818618,2.4979072698525,3.3872343970196583,3.7362479490893237,3.5724354243704233,7.521851759510381,4.188651818037034,4.418356688959255,2.9325319094317304,4.6411041684448735,2.2880499400198446,10.211385650294174,2.099982304232462,2.72557845578662,4.481087889735188,2.536375971883537,4.17360043110592,5.216796373682364,3.6935950921183185,4.728093628372466,5.760903488312449,3.836517040750808,1.9196669940437594,6.123516320543631,2.485066123838936,5.271138649859597,4.4781361185546436,6.079803510223116,3.830570762391602,2.51347592983927,3.3969043043042926,2.474121104819433,3.58336065581867,3.082139026160754,2.201453401254753,3.1978538296052403,1.8438084791281386,1.0653667040169228,4.113155312224159,2.7936890759638375,6.7644798395889145,0.7314392228211657,-0.15917032616479065,7.462481401381751,6.020686051302722,6.386719823735105,6.0290777359689995,2.939638032657762,3.0547008835843625,4.654024039421767,3.9543921189648765,4.297190058231355,2.9450196883508126,3.5440339392849376,4.470572376849927,3.9036607189769166,2.253301408886909,3.614068970084192,6.147772865795663,4.08681138684707,2.3931649692356585,4.330670797345894,2.316222214911667,2.637297327098038,6.372318209069114,8.36119909456798,4.849213409743137,5.071002428446499,2.445353625076158,2.429439102326121,4.525669057241505,3.9795654741781084,-0.04291551996554807,5.263962532579899,2.8342896593468545,5.174129095247813,1.9972466994609144,1.3259157414947251,5.542955784712522,5.520099400516068,2.7470654019287672,4.985590159946253,5.546775180527142,2.629133469717843,3.131096553642835,1.9788036960576254,4.651538898263657,5.092595349465099,3.036544211528133,4.081362312180658,4.64342629866941,5.007887222245335,2.417898202368191,3.735328263470103
2048,6.378626619385825,5.023623790059773,7.439668069008204,10.953209723319324,7.494645587940298,6.914433949653591,6.230464170021669,4.719997347039834,4.984760283572333,5.113973864700113,2.5754903965762685,5.776811882853511,7.776249927096069,5.814667559308665,6.976342062332803,6.336403682189327,6.3787117549351295,6.532932375797202,5.626552540063861,3.663957269702639,5.523470651172099,7.362215128540995,7.63635532635131,8.179742702495838,9.299914486067635,10.05155517075743,3.013267093524339,7.9290048689182315,9.48871605406748,5.142269807202475,9.911010715791155,9.627026257770405,5.321352677087167,5.728940187607497,3.0928241513669468,4.363195952134471,4.620625362013066,7.085383825429848,6.736337668076159,5.88137136697769,5.587551254805711,5.452015654529844,6.0541912938867295,5.228868521324224,13.31519309112004,-0.044020050937047236,8.506772590774514,6.366789325220247,5.452274573700767,5.4698765481157,5.36900318350111,5.549431395394329,7.129423240891523,8.538589897059971,7.208739368298224,6.56523320999529,6.162129908800127,2.951964889360323,6.4569586332754385,2.797293205772128,5.357596824940158,3.354063901730944,4.0733813080936665,2.972655908976283,3.923880144421543,5.7960725786430505,6.3965886682271975,6.868489201047591,10.202329009345602,5.9502175076731625,4.740115916995065,3.4909530754600238,5.543261621998887,6.752122616501793,4.631503407018524,5.147267861025674,5.811329139981951,5.610909075143617,8.914443865844184,6.166271756376536,7.1128666528633655,4.771327843570282,6.4370333383791145,4.047648345306514,12.973269627775466,4.229609273254336,4.934191706297654,6.255856860881401,4.794565986522604,6.14539034457079,7.042150109580585,5.5873433162591315,6.953306069863694,7.496302746529027,6.025396701161351,3.883337745389769,8.325361922383312,4.3092806517179785,7.418557612065756,6.480776984351022,8.28788935361164,6.0286353853132075,4.348098662495615,5.451883630028793,4.417918218991588,5.904754533299377,4.841599443022695,4.4746210266436846,5.009740708555497,3.7147309479968906,2.8488764751968625,6.0268687995416785,4.567467840867382,9.091092030916895,2.546436314923425,1.678207731885571,10.263296382661373,8.482283579238823,7.937628953850698,8.209828361017362,5.378982924137799,5.159689248672554,6.944095763989859,5.670143440419011,6.180327908481872,4.880510437275684,5.440840564455304,6.272503393346312,6.043191644975121,4.156101350805588,5.616365258182801,7.931682879956703,6.253390924313234,4.195878613101583,6.033015865939004,4.581336382137876,4.788364845514298,8.7684286155871,10.43013650178909,6.753392683821068,6.885478239400045,4.657810750071493,4.609007929904121,6.7971087863402735,5.734294196324689,1.7888282535331586,7.508574533515743,4.602034426054785,7.39391008913517,3.77524993866682,3.1463839329779164,7.397019414923024,7.817831810670241,4.987143046089581,6.888021033150809,7.342521162756853,4.993153956692136,5.015439257451466,3.7772137854780485,6.860902111179063,7.4943368594561335,5.369458867396627,6.3068083393786605,6.559619569778444,7.6626140960625255,4.177784653859481,5.596313645531027
2049,3.2013683736324303,1.7410553627780516,4.40143120283527,7.719814250724659,4.417877929231952,3.229720600162234,3.241609942913056,1.9743254727550918,1.6351781941950325,2.332716192464744,-0.6576026269899954,2.8148374770368836,4.993255501453368,3.325655894513642,3.8311893114021847,3.2352355482855017,3.508496575483253,3.773247128638571,2.554928565451076,0.3766729690134526,2.5370745950245444,4.483964979222843,4.324204116633957,5.4808628430323925,6.417589827839819,7.385105154556886,0.3600314110517505,5.023413720620534,6.768362045953317,2.1377490075105525,6.7557851715811665,6.708896963577719,2.319007015228271,2.6857083005564553,0.01603994497231024,1.2186003318854723,1.8525758577244635,4.247086885145735,3.7487472415502565,2.9296674575124486,2.525272154488734,2.4406127618891857,3.0137170143691554,2.5603608033486784,10.383307181085863,-3.0015139525490167,5.494127753714562,3.396725987536567,2.361761209709638,2.4896011065159507,2.209252295749529,2.612650648398059,4.059925796943054,4.815519409307413,4.488597576320174,3.9647265817437853,3.088795631272453,-0.11072319426706981,3.1308217584288536,0.09073084081922259,2.320711589711053,0.593748064552034,0.7000100033623844,-0.3582818112203052,0.9249200285545415,2.673924358987381,3.444222358241678,3.862852735498121,7.419598945762432,3.1189726729212057,1.7628203814583177,0.7504204852240425,2.303335409079278,3.9974491094372118,1.5835966161319193,1.8031960734299257,2.7069486335984316,2.3415918435369236,7.204296847752159,3.3471327709300165,3.584706597881657,2.0477174007466865,3.3975420651691306,1.4375189663044048,9.98369972024645,1.1555622143404818,1.7647887340613766,3.733371440001894,1.5667934345347547,3.2645806954375334,4.362140524813105,2.5184218305296135,3.916965350668346,4.6480631714420655,3.0377370830093127,1.008742472103665,5.306359702774459,1.5995370954275134,4.452338762581349,3.2580566161445237,5.166882972845009,3.0106369213334174,1.6217875868082055,2.3540147135300287,1.5718885140759604,2.683138102931638,1.892331333192332,1.2360847192151199,2.331990064041956,0.939788046479224,-0.14645861174379096,2.951379896753604,1.2164240834968434,6.036944827118087,-0.14437536107642385,-1.2877101640616138,6.981737038280283,5.256442307015614,5.360877331452708,5.203421115023753,2.011159887484143,2.158175607238497,3.7432570772511595,2.8039801648684914,3.1164573279874643,1.8386315039225996,2.6543402075767504,3.041226079474602,3.0410408011504573,1.0530395062906406,2.7256590910655043,5.0449443643646585,3.2816945808274425,0.7868939329470905,2.771787609745351,1.4778346263404412,1.7015426978468895,5.601893485690071,7.69966476900237,4.0390148427337405,3.913859031881604,1.4867382219859542,1.5195063471794124,3.674049140832255,2.399759474396707,-0.9898136047380324,4.416590440699032,1.2329279884696014,4.365373783877918,0.39889045409592094,0.21457716652325223,4.77288988924452,4.794651376775331,1.9037166569914148,3.7912581096802422,4.391498111521025,1.7053593558924536,2.240607910496847,1.099606685979027,3.8395512901246556,4.428351973955118,2.1392015428415356,3.3022223393831953,3.466824278341873,4.175551791063375,1.5796187741415846,2.1090912396886528
2050,5.055686473473908,3.5390307481799823,5.923876196571759,9.500401297664004,6.035308265898912,5.254752073330539,4.802538762986663,3.582885495466847,3.5501953991396094,3.884279508462974,1.0060316060270562,4.2145950597311765,6.388462268028941,4.799965173857553,5.471042754820417,4.849509982977598,4.830458655314786,5.097045980181011,3.9664993478517463,2.220667546561786,4.099573092375483,6.300215526457346,6.069134451448915,6.830930306656024,7.990275014564398,8.949860594714325,1.910272680222987,6.471324972751815,8.330029324548581,3.529866244963238,8.486576456683025,8.304255067876406,3.9198173301560537,4.076347059862951,1.630972941858429,2.8697001465729306,3.3929650779281335,5.852014910536154,5.3462472476331255,4.296941936974013,4.080582869425418,4.032519105502537,4.422648121070651,4.106170918047427,11.730183580943516,-1.3093397069190205,7.207104620337485,4.799668298448836,3.8073150937179387,4.029662623788631,3.8563793799706843,4.133887353113717,5.635054027076278,6.7949516913720585,5.87107206709417,5.381357320930275,4.588406117047584,1.4909836224147255,4.872129568457606,1.6338059633970248,3.8688973125602484,2.148280381304879,2.6037201108677044,1.5264576833162977,2.486940404453447,4.100558621117047,4.820969231213841,5.408096500805444,8.978829717636103,4.633452888897488,3.261640229874425,2.332765013618127,3.8136091717651914,5.344950640623992,3.1712226580828413,3.7075732004429605,4.183008843287823,3.964430073808349,8.496222428551745,4.680758273601533,5.530020638661728,3.578651314548081,5.054041084860051,2.9617932786898975,11.355040216445929,2.612400196066924,3.259068326439176,5.237470513795105,3.0753625777150897,4.656307359252659,5.675750219183307,4.053580586612226,5.567923378092904,6.084767328096286,4.5863590566175345,2.6110900201967784,6.907612306198904,3.1643138178757235,5.980522692842143,4.853394850237027,6.82277715552066,4.584484039885655,3.1884007183568794,3.9230535952108263,3.148148356590951,4.34634241153087,3.423807333409787,2.739457342454365,3.8577070380960174,2.5412759787270027,1.4600924279008607,4.481396500979151,3.1157357481308257,7.740021932870151,1.4202686584155462,0.33521661673273456,8.775062637243957,7.052822523883414,6.686217284202574,6.8003156843994335,3.7582429257886734,3.6050464010664385,5.4330877514289995,4.281837805466993,4.645811188686641,3.3819625279733123,4.250307545491631,4.85110501636352,4.41233999644007,2.723188884769168,4.215946338857924,6.488800672761031,4.823331037589484,2.6994967862963684,4.662327600802692,3.099013170599937,3.15272966977209,7.38255358891828,9.25670804636819,5.323543571574348,5.391291224317889,2.9804304045225907,2.95134384174432,5.299975730904514,4.313779814594559,0.6047257636274611,6.014102401690827,3.1435326684798515,5.956228820340978,2.3171668511416246,1.8140401228730159,6.016350891920074,6.379109673202038,3.5193199372318182,5.342147781965991,5.872710295394064,3.18778734185866,3.8101318350860067,2.6540957822863547,5.387621071508954,6.0480682602950475,3.814532341701643,4.869600796699529,5.006953045938697,6.111904412295144,3.073405564257077,4.097325618245771
2051,7.3500181666442375,5.853505305892658,7.432391809139935,9.992640274975981,7.666695027053355,6.196254083939959,6.382248418046427,5.458740177963457,5.9201736639652935,5.812376034685544,3.489611618327239,6.152525091809888,7.752886255724089,6.3248057714530415,7.172937578388624,6.510696202330296,6.802882634316172,6.895961587343895,6.059937294652423,4.601176688500818,5.669443774329767,7.520502113444463,7.264146127019609,8.150946900674278,8.870482924793446,10.081205858928822,3.701269504694004,7.867241796638286,8.949010034757,5.53222129823906,8.850255352258685,9.801375768227237,5.531293780037338,6.151373575148839,3.8914313300379653,4.527209900785239,5.276594882564885,7.150343256337304,7.423237437435557,6.308674915347784,5.572846904929193,5.7025751871722115,6.442671649903061,5.963217102470142,11.891175031661989,0.662431624105997,7.898645207605194,6.739662321231195,5.798496559475151,6.34054779772248,5.544486246923246,6.401022596550839,7.310615902500495,7.294239114863532,7.210782433620518,7.293725754959245,6.20139361875398,3.8017527970884504,6.104937166401319,3.441980626806618,5.384891836770943,4.034041741490364,5.006278234294488,3.8811707530702857,4.6908929313932175,6.2322868397725415,6.835922894041455,7.043739985142437,9.66879003729139,6.276208625520977,5.28914507356073,4.204640224522777,5.8532648276005474,7.132992742742811,4.707957014920456,6.094318984661787,5.9982711474810335,5.5656440933900235,8.933683689577242,6.58910183672394,6.42948004433087,5.46893594850387,7.162533234272683,4.738330688008239,11.47038186277662,4.6794935014098895,5.321791254941906,6.830092562256115,5.1637728362876425,6.5264987370797565,7.3911742164620335,5.476776084995695,7.064741729958247,7.478477776103791,6.194364003943547,4.51472062872989,8.532526463695937,5.007246376361161,7.6046067150575745,6.452792398844447,7.895833405581237,6.195737155739752,5.040870601364546,5.474907353626834,5.0880312266094325,6.089204713382894,5.693145410077918,4.843884822726248,5.726660349539348,4.4026284186967795,3.6623514136033397,5.958698957919012,5.52833955969129,8.52791331043201,3.2230358985385728,2.521101319364137,9.174672964641022,7.849100599757261,7.944191866687369,8.394317316583228,5.580476487960131,5.6110171016837915,6.5473454209310695,6.472822637004512,6.130140332771201,4.833536964229175,6.106575723098859,7.096291379843439,6.468151807678602,4.937815801692862,6.187085466938361,7.897516725850958,6.418004402411835,5.112120985133307,6.985974983232365,4.737873986084014,5.16195050744074,8.160554944617413,9.900236046420678,7.172691480602535,6.871031505295209,5.043434916915643,4.986336220401735,6.982692591207371,6.674648458617073,2.50672382856054,7.704417036793067,5.534952144537656,7.588431668387992,4.717379405562369,3.8829627784235137,7.8225528934172255,7.689098490588367,5.133763722011021,6.866113416211946,7.300722296535971,5.415908890323981,5.724018646670241,4.4835961513221285,7.05782040889774,7.137482972123798,5.522907906438088,6.313858627208643,6.516132566013506,6.968494279789074,4.857702211397036,6.670244806579179
2052,5.183553608932665,3.8016656685354446,6.755480924035819,8.799123874732427,5.743206280895646,5.597363317651407,4.551083546025414,3.31381006879466,3.7043151743443956,3.6489957009043006,0.5788372171244447,4.917051233670539,7.141890552107774,4.333216443551443,5.2108182424413325,4.596818440301079,5.536331811547277,5.743287465668152,4.708058788414509,2.187843382571426,3.877125161673341,6.80371898221118,5.598204805169789,7.5626691772469465,8.39333774287786,8.244831125012466,1.6156944781541835,7.239365197319006,8.569629283462255,4.2232570392744915,7.862545970295159,8.0184016082968,3.6959755363208915,4.822650513319033,1.1846606407846716,2.645741102525164,3.250083185306618,5.278148219840867,5.765279386086124,5.012750962802342,4.562231081298417,3.7790000327463686,5.194123246840065,3.8564107144517568,11.424021778787889,-1.634007399449389,7.479366840581812,5.507058074538198,4.547985755013568,3.667062257549595,3.5890657687825853,3.7765099416886074,5.397789443124617,6.009051820689015,6.60981688249324,5.079834867481676,5.408839208419839,1.0498615620391722,5.487789472086088,1.3495538439069499,4.156355955771037,1.8996518526758441,2.7559050078636824,1.4901103947843832,2.075696390015741,4.848492995330266,5.514684097149545,5.167622104712897,9.310740812974316,4.405511490468467,3.5458765498229443,2.049088801496797,4.613165901388441,5.967833254273448,3.2102059930562965,3.860467935459957,4.970916789770127,4.868194384660044,7.445992658021194,5.359174101267544,5.8448526354772685,3.3372742239918045,5.423009868604797,2.684503969064516,11.041835948399134,3.2502503475972566,4.009567314173492,4.8175926665642415,3.840881408538139,5.321047572365829,6.276251534691876,4.918271170556543,5.1147521795971045,6.857723251144803,4.354329874206868,2.3658962360450193,6.640623337775471,2.898278582308974,5.7418747195175746,5.738927371374196,7.3500017281089525,4.368665100634098,2.9335115513631287,4.322790967473495,2.9663972658770423,4.09954629774605,3.049350985192829,3.514440513082915,3.6095556530303194,2.2485993351255162,1.0360573066132395,5.324496793534075,3.253858810576745,8.002190509571557,1.106642246765217,-0.08686946822064152,8.06095635316202,7.3543749741145525,7.389048494611468,6.523634616392,3.489458844917161,4.12636577380555,5.8318436732449195,3.918227224291435,5.496651609720929,4.03328553384968,4.019198297815663,5.121042333756172,5.144066565058064,2.568050794090544,4.46344874203205,7.299073799149066,4.576076691863793,2.8643832189696186,4.8010311171412505,2.874009534290861,3.870911956259185,7.670045989778426,9.499410565410342,5.972717079200918,6.2006167137197075,3.731018704974223,3.6560685283371366,5.036886239264691,4.4591945144746985,0.2644414818712638,5.75574568967734,3.304222187825612,5.68501185380987,2.4541701994836327,1.4236992848770942,6.6392884168241695,6.021379902213811,3.3006463451044894,6.1799734653406135,6.677690937902246,3.9979689998286134,3.5751582356435936,2.3776778289249965,5.152678346208165,5.662018955818248,3.5570183979613454,4.613028634020264,5.861024577915667,6.432490141104375,2.7912274331386606,4.247839071495191
2053,4.075747878317324,2.7042031964021067,6.023806097651167,9.043242020319617,5.757257258679185,5.392780068516729,4.588002141458646,2.8365360306842002,2.560902928694018,3.275693767837118,-0.03321821583168994,3.8828744011265908,6.473090353608133,4.027121224147934,5.219544718095237,4.644315119300568,4.548941790206092,4.728670955342907,3.68112988812583,1.1633689284324653,3.8698823334915295,5.290120645825348,5.7512047929423185,6.903593280671967,8.06861135150705,8.305258981989965,1.143793114594051,6.581792404853539,8.366537130730492,3.216126055802621,8.029650666232092,7.881879495297159,3.6097952502114423,3.812212592363356,0.5322871795722433,2.612808245646631,2.7268181140933727,5.2857235808457625,4.656323588745934,4.003493151494436,4.06852133923343,3.734035775065422,4.178240874999967,3.422218517001189,11.594941220964706,-2.1257568663784414,7.252469989976712,4.554238754510881,3.4808835890144114,3.1072451081393027,3.6528922094830425,3.1939051896333717,5.469464404880999,6.338888730747361,5.907888189809662,4.581339408670156,4.634788916792192,0.4168067625590677,5.009313685659851,0.9295505253864178,3.8215293109416977,1.487414265956199,1.6275871874498486,0.43365599757858586,1.442191932683011,3.851502237947923,4.517118934648379,5.257074796727726,8.99189250639507,4.289087397072996,2.7659283833844337,1.5673371547034807,3.6079869159630378,4.91541796329298,3.0074645740645267,2.740205922616381,4.09257448640253,4.109390212595465,7.262299861013892,4.3520712763071066,5.661957897003077,2.927120606175492,4.302015358795012,2.232759748505696,11.180387759208683,2.2102439088480828,2.8870522555496048,4.4662385306188055,2.7358783817450893,4.242912521958352,5.256246164760421,4.170683522309574,5.169306763580866,6.142812922184485,4.405890163992133,1.9853936459336954,6.606571078939098,2.4261352413466994,5.828319972753526,4.994184132133209,6.935720195834125,4.40426259807178,2.46094556408269,3.8725465636168224,2.456973792612555,4.152843550379787,2.463098023406098,2.408022815201965,3.1992707205670237,1.7327207342854578,0.3197349812303284,4.61620782217277,2.124607699257986,7.832614965311119,0.6269796785499387,-0.7041498128856943,8.29460211225919,7.155969321195568,6.69343890941569,6.500226710311004,3.5503521538206524,3.217947860807179,5.4875943005085,3.352235044538976,4.736690160845008,3.3938943138079987,3.603052171093544,3.9799773343971796,4.157619784772395,1.8387361087969392,3.715558910369874,6.6012373166059035,4.6320132487586605,1.742653304551328,3.6641290727470603,2.867555171251292,2.7914812995919167,7.47134206614324,9.299790026886125,4.986447273833412,5.482090149606978,2.6048515094178057,2.627164789182798,5.084294465609959,3.3362523274762266,-0.2587505779709061,5.821541689336305,2.1642972945102614,5.715017379181726,1.307472839312893,0.8346461351428699,5.704377952964777,6.123869370136943,3.2961166532976307,5.457482615539007,5.961431219974269,2.9470430855240153,3.125880728023394,1.9436468955661577,5.251596651199676,5.768473145365719,3.596902319788933,4.6579530532871,5.136678570083211,6.217629724740982,2.3429318308830274,3.110721456153054
2054,4.957258288349422,3.582008626418455,6.101562736502714,9.217383405566219,5.727023699028152,5.396678620576859,4.514703870032516,3.3300670372588326,3.495962497432317,3.705947195844989,0.4914615852492188,4.649916821718219,6.557198767470462,4.495927168854647,5.149761079890388,4.566228341896621,5.301009880644936,5.450882292751757,4.465397243840354,1.9549323612025822,3.8080766021141,6.3730349153280255,5.8273011332377775,6.985203401318623,8.051005124407155,8.472125342914037,1.55783425782408,6.660685739559788,8.314137825103742,3.990501791664535,8.250471965755738,7.837328938926966,3.616804643081766,4.5915372756975055,1.0616509529096751,2.556912571590925,3.2359352387487887,5.417302838100921,5.469080768951348,4.758354067802425,4.1454986521175945,3.753465318254064,4.89510507519756,3.8824766527861363,12.011247653620588,-1.7198392019740196,7.224349709706646,5.221037123458726,4.2800688692501625,3.626972730989967,3.5711010920149957,3.740435328707098,5.407450450956822,6.629650383974827,5.999642960906827,5.039707628531117,4.857328959660874,0.9126828087094677,5.082254004478453,1.3552380178655896,3.8625719087464483,1.9456939741969104,2.5569945301328336,1.2429387073431728,1.9650560216678852,4.639760241763934,5.281709616524834,5.19073267398136,9.080321339624268,4.400766644946165,3.4302343983735355,2.0113038086465442,4.302199059618372,5.648716400587001,3.001265487713475,3.6704768517719857,4.56774768414242,4.240564680738107,7.790473335129873,5.074648339407786,5.6589886420539495,3.4054905007992455,5.131487617003066,2.6641550623944856,11.62973032338279,2.9899484077734613,3.7147323912807915,4.966370142996311,3.5672137241278374,5.0038352410176,5.967903504201343,4.2789384443845035,5.198367331070558,6.233117225952447,4.325397009721823,2.4079026018136322,6.529819139412473,2.8982105248740746,5.777721254740446,5.109881423413755,6.957327277319774,4.328937491135936,2.92889686822891,3.9249692652906725,2.9676228078082176,4.101357655440061,2.9849897499063167,3.2437089938138204,3.6564004066799383,2.1945620481457055,0.8276204477463462,4.734455771957125,3.0335073783993702,7.802431340089866,1.0368093481021257,-0.2084049769810253,8.52516468805926,7.118338842902868,6.778973842212662,6.445489551792189,3.4689398035407066,3.945929123248374,5.552085349762017,3.855194108188153,4.840041216995033,3.48041739644749,4.0421169853636165,4.856310144918305,4.922673237829336,2.4469939872090305,4.346695259266665,6.689362460587711,4.562061867969378,2.686546742703233,4.572168186732701,2.797967160619528,3.5936914699418203,7.426841820563589,9.229704858575548,5.702041369889464,5.575390489931618,3.4308084896632587,3.420398806088737,5.017386971201216,4.243787090693202,0.17326918499810426,5.768894952109882,3.104308127931186,5.62846877739898,2.2335160572214865,1.3273936284439891,6.383977611575806,6.146853242575059,3.2395566855158133,5.55228712750333,6.058391755606453,3.7824182025023863,3.613852077775771,2.373890640054433,5.169747708578195,5.832902391361335,3.545292658358814,4.64436114515577,5.245925672565191,6.201829891971178,2.7388099344713353,4.049615290760992
2055,6.50311003838267,4.979756489396095,7.331975064000915,9.805251571110318,7.021004861593247,6.323709773591585,5.716422463102001,4.704379049369272,5.049108740793807,5.047361651701584,3.1226160422898817,5.502118577728314,7.641488607014931,5.811583582205432,6.483232489760435,5.817192459319324,6.1118392893246245,6.2746877368007405,5.3144792203392335,3.7929503236498143,5.027865543110033,7.03307402687413,6.781988812730245,8.041525643851072,8.856651081038374,9.677390000756297,2.9870959015297047,7.7675290728254,9.037004974910195,4.821890707739762,8.730902536133572,9.249512276692055,4.907257034523148,5.430720714852214,3.566102792216196,3.880268481586661,4.517181912277427,6.64838215708733,6.662376218076265,5.57278801532728,5.374416384952409,5.008887719256537,5.7937390523297445,5.196875702270436,12.339285608700342,-0.12606004114661806,7.987839072516986,6.1635192168610455,5.19029133987746,6.02669046861785,4.8359155761344095,6.084382270728904,6.6405879112758806,7.03795617180211,7.095923218131066,6.796938772925309,6.005806822130192,3.4401936237301123,6.137651191013204,2.734224672158183,5.07229188680649,3.302508469544616,4.101438433783398,3.12214956507087,4.361847940672719,5.476567972238573,6.139440875606878,6.389795358479023,9.780052492275304,5.589012619853022,4.406739192296352,3.4558916308517933,5.312771082350182,6.5193384206720735,4.257498823425601,5.230730430731953,5.579688575863839,5.498999940763631,9.2834882080555,5.878139419002194,6.530596561942782,4.733631053354062,6.388410579306741,4.0054178733910835,11.951199298245562,3.830967846512793,4.632807297898192,6.285824683627913,4.491011461189815,5.900801942178178,6.81233727399792,5.504594089303702,6.464754748913195,7.361671859451704,5.518825974634714,3.762965800613164,7.88899558143956,4.260614823443549,6.9632175905896085,6.35336036551744,7.897103846711772,5.537319923724449,4.296710034779143,5.163133385804083,4.214066393886297,5.39694269618818,5.363686914316244,4.15663527260102,4.9766116955450626,3.6272255327020413,3.2796019734548647,5.932502568566372,4.5844901776207365,8.609512819562639,2.497609077606881,2.0194276197148198,9.02432254127094,7.923557245624917,7.822913038304874,7.768175083292386,4.828255911065,4.905828233488965,6.519319707155225,6.1579171922323965,6.068576617751803,4.69775758827371,5.36591776737145,6.288731062838011,5.757647012280568,4.21890871152282,5.435553390612557,7.8506368539163045,5.764898845553398,4.231501230171752,6.137216613548142,4.084337587548151,4.460317342542114,8.259747221640175,9.905799044881547,6.484443125554492,6.759869675231836,4.336105597019196,4.250715535027642,6.286007479258951,5.814456546093736,1.8114372341228386,7.022179828477759,4.657397030293942,6.889913630911284,3.7928111754890015,3.3753349568162623,7.153072307657981,7.156767486674446,4.497972623125785,6.753946554660801,7.206614516249725,4.6525156078594065,4.957271036186393,3.7684748561254535,6.360741623278173,6.725156980540072,4.8367467260786485,5.7520031354257055,6.4485336155763715,7.079450212631913,4.118728401192595,5.743654743262701
2056,4.697142867531098,3.1993191931928906,5.4883006792249445,8.287617506725448,5.507232074226655,4.266279401949476,4.247043001226017,3.2625290977103374,3.1955269441873377,3.5822304255994317,1.0760080424137441,3.9841413538370816,5.985278208447357,4.3591809287667305,4.904707521200182,4.29745992379529,4.634287664400679,4.8524760311735555,3.7381208496434355,1.9284255722304797,3.5093927471233277,5.6470864694033365,5.234692530546871,6.443916175195147,7.2415607639455395,7.976340860128406,1.5690418149743774,6.060735024777905,7.512815219609599,3.3060776808432175,7.292719858884813,7.659301987929004,3.346157867408226,3.8765129416116624,1.6817930904882314,2.2423790748630257,3.1190989932843585,5.035162719232698,5.036182445713455,4.071270919165441,3.633124308500973,3.5066611121807796,4.18701165395656,3.7837248897446063,11.15028947421482,-1.6493489155811927,6.311988716146776,4.5600726385201735,3.594015913070847,4.082610464947562,3.297649895719121,4.169250334160667,5.136106018934935,5.423437930004937,5.468154255087888,5.232183188412871,4.214462607034613,1.5229937696031162,4.226485396283011,1.3417272298463743,3.4138431340456,1.8779627480677228,2.2510829747255365,1.2259422506604882,2.526354845506806,3.8970968333738205,4.6163304310824165,4.907837531396324,8.191687193938664,4.178723204561644,2.978201128329549,2.0036230631172653,3.5964170677321294,5.0826365407024126,2.6199564152530264,3.3610645587955204,3.8939781010150902,3.5859789439610075,7.801993717040332,4.436122414469718,4.564855395470345,3.318593794573098,4.72677532583475,2.6240035246525486,10.768279159069063,2.3098090516403333,3.024520855077675,4.813086297256608,2.8565756946802137,4.403937677826198,5.4192942864128515,3.648130372592383,4.828192927581924,5.652719645627907,4.02612032443285,2.2931637915117364,6.3130381363311,2.850556382749759,5.512131823812216,4.466573563643864,6.115936936863831,4.0305950012058,2.885802687598125,3.4159729110343138,2.85103826160942,3.8238802343606926,3.476996077118174,2.5204055525362485,3.565448836343627,2.215556034658638,1.4274782019567542,4.109726912634714,2.7427740672869354,6.8848862410656055,1.083546769752034,0.23371042226042146,7.543480298960852,6.134374832681246,6.2786912651998685,6.227084364848476,3.1886771610804967,3.372446500829286,4.7336029363530026,4.331870223368919,4.204902534532759,2.9057583559836666,3.915866179444956,4.502071803089762,4.205165532976389,2.5209539635905185,3.9519859182249255,6.103020062616894,4.281166924536229,2.361815906422481,4.296830207162669,2.4902199557849327,2.9105754786304088,6.483978976947921,8.400809748071648,5.092750563765212,4.973988262883253,2.735214717473305,2.715757639919007,4.750734173400061,3.9571073285703147,0.30955240343297985,5.509193196041244,2.7956425451806615,5.366528984877686,1.9406511660133101,1.7014201091336374,5.79782738110849,5.700542653791076,2.93394709719079,4.912281414360872,5.4538178169833795,3.0069525795323506,3.5397583972130504,2.3318761016641325,4.874027702212336,5.260725312573572,3.2798492188964605,4.276595297455791,4.630088562199049,5.144041324513298,2.734229166379995,3.738294732996394
2057,5.322120715890617,3.926933000875371,6.5118276983499515,10.379983099762882,7.3015712584768035,6.519166965889081,6.034128144383432,4.499314864618438,3.9419898507850526,5.003725994484762,2.146731554024984,4.6082365032817645,6.9442224640931425,5.552171746428526,6.704207794581141,6.1461552275078635,5.29757496608155,5.335775730439591,4.44413316739457,2.6631431281566598,5.294618018610137,5.79877059113766,7.34405412163053,7.353517316707543,8.740994786790443,9.726587725537165,2.6698201669113972,7.1388614714145655,9.054794366657731,3.995724780538255,9.304085644121681,9.166083369776606,5.092425853652611,4.6181022967611,2.5798211334007113,4.088012623786929,4.279727802106313,6.780021719421659,5.512637480454786,4.730796307538237,5.011956959297611,5.264873520817073,4.94446602570159,5.041706612280433,12.698229202202395,-0.4327310814721771,8.044969453343326,5.316523054880751,4.2690003508968015,5.159482889516013,5.209538419757568,5.217693229658262,7.010779975567546,7.934412177545686,6.327718344111262,6.222654225996563,5.23636586666107,2.4325060364590687,5.91146502047777,2.5118449637134153,4.934498414716553,3.1644195739712044,3.029019577162606,1.9466098668319831,3.4295280039310443,4.703918143255367,5.272855633071494,6.777314924342293,9.51374353745154,5.800723184432302,3.9119655357939855,3.1805518139685938,4.4517135189047865,5.478547815605997,4.261872726040227,4.139868202299944,4.8195993753083615,4.854167642550805,8.401564310597525,4.9954760904823035,6.731301406025886,4.629353788787765,5.247002028354576,3.758574063224451,12.323386524404798,2.943869881012608,3.67247834258846,6.0482115511383325,3.5674935583557437,4.879531133148287,5.794650790946824,4.780946567228862,6.708616007811261,6.598111440534036,5.849818866806371,3.746403057234627,7.97213890339647,4.031568090404783,7.343268049508334,5.685798895784783,7.705632025003434,5.829182890057567,4.101910865732603,4.806964341231755,4.023908199157031,5.763692959717338,4.484951925277712,3.2481426031461815,4.844405893236397,3.36220096626452,2.1859173493725867,5.298664045759608,3.486264033455934,8.630159977557403,2.172706700302661,1.1864877598626264,9.671491483705388,8.060962691903118,7.052996574129374,7.9225422792136655,5.176730131464347,4.188962807399885,6.411247476509639,5.302570700645448,5.276217970252035,4.109568786621092,5.2424848820481955,5.143169667465349,4.928071897826158,3.469027792130196,4.891990482913598,7.146875373061216,6.105600270203184,3.1867418642554948,4.965386237416951,4.328404214658907,3.5475888392754973,8.35381061860493,9.888034731149677,5.604597800331459,5.990085795521734,3.387095186114313,3.4180706530809366,6.598169757452394,4.707739192812837,1.3709844895771561,7.373133759453363,3.5637751102447526,7.115449964148656,2.6811213493347164,2.6765563096318936,6.306659552747654,7.5651338292019705,4.760681096357958,6.02131036945752,6.480332933579171,3.898996543032784,4.781821624296053,3.538840473975454,6.762789790970942,7.188312531369074,5.221567114442585,6.109521743442328,5.797994888680324,7.239173661811011,3.8262852489948287,4.533073891858967
2058,5.811431774922784,4.568470381200315,7.3597961018394145,10.476465616481642,7.030730705442171,6.899192850504599,5.852185350503508,4.46680253275803,4.462293808774227,4.848097153220857,2.22328346116202,5.448962053656579,7.685402780132634,5.7188360148242525,6.562060868314333,5.952719091091836,6.085785314440727,6.195393810025418,5.325402992005863,3.1411573137555773,5.158148899248666,7.21207159118993,7.139641480254277,8.087077856582722,9.264946706380162,9.91437506116927,2.680443950210301,7.845810944267682,9.466428735000749,4.818856416270136,9.395352065137454,9.178784954015697,4.969022652293951,5.430795085110833,2.6784641374434712,3.9757111218757912,4.312910305921522,6.858130577925058,6.327045974986894,5.597718664258716,5.349508378974027,5.07916501834989,5.793798515945672,4.988495121044771,13.128305632727493,-0.47278686399970876,8.470606592297555,6.111741203814748,5.057216388732196,5.177538927045784,4.984024935481801,5.2578392851565585,6.72077651699739,7.947596162983353,7.121259238890238,6.278667173108885,5.995949531452998,2.54980856712375,6.391453045606615,2.445170498905438,5.0778643601441,3.051817747311934,3.5405199452436413,2.3798733429184975,3.5119912704186746,5.502032407373192,6.086092807991168,6.480956864782739,10.140340672220503,5.617478882308516,4.41556692197919,3.1680806504217425,5.2252823010087,6.395070068751064,4.295234062416213,4.620561335980893,5.5670295992067915,5.504374329958647,9.319122467402908,5.893711929535489,7.100140839495827,4.491490758529736,5.991941502264569,3.7509974148124456,12.744933075564251,3.8612457415887262,4.545305171615574,6.177017430748259,4.397941918138951,5.776532138059181,6.67127934055669,5.452603273519446,6.661584781961781,7.408284695233621,5.671038972905704,3.5892426837767886,7.909406174293588,4.012495661101172,7.025667741043227,6.394458267252356,8.247384635452178,5.678073495945766,4.053188241033682,5.215685428040368,4.078007301262446,5.4739571332931485,4.518718893613142,4.068987429567744,4.7405829133731965,3.362293149743761,2.366372071206567,5.895498477774012,4.063591041628805,9.079179690299291,2.1860904194414608,1.2877976857125746,9.73622823043593,8.47873150280544,7.862130583609857,7.78132010719606,4.961167321460587,4.840543814881576,6.800346313204084,5.344119157482471,6.07915451324412,4.719668056709424,5.207938103111727,5.773409028178347,5.759994900386252,3.7439510558332714,5.343195112995871,7.855373232492378,5.875432680706893,3.6551157248339448,5.4900119031114265,4.190220967879785,4.403199351672084,8.762712182743208,10.404252489124026,6.470837770562086,6.776241599449087,4.26069415935448,4.238663612465771,6.391351768693755,5.2438069869365025,1.4213552062000536,7.096794252889232,4.0797291828053375,7.019654406307799,3.2175319179892523,2.734405715124948,7.119066362721583,7.403352796605659,4.600265444602284,6.79693110787443,7.24557100976152,4.660860133383953,4.740767549723386,3.4867787384561133,6.499953636739935,7.061946633231961,4.937624122229003,5.91819719970226,6.466822316816875,7.64734897649448,3.8554491754089093,5.008370454396518
2059,2.0853370858090274,0.8326264426760811,4.778168673174721,7.965305908556494,4.54378843733243,4.382351008483344,3.393803643328802,1.5908438852855145,0.43084064956222157,2.0622592943055316,-1.4484474447156692,2.629025762634618,5.341367578506472,2.8253702976873947,3.973940641299953,3.4046660227434975,3.3409208555306713,3.5633880788726473,2.377645193678989,-0.8524080966200164,2.665825439776693,4.332165057079069,4.557769947179727,5.808231756836175,7.1970004752278305,7.107919005357792,-0.1333799135605141,5.4124403259583875,7.639470786308603,1.962927805951664,7.081838360215935,6.7150735310145775,2.3678545764514407,2.5326735543353194,-0.8154078730515036,1.311624251944678,1.5067940882274096,4.0934806304318565,3.108148510009048,2.764833902035441,2.831718049677356,2.5108014934829335,2.8761083487953436,2.2515045907880595,11.036749165398739,-3.57518680840731,6.462386863731914,3.2686028427311324,2.16828442875828,1.8256198787795657,2.3851592185241843,1.9225455520408503,4.243316302554947,5.201920276667388,4.844414571672679,3.416766361785786,3.386762785060065,-0.9391422293015913,3.885514426231385,-0.33223709762096354,2.598880671603339,0.2744257381984146,-0.5670342460274672,-1.6294211730360963,0.17661776244640298,2.538140404224396,3.270350978417057,4.0458549150398815,8.181109153372901,3.1440189861825534,1.5282295368877905,0.28226034768989877,2.261254666852102,3.7524040261549607,1.7646946681397286,0.6928323416837626,2.825251809188297,2.8071314015558806,6.067008281818458,3.1599690439179526,4.692096565450939,1.7495778058256442,2.6449764266610156,1.027547777550564,10.640435237543922,0.894336330252036,1.5672070865918475,3.3001195428626864,1.3794465363557842,3.0258473787988924,4.119812555185385,2.9002016450677615,3.9180719249150067,5.002425377922399,3.1953743998493445,0.7920742034379954,5.400204378100378,1.191719074760165,4.626458603569437,3.7094250866344973,5.911101651617461,3.171309098601342,1.2224362109388622,2.5857443227299632,1.2374510211604,2.8721957223755985,1.1833696699568224,1.058560607741986,2.027179477044515,0.4550793937274385,-1.0978893807956145,3.3718842668192752,-0.015444907333171288,6.975814761753595,-0.6681177814091973,-2.0833610288798803,7.259249462080851,6.2795617028006445,5.685727774032524,5.303741630060331,2.233221718243188,1.945100080434766,4.406663218992095,2.1299487302345894,3.491138207699571,2.153968695657596,2.381505196222235,2.0997304712023066,2.87598629764148,0.32789223960467767,2.456875444310051,5.418248297274111,3.427275946736335,-0.39450753842081615,1.6037332057952889,1.59131585881114,1.5108624820198335,6.605416589549611,8.60072410431291,3.8543111610625447,4.291390219437225,1.2924907748188301,1.3478145644600914,3.837307645007967,1.300141307285853,-1.5759279634271375,4.598897997502768,-0.006757356332882049,4.493864016873496,-0.908486977006707,-0.48527232961995015,4.579454532851066,4.9750687720520155,2.038814760531698,4.210921794921161,4.773297360539437,1.5836824153150835,1.8967119021075116,0.6828998859439569,4.029671874216625,4.658111472719712,2.329043389218193,3.4826380657298217,3.8995122798851543,5.273525366612844,1.1112827777862546,0.9604123747774534
2060,4.421427109305347,2.9525530295712614,5.786584086503302,9.288302956202202,5.748137692042761,5.140629368222189,4.547762233018876,2.885860191711359,2.880886065001998,3.309189982499395,0.05643433076994856,3.9174565985798844,6.271162788357049,4.058715515317661,5.1923394586358755,4.592974841594696,4.541082176991873,4.809541858839139,3.658761052148683,1.4799768092376848,3.844872681889686,5.51341457111495,5.881978534800666,6.717820553747673,7.853647460602223,8.423898855383907,1.2215135656297191,6.3730851184044575,8.164507009993706,3.2393977033240464,8.321427778686797,7.927262399771387,3.6026825953807142,3.7809999534061975,0.6786087532128592,2.6101553922253005,2.7740426263638907,5.388103272819095,4.886045548958439,3.9983144855925015,3.9568848328931,3.714642577565142,4.1386409757392775,3.458437217213209,11.839756056240626,-2.0281136702213964,7.048439926973411,4.514063950095858,3.5080567910735083,3.150563390340124,3.598263523408344,3.253412355761975,5.415482785872047,6.72761312552861,5.734005328799998,4.646100249247891,4.441806968195101,0.5391253390482497,4.8057843169995715,0.9936594513910157,3.741408486025678,1.5392679299493994,1.943788669364794,0.7650828907532343,1.5624095535171887,3.7897419839033066,4.518757147022658,5.198806035944395,8.795153338568552,4.280709807681184,2.798800331673453,1.6431728404547497,3.541820466092654,5.04352985213378,2.98072541185788,3.0514946396861755,3.9604853421449686,3.893048849701882,7.5013033732771826,4.38612711429596,5.417321199604444,2.9747695812157215,4.562890133474557,2.290703926980497,11.463914704322816,2.2852091576371882,2.947522256204059,4.515420360224587,2.7644156017473773,4.364721631684475,5.376727602950166,3.9838444645915714,5.2004053241440245,5.948634218318121,4.353284678288867,2.041393689172607,6.589347765062537,2.4801254470965697,5.781187894301755,4.764198893308636,6.718290953444584,4.347976663282944,2.5179445724402165,3.7504002483827725,2.504547793205294,4.110488424343723,2.532713571616583,2.4331463626452847,3.2353436686098553,1.8285552080188492,0.5123809920890002,4.418565872311592,2.4478655410664416,7.583322457756314,0.7218730213386672,-0.5626289777989917,8.607248677100452,6.922728046136245,6.543186956644057,6.479022586132799,3.488817665413288,3.229279349637885,5.326360495654602,3.4264080640460777,4.532111773666529,3.2532986768654433,3.6207826356802677,4.2641170122793755,4.112929964704173,1.973147307123457,3.7147783072931424,6.403026231697624,4.591207027967485,2.0346571658338823,4.007699993997813,2.8594647330897183,2.852159312580312,7.23787191127028,9.067946238177162,5.03815401153905,5.269615271155325,2.67185163668224,2.6575752879892067,5.037889127220426,3.635404524898954,-0.14347729406186535,5.771863819871628,2.4789292844278448,5.655543828436306,1.6569749400551834,0.9726548300257749,5.732438971953731,6.173553766948835,3.2849680257695044,5.220983496308332,5.755418896462238,2.8751371859971937,3.1491061112710397,1.9974613443017017,5.18949277997017,5.8733435100742755,3.56762148652758,4.673019533923696,4.924656989531857,5.982059756400331,2.409434788461244,3.4107109415211854
2061,5.724854045015364,4.363353396526405,7.334412280683011,10.163654859151158,7.220793823738185,6.374685447556627,6.073150750568936,4.797593351134229,4.297913193064076,5.062490789698699,2.2739650351660585,5.253356617689134,7.668173077010678,5.952341795393401,6.783954967704736,6.17098211518356,5.879907180156027,6.039507253361597,5.098621485762333,3.0314838544598617,5.438849390085254,7.1246865183115,7.062107409217525,8.065814453682727,8.96225969535964,10.002599547377654,3.0894244125911183,7.790990338847043,9.130266813508102,4.587279891116276,9.059150533724047,9.526578228601391,5.2952268494027,5.195088097878864,2.807650210601942,4.313623859626908,4.562429629479133,6.988094900495241,6.171495333580036,5.381063473464124,5.444413685798648,5.31326665771859,5.610576576845989,5.260806943050451,12.029222869873047,-0.013994468535696683,8.086638305016928,5.971501871411285,4.888379231680718,5.181477614186175,5.210799811248268,5.293857099328726,6.881318226456641,7.4231119002614685,7.100340761536998,6.447637429514101,5.927764877676967,2.6856513476797494,6.125755307929858,2.7765937117593635,5.226018843161212,3.313770254829436,3.345513216485936,2.339759274578787,3.614177808697735,5.2333640345505295,5.830617593441693,6.660570941013953,9.838339086941314,5.831619636340267,4.332431033679419,3.5363809549382763,5.029399675982337,6.23072254269251,4.556159663998655,4.439897681134089,5.4278645349400385,5.449807452091149,9.623272266132492,5.700675769682447,6.5949345458565025,4.708322241902351,5.86871065688985,4.099156479537487,11.642299737249106,3.6063188135623947,4.34629195673125,6.40335230720895,4.195061403512953,5.603095227496568,6.529861749655436,5.4585916180695815,6.804365826930314,7.385874301620894,5.892981872814046,3.819277015754153,8.17634918647153,4.353663675061293,7.187120813769952,6.333576546396532,7.964297076208256,5.9329582692257,4.381119367906027,5.351327432266305,4.29170145392418,5.667565887341542,4.559762357601098,3.873422219923566,4.979475360257287,3.7471207634678927,2.573483644851617,5.861711822769472,3.8608545009578985,8.666629554969925,2.6073502691728723,1.5540747770241348,9.37004698876824,8.020528026989531,7.85159083210996,8.029126258247665,5.1491998927933835,4.729710302182606,6.566212035289834,5.384131341853312,6.060326368521368,4.79345954954624,5.49455066195556,5.647157470562626,5.529966056985515,3.7809557357004686,5.386905829608444,7.827095391707761,6.106208997672158,3.437266198173166,5.380766908611571,4.500768774428536,4.199760432754244,8.33694654000657,10.035317586149487,6.275669878827671,6.7353704722864265,4.065181440966474,4.0051004009587405,6.58940032570889,5.076407593541912,1.8184226027556853,7.239868530870552,3.903714884564813,7.2411404892802285,3.0274932910289087,2.9772136330604537,6.9307894052937655,7.447160274854729,4.900976651587653,6.766491516147341,7.228827721093385,4.404934691957067,5.035434363782407,3.8029666414218304,6.658369637280704,7.06153732485005,5.141519120867762,6.09435321028744,6.424437341519761,7.160256524171147,4.22063672138112,4.838831767998642
2062,4.004225924717529,2.4945010621632866,5.440812369542462,8.730569742939306,5.29471744336188,4.406977418065072,4.054558909790856,2.8524833531850695,2.4312950484986806,3.2436398606215207,0.4013222847666051,3.429035971845902,5.947711577688875,4.199816929016797,4.715329019605582,4.0970484929425375,4.122199895765101,4.329831675546512,3.203839290727462,1.2276447485600197,3.3282762423157686,5.1276217451053006,5.292885677303587,6.4005851600851305,7.319512445586066,8.306788806085075,1.179632307482619,6.020147318499431,7.604756319097113,2.752070185881373,7.665654438760665,7.507512804333651,3.140734582287923,3.3384845448391762,0.9917379609176104,2.0544929285134597,2.683995444300985,5.138970204589089,4.4371925638190355,3.5501537653484516,3.4973442978092604,3.2900556734630073,3.677149755188397,3.421753553939716,11.575843541962765,-2.0860100111258872,6.417821923324042,4.0949052776609145,2.999932504764626,3.4678931483200595,3.0926655040255633,3.5702182322740557,4.938895859888627,5.906604064362393,5.4168098105915945,4.787903806141446,4.073481249702827,0.8666685581739454,4.247210649720261,0.9264881121260794,3.2510787863949586,1.467512946469445,1.48192682010787,0.5161038291507527,1.8713725504066254,3.339772246778009,4.095646562999377,4.730065711055483,8.34796568517174,3.9348441694464,2.4856961810163107,1.6138574234742145,3.124679099661963,4.568273592846733,2.44174614151042,2.618777629520212,3.5560150536043302,3.5119382475103635,8.093184540101461,3.925360113808087,4.703847155400686,2.9304104217461195,4.108943851235589,2.2538030798946123,11.180308941432411,1.7590641730065868,2.4219591377036944,4.6210092868123755,2.2342186726629736,3.864213002260241,4.904313860248242,3.5767718587602886,4.83148000580924,5.624239589273934,3.8524805690561004,1.8991264343261727,6.156049244531564,2.4440246265381558,5.324292353753531,4.412393081188204,6.1794567492391375,3.849998367684229,2.482625307368913,3.305865228176115,2.4118929744032864,3.609919121755021,2.839118188805881,1.8993957629161213,3.203477197459765,1.7995824396610272,0.7751983281757143,4.02836899331638,1.9968313864299212,7.018133393834748,0.6828916145222532,-0.3406706994133327,7.97118648285312,6.265095055103304,6.232097882032396,6.052351872200546,2.9742330589464743,2.846213648148948,4.777079858098712,3.7216927541153773,4.156851075376784,2.8184352181851846,3.5407814369137793,3.809329243642946,3.678154297385895,1.9118128115577373,3.4752171020422655,6.047748356951136,4.106848452346667,1.5949834857668181,3.5737344115972527,2.307456900392259,2.329619146883487,6.60849666849577,8.523847741846524,4.603192632805025,4.93987560091274,2.1336544986282076,2.1391779177955237,4.545503718725274,3.2089783549308786,-0.12134915281619174,5.327135060727597,2.019308250503881,5.191362474752327,1.1946314738797283,1.132527981911386,5.320855410663146,5.676389197020656,2.7333115705421975,4.87800150151764,5.40811454637109,2.4078780195542726,3.117857807023183,1.9571271850062293,4.701292008161541,5.306593559256622,3.0375445003296986,4.145069554873877,4.563189401158263,5.275733747652598,2.38564993228231,2.994232049956918
2063,6.005892303160257,4.82090559633715,8.212024952897,10.835363292694089,7.339575944415164,7.834723772214992,6.114380039061821,4.974690404534338,4.624377095326782,5.315362429206396,2.189432788533825,6.15900925894135,8.46926544425743,6.003907576522657,6.830553410840886,6.22472836290087,6.75639643461577,6.8425589244812715,6.030643144888537,3.186196290488754,5.430741927453449,7.566221696031946,7.545365665640153,8.84221283069679,9.990964440575667,9.927771823533947,3.2410565712622237,8.675065932103568,10.131951467160663,5.516665186413701,9.87555130081518,9.448940342664718,5.296841601282355,6.138883776537009,2.6794598151530558,4.279683292763574,4.838589175045489,7.005861020939693,6.737208573799581,6.255026307169881,6.110735040051599,5.393004092893432,6.557070926896166,5.454191317888241,13.623469650745392,0.23538838241781396,9.23687543187823,6.859825535757203,5.861717471480368,5.202610097080472,5.266365694148203,5.307569103368692,7.001824929990939,8.534889496011397,7.866422333994082,6.517304836852212,6.8589216570769045,2.53329722721662,7.34423934647015,3.0373390991772955,5.722600893889154,3.609471954831053,3.6789576108966546,2.5210088018860137,3.483742874807548,6.233024767041208,6.7664056028638555,6.758144819310735,10.906696357897351,5.95580055202757,4.954935992296257,3.7005013121025927,6.065947228882992,7.028707554723536,4.776401775223867,4.791460834496788,6.392176571115851,6.515637501648492,8.768943093876755,6.509679939597845,7.986189880754263,4.994406058745724,6.36470148744328,4.258184222078754,13.32086844870023,4.468256609354704,5.3276589131781025,6.482738585557261,5.215542385940042,6.464111463086948,7.3026293992996205,6.438886269927028,6.83094234498484,8.192221619188787,5.925156534516384,4.082657180087908,8.166374070835968,4.530391939623012,7.309338691351671,7.33431912351932,9.079646380884304,5.935302399843933,4.561778149008757,5.868159359693526,4.540515911898444,5.771531131650718,4.550357821158004,4.89274450455393,5.210478507115373,3.8967437362431414,2.4012815680887036,6.87797521608216,4.160917798536163,9.789806716995583,2.767734724442872,1.5267339034804277,10.176529898388038,9.272172056457826,8.54812897677932,8.05455823615193,5.233584630489354,5.516123088555677,7.6276184365153314,5.356715326224054,6.976581563694137,5.526078443442073,5.664654968253205,6.072406920471365,6.461257549268857,3.9255510619708436,5.924828929773401,8.707978379939284,6.140672250517777,3.8153203913143705,5.6648390576243415,4.478772242154393,5.146426302939654,9.546756277871987,10.992005190679007,7.061432383954523,7.6069819198921325,5.041962206470115,4.966101656428405,6.655257978343542,5.400862170330115,1.9422245019780706,7.37106106218749,4.237242778071338,7.237906647367137,3.346360328154904,2.99081867103066,7.710561970331972,7.7237938942653805,4.900364129245278,7.679439457931688,8.087110060134108,5.4603794781225075,5.232082501692433,4.005463824687258,6.743236095138962,7.422838493330138,5.255737379619056,6.2361041301595295,7.393324301498283,8.532151195832665,4.386411421373488,5.202033503247158
2064,5.854297748447528,4.3674432371343865,6.631614553076884,9.156883012184075,6.5757502887930235,5.31171838257994,5.284868323590073,4.306657484280213,4.379694867985586,4.654411930697308,2.2460318320563863,5.1740655452013,7.002684623109441,5.312612230650017,6.003233076312715,5.368086063436102,5.78599600877081,5.963951244923686,4.966939941953337,3.07319694443473,4.571738024268835,6.586758559729368,6.244461697978634,7.432945442838327,8.130344362982678,9.070597402538572,2.5618113291050677,7.111826430048262,8.295692297337311,4.490249400106927,8.108613245402067,8.771378143876792,4.429592363217051,5.090934915521318,2.76322360464505,3.379434413569313,4.137999911872406,6.117583169681688,6.196472579027925,5.253388069357196,4.760681405663495,4.578066962105887,5.438590610240187,4.815360246013317,11.75070794650487,-0.5872003740497994,7.170603799074892,5.76747319613184,4.817508889947621,5.255210558591141,4.379243082127403,5.324599609204702,6.201252961584497,6.37375109344721,6.473205941702637,6.238549736780782,5.358566402537484,2.61811549110072,5.31425435585635,2.330913126734752,4.518780435834613,2.919121788655011,3.4321884166981493,2.406066333901671,3.5665284120610794,5.127449482360058,5.791281387635638,5.953816944999357,9.057525452545711,5.190414020844873,4.0595139212906375,3.040111658562509,4.838729310647716,6.208301380808862,3.7404892804367194,4.554661679693631,5.058866192240802,4.783994815179283,8.592163293276515,5.574267727136613,5.559097596444186,4.3653687852567895,5.89266904422215,3.6059952237776347,11.38947497691427,3.4885410581316267,4.2715728148818,5.816430334700273,4.1107571601867665,5.576870953477919,6.501262826153211,4.814556656990731,5.934845990434824,6.713505692141396,5.070922584911543,3.382594406285456,7.415414486186845,3.86084539017507,6.538336718082427,5.636395456109729,7.121707360446451,5.082899885238812,3.8870013556310092,4.542717036764538,3.8405200175940974,4.926109129616195,4.600264226538793,3.778948855400087,4.591834792388337,3.2180692961173376,2.495167720530715,5.245882315401522,3.9034533819981982,7.72958184791995,2.078379980235229,1.34471722316396,8.401523602195082,7.054375746580108,7.243383667298725,7.3149808117321555,4.343879673310688,4.549272549152375,5.745003577002455,5.408169029865946,5.369716864824292,4.060880217328669,4.968724158832007,5.6970966551985045,5.4144291930965025,3.586407218713846,5.0688986458948655,7.197270073209491,5.319645306255136,3.5593053485133845,5.477535598192897,3.60582047019686,4.117724919891252,7.388813538636484,9.163889536687309,6.186811889974133,6.074342308326493,3.980779256033045,3.907756601140969,5.826539945409499,5.131333966872522,1.3271041069711955,6.5791706356619075,3.9868732675909997,6.430739969227998,3.1206271982618734,2.7459055500437612,6.857340440473385,6.674225994731701,4.031065747328104,6.048182327672838,6.527668324325767,4.291156612123761,4.566746296573963,3.3516718866170514,5.919708633422851,6.212086017110519,4.375621090204056,5.299366266120761,5.768939666020954,6.1284178791301605,3.7023692574884226,4.990027920369592
2065,4.131056240307436,2.6713255741766537,5.307148090537104,8.770754121563266,5.428670078516006,4.419399415382316,4.163485381965128,2.561988524879728,2.6055998326279237,3.0256162315607056,0.05754894443920551,3.465700364964349,5.836103669633824,3.6978736392089306,4.818970559750286,4.22067341165883,4.167557741914478,4.314699965715406,3.2774445661476697,1.2390372354005035,3.4262957357402364,5.0635192371771796,5.421594677865509,6.281436417970275,7.2808474510908185,7.996206847950813,0.7728631417666182,5.924816645362549,7.555138982167201,2.822050647224702,7.679979471223695,7.479679724467654,3.181473112532069,3.423942208290101,0.5813513940466304,2.142319071718625,2.4100475547569107,4.922538638114929,4.4132197377937175,3.618613195845059,3.4700532448078887,3.3340578858341514,3.744923515511409,3.145346256877693,11.371539135915892,-2.5343907479728953,6.395571036849705,4.121008482575416,3.0453383169003914,3.1274295209773966,3.2263811717075987,3.213023247889112,5.140694221747774,6.04248052963189,5.2190916742497535,4.4212290558431855,3.9932579381125337,0.46055508729602773,4.230017919199808,0.562470795214176,3.2648282091532415,1.1665225625038158,1.6944211187107205,0.48868790013449454,1.488754433978882,3.467951632610391,4.132020676987515,4.917970645853449,8.119425410245146,3.9274584469518508,2.4396756536859487,1.2527750939130784,3.110665327523437,4.472584092404162,2.4683894268104027,2.806062462074417,3.5607397305113926,3.4323924524443505,6.755295640230178,3.9666297923241345,4.720091485977176,2.6604651331901565,4.123938931790847,1.900785933647836,10.95865425978388,1.8290514933211446,2.430742403439113,4.184636723569462,2.2867541647383156,3.7856164073970717,4.826228791262421,3.4659262129238666,4.790233676880599,5.470100920807038,3.9827112535813023,1.684711987631663,6.234174581297805,2.1026002015386305,5.512560218971753,4.321721014806204,6.153999048790761,3.9694516738078462,2.1551557528121137,3.2827307232788607,2.1501393403325797,3.7824830421379643,2.4893799060157393,1.9578743840966901,2.9269366347364025,1.4222570448049472,0.2989415047424169,3.967029728208271,2.2159106498318057,6.968466089985198,0.2633649727063511,-0.8248154516730981,8.011194374824742,6.266007812959808,6.022234238098776,6.15842268254076,3.159581854087964,2.8259650092039785,4.772042213167463,3.3666037853275004,4.017597512262206,2.7105243299688606,3.3396866616926015,3.9059919376458474,3.77406050818307,1.7415736405711115,3.3798637979264763,5.93698439079204,4.243071810368979,1.814190514066388,3.710117455944419,2.4059605977364953,2.353989103649347,6.584211116124477,8.459155081425394,4.604135138062496,4.794332090871674,2.1371124041931986,2.2229780312494483,4.686733266551581,3.3951943452869124,-0.5754060486597677,5.524036483679498,2.211113895156556,5.289098804444072,1.3890248844936386,0.6969225575881336,5.335549257802111,5.800107332159367,2.8288398402077797,4.771373619139193,5.269239912727577,2.5482388641020024,2.8435427841331324,1.6242227137088794,4.887834591737814,5.40154940938311,3.1861942376409282,4.265897208026478,4.481446704694202,5.283895736294137,2.0013983064464163,3.2065208782042767
2066,4.909643355011941,3.3366411309157074,5.916533686859268,8.846467378416236,5.884333687169213,4.90194497363908,4.647869449215275,3.3391114596809692,3.3724997702453834,3.7063429845230935,0.8993516403649543,3.9675656774214345,6.348329307138919,4.439701198839714,5.3172401707087245,4.714911899183481,4.655966473477226,4.782381192701205,3.786632620862549,1.952952385374477,3.9187489372278996,5.691317415290644,5.697998193545007,6.775769904645031,7.672482040311607,8.550148965631216,1.5653707993882027,6.458708264785157,7.88788866762604,3.291754148049013,7.768882266964231,8.008867667881505,3.7316047747220327,3.917277672635724,1.3884909442758964,2.686769570357035,3.1238879625286393,5.477557530573435,5.071890826523304,4.0898811176419265,4.028297395365579,3.8696390244577645,4.27563851635371,3.858379615470767,11.315353766509471,-1.6918447664805811,6.753426765118326,4.669178825191091,3.56949878877827,3.9712979572159903,3.7295203100357743,4.053005949301376,5.570425442499772,6.020640339808803,5.77423442687307,5.173831201451165,4.561637905878679,1.2715217077306313,4.761676045294325,1.325520537580764,3.8061521479061637,1.9039896041154858,2.4166721135377895,1.2610136284892057,2.226569713226387,3.9525756931730665,4.6342992835811225,5.353785485880712,8.56003908557551,4.455968711259112,2.9306148085477126,2.028132262240562,3.716666511446236,4.975972073096116,3.017325638021743,3.574985816382936,4.088948023319247,4.043110916018489,7.584123990578307,4.415668139008007,5.1743351527622785,3.3614778246198376,4.8027503570275645,2.6500666769487524,10.883029335737229,2.2560712820218334,2.9769539406789227,4.9095769959701485,2.8289760172367093,4.310140412300827,5.302432909288577,4.061320924546039,5.3138321293784045,6.0188883877226305,4.452870515733956,2.3790153504482325,6.728181075198314,2.873643802745001,5.943788424613218,4.927232228379166,6.617346263783323,4.458763353313719,2.9027465739420513,3.829339681033578,2.8048438178641466,4.256751949020796,3.3159818425508494,2.496830971751893,3.620672549094471,2.19199571684003,1.1341994370732986,4.539921083833493,2.9085468383772026,7.375860767279352,1.0678706577845993,0.07598951352494314,8.063877158931327,6.665700703859329,6.54380887235914,6.641067866023096,3.648756316091333,3.3926371899034327,5.224158742332032,4.156912884967667,4.620719413459301,3.2924593358167558,4.05116061461823,4.642185355722904,4.266996715324265,2.428565956279636,3.9956797905532375,6.51847963295877,4.70567692017981,2.5441025493400446,4.497285360736504,2.930362636489525,2.857351427525286,6.986148254360471,8.76752554518836,5.0566196624721815,5.3679589100714225,2.683174899193856,2.6844301922113782,5.160111269620913,4.162158863459316,0.2546836434730474,5.954197783129554,2.9711546523230417,5.788177655637265,2.099157364879334,1.5137617130896868,5.784185107478077,6.140507599072794,3.3507440264735924,5.345385834574701,5.841320518510682,3.0658778150698986,3.589137973104207,2.386945558073265,5.319857801284109,5.709250515592953,3.6711694432156428,4.691537635666982,5.062320448671069,5.715744487941265,2.743695341689247,4.03409051454759
2067,5.720741828424592,4.206862235920769,6.492629799140353,9.75113942697644,6.566831532546455,5.816017480620316,5.287325696860041,3.793896161658425,4.241147736566406,4.213587048011167,1.673190124120031,4.857027766960008,6.894367727850166,4.968425868664469,5.990519587482722,5.3663471554006845,5.467451076315982,5.678951530743924,4.638171607681684,2.821725596700395,4.557937887630291,6.402442497015001,6.53446496980531,7.330596496696983,8.366918235165734,9.211769111880235,2.1121358993330173,7.027224425758635,8.651785324301038,4.188580827095681,8.714509840522494,8.674995749975958,4.342509001360408,4.751708166833437,2.2002024076346856,3.358115233693802,3.6711246677807416,6.155895566514562,5.977785599018845,4.925259537356241,4.649963849762986,4.499001301186423,5.083874575580869,4.317693455091548,12.56767383984157,-1.030960469639727,7.559280024562034,5.438310735353401,4.496653740746637,4.628987521146024,4.391302543878555,4.707317746244374,6.202456265687941,7.142506393577373,6.3475605980626195,5.7244316309690495,5.2040889194767415,2.059145322867801,5.444137885740828,1.8849837831088463,4.436635310236095,2.4394637527210374,3.296346608442919,2.1747245048172754,2.9942550787436133,4.786392956865687,5.501030705789372,5.972146024874276,9.32865207024983,5.033714689101496,3.7545553440494204,2.5672909832426476,4.549559169369088,5.939570915858662,3.678851910999843,4.410255959204265,4.831128058795418,4.619277240548815,8.352437763554711,5.268592654594353,6.04328721772347,3.873975233307909,5.676772081000465,3.150728274668967,12.223062144007004,3.27743678195402,3.960768405560937,5.4172036028866275,3.7923123623643593,5.284904848039148,6.24462057048721,4.658487679756112,5.996086581689972,6.590298583198039,5.08178208001357,2.9360550077898186,7.371533525202955,3.371846954311642,6.55496944311474,5.494030688064439,7.314651517357145,5.084086763472961,3.417202898434231,4.482119084681787,3.4096054685967303,4.931195159043586,4.008823802694679,3.466857875032084,4.116177886937348,2.751216160027045,1.9653397215264192,5.097829687967898,3.7712119502680634,8.183417845836708,1.633232579486709,0.80812446815627,9.022490148246286,7.481607207655907,7.114828520161763,7.273193799278566,4.341581394629817,4.185716168795315,5.950998750222584,4.835721636084573,5.220578331180981,3.9314494771616815,4.502067916733877,5.512034559249879,5.0746340581348965,3.1917282479149964,4.657452379379956,7.046804329220738,5.342119706874448,3.4128911548427165,5.326611817947456,3.6117307582071843,3.8284308416502832,7.805402280842621,9.529434015069691,5.896818684227761,5.955237714733396,3.676704839297706,3.638782769228732,5.828834383828297,4.991435890831055,0.8645032153597888,6.595450364691869,3.8439586491989246,6.426852788031098,2.9915550308035943,2.2351198612579286,6.585896558793526,6.85196141941207,4.020716246749675,5.910827852785589,6.412722109045305,3.927657786224568,4.059323451029404,2.898297700285912,5.940126435671532,6.461932298966815,4.362809755120959,5.356159050124031,5.6159078708716805,6.6061910441943565,3.2640802127974364,4.86723905434566
2068,3.958907178470073,2.5842235373067015,5.508486598251123,8.39880763143301,5.031572925572153,4.343112226948142,3.856676363306385,2.7364512062498463,2.4738475446190127,3.127573110588961,-0.39434742568326836,3.5895704325288547,6.015209605651241,3.934334796241353,4.4833340515515605,3.8933453118694703,4.361728026398591,4.440807816386223,3.426089865395004,1.0321793269898205,3.1350155605801495,5.278015234427791,5.016626614066108,6.453283429997309,7.320822486174958,7.918137281920227,0.9635391963379736,6.096827646983519,7.520191454887391,2.9259236861020343,7.340145260947089,7.152557608272349,2.926426897517272,3.5910631469317846,0.1380221444049045,1.8388863401753532,2.582353462917464,4.800460507188525,4.483083612909623,3.771083742380144,3.4378887917314267,3.0825125631477137,3.902835260118757,3.33405902300562,11.171573448181157,-2.358422871998379,6.348085591369979,4.260058767029215,3.147067066175599,2.732100735391891,2.891872939680302,2.8252403255019853,4.763575862986705,5.6327038415840756,5.437106193575474,4.336053364511046,4.150851233303549,0.04424620838294953,4.275515157410078,0.7339659539716583,3.15023108369538,1.3449161693453768,1.5573151277644317,0.25870808201975,1.087468528747556,3.6110511803201266,4.32809920396124,4.561297956827493,8.242877424029368,3.7863621994853043,2.5963686430028496,1.418456615188292,3.2973550118505948,4.634079756055562,2.2671497072492337,2.6500994655153987,3.7007513346416587,3.601182590212144,7.13636104773198,4.1013165029293805,4.670615922553201,2.8107309779950542,4.132584967517427,2.094858881192549,10.72211865399565,1.9451240041426225,2.596007053979805,4.409982355577605,2.416404907618252,3.958719771834354,4.950855382851192,3.595973980426788,4.541861673976694,5.670975152832195,3.680984329751559,1.7797987699508666,5.9015508559133325,2.2889209040573646,5.152232105391364,4.512646504810876,6.206761359795929,3.677847651392224,2.3257401178990085,3.2238557738917217,2.3667123864804,3.399168710410594,2.089876909713664,2.0971842037779926,3.089006726656642,1.5988370911351297,-0.04711781005774327,4.094499537774496,2.0745696523359833,6.956914225806083,0.44791617074183104,-1.035999902231355,7.623496546809161,6.22524955464261,6.233295249938968,5.793597635068004,2.7811480935130817,2.9646693340103556,4.761266064856733,2.9955779971820977,4.210311095203671,2.7845769360661516,3.447937809995241,3.8117443323135367,3.9185620546340973,1.6521180448787567,3.5448168095733448,6.113775748972383,3.9212307815040885,1.6650514108794048,3.5442527353763573,2.1056746482849147,2.4904975721878686,6.5373578066272415,8.475714725043089,4.789502032792991,4.990534175825971,2.319138036881177,2.334281825593539,4.342404419822349,3.2393543166773666,-0.4707576717649186,5.136519804809775,2.082028586949625,4.996156130411796,1.2429177524788044,0.5417573420064792,5.518559255557398,5.457839907599348,2.5284550053732726,4.962896128105269,5.4566238665953275,2.700094066347396,3.0191333847386517,1.7822142496971163,4.541651900272282,5.063130420233522,2.8081272776637762,3.939459620841912,4.645484225451946,5.210068121978217,2.1896174286093064,3.0068934013800965
2069,5.42180769475443,3.9513828848089525,6.182822260819378,9.53768131520067,5.94294710361532,5.044473235947748,4.696492362022396,3.951036635466984,3.9346754482814243,4.224703457100049,1.7569907394769997,4.732578953834517,6.611627031746323,5.230844783144338,5.377442170839225,4.748991597976001,5.349862581278599,5.559143096368229,4.5462096819920195,2.635163386831326,4.005137021274173,6.711254793405531,6.010025615351544,7.049804720069682,7.875012548906464,9.257696516173223,2.2964120822293412,6.694392353748637,8.111791247661627,4.051920452288219,8.467618050745559,8.205232973077468,3.900573788263969,4.6435604657445655,2.3175808134887874,2.805977588891983,3.7629872305052627,6.023118537279827,5.770449973429954,4.836638850399428,4.229569533041544,4.00986812316946,5.008803438714573,4.442523653592383,12.112290181432448,-0.8743081335510544,6.9463197303669775,5.35649953048144,4.35443746255977,4.688970830610822,3.7664267535720546,4.79539703678872,5.559363638928957,6.7768481399331755,6.0622311225427055,5.862605620122383,4.899342444751944,2.1877503321639122,4.921593137936934,1.999205072862761,3.962653266532079,2.5019081043345603,2.9811795009034014,1.9597809675548783,3.118876566631455,4.672260333384785,5.321425164171624,5.337236951930182,8.903836927243642,4.670765371953272,3.6409511383090702,2.7377809181277204,4.3443177823509505,5.779999503280436,3.187117804799762,4.100663613421577,4.587495131577764,4.2438280531338295,8.989520299434663,5.183357983880809,5.315794401509422,3.93826426672084,5.4752438031602635,3.304405927019461,11.738814384596688,3.0491104300533025,3.7834366951669955,5.658316397666933,3.631241667430315,5.124235177891593,6.095925171460423,4.339464278944903,5.611110616528564,6.310684768216956,4.49256376985993,2.898323889289586,6.818071205381839,3.5270850198609502,5.918741577437951,5.128909662791661,6.807286853981874,4.509779966516155,3.5650822477681263,4.064899007976055,3.4478405518191226,4.263846373637872,4.089124414324763,3.289697088939802,4.204218527248929,2.9265128360795125,2.0933107931965185,4.7439574729119025,3.494004273414611,7.556904898371013,1.8227164166314285,0.9667671964503812,8.781585499005654,6.834625139619622,6.866281456952651,6.713730464582999,3.640133244650705,4.120628899761609,5.443494629966364,4.91620406604239,4.904285852211926,3.579355971302303,4.573424013597625,5.264716668214116,4.99073311473642,3.1854446200387803,4.683568900610718,6.746657998327699,4.743001700724874,3.0794613361358656,5.046511017198541,3.0319095832960947,3.65098511427641,7.165758559693186,8.990026972975048,5.7828999616205685,5.635608935090049,3.4914102340383186,3.449564185738564,5.189554063762939,4.714161247440747,1.0614265133759833,5.940677587475098,3.539866384757415,5.835561527631111,2.67030904229198,2.361773062710251,6.460404625944127,6.324797709711963,3.4415511676243367,5.597036040867011,6.125568055122026,3.795361298322679,4.1838374103818605,3.0299731009772857,5.312229428972515,6.023804019524586,3.707745522260664,4.815787190411774,5.272162680115019,5.8848545091492825,3.452262110795292,4.526828908068794
2070,5.583340898581913,4.378891682039412,7.791765456859558,10.581129506123917,6.939198889689785,7.3034496264798285,5.780158821174073,4.6675285833222535,4.202507613067119,4.920446913582942,1.1708676278591144,5.6773379086649856,8.105454189197294,5.774313233154158,6.472560671450836,5.854504173568319,6.285146087195194,6.435207250501429,5.51880727389029,2.6489372244903024,5.147226002386638,7.376923122042459,7.18405902428286,8.484705043051925,9.610468827826637,9.898947557700533,2.9729416310787204,8.281496848999193,9.7956723721964,5.016864309034178,9.66009645637657,9.135841446263447,4.992502834807553,5.629023220257036,1.7675676320280358,3.974085912534168,4.4957414490836,6.863897694381217,6.340531872851508,5.785305839776994,5.6777414489005285,5.0329906046390525,6.037987676475727,5.15178865896804,13.197218929018293,-0.09629703589848142,8.8890558809042,6.356892171688377,5.341932351035731,4.213849342295101,4.90209343305656,4.328139874764851,6.612280849899562,8.225099128910468,7.5356296027345335,5.9385077800601715,6.402651294064707,1.625585239274163,6.850730650233378,2.7040632966107565,5.322189755205598,3.2492645340306407,3.2625585326126645,1.994749030045099,2.6053910357611536,5.675119982446941,6.278248348512818,6.398020475677082,10.529816294567926,5.629288776218891,4.515458962853467,3.3923870963709684,5.512024559293476,6.640703794253727,4.436913799494502,4.341153245206389,5.901748718959945,6.012370213014741,8.870692606483185,6.084544563639379,7.500517899223741,4.6061517740998985,5.9706432061536,3.9835603552205208,12.860917874744963,3.992331990173883,4.814847396926156,6.231703501833333,4.674197369813921,6.034589894541677,6.925414730821335,5.976932190571512,6.592100691795352,7.839310542706932,5.607111130654809,3.7050461462565805,7.8166453525424,4.2261115653174235,6.9404645021472655,6.876468734230313,8.649512178344386,5.620617981893676,4.249956630808968,5.476501598315579,4.19674987963268,5.376406542797173,3.609829670257337,4.3492143349988135,4.8707065182072755,3.5953438605581005,1.5966670564242795,6.3937430441379535,3.75061462194925,9.396525927313737,2.4858797750302717,0.7964894622830407,9.938706547447612,8.826203207352336,8.256202979755056,7.6919779568112325,4.846274988991875,5.048308232852389,7.202204916413342,4.457440131264073,6.540070482982058,5.1210689791611275,5.335787509807521,5.65216847189835,5.939480698108673,3.351446224536216,5.511912134715489,8.290935508055348,5.832336419820791,3.3629859651838023,5.256675353859154,4.1779415530817845,4.651063059749347,9.120037043094632,10.715504966250494,6.662575569110255,7.213844983279705,4.536407653774532,4.451727522271024,6.288166343314307,4.96674088952797,1.5705914592104324,6.957786926201412,3.820438149651249,6.8941298126110055,2.932435914448329,2.339205643108915,7.304101309606006,7.397075405929773,4.594892405119857,7.2685672295945025,7.714064955924237,4.875361799022978,4.89644299873284,3.6887934697525857,6.389397749304773,7.136123331529754,4.869167181849478,5.916333885703768,6.940873852485257,8.055578752074926,4.122385662794117,4.676085884084126
2071,5.092600865023478,3.7805583622838794,7.368756103781717,10.172789355202779,6.793249856148454,6.499466773016113,5.578942496861735,4.164147973486356,3.6621866328641755,4.5574747800827025,2.184377335757019,4.91057609660285,7.696373862493783,5.612130753057343,6.2950318353516685,5.647755309939385,5.584467190929821,5.684968623891474,4.768228976641384,2.545396291464568,4.904887477414949,6.346301607228814,6.932879762351518,8.082068838232331,9.000617134145331,9.760202404128256,2.4266637648854905,7.846513803782206,9.167209429293873,4.272454135439223,9.21973257011601,8.879836665626083,4.6980610008750645,4.891237399833543,2.6690960605229637,3.728034890975268,4.000626758592473,6.685125466755461,5.660971320314068,5.03465308097324,5.35563741581781,4.80060658114297,5.271030513303624,4.681251803093723,12.566272803715297,-0.6211393075329946,8.183388817044243,5.647285984669412,4.571014394930431,5.106980061531072,4.700747262154311,5.2298001083944525,6.4635312944650645,7.718469090972631,7.126953047101519,6.109667666469302,5.925918332360951,2.517507171151891,6.24888374337128,2.2416367298258204,5.041033402085308,2.8324124046734402,2.7378826654915303,1.8458877967936635,3.4400032983028463,4.929715567401474,5.58172465200935,6.266173217977795,9.900340177810618,5.370876135783536,3.9026558067383488,2.868891512602566,4.850372970955712,5.869529496984824,4.164183569380217,3.82019418690886,5.327119122658459,5.58853589551789,9.609110931839265,5.331420306222781,6.717312442192013,4.216908137287412,5.321715203353341,3.474050683634621,12.225659479413713,3.2606962646756847,4.011709067225453,6.022549378659043,3.8753621490938355,5.238287183642387,6.175567296785967,5.587312104446548,6.417184980732522,7.421374596655369,5.408801662070408,3.3198497188942793,7.6165004298090935,3.718860896996092,6.818788025355231,6.435590261540241,8.045950608733778,5.41824520570891,3.7556803584098826,5.119704323368414,3.7298100867441737,5.2268173513667975,4.4926629013781065,3.566419901166642,4.442118195125032,3.0685199936585748,2.3095636501908317,5.988279527425767,3.2194070147616523,8.750721895960828,1.9425665590379908,1.2419525861740104,9.515911096334458,8.097343225777148,7.846491608023643,7.491554172124177,4.6813165954181155,4.357301430350966,6.662954654225278,5.278208742077864,6.117732041648455,4.729260193450114,4.883450824235169,5.030381006853922,5.209867921471598,3.3384147542927947,4.893644845059939,7.884445360622239,5.661116453579495,2.852470742698228,4.715958928636142,3.9510114403707655,3.8751810304288363,8.40261626115867,10.054084729296822,5.952271297999788,6.802143981201308,3.7322433639849937,3.705736734185901,6.090153505120961,4.408125354349614,1.2339892205383087,6.8419457014117935,3.273970726132395,6.6599714070558536,2.43287478578942,2.635953914267675,6.629162924869787,7.159856462052892,4.369671223099744,6.835803079179358,7.2969218764454125,4.121024378069809,4.440867028491841,3.197435251889486,6.234996502740041,6.865144158048293,4.68251262136868,5.703091771687781,6.520211023730889,7.272205602058343,3.606645963021686,4.201228281855584
2072,5.198695847604955,3.7191216974386156,6.560461806040257,9.660308487926208,6.575730475410816,5.920108649560391,5.3442147567868235,4.031079734223231,3.746180919664246,4.399561443392723,1.5574140463556563,4.379684189041808,6.987971007291761,5.294429664885892,5.997533323213325,5.411646179375906,5.012707063342842,5.224754772601384,4.151947663937297,2.463784370039191,4.640463507601194,6.097442580386996,6.547655009584765,7.407592486536928,8.430815928110055,9.527026109823156,2.3484744363597483,7.117387506791528,8.668767574003766,3.729844705547607,8.698888469593868,8.675057912298612,4.445418078558787,4.276608403239931,2.1708122475338834,3.424011169161114,3.8251129544207028,6.4506766914789155,5.443166582179921,4.464975509952222,4.770554233448847,4.581043957067387,4.651342307137593,4.529173491256579,12.011069440841672,-0.7695592468338344,7.632373580017262,5.046201008984024,4.012371291858811,4.499300564399787,4.434928555573734,4.5966520469103544,6.2142748278166575,7.102516412069757,6.431126072064842,5.767646857830032,5.178994938518319,2.008688924355167,5.579008826613426,2.118514906508583,4.542295153651922,2.6401295219148917,2.8159540742635745,1.7839074615921298,2.9916969296123304,4.313677528926303,4.987823889723849,5.981989478213445,9.358919086626598,5.167339751337256,3.5565332701163657,2.789770704294954,4.146130768741881,5.441110349552971,3.7755525742258387,3.898726249486208,4.627091988495416,4.7764417332197935,9.156618704114642,4.809858969492571,6.147394028731755,4.079287663315024,5.170977773357715,3.3750382908752976,11.702772583280291,2.79320767330272,3.450140316455093,5.720770312393349,3.287847398221493,4.779498854119862,5.772396726187849,4.806895870396067,6.1605073913931845,6.680369704988389,5.143424018153123,3.1281049213239123,7.351543885895181,3.607495247040477,6.55196761776294,5.626413581839628,7.409420665459973,5.134967063793115,3.646124956863267,4.545101827383041,3.5652596591306605,4.937857852663311,3.901458939271315,2.96994522320373,4.311613307254657,3.0006779014532055,1.9301042541861542,5.238230409792493,3.297108641997744,8.207617885300092,1.875347162280897,0.8342502985681812,9.000422882182257,7.554338473081592,7.202237538567605,7.2577877271388305,4.3499691567250665,3.8658111342361994,6.036179282250151,4.7381665738565575,5.326628003801618,4.056887045076915,4.702528140800341,5.000502324104311,4.607626374278752,3.0896838599017706,4.5172051021030954,7.145048743486403,5.3629276088305895,2.927500727346967,4.82490355329854,3.6513533617769016,3.348009715122835,7.846297857271772,9.536637393917363,5.447001631078976,6.023225582497462,3.1791566359145293,3.163195180307542,5.85281711252672,4.48607919152294,1.0646185968603408,6.592130991390775,3.35272844415823,6.4369895871196485,2.511076841609819,2.327747885457109,6.138802896333592,6.839525984759841,4.079477678026472,6.029233256408148,6.5156285220491,3.450172750438959,4.270531914276734,3.1061050968510777,5.962116019108469,6.486488979629106,4.425370744296482,5.404324732720853,5.7481083861419116,6.70232171714306,3.47654088182109,4.271074031932015
2073,6.3785279729536635,5.0580417994942,7.8388315822663035,10.698570997800147,7.590570312525546,6.950266539199015,6.364225764146876,5.262139696734292,4.99128462757383,5.589974638393949,3.0569467859608745,5.9530872954321765,8.114343731743952,6.212629506098373,7.127098524889777,6.486746846990932,6.580823336115904,6.6971797859030096,5.809064324093717,3.6802019853011836,5.695880578139,7.644233871464223,7.577384981513023,8.504502143391544,9.395830090955966,10.088027616483824,3.4720468108143128,8.27674509746555,9.521544069371057,5.302656219261033,9.631213961328779,9.812358821928502,5.571429584920408,5.92952412494591,3.5139932603841366,4.543566336802072,5.073457668562024,7.170719168840772,6.881154922076631,6.069269744519679,5.906719649203919,5.64562307106597,6.293565562473877,5.754831502799479,12.73642172643117,0.39033526767577603,8.550202538818121,6.6170477400933,5.627231794595723,6.001125518339023,5.520912453851527,6.090594038101182,7.252295062371659,8.202072511719805,7.561623773883496,7.04058784097433,6.494386155371152,3.38318925332278,6.704937282630378,3.2196674327765202,5.635127154844147,3.8387739423130256,4.014692985186623,2.9601818410945784,4.325723246910741,5.982119723941599,6.596129574094504,6.990902647136581,10.22769036463329,6.20049075335264,4.975382628611156,3.9711521317916256,5.800039887162193,6.9251611799001696,4.859921687415666,5.162096001420702,6.079021341353654,6.042096822602408,9.243938864554679,6.346486660944564,7.1402699465730395,5.25507572250707,6.5431729098382805,4.51640721602099,12.394551987307416,4.3131608938532215,5.128907289355996,6.7417881948607326,4.9761604211160115,6.330268443695136,7.195025205026782,5.994136516749856,7.06360523195139,7.852120873172368,6.17060197940362,4.368196478486062,8.48490573508399,4.804127249760287,7.53074547847999,6.905164758222444,8.455136588002958,6.180633251169431,4.838824794494682,5.745352849364283,4.812610532556263,6.038378939777611,5.342577812448147,4.657963787338563,5.498853661598905,4.172363863246785,3.197636340026346,6.434657220036854,4.519575473027571,9.096909382353934,2.9818167025057085,2.1443048643214393,9.989709499212246,8.494494975677563,8.276425218156406,8.352402160789019,5.541630346434456,5.4080253454191345,7.100417819925182,6.148323710369213,6.581457640683014,5.249980353058446,5.9544679404369445,6.336680670082569,6.230063142308169,4.408844740688804,5.961425300793989,8.33880841497864,6.380148277697821,4.143424668695251,6.047932081288725,4.732570715461463,4.944169064664415,8.808366663008927,10.42421792852027,6.937915637450561,7.248535411804916,4.848932139149734,4.744228644083653,6.935500212971653,5.7800263741885205,2.2426970618111746,7.615392313325515,4.591245844960217,7.545958106006896,3.6804226630500376,3.5592427457017553,7.583239588567189,7.837152826360295,5.14346778661545,7.2781943354223495,7.713860274265918,5.200764626477447,5.535988496989015,4.249041951767037,6.992203535192778,7.453419182768893,5.516907324109759,6.398006917216951,6.975280797055788,7.695028280786107,4.615895830627003,5.575677808480605
2074,7.742007557196273,6.2951833438128215,8.712173720928178,12.471244949953899,9.575699883060802,8.476207730812686,8.174189988417282,7.000486488028295,6.3679465166226565,7.356043629986898,5.983700607504163,6.7757249221205695,8.88371243476868,8.036196433433465,9.038523615258082,8.35752940092768,7.314321967214346,7.44208081662655,6.5946626862910165,5.42807917142553,7.4841985100081985,8.03237472985472,9.516083108101576,9.264185006916524,10.471414285898213,12.177782205172951,5.241062012101921,9.134073646260159,10.67345725979124,6.0795582271047985,11.291202900239396,11.615577125549317,7.40781596750021,6.700973998249642,6.297745937428304,6.504803444658009,6.6498499044350226,9.18666544450181,7.87051039721285,6.796597615489735,7.215950104594228,7.511743304452724,7.123453470000198,7.370536131092479,14.590921115875242,2.390827931995903,9.79987744071654,7.501943679260356,6.517492431402208,8.697918218054943,7.455580277474857,8.750719187515122,9.168608313160282,10.061738845705985,8.314942763512951,9.034598196404323,7.372396047200478,6.137587313753154,7.916930709992141,5.006792673894335,7.124840328523091,5.563535425066949,5.398645745004926,4.801998103702705,6.908163622447424,6.793927041441205,7.374236288453852,8.908390923908778,11.220263317653112,7.912460237395549,6.031877030219356,5.761261495442268,6.678756628291946,7.688232246892791,6.562563407421116,6.547568162557269,6.912831496979514,7.061424564995935,11.356345067705428,7.056399126696797,8.595394139417577,6.969280153512956,7.608023985794616,6.177548990717952,14.280397776194983,5.0896127206938635,5.988419948611408,8.505319244727227,5.879003608226776,7.131310171740396,7.94440888421876,6.993008754083087,9.077644669131512,8.636374126148544,7.978372547988379,6.122490262346607,10.348005693299429,6.514517130809175,9.441329868137837,7.855319415511829,9.60513260492257,8.040816419997387,6.555345603866901,7.0633696771359835,6.329234348663263,8.03006343245506,8.020917790702413,5.5439414303217625,7.15119022514139,5.942546653960431,5.804328769658296,7.398365794335093,5.876651242268935,10.384356334379742,4.7985344226871245,4.7231401168874365,11.70130543368203,9.836771639542917,8.984627863339016,10.245047766183104,7.56890297446932,6.400660892782201,8.363010034390856,8.668536243481297,7.4885028939162,6.365176832675934,7.667397816213115,7.5811126230018475,7.023333600163459,6.286630692905084,7.181259854137901,9.22496331711965,8.265934525536643,5.546734642769609,7.4059967467827486,6.6736263543367365,5.768294380392347,10.149563321790527,11.466849684715273,7.606053844732899,8.093160483241084,5.693279198663575,5.53067403776305,8.823319740380567,7.152457498519549,4.210737888727869,9.572338950294736,5.973903944662639,9.334975360493575,5.08074427981462,5.933557080477479,8.26832817665168,9.635024179943974,7.070775788596697,8.147062457432709,8.513766796261608,6.0241706618240904,7.222609322411675,6.027428152837923,8.853136669950823,9.273671695031226,7.49418808392116,8.260560407130313,7.917265737056735,9.127712787900652,6.276430012924335,7.122087613706077
2075,6.74831017873117,5.326886690727301,7.907070284549679,11.013120696587222,7.477765617626056,7.791238483360834,6.306086593866346,5.059941353116716,5.430440021306278,5.343093843970979,3.0563993006944643,5.739085681949344,8.19869433194399,6.241640070506506,7.013329748170714,6.410549921648842,6.324039369395805,6.499861565445151,5.553967450984886,4.034453699578133,5.644342114137754,7.772597915785655,7.680820108950141,8.595154003709832,9.943279167371136,10.426249282700677,3.3351638304335722,8.395133938640356,10.186041616754872,5.089516182030948,10.051607936940027,9.696794154601434,5.48979322165251,5.659485807589121,3.5726277033931413,4.489991159098491,4.875641064345838,7.404285048374108,6.881424132840972,5.819145447953742,5.951823742261955,5.557876209276062,6.071650654929027,5.531130234684258,13.575205278396606,0.30213789309242095,9.266768400264638,6.416507118940354,5.408786413925038,5.958548360956569,5.4453850836626145,6.033529025775248,7.12675722582,8.660978589951991,7.635801395241701,6.933523720822166,6.512559244036676,3.4073838323354724,7.124210674209256,3.0902855745383704,5.652656396797722,3.6488374936527417,4.499119089324292,3.3971742312823046,4.349151839103019,5.71858324419175,6.32746165479933,6.884168560590063,10.947149254594528,6.087960798399791,4.777927866897414,3.7860135861805517,5.581145887981568,6.72216974518129,4.863737023728238,5.567548599200589,5.98208865906511,6.115743858047899,9.847602276610477,6.124483557018852,7.959181885847022,5.025316413811278,6.639572645723818,4.349010350022997,13.266352786336626,4.18334362049188,4.897303030826154,6.6976095093148125,4.743601096527922,6.126005492891584,7.009142991581133,6.077436476520129,7.1458854539053815,7.931741745557104,6.111006619674822,4.1538966746202535,8.351835447496608,4.620300419841495,7.411634832620625,6.974982334673404,8.944208541086741,6.127142873406413,4.653214760337559,5.767372412992909,4.6157247155904795,5.924019357535456,5.334248597281324,4.420430535503797,5.262760723701544,4.0161875903606425,3.297380655152457,6.509079613004414,4.961805700153182,9.802516215354467,2.863496490461487,2.1284614812582747,10.3444949700231,9.270385060352934,8.358545494345686,8.219773301695078,5.408733005183085,5.179485688518198,7.505239043916978,6.127466156333685,6.662040054585251,5.328278287393707,5.749835047844262,6.580285267026297,5.974615610497339,4.454616276919841,5.740327479583874,8.401972113549709,6.31754769619022,4.627182468133315,6.440706006863287,4.6912251668317,4.736411164275236,9.545195667232786,11.112889076982226,6.709246258118326,7.317260974752052,4.620510137081147,4.543970994757753,6.841255718469622,6.173472257171362,2.1539089400853437,7.47481191158295,5.0507024903382565,7.466307906700034,4.18191923711981,3.5577387997082317,7.345959059494946,7.863863325119022,5.112509416469504,7.348898382910657,7.797015250154904,4.908876327105929,5.313255265009192,4.066083243915012,6.893484233532635,7.587574060048376,5.425999032852374,6.396013348443172,7.045373020853312,8.511540260485244,4.475772356774127,5.955243309055054
2076,7.753344725604573,6.431332490453491,9.141467533792772,12.28230180314609,8.55829626162137,8.661744253550253,7.279120224714279,6.07964229903051,6.399130961990783,6.398837162767142,4.46387046683979,7.217320070096425,9.310473906568115,7.355091455791678,8.065984109123903,7.427736113752636,7.8135591093982955,7.865573796417032,7.147489714409624,5.115690288373405,6.5834092804363795,9.267308214306835,8.872948623555043,9.663856053352358,10.71814834576632,11.56537280072059,4.266506654449872,9.528738338393822,10.805249399585385,6.584435649003301,11.185384677563398,10.66325707605907,6.458229064515657,7.244334833643267,4.8416152596473685,5.496768139515605,5.913073204138454,8.470094072818759,8.145606103326593,7.348079267889263,7.100747262580056,6.56063047008855,7.613150275652047,6.520763116542786,15.088529082707,1.2918567700045458,9.945025931385214,7.897589643086706,6.934104389271566,7.265090121754581,6.486796663169348,7.330973008893697,8.187851249745913,10.103281855157444,8.702577588175025,7.978964898415974,7.823147418669298,4.723517993092535,8.184589918011001,4.0191387334040245,6.743439628077404,4.632773154095881,5.454856588585036,4.431505106176648,5.614192611404825,7.348977219206945,7.868780340041436,7.929721887622564,11.776698940566611,7.042214480042453,6.090102032252722,4.7811227336525945,7.174849286036834,8.087416516457289,5.872158876088048,6.5546931894828715,7.40456759078162,7.48600287096841,11.069478491534083,7.564692661166189,8.791205223969051,6.0319424459976805,7.840369745663236,5.298524083409992,14.796511084692826,5.638556903600694,6.46808061812605,7.807431469644819,6.348399341425726,7.542629698344642,8.322490754404237,7.312281711452774,8.248928739875556,9.057907816129074,7.081500062772209,5.183696031570436,9.37244248092175,5.606264979072978,8.469323939617192,8.303527770297865,9.874330954679417,7.105613535642624,5.639995037870752,6.905942392029938,5.6509873909609665,7.019006752967836,6.603313026577234,6.026253233743566,6.26703229158053,4.982203374111227,4.519218603628024,7.770901145147428,5.938964360287149,10.57522868854659,3.791986526123112,3.317627082898149,11.574439231306311,10.021055217513016,9.346333105649265,9.26158741063305,6.5340494852247,6.603861153125767,8.543263764892307,7.350885653815099,7.887057099172044,6.473777865831344,6.768236323552471,7.700554672947948,7.546485453571322,5.6126502502177456,7.036068935532654,9.559843982862578,7.315617821046287,5.576541335215526,7.434083846637183,5.684721233589306,6.25388837116105,10.299546631744933,11.719512550319944,8.098046975582838,8.512016139179469,6.182016892890848,6.064928731535161,7.88538093715906,7.156116893461772,3.131623470251046,8.573575843870644,6.014338516124658,8.464024816879206,5.136506850165981,4.663859085951532,8.716021535652024,8.952939209608092,6.0883068498756225,8.620600225137816,8.956100182448118,6.6091379208224215,6.3369227335921385,5.054339707749232,7.920582211443356,8.65460270377142,6.487140179889475,7.401569660220829,8.316962042450903,9.32914144418069,5.3877827921616195,7.103791804611684
2077,9.497720506148678,8.329536068652363,11.253209804637093,14.951111270700185,12.09953409603664,11.793421025361335,10.736306941509243,9.463758281299043,8.317873170546124,9.887098213604519,8.314181560277936,8.945174410872694,11.2509834336383,10.403154745697977,11.655435216001102,10.962851955209459,9.486638810059855,9.431421809537067,8.923825440449376,7.461260935238429,10.055287481205804,10.135431198562895,12.295514002868112,11.527604522023882,12.948067095449996,14.539896905422212,7.626655605861117,11.602640290345464,13.015010678768157,8.355261628116885,13.850023362040522,13.751596647500996,9.925106181417192,9.029717282312259,8.49154169814927,9.144920844158955,9.061869086538046,11.727797425591522,9.755950087021168,9.0375526700701,9.789092338936669,10.090008922134132,9.460026265893664,9.793512187685284,16.783152886799414,5.031126663514546,12.481795888673515,9.773363484974425,8.78982268337693,10.772145221914567,10.151251001017432,10.812323614954948,11.756452054636819,13.163585750545781,10.5875065157456,11.020227031516177,9.881008762759828,8.339201053551264,10.811820595392163,7.446280683470627,9.719355494635446,8.064777090719765,7.409407135524922,6.816403262955805,9.057146385737829,9.19508074867938,9.564251238107685,11.510909545421605,13.713897321905414,10.449579943929402,8.453778782912662,8.176344158819745,9.16969045081309,9.609843672599114,9.134564713947476,8.466671366350992,9.416614885415349,9.851315036203184,13.43744984694889,9.152765628535832,11.781279266732087,9.426624948637828,9.499476099972213,8.526469911847798,16.57355581862586,7.3821778689111985,8.32080307719963,10.879532821263588,8.26736338436604,9.165620796488865,9.80731496065855,9.622683019297464,11.717484318717782,11.038245458475188,10.607280930450981,8.676026499484268,12.725764872985224,8.916500153711864,11.975074742521562,10.584722157248423,12.33059430851468,10.649308344296049,8.984326201677323,9.680983742379718,8.829687975985662,10.735239576441904,10.094306306753845,7.959740372215,9.581117165088653,8.34109498858452,7.893528519357952,10.016344554935186,7.86003462831889,13.109681576490399,7.1825157985623385,6.950317204850062,14.32641648111997,12.682305063307286,11.124586798463552,12.605629526291576,10.42637142070702,8.743906772988185,11.146303200083123,10.674506521224979,10.05049180292657,8.94458040307675,10.12877117054803,9.507579346307155,9.305440432471888,8.576668311442647,9.518677642941475,11.62063324706895,10.846486030306142,7.573924588731354,9.25187334950481,9.318135446230219,8.05263670001711,12.903232635664091,13.801623690128327,9.6086048747812,10.570409150022481,8.037693784279483,7.861552789807323,11.429333856276108,9.064652416515829,6.546946899034083,12.176446812493461,7.957312162007611,11.812421484078678,7.082680575988658,8.2031395307609,10.199898182813607,12.147694304159707,9.698372020040239,10.783587616921539,11.038413692797933,8.593793204852517,9.669079964501524,8.44956619611808,11.490423078196386,11.847349763289095,10.225780352524351,10.829723059279578,10.527610703131982,12.270844464216914,8.534518815789905,9.064331819862126
2078,6.50227677268642,5.275300017744303,7.9966192079441925,10.850197106174061,7.647189403006012,7.282783480201446,6.408055426818981,5.16128975323268,5.1480472232614245,5.4871513805219125,3.150601020242486,6.271040702717646,8.244075033773804,6.402685633195301,7.176445420937881,6.535158604809215,6.883071177346365,7.00358395661627,6.149426837691242,3.879379750362466,5.7585984625986635,8.170960255286523,7.646931556292943,8.624273433749165,9.626138450418203,10.520655616585703,3.419242670387032,8.40852725548404,9.80455936363765,5.605876551701555,9.769977113604549,9.859208510496785,5.638817014970951,6.242506940556425,3.595129711955917,4.661387327952044,5.0056320675316135,7.452594782944235,7.142451637477747,6.389933345466853,6.016861837037974,5.68186906661306,6.617696793590276,5.630507705254216,13.270538064411712,0.3890927959765692,8.822781004863124,6.915182850616318,5.945082628833398,6.0252249922337295,5.582844917050432,6.111067609063217,7.300120244813816,8.259950545576535,7.688480491616896,7.000975548369546,6.654116193737306,3.4736898459494077,6.9017171396740835,3.151771959236692,5.739971583921996,3.7400570045557964,4.197167206981353,3.1246751151047643,4.403592550328801,6.292175411326545,6.896572892367842,7.05509736814669,10.581928053924022,6.189180215554579,5.1057110904715985,3.8951215888772674,6.093047610138139,7.230497964365142,4.973930038298884,5.288231343829207,6.300788291410681,6.164002686951844,10.010652894633152,6.676700838096441,7.453556311769142,5.130433262245996,6.783607573594365,4.424366837739943,12.919053295680458,4.63401771986059,5.45507883195366,6.855686501240621,5.302630579737683,6.640762759957997,7.490144942913742,6.1168613223092905,7.253348607144186,7.985391132959301,6.223715513625312,4.260893344453401,8.533770508532013,4.703014031691209,7.604621715098621,7.036359863196097,8.685667913939275,6.2576777346432175,4.743642740590234,5.884021064053688,4.727124268668037,6.11150820617165,5.376440882416713,4.974960695419991,5.371608763321168,4.102685547726496,3.299375517240592,6.533113328048164,4.740032063850335,9.415848994255066,2.944749800754446,2.202399706734079,10.079764241193018,8.81416597134833,8.401177143837723,8.407190995982715,5.581194688166894,5.63470901128437,7.285674389983924,6.173660366875787,6.713202734185117,5.378835684965765,5.867577107037819,6.5217121581946165,6.552552990349279,4.503868276945184,6.085812845400403,8.459535235592297,6.458438934705085,4.293556832575371,6.190503599814011,4.843646276422913,5.2551829565848625,9.127158264084054,10.668183677537103,7.2404720972691266,7.376462659559079,5.168150304923102,5.049161576692549,6.975711739914759,5.93325310860361,2.230792315410715,7.6672984240310535,4.755724817487815,7.567188248144734,3.8785099846976143,3.586209921432391,7.866237843196308,7.9068983069488015,5.244067036287328,7.425810089707378,7.856658728154641,5.5181311701557485,5.428584881126885,4.170086804883823,7.039039020027434,7.572753299346992,5.568508301462446,6.498930099180768,7.093997942762714,8.01031461459185,4.566111077155387,5.6976277879306245
2079,6.392528230377606,5.030138251291854,7.5463789780225055,10.17102071270347,7.10153937935829,6.853408084809782,5.860670581885749,4.740686611405442,5.011148355688367,5.0794348924287736,2.5199584261647288,5.845889828460557,7.860855707313335,5.644270113536294,6.501459178754262,5.938640974249161,6.448450583219526,6.571473647281529,5.681042736063579,3.623200913212662,5.1634600722364015,7.399913023412231,7.070033428072929,8.273466666441944,9.235457463189963,9.549184042162127,2.994236993097836,8.038079091693676,9.452300980261395,5.16962766580816,9.180757335679871,9.13978468307427,5.016090367947304,5.79542507614408,3.0385735047715037,4.0043048081653465,4.58317115647452,6.632993945160082,6.749912107562911,5.917572704383305,5.63174161059516,5.133643949031833,6.166133950224944,5.215312972451957,13.000217390060426,-0.12440320977142894,8.425330500091825,6.482941992687332,5.559584171431405,5.443564144841264,4.994420864007301,5.51263026978288,6.746572090898236,7.653813655461587,7.288711142566592,6.477024851739406,6.268327462673186,2.891215489591869,6.550262128455297,2.755090335650104,5.311749977724893,3.3083925044962355,4.084318739601547,2.938604300788472,3.857115478175026,5.87586671795164,6.445127355413778,6.521696293354034,10.206154646192276,5.711568916695457,4.6558321241821545,3.458224271450724,5.658891933304921,6.776418824706759,4.4455832898616805,5.168259169374197,5.912067203862327,5.840617309297836,8.814524045573279,6.1859182147043095,7.042728336794036,4.7543234849614775,6.454979446956092,4.019993549585346,12.691241713932586,4.18799638407571,5.0101402883018755,6.121680814879281,4.884442024997305,6.187091224747043,7.061652725402794,5.829375353029799,6.484990855945009,7.566417847999505,5.664119310038435,3.797157472372055,7.840941491935935,4.2820353700247225,7.085301310675484,6.650444224210726,8.297424427526337,5.678842000450406,4.326540079446776,5.38989678025246,4.302189715845244,5.503962346485686,4.806338681067739,4.5693174472877,4.983285034767221,3.6499368673988775,2.7913739921791207,6.247175246051382,4.567567313568933,9.002941422004788,2.5065968451755363,1.6260993291224761,9.468213552076906,8.407397239548821,8.006582177856139,7.772656324984772,4.905618391292434,5.191498270630838,6.910168353574618,5.614618065740383,6.31913139947823,4.976129599979946,5.41401602508766,6.296540860512426,6.127242326097828,4.07040700143199,5.623909484382189,8.098033956438304,5.915526563780647,4.20795275329479,6.045413718000057,4.21877698632223,4.831952878832818,8.72038417240339,10.277995421205247,6.767264283554896,6.969260735171178,4.72943164876529,4.635594660043719,6.387655420814242,5.758449018001558,1.7063852662486694,7.1037801027297975,4.623606871707102,6.94733804698501,3.7697933127837544,3.0877836140138744,7.436833244136404,7.3548361379121046,4.648747701091424,6.995323731643816,7.4264097330825685,5.092180935399873,4.979699554613658,3.7672317321811404,6.506683891160149,6.997224213395802,4.979112581908705,5.935318975789206,6.750992221172372,7.597625135949684,4.075850129233939,5.623539102130702
2080,6.859527426638776,5.5745795448443705,8.383048849552873,11.487564412823742,7.988464296210027,7.940506879346707,6.795139109236852,5.6612278120858335,5.520153682359626,5.926145647253311,3.6197184662733783,6.459058857815609,8.630951526568138,6.7239905425081306,7.495107759748188,6.891797787802563,7.065227519614352,7.182390432136264,6.349432082687105,4.2331634427819935,6.111821722625089,8.372347510712487,8.162818486988547,9.004499020640338,10.12839690941785,10.880970513900479,3.929611684435182,8.804797776765197,10.274027795876776,5.814844224335892,10.430388181616689,10.133968444913627,5.977697707499774,6.437334338043417,4.077661731759352,4.987948079620086,5.454136813964162,7.8321741169584636,7.369682136497324,6.58052419700793,6.389626181444954,6.06600556884493,6.814909762463402,6.092551315682275,13.930537254469739,0.9248908064394649,9.385199932115421,7.131524513076464,6.141730929804703,6.463372605267382,5.964874102388106,6.542023964545558,7.624694958861385,9.161584403738381,8.042765630602037,7.428940379619599,7.0287377308522,3.9446574405633985,7.420322427898644,3.6418376675673874,6.087925503083641,4.198736424105508,4.560241242817471,3.5802443257399954,4.8167558921234965,6.5058926731348015,7.0960557948265786,7.395424346359711,11.118387499025888,6.584321617122209,5.45892122664622,4.413255893332618,6.32200345226696,7.4221034962950005,5.308619008745464,5.6558943609041865,6.597365776981626,6.60723230051143,9.78502854092845,6.844215906092098,8.090448803348197,5.579078225578584,7.035911751525209,4.921618472678323,13.607833450181147,4.889376547932627,5.668045425415036,7.192300628591327,5.519238968087094,6.828830730915071,7.681343330655781,6.531044555628406,7.623362588030955,8.378973225929911,6.597042579975513,4.699021921227021,8.821684131877767,5.211492929714063,7.927219777341398,7.457737522465842,9.199848730649268,6.610938481095112,5.2379356512001625,6.252812260921508,5.202245186056408,6.427645872320448,5.827551600949038,5.200021901620285,5.827731904813223,4.6232695490121865,3.785789075068065,6.958917307481172,5.047493945275039,9.966867165480345,3.4720746976988646,2.7294965737632357,10.781664282083504,9.390926235914227,8.737764213340625,8.714525956700426,5.9193369784525505,5.8924121592726015,7.805684953289374,6.590985870760463,7.13229242925133,5.771878215244839,6.32243669857936,6.84486943943692,6.751546896408715,4.907854075304099,6.428993736367143,8.833263164865123,6.823255819082263,4.666689959807056,6.547944326273033,5.18923573919705,5.4828283871923205,9.669518192245494,11.2074591755867,7.4111032547695315,7.780578616900102,5.393187729641798,5.278504094907213,7.337864784257757,6.280074549892118,2.749479769808904,7.9990222600953915,5.129341712168286,7.949414677066461,4.239862502472743,4.10103874887739,8.048087706682935,8.350753984068122,5.585889684302467,7.838711142061017,8.229913607535753,5.725502124003003,5.89225167270218,4.671500780752727,7.395251779471123,8.016583045146291,5.904647329023905,6.851747164343086,7.506822665807392,8.653079620216575,5.033874020831926,6.094874168719567
2081,6.509699602478317,5.091996109379191,7.714132324393306,11.698732320751466,8.18824776407065,7.521901365495952,6.9039365036146965,5.518635851504019,5.14209108331374,5.91631807706186,4.081491048421181,5.562235808166278,8.021497021535678,6.827506636721746,7.649643958812313,7.03088291095836,6.160084751035485,6.307828357815741,5.380429768988065,4.130240264960696,6.199229386023116,7.058111227516618,8.408676511475022,8.414697301813534,9.6726481645235,11.304601151602611,3.804437341434615,8.2256914974789,9.905311031293657,4.916050236565722,10.665829255245624,10.255417019128798,6.038750594215735,5.506862948409151,4.549635264490328,5.09105419261115,5.269662933477334,8.183672260173726,6.644241528745209,5.644579782124076,6.066180581493034,6.175112905033997,5.886362459404128,5.965067362782843,13.729104351997378,0.844797730445864,8.98030777573586,6.270052983292511,5.226818585821563,6.8687164970806664,6.0955631002783806,6.949233637430839,7.808726484621208,9.443242371295183,7.428740446908135,7.528640732594895,6.346462701261043,4.376437523322449,6.930645430088046,3.5719460891825787,5.918635516826593,4.113631020060609,4.210468754598073,3.441960748604368,5.25158096581165,5.5716824620962155,6.16809273053493,7.552788131098666,10.549801302275487,6.638628184369633,4.844477206894333,4.283207651972771,5.424290884286165,6.513576158668314,5.271454459854538,5.299031122773884,5.825302631940161,5.99255775096161,10.851040151475795,5.936719562858345,7.695577260851863,5.5430812145982475,6.41196259653994,4.789795533886981,13.437202023608346,3.977509112868992,4.704670194430012,7.265962679032238,4.569923718486515,5.906586673217162,6.809829327038354,5.953629945005688,7.90024181205247,7.736976850458554,6.701277048460072,4.670378513847078,8.962697889868702,5.067389496309415,8.109759642822404,6.832294877086369,8.720035932000194,6.7060273514262265,5.117834882664361,5.914763801864213,5.002003934127944,6.621147846324101,6.239328926801681,4.247409009081977,5.748971604236532,4.499155497976711,4.138000086801393,6.378893992730549,4.712654418657933,9.574957150220873,3.3479466288217474,2.976982155974423,11.04882780739239,8.984172527066299,8.141770958571163,8.859853123341288,6.09596277007035,5.143994093899216,7.431752271684153,6.975540974736213,6.481325961862292,5.281025780524529,6.202821818206991,6.325700059958865,5.814454153499435,4.867993717321331,5.855660612242556,8.246525662498817,6.932379465018003,4.330697815758842,6.177228410675056,5.292038935422894,4.554963529535703,9.267882468870711,10.77055279910565,6.517137227739608,7.135249524989301,4.422110439624108,4.361669027805325,7.480401502549651,5.907082562135266,2.696307452023033,8.194039548720635,4.753859789563077,8.032151243702641,3.9072336179869525,4.337936125482831,7.187417317288262,8.513760711891317,5.697694521929541,7.1824596738176725,7.616336408683232,4.776055031163353,5.774993649337973,4.566108741691071,7.5389251185314965,8.221209774911404,6.10326957425901,7.014636835136583,6.905665931531363,8.238898898022512,4.872924592558827,5.720835737963873
2082,6.5353827984205335,5.180950311358486,8.187196484687073,11.304913468871803,7.741016015410425,7.595140564867432,6.495664007323128,5.4148514168603095,5.144706054670473,5.726599621772763,3.916227103769777,5.8601413433040905,8.444294178512479,6.77688335276076,7.235194043470879,6.600266148788589,6.475043810691149,6.569053200153372,5.733861283106464,4.089056865391986,5.852167584214893,7.657302923713413,7.95781650742782,8.804955562097682,9.835185281719479,10.943320532143115,3.659325924728602,8.615102943461228,9.975649032422474,5.198393955933192,10.236256407148078,9.833001979334018,5.727476894004005,5.8344254651772065,4.331802740267344,4.741278674772808,5.171608698368072,7.771522270143033,6.8127229413017645,5.964477449655532,6.173136109965189,5.778080648183821,6.27425897781338,5.845637208861963,13.53643101964678,0.7168545424938196,9.059511792979071,6.631304627444063,5.557450983407246,6.69412173671382,5.658196743897027,6.76146165430546,7.401671529880593,8.894319502796447,7.8469691481175134,7.381223921052046,6.7527231924768,4.2001118234225645,7.150429613089986,3.4166914121380865,5.886850192717143,3.973525162254061,4.221005527462279,3.3932354075568063,5.08468765488693,5.906011929575882,6.470158333650658,7.180238035746984,10.75521948422705,6.34398042985371,4.9385101185047215,4.136078117574967,5.798040470055169,6.765006041739665,5.081928710504765,5.314698133298331,6.1910860533160825,6.387202186669627,10.644273066520695,6.226267346952647,7.755551522757328,5.355379195724213,6.543581426729052,4.654167956113816,13.205191336359297,4.222261427555766,5.0174468176971585,7.189739515951703,4.8893247139241005,6.1796355548447774,7.041843467791168,6.337055759983405,7.466212212108077,8.191944785629007,6.338498657941818,4.440770980290004,8.55959435778537,4.9415767346109645,7.723046428444134,7.26186234589134,8.925528803760459,6.359447623150689,4.994355340514866,6.016506793349979,4.883407167877472,6.195735018593924,6.039305281319791,4.575211993604898,5.578689227785384,4.353345118675912,3.9727471830589454,6.745203309399741,4.730355926177334,9.671068811815761,3.2129244033779445,2.77461664995977,10.608356812596318,9.058361550979317,8.553158165674125,8.452813944433414,5.677524278845105,5.3680399157106855,7.544295263396009,6.796681748543466,6.918051838848206,5.554261821668065,6.084141054323743,6.411609450115686,6.1678215625030655,4.785575147186009,5.9869913986751015,8.643740296576711,6.56619455899511,4.345427045438971,6.189868269647872,4.928612413576676,4.8489932491311025,9.344234790333683,10.863456978116716,6.793514156767299,7.573058222872869,4.738597746619157,4.643479251010076,7.050028260690827,5.926954400965146,2.5535879873803706,7.79756631425449,4.756224344457899,7.609254695262229,3.914670492708683,4.1194982703243,7.453999504500202,8.125704210670666,5.333084130287172,7.6510162930403425,8.083650131763092,5.122685724496843,5.658737725019454,4.409048857220584,7.147026258707048,7.837975426869733,5.655869483947753,6.651720613454068,7.301586721624647,8.309891470840999,4.78568356377738,5.793316795144758
2083,7.19900606274605,5.730657661599774,8.718211380924501,13.117108491488871,9.783868819900915,8.85647279449872,8.376265487500596,7.187003308641063,5.756084095154491,7.535509421569964,5.725288565669742,6.454109848097766,8.895857774572717,8.263562385099275,9.225421919992991,8.578485190868381,7.012528691094899,7.150963326011382,6.2708103102232755,4.916796857153529,7.6358809517962625,7.584170772561002,9.95637286305428,9.269536439675308,10.65191144985812,12.603935528227263,5.389753827026912,9.152049497195653,10.91398791713374,5.789941679154124,11.907933536171916,11.751772191481933,7.566672407303538,6.380770428265848,6.075436333141159,6.674427150668848,6.790664555504921,9.531434377176423,7.494924953792778,6.488679306634833,7.314333528067386,7.714368353996955,6.807246195418493,7.538608756980726,15.66984194687435,2.5406586439215704,10.041935321262907,7.232013890785834,6.169239007575172,8.514691551242556,7.697194311129197,8.532670378684996,9.376623629672189,10.886976780210226,8.311398694770675,8.996762950079784,7.321427573476517,5.899828497639724,8.102832057007722,5.165027326984066,7.238111408693449,5.745213971819199,4.780259088320395,4.278913319962365,6.695591522779847,6.445960665813514,7.0671628222933816,9.104035571643287,11.602512541839054,8.08918353276593,5.940865733128575,5.928158282581717,6.429722660460645,7.403472597258432,6.707643352129633,5.932807164958547,6.751233336748556,7.118540628467288,11.754279739516123,6.76072085678045,8.955941363051537,7.158715410956318,7.19767470189503,6.321551142845836,15.36604278768812,4.761098584106989,5.6368006952106935,8.71996813751757,5.511032389104365,6.824710220098494,7.670068335426706,7.012394731172492,9.376787602901459,8.631451197181434,8.160872492619923,6.327063472143242,10.49671179822513,6.680548751354218,9.662536273098418,7.896669467006408,9.7848180689982,8.22039493407522,6.72954004013113,7.159964865552527,6.471481106536727,8.267844098806384,7.808787694892711,5.174204463618139,7.321562305518557,6.105915690865367,5.563230355403253,7.434925049543381,5.244046102731951,10.676707596438272,4.951178885038408,4.602326081054555,12.364918704570405,10.153486754213061,8.97895282166345,10.402779568518913,7.77046807301896,6.206540947726797,8.593739126250151,8.491580993788583,7.474655667585981,6.399162523608122,7.850841754302384,7.067924799237931,6.688025846332309,6.078803053498269,7.105728284801754,9.212420214925492,8.448885359934396,4.926742969346901,6.844637519334042,6.85035977145391,5.435405331198124,10.445450445583893,11.678124271120344,7.333897136790412,8.07917367823954,5.33588306478092,5.217602157379898,9.049305121813505,6.534567306722911,4.289367119329316,9.773121221469982,5.358549160297426,9.533266126258033,4.459121448227336,5.8791302686291065,7.984893574246342,9.984259104515822,7.251735436277728,8.170270995157109,8.532694152423316,5.6766995366130555,7.414660971079554,6.185139253096921,9.075007683038711,9.64998630625861,7.727375147518303,8.50584328153304,7.945997343744549,9.463062726386958,6.405018687035359,6.488465240597724
2084,4.815170967578891,3.3851729436644504,6.0452374572200425,8.727460657698767,5.523332692469869,4.940367932564448,4.2877524971429795,3.5762680854116167,3.345594845170022,3.887932006376127,1.9532497183818853,4.222803764470985,6.478115866971866,5.056008849186556,4.948714654493546,4.334429206592698,4.856731857998032,5.0706742727330765,3.9927323668696277,2.2490338824556364,3.5876798222107547,6.312375228745594,5.426372632703609,6.923799457720347,7.805302406847477,8.861202421358659,1.8367404590759941,6.573080453276632,8.039820311857122,3.5405150244278554,7.713214299721379,7.753856472458158,3.4632484436035176,4.112921734367097,2.4830482747405775,2.319136139324732,3.389838431562696,5.640734213590625,5.2227093561951605,4.314022713463888,3.976100250652858,3.583031166877065,4.470352622627145,4.099844469768661,11.39971442903792,-1.3995060077735362,6.889634512418085,4.843317536583967,3.8175556538360476,5.0052815530981345,3.3271363773782325,5.105002800242178,5.177002044341394,5.938739919236727,5.9524308716612175,5.829102124486653,4.693302375716827,2.3349003576806644,4.819004304919925,1.5871714871908944,3.6657658888825355,2.1564928595508825,2.3917743762688977,1.5248958366257799,3.291304712103946,4.133166120094911,4.829661868512632,4.951347233355045,8.857473752328328,4.3049675745623475,3.226050583592484,2.303290282615592,3.8793327585927084,5.2954095424285965,2.790902533701487,3.5075131574113447,4.24849455590759,4.126504117676191,9.431730061769482,4.676200164388864,5.226988112926484,3.615399812587668,4.907054217585498,2.898398718237878,11.015556481906346,2.5490556520276857,3.247294912593705,5.480658935116868,3.080102206154594,4.6222188002296845,5.6189317319083285,4.175742658493773,5.2123405880161675,6.168837273972372,4.092006768499101,2.5603302008339335,6.388945528439112,3.1363498381205974,5.537569138407708,5.011922871108566,6.714552272856234,4.089813427839961,3.1702387545789996,3.7795327559113496,3.1053974109036573,3.85396400349481,4.347378350155695,2.7449414631085736,3.8669170703206768,2.4928172488297733,2.154312737498964,4.615690325040903,2.9011781911764807,7.445670255380019,1.3456049867506528,0.9250764894698343,7.959796046572072,6.760279886637414,6.751742835342887,6.294443022672622,3.2348205907004206,3.624016550462692,5.256182092321775,5.172541525534221,4.763638978145484,3.3648664783154225,4.214622685047137,4.672486503635132,4.4453549487250195,2.945879048277027,4.222691587784459,6.622050734290058,4.3229427035365795,2.4980360022346884,4.43732425400189,2.5549384217177113,3.137348022844109,7.087504587036423,8.940255083622677,5.31230195867164,5.500823001403891,2.962137866233076,2.937086069583893,4.787484674794334,4.1303009262042405,0.6700585020439966,5.552309604574524,2.9475020574139674,5.423963074173246,2.0746308032955425,2.2692383605188566,6.003328310166087,5.838971716165544,2.9907315757125623,5.4520550896014495,5.9744731832827815,3.2397764799850344,3.836163584302576,2.626234327469554,4.929017108040196,5.467750202012913,3.300732651352881,4.366968651009458,5.1546119530286125,5.801966979141744,3.019463058880399,3.878812565930586
2085,5.936653801373073,4.574009480646675,7.3107538876789,11.418551264703277,7.9069770228649885,7.173015055911879,6.6660326972603805,5.479224510916642,4.533948562879645,5.839088254741261,3.826367107672352,5.442473048184601,7.664624013432435,6.791786506346299,7.402395786345004,6.790715834684672,6.039508852788377,6.203786680554704,5.262664884754592,3.5597310730389187,5.9767926371523314,6.855503225539408,8.127299896308354,8.067194396363837,9.37021515598255,11.132834211098299,3.7342296981385785,7.839946088567376,9.654770983649152,4.799302252328821,10.401400557273464,9.987538972071238,5.853412196678776,5.371803505399398,4.250343530292487,4.876479566735878,5.20307815396892,8.002548910996747,6.360677663769042,5.5340801469449525,5.716402921093898,5.950900603325242,5.741789944951391,5.938165012214868,13.845909186771937,0.7411740366768634,8.696930408158472,6.118060237595014,5.098687256021161,6.665448935968532,5.852249340074407,6.718717358154912,7.561277986211439,9.132373730625432,7.093682028246775,7.38677032036441,5.982979425787927,4.1128693613356795,6.547651971131562,3.5153326037206822,5.601066182766642,4.0757021535187965,3.5914565514240944,2.891377307474614,4.9844610184830245,5.438659367563999,6.046842772194315,7.316461987687005,10.280679187391485,6.461599073878358,4.773107602420664,4.21918777057103,5.215949971548146,6.422419198176693,5.009098214123929,4.7019336664250915,5.5478553511202335,5.545506238085886,10.49183148784297,5.842745639543445,7.354658493825366,5.49303893319198,6.0468352990491105,4.735994158259463,13.519703541483201,3.833807147666811,4.569047103396483,7.232491192860264,4.420104534285412,5.811593065623728,6.712566090162313,5.516472915533396,7.681850763942516,7.373191780490538,6.473095989227299,4.592845562526155,8.7075752374317,5.015738011045112,7.859390051689535,6.394325769373348,8.361255667145763,6.480739655877861,5.055447247198652,5.578642887728557,4.952566643697878,6.365560469829614,6.012293796879907,4.096702786801115,5.709995538102729,4.3924568451541885,3.845279663152595,5.965053794692673,4.060760090180806,9.27280917380537,3.261109609662424,2.750769646146467,10.769278310026435,8.683134500469484,7.832623739753452,8.5965916977397,5.837283358403616,5.026554201649769,7.088822172156402,6.762848256475159,6.062650437865938,4.90476609348719,6.156972577103547,5.851933534762691,5.694019398359314,4.5782215876238705,5.780052860886123,7.846827101707455,6.709507145626202,3.7204967247588288,5.5932821243469215,5.069719320535662,4.417589941407956,8.98134643733502,10.525181593000893,6.426038821680203,6.744304136293277,4.290446041205102,4.235219380685261,7.233066087003269,5.302795339269297,2.5659766123231,7.926617144473965,4.145031953922337,7.811041503825358,3.265071878668719,4.100957613864115,7.078750636854341,8.26302111553294,5.475584964241297,6.77664401148046,7.234810689198121,4.612025906784194,5.716195837567964,4.511759197605506,7.3104922916207995,7.970861714013985,5.8423476432051,6.774520833577432,6.4792275037084295,7.89902341344527,4.809282796297758,5.093817282973656
2086,7.33268931114248,6.004274121543025,8.844537866541318,11.633523411835947,8.258723465725788,8.261121246218684,7.029555957874149,5.990260236603872,5.999951964191027,6.33235891408154,4.035837399533817,6.606279142041292,9.046631004445125,7.278269818638051,7.778604705472081,7.13289703982217,7.24299743710352,7.300697513536683,6.493395113093513,4.697329979496343,6.378604784182137,8.641194378903938,8.445320364407133,9.394167265189544,10.369663592534408,11.361609408365833,4.270447239000353,9.249192769612584,10.452873669138976,5.963840788123865,10.632601165771483,10.348036019929822,6.236772119147439,6.615870157842127,4.491421122636111,5.2683538435825294,5.773216943083595,8.28372915429728,7.630011931913243,6.71639017994915,6.85244739731508,6.327361581580981,7.001601934911949,6.440991133557899,14.284055192129957,1.415735288815839,9.618115256301001,7.327005953554594,6.32073959078906,6.78383698644383,6.17692601127284,6.939896953957425,7.906062153034976,9.31110989068236,8.477476517643245,7.756294978729315,7.441523548082581,4.327859074515954,7.859698698776111,4.039706308181799,6.513202860419242,4.579468643053303,5.03739393294922,4.035078496645606,5.186499541039976,6.696729770728523,7.278362755583869,7.687120048595323,11.35037601505007,6.909479877246276,5.6489872167153035,4.7250408623899744,6.624436067683354,7.53344895115921,5.659626937870466,6.14497997164726,6.954143736511474,7.216232003484456,10.974837491342,6.952319517530436,8.403720172388214,5.964959983421224,7.3506679895733065,5.2570888095668415,13.984314182826454,5.029581984451839,5.836346888329303,7.71296027419823,5.703054697598727,6.959025958180431,7.786548649200376,7.105924958309957,7.987475567417489,8.810233319444317,6.867067443898743,5.071818803463661,9.07594397632139,5.529800755557206,8.20610632553164,8.020062487399475,9.535981272586755,6.8848530654396365,5.563738853377958,6.60926729887724,5.523847221689564,6.7004711696079795,6.200635905936365,5.38958619002785,6.179952628697669,4.972648680742299,4.148851304714171,7.504479113114735,5.544443392327854,10.224362574517729,3.8220760663705207,3.1607376709580453,10.974044291036464,9.625894400477412,9.14014701970986,8.934697682942662,6.233700765243597,6.094695429078171,8.196500350109169,6.914541375424177,7.6112158145223345,6.229432565612453,6.652666056768171,7.245355170433012,6.910050916369074,5.274611003909793,6.646377096005847,9.30368184064116,7.083620734299936,5.14920148413096,7.024409615142005,5.461638132482765,5.645302205000605,9.89537038856319,11.37381096311978,7.5319752535117575,8.23659990044045,5.560758469785967,5.436172942717427,7.581303333384655,6.779261124692858,3.161193344662231,8.301538872235273,5.603271293214386,8.145514864580974,4.726793693963969,4.49499912432262,8.185427976931841,8.563460003052443,5.86599294138806,8.339369089103172,8.691412271772112,5.956922402977948,6.234316571376156,5.002881225517818,7.66413671353034,8.291693949805838,6.196564844782861,7.140094460866286,8.044509703559536,8.936310556025381,5.398485323893173,6.600942075784717
2087,4.680136698910166,3.3149811700518628,6.539116473602399,9.868302978096272,6.403290724541462,6.017685583659582,5.1896323610629365,3.8100102450166404,3.1961024444018076,4.206138632978711,1.3316182796444196,4.319375531588286,6.941889855105962,5.138895951424327,5.861348562368328,5.257116213866642,4.978177143633365,5.157618838468831,4.137156787088939,2.0256149794374188,4.487247437025819,5.898324433128747,6.513580207739559,7.3611773133277945,8.549903421742576,9.396021986539875,2.1363155160631466,7.055644477557923,8.832942292945729,3.6742027149668752,8.864495450258259,8.510280883525098,4.281337644266233,4.260335159088885,1.8816392896963001,3.2752959057688735,3.625657784300192,6.282607471650204,5.182144470699133,4.443914445290074,4.6332295473132845,4.4169490026576215,4.642476739947282,4.346618192323613,12.73079567636762,-1.0235236805996706,7.7679049502526025,5.033461835022488,3.9316318501319203,4.325574572810108,4.286962234548158,4.411416154248375,6.066520084440707,7.359831494731564,6.380050100599018,5.608800390362741,5.135467610614638,1.7686377782374576,5.567657800018786,1.8955905139446283,4.3801974032606426,2.4304464697837838,2.2891072090183,1.3239171154797076,2.744250846760616,4.308104538811104,4.958348678052425,5.844542934639115,9.564374199935369,4.985620440116948,3.455865138875588,2.5730915486812598,4.104492864598118,5.365627554484778,3.602995310510908,3.3762889668212424,4.575272268482619,4.665844633323809,8.817458301889044,4.781998152179379,6.256572646328384,3.8618368574551174,4.842452814110684,3.1824095002242547,12.369348806994303,2.7044769572892373,3.370487712217227,5.545024396266256,3.208022820949552,4.70749522490161,5.686798230239323,4.674220766978604,6.010663313312189,6.641826625061888,5.0036070444754195,2.911519183431355,7.22456429015313,3.396119135618209,6.402100284823348,5.5302763981478575,7.454564619809391,4.98885913704123,3.4300585491316693,4.449498495033808,3.3902763221945103,4.793877513919558,3.689977845123837,2.8815306648612014,4.119554137757846,2.7656967835766926,1.6527877667120545,5.130031109069075,2.7871103320802972,8.353643940389157,1.6550674220719623,0.5804393596947185,9.165516626089806,7.701522282510993,7.152577105270966,7.1244233423045715,4.204273144049302,3.7812712660857626,6.0593656001346465,4.5467740599598185,5.260835052920239,3.9298044443130493,4.5169042802282755,4.5707782051392964,4.596201730200218,2.8363406292029807,4.412924580276015,7.067711104559047,5.241060846618243,2.406513789083279,4.2860951250152945,3.507178875484636,3.26421768899475,8.003466008177826,9.762464839007176,5.408540736777438,5.9895576341609855,3.093561526281495,3.0880828284791533,5.70695647779586,3.9628297020282033,0.8503596333520759,6.43559116032016,2.810048609971999,6.321382128127984,1.9820876941084862,2.0403270403189304,6.103633669817023,6.78195639444249,3.9207210325769015,5.976566075427193,6.458292598676474,3.413766012021475,4.065518300661019,2.905204193932671,5.838305148482323,6.448482743065272,4.240992046254021,5.271425594602315,5.646353738435683,6.809444803850991,3.316779921736036,3.776798540713001
2088,8.068304509775977,6.768617429690703,9.126285887828898,12.569364069827966,9.248991319217856,9.20517306008509,8.000822743347712,7.148245992617948,6.791584747178216,7.408832128771714,5.199701155881793,7.4393333947019915,9.30549841097423,8.180799749919345,8.788052103774891,8.173401243346081,7.97117581899677,8.068626980723016,7.341140383481984,5.594287048014147,7.301770901467119,9.141709334935461,9.451487387503894,9.665264475771362,11.0041983046702,12.08914165337171,5.371693993253365,9.567452679680926,11.165172049083884,6.814972618647984,11.52573009303638,11.315844843749492,7.225255703500339,7.41633229547047,5.586999948535643,6.263277967912809,6.888125027929038,9.136273286598065,8.387727802140374,7.525259500103339,7.350875362540994,7.348182464923178,7.809384386880057,7.53731342830828,14.994245079585488,2.5528900031532573,10.378836113626935,8.114545230354581,7.185753765116849,7.922022799083165,7.252812763835702,7.964488708972928,8.889239735688486,10.451240594365771,8.700521773778433,8.734408573486977,7.8362553562436785,5.454628142288751,8.421090166483605,5.124008931113143,7.137546427547928,5.718808885983056,5.855075977636238,4.939941912463737,6.305983195986064,7.504986439033283,8.010096072724886,8.63371944470065,11.923525156293596,7.849171671590638,6.635938447288104,5.884552664176693,7.3274043987771265,8.278179190627165,6.464367433530944,6.919784939714841,7.4997854472271035,7.424874414716448,11.47554939048631,7.749232934871439,9.29786033566509,7.069693077994246,8.115933390387466,6.33205937849624,14.715378890718732,5.867768016031812,6.718105340110404,8.669236074175153,6.607161569967866,7.75626956926925,8.513494309782981,7.315572680958678,8.930101603908199,9.065239679281207,7.795333652836938,6.217085637897253,10.04727063200304,6.663574562753948,9.153142431804113,8.278417904036388,10.154937137703278,7.820379459645072,6.712046484862057,7.229037570953367,6.654162519957343,7.756541102911748,7.270819236976761,6.293007371255327,7.279054774982584,6.100524197838134,5.255792776175911,7.737425093006881,6.327428071413724,10.964035638634645,4.921505473979884,4.220749793926783,11.919834032654757,10.47624089206968,9.356324508360451,9.916903542620796,7.3022506578692425,7.0166093546897175,8.79879754622068,8.002077351084777,7.90321959597724,6.633145978833949,7.776659012692312,8.028810663734168,7.721304730219501,6.314127337430335,7.640351894710747,9.583044719749262,8.031543919763392,5.96597801204771,7.793260978588039,6.443595288055287,6.495080485860154,10.74377909015332,12.053150279181345,8.250913973112723,8.508294211966652,6.44017331683343,6.298041578275817,8.612689476566658,7.531234293324607,4.219328104172436,9.260956954743179,6.4138730561693365,9.170357095596513,5.539295663152423,5.579786524815216,8.839850290159562,9.5260977860008,6.838927348064526,8.581422966292928,8.980661144639763,6.809893763491083,7.38892134683473,6.112646312798774,8.634476175478529,9.198923408240079,7.261363717487878,8.066311928204131,8.27768998316356,9.841906557125709,6.425603408047134,7.413184574672154
2089,5.331255213064806,4.1399748559509,7.952689680084588,10.852872843960569,7.548059634225709,7.508482633331523,6.418420335597225,4.595289514745982,3.931619260353703,4.970443849904198,1.400903205147814,5.556114736625125,8.238365772792278,5.760784538515977,7.155640386683599,6.499072098412682,6.125140307417937,6.31899944426758,5.374979556032591,2.5513594241546707,5.797348795112752,7.094943183021885,7.75598641772356,8.62270252449172,9.805873098117964,10.068105432497607,2.8890841618512892,8.42932529641049,9.98638857943671,4.91287313188826,9.97146361342498,9.71558097239052,5.55577207127852,5.473523762822151,1.934310790577107,4.654067215749196,4.454275823490961,7.201613625764315,6.148668143791814,5.645930744281839,6.005590455872674,5.574510888329576,5.899867931008337,5.129985419128623,13.884937201227466,-0.11684499265892231,9.097258051085692,6.227137601801326,5.224094429771816,4.445581719427303,5.560947972110344,4.545650531351569,7.227089881205134,8.631490777565968,7.702570068623339,6.018644108091082,6.501132143395288,1.8086995204112384,7.004754441763673,2.6757683226040436,5.761785001903108,3.26964695794242,3.007957831716965,1.852969465617621,2.8256560019084387,5.5276376145226624,6.126952398461957,7.0430734393852115,10.753063710725726,6.069779124855993,4.495387930955207,3.310755305843692,5.42612583594663,6.526014512431408,4.989313562427248,4.076850626724108,5.903007787040305,6.144792626798158,8.771791204810146,5.95725736921387,7.692068921242448,4.610370274100982,5.7659084739429645,3.9352143419640395,13.623873305320739,3.9365580265011113,4.7116720122950415,6.235360109167444,4.5619058106626795,5.926887896231245,6.8119985762451405,6.120670752333743,7.11087224164179,7.988554053168215,6.263732663089677,3.840574800968172,8.430243137585263,4.166485244887215,7.541542124748235,7.003085907867977,8.834368320873809,6.292301654762454,4.198943995577948,5.841577985457012,4.204500587071693,6.03842929133347,3.8116581252643047,4.2481385876158555,4.858536695156783,3.534807010846478,1.720820948694433,6.535523403382731,3.484416737513885,9.563205838043771,2.4062089281422785,0.8615140715880053,10.261186719792226,9.03410631013768,8.420202161584585,8.268027130833694,5.582844497476303,4.941248297691343,7.407358096220662,4.673888930678368,6.695010205677574,5.380925044843127,5.364359030260573,5.412236646243506,5.782183984560624,3.382386674199786,5.416844161919187,8.427985854420278,6.484203016757962,3.1217933125793924,4.988335512365615,4.86232449582645,4.569782520192011,9.325086137855294,10.898975640961105,6.528914101102523,7.36799351078059,4.448921912057058,4.374909543565338,6.916956045372147,4.674496049540383,1.5429403598819453,7.583769393392972,3.5462422238928917,7.514156564218656,2.6951597914099708,2.4108648329973223,7.147956525215083,7.926534106050219,5.2768846294709615,7.391158526856453,7.872849741258794,4.729848242657525,4.854098539799452,3.632468471197146,7.026034369851862,7.653618069312402,5.549412241152355,6.533626352676322,7.069937322820936,8.278095535721102,4.083786807315691,4.4010074841124665
2090,7.070547623586444,5.59891205461962,8.068200006655283,11.937163393039784,8.10873923301697,8.062497138710956,6.826762650800603,5.585404298667397,5.6384567287351395,5.9149136651839544,3.598522533263478,6.226176657467816,8.34464569155659,6.895478935433285,7.6232544017689605,6.946913426422653,6.825083395160199,6.968533275169987,6.085046584904194,4.298008978686165,6.135816017644747,8.188810096893993,8.424021087799757,8.735232259333136,10.12593702333314,11.261229016951155,3.8906538632299226,8.541799640868392,10.37974663632257,5.576405956489703,10.871038452216558,10.281637305447033,5.9765755733209,6.186381474005925,4.072083797199384,5.024783157450814,5.380381651222707,8.112124103520598,7.33875780914511,6.32632046448333,6.211132419535092,6.100301435164044,6.549970154677119,6.0444974492171,14.901681538990566,0.9031127369829574,9.496508680709777,6.898081501573325,5.909512079613549,6.398161444067955,5.998289887713533,6.506605792897091,7.709064741219795,9.627358568566194,7.78610812840717,7.395115202718549,6.747510655862944,3.9325506895780564,7.320083012751169,3.5998649465186268,5.97897271173341,4.137123549589886,4.658871235964555,3.673277159886702,4.8016492054930735,6.235406241885253,6.870665323095665,7.467639678503784,11.156549079077585,6.59742500223219,5.277529597867814,4.371972766518591,6.081156641032014,7.2217873205031635,5.2657865036278935,5.799030127057008,6.3392496338912405,6.291248426559784,10.76847342763628,6.612723967326537,8.224889635613986,5.54800280976508,7.049135969366346,4.877102097576218,14.583912140982495,4.619850586062031,5.416918490374727,7.331879636059913,5.267664180270265,6.623834443943845,7.489876025382961,6.244122462613241,7.832190100529362,8.078546632866242,6.63546081863876,4.666800653295854,8.964976567242829,5.141294915122648,8.005498360842466,7.146430861949923,9.14425047433802,6.652426528292049,5.1809969447553135,6.0981748590511975,5.152977362275123,6.521158268315989,5.787016589194537,4.9347596422103885,5.797262101514003,4.599794306339963,3.790188020866897,6.661862403580119,5.142038157462541,10.091823259741068,3.429203639285905,2.7243473866156185,11.222865597265104,9.50543607454747,8.491265068735395,8.827333907995905,6.045358344699658,5.688806839147581,7.79231147619763,6.541475703460828,6.813236578873226,5.532241416616101,6.254943701997402,6.921444356015752,6.495304334163667,4.88344914593867,6.248415339738132,8.54620290286839,6.873872299439141,4.7746411327804825,6.721754160017842,5.229049320518974,5.223612405918537,9.783007036362372,11.304880142211916,7.18948702599321,7.487071862391063,5.124208031594751,5.015784115876472,7.403118988658701,6.406266553061349,2.723920890263147,8.113201012355944,5.238843477198056,8.002840832035455,4.34410851914436,4.084275349868197,7.833018943135226,8.497908862786636,5.621619209434307,7.512745768896181,7.9320770731994115,5.451757460549875,5.822382785167014,4.615657629498411,7.461785623856952,8.238256621680089,5.986778158694502,6.943709441167972,7.200543363605222,8.76639906572444,5.009256049990657,6.326197423253739
2091,6.695719143535405,5.384512353582042,8.864124393888883,12.22314469345979,9.069043468577522,8.69750329712406,7.801078930497168,6.7078704723822264,5.267612216089457,6.977137225018154,4.381169517976899,6.4908519911978955,9.03161749488541,7.78261625766754,8.627628718742306,7.96852707202945,7.038358464624201,7.221862350510701,6.326070837782966,4.283588686159679,7.150375367701052,7.9392341482852204,9.14355167746544,9.404755062876006,10.672340937597415,11.908349992175188,4.957103492479236,9.255721900718555,10.853784573078155,5.823555667804825,11.116067235225014,11.274292017652522,7.079738472827844,6.4061892553099575,4.811878828704357,6.142200650913374,6.375855870864222,8.906484601327351,7.309771010918279,6.562455158467805,7.111698441979078,7.110162285821779,6.879944020083975,7.106537785913267,14.761656829289027,2.0309566915035258,10.00524702838489,7.2543505666245265,6.182075683559689,7.177026417851452,7.027282825112346,7.248029325689591,8.690220536238384,9.876874706075926,8.48506921061448,8.235800634537426,7.422662430575919,4.686458260672432,8.019270946298327,4.6913098284176415,6.919058900432927,5.258613228691472,4.303542851330711,3.5957411689650542,5.5292616231633085,6.475604014843704,7.057494628003667,8.44647049265248,11.597504482950482,7.557838095724582,5.813497606239148,5.453448184260296,6.390433351908413,7.46514418103865,6.3064376000847115,5.418548083518233,6.802217801553864,7.1005438506603245,11.123116752079556,6.858241340039034,8.802976146659677,6.634127128337112,6.967460638337899,5.913207128643989,14.485133525303434,4.829973092675204,5.680425530778509,8.263596307805608,5.529125226262424,6.885729234133448,7.723477674807821,7.045831505954263,8.730677283322859,8.804830346150059,7.613408681324552,5.7904185528999985,9.952975397876335,6.235772770802892,8.96283564631428,7.934732132298612,9.771159243743332,7.656685472386226,6.266045074856707,7.000001098694548,6.083784415253566,7.553243686045924,6.5390362415994945,5.199283719754642,6.852190091460948,5.6406373763723,4.457294212388141,7.4374193500195265,4.804514307688393,10.574700233766015,4.493263943174056,3.5806086962377397,11.503480326703615,10.059450873839003,9.166602170893125,9.798576173572142,7.112035258859396,6.116606346730676,8.410958987181736,7.2785848377006435,7.616530257889206,6.396782079126151,7.3637904184338225,6.70651201031038,6.733187360422954,5.413877331997667,6.916987244485479,9.308495130496366,7.856511625221799,4.403741033641354,6.351583216765097,6.296693534137947,5.486439112254552,10.346881253378733,11.731655311584472,7.410515645625339,8.235673705807754,5.396013284793924,5.256229488551617,8.412618085316252,6.043540844747,3.7300218371408294,9.063747492006852,4.86909831485578,8.993136561661961,3.993050053316567,4.940890390585572,8.04169537467616,9.283544824272397,6.697294643095563,8.282534554813592,8.678446787595746,5.6794913032225205,6.93848844873054,5.702971527406149,8.432970011234284,8.953228834697182,7.04874029436282,7.884939871409113,7.985878700443678,9.376546936162883,6.03222951673504,5.882200330921584
2092,9.28985468809094,8.037213028860943,10.642391915193626,14.549731969833386,10.969697926299911,10.586173499136102,9.516745308893068,8.726590184228762,8.022251160655703,9.087667174424444,7.760022408621649,8.714963121073586,10.686704956527267,9.856080635956358,10.4460191779903,9.755876399576664,9.240446943896156,9.228387387948377,8.705835250871521,7.119219662036214,8.800042983038082,10.18510580914361,11.338160047360828,10.98659353937422,12.163538679054806,13.789425410543172,6.93252497782399,10.97043674377991,12.186583428723473,8.133611888332027,13.375117564839977,12.789152575390682,8.7581694654056,8.786398790430807,8.002193413302303,7.8654944900955455,8.427786667006359,10.76514870950154,9.54935358230557,8.824757627929964,8.944078354537487,8.946861944028312,9.171211005960192,9.080547706037759,16.644043554578513,4.248918964288062,11.471010231120246,9.483569114123071,8.536560491578923,10.289691726011892,8.921779187130078,10.278576426846643,10.594880030862992,12.691754521003793,9.986978220620326,10.49553329284702,9.357373486512476,7.871852712241728,9.905282828637535,6.736923780185837,8.72096610452448,7.3237984176193,7.092927602465663,6.469709169013163,8.652650785871916,8.943070907318699,9.312854324281219,10.268033566219467,13.030329857553754,9.364129212711541,8.071578066689625,7.49650132358074,8.81883852151888,9.408913690304118,8.003120383620262,8.189477007729666,8.983061471940685,9.14135317206383,13.285417468207218,8.956107592156952,10.623590026582987,8.703909514631542,9.282784175234179,7.847062096425465,16.389791767937798,7.1388569934027535,8.054731196484399,10.26358633807727,8.00019289169993,8.945072368638856,9.625682820379732,8.911356013587543,10.610400465556554,10.438711169574946,9.328533786535264,7.837232942613108,11.640106149390343,8.229145354884007,10.798039645595209,9.910892527444025,11.466849800518585,9.37037694794791,8.298046476500375,8.808541179800935,8.213881599903107,9.545833420753478,9.590978778845502,7.684232418026243,8.88415274322033,7.675025132617781,7.504389749041626,9.358985970701497,7.551155114706075,12.142682233878539,6.492421064206534,6.343612342262973,13.861829692125319,11.682158163402764,10.55176421233586,11.568215769529342,9.103350141857348,8.416028699172397,10.28997510751443,10.248177971797332,9.410352549435837,8.154293606962478,9.342954697459936,9.265419768648494,9.089442547730037,8.112878032241547,9.07927776968905,11.000896859594754,9.592891837443625,7.249408669769762,9.014684954285626,8.042343323784218,7.802998932876757,11.921596594154835,13.033920281273982,9.392418923228982,9.955518666335514,7.759766111629355,7.631663866553989,10.255202831540785,8.783486872059958,5.866352298217162,10.980326753429008,7.651678067871501,10.68163007412638,6.756094764385905,7.617831859418324,9.99066802965743,11.196862709309377,8.41931366516011,10.158827116233965,10.407729256365982,8.31319641002587,8.97122645101377,7.745660514278072,10.253250104188917,10.90719030499458,8.979414404888766,9.670513268879482,9.86721004939505,11.127372876874038,7.90338238009385,8.81993973936353
2093,7.378810095999927,6.046323329210282,8.805739194207959,11.139177450324805,8.091883260330983,8.32971147160445,6.8350434160658295,5.637033568109781,5.974585892898694,6.052655918257578,4.062818577459879,6.806417458398005,9.042812981456516,6.777541412838868,7.573857013029716,6.958672498751966,7.4139261467116215,7.487308873236179,6.716492753369469,4.779740007008826,6.074474640403478,8.501540090842171,8.059647604823114,9.401498832447192,10.45872953246747,10.671470853260587,3.8866938656994274,9.21776751301119,10.566656458484276,6.177015596894287,10.075384124105662,10.0709772819213,5.884548424610069,6.817372269928449,4.438606030174659,4.914660803335055,5.516102616834855,7.708035357668997,7.729996074762727,6.932239648274016,6.656690627762252,6.117810199516158,7.192851410593302,6.155455405797275,14.334108291353502,0.8293100089233897,9.67694100945124,7.489201486110689,6.518547590289799,6.911257689392996,6.016085441836287,6.94268901572962,7.757366311550141,8.714472453083312,8.419360661493348,7.644399249127933,7.483338253838677,4.341926513399392,7.837145474819207,3.6695892578789233,6.2667068068470275,4.2557927861809715,5.058216775740897,4.038296162230629,5.263727812894755,6.941158001124857,7.463719674519133,7.500302248980316,11.455087693674226,6.648785116842814,5.771275777795484,4.384019322427256,6.713974724390679,7.688648557662967,5.336606802791359,6.148792443105154,7.034627601078584,7.0787025809820205,10.137839421204157,7.170696851185389,8.473308378032272,5.703577161686758,7.426368750631813,4.920976425494469,13.992434729848592,5.279695703621421,6.020893227202549,7.226315726605912,5.902645451389253,7.117362098555483,7.950609102632318,6.939002411067485,7.588475678222522,8.77606237456203,6.640764562359879,4.763032575058086,8.878223680385524,5.1950910410710724,8.036503020780424,7.919151017495561,9.56632204907281,6.6281591000301505,5.234254799783227,6.473454584819929,5.362249767354557,6.5202839651278115,6.228659926142016,5.58644559138587,5.947858632631997,4.576506189363344,4.149252271120034,7.410137881551473,5.5714481347373574,10.292672526091335,3.395425975535598,2.870790142140215,10.395067041686598,9.731716974398918,9.088630228596074,8.767270085960632,6.036568238266876,6.179308242457255,8.129402162666835,7.022532503945485,7.547167350564684,6.072568651235533,6.322447004914288,7.2887981627668665,7.137047710589005,5.309628522183214,6.612896289995741,9.22182449443,6.865906443766186,5.187781987445696,7.0324053077825495,5.148387381008695,5.840043853861947,10.001073757452627,11.504231559378761,7.726587819627351,8.208463677763941,5.738264761439394,5.669128642976283,7.425823255415477,6.7403769714491695,2.6995390315140995,8.142201570527902,5.58816824981145,8.024377799034118,4.7577962155853,4.261282554694584,8.36605114484472,8.299181946686337,5.548316982847504,8.29052883386612,8.645180816629107,6.151531373177257,5.912573032932624,4.698273632926848,7.518127420491408,7.873516322885239,5.97327182080064,6.818529614187511,7.945786152567184,9.004021181379048,5.032987628398197,6.706562965256827
2094,5.840997471181411,4.312895860203673,7.205220422574453,11.054699366007535,7.5978588162788325,6.387043390316622,6.289466281022347,4.818799576322953,4.312368081510068,5.209447053926331,2.9606841483153397,5.092447271517344,7.524753812381201,6.285036701283283,7.080221228301529,6.4075068870293235,5.730364203665937,5.902539239078763,4.920775950673437,3.2137578234076516,5.577448448113034,6.978567960539034,7.684619489525044,7.931804737448692,8.900678363655295,10.787875002196857,3.123371753628765,7.658398467861116,9.111842346191409,4.434132727874179,9.884469810553963,9.800470413773187,5.404308678848405,5.028525206020898,3.4565713822841677,4.464761284632342,4.5951666231666275,7.548642898457394,6.175633266993931,5.19690875442965,5.459282328827039,5.5292705068630825,5.422551821385112,5.29766991010734,13.16492329324995,0.045861511810550176,8.06322879780616,5.820598852636925,4.727345928975511,5.903935782930683,5.444877122023277,5.98817116700645,7.203710193649333,8.50006805402892,6.973061326997615,6.805530592373444,5.831119133744924,3.3208120167255375,6.090551946844374,2.863471265669378,5.283174169702193,3.4100178591907024,3.3514952519110253,2.561858041722111,4.219768652739004,5.06373546690281,5.73860019456063,6.951238667326318,9.855042655978885,5.981890439880753,4.239163055856309,3.6153225561071753,4.9122285437371085,6.1541266119905895,4.641440012944595,4.489078210932866,5.291665671978677,5.350301372259854,10.36669278698308,5.521967710554599,6.607738969049287,4.84388129711151,5.86292688947703,4.122050864568777,12.769610038825444,3.4353134954614295,4.18190956067826,6.695718700758048,4.022074527187005,5.509422953054309,6.452408209443096,5.359238130195132,7.280277201959068,7.248881258017256,6.0868549904653015,3.941407531286992,8.475039095538003,4.384208870546093,7.5187029277639725,6.211738627137883,7.9026977031358685,6.109541159016747,4.424189050335968,5.335489806639297,4.294176403645956,5.98069934759821,5.246607885562951,3.6799318818109374,5.0762347440634485,3.7900811778647565,3.145905646681785,5.77733389697969,3.8389474786818036,8.696765269685,2.6545310971992384,2.0383871930385276,10.276989885526048,8.016654154977628,7.710893177134645,8.344716370531492,5.461299585451238,4.61571425055819,6.637950881889892,6.031267170149035,5.9336248745875695,4.6978377917581895,5.529934060087959,5.658636138375318,5.362894178288327,3.9651321113109574,5.29297024692808,7.714037834759805,6.331507135289057,3.4660701815837194,5.439347891775625,4.673774878893582,4.032905913463661,8.336397923316275,9.996949541036571,6.138964258134369,6.637913124901905,3.88636312287833,3.8272479952446044,6.870421285065824,5.086482177142588,1.9461932278105216,7.609086734109696,3.908625763867585,7.479802080456701,3.0523982974035406,3.3773521021008492,6.818562326048104,7.898582748004367,5.066218573919367,6.621655396052772,7.064420879040184,4.200946631069698,5.083707050979138,3.8971891989399254,6.938987001457385,7.548245740362576,5.4147729150950905,6.37683930033818,6.30762360223702,7.153813695907592,4.253608026036193,4.977301542939884
2095,6.838553045051443,5.568770120080032,8.768059113185984,12.587763203919994,8.899321550290503,9.266425941033019,7.6900421837610855,5.777907130122185,5.476799491473608,6.12649624549917,3.0930423044732644,6.523510138264725,8.974912808409755,7.01346399480743,8.490592846194554,7.845471179591766,7.101755488557475,7.22499741498115,6.3942485104714155,4.053055287258965,7.042012408242696,8.198604085881799,9.243919003116236,9.336774428614545,10.994382465737203,11.72681420275143,3.9917862066200835,9.212073245511526,11.250549414966795,5.860789220780132,11.51092284662383,11.001746977652822,6.836278725734777,6.482469725183075,3.5661733478307744,5.964816473850186,5.562507600017964,8.674084638697757,7.362461895389217,6.61905773431063,6.972513539450513,6.857647310835974,6.932646176431858,6.233926368824078,15.384006132398326,0.9917810987148978,10.45206748993535,7.2625698681122515,6.221266913839755,6.0667537261332765,6.922658206309587,6.17351273169209,8.591542373916933,10.464814651225302,8.373981981777716,7.305683331989816,7.365424794171537,3.4291020132601244,8.238172050565478,3.7254329960261106,6.78136597190585,4.324630303468022,4.522510004043584,3.3943558642906813,4.347794950327705,6.570980157969251,7.124430418653148,8.333857221049923,11.970511887754714,7.221086514315434,5.508054903575353,4.4785677003009,6.456608072774754,7.449995533988944,6.12311330778258,5.641677763632368,6.816422470978329,7.032174949135101,10.430831637339939,6.890633648101772,9.37245181764343,5.70166346454727,7.034644448544296,5.014724573918754,15.069716194697792,4.8855343431267615,5.720592218823729,7.470992305974613,5.580604370151249,6.873387968327321,7.704148464969229,6.915969639058624,8.583287150519237,8.715804150913446,7.520729141096979,4.968344936413426,9.756955306870601,5.313845141019143,8.84162614090102,7.870177797760277,10.02567146931376,7.538536283639925,5.342336923309737,6.878650727016588,5.280663427497661,7.436819903765407,5.411132948313439,5.255807457358709,5.949791656647411,4.682210937355247,3.290782981046607,7.356675217779619,5.013401745752032,11.065548529263054,3.5083977716309716,2.402722680542085,11.90139243262154,10.552779166613304,9.045302725540909,9.6213546872139,6.99815788476595,5.961389383567231,8.649462988067954,6.197740186644453,7.52233160212636,6.266851484775541,6.555645678668016,6.842783859142635,6.811618214606173,4.733054561859793,6.516023362481169,9.206474908467914,7.732112547116615,4.650551174581048,6.519275908491444,6.140775487252642,5.518353412193913,10.814575848834853,12.182280955995829,7.4402197534750645,8.144472176688057,5.42997568334852,5.309583724822318,8.30064641833306,6.265815324096807,2.7185203277638985,8.948544421579157,5.087056401811012,8.887105848746641,4.187487307190897,3.815486280832974,8.069428983623432,9.31290223619768,6.533362664069449,8.224799487739807,8.610281545881714,5.797478064149617,6.02988136751311,4.740946013161113,8.340150182907065,9.016998532308,6.919016506842205,7.7975141904050735,7.901044571506124,9.895774025576458,5.132473507523538,6.100808350715258
2096,4.838624914841992,3.390980548518047,6.120461358768604,9.49159789817142,5.959892929451806,5.402401348948481,4.756534516066311,3.546569846357614,3.3491349245820725,3.915281035218922,1.2086711701537862,4.2289405797209065,6.568515138115203,4.83849677714918,5.414562383028015,4.820194130710195,4.888293246286257,5.068326799930737,4.055301275849343,2.0856506383844775,4.061821775670563,5.986962971197707,6.0883340146392575,6.9869728132018025,8.055864621193281,8.907272742582217,1.8192742359425356,6.6741678248026535,8.306794631694045,3.5912982421261925,8.508167040188399,8.082241420447824,3.87878204070564,4.165963667631147,1.7427582449146661,2.8383770502039343,3.3875762271029606,5.800231033563615,5.225433471825506,4.35848379614098,4.237630561526335,3.991161296516655,4.506714357169616,4.082967342223437,11.955100948469983,-1.3352042083229343,7.228227265392031,4.883223107031415,3.831174772232771,4.231654549649516,3.8409313014575437,4.321792543413383,5.65254677257368,6.952289916362084,6.006394605551449,5.425050210380658,4.791253932884763,1.622845605993641,5.100087400951554,1.6128966618861487,3.9959796633039217,2.1695674480870384,2.417326265147753,1.3711440679218108,2.6094817363790117,4.208678007764473,4.882246167744907,5.433553575983806,9.012212006747722,4.6207672887614795,3.27383535206318,2.2595944793229665,3.9686005711555463,5.28555158722614,3.197286156245644,3.528529669131552,4.3418297673974715,4.280492870296752,8.358374501285807,4.691480795506919,5.673198479413986,3.591676238604954,4.909874788352423,2.8893659549100055,11.55473077808108,2.5910559161433167,3.2742624159370144,5.255171986962004,3.1094866173607945,4.611788381902235,5.609698895737528,4.272940060709202,5.52184118798801,6.250823049885888,4.570013367012143,2.6152018291609616,6.788566363709315,3.113998558265825,6.011369832498687,5.155935673202784,6.965229015478068,4.5699727773666385,3.1471906785454076,4.020102721878462,3.1163121019090942,4.364316285933769,3.5893096896154564,2.7804987358195454,3.8511893251112546,2.449362361218247,1.4996696430125418,4.753437619975635,2.9179299341780784,7.818051818332502,1.3258734663682332,0.3647152263671177,8.796523794106074,7.126281411413635,6.7788840678919655,6.691733351562706,3.747954941647395,3.6765823583517756,5.607660247438719,4.452363959806304,4.841273270334516,3.5183704860508436,4.244235116881986,4.673371824249628,4.509756061088827,2.706600269249508,4.247499265841076,6.690110473600883,4.809659006020854,2.53864752139364,4.449561703364766,3.0597083300352104,3.163224501694955,7.439339455962181,9.241045351539343,5.328639155998826,5.596644787543588,2.9912329397031234,2.9923887569989494,5.26580495381994,4.115268925577404,0.5518521342958699,6.013193730371342,2.953173632919791,5.879228496099154,2.109389190695116,1.8226415108889318,6.0118089435356,6.399878744568145,3.4879488693816323,5.592166850396564,6.082780217592202,3.324875053231208,3.8288176549332484,2.606303842472179,5.411677053490921,6.07915371039084,3.799407730783735,4.882629368560656,5.276590993574687,6.21528175239052,3.0179465370518828,3.914207983442717
2097,9.318007376151431,7.885221050041062,10.072840039219175,12.619628822803504,9.222089992463586,9.707351144935405,7.884576780455451,7.454587992174283,8.032225642033982,7.70445693018181,6.902887742859971,8.108483472466473,10.145505197559087,8.558491422781458,8.72915580038514,8.067093149253301,8.698323171479359,8.694760500107495,8.05225655883551,6.937826247087548,7.17621915808746,10.171741163304874,9.386751354272876,10.467224551950181,11.525757299231403,12.219281172486289,5.598490373790267,10.401268564164647,11.562899875640872,7.443667323035856,11.44569815482412,11.290773832798008,7.164060320066554,8.15562461784908,7.109602374689918,6.162691162711208,7.182160196985515,9.15749965469752,9.350770267418456,8.20670930328114,7.956686969580395,7.306376782059668,8.549039472619606,7.8325343549251585,15.23065555095673,2.716442260731543,10.776030330998559,8.851936887843268,7.89345597089934,9.467495267093188,7.151936301296307,9.455314872520313,8.849228824036462,10.328969923300402,9.526562733309609,9.563784008686032,8.727435402359285,7.032273165668755,9.185834655165673,5.357321496201413,7.540657245580644,5.975606698063868,7.062679774420605,6.230990324701583,7.823589381309489,8.266809675736091,8.772081039633068,8.582849012528147,12.419118081033227,7.86181134347405,7.084736700728537,6.1413021783743575,8.1971965489643,8.9324091059821,6.602685118892361,8.185219408784597,8.329512648923055,8.500281408003397,12.177157009499417,8.381782039574212,9.779788796816554,7.376799144702298,9.09947571499007,6.585067793301173,14.878009898321963,6.488862272990606,7.422244223950216,8.998058962715524,7.318687037484983,8.417349498506102,9.141047584159034,8.276602087063448,8.911309075355527,9.917672359943394,7.684586048871277,6.429666549047191,10.023887069736212,6.947792799983704,9.124020597019369,9.290254131704566,10.765099541630065,7.74172091356346,6.978784370422362,7.7155893483332205,6.902340236731937,7.715362513065339,8.7599298598511,7.001796541043689,7.584770943437304,6.320176178057277,6.71729081975562,8.731190584599972,7.5672569752271714,11.414144064273152,5.131149217379945,5.269017382498299,11.840982999546187,10.908123679459095,10.124778663260596,9.90194815614128,7.238584282887832,7.607629942042487,9.406392045106207,9.461195375238146,8.82187439181975,7.3614208119256155,8.045428520866803,9.149977301061153,8.45434811232345,7.345038563438828,8.147640075853893,10.460221486432214,7.940376531545608,7.184522335444178,9.031854141184262,6.339432066945092,7.152321877224108,11.190995598271758,12.429767280817032,8.905408823915893,9.397738191911152,7.1277230658701525,6.9291663415064795,8.534436672446983,8.800216011490141,4.5726032455451815,9.237256451536508,7.636030351477014,9.074828483057868,6.747303553138462,6.5227679210049745,9.51492396933692,9.474691259275588,6.744536857945581,9.559255558358775,9.852869658810755,7.603364859521386,7.68440309039184,6.394612592032978,8.562816808053428,9.138180751459938,7.170496682350393,8.001772586149828,9.267709401249883,10.276834538366117,6.639780319588526,8.838897591403553
2098,9.995712489102575,8.64814529542678,10.315712544508278,13.707865162832404,10.936456742190886,10.065071982783927,9.531385445381915,8.68022166235106,8.747891306717477,9.08019294547184,7.441534710781911,8.760994953768597,10.400004253430026,9.614134256062764,10.423871238316812,9.746823941809794,9.318719867723331,9.294444575639712,8.727709949548759,7.5743717568261335,8.801102753196448,9.990966483524867,10.892388763172283,10.72684155021395,11.771871164866859,13.616802147456573,6.908691487461332,10.679042817865101,11.81707602909633,8.153221988784415,12.491376443420139,12.785075037607122,8.728653568880901,8.81864261044455,7.707134658144784,7.8327788820224145,8.39428464940616,10.646206606498787,9.909706916979378,8.847854334967474,8.738146832159588,8.933307147026062,9.18017956640438,9.06652383676597,15.554243544169834,4.168515884237628,11.041442607130323,9.47920139080712,8.579118969557543,10.0110215268497,8.875262730036463,10.00114354384797,10.568717122929439,11.526159731830873,9.720098068432085,10.374033112185346,9.094021969820773,7.5714474358995,9.515733397858483,6.690524355588217,8.554833957073944,7.2778846919004465,7.830300554633145,6.956900164910729,8.33211622344596,8.983705485505714,9.408359331504572,10.253535693458149,12.576036718913487,9.367732140343708,8.09949880582946,7.478529489785431,8.782031284911291,9.509076766137566,7.900658780336377,8.931257038723146,8.841970557400158,8.837861239910124,12.422537681034633,8.988374096900229,10.119472151143208,8.699462309479712,9.69303728703942,7.827731976551672,15.251014995574954,7.238555063945905,8.099440451392102,10.076799952611328,8.023057148712024,9.024036407044955,9.722810937677112,8.63525093437306,10.534934619069102,10.13305825793317,9.345538558278765,7.802134265644209,11.647572001389095,8.185714825562068,10.766840211408477,9.585474746142115,11.075370302370617,9.36314563070025,8.249656356658255,8.60894997444536,8.2148880562612,9.4746153652668,9.328090190035965,7.712409236175678,8.87384796823774,7.6587515261556405,7.275345190508027,9.068886112262094,8.313606562891172,11.70743396622794,6.467104530627176,6.166136339519705,12.952951153261317,11.212707578390834,10.31072520869119,11.542406821250923,9.067883111855812,8.417315532905711,9.880768639275004,9.974963546225004,9.089437865359445,7.907514028464048,9.300647975717276,9.834742216127259,9.117478989490442,8.195395647761014,9.07066353006023,10.72423926911184,9.58196154151644,7.99448250638587,9.71831179857254,8.016109277946608,7.840487563929386,11.476854287513666,12.638001407895771,9.47892492832616,9.639453812369279,7.810382445795197,7.659336405141013,10.245201747545181,9.539671741851738,5.801490621055875,10.969572407007218,8.375477242735887,10.7125457908426,7.506742641564259,7.475536116319043,10.10714561577354,10.932659132352898,8.381742078704491,9.822923087222241,10.080113918653556,8.324667426943783,8.927493990106246,7.712243119946545,10.26272650488785,10.516904966533184,8.91686300422464,9.530295338375229,9.569862044496205,10.615114751245295,7.866643242750852,9.64376104261194
2099,8.460951054096226,7.125144011420862,9.478440070311937,12.752834962095536,9.508113475356783,9.46532678944724,8.192434864810538,7.30764581220491,7.217480403823511,7.646600290707181,6.415147092459455,7.450475690194537,9.637147078343807,8.59110133868775,9.005227425694466,8.365382699455534,7.998711674554009,8.066294280333178,7.34137606918812,6.143729862996507,7.516320980020931,9.14820645366396,9.70476475812029,9.990054542677743,11.212015045540676,12.607404695025508,5.524957492415393,9.916497409130846,11.363342723170556,6.823968714049888,11.723842574230263,11.507226422003336,7.444491674644608,7.438045082301173,6.740206342775903,6.486695444477457,7.032234648082936,9.55141548615481,8.524155851400328,7.516098237463406,7.724869407074795,7.556499616668693,7.844980509792055,7.670810483183179,15.173238032204765,2.770716467499733,10.59736563733646,8.172687987770352,7.210636764764787,9.053204919717146,7.455814526549404,9.117527779723916,9.125830874698499,10.646131572553088,9.028618638643193,9.321509061966623,8.144680626051763,6.557449328633291,8.77591592712062,5.315559704601763,7.4882305942475815,5.885874467875278,6.262194398897033,5.520949120606695,7.327924057309119,7.541149493839063,8.037364825180598,8.856977636047775,12.12514637793814,8.048743102805956,6.675608389771409,6.052229891757347,7.459668492951565,8.271960621579952,6.742374703500952,7.361508851179057,7.71861968056432,7.9248316092150555,12.59517543997084,7.723417608333487,9.54009774380497,7.27967211944716,8.315050047423162,6.456499469705993,14.950257873535156,5.8855581453868355,6.726753433261602,9.03343794170235,6.620929554184631,7.759534861998902,8.519212134395326,7.80503097429339,9.270510699919294,9.388402377281869,8.000913340272383,6.414558413199016,10.253220007355726,6.801814633607864,9.392763001791073,8.719627043179104,10.428184658608263,8.028447203590938,6.866479622466222,7.553230019978112,6.776074682814736,8.001564796481812,8.399470138975555,6.305392193155635,7.445498348985403,6.280507664169586,6.23419994328703,8.190088771070753,6.7383779941925015,11.172073754668236,5.096132948356014,5.107269930200917,12.125576419702593,10.673556543088385,9.657849427631923,10.143346873777258,7.544980854115319,7.062289496404785,9.115367499419627,9.037929219858986,8.277532440636842,7.0303296459572655,7.94178774335555,8.338639131401266,7.740751775247712,6.8321349323195015,7.701172286644578,9.945461794734,8.227155549531536,6.4121109038591415,8.194947504145755,6.655135818038668,6.506916443631052,10.94603354703369,12.190921001774928,8.238852432370187,8.840887172307287,6.4506288214187535,6.298793859141213,8.812626034340694,7.990910148620604,4.537883112686017,9.529101309872098,6.8387099279889085,9.31236071150218,5.935851787030695,6.343357107256137,8.864652656550915,9.737545818941937,7.057276826657885,8.971466922014955,9.330426745342889,6.856521893718415,7.5447975718549305,6.293070441165139,8.835759080733572,9.434541376513616,7.505357538536194,8.300815906269209,8.723670335539753,10.08080130027873,6.542615585880621,7.863359146033015
2100,6.096392871120151,4.804239907009261,7.930640761873553,10.506568220257758,7.297181974990024,7.240348921077589,6.1503829151391995,4.784828681605202,4.683561823783176,5.132021652162076,1.9877735697797354,5.77989209182561,8.224010983315695,5.921375930309295,6.854324530597245,6.255325139846123,6.4304110316293555,6.5407264113426224,5.65091734390174,3.229089309913773,5.460882994106835,7.6395979653511725,7.298550499762808,8.613557739236528,9.646203579647201,10.013658112287525,2.9938507105622993,8.371094699949026,9.776610878801774,5.11583606217589,9.451761702767442,9.511861664056775,5.289842717136655,5.755977877123013,2.448253568687604,4.297534612978678,4.617001573954312,7.035358495052375,6.675343913904267,5.9190549884523715,5.820042521612988,5.383003230605808,6.147253520653713,5.316882187234507,13.40761729308537,-0.1776274747082174,8.8112290806004,6.463584832208498,5.414602956601556,5.058879047073424,5.276543029650514,5.1527711974723,6.975795344582633,7.995746196380684,7.67730441088123,6.395185423429524,6.5264690876007085,2.3331575142319405,6.838273593783381,2.727082115624635,5.496803623225008,3.341379193801968,3.7364361212189725,2.4709264738219137,3.3306384591119635,5.815862167200873,6.44052197864679,6.746531764098572,10.626277571490833,5.921261347191677,4.721310433532514,3.4720918436135575,5.633301559995331,6.77127207081233,4.680002575261255,4.851643389889172,6.004843847140934,6.066568784628598,8.98806331205581,6.211489500956873,7.430148362261902,4.770598789464146,6.317071112990381,4.070043841004374,13.014328677313667,4.176294175429003,4.933250823404104,6.398950931642738,4.766752012286872,6.154814274183342,7.03548794133323,6.004327650699164,6.879580905075583,7.960117556367605,5.95740351974964,3.888617080968937,8.199541383226673,4.32572730013302,7.278060171832993,6.9537593632936465,8.655395079510553,5.981968072056771,4.352238222530912,5.677063632490381,4.407080845747676,5.740152581887585,4.38145068798747,4.447094330830231,5.042901282225337,3.6659956451505407,2.2016419244664087,6.445949337578249,4.257187922511782,9.403360752921023,2.4860404814992614,1.2574256340840029,9.738104351929255,8.793514018399373,8.399261802647795,8.056367993780546,5.235005933472093,5.156445407015938,7.201929585316351,5.218120457019126,6.657876044511797,5.241753699204752,5.519722944710937,6.063192470265285,6.074446696615113,3.857949603881155,5.663891907568488,8.392377342709477,6.157280940668922,3.8470946248088556,5.746310618732661,4.498322223805421,4.761375802396132,9.083730806410315,10.74549898313625,6.8157394089869054,7.347714389647757,4.661766046924252,4.562901544996669,6.6826363380466205,5.472903974886446,1.6531361252069496,7.339086371979548,4.288495988079484,7.334603184035845,3.4116478223885833,2.7432089313332546,7.464027007482949,7.618653344362976,4.912129850898471,7.362978088004252,7.795475112327508,4.98649262594325,5.050229856371882,3.7689154484442287,6.765129243050304,7.244488632678983,5.218133103341924,6.1784743181296715,7.008343673071687,7.978587339392734,4.166455763152669,5.29753762504884
