Year,1,2,3,4,5,6,7,8,9,10,11,12,13,14,15,16,17,18,19,20,21,22,23,24,25,26,27,28,29,30,31,32,33,34,35,36,37,38,39,40,41,42,43,44,45,46,47,48,49,50,51,52,53,54,55,56,57,58,59,60,61,62,63,64,65,66,67,68,69,70,71,72,73,74,75,76,77,78,79,80,81,82,83,84,85,86,87,88,89,90,91,92,93,94,95,96,97,98,99,100,101,102,103,104,105,106,107,108,109,110,111,112,113,114,115,116,117,118,119,120,121,122,123,124,125,126,127,128,129,130,131,132,133,134,135,136,137,138,139,140,141,142,143,144,145,146,147,148,149,150,151,152,153,154,155,156,157,158,159,160,161,162,163,164,165,166,167
2026,10.979462797874989,11.793358196706873,12.89527262747288,14.673744167970577,12.705810784463488,13.726338367747228,12.868379740935307,11.81012589063333,11.665978115821343,12.44461574211069,11.19516459901048,12.060367098240102,11.971163194140665,12.070377656299135,12.821201789779991,13.16484668211121,11.556301339812906,11.397675720245942,12.023611752559306,10.775401306945993,11.998468857258558,10.690274038392563,13.989775314927103,11.944937765598302,13.410767322001252,14.579787446104962,10.390150532450365,12.789864275118578,13.229431896106057,11.920902909670511,14.484837332497472,13.582148573968722,11.859653333485456,12.19495095231611,11.220738495497597,10.630563928745689,12.122048701929009,13.418676818194596,11.264695661223453,12.07429601446442,11.774489027974399,12.291221324759332,12.623020975972002,12.47323276790912,15.6534960684569,8.510588085521826,13.684479863747312,12.730571656123452,12.124929902022304,12.352429039452389,12.34958097824584,12.101229046997817,13.28335953746801,15.475071490458822,11.78236893856007,12.079371018254239,12.444637363533614,11.17514605844474,12.973866770448897,10.265143678564096,11.532866478128275,11.026186981906548,10.89006573399124,9.98433813582296,11.985959137992369,12.6736643070598,11.435251034148367,12.897938040004153,13.074416318665385,12.925297788303833,12.083852599091506,10.960267316873956,12.21473555331645,11.08511032164097,10.900635473430153,11.531561025782771,12.494263633761719,12.510721149327967,13.386698326338898,11.89214629485555,13.788672591681069,12.23350484539634,11.557862246166104,11.336593834440345,15.517968374749888,11.392518980023656,12.286807650457261,12.856735794116622,12.392862963854622,11.620024095410882,10.801672634547172,11.618641376333395,13.27874368040458,12.175490010691728,12.553717414241124,11.777489575678885,13.083399490817733,11.637413374107819,13.248609422341643,13.053464105717193,13.715102840376941,11.821067493408918,11.94514293871496,11.657912608843457,12.16797060843395,12.300083706884283,11.92509699580462,12.345883407994457,12.443867830964532,11.40533996940307,10.833511939515239,12.077065969128972,11.301433663977232,13.809222781139871,10.061274745091593,9.367287650360202,15.064193746317988,13.705116276507793,11.545761533405472,13.083748898428416,12.05413369010152,12.0619641278425,12.948997012299042,12.225477694169335,12.18045099962341,11.111596878375051,12.579388473668821,12.237636825636677,12.475990040470725,11.736196979232457,12.497637339989133,13.174820203496063,12.247784602577275,11.024322994377298,11.773715020197892,10.72068928975774,11.92243657504087,13.600816187651262,13.373772657435879,11.254860684285752,12.458965576861216,12.280659620690605,11.884796295962909,13.240994430430565,12.258980577406676,9.27782046174853,13.2348108685211,11.381356356908451,13.65749936777612,10.55570623343405,11.095752129898123,10.837880199532146,13.648826136537226,11.083544778759068,12.566623391664544,12.060051999176329,12.734491272869969,12.481201870285947,11.135450729692822,13.337505544819267,13.000198874784555,12.36774428059226,12.19593155902365,12.70766069092181,14.041113871595133,10.315914289215986,10.908412425090434
2027,10.276606593281029,11.031102727349525,12.512459618565831,14.00774781211563,12.804914778827325,12.721377466683805,12.95486760269041,11.558886905727174,10.881917682516832,12.180346987331694,10.218032324585419,11.384308958547594,11.625053901063362,11.763108045186687,12.979239551876875,13.272861657866644,10.931331079250768,10.806041446392951,11.336827881431777,9.953367586531071,12.06518855788138,10.100462061555486,13.74768921344177,11.619762509236233,12.798802825419799,14.781340115420196,10.133475725012628,12.40633201582924,12.560100006830428,11.23502327544291,13.760281403670492,13.61003903008026,11.880385846385492,11.500479174858855,10.398662594470965,10.714978267317232,11.846808076876664,13.606349578830821,10.643896863512369,11.401548639618102,11.522979010139467,12.330673018875329,11.914078403486991,12.20310625872251,14.240867420383127,8.147853053215403,12.899411211843073,12.088679481459701,11.44387400534976,11.414339946339963,12.475314307168286,11.196507515142793,13.393984604140986,14.615652869182195,11.449538119339746,11.48895252172066,12.00068858606012,10.292579735426802,12.294129450036134,9.986444109807847,11.410010031829389,10.763851969462376,10.1119073383996,9.153234760722391,11.224134549458066,11.945982819747018,10.790955998772835,13.00599254036079,12.518414182507474,12.878551334304657,11.57048010728929,10.710958650902562,11.551465563152147,10.545492849920107,10.873619674826443,10.769903025792345,11.913419777608436,12.065456496389666,12.621591698864233,11.243383937555814,12.836617354789508,11.959411014357341,10.898827986224838,11.085994169682918,14.085050897753757,10.708711215983264,11.608248773557339,12.534500732774973,11.692931367003402,11.027874533410952,10.28082730333604,11.204157834872605,13.491986732120099,11.824478516436146,12.643588786620809,11.577640353337575,13.170924481976297,11.399228002876045,13.34043882333714,12.622481149013925,13.054807323152604,11.920476835383022,11.70743861292367,11.447506632088967,11.880807040502201,12.450337497679433,11.002241727693576,11.63839699174075,12.183186493388822,11.150886280684857,10.001897171058735,11.647168959045542,10.518208691283416,13.020959840520568,9.791130298991567,8.66662422923938,14.326661630979055,12.87676137243018,11.241641864828443,13.158723703707045,12.24821641150376,11.472339974149413,12.325143427223617,11.330318616419707,11.79264870030887,10.797791022969331,12.359352575696038,11.480708484983312,11.79731841729549,11.144950936345953,12.02648686347074,12.78003389809443,12.344769593166268,10.248652726290345,11.01514283600061,10.804738845595201,11.251576526546044,12.795125913320351,12.760496613124145,10.65572566198914,12.08252776487042,11.59763785162637,11.185197683111964,13.356302652993932,11.46877625066301,8.866826803140022,13.342355511758639,10.600222661200425,13.746690755548036,9.758381099804591,10.540560963523129,10.295876585594984,13.50803566651176,11.182414108401407,12.165289729995575,11.693049162302328,11.950441151533436,12.250065705860436,10.861061209893748,13.456267001026353,12.788042594233287,12.521386133678986,12.21695275993451,12.292275699098475,13.105096347711012,10.02640913297301,10.153937900175702
2028,10.665881529450418,11.406820266952977,12.260244055610638,13.490264052930085,11.833143834348606,12.890778854489332,11.88139941057433,10.757564982520822,11.332698277481224,11.376789268592134,10.582162692899935,11.582405414199458,11.365355633199217,10.914396705186888,11.809906297079895,12.132963774644812,11.094152904075129,10.995857192122418,11.51452090882737,10.361347081868546,10.993068838734992,10.643884001218751,12.815038841379726,11.364847441649307,12.782119859819828,13.53180369346038,9.341965854167938,12.153285690461814,12.662774143011678,11.40768983620017,13.292933064958328,12.808424422274468,10.839661242845265,11.680691630215103,10.692285584589548,9.595880966997992,11.124096414155288,12.215222024399305,10.917691760736965,11.587763103130074,10.963645850976363,11.26659763183283,12.11814807776524,11.430083591480864,15.155042762341704,7.314791211291501,13.012435596922172,12.211040154099464,11.631101988579918,11.745191441120017,11.286749816378176,11.522334233736217,12.34487736678642,13.830800388170326,11.190509989817187,11.340401563955387,11.796682700595776,10.605428664499652,12.20673406075524,9.198737244850593,10.672658776257029,9.892394433040982,10.540811303922016,9.591086647270814,11.460604872595038,12.139401856404932,10.970358270341938,11.967618966394145,12.622663694879286,11.927917528411616,11.36933066420581,9.922124096880793,11.598611887706364,10.721653277945263,9.954558300421294,11.196987927567381,11.87304058707441,11.760988133433077,12.462259468824971,11.445426847299803,12.979612117552236,11.167969039127575,11.208048624836882,10.287444589011697,15.024583681769998,10.910222914879737,11.781940862536436,11.677161884534616,11.865575007881723,11.224641123543613,10.450466752376247,10.927509803173095,12.136860298721691,11.572045269867647,11.556452101613658,10.61686593488507,12.218298141399156,10.585371314844055,12.378904270089189,12.316884571443437,13.012900806639506,10.848095293764189,10.88783645783754,10.844313057908868,11.17545699360578,11.269442891135164,11.349739654070657,11.805104472714925,11.401923542923257,10.387357769938916,10.312568450812252,11.373404223674342,10.951942157121783,13.186799391456272,9.031429640138926,8.664115391995598,13.800763964653017,12.992608890585279,11.003765675036803,12.23562562983969,10.952554624041781,11.427392428416926,12.166241084346956,11.648774710362376,11.524547740493132,10.366692484402018,11.542828248570794,11.89073807325052,11.982382014717746,11.098457623921012,11.739485592599053,12.549196827346863,11.291456667625388,10.667454393175635,11.458328074087268,9.725878533137884,11.427953568651628,12.929501616436502,12.81330025714377,10.848033621907236,11.810346526620183,11.770862989451576,11.368196472161168,12.23662414758102,11.926428171441604,8.288344033642003,12.35057043705298,11.04099069066022,12.688664849037709,10.200691627905421,10.378783938920368,10.453825229535932,12.671304582901628,10.066142144410506,11.888669933313908,11.414082982212955,12.137404764635463,11.426478463508513,10.086236104531135,12.359703125513123,11.938935737247055,11.274392071787428,11.208387790237678,12.007434303345887,13.25391943687978,9.302100422589678,10.534674340778068
2029,11.36889860212155,12.312272328397501,13.38224531977397,15.092432929121932,13.131644616551378,14.104456934915936,13.25030754506588,12.111947522863098,12.133127284438716,12.727711002463877,11.184977621002043,12.708909453905145,12.395703937676126,12.318169955974044,13.228865160728278,13.567662722390628,12.208696826644564,11.973406267554864,12.719186210114026,11.142797239772653,12.388112266426502,11.355608126391532,14.467406192632472,12.346505626064282,13.738736528417343,15.262902581173435,10.669976469615232,13.236541849763501,13.479387218537537,12.588878711928492,14.87890452923982,13.892667639514674,12.240624773761498,12.905854584082308,11.23992926740776,11.044102746345427,12.456705650557643,14.032463015097642,11.760617848971616,12.745782050101653,12.225354803078199,12.67354332841933,13.339577824525216,12.753841039603174,16.099207038464755,8.830308347130599,13.99542130529881,13.39108518349088,12.80346689664799,12.357040197952934,12.779559064494526,12.084228966547103,13.698393515918571,16.0391836837744,12.18668598163387,12.18279443292514,12.97467627279137,11.186663523154417,13.398393249908546,10.55339804178347,11.975334880731836,11.322759765807703,11.37099110497081,10.332033164475275,12.026348581780564,13.410073415740676,12.097863416308941,13.315939567740202,13.55118654344393,13.270585786794193,12.585507563922716,11.25569247671292,12.94956470531938,11.63135402358097,11.319129774913847,11.978965082246322,13.120091466152147,13.031450002899636,13.32590240758398,12.519003098101722,14.153218344177889,12.509454164168112,12.038149869312408,11.608227805598926,15.97056694134422,12.045897929564768,12.988301510396216,13.09994491740413,13.121465690757919,12.205997415210891,11.323933983626578,12.097946421607688,13.832750506699085,12.618085753496576,12.946770951678248,12.09298059469818,13.433260026509352,11.937004099073617,13.657849755624067,13.570373822778024,14.105549428611994,12.237715039888155,12.246724390465285,12.126986019232351,12.492746355740923,12.729685842990875,11.89792274003443,13.076993545112405,12.716312404560009,11.701885639325434,10.90058572728025,12.5532363674239,11.7840074300766,14.095993994370748,10.341560814610641,9.451041481417157,15.502244260000149,14.033475533198649,11.917501456063729,13.446090511188073,12.491427333782552,12.670216897259593,13.351317521670591,12.212234421268754,12.679589777537014,11.568529953289294,12.893339985738633,12.706426696082493,13.172749319802158,12.015235124722771,12.991762207902001,13.604500173834028,12.652571563487468,11.491020193566447,12.189248771123264,11.143668791481659,12.596941643435025,13.904745813540146,13.627330116603686,11.846459529220896,12.92221529263517,12.987140757882079,12.566134977599848,13.656055624070374,12.721513313605739,9.510826823989984,13.663624091802731,11.859236792377803,14.047126167494323,11.037188035314498,11.236225126878072,11.388036355376244,14.05781384776144,11.505786472607566,13.06193383491558,12.52823646172233,13.529711421498138,12.782984287842465,11.408828584882228,13.749030628768002,13.41371927183607,12.804021800179845,12.614544913820604,13.191597861683244,14.402653948120447,10.586505961644908,11.370592049930407
2030,10.858937539160253,11.807524196155695,14.487376929706205,15.37981200736502,14.013380751661632,14.680302017408868,14.243095284651808,11.743344803543195,11.570299596890163,12.481990252143158,9.643574718628889,12.448269195206787,13.462591098540504,11.784750756038273,14.261733250449533,14.619343211550433,11.953724696584372,11.728367807065215,12.449168225345407,10.31841624269019,13.360635009796725,10.841892774662245,15.195540833975317,13.361943796277046,14.383299962981887,15.583427214630593,10.306154566614524,14.292500191813577,13.903725786701493,12.320962331865143,15.145834832735686,14.649822239642559,13.069532108695613,12.625837424203105,9.85786128206098,12.105901722836753,12.086904607115958,14.628831403410953,11.38789863544314,12.474244461435342,13.30581389448565,13.496068454307059,13.147480566540487,12.375473218646063,14.972175821014075,8.396790727487074,14.426334953178527,13.254778796644967,12.53736238440742,10.838639677380737,13.862961733146854,10.619216190246135,14.634965939325808,16.44960427049386,13.233580139668092,11.322336893528698,13.884896696261738,9.738116668780215,14.277983046096304,10.184453596826645,13.028399923411403,10.946817964801323,10.795947524607586,9.532384704353044,10.691885654124905,13.114954045933228,11.828764039537184,14.223090822282044,13.811172668700634,13.801189917909067,12.270475661948968,10.867501438959788,13.015154233445294,11.390060082725855,12.378236319485087,11.421654217107143,13.518783443060745,14.302121121598327,12.166649184149247,12.256673065540586,14.6828222927111,12.12833313190419,11.630343265507538,11.240531794038485,14.8161092452381,11.759007798416702,12.713565746079325,12.563178429056123,12.844629274438256,11.943006629610194,11.098427824999977,13.262507760978268,14.701076658240154,13.677997556555534,13.920537135361329,11.946905733450599,14.300651690558247,11.560559251548156,14.530496134139273,14.834541041242042,14.861650730442744,13.185047165045274,11.861330751815572,13.174637645483019,12.115435308817288,13.798293631685818,10.448143866237093,12.804325509694936,12.344632028966497,11.298121608712751,9.565502032151688,13.66506711361201,11.203923410047656,14.502237355903445,9.96609261526686,8.367677864335151,15.789550081219362,14.536434265258523,12.893804608317826,14.294492566391181,13.635291543667728,12.38039049570975,14.08816009970463,10.790770980974903,13.823440453604512,12.697239707993429,12.681091561883122,12.22049075656611,12.892996114233268,11.25230963843996,12.666287640352612,14.671259975627715,13.588415891903896,10.929226275857372,11.650580958827682,12.161956805411888,12.325956527305683,14.368344862115286,14.074170130750407,11.591963450545848,14.042699346966723,12.713121402522795,12.300233493923491,14.673028432642637,12.149241347351802,8.964258668539319,14.547610115745794,11.29290416196961,15.041783074321954,10.448788031814216,10.297516115343846,11.161273889567541,14.790571920249773,12.520153726248637,14.267660336649936,13.680008466072058,13.230269917064225,12.408173737966496,11.040581827578341,14.702765496852603,14.097706939863127,13.942002976880126,13.505353920485662,14.382641905351829,14.920695581513906,10.243828641331717,10.809471058051873
2031,10.53707934980807,11.248921844865317,12.64120215153241,14.530609631020093,12.494583884982962,13.545121299750784,12.72508876523732,11.034801108944835,11.072819823480174,11.724764354526997,10.00984232289636,11.743549341254909,11.74947314644638,11.450582470582882,12.658405973049609,13.007064683605792,11.228443377975218,11.153166944080079,11.704144154796785,10.000562585566355,11.85061190536489,10.423328302476717,13.778279934240425,11.708874796395714,13.308968215532925,14.563450143389078,9.629964900122065,12.525469498141955,13.158079726540524,11.569231663344679,14.302423833504967,13.42438205185792,11.637324695677865,11.825187623176886,10.110375121154867,10.455424629015168,11.375528737416733,13.360757102784904,10.960864568210164,11.747789951446263,11.475544976961356,12.055316351030186,12.356807386421645,11.713809450318957,15.393750289212102,7.666984951123596,13.625857315309672,12.423943070289885,11.787455319062524,11.265467245941577,12.188857867503947,11.017307176922815,13.105549086249717,15.289069476334948,11.573975197970867,11.277548664532926,12.142491285891637,10.055075366211977,12.707532465356689,9.51320630618695,11.247645995202575,10.25436261968444,10.289032445572646,9.240771454961406,10.902361683587992,12.314463750904668,11.120305690995377,12.71357216556435,13.074913372164191,12.588598584027396,11.534709996017428,10.173226788640022,11.82350151370401,10.883382918637086,10.673588517324433,10.98478480007338,12.126893246627372,12.189612883588545,12.946748763322828,11.607865291343922,13.612546341007818,11.468871576073782,11.189257179265438,10.568211150558097,15.236489404802741,11.005906479676133,11.9372984305753,12.178785832355851,12.03228554101256,11.360397043597436,10.611302964065388,11.32278011585384,13.210075288687065,11.948872760586116,12.402672968804838,11.082178088552926,12.91956875959168,10.86255710995149,13.052622134361986,12.7605878604657,13.524345539996158,11.606935778956698,11.161359742526775,11.441505480719652,11.399372467852162,12.121051363970924,10.85617533002211,11.967642701514391,11.67999610402014,10.62684569380286,9.778892895935673,11.718219531801248,10.694551153675366,13.71303919022498,9.308403525177551,8.377879597975507,14.91525311314541,13.592447238933781,11.376966746847915,12.920183285422947,11.869591070582043,11.628246002445891,12.690143084558455,11.202242448116126,11.921289479764903,10.844428558388481,11.888281609701076,11.74787594637145,12.139650141091453,10.899119834861025,11.954374387212422,12.903363323082095,12.074341923646307,10.436566977721197,11.25160186705382,10.541952486190462,11.575340916524118,13.480591887365216,13.351505981839225,10.996835767250996,12.198778176761191,11.915917174931128,11.513521185205523,13.075383360619135,11.673893450394921,8.473815483891448,13.047593166808722,10.785376496233411,13.522520117785625,9.943217826015117,10.141045956366247,10.591856259042805,13.460286611205209,10.883575191721322,12.314517158650512,11.852000987076247,12.310330768075328,11.681596040725706,10.3776114375695,13.174084730689298,12.806654994011575,12.192606041450865,12.005403103387872,12.412624048716996,13.899000509277634,9.651976135599876,10.415066383455112
2032,11.146825159373494,12.070916925273513,14.284403789950456,17.19296293948656,14.281339855135785,15.971852146089079,14.565707548480967,12.576834179461002,11.847789349763293,13.313805772072595,12.01110856105452,12.676238101461662,13.278277275678905,13.53695266596649,14.616415989382762,14.949399022628434,12.151794482832367,11.954180139886299,12.67929740962775,11.074164756290289,13.647439634022506,10.990106545712637,16.27214336330476,13.192748333772885,15.075712885383679,16.954087941542916,11.159264216928376,14.154570953191623,14.861007400828859,12.52529639482458,16.995171163150154,14.965810085120413,13.418669292136379,12.838034015796755,11.898096022034144,12.389194161631169,12.86805218814508,15.83860499120277,11.650130607997594,12.689899173605701,13.253012003782006,13.892218067918135,13.357753709768472,13.222706768823711,18.08728098869324,9.467428484688636,15.571411183346873,13.455523244307745,12.773808981413431,13.268703669957493,14.169997023013623,12.998659255064052,14.94205153636311,18.943344279475838,13.089025810684848,12.920667109929997,13.741119869863212,11.915992237951446,14.75377983065403,11.113338008199047,13.088631694569536,11.962629472269963,11.075925144974308,10.29898994282374,12.61996544427846,13.339301540030412,12.034121205301389,14.511846659826524,14.85453530886899,14.273982676798887,12.696833054332632,11.715872231061043,13.137818162167523,11.613675844734134,12.530135617874887,11.711554068262162,13.540410274396775,14.07464925373864,15.423539463592622,12.47657378649582,15.89705318034343,13.027452088892467,11.905834491486134,12.100490782895811,17.941358949827116,11.935729046919102,12.95167285074358,14.21014168599378,13.088529517955104,12.174571292231912,11.316418722271917,13.026695490207361,15.531150822811155,13.493612087291226,14.223045252830438,12.848660660826647,14.62037430736034,12.402975878313832,14.812264831007823,14.620769802966844,15.42005647718907,13.454442660121817,12.71627843250399,13.16970300836408,12.887123552839393,14.105688103353204,12.796816132962705,13.03684677904391,13.198384554003889,12.13833065946465,11.470053513412891,13.459372083008612,11.473370097415602,15.507996478806378,10.834724133429324,10.146019527152102,17.735034537380155,15.671669632844305,12.766097555989807,14.582598431116864,14.007557670408662,12.734045242445303,14.68906467986982,13.085065946954751,13.607513152012277,12.577080320728863,13.444221944264743,12.513442376385564,13.105080444770666,12.280322401743868,13.188004731524574,14.50219234791787,13.8684761647297,11.208272788268719,11.94964146808438,12.429385709535822,12.546197731371812,15.491298429991888,15.025781538175499,11.799550289045209,13.839686239219233,12.941802288851012,12.489822235120377,15.022645926022012,12.449917787443034,10.112399855709594,14.836303215843383,11.572615639994977,15.367482888957733,10.734032429592766,11.774803088411044,11.340213171813797,15.495860562376354,12.783974234358935,14.047076120162783,13.48698991196959,13.463923902615257,13.25610107717955,11.899141872058744,15.01237006534053,15.034670446877897,14.297263298872052,13.968575902283193,14.176824442458939,16.177187752788484,11.187579651241718,11.10128459075223
2033,10.388938620524561,11.103712664998099,12.79600844030147,14.147665796072587,12.39747368070581,13.408253937514257,12.513686610790701,11.1064592703529,10.984036168326503,11.72021486674962,10.418463402792161,11.475258267282149,11.866793574198432,11.259545048435584,12.476729937424157,12.810315945631139,10.979888491332533,10.885588476353366,11.398293896213824,10.05769756383708,11.66125742216473,10.290091594924096,13.549223190213997,11.863230152622513,13.238936690046742,14.343593628510183,9.72095738416133,12.69638451281935,13.024782477513599,11.313533147392066,13.956453169169633,13.290085681106733,11.480721434173377,11.560642081758253,10.533044421559447,10.292383646349542,11.441905303817729,13.05350202070954,10.727698230225105,11.47597524928658,11.576343171865402,11.873177698772889,12.033926232191535,11.773643475754751,15.216511049996257,7.679246042490652,13.418953090906143,12.1897542875908,11.513389465115646,11.562884045359882,11.984878358147716,11.3334150246304,12.95988941397113,14.823768416075444,11.67804470140001,11.363304961553737,12.24937792316727,10.471882702701766,12.755031864280285,9.522699480309438,11.310484465454586,10.212647648740806,10.199230992113767,9.280520971641756,11.343844785355033,12.0158955210253,10.846427820622923,12.59780816259065,12.898549560619438,12.45981397529376,11.457776812431606,10.292365118699228,11.629790283739567,10.60874409844046,10.628743531425364,10.86295506876448,12.065156322762208,12.383093503830223,13.021442213784097,11.339039325390178,13.493271971526358,11.480355570011813,10.991314672257587,10.658592817920223,15.069870953974517,10.781224015502906,11.661196242855942,12.035729911826229,11.742968483787516,11.102298915629154,10.343045571575997,11.507265513519881,12.933430753324343,12.066945321533991,12.21161988474753,11.017557237783205,12.782463585552964,10.954600860081294,12.965333924102397,12.925887609184118,13.524108679722184,11.536248614768619,11.262021321317423,11.451782286288624,11.490304203784987,11.958509274960862,11.159410390193052,11.686173110876393,11.731436755346218,10.735859206675187,10.163795539704354,11.944325697081895,10.602214904583022,13.564759298511179,9.38837027847362,8.650057888225371,14.499961365824161,13.458425055379456,11.450438404860703,12.789493028560413,11.685393920735175,11.424345414194722,12.706513445662413,11.491104093582736,12.089273157974953,10.964057401146578,11.920172033831477,11.59426916034325,11.872442178752111,11.061011819411883,11.856377464921582,13.072056645932404,11.943187712327294,10.333032782311028,11.130887195224993,10.407269595109895,11.310885466959167,13.359400222401904,13.190915480903957,10.734615558191486,12.35240681186501,11.651667304660961,11.261241300922373,12.884620080661515,11.563790583983064,8.548793472187674,12.930908119518557,10.69481872410878,13.320040737157283,9.852500147975816,10.43766813709036,10.350963415658994,13.300585210323328,10.777306379031637,12.448104879454428,11.945673994573205,12.007611803022094,11.789529745345533,10.432294332462808,13.003154161588656,12.615005531267304,11.99411145095592,11.882950942801395,12.583707752435103,13.744721069931986,9.58694413093769,10.244471960417602
2034,10.416057818488264,11.082457723824875,12.667861966335261,12.795864420092624,12.346841403242689,11.875295939328883,12.613086114333866,11.056061934436793,10.924570778222835,11.708848545651726,9.841111285935924,11.583213384384699,11.806485416367652,10.984039087739328,12.590565311155572,12.89231415750945,11.051582184336754,11.038079072518839,11.46336723075491,9.850111313974084,11.745677722233305,10.33013517377169,12.859134972338444,11.810983171362592,12.449929782229924,13.744062165851178,9.72418160056291,12.517632164627962,12.041761395723926,11.396894727712093,12.55754308791264,13.316752816671908,11.539404559070649,11.646158418506786,9.986217380744284,10.34612392148246,11.429711856919784,12.71933915840624,10.897846856842873,11.584699580962157,11.44929859592863,11.957012964655526,12.05726644526357,11.75294667587656,12.631384175756706,7.721060258052922,12.301087101516517,12.186390728649243,11.608075141744768,11.036131878930105,12.077414947359458,10.786079373716824,12.97962718392196,12.929767822846769,11.689589863319112,11.149818094022084,12.157018034597456,9.916123552976746,11.980178758299543,9.570614284775019,11.239505072974643,10.334122527188256,10.12486836665978,9.12873992307678,10.81988211899348,12.04795021822919,10.93751027386474,12.59691403012561,11.911445604718255,12.511660106874919,11.48841731752391,10.272659730530629,11.613850881871972,10.816326914922053,10.62613206583521,10.835871399582727,12.033847913469959,12.179608837417934,11.434494396914609,11.48307802511946,12.055875699481238,11.491324860886065,11.105597477244293,10.651689676243976,12.438882345738621,10.876047679992473,11.812662113376936,11.807978575158378,11.86556599969449,11.27736502780539,10.532715005719144,11.316181582034288,12.796543822907235,12.028228218788685,12.290937300002124,11.106901522887792,12.845975041956358,10.935405119160274,12.913780295492515,12.752558220663799,12.715720533393322,11.544299894053003,11.231753077358007,11.378471038911654,11.46815334082298,12.018502614744332,10.634743456931222,11.804763117238235,11.732523086926216,10.716554730725678,9.667770740940517,11.74701808708842,10.513468765856134,12.414864847193597,9.403702533236986,8.288502660458503,13.056834192379666,12.201684479763653,11.4960245632607,12.803271737435592,11.812887092809317,11.457772291872818,11.93410151322251,10.988769530197203,11.947485477825543,10.86249167121866,11.880661331238633,11.61519333585571,11.902623597856449,10.830089109504351,11.843302264070626,12.909388331129502,11.963119060934886,10.280571549320998,11.130642802090101,10.43912141832887,11.435344289623849,12.14084094981461,12.29702021505522,10.886073508502353,12.264205258744566,11.800643270835279,11.354632726020142,12.948363615685828,11.52010855775165,8.488590751653135,12.893742185086014,10.6230044586422,13.39910810550108,9.790152949443009,10.12309189796772,10.469492663993783,12.868848395412387,10.815347950905563,12.327300641523752,11.896243014372883,12.045850239532149,11.746398624842584,10.422330801496685,13.05125501125535,12.050167878644302,12.090983999002237,11.733914707341924,12.407505067308318,12.332909584369348,9.678208204391206,10.208891409793464
2035,11.64013664489207,12.58899034365364,13.859025003793446,15.61150658940492,13.47492318705696,14.875256337063467,13.598203991094362,11.938075664574688,12.437160300171897,12.609739232970322,11.703048399933007,12.89298637308504,12.868338530802214,12.601688410276955,13.605564824507937,13.943991869364098,12.388031914182331,12.130693566459033,12.924329841914384,11.475594948126894,12.72097369898921,11.551822276077358,14.950516407580482,12.824955516535306,14.279814959301252,15.760785092478216,10.505786683896314,13.73700205495824,13.993202566290678,12.78589615484943,15.393522508442404,14.199436293509992,12.506872438866159,13.099859512370566,11.701423254026022,11.422422176469924,12.334280256991802,14.502832530957207,11.95161767377842,12.924508764691977,12.696141669931624,12.959722222193426,13.555500167867411,12.558817470851155,16.535623247208804,8.64015611552674,14.535599954102349,13.579347711461399,13.005938654360564,12.92854647824298,13.177535064194519,12.695650764133617,14.03221011939256,16.785123611597918,12.648205134369764,12.396219775080683,13.440009121013727,11.658039148734963,14.02059407985729,10.384117567668794,12.420500289486805,11.139251808757367,11.681568526541414,10.685071727503901,12.46077448680349,13.617341681666996,12.276805495438365,13.643202412873507,13.985501280621342,13.442168288661733,12.641290633574782,11.085335529368862,13.2902081394973,11.758457777940711,11.722771359688565,12.265261840561163,13.50001380884129,13.61190417020217,14.600975635259047,12.676441815641265,14.84651581651491,12.34002346383489,12.24237573762303,11.434988014400004,16.42381186653739,12.2552722737841,13.198614362789238,13.272383175142433,13.345087440117549,12.338406627025941,11.463455879169961,12.620913535356522,14.293482898046141,13.07075404193576,13.292628964328244,12.014842643038087,13.768871745013675,11.766394705714093,13.991619231260344,14.146433781022607,14.673256207743417,12.587671145796781,12.090068936347961,12.555853943279741,12.379338569615198,13.135228465108776,12.467227766695236,13.31158136220082,12.53743175060853,11.541893697384259,11.338053026924962,13.073260723896649,12.073384687952373,14.630920990977598,10.172944167385934,9.742496450148197,16.039266833347153,14.668255218659,12.336351417328995,13.776612038602648,12.938650227759197,12.804051611734476,13.90813097811264,12.7477237906145,13.16904437088448,12.039673333744643,12.777342059042143,12.974689297378061,13.361123594252962,12.223086866995565,13.005847713221677,14.071094535858087,12.992562677549278,11.81062204423158,12.47034845436397,11.499528826578803,12.796583595483199,14.518497986961966,14.116824022453764,11.989921446727669,13.416834318807915,13.204180350770121,12.782020716563517,14.015948828147808,13.022060516735785,9.44057438020473,13.996143053245286,12.173414175277168,14.38723317760488,11.340213325198578,11.423498904899416,11.534347030941559,14.465869686525807,11.871332497376455,13.579217308241393,13.014376644500656,13.781746001752177,12.626475446898008,11.24338348792947,14.087023467554351,13.847834367952917,13.210082523524761,12.997169426601866,13.720660603564719,15.101744891508766,10.420060834806899,11.694058724719543
2036,12.323974567910899,13.576442617437113,15.318602508824801,17.463059757066816,15.051469392102698,17.217969193912882,15.144763459330024,13.530392127192538,13.375697279753892,14.19830046594143,12.960808515872644,14.037815347961756,14.233243636462998,13.986532299414927,15.285275389966758,15.619476679874504,13.534121693314413,13.087015820586164,14.166724639782768,12.45317318258078,14.199779538842646,12.28490130020224,16.83688092231751,14.068841763164691,15.998238814913714,16.921410545058876,12.07340321560269,15.135365729746612,15.690159263818163,13.885244159756795,17.2043470196102,15.58349903251814,14.04610742839135,14.324245556541113,12.745432057458421,13.11879210093099,13.92621018381222,15.939271444859717,12.71943085867426,14.068249473105306,14.175095910611363,14.531521074797801,14.695480647294422,14.06302528148112,18.881653376247574,10.549946731847268,16.35656846865364,14.73115588789401,14.255217489341032,14.244178989659185,14.788626121600037,13.95655903349752,15.646411381337954,19.16575720258382,13.993564756020255,13.798232679781707,14.867320424512679,12.79492876905462,15.863364430407634,12.005144848771716,13.936306934763238,12.860738894861678,12.634965578499045,11.647211472301382,13.421629763248822,14.859033142904877,13.395425183455584,15.202194480792336,15.83497059863547,14.946317480958031,13.82446073708327,12.668454662937188,14.815758324997589,12.593301951885229,13.300811475446531,13.14749823316284,14.966791969602525,15.234678564512214,14.98414546510448,13.719881767811987,17.007067604557328,13.912927713407123,13.056904572507612,13.008171427509058,18.7788318136464,13.246015420750433,14.408529561174953,14.715230651523756,14.647995871856164,13.279484040063366,12.285509277944982,14.092792387241902,15.89555720272272,14.453056915946636,14.796154956130877,13.740948268900752,15.22441320833953,13.386477470721887,15.553947924271874,15.779443979668232,16.441965136839,14.110332184430693,13.727237625614457,14.011426878688129,13.918509204102602,14.862594499860126,13.726992640158404,14.630999038400862,14.04042370552602,13.086674489404844,12.34330105457617,14.485707298892999,13.04292301509691,16.45266070832377,11.745969191881949,11.074014124420026,17.97605434707973,16.721374329017568,13.579598253187926,15.254496206407962,14.743234415093195,14.092560652643442,15.591698775472846,13.962836586910745,14.636131416196411,13.508973334470522,14.385741253261981,13.85805204899415,14.54072210970132,13.377252303387808,14.396995335817337,15.508052084756937,14.532966024201851,12.737754983746488,13.272636628669241,13.10226445126793,13.934289105277026,16.48365490592045,15.873393038044805,12.9416218581407,14.867531801047532,14.417981907978412,13.878309459142065,15.721397030612696,13.95502569882766,11.064667220996776,15.584707398777423,13.132093732771661,15.987757434015686,12.297926712295283,12.637815480039498,12.453987917174464,16.127217961394273,13.457665960425915,15.162724856449213,14.524968138207566,15.20176918918024,14.314766089553418,12.764330014910392,15.64648149518863,15.539845007917153,15.06073755544165,14.620007094481718,15.280681725753388,17.25666020644586,12.08732964519573,12.505975629972372
2037,10.41465563991527,11.045811987927426,12.152125752146315,13.916162047697153,12.541386463071994,12.23658564265655,12.64408893753653,11.600139940562453,10.940432318081351,12.191597842084972,10.79265227768084,11.383570002229968,11.286645109562775,11.639065732045665,12.619886239140254,12.948046127516454,10.851510381892972,10.837111267220711,11.281464897501083,10.10129203785049,11.779115817631066,10.174917471149689,13.495182937901959,11.28134831006679,12.46002965712029,14.054341393968338,10.200077196178231,12.041277646856466,12.24024344008902,11.199730313504523,13.65274457439133,13.42029089642608,11.640793062422585,11.4307767788009,10.83211069691764,10.432830438746704,11.864221393090228,12.908819397830447,10.735551151082571,11.377703112752542,11.152997769496366,12.065119829514753,11.881862096164543,12.250787222110059,14.077253056609113,8.299147990248775,12.521779596805574,12.033881806363555,11.409271652283874,11.9874051966421,12.117163741880137,11.74612977525786,13.102108235916363,14.386283606290819,11.11279051399628,11.837630263408244,11.664858525537923,10.815606418561757,11.843939254141375,10.061406127136689,11.05719914274169,10.808029595762493,10.139604708645495,9.35343256949083,11.62758843689833,11.860133247207045,10.71809380209964,12.724595871632516,12.028233118679212,12.704001632073652,11.559672222472726,10.757422046735885,11.314191343991656,10.587352207173472,10.572098630136287,10.847336440873537,11.65599223965293,11.616640454239171,12.684908382270647,11.278299029187666,12.371797714483646,11.989844606946344,10.99051256469734,11.14105928462485,13.929250235142915,10.670117693264851,11.572126477794802,12.447454885944076,11.639241242487712,11.054390934518663,10.32120559008225,10.819950167211177,12.894611039401394,11.489341839500097,12.33519843188317,11.527848511124434,12.906421083471049,11.446601115815017,13.105248730467713,12.19461533184285,12.6747538180131,11.649625141983448,11.73922915367977,11.11951475655255,11.89965974685291,12.115236104911439,11.571632641286627,11.574853106291778,12.214034295519406,11.192198788990146,10.469528263596738,11.224618447215658,10.540385685942098,12.703464714729268,9.871633356680041,9.055606219107693,14.219004987374596,12.481827007768599,10.934388306963701,12.922784310968028,11.852028422381569,11.428579197973823,11.934667948471466,11.886953604367113,11.416092560181143,10.438954252911655,12.367786002628835,11.572778372417973,11.732387538513414,11.263616339951431,12.031278588464891,12.432101817396667,12.066010208678959,10.284158762382424,11.137175119279519,10.530305283913474,11.218649915298043,12.406660242937507,12.466020742188327,10.670603347942237,11.715061372388966,11.561242029556764,11.139212478033226,13.034593313122572,11.531458882857926,9.062950240903655,13.074366631067317,10.640359541482255,13.453848586782168,9.799456314062297,10.789700706246434,10.26111751547812,13.319917688875094,10.899899369186684,11.783725222734654,11.330616508165132,11.83545682611673,12.286484989266762,10.915900133529922,13.130697409338927,12.586841341108086,12.156058480072284,11.96736631744906,11.883880226832371,12.652256809033293,10.159121585119028,10.222616405914659
2038,11.924825790565988,12.967270449013952,14.467848217357766,14.853418148082238,13.543970403463947,15.003846265578076,13.830078512268226,12.697670478211796,12.7238998853642,13.336769205072654,11.96845452592749,13.505102047210801,13.474800161470702,13.048193405341848,13.836273062488312,14.161626231087292,12.9774283449287,12.712172620626086,13.530411287494328,11.751189860798743,12.959921557780195,12.163128455048023,14.645095640550489,13.418113289628707,14.60574802173221,15.456767877806788,11.308000653334288,14.325009359127804,14.188575094160829,13.399631338275002,14.653058253552604,14.366144364294799,12.803058060574466,13.737156157260358,11.914153320795815,11.629111255316635,13.065529490031466,14.504971263444293,12.489489430318708,13.544995952883488,13.155723889378592,13.277702196845382,14.154312173228554,13.325734314711198,15.604355879451917,9.663309118022095,14.78227062523365,14.143720912220688,13.622045483278194,13.297235673860365,13.395185436567534,13.010479292062964,14.174110965236379,15.75297404242599,13.298940321207859,12.987016587315699,14.058314107520427,11.87330400077221,14.434627984286005,11.284096598949121,12.787152482115701,12.140063716665559,11.9610982619064,10.975531348229751,12.63862042258615,14.229761029715123,12.898295921475992,13.770942591778612,14.32755840342978,13.859795142127123,13.273789828238282,11.861991841184064,13.95661864105774,12.36185240666585,12.019531242873363,12.543177239272907,14.13131845013603,14.30182605299511,13.777531608291296,13.284012682614444,15.006973575314749,13.150101729385232,12.701834733395469,12.20029248653547,15.467290383318197,12.834266240506066,13.867074305596564,13.815342202944603,14.012861583543863,12.94370335806161,12.030597062052593,13.263402439086981,14.35994097477068,13.689302966403572,13.512124958407625,12.848525574673777,13.95606133625235,12.53112091739541,14.060762496179212,14.830946727615338,15.031944314503802,12.727979549733195,12.848707737482115,13.004405727529004,13.066630815115312,13.315865462888842,12.781511650785156,13.977149082914648,13.319288862950128,12.292958140535202,11.553333248254724,13.693714934522694,12.375218454910359,14.7293900322655,11.00486586145733,10.217461455243882,15.222606494374892,14.845401382964592,12.975440294198368,13.914948023855692,13.181440117242543,13.441043433935748,14.19134213415015,13.085130210196523,13.80208349551844,12.622906735166909,13.462171808856988,13.342377365850236,13.933264691544617,12.616799186429251,13.648180094102157,14.669242238706872,13.145827907987913,12.081200414580174,12.764639007595733,11.67944291444576,13.42519201014353,14.699595087288836,14.361311181731852,12.594089549925664,14.036167224788153,13.869211816269422,13.404006614633234,14.201276879352722,13.322551703971367,10.251544454458939,14.092659058130304,12.46046446091698,14.591464400291448,11.632985824476117,11.864572638068756,12.099538682919482,14.316619868835676,12.046610437293092,14.228317104279995,13.683704694328103,14.444894774776438,13.357526029976407,12.031277286394944,14.268148499338526,13.621104386108724,13.429454023990292,13.03563907224199,14.369402768009383,15.266909388096437,11.337483423154639,11.969138958531882
2039,11.24919751578051,12.064687808570655,12.987513507108979,14.852500283199808,12.981797197671685,13.713459784893885,13.109138440826662,11.468929777650734,11.962223064640295,12.139490483733622,11.21887399742137,12.25383640518007,12.063893426047718,11.774111841683803,13.117867260523465,13.436049892850544,11.72914313124088,11.596089434405062,12.216458881516816,11.018371879892507,12.21903923801754,11.063393076476842,14.265082332103152,12.040107105737148,13.484419068321586,14.930081090849379,10.075017329791319,12.871479630470274,13.263989407083267,12.107243410595087,14.614257502491059,13.790166304001344,12.017060112046163,12.38373994924452,11.211066420959389,10.887567469607228,11.854426693495203,13.713121966175416,11.536606974899767,12.275781630012002,11.871281258235483,12.454464344226796,12.812269425910452,12.130915934948817,15.253456807654837,8.113824335250841,13.733477155151574,12.876722786899494,12.309614740150133,12.426956083787527,12.634076618225036,12.13327870760923,13.548998185473945,15.7476651739815,11.893496499067865,11.938580122978793,12.553598079830408,11.217573843957128,12.995672230487287,9.935485258374523,11.68969414056451,10.68265831600065,11.206744147626603,10.23790094126826,12.01201140702419,12.85178317315877,11.607410990552086,13.152038094142211,13.218713549168214,12.964605819919836,12.052029014524559,10.638108686726218,12.375325235396463,11.308218934613729,11.098112956661245,11.826532359356468,12.622922891629456,12.567272603086641,13.106677677320397,12.103804822039345,13.780598104486002,11.892908546020804,11.817827195577,11.019707474209696,15.095994069524433,11.588262812740618,12.51360476701318,12.521903032922875,12.610180391241677,11.837462467100957,11.008421992478164,11.662247897814149,13.61641891171103,12.284048886402793,12.792637616395952,11.523544369994296,13.32610746311105,11.314574085014021,13.510538620793307,13.1335359212497,13.752622743663585,12.07162910975192,11.62528772462848,11.796397228603778,11.897946824198186,12.606392934189545,11.967333576763457,12.554219092930788,12.10598671387719,11.093009296804665,10.879116775832422,12.108860502100507,11.607936812807685,13.796977648875963,9.743689633905888,9.246027276081882,15.23093426373342,13.736833941029468,11.660785292801647,13.322875572287519,12.38742453669724,12.138406712399876,12.989566208227824,12.27173758306257,12.26173984048807,11.194943580371534,12.309970218313698,12.500513949148033,12.660068786014678,11.727524407450922,12.431152193118697,13.236759802670745,12.49288270849249,11.334734057248367,12.054992435115352,10.966204398676108,12.128337619097337,13.630878581301028,13.45395837529846,11.450962726350712,12.553989708423615,12.505618352442985,12.07366356723334,13.527435234059464,12.546672336109305,8.980467420111859,13.50420342191406,11.689425638836358,13.912885101269126,10.879819860600909,10.95552324568448,11.001536542954652,13.901700297127599,11.33859168276515,12.659065905189069,12.173622760759747,12.91055708698443,12.157154290896397,10.805126998411572,13.600911154047305,13.22525460823723,12.683698981838385,12.455005131985832,12.777188237432552,14.051850283599416,10.002910573258186,11.222368604463085
2040,12.029059512459714,13.174425488580825,15.444010020598126,16.523632034011506,14.74991886155761,16.648105818292372,14.99650759217532,13.390931617873523,12.901480822459511,14.057162551452286,12.59586191047793,13.796675923685346,14.298905550137812,13.863151485950727,14.998366093667952,15.375540025856186,13.285947014456212,12.92446923515071,13.873264904903328,12.05794133166985,14.155131025644748,12.160650465799412,16.233159277750097,14.185443142186044,15.646363349064536,16.820813878722813,11.913451644187067,15.265914530209873,15.196576828541962,13.720069890031999,16.324061590692274,15.275956415611764,13.95485775431861,14.082168337605575,12.52496641777132,12.896850186197657,13.677325207416132,15.869778126478195,12.561760249993078,13.856194693109263,14.295691652547411,14.387377477858383,14.57314440567532,13.999465564086163,17.15050789065983,10.37412724002143,15.979502768620206,14.620967288380085,13.939841708411347,13.863121734689114,14.644365985756336,13.587144045078237,15.368182239649089,17.986424010732897,14.052573077056719,13.498822106129452,14.930762346995918,12.500916230654267,15.735903071968455,11.894894610928452,13.947927491901366,12.745564186419157,12.149862660500022,11.258658469047235,13.253348670251992,14.620843677983984,13.183581714072954,14.967962075996661,15.252944194752237,14.853422236426372,13.727695608592555,12.49686559710814,14.504984612698143,12.500555503627528,13.21918970832359,12.72648815875468,14.808421529829504,15.429678887290796,14.966262563415198,13.546676033216977,16.552810264670335,13.793973139041793,12.833644583659327,12.833814896157257,17.04587499473406,13.150425611306794,14.165515439989774,14.606612236927385,14.34041614753559,13.149965490336008,12.17146703341733,14.30010442711089,15.707138711667577,14.520323444967687,14.708512222191885,13.609115391564755,14.952972440615946,13.17645344551167,15.2375625151655,15.9257721926855,16.260906023823697,13.950854828824168,13.488136096452568,14.108711333054567,13.690319574235573,14.549304704951208,13.348289150825664,14.314885970043104,13.957136687053287,12.918937376011973,12.138794731510725,14.759100003734885,12.556684291749464,15.969375973162444,11.606533445276156,10.815909262908544,16.983080661815144,16.182305418926738,13.643213686735734,14.957035305707356,14.418304468950499,13.853509085981747,15.460449450689824,13.604653999857282,14.808298494464353,13.66876249474919,14.213462790474297,13.515087829335881,14.301703192617582,13.130480446893234,14.171041497960687,15.614099490901697,14.339157284277936,12.279621105965067,12.906489807626475,12.94323131409676,13.732413027597513,15.96129041651021,15.294506135194197,12.802447037528394,14.952473365094349,14.177724487917581,13.72550029469573,15.427772707913238,13.488905292814193,10.871592334755087,15.289080451040167,12.644929856507353,15.760801122240403,11.8159895795195,12.473336230801499,12.286840652318109,15.632130561963372,13.312387015508568,15.229048782838104,14.57316431597523,14.890275650212294,14.025217260355534,12.65387182504587,15.4801201723192,15.028517093347471,14.710652342309125,14.300864867542106,15.415182842184665,16.782005642419275,11.892603551564012,12.12493489439721
2041,11.360996778568495,12.32627396856475,14.397814789462998,15.362033574477486,13.855820770982815,15.359053536804153,14.114806667618131,12.29085185888993,12.09955010150114,12.970043830462204,11.200339075152606,12.949027010280153,13.367445795432381,12.650335025305498,14.089468603589294,14.456003297079842,12.3979072354572,12.196056201770583,12.947278678396962,11.103458194709988,13.264312628818596,11.555077999830246,15.08977649741523,13.29487195862052,14.692713990159657,15.668684824653294,10.864539951733926,14.262110681515999,14.3374919709952,12.82455949096576,15.176468298487046,14.55835623067358,13.027574971804153,13.130798088467643,11.275851261275617,11.950878180563452,12.612994656675369,14.677638016317204,11.883998727668889,12.977529491905287,13.254755290306132,13.447576662282584,13.623862328331754,12.931092215378001,16.023809370787248,9.10612195859785,14.987378825312078,13.688464387016293,13.0349067668633,12.352739402700383,13.68522832882793,12.140858426366165,14.490630326225709,16.432172996842343,13.156839499047596,12.30993934283438,13.884175803188397,11.202769522109758,14.558615331416545,10.782467490709998,12.949364908363508,11.557804918321576,11.329806415850056,10.327361943443185,12.047763694563638,13.62536379241425,12.28753882962401,14.097282821434023,14.371373018492825,13.915864101408616,12.780965886362221,11.431822025480315,13.363160789336849,11.842136571588727,12.274785514435045,11.939353851763455,13.733941860173061,14.253643900156021,13.875343444554701,12.752254606265094,15.333040602910133,12.684584521243108,12.128277824948666,11.785433295425838,15.897067082964861,12.254500905294787,13.243961654375715,13.398060783419922,13.374926784116289,12.416475117449524,11.532593778294062,13.225356883126432,14.620262240259612,13.575430212947337,13.812730053358749,12.422266134263381,14.178966298051503,12.096413001580085,14.381553780611442,14.764859689966498,15.169057831978016,13.057557870350454,12.400418372126296,13.118701668577678,12.641659517732005,13.613012068626556,11.928336517156467,13.336650731932858,12.892767813755201,11.861036129781736,10.93404360358482,13.65186741292153,11.726452649935437,14.99466245589049,10.560164715122914,9.578519992530348,15.763421491436336,15.083478330917982,12.835417417080508,14.174789431626381,13.448183988747392,12.884333891389165,14.354193060132472,12.22008887038607,13.752917813825546,12.660647751358542,13.131258034390276,12.753399477056837,13.376364104368767,12.07045014081118,13.167524682823569,14.618116483902151,13.472436594250409,11.447784964177433,12.172717049717905,12.019181289750597,12.83780375123024,14.916404463674711,14.461956884550014,12.047166841428563,13.938983254863516,13.251430291520515,12.810351850060018,14.50507259579457,12.678956092699712,9.728057955513185,14.405643581412733,11.827118990801113,14.892079869042277,10.98896105166363,11.340425790975921,11.56489803058946,14.675153790608698,12.389247349422911,14.149981809051143,13.572106892971888,13.783263814797545,12.925812263203706,11.601967898075996,14.580567724678833,14.021110062851852,13.737556734527258,13.377340445780886,14.31496788755707,15.567172502531957,10.816286441586586,11.341059953055304
2042,10.673188110732513,11.426526064134165,13.07406580966452,15.241422587114831,13.04624207139663,14.24920783580645,13.152238056063652,11.17469134764827,11.318314739745926,11.8553654462423,10.46957275190431,11.669273349901903,12.143238449874131,11.618240010155287,13.135613746455187,13.480617385843528,11.207556244390817,11.04170249337736,11.65267283339863,10.349676012810642,12.294228453513071,10.44475111802635,14.496466214242192,12.111674210947495,13.75038187141004,15.10934658802074,9.736749689864078,12.989986327031387,13.5817613368449,11.51798776245635,15.048625103805378,13.814127591641054,12.048468503453167,11.80019742023686,10.603874577411812,10.967992471531032,11.489041766070802,13.842612431425115,10.928043629164284,11.679438880928187,12.031041569284003,12.45225079082277,12.284738200190274,11.81338052686466,16.4465862719909,7.72735071943506,14.079297782286359,12.416017434033366,11.736951276336027,11.598983155968401,12.68519649492658,11.381279012674227,13.599921379400339,16.299634035514753,11.921015502318092,11.41157179520182,12.530827143270036,10.517754799321944,13.309327633160615,9.590753416490296,11.812901876978172,10.295098336818425,10.552635756199772,9.544479822658976,11.405795169265376,12.285870282870274,11.078329371936297,13.222252984247778,13.518775202657865,12.906073456549132,11.577919666776834,10.30336246833853,11.962241280338036,10.761762378656348,11.20349536350746,11.199375157365983,12.365661611092152,12.747265727866605,13.176913229667628,11.497405272463096,14.273411662034372,11.54563237273175,11.212337547022363,10.682549976460312,16.309732494146928,11.0018184904576,11.879045515341442,12.299474771458494,11.985879117380023,11.265007020986602,10.489926502594482,11.847159499990873,13.708376225569975,12.32851899512436,12.855456801293338,11.191282633853998,13.348576198777426,10.989493239509022,13.576031499582788,13.278986703563968,14.055143061215468,12.150747549679616,11.292850054152634,11.900639016059756,11.529798246029282,12.653056256635036,11.199412392533342,11.93405856580838,11.778423555357302,10.752405636174524,10.240057503764069,12.273804797649223,10.951544880219133,14.197041004896166,9.402109573716698,8.682509485146273,15.664089201585107,14.147137155351434,11.664764148405869,13.373459446203452,12.402697911000125,11.626841460233152,13.28812756292198,11.526793987044824,12.378202717427326,11.33242108203147,12.042554416460924,11.865044163620995,12.10574141047571,11.212763888356479,11.993852808747604,13.358376324176788,12.572272631785143,10.698204744445244,11.42854415633432,11.069764959190609,11.52481387960522,14.015671033493208,13.700933067694951,10.894022733620973,12.631743834718419,11.862561356438244,11.481554563926613,13.549719060568709,11.897861620249305,8.572538871520564,13.574596538815815,11.03741767646178,13.947924665782763,10.208067053888481,10.480731292020367,10.527463611701265,14.059692130464574,11.425620899090298,12.770727629165936,12.235540908963786,12.311637329909468,11.828776911225013,10.47610101662576,13.649993764965433,13.43972257297972,12.714127049416952,12.566355568883212,12.919509960419463,14.522967529037727,9.657665213974921,10.604786873835586
2043,11.426690736542575,12.48568399319344,14.877611934004923,16.56838947793712,14.305522587960182,16.04957087532334,14.542594706396699,12.792560807996146,12.175390391732039,13.491888584326142,11.77190618152204,13.319230373786842,13.804983151671681,13.356120847813463,14.593344785273077,14.914634239414466,12.817376347582627,12.54122624287139,13.365624267445957,11.28270810453788,13.639147283266418,11.78490501771802,15.970323615100071,13.712834772856342,15.216977204965511,16.390541258065596,11.353243945125977,14.710135215326495,14.848078823607901,13.211158275766218,16.36890733242035,14.975271344184874,13.428856307559697,13.560469659126321,11.724137357233657,12.365837385958951,13.13797415452807,15.381968813097998,12.111776677162753,13.367026998297028,13.688565283365872,13.908761363314545,14.059476362622306,13.426342016328936,17.721600309662204,9.716153982297882,15.586961491600327,14.10035716191582,13.448849617139155,12.993502119313119,14.161279896355193,12.685009158823803,14.928521066256192,18.06581635190093,13.620644859645678,12.827396397033464,14.36738193844972,11.707163282710573,15.139162778854375,11.303809222562805,13.388003751311608,12.14597145208846,11.391008290948106,10.468832985538507,12.47725822290649,14.08797332579675,12.723568450173605,14.50857702610286,15.002625960370768,14.334674957653748,13.198466165234215,11.935442438227653,13.91737040197072,12.177003868896028,12.6645043913437,12.033909702086413,14.246841590041702,14.758214793127516,14.504402228671577,13.102216869592672,15.970412302276365,13.228305641723713,12.333414901857793,12.28113660969488,17.614286806272425,12.615938965717088,13.659482353407403,14.102298916681953,13.809378135787403,12.775242276489735,11.86032466914343,13.65410923330194,15.24510847414216,14.039245902196221,14.217817822876183,13.032784755625155,14.609862611345623,12.618186981052808,14.807257387868093,15.286931620991748,15.71139542758465,13.464318342182946,12.939433621799413,13.51338936797465,13.170735027155153,14.068920445183052,12.495643141477004,13.771473777035009,13.39773616194725,12.385771230106126,11.328330702917736,14.126193152740598,11.812845860162508,15.552907049655909,11.041425919727141,10.060659816083701,17.056905585786577,15.713951670281265,13.253072851377988,14.5798150540694,13.961964045691749,13.326878555442978,14.951868270564342,12.790509121897427,14.192991526878393,13.049323626834413,13.634595070844115,12.887980344502825,13.790287048596403,12.453144741123138,13.632542824615603,15.0623622543138,13.858876862117782,11.525432904696338,12.243048800074536,12.416093134321272,13.233080362739127,15.532803793640245,14.983111850593401,12.410702739072887,14.424973310335822,13.656558607927645,13.201047652441522,14.98926580357163,12.764929407964582,10.247058059169873,14.852384547824444,11.893445229671554,15.332764190176263,11.055589694043864,11.79268488806227,11.914986492499061,15.317661896995876,12.788157365406342,14.642580545385895,14.060384550820226,14.271706766185718,13.471437351859139,12.093957014057947,15.007538582319802,14.767193255865058,14.234818953291878,13.885477890948886,14.806441746328186,16.248066601545915,11.364280608685123,11.429214468914205
2044,10.141351328919761,10.888291755448217,12.449558153566297,13.460992674464768,12.203777388062166,13.01338763535023,12.228846704911284,10.706157778025323,10.72674830500846,11.364036902036199,9.249895738356788,11.374203816461177,11.544544455797778,10.584461427577166,12.184318114396023,12.50794724715145,10.898178814221984,10.797346662912194,11.300542753351772,9.582432132862182,11.343414895044154,9.936312781727832,13.064698976181123,11.5549810010454,12.903125091739325,13.660778496576395,9.285755107908148,12.35681346524507,12.735507073609728,11.208749528103708,13.261142413253369,13.071796922580061,11.134147532932136,11.462588610532489,9.504250928921545,9.958216850200422,11.053214422670077,12.409846119258715,10.56754819554803,11.367870603566582,11.251904690010557,11.565426943742711,11.91527705024118,11.367801603658695,14.708205803580912,7.152580359626724,13.066889424038973,12.042941844875358,11.423480913690899,10.395079934321666,11.680802264777217,10.17597314703744,12.717102095201293,13.854762853487678,11.360843604025634,10.633226971911348,11.941034448859487,9.375055705055432,12.392505869917246,9.085663823653825,10.99602310197509,9.769558166599149,9.941645573662674,8.809402903258478,10.339787125668451,11.920414729975162,10.762163002853812,12.35129042747228,12.556527684564175,12.144170641489128,11.241776051080745,9.871868775914544,11.480984484371932,10.536142373862472,10.294766964852744,10.60434117467831,11.866515055086223,12.001589194750009,11.504168831054937,11.223375267916072,13.103333059860315,11.086388076939015,10.806692027851295,10.235800769342033,14.582038713538129,10.703784235915089,11.586035162048494,11.380199143096156,11.66699056424524,11.018669972092457,10.275785983256672,11.159929326047065,12.437931088566195,11.741435569265615,11.92313717904946,10.581166892838867,12.52672202719133,10.535474479522396,12.748927965820972,12.541778610128427,13.17068963805619,11.234810151321735,10.836507248651722,11.115598272694195,11.122912790707275,11.694162552528407,10.04493298357272,11.61458831920248,11.336674381857335,10.319639118145341,9.181929235792033,11.609256358412297,10.34017998109693,13.241466467147289,8.946953213080237,7.762583824927391,13.771300866552021,13.097058821793485,11.154367887455484,12.558725667712482,11.387241311371332,11.255867405430132,12.320986774891779,10.39752842421117,11.73106687337808,10.610906959713803,11.531999653691186,11.377645026244549,11.76624432918818,10.522341597825289,11.604631005325762,12.749801262241348,11.677734594346713,10.077067476251852,10.876192080261914,10.094665503858225,11.235645164695123,13.01513571791229,12.887106654436693,10.636332622688752,12.007415077770533,11.578471830276694,11.181554065247921,12.6057418797813,11.298733351104286,7.975257241572053,12.714668675609255,10.435772696914883,13.028617832080826,9.590120470151307,9.68707473802826,10.273207216807029,12.928013681555575,10.45417351834476,12.082293515943968,11.589460609237783,11.910708443140209,11.370706854793044,10.018298088087011,12.740336793596335,12.154138763961585,11.694076930172743,11.546190272854721,12.225232161880147,13.360165058594685,9.175521866134975,9.971576458207615
2045,9.707925248405207,10.249558425953857,11.392401851551691,14.371264167615902,11.662380501789892,12.450455973329749,11.66840969350027,10.180239985231312,10.175072259877041,10.819532297349172,9.232307935538502,10.46349805552998,10.60448621918002,10.769527146147322,11.62238535123027,11.941306724172573,10.013958773778185,10.004182287532357,10.34413536445683,9.16974794022415,10.790838594244713,9.517201511432297,13.18220120117716,10.64292365960453,12.33661845891291,14.078553230866142,8.775911522300348,11.345195407695744,12.321650769885467,10.281251373417353,14.129088190586671,12.570493584741719,10.59329005120241,10.48229161131641,9.488009633496405,9.397331019458564,10.528130489522999,12.528356504991002,9.950658363168655,10.437975401747165,10.30667149729055,11.014070117603184,10.918838234213384,10.83508297012684,15.734555397344673,6.525610764970898,12.61982827536438,11.101914585608501,10.48409617603149,10.464391274944598,11.127434223890306,10.264668881245283,12.149655799178976,15.184464363948159,10.427498034808945,10.403369755200718,10.879150504732262,9.36838403886751,11.508961797732377,8.535001208681777,10.157583479162144,9.203409201101119,9.396292109670037,8.387213179598684,10.354053110289186,10.91971755764731,9.872532346569324,11.788261097248487,12.220692348868953,11.600419160464538,10.514723065754644,9.362505597264871,10.432190215943946,9.804782529402038,9.599330188301595,10.099480892653055,10.809139365411323,10.769159525389904,13.154377428085908,10.348911925907368,12.551346622083498,10.55731807892089,10.19799577801124,9.737478164632039,15.579592477368271,9.796738166847957,10.608669314958645,11.439610077716086,10.66020541476167,10.209517390669689,9.576870224458856,10.037677210209003,12.265049390332853,10.775757041638315,11.359056179168759,10.036226439087288,12.016378503130829,10.031940877974117,12.200756496709323,11.340067452305682,12.423834711961126,10.66228122944417,10.351992888376117,10.2682449122,10.606439753071125,11.126944033024104,10.066916854161285,10.594564333234143,10.81221623103256,9.818783748085087,9.11112054565456,10.461024307200443,9.782471874809783,12.819272195515428,8.424095654941123,7.56471473476647,14.764229640364647,12.605624656314433,10.29600623962672,12.04514312355415,10.790457549261989,10.403353383521674,11.667859311033366,10.450540226114837,10.640081357372848,9.608983278112566,10.999838604126127,10.77089986982553,10.818167499064103,10.159535786379939,10.864884963866487,11.698856421138927,11.116661254235588,9.546971070580188,10.377655044845913,9.518746992816096,10.291023754342662,12.53469180194256,12.501092759163488,9.834220415143216,10.976724242224646,10.583910167966366,10.22839760585972,12.032343992072603,10.757311870870383,7.50371853707601,12.16201053883718,9.882809658170396,12.472108445089802,9.038126080985304,9.46052652751298,9.535602549333934,12.803717172016269,9.872547186911108,10.991261733938817,10.584660005958183,10.825836846928881,10.873420507687593,9.494460197661642,12.173040790159419,12.192115640672656,11.095785156540247,11.15295997132426,11.079626546605779,12.81913942778888,8.618217796411205,9.499807448490806
2046,10.792262691417301,11.57297858012759,12.798116340524643,14.150796955694329,12.48220013681313,13.275741135296617,12.60878235700986,11.342212288437981,11.476947539850425,11.952050302663578,10.846152658452807,11.757926618680358,11.878851798848938,11.497537325399563,12.577782472352622,12.89730317445229,11.251465013220336,11.14518349642015,11.68580551303761,10.56544838197853,11.743046097720612,10.454164857935648,13.60740145976129,11.871040791435087,13.174715736233022,14.457479987293484,9.942208507786626,12.678679260141825,12.917816031238312,11.602294038505415,13.924424036486963,13.333230515051147,11.571033622421648,11.859164533488778,10.979200552015202,10.38048322636472,11.673080343834087,13.22728452442781,11.054416521411875,11.761619930358037,11.586293203189324,11.99390171217206,12.29643896384084,11.994327720841795,14.34909710158473,7.963411861200534,13.30469088839448,12.41736586067988,11.813363117044387,12.014867779353391,12.08938964399631,11.824344349620132,13.04459700636242,14.81642637175062,11.70303979872362,11.700072918714879,12.29958685811447,10.887064380166324,12.686269553945117,9.77573178854326,11.346613759417897,10.502183892480705,10.71042378473541,9.780199784461571,11.772519658927036,12.305025394752867,11.116122936850175,12.667347075174689,12.73194877220237,12.597169452255756,11.718299352401948,10.51755409072275,11.89653354494468,10.857375279392887,10.685771149866609,11.337438530248145,12.242558372085512,12.355656478796964,12.882445227516735,11.609160498108547,13.356789153231228,11.727963937912136,11.345170351474186,10.875719233132576,14.220705033644386,11.102964638084497,11.983044379350286,12.260869383002104,12.077637465913664,11.359496629918398,10.587810894393405,11.498410827763701,13.077692029916719,12.080624335131645,12.300343142113773,11.282792090397816,12.84790317033944,11.176604402676707,13.02942407293164,12.905706200100806,13.453221362732032,11.58724552712849,11.481421617305152,11.481575092381757,11.71675452201263,12.076451430664115,11.601307690953433,12.02407744150285,11.963625302416794,10.951173317884404,10.609730249837689,11.923839352701027,11.108538460796298,13.435228672850394,9.621515395848647,9.039717464343363,14.494687809244448,13.341088010241156,11.475375850563466,12.854979192109209,11.82072444584059,11.695150456026841,12.635935790107954,11.887479004328663,12.077127598873949,10.973402978285504,12.128472935570324,12.01784697936281,12.138729390566768,11.438549214245182,12.094096181833228,13.045925608552666,12.011187898804957,10.834042779372439,11.583434007090071,10.479006045538444,11.623146525948595,13.230317878658356,13.113683875488197,10.98863836033675,12.359132019802928,11.976006083595362,11.572153158040477,12.982095228265164,12.058513146865627,8.830769964129383,13.006071619365532,11.19804410549367,13.409578821581345,10.370445773491392,10.793036872763997,10.5820034282363,13.342469642829636,10.841906342736404,12.446813675372496,11.960352883309774,12.338823238995086,12.00822333019713,10.652790957009017,13.087048718189498,12.647256629946444,12.109204342507804,11.941748321096862,12.565152742292575,13.613407839251606,9.82946151025269,10.690039185402188
2047,10.376132907426879,11.029620106129546,12.199611169002628,14.586682306683587,12.66047083132941,13.078502612269446,12.82680706777003,10.957843718685858,10.934414507740218,11.637774417419797,10.307295078411698,11.297556025502471,11.358028016073389,11.284589001989888,12.835073473498875,13.124981075606268,10.788904117177365,10.752036663015252,11.195585175214907,9.996588539494118,11.952307785375286,10.24227517940428,13.960064688454507,11.36786692654309,12.99146266799906,14.751179078350896,9.55308845355783,12.123621687293047,12.90211836799331,11.114278567388011,14.376552672489833,13.562115258496743,11.70830561236843,11.348633892570987,10.447975266076948,10.558643798789248,11.277598871647015,13.512422792127598,10.706333599903667,11.285844751026318,11.238567725552818,12.14571183514984,11.78213797898396,11.634163820933875,15.169739907202514,7.48087981582174,13.298222246053426,11.928079289910588,11.33395865932107,11.46196975688572,12.329064778335717,11.226531852846563,13.245129939472386,15.444093638140227,11.222934246954063,11.256149327058509,11.704928316165818,10.380634093576152,12.267024347639602,9.377630649944363,11.163684455110975,10.102623839376735,10.148394429671542,9.238733035998177,11.276305194620207,11.7784991029488,10.662830888577128,12.86071766038304,12.81547410203063,12.628869303137714,11.279158913732871,10.122856797326518,11.290329774436747,10.535899915287029,10.676785534875387,10.822479316802774,11.656237793438462,11.680226289221775,12.985507897708727,11.172342036931738,13.193477515941082,11.352725093131484,10.949817481410246,10.514203998837218,14.990548004274784,10.617527889492722,11.507364304817246,12.02415866198261,11.570617188537577,10.99485565843466,10.259326504624411,10.849019069670016,13.3830146993227,11.566345401371464,12.518534792323964,10.969729309010765,13.077815386507174,10.794097573172465,13.194320020306373,12.249638580433702,13.11317051283043,11.777805642589279,11.091209843592802,11.206863211670324,11.339554277856065,12.286930046327734,11.058457685715478,11.50984746719832,11.60186585119885,10.566799158594858,10.098662028008182,11.302629022575596,10.543852414773855,13.329240264209071,9.217445480596762,8.517428088548552,14.97784996291866,13.231606635872442,11.057667576100513,13.06207813944101,12.088162477411652,11.224698593597049,12.38685614064984,11.392228534364184,11.466580004269337,10.507051250856856,11.815106907656988,11.541838916423528,11.64894021464431,10.940936213602193,11.66530722885838,12.492939490399769,12.200919856681772,10.274431191020364,11.109628179495266,10.656803626040725,11.151649131075201,13.152596604888856,13.123483732990596,10.589026178840712,11.790818741788037,11.493321134992266,11.075316043084733,13.185880199560657,11.526993264970573,8.376663583047367,13.207164002987351,10.640783493123626,13.595640480275392,9.806614351823281,10.315014754664961,10.205706282316346,13.595758201959343,11.035540227089891,11.84226877533871,11.404642347732317,11.743600756253887,11.625954491430491,10.279753988527736,13.301227070391183,12.950088479596635,12.337530440063743,12.153774724868333,11.940230388882691,13.47516422548696,9.455348606666794,10.183179027157959
2048,12.604385223077696,13.830927888984265,15.998041095940962,18.67093289935071,15.873946252076522,17.974867018668554,16.15838414689769,14.440980643033981,13.59495873684469,15.126138350237973,15.273829384018542,14.282215307588162,14.837323326131571,15.584993834080903,16.250500552032303,16.627516005350202,13.782684867796693,13.334486310896668,14.445846211651093,13.222247097155325,15.24040705224742,12.849995234738223,17.984013153159104,14.698058351226475,16.561719588611435,18.34935062346251,12.94784944407318,15.861911475658419,16.150764429050945,14.249101677018663,18.426877876986634,16.27589049028314,15.053311610999318,14.626885246971383,14.804331163997235,14.100497264900934,14.692935584679894,17.439348464426793,13.03501309000927,14.365997955850933,15.066888169102047,15.559262937825661,15.151041569917101,14.998903690472899,19.124641501385234,11.648374959502526,16.98246641262718,15.158704477807749,14.445518452188242,16.639732075774152,15.890150750460831,16.328846560872126,16.538422074006956,20.86184126656989,14.556979171607807,15.355672191018641,15.529581894045293,14.947843541269721,16.649751144906755,13.014931281623635,14.832968115806585,13.923978198481647,12.848794826751817,12.381584669584813,15.392269414404167,15.215181272962816,13.686477160972098,16.07509055344955,16.28672020849974,15.910387769989347,14.421601465214854,13.531523387069292,15.164435089282373,12.863615707210874,14.224355460832953,13.387241539747821,15.42093292332214,16.087538838386536,17.886644078337632,13.99941701733548,17.743137670599904,14.870384932212213,13.33632223243299,13.858234635513762,19.03447369388912,13.630325139540698,14.649146000976147,16.2000414988269,14.865746376307118,13.538027727085616,12.532047720059103,14.904137008540014,17.178991597631704,15.049067403959196,15.810013156870134,14.836630948292823,16.04253540609194,14.233361091302786,16.344660730465602,16.60076546798582,17.15675846649253,15.043265550032906,14.559738671002185,14.90149451468302,14.684461743935293,15.799416082060855,16.04710620641708,14.84542116911515,14.964334490506545,13.96328315203605,14.280854805008225,15.337309046284014,13.273387991215877,17.016238901926123,12.656736464604087,12.844808907936454,19.27073697940163,17.33589551759803,14.094549692195397,16.0234393943911,15.760960870462915,14.528269816999854,16.41409976326901,16.232495758844458,15.369868401599968,14.326193653371023,15.262737302676497,14.120426395665044,14.839486727248067,14.456933068192528,14.947496041007664,16.18132528014805,15.433854274127794,12.962475773351999,13.53988851930784,14.105907943261709,14.210814039344372,17.06394799895909,16.29613802225694,13.221596951070046,15.526639518530473,14.659109006757324,14.235633292275926,16.694830008175064,14.185602689566824,12.215425801503917,16.42351655078971,13.3460972600657,16.972922949687295,12.523687209448093,14.151035568636397,12.695613265037542,17.03167130117831,14.438583046197891,15.839253529258396,15.154269697873492,15.531313406546479,15.097318519716678,13.689350840028219,16.602871734163042,16.573540760123212,16.074846073337223,15.55151295143625,16.051592685606174,17.977218469847802,12.99621987002699,12.795989909897685
2049,10.090483554355478,10.74690162179911,12.076024015636545,14.90059129958568,12.570050281027093,13.194758324013298,12.6703023094198,11.49029468809781,10.602879864771081,12.13423144347642,10.782836874218093,11.221788839153621,11.224781155262304,12.1972885896963,12.635803674226224,12.986985021311304,10.70427522285963,10.679512164838936,11.111331360981517,9.873749611413352,11.787304179257028,9.857237671218488,14.045911429014623,11.233593357322006,12.967154840412345,15.158457667607331,10.072463098427523,12.015436557081083,12.899153677341731,11.03754946395107,14.704657601273578,13.400173780710801,11.629472359407531,11.264967461238085,10.868753704222167,10.417057857646238,11.764056078765702,13.772351015521133,10.503961120286716,11.211637504560793,11.115724023593508,12.085113303573882,11.689910733829377,12.156154013198355,15.758837710256161,8.112335876683181,13.272950691373453,11.864614238760073,11.23931823346926,11.972885129892305,12.178004516531589,11.707876909038298,13.123945962475698,15.900672383930377,11.049110991475377,11.731911326232169,11.583879608175032,10.806566678311516,12.24369155307827,9.93320062418681,11.029729257702183,10.704151437496362,9.815035310614373,9.089996927215356,11.67958252836505,11.687927605422297,10.575875858400769,12.746861977421721,12.801236940142902,12.691834475683132,11.452285247166522,10.639644346483374,11.175137835838225,10.442782364461733,10.538906318661962,10.519596318466307,11.5392175404274,11.546254724264145,14.102506044118304,11.11283029129972,13.293346486418795,11.917171441099565,10.73028162457859,11.023891198712034,15.588925917511402,10.506872047305755,11.396055901909008,12.882967360317712,11.458455056276012,10.896146871797416,10.181108582278956,10.733961361743837,13.414269872333692,11.41916587884012,12.353073950047081,11.470009434806263,12.907944865443786,11.331867147884939,13.131258106749991,12.113446767401438,13.106562085125757,11.660305911958543,11.644786058884597,11.075112868331967,11.8188429824684,12.14839856731503,11.524955986634545,11.396169821367316,12.134095814564951,11.094774067966247,10.431889045052232,11.170397875709055,10.207731284525083,13.412752200727882,9.729648957595879,8.97069954118975,15.322919237224951,13.282917093485594,10.868603064071223,12.925353535167547,11.876409642398357,11.278432675191887,12.376955362117808,11.856969852162445,11.334877728120142,10.358493894824518,12.272856395529667,11.270919068514004,11.573038746805295,11.190340140915438,11.893448046368102,12.37420591452847,12.091377344144425,9.972900437272111,10.79820176679641,10.524691030302126,11.048803263708304,13.183801038109738,13.098130381625634,10.520427919114416,11.651634200111681,11.38049468430488,10.97791454110943,13.067149136377418,11.187900645901324,8.908797841519114,13.093945693710578,10.304938327683058,13.477827008408697,9.474298393110864,10.76778430119157,10.140392148685033,13.637527511171673,10.894499140913068,11.70515624012636,11.249723004015243,11.643217675954752,12.182798186074132,10.814958397461021,13.165755265432855,13.008253083280895,12.190823914240235,12.091741604123104,11.81481700617334,13.541405673260273,9.990858458630418,9.888539391205365
2050,11.158253596042806,11.985700823042706,13.241692293921243,14.385213209559089,12.567032301191079,13.841088040367422,12.702735056371797,11.166134754924673,11.886431450429175,11.811263787843613,10.970388630162113,12.179842492808472,12.302173798579885,11.523252748276878,12.709366513335189,13.028183100016223,11.688063194570336,11.51284909442715,12.150581823095035,10.882665424891142,11.796417286781514,11.01515398790007,13.76441404806531,12.254057609840585,13.587316135997357,14.590713495469611,9.758820479330812,13.10395951893019,13.317546208267627,12.024389961653432,14.155778320263261,13.404026767157987,11.611045058816673,12.332915154123762,11.056974326138915,10.448773686328662,11.586746551987266,13.330564360579721,11.430393673803497,12.200924502118774,11.894724489392146,12.059414874438358,12.750414626753848,11.817068647198468,15.050570767858755,7.718733021908478,13.769638714583028,12.82402226421982,12.253374839606495,12.194971607431125,12.220888162436692,11.94571833830813,13.147976573718632,15.105279523433875,12.103928559500241,11.691422165654929,12.767663909021115,10.97753048850143,13.19536904792261,9.583357690924613,11.57939581062807,10.323052242074326,11.11328896410439,10.077119434657305,11.850205259913904,12.792131095152836,11.561947785641838,12.754462761297676,13.300810513289083,12.578797383800794,11.88827870251692,10.350734458183467,12.432263372708919,11.193161061276562,10.820629893761614,11.73132727748674,12.741307820071995,12.879280257808125,13.349677971847685,12.015891513908686,13.876442524564009,11.56634849180346,11.714065652664587,10.711756556902246,14.906211795366323,11.510811095328437,12.428751745301744,12.2772139194219,12.543910236138359,11.722596387014438,10.909385236709014,11.935783141495095,13.220695875909017,12.507521663023079,12.370921804934097,11.160495765183283,12.94420073861661,11.018457635265332,13.118750004016835,13.432613049674293,13.90565749646529,11.649551134070624,11.337901123677907,11.752577898457002,11.637446690512743,12.187671022084745,11.741509156058667,12.496834017872894,11.788862947212612,10.797621358995853,10.66648563920804,12.38442450978935,11.5176919138302,13.872399018186593,9.421222425025448,9.0080619978354,14.744426836624092,13.819010135839171,11.844635936229128,12.940473430344595,11.953321174758937,12.020609724618824,13.061149292342042,12.04033511682697,12.527395414755397,11.318245714651823,11.989719589767246,12.402793110874681,12.592836282175517,11.565157212559946,12.248095930634955,13.481148511171343,12.090083039203742,11.241459482146997,11.964340692305052,10.54098107665777,12.04690136825261,13.695394191405047,13.498540572822094,11.376413260465085,12.805778110156892,12.422528828291794,11.999111386663888,13.109191634732747,12.474509886830397,8.64737219235394,13.099494798675828,11.609435083263595,13.516522648865767,10.773402497496296,10.749536178682163,10.946251338752711,13.455981831835667,10.898359465372302,12.947581993334973,12.425252580124402,12.879028217624068,11.858207982276447,10.480776546846913,13.18287448844184,12.775886262888497,12.263700186720364,12.023846936452651,13.063259920915181,14.140931812965352,9.655134187849324,11.095798225506492
2051,8.306438661220932,8.375021850123352,9.085121926244188,11.367896568516029,9.666647772061765,8.766570575899728,9.634938288318079,8.034089612470856,8.435558646714883,8.651654290015118,6.979741210522857,8.353118009278145,8.507222362024631,8.160504816444186,9.54216755748443,9.813268540953489,7.9156137225420595,8.174602674927723,8.092918197502904,7.261234689989815,8.73901919696642,7.840104155242443,10.381968766126944,8.608376752747143,9.826852449904317,11.748347136637438,6.692266303398037,9.053760429763273,9.926737660947053,8.05365643642195,11.077975455995489,10.929692156045984,8.530792350273419,8.183367044745903,7.380442788044964,7.235788740055716,8.382141645066442,10.030435131245252,8.369896470042674,8.276883912556197,7.930160021621978,8.904015194381708,8.62816942823322,8.751099289405039,11.817472395689594,4.042482609496167,9.82401443629161,8.891837143136755,8.260884302789746,8.19454567215365,8.916108176112173,7.969848164721677,10.133621134430816,11.055509799848432,8.399798442791825,8.400467485837314,8.505623987835385,7.237230477935596,8.509575449416172,6.361005439504013,7.859344685733641,6.922803838453863,7.613339224081164,6.542788211904139,8.275660013081508,8.530515068899028,7.759558748291886,9.770462958020683,9.663254612813825,9.549145955106486,8.325026873175215,7.234319342948172,7.839867499090079,8.143985972618283,7.3951994975185436,8.450558520205648,8.336175560323603,8.091586764496958,10.048369464950394,8.358833563392574,9.082724944485918,8.4085458178964,8.59432501009787,7.666311953439498,11.5708077809085,7.592582206332894,8.326400817073274,8.850480705661619,8.279399306148942,8.383338121737802,7.959952549765941,7.562799853799135,9.889380076323112,8.67216042911067,9.300436690611685,7.710074093759708,10.199207972087292,7.919107307234533,10.247666311166858,8.72674403878172,9.630640437219132,8.592363320533993,8.20849394931018,7.973959256449471,8.452126890218453,8.959281789381867,7.903782631554036,8.170655481112394,8.721195020753404,7.713777138082235,7.064560787873745,7.959540076553825,8.000559548482947,10.132226831077231,6.33381259182225,5.418534022634446,11.576894949311798,9.55746408438553,8.443035182583593,10.230046457408568,8.517704390961189,8.151490528096,8.838199814457612,8.361576437464226,8.261905261214176,7.237273027067602,8.887577263881328,9.059494683276055,8.587922372288352,8.09837860322517,8.712766472756378,9.462155136806162,9.084316497385178,7.785020892366605,8.820621844543064,7.390970229150974,8.075721217076413,9.60319954833097,10.226788113946498,7.984866861577915,8.726376274276689,8.270568517279694,7.939279179696159,9.914431241543399,9.034966016674172,5.325563330041328,10.170389767412265,8.105768562820945,10.455496960198102,7.251002370445668,7.383788504394828,7.780783392453528,10.517560188833158,7.738850261044241,8.588423575193664,8.333088082463853,8.171288225637834,8.725458888207951,7.398021203506251,10.099250559654577,9.709297025981156,8.846053169716313,8.974315812851753,8.605120448800532,9.400554262425588,6.565646674848444,7.879424878720036
2052,10.47711112900921,11.180125696058182,12.031586757516893,14.285594611064253,12.2854561055808,12.244790816720093,12.39491552049699,11.000385420336187,11.106536241977114,11.661208464075687,10.571548752932118,11.357351709643137,11.191098190844059,11.517788996515067,12.366964749991892,12.690825007208018,10.871137439070836,10.780305277556186,11.29177479850857,10.210285078450712,11.497159225461278,10.226763264640521,13.55233917774066,11.199878914200742,12.41269246468564,14.454757935893925,9.57943866100243,11.939922744327268,12.213269887411082,11.200065375346204,14.011545245738134,13.136379265266916,11.30107287155546,11.446541186908021,10.714560729815908,10.085602400581474,11.339364865227884,13.128893550971284,10.71864573828593,11.374708716190703,10.976291922204526,11.7725059254014,11.847525964612545,11.662246622793052,14.918548900148146,7.496746994575242,12.504357996842135,11.984193951458384,11.389077098311292,11.762766908854246,11.882691006621588,11.519103091736527,12.845450792623604,15.039887007163923,11.022131785912359,11.392974440170372,11.584348670692872,10.630813226873135,11.802196481143655,9.41197860981945,10.840901944867289,10.154529179324923,10.335430882992629,9.417527459966747,11.551107869281068,11.886552861000862,10.730180551282775,12.461016888365798,12.157222345349906,12.341531226168508,11.35353494399106,10.162256573205408,11.359724403075555,10.516701433665883,10.280581504754403,10.987800754606726,11.639335265950018,11.501819929027045,13.425403064359791,11.239032559096819,12.385486625458885,11.418795806153318,11.000175922461176,10.543541951347953,14.73400384625015,10.689995693447797,11.539784230048895,12.236595120119011,11.61678143363932,10.997399197972339,10.247483652247038,10.680328989806382,12.942692286294442,11.384733386985634,12.076751094716402,10.963854161941489,12.651559313030349,10.840906781832812,12.826445841270948,12.06842683773974,12.619063054575868,11.352756511905916,11.156389865538348,10.929435633770796,11.409930681080924,11.85084076387727,11.320615651652865,11.561058478510901,11.650139126440752,10.60862768138759,10.324157123818345,11.139089422381442,10.723878765235778,12.675860231985217,9.231590263545513,8.673223321447551,14.651395464073056,12.467002491588177,10.855831063959908,12.655382420381773,11.587675592011731,11.314501806445744,11.920373998582365,11.64969103443234,11.29470658043157,10.274763159899287,11.799278298959784,11.639118016697466,11.750396109064638,11.143034618995761,11.739376346034044,12.322131916556671,11.796442131633349,10.47384067576217,11.234745565477922,10.213476988689404,11.197172999220053,12.38945186559273,12.41523046176071,10.632677045853246,11.604779426170435,11.523341835031044,11.143286693031373,12.772265096721444,11.685790186181016,8.41543490569229,12.814668838096704,10.823589540046195,13.19027617363178,9.989469828489034,10.485710808278426,10.258011894867474,13.224351006357569,10.581853251418345,11.667457327894544,11.22159371427868,11.87741168750369,11.686231290192712,10.322277531027796,12.892755735179655,12.552387236253077,11.889085721143559,11.736740496495496,11.767835607995154,12.650980333757147,9.46908443842245,10.344979340129575
2053,11.593493767290212,12.428967309386834,13.731169177786166,15.670839961456215,13.933018860447666,14.823827810261566,14.145375232657665,12.681894804148575,12.361400011602951,13.317085147875805,12.437097216753859,12.515990908055201,12.735300482615184,13.289265621291554,14.164482605036188,14.505687547523692,11.985983049982918,11.802383512582468,12.504707830107733,11.609076170250779,13.268363078651223,11.291546474656336,15.294561599340783,12.68109335151056,14.238901803168751,16.16272831740587,11.225159950108958,13.606786239082398,13.990690500839897,12.382894188813543,15.447914406009344,14.605359161677567,13.078480550776357,12.670121778936492,12.392925850075224,11.966396764892599,12.923872245394666,15.060707387230968,11.783851006108781,12.537198333677066,12.790443668222949,13.535205851754421,13.137044859159252,13.297880106241161,16.369249105453488,9.520794795745095,14.579059171449881,13.255205484269107,12.605091704339115,13.64269310511325,13.731565306368084,13.374074236368356,14.55359636506309,16.858025382394377,12.534935765940213,13.068276305237545,13.232192466885826,12.36229430106671,13.927590909859413,11.142216496240431,12.65810158200886,11.949945713190932,11.594141696316555,10.81064674679352,13.146481300177781,13.152864613934707,11.8678908896754,14.158649400281517,13.989581035531089,14.04500723111889,12.668087934022365,11.801128008099193,12.82346669463036,11.47391894945632,12.11431867402533,12.198948677143328,13.151905964169169,13.45316094322049,14.884471906268079,12.332606640198957,14.825793840315033,13.059181238646092,12.095633607600696,12.154933831613997,16.225703939147618,11.845668290255833,12.788618469043922,13.991628293433912,12.90803765732309,12.035307696008164,11.170247276192127,12.483794907634351,14.86907677482004,12.954293110448381,13.842141274443787,12.784299110872267,14.22624679298505,12.487942327947723,14.460008494232012,13.988177432638153,14.610597325084003,13.109665181325832,12.795131436508635,12.692105137829104,12.955312985926872,13.666201883036152,13.142390354475735,12.860971037784346,13.263087576660128,12.239176823069222,11.981709344231565,12.929491429549202,11.994442433321284,14.604363358053181,10.902888221747205,10.452929872796748,16.079803574344385,14.64757552354232,12.24947994429132,14.218477244833075,13.500728941644018,12.628079791937996,13.885613979204841,13.40146337579126,13.043986177395869,12.056746356918111,13.486848905196656,12.84592696408863,12.943818628140118,12.611801603242107,13.152041011530423,13.967860336860884,13.513155271278936,11.718688822067955,12.423260348970473,12.040313367610395,12.38896846058576,14.507651641559994,14.134900612675628,11.650105082470438,13.274959396085016,12.780223556834718,12.343665201054966,14.575399639003951,12.954993980086373,10.210777110541642,14.482164200719284,12.088565776529524,14.935597200756488,11.260315652936697,12.116550596511882,11.205335812724158,14.81758667496236,12.418644526082536,13.438527376431486,12.89529872134976,13.258830623822691,13.340793357919095,11.95968927661686,14.637512924878493,14.190417713121228,13.799130778597748,13.467512022056011,13.584724069127573,15.080631278779196,11.180355527802652,11.589750030523408
2054,10.559202742965333,11.303069237133734,12.757692611087926,14.936741331349253,12.540037684466533,13.909529035344072,12.60662504317968,11.204647389382291,11.183585803631855,11.839927409249158,10.863564131700477,11.59685235535321,11.833632626935199,11.598367267328758,12.570203873774284,12.899624510951666,11.110247100177018,10.991527821058812,11.535844542248094,10.338004888075847,11.767933386539957,10.466346284617545,14.019856643741548,11.810602108138086,13.493337202331293,14.82673627267713,9.780112628703534,12.674752017078195,13.349162026591923,11.433588264914961,14.722471121860588,13.373048028220301,11.593115004994305,11.698635337874299,10.95401805793644,10.423295596533496,11.535309100442607,13.427210717421511,10.862785967795745,11.6029988222796,11.617246799170971,11.969026902285611,12.14328953866725,11.852795625186484,15.819883108139038,7.751879308534705,13.806567692238351,12.281179069986809,11.649813841785425,12.008467820999416,12.079787663467554,11.749593234580498,13.086382302901022,15.890134189763797,11.627370848279934,11.583887411281468,12.24275670330162,10.886399051498458,12.968990851841543,9.589919036173304,11.369308165558007,10.287379829779917,10.393350084942426,9.535699942513656,11.751076537305899,12.157854149684958,10.972535179684995,12.71908642222052,13.297625870808314,12.559020762858188,11.568681681285737,10.36275768729494,11.761308278119111,10.719418537357582,10.717178984342713,11.066888870752376,12.139492634440892,12.342957567261612,13.668006679934004,11.449748051555263,13.959244992664974,11.576719710036462,11.139473125338556,10.727762467187386,15.655914306640625,10.912396190768998,11.805479638440454,12.32221755774125,11.89712009370408,11.220926460364588,10.444080299657323,11.482247588022245,13.204056445671167,12.035234381404257,12.325701692182083,11.10005654912928,12.87612949676164,11.03244059842647,13.089686199374823,12.892783268638281,13.76250342052916,11.645050652208743,11.350782842780264,11.479835029812934,11.59814338612816,12.08216515555978,11.575876854522075,11.835970441648817,11.814124150768572,10.809345385545624,10.559186780420335,11.928978114348391,10.807719334636047,13.940082133464191,9.446474958373154,8.941785835053611,15.347593665122988,13.881253388588844,11.387016893728923,12.90149879730914,11.796990121350342,11.545682096084503,12.960178467242612,11.8978049888721,12.029388678138671,10.941265534488082,12.014298711781917,11.769046976514483,12.000597377024269,11.297867986333113,11.962918025481958,13.026946971030986,12.054777527227992,10.534122094835924,11.315747630984884,10.5321858751375,11.451197006780172,13.758373142260567,13.506793237250786,10.840160270262027,12.31887135733648,11.790223647394907,11.39067879497357,12.989697225715801,11.778182675333127,8.654132538910387,13.072152786928672,10.886803121346494,13.399863327671167,10.056669120231403,10.699211157048525,10.44744625784781,13.607849554523177,10.89683093138687,12.419245713754844,11.909220696062503,12.169191875859447,11.885897515260655,10.5104215423698,13.127867679233136,13.005742634282164,12.103650415397212,12.07825256333403,12.55307228393529,14.220949967918186,9.64220030848747,10.445701976185264
2055,10.147644886504049,10.92803520069498,12.806364698254544,14.647889163507065,12.75936248347811,13.579479200360563,12.974407026139293,11.394525242240535,10.679452838457152,12.060337982423928,9.988696774062905,11.67121772764696,11.899988279070543,11.900038067332432,12.97353867419145,13.299310912580598,11.166719660689326,11.060471458279567,11.620548483956123,9.713690691991996,12.079470538574716,10.224184831037471,14.051221848182054,11.882472507331682,13.352849590713562,14.879996182639964,9.982757505677318,12.695246782963695,13.158327629708726,11.512731138778774,14.435511763976967,13.613179635094559,11.875650985085446,11.764376269734427,10.117384824091975,10.722105359010724,11.698672192576138,13.720416582310973,10.717879097767014,11.674373774343861,11.710560010017263,12.33337947531887,12.240407859461143,12.05218968200295,15.774920935216157,7.999026993208603,13.613469147811765,12.363833343853122,11.722482094784148,11.250388436829267,12.497931288636249,11.020657210084403,13.368207146049194,15.571051051759198,11.720032388587361,11.384832073003059,12.306275726012563,10.042706964213568,12.839872981219191,9.868645174914729,11.520708384640196,10.650468359498875,9.900874950882534,8.927712513700774,10.92922944761813,12.23162342024886,11.03701390114198,12.973479966106627,13.129444874499155,12.855678515103852,11.650835642672101,10.5303649743614,11.845304050847243,10.773497916758062,10.937661915617669,10.58743044053731,12.20416314673165,12.400969511080211,13.3312238888896,11.522797951555775,13.641902245905088,11.821036257173706,10.923640305905238,10.930293484226521,15.626384362578392,10.945392070135668,11.88001563327144,12.610788235683806,11.977646694883054,11.264402849194799,10.50960225417562,11.50700929939099,13.554949634101082,12.095964486508265,12.645387133502444,11.4572221569555,13.164885259759817,11.221005312774494,13.311993143723708,12.949828716399876,13.600152552613743,11.890287229548333,11.52365780880918,11.639770118438676,11.728953303850215,12.448739180746285,10.839498499246394,11.919669886889016,12.025840119499227,10.96419062918943,9.724545886011228,11.94086835306624,10.295094210492525,13.66404706887577,9.640004600519722,8.453660716505158,15.053440762582518,13.605300200374234,11.500489276550388,13.14810250845292,12.237149351316955,11.650686098829562,12.824485531319745,11.193555542956227,12.101961611405663,11.049039864558324,12.213157409883069,11.413467542632766,12.069854171622712,10.947053905090565,12.080389168761346,13.07275344658157,12.33123509845008,10.041821549808526,10.85104137140772,10.80445101508952,11.521279776873794,13.497954571214711,13.350016525258189,10.901490849483272,12.379912091338118,11.870717800829722,11.466259130155265,13.363194829419903,11.26943590265253,8.719654187205773,13.298331774852192,10.390182100884294,13.770239660192443,9.54520546110428,10.291156859663516,10.514127270336285,13.694956418612731,11.168555612270923,12.477931781631455,11.984366766622538,12.246748771680439,12.052437840313043,10.721420070561377,13.43211129202467,13.031398534936752,12.534304663538933,12.273807675294254,12.605325361956721,13.909034725116651,9.934732640162112,9.996204651244309
2056,10.93001529995514,11.978845811368007,13.761924304918422,15.79537742811701,13.671271246088589,15.06918903545517,13.812571676205033,12.500462129550135,11.678212650444195,13.134683541548641,11.959205764791244,12.82779681763571,12.771484546282371,13.063625730007242,13.815945202565711,14.166234006133417,12.325633647973122,12.084981499158818,12.847805275946211,10.967944126414215,12.936007052012114,11.339273676924085,15.175803658430995,12.722916724403264,14.411575260369673,15.892319228338156,11.060141371563079,13.648520798462892,14.214746322320854,12.717291485437238,15.589730929421341,14.371101422802262,12.766598305300528,13.028961838425504,11.93424966429239,11.662798862904312,12.823932700507019,14.73324854866318,11.619286947924158,12.864542669323074,12.687065122244153,13.22159166366834,13.466163300909102,13.11386375291192,16.8531410564547,9.315654856193328,14.734986248871554,13.523822309854237,12.925770864862466,13.169922558671757,13.37861808567591,12.938105865098214,14.256207314886801,17.038834048273127,12.55770835839212,12.775501300621297,13.32110790746368,11.902570945656173,14.035840961206507,10.95303055190522,12.483589404303094,11.74766983658723,10.915133256303227,10.16711421051751,12.673201056116307,13.529396566683836,12.212165581467362,13.85896863496822,14.255989038425946,13.76890606578925,12.808269785960084,11.642233770502651,13.179673292714622,11.715718204884428,11.88048131429874,11.52308056908457,13.385199287015459,13.489056540482913,14.69184634996497,12.631203553112952,15.008936074278925,12.888984365469739,11.825569002484174,11.995189045576138,16.72344343299451,12.133457543733327,13.128490927102776,13.759788559506768,13.265391927819861,12.283338686046394,11.423608001159584,12.514959411776587,14.497187579698547,12.968907172336124,13.503405153103497,12.565943067407481,13.942858992711358,12.32495866626825,14.207552939977337,14.035293532940361,14.739703801576974,12.802363242468108,12.637909661330609,12.580552834774489,12.862251496529609,13.346781355531322,12.703070762152178,13.233490538661895,13.080466898522623,12.080012698374366,11.499840088269638,12.935985081869623,11.320715353702724,14.845814327182977,10.741506866918394,10.118840918592785,16.249209683874376,14.87699080323396,12.274055475774022,13.961377008129723,13.14244304192455,12.858964170450752,13.932976016855758,12.96197639579844,13.074861907764626,12.013857893281335,13.287663748892758,12.38107916291641,13.27839587393986,12.274872696270114,13.227430406633932,14.005771801361572,13.202034414928084,11.045698308385912,11.738945830775346,11.726762877088847,12.725877065829042,14.719485479852427,14.369972887246503,11.949897872850947,13.307972114421831,13.136781321489254,12.700949706785059,14.247893549663866,12.24790741649011,9.994191001290865,14.204631552505107,11.40842067839011,14.612318694591522,10.566282386851054,11.792839524538623,11.491284798668778,14.672109001923516,12.097544472502628,13.472259067160929,12.9128521659371,13.689279844923677,13.18510289832383,11.778262232146831,14.301082853551792,14.059692986633468,13.450793419519199,13.217508713026412,13.624276834985483,15.279900704712976,11.001949798963638,10.900288560225267
2057,12.643099858607775,13.875112268587817,16.117976564913985,17.06392655942751,15.593575198851209,17.405668585520726,15.82476450276116,14.047798253150415,13.555102147809837,14.788615050037276,13.028833870371077,14.684942785488525,15.084828975407971,14.668895877249863,15.935721765476048,16.265033598908268,14.133099705628728,13.736297469424162,14.809984364587327,12.624835202632395,14.893351686511027,12.921307065564656,16.988167709306534,14.941149755664494,16.429154648728993,17.181692738895833,12.610623515292035,15.92443694899102,16.007762385451276,14.556687702303348,16.864196218874145,16.14832123984461,14.657391513171406,14.98438924712979,12.864554465464925,13.714864342109019,14.394049485740451,16.547327818591963,13.317872887396295,14.718820654827615,14.935735201058181,15.249385057584096,15.430109449054884,14.60426209786016,18.497974385385934,11.246678319638194,16.706322288383614,15.395960067641806,14.8865756308255,14.39679192006588,15.551728690448014,14.108799771446249,16.19754415952965,18.676801125964392,14.878949879304223,14.196838905629905,15.707752374041345,12.86755939022355,16.39585212196993,12.677635327872377,14.604667489295421,13.618375013865855,12.810585144421331,11.860129415098092,13.545503434441665,15.519479080062846,14.062041079220565,15.747650060640733,16.123787532682005,15.614513030680621,14.422513995805513,13.152378612238433,15.551087534783974,13.295863904382873,13.956534499059556,13.365877521426784,15.71159468072912,16.160922035574913,15.005146976398388,14.384113097158467,17.21529663329863,14.5015383846248,13.539285845406685,13.510465808860639,18.389166365499083,13.928460922152942,15.142825468726782,15.337100506152797,15.351558768068971,13.957416955543604,12.955818741217909,14.94853992177093,16.498041376228567,15.299815628515642,15.502167871140918,14.437624409794806,15.816363363870947,13.873963913353888,15.994871448239552,16.69408284386863,16.8572992409134,14.650623844693536,14.201961969045684,14.772988014004152,14.369215188143047,15.503660902380943,13.861103638520706,15.336360479097651,14.617102529043736,13.575444618644925,12.479621561972994,15.322496692771507,13.197019851078158,16.645896006537523,12.306572414124789,11.332572803225208,17.538892029420186,16.941525716658525,14.457270198542139,15.817838007665198,15.469114941099416,14.707968125524726,16.052637955700256,14.129780257201713,15.47532370587325,14.327332792039353,14.877085026677536,14.213460173295895,15.15431572950405,13.662982354345528,14.929051548566509,16.22334038887335,15.125715618548186,12.943956588513887,13.537400066771585,13.717123788983928,14.635417312707595,16.73845688844829,16.18034433541091,13.591087619581705,15.712073094090043,15.153808841886724,14.584568799999747,16.272282934059273,14.151899272171047,11.593306573350795,16.140634033747993,13.311087200742048,16.534669621741276,12.479437550772792,12.925388113959979,13.067520211572235,16.361991839888304,14.061804821633771,16.036524771429278,15.438029740734597,15.877832713982338,14.73735324811676,13.338350067320077,16.28083219917734,15.685755646504145,15.68541958053475,15.026762864147516,16.118417410098996,17.494284072000056,12.789445223367732,12.811268857315833
2058,12.082886603174973,13.015559321188405,14.047863676496172,15.3262120279605,14.032660665557437,14.43161932881112,14.412755205903364,13.223202200363511,12.81931024077146,13.912884968778364,12.518124019322189,13.394474433421195,13.077117695837568,13.905577138876138,14.414032003128623,14.751548614514913,12.77047615004298,12.675735595676567,13.309937378310641,11.917677906220375,13.518501892706137,12.123622327030677,15.199190657909803,13.00657604945034,14.176056827054076,15.858873537518894,11.851561045517094,13.844992938815897,13.768035986177305,13.25638853369848,15.075146370607873,14.765270215661626,13.33615364761942,13.531050063669683,12.457889442939472,12.162667285974909,13.534852744120618,15.0821556157392,12.643496614111507,13.41272678890306,12.99336103649567,13.888482805989357,13.873279333802992,13.879424539921079,15.108938482792482,10.368831337470077,14.336563547992188,13.882968690084377,13.433179377051802,13.896281299383746,14.028099578521822,13.616396914681662,14.711357300453212,16.37478041519289,12.94565941741609,13.570439814630413,13.636242767714936,12.384870175353216,13.895531770489788,11.89696784137303,12.841436727539355,12.852430110970644,12.02835304443927,11.163772133219501,13.159213807595815,13.935098972090566,12.723296386635182,14.297774329619568,13.724338564859783,14.41328323016996,13.41499364303182,12.405870407819748,13.567982852458956,12.373577527377918,12.309988942159261,12.641622958623845,13.72920023119482,13.735745319367751,15.120741706827415,13.248790454119444,14.462701525377193,13.747166626479316,12.799155663860883,12.722439515525883,14.96255563669231,12.683336610764103,13.708377002738416,14.684964892656907,13.811237153475703,12.8836082558998,12.036036727545062,12.737485750213915,14.959224164728887,13.317973370947268,14.084382935548609,13.546167464036008,14.412365590951046,13.058658053369626,14.558686776815549,14.285882534054313,14.529855714503514,13.258323347762875,13.393596342400366,12.936286339252863,13.545752407092115,13.893723861192884,13.341018989074815,13.768112351712976,13.890592367833728,12.847421856921004,12.043068510833269,13.176824410810424,12.448176091455897,14.309699634171054,11.569981370445179,10.793597303978776,15.721653793816984,14.346318165893143,12.67432777454024,14.371766175912773,13.793262446299197,13.380978010837799,13.823376063419428,13.637175321417013,13.351801629623644,12.333335884563299,13.963737719732785,13.41121121528356,13.680759193942599,12.947806398131199,13.764548300886934,14.191032845769893,13.684162413296495,12.164705389260277,12.894124814025734,12.23815812032832,13.269586260713963,14.208624028641248,13.984613685828194,12.567311077014262,13.616461254008438,13.715937455549193,13.235300079554968,14.774675719520966,13.452583502654148,10.857623198838986,14.602637884328546,12.548305941927856,15.16683242704881,11.688917724982554,12.416804363617025,12.045720082910169,14.799379772466162,12.597041239233121,13.776506337458677,13.279503347433131,14.110693434496294,13.874990624092197,12.587781200428378,14.829510085041754,14.106994157899983,14.053416235696362,13.542705290586404,13.857350907187893,14.726456272861236,11.95223749477578,12.08120924513787
2059,11.628654023389457,12.64804957823261,14.484848862270946,16.149884052898575,14.44956838469143,15.615144887372209,14.689891160830207,13.105756079049215,12.406086791721782,13.799900167986102,12.22544323697524,13.243858713980602,13.479092265438776,13.736586205742281,14.748759641595509,15.052339403525648,12.726964476315874,12.491893019689169,13.244121063662615,11.574468691671353,13.804616918949332,11.851147134666858,15.852717763703803,13.4289451814864,14.919731644184697,16.500435361395716,11.679256217959132,14.343044872922096,14.585520639367726,13.130135673867619,15.932012990117078,15.115138323410697,13.589105482496645,13.459110537462909,12.20134532014313,12.501561817282848,13.426688080896502,15.579714930575822,12.215222794238638,13.280950909691771,13.449949512906048,14.107606641462318,13.832952013320249,13.723330413517749,16.534320722455565,10.089738283630297,15.249452564379448,13.910031900295747,13.347026424563454,13.439520182816882,14.33145089771437,13.194536635409225,15.051486274470454,17.50884040088757,13.311292105070923,13.193638664548809,14.02448940548398,12.150527771724308,14.701303172127709,11.634451631456614,13.264695169161195,12.508185909008203,11.63241241904705,10.782747235675549,12.937943187744722,13.925496475204177,12.6427302574334,14.63328903233228,14.649285373480424,14.555769511539006,13.307855989945972,12.269022548409259,13.71855740799852,12.152564775036733,12.670260994330699,12.24594714573544,13.9847015918273,14.280213124402191,15.164051841134613,13.043227699463786,15.571045599553896,13.548825373144254,12.428869028454242,12.580595211814279,16.39541866209196,12.564470388805086,13.579473500018535,14.48554200063581,13.70964916844083,12.716257233658565,11.836921432743909,13.224792000716148,15.40126435199509,13.711336648010686,14.374252498473812,13.359106241522923,14.764785621639184,12.931489115499934,14.90898489336605,14.812042613392292,15.30326835730154,13.583705588851286,13.266422254559789,13.35200623066529,13.458598927149309,14.228474870324135,12.944230756034024,13.673926064835705,13.714057363245798,12.717413686782772,11.780536977898173,13.694280574827093,12.041959551851384,15.209528915260151,11.377492478360303,10.500365531800885,16.611551225185398,15.341178221628072,12.980426382759344,14.727827727470716,14.157287566720147,13.297951877117155,14.58286203379217,13.19225342895674,13.795249594942383,12.752224247740665,13.917150281045748,13.043169040232895,13.652489078271648,12.767733192638211,13.701308153245762,14.641214774354644,13.992111020569652,11.761085875332355,12.461854039650898,12.55936355840253,13.151745341394264,15.173720090285592,14.737369646196782,12.36897095584351,14.060051406045329,13.579707811060162,13.118984307729358,15.105464554351315,13.002226046893908,10.601410220012717,14.988472952143006,12.13349128917427,15.449077425868778,11.294229135565137,12.216590779631034,11.893952494082246,15.287606475267397,12.921543437825605,14.233613137317741,13.693677201219229,14.11253045547916,13.79725266268234,12.40751917676433,15.144824977154316,14.656008031057274,14.371886056726394,13.937059142302886,14.349972991782757,15.825994271946994,11.662556056419142,11.643493930596616
2060,11.368885844298033,12.298840704171559,14.0570088893823,17.21439825970193,14.223339800763393,15.789558117480384,14.451783268024094,12.642937524811082,12.153011976052888,13.367691271007061,12.615354190702023,12.713292884549288,13.075811398337068,13.787714035088277,14.523203385264978,14.864932166331494,12.159603344954798,11.979826508008916,12.724179844898377,11.449587795397509,13.527981598416101,11.424807120924413,16.227426983213615,12.981111995551899,14.904261739357658,16.91262263318767,11.240815943997841,13.940530944777572,14.71668198056843,12.557712401911292,16.993106015350513,14.948210490786513,13.325156013116889,12.85244774947996,12.459182069758361,12.294092723208925,12.943174747669184,15.692917663725497,11.749331088736659,12.724714605056727,13.0933863831603,13.80217625832428,13.348078800284345,13.289134457869375,18.037114817163218,9.58688086109317,15.332788424323434,13.447870435436135,12.822076873934787,13.863711532367315,14.043728861907178,13.58224154198947,14.87186186177575,18.899940325119335,12.885393320542317,13.259921314275788,13.551042995375138,12.500290918933308,14.550606685488125,11.218612579061936,12.941740309414657,12.05452719638529,11.37291264274846,10.673144668340681,13.168321886788247,13.35875045504097,12.036755408484327,14.437845150332738,14.744055701338732,14.226066627904125,12.732440828467196,11.776433621492723,13.091249891819999,11.61208665630092,12.416178577296112,11.98298402495035,13.454513603092536,13.845919677096868,16.24437931050425,12.515778407454492,15.707005263184726,13.103176364756148,12.036685837675698,12.19823810569537,17.958613530449245,11.96017736520456,12.98083557366677,14.41464252478403,13.122331109221863,12.18172465702114,11.324073720885362,12.806112098548075,15.421261578312386,13.293733524239585,14.108309750971584,12.880044998427088,14.561559469803525,12.486996536588542,14.745184396272121,14.389686357067989,15.232760946873743,13.370048005376827,12.795859928364338,12.991571603261914,12.968391779324286,14.017386613914784,13.374649351705681,13.083679177514885,13.277577604774548,12.2114050378618,12.024499271874845,13.245960046759933,11.773503765706783,15.41577112804289,10.913167769251311,10.562921044781154,17.763582333274513,15.50050605768743,12.574921083191168,14.536654833866203,13.889798714738825,12.777382987834837,14.508941581715709,13.650964536825603,13.373762288819188,12.373278860488664,13.495476133149603,12.72894893780999,13.1404648737415,12.57282354715078,13.251041990907293,14.325052335858345,13.792104142515553,11.49016027768021,12.210099577903748,12.324041382774066,12.572189753146276,15.31534504208653,14.874673700850945,11.812805710279425,13.627361528251482,12.980303868610898,12.515119516331216,14.942657987708635,12.738034138536971,10.282946558102324,14.774730510361822,11.878564016326619,15.28207918224128,11.03540419171686,12.121462660639182,11.356305965910787,15.464114005151005,12.694820491516072,13.841818240025773,13.28195724328575,13.49023841596816,13.346322143855302,11.992925143598214,14.923396474155394,14.984324535597931,14.202715083308844,13.894424259338695,13.970864647108579,15.962357352609224,11.302134261183118,11.340532437655268
2061,11.018596988657247,11.78400787970294,12.939402908086779,15.857142645379769,13.386511438566709,14.555687163106128,13.45490563304528,11.785748665787928,11.755817323275236,12.463164130509222,11.07906610745451,11.769081698487637,11.99012930885605,12.373813476899398,13.424556502181549,13.793888089449512,11.321913949821308,11.143361138260888,11.752414698267113,10.8006135844828,12.575881724853232,10.67212071366932,14.996814766655797,11.964324839737106,13.84048252779505,15.842847482017854,10.34165917304547,12.848245467828667,13.791838827340499,11.620953195363933,15.650660437086362,14.121236236199088,12.369499500193028,11.91561558360801,11.144062478257263,11.287606941779023,12.080414768308403,14.483109813669454,11.13503836289696,11.783082775204724,12.037721818555958,12.799628870318768,12.382739890528764,12.415528386345379,16.97561427302983,8.457589583835848,14.322656087253403,12.51745286065599,11.844207720790546,12.227734084686512,13.001908760031931,11.9865525138119,13.921349296103353,17.085207527098447,11.781570009563282,11.977104304925257,12.431223271009719,11.06725384335479,13.363156576519428,10.205632558983307,11.915804222226141,10.926101642458338,10.97294694630672,9.99481785192114,11.90596790644138,12.410521318569131,11.200291969206022,13.529102896218719,13.715442605640577,13.3003945570925,11.89783347592406,10.941106911424708,12.039275485212388,10.843137088029279,11.400748800648298,11.61632552192263,12.376869178488443,12.5784905831451,14.348481543686079,11.598297925099082,14.544951370876769,12.175033748590224,11.457780263994046,11.278960390502341,16.872319978216417,11.122675303045817,11.976610591392157,13.069215002915133,12.087635827372258,11.356047060178673,10.57735948458962,11.662172807623508,14.196809545807216,12.191665407108223,13.14907274460015,11.813240662217138,13.631090656570766,11.615383186539551,13.9045160866302,13.116603554266955,14.127174255640607,12.449922131779404,11.93363441283936,11.943350977223854,12.143141230021644,12.964206705274789,11.799494848627111,12.039803580907378,12.380894622886961,11.398673917936247,10.74356966765355,12.131068086494572,11.384640511611234,14.471109291781547,10.018885074466795,9.291874772545114,16.3227146293806,14.389879877152653,11.533372744269993,13.671218143857049,12.715247297234347,11.842261339335337,13.409894389950713,12.098366134840509,12.219918406932896,11.245597278015975,12.624093020901734,12.211559734914616,12.21216616303782,11.719603075605372,12.350845204261336,13.218007293732267,12.866511949054575,11.105278908558514,11.82848371241404,11.370988151949385,11.62634576087737,14.259931875311816,13.874411199403847,11.002657743899722,12.487747656910315,11.965412221525028,11.57844226645387,13.880320041076002,12.339459623979485,9.21476982307175,13.908104931530742,11.472843731875,14.25702261665593,10.624650032840336,11.05478617937669,10.623537913612699,14.468814676222596,11.728518042389465,12.616099301887598,12.083280446088832,12.441882484228064,12.482282235206146,11.082006435193447,13.952121132741807,13.874576459760254,13.03091617503568,12.911168886591556,12.7661985596237,14.807812706283901,10.244357063718462,10.986938989802223
2062,12.0522742724937,13.118094409694491,14.323138729871612,16.694146546332732,14.318813654796585,15.830339894346569,14.545659295566706,13.372009590835033,12.897358762019355,14.000572818614867,13.308343750141237,13.51248744873168,13.280790549095556,14.305232051921932,14.583119917175043,14.917666487071825,12.976966427720116,12.695543359155245,13.53881997841856,12.280860626665147,13.669235234351262,12.357822408575732,16.07875763155196,13.21434737450403,14.974195188802222,16.96278966250627,11.928448137219839,14.188493457177415,14.669973775096562,13.428072112814892,16.475711082310784,14.887652887274395,13.511038857633649,13.75259802036959,13.256895462617932,12.391313373030204,13.641148899236452,15.859099560781665,12.478896994305696,13.575492572970688,13.313752558077278,14.00571026458689,14.152129941498456,13.984811145164397,16.961768956288047,10.3911166076103,15.38807284378487,14.192438435295355,13.611043695036486,14.606050873904127,14.184838877019029,14.36190530884525,14.937022444994556,18.31298305381738,13.076791033310739,13.906506885167055,13.920892166378705,13.186930217496728,14.701010539887331,11.926921952191904,13.141170925420269,12.793063489639241,12.14088928946497,11.457288263406122,13.946618040294755,14.238547988721855,12.86930771779431,14.533274596718991,14.816978677459385,14.524229198208321,13.546671123770272,12.504691142588854,13.89866505571358,12.294500193518143,12.567252554647302,12.732597086897492,14.044868273579556,14.077237147473447,16.42363253106242,13.321330517206503,15.788456251439845,13.803428645853115,12.760382668479629,12.83428297801267,16.82975421262824,12.87246938713867,13.852780676244397,14.941889042115735,13.997262361418949,12.904695790423002,11.972296285402521,13.078413307018904,15.507216829968536,13.503935980124641,14.229664226427031,13.569552643224592,14.576490404165309,13.166975684059059,14.81783758638346,14.612894081551095,15.37227308823039,13.502167790783977,13.469921806422265,13.208663933748465,13.651957492141618,14.097185864963615,14.07638266358687,13.968464213868849,13.950178674867617,12.92660136456075,12.811779836435678,13.518637738818223,12.562260803645074,15.355543122991271,11.634493645619727,11.324221709500192,17.174055617788564,15.517107058964347,12.752367922023916,14.55836400964662,13.972911893511593,13.583503338467818,14.639933900016809,14.31670947891215,13.645676567016741,12.613435393442279,14.122901389294345,13.467621345882828,13.960377965041479,13.364266844871251,13.981878636323888,14.502472572959961,13.892318404239157,12.26969830594633,12.933321148804996,12.476935660709511,13.431851404678564,15.331952648824489,14.854823805715725,12.57201620758228,13.858253023384705,13.869854221221708,13.412977280500142,14.978135166932708,13.496457274841225,11.005271821890188,14.855745873373495,12.637926907804998,15.33636639971772,11.814278591829149,12.902350113119768,12.056480615845196,15.381313815024557,12.836518307014007,14.034351700511964,13.473498303605163,14.460168079432588,13.996560244780525,12.654859052404113,15.021856999267703,14.836076481834704,14.250255731784776,13.929640452822909,14.177028182772515,16.027331653172556,11.902818248809682,12.10057077848393
2063,11.598194475933587,12.526479217993174,14.120656692949323,15.71074408551921,13.72636619339819,15.176085969676143,13.860560614129774,12.130989847785752,12.372418863212935,12.862229569450665,11.512037926394004,12.900873941571813,13.150372916427646,12.612018802243734,13.891053988233857,14.200560984404193,12.419336820426194,12.186846433774281,12.879389218014225,11.334316555572595,12.948655357827313,11.47894603661869,15.154050972798597,13.109450756855633,14.629807691211289,15.75058890943942,10.742392003536226,13.984836183488369,14.340724512286814,12.777835749413656,15.518648544083476,14.501912228439165,12.717369028083656,13.110889009807421,11.493828458711505,11.605401344921276,12.568771150449049,14.638532745611409,12.081457975765936,12.942434619302338,12.88843897568143,13.256565866910893,13.454654987739483,12.771159098848052,16.872568488121036,8.969850564213553,14.944052191532176,13.509584931575734,12.980040979126233,12.671028457743962,13.466022869976966,12.39878273982069,14.274845143375185,16.916557879551597,12.97449381066405,12.40338351642308,13.667138822700668,11.439761132973691,14.294918246243313,10.648507620329443,12.614761661414219,11.454608904126948,11.58282175919284,10.543861309187893,12.233359878062798,13.553242465076242,12.341282561421394,13.86858211004216,14.437716362269025,13.696447462491367,12.744766675907638,11.333725428127726,13.319991550772741,11.884584317388745,11.896277849440992,12.204986780714856,13.598564983709998,13.850524857630147,13.843472482069679,12.723065314085588,15.16380519711453,12.594688375682939,12.29339668802593,11.663874222735028,16.734591209370162,12.250688253294513,13.196146225151805,13.344644342427673,13.317610204867696,12.415108558924306,11.566983462675763,12.833398342942418,14.47562439674917,13.375293364059992,13.541294388149094,12.316869910644451,14.04703599344129,12.009866684513247,14.1996298858329,14.397495089017829,14.931326551605826,12.779063881091451,12.348780159069145,12.745048658355426,12.600860550351767,13.38955796348012,12.207426492286766,13.279918060354563,12.786842737508858,11.792809979828155,11.079627103232985,13.302156208852386,11.991454872424193,14.909930533041125,10.427154663018884,9.69386184471406,16.142176752505097,15.005855119746665,12.660422167052396,14.032431031050894,13.23580179914184,12.821166961737303,14.177742104167526,12.498197092310239,13.4033554520296,12.245196347651275,12.969122109853705,12.929873891721444,13.305740386247637,12.182141185454705,13.07631345417189,14.295747461040383,13.208248721516656,11.721242566147579,12.424811145209745,11.690313177912135,12.794043164538305,14.87122479409141,14.53193208704824,12.09428319588061,13.706823454602908,13.195680020296058,12.767949342079786,14.256600815964783,12.95654150973196,9.64716550479036,14.256928330530291,12.0950453788366,14.612944082073543,11.240571686107177,11.409001547964698,11.659449269104261,14.663066808620226,12.051561741077384,13.851813683043355,13.331776026150452,13.682994521506455,12.87407897024051,11.463443538740922,14.33191036530163,14.005917477866882,13.466906234541018,13.171182210030763,13.967233208210576,15.442420508550564,10.739918435721298,11.593567863349683
2064,10.601444675222687,11.355968369899884,12.683501999015396,15.613273501396181,13.064456003191678,13.97425452036702,13.109220972527629,11.69748206209877,11.260898990354136,12.348172435617968,11.442362622722339,11.584057386281255,11.757212513814805,12.254084107668506,13.098373444184016,13.437279897539515,11.099727724759802,10.98749895199486,11.528946824857726,10.49867270368597,12.230497898129014,10.345300372527992,14.674637587174125,11.746675443390144,13.485334616640344,15.144547130750572,10.253902160279129,12.58385709575985,13.408079517924268,11.425613415467998,15.411660018174544,13.842971830264384,12.050472646141833,11.685764460379017,11.4155911197481,10.915863576932288,11.98904810845852,13.858998283095982,10.862497034280198,11.586360116174154,11.706977098532347,12.482911817607997,12.153624763469333,12.329865440726282,16.84723039813664,8.36012807156405,13.869164938512055,12.307548789226491,11.63545628871931,12.580743360616589,12.622409154863464,12.324228921824176,13.586451897154681,16.778290095536608,11.579185941944951,12.114490553088812,12.178608238393362,11.396287411431096,12.939178498988246,10.104440109723289,11.587823413312437,10.83754172200418,10.466664630190834,9.704918560774432,12.174102891236544,12.157233797985574,10.968085653016994,13.200692864539828,13.342979910581008,13.049834090730418,11.760207781365708,10.84731764702693,11.73058409130444,10.707588495119762,11.064809259573888,11.12789230162035,12.107751945114659,12.251992416770562,14.386967110893,11.432574217734132,13.996483164029605,12.075787012343822,11.15495787884878,11.195065012282656,16.74341063395791,10.920476492008437,11.789980326657712,12.958558707781465,11.879913350162301,11.207316638334937,10.443819090076117,11.376927893284872,13.675482814726617,11.962650690389717,12.80262890247547,11.657113623035993,13.347152349741565,11.533748572287355,13.58130265318829,12.79969747202552,13.722425747176874,12.110157177824044,11.855549571630748,11.642321808668585,12.042004535379622,12.619125873498295,12.146090273704866,11.82474884637834,12.291429721142935,11.312620563351592,10.969099465312192,11.820258927734002,10.876291655327961,14.025880518166915,9.926313014943968,9.472607199715089,16.061964019485142,13.9080251455307,11.35655329797579,13.372647106647497,12.364661981878076,11.65699283370961,13.027091924587022,12.418919009358989,11.973730150245778,10.978466808391001,12.511929456306543,11.82532594644505,11.99892890242779,11.640146875996955,12.211155447946945,12.966268412444904,12.530861989271058,10.604676804788737,11.384259792773618,11.010300046885796,11.438337867026744,13.805904081334239,13.537335711976759,10.836084799922025,12.245591110509375,11.784047553720685,11.380369491510738,13.532878575765569,11.851064014167568,9.194071982956858,13.5772586296434,10.968590474647026,13.920922561832091,10.119732350191992,11.157966906123837,10.446313175818194,14.162435194720395,11.36879470608319,12.338481202417904,11.827882724287715,12.168156232198942,12.400871935745947,10.980165395723738,13.61793864162072,13.58243431474852,12.666391989783103,12.584886290780874,12.46731320837432,14.260577046190916,10.19028033024591,10.493290954269474
2065,10.79178363262959,11.474634183165824,12.372279943088474,13.119951183381287,11.877958341947066,12.787261720260851,11.988445640906047,10.32726360716017,11.437307628585307,10.98910055520094,9.878624853394603,11.481985432976538,11.496784697711954,10.356073017920492,11.969061813924622,12.257877478457019,10.974694819473054,10.91372429838647,11.397399632705618,10.274624237061845,11.093521680358958,10.41889579646775,12.665533292552702,11.505927319031041,12.81140348444814,13.590347566034477,8.947782583008319,12.244500858142324,12.614452071811844,11.296825975341646,12.871518473262372,12.85301574416783,10.876780414063001,11.549401474559843,10.048862926014097,9.688678216837026,10.739201617163967,12.325650173036951,10.95235628343147,11.47750623540386,11.01519184936415,11.311877034604555,11.98419559285369,11.007879271698387,14.116790108058764,6.793514332855526,12.993762165793907,12.075333689498892,11.508951979496965,11.15416642278433,11.433707613012068,10.92480197484079,12.420285291483872,13.329128979340844,11.364146561371975,10.863799886535045,11.890259379602,9.957006338497866,12.198461049600787,8.761135933839762,10.742499156895542,9.469566828854708,10.66680388606113,9.518731020714924,10.864984361373862,11.997117229615865,10.854566254855495,12.029417253544796,12.524044835049176,11.855997374767195,11.122951597025946,9.503657729729369,11.57771950830584,10.654328495264053,10.03775706895344,11.307979907759508,11.874181349883264,11.837181565230308,11.311722380271103,11.358666042432843,12.88669950677001,10.743964072235899,11.236520334106425,9.894587412638513,13.960110713606296,10.804569815487968,11.67664479929954,11.119237642249338,11.752810224890714,11.119838729662742,10.39516599257679,10.994266647936618,12.296811506800028,11.703312494022692,11.651835837118009,10.296336495681953,12.314824290897533,10.182043414319985,12.41720592133377,12.410260756014157,13.000800665042808,10.90284959194453,10.477298475690596,10.930366290004361,10.779208483903302,11.414474134211952,10.741004606465928,11.68864429758295,10.978053574490808,9.952815940917429,9.747336106779782,11.430443295034705,11.068339525053844,13.083881819863684,8.61438210438127,8.057463315194068,13.386895677965626,12.923206622671822,11.177653782393621,12.309138865736513,11.143358372313822,11.241115860207614,12.114337759942785,11.08766059188739,11.62670831349881,10.44790210698367,11.17385717805313,11.933515001574289,11.84636662894374,10.76453280677695,11.463979008567074,12.610997724954201,11.359817709611814,10.795873704163924,11.560135932720225,9.792953105015759,11.32145199924708,12.843447986828243,12.815908216911819,10.757081708344428,11.961237814196426,11.663284669184815,11.254345522059694,12.35036784345689,12.030114024715582,7.8006058894097805,12.39881974993193,11.15805331747169,12.797898368160846,10.327046447271567,9.837007884422071,10.373464522316409,12.585040955318384,10.14334503528865,11.993370099236136,11.552117309978474,11.99312278077654,10.997489655471368,9.664909778405791,12.445894253308598,11.808842506097713,11.431689763846604,11.225456690982629,12.091408005247459,13.172554526640022,8.884383669325512,10.707508494834537
2066,12.317765008496204,13.541245143779594,15.70213505431362,18.2722473455512,15.9241540974573,17.97239840937698,16.303242711107373,14.172441052353905,13.311711265341096,14.943183399089007,14.118880228139462,14.070339039758947,14.603002912648346,15.292600397506483,16.36129697606616,16.714365800599694,13.542292787976889,13.192637939168064,14.106731361345101,12.741704551827002,15.4005982681461,12.546774123025974,17.85962420118892,14.50992333759432,16.593772763791296,18.394208954728168,12.728862744310632,15.529893602892434,16.309777620046034,13.982765922889758,18.06478140146836,16.39671669576479,15.115135672947634,14.359477727066563,13.963319108376037,14.143035058741987,14.467056948853577,17.647594296413924,12.879049601762189,14.13726060513569,14.803269412459638,15.699632748313572,14.746537069263669,14.76529024221489,18.270180583000187,11.361612510502987,17.227232826792683,14.809184077094592,14.200535323308861,15.383701133663243,16.076617121696472,15.10325404872065,16.582288903872605,20.39255658439968,14.442596456278928,14.599728078945823,15.219249775390262,13.941131310152786,16.41806521785,12.740018794353565,14.685588985215873,13.67964297686906,12.550368816308355,11.92508447834331,14.643018419327948,14.847558873017197,13.464816190626312,16.150512745765887,16.382351636886597,15.980876498005312,14.222886081299055,13.336585996267592,14.811291799597116,12.766569663649024,14.183760227271073,13.084934712752057,15.11044638996701,15.614873177655365,17.36470034329788,13.844871074771104,17.806504802859347,14.631983146071434,13.131522308873093,13.619044818308042,18.12356739458831,13.424176600478267,14.464613680282369,15.938099346083144,14.633957820681292,13.401289399551313,12.43104687333107,14.450203792718442,17.342347173263196,14.861255737102553,15.985645246246587,14.666867319494484,16.150435125050343,13.998239880670672,16.36278531732767,16.140132242246818,16.95720096823315,15.134236703748284,14.32462932072256,14.688217642352633,14.488864366936946,15.905784206869805,14.804022254341325,14.620370764690252,14.763152559976215,13.75674624222776,13.478057399230163,14.916342476787774,12.956093505875254,17.003021505215894,12.438390361908167,12.08672491096608,18.81828426278155,17.38473037743698,14.037198010994043,16.111880311499473,15.922061796421593,14.215565176275762,16.286044075437218,14.994376749448154,15.01896333953609,14.031286972726742,15.025704498524254,13.850687612657962,14.516946923473602,14.015292020109689,14.65821572182619,15.768172536855156,15.530021281346036,12.667427985564522,13.24867124240036,14.171511176163735,14.017786386868233,17.165614133498263,16.48029583692551,13.095098083109963,15.260635122332886,14.49314564174932,13.99450350017287,16.713755577235766,13.887631670612356,11.829075931206996,16.487870786501016,13.05493945142497,17.01416192236154,12.216877336411372,13.645470746023502,12.572485928302227,16.974948046000108,14.532501284680936,15.492935127862127,14.903891692828868,15.146961681868724,14.868226527904525,13.446556070333589,16.72213838500497,16.463809719552167,16.12196378798589,15.561048090457914,15.605970577296363,18.069863268214732,12.731384960144922,12.438407433421713
2067,10.782316629005514,11.46903899182444,12.519270320301475,15.618179145066632,12.85154560920985,14.03093564834284,12.948359526369881,11.614042920019964,11.369012039296498,12.282873967196792,11.744244033511245,11.671230075961867,11.6209409761688,12.513481666212499,12.928662990098418,13.261990457125332,11.18146042837559,11.09169816063798,11.611593285332555,10.660162093267147,12.06822503588932,10.808498654676518,14.540825930626498,11.602575689554214,13.471267718335861,15.556388538816703,10.177386127088385,12.432642418405282,13.44132429620494,11.508922500454867,15.395185589790344,13.695515148017718,11.89859741877603,11.76987453841645,11.70456475230015,10.714968058969017,11.90025897632839,14.098169650720513,11.044023737959241,11.681514315469114,11.518183017797444,12.338314351949684,12.223315635169653,12.27784346529971,16.659868841585908,8.296053865924478,13.936146808707196,12.354920283607814,11.720401716135118,13.002954984488692,12.437521783311082,12.691770558771877,13.407691732696867,16.782366436460748,11.44520178825959,12.318912060364438,12.04267812779416,11.673901054299561,12.865369052342748,10.073857644167932,11.385514310844565,10.828903870697584,10.574588826938495,9.870510126423577,12.449105514132459,12.23873642896829,11.061125325201,13.017299907039044,13.408339122067332,12.926009875924692,11.756487648934128,10.752303582960337,11.744675832436133,10.835944287154987,10.863211755519327,11.266168675668862,12.050032212682394,12.062314327765742,15.124716380368115,11.534387712893281,14.052464357050864,12.03995905654586,11.3186021356479,11.1338599431126,16.54104441145192,10.980990413707962,11.889974012161082,13.156789826310202,11.971501237024434,11.322851416857347,10.561101711314658,11.192227151325866,13.749724477529528,11.82284582438676,12.63779475928649,11.604881903581807,13.194896648759427,11.437026487258466,13.38268050810565,12.619467460590865,13.687026016090229,11.920315630571995,11.746612763842167,11.461708791715944,11.949949968120325,12.41755738020267,12.511926609536873,11.910171443232054,12.243856830360452,11.20662265918825,11.256490348068914,11.636414340676986,10.990572747086054,14.079254194446232,9.852624416432306,9.645586113242995,16.064644772073496,13.960639250019325,11.243884358717048,13.203793279502703,12.171609391202727,11.693302896359693,12.95016763650853,12.808394429476365,11.786206477362175,10.786936541128421,12.413422069147874,11.95701302393623,12.070906481665114,11.718960002388645,12.19858715650828,12.80677542090416,12.356219364066975,10.711297024486829,11.534525570662122,10.816017859817848,11.522914320878359,13.847162879031643,13.55808475224868,10.939467136626659,12.079246023426883,11.870222849042516,11.454211764118593,13.352123570183046,11.979971358633565,9.189376275662495,13.378754326182863,11.07595544405606,13.749152077280957,10.232182247159274,11.272698443828398,10.544940606407497,14.012773677058844,11.173564598936101,12.177409698943734,11.692018942664502,12.234863359967004,12.291467004212672,10.932663855314983,13.441696710560633,13.454936720754795,12.477586209450084,12.402962428396165,12.294944557806724,14.327249765396118,10.171899717199901,10.657066459767522
2068,12.47620026184165,13.657106830050116,15.586954704121403,16.22298349472492,14.508768373533439,16.65789855887061,14.687179275504922,13.135083634244358,13.427631975354064,13.80638120161451,12.925970371650616,14.192625237871773,14.488550790950008,13.663839276718054,14.75854613016481,15.079047726548234,13.66712465402215,13.277455912336059,14.250188818930287,12.489200404804686,13.787815156514233,12.669439594382828,15.911156036931535,14.388356633808302,15.790136659922807,16.342930877986163,11.742327567351902,15.391085854205105,15.315814337652663,14.084872328068904,16.03587416721427,15.103276553361317,13.598438980624728,14.495663903329683,12.729061530821998,12.532128615223844,13.57665166906689,15.375566748821218,12.991617534471596,14.254332115509266,14.212387448743634,14.095545496143723,14.866210062542688,13.74925051005709,17.495401017043907,10.167606997749079,16.052651726681255,14.860630114441333,14.333244424070353,14.132579407290274,14.347002955234574,13.83364868927342,15.105822525918484,17.567253804725148,14.290124368408454,13.531021153149402,15.140959448788482,12.761755205042986,15.807913534343243,11.686199495163951,13.815015993364485,12.519364224098949,12.677783513077248,11.697623653256372,13.433988955357798,14.986245562200963,13.576096891182596,14.69565442168032,15.5176123879526,14.537332640798846,13.85860869660973,12.331805349692058,14.91013009230728,12.841021701693533,12.963158608758414,13.221467381262258,15.127535194806429,15.534152690483177,14.857872084269058,13.943312571748443,16.56515708371349,13.566469221011452,13.262198805809026,12.651672347732214,17.365020885415703,13.521855818836588,14.575094478204846,14.40453068458516,14.764861183645932,13.497603392795378,12.496293392194358,14.373287268792803,15.294294258822566,14.73044302670852,14.366871079996876,13.366260250706393,14.76579257489547,12.998507121982787,14.99609035577463,16.05923282970553,16.290963886872586,13.669361526875392,13.334340242911942,13.958138752242798,13.610532386147455,14.264590460969057,13.60376336004423,14.746427348774413,13.740546062102787,12.784236190111743,12.322775922715664,14.851992969345504,13.076892243779223,15.977364363229798,11.433376492932439,10.923635948935283,16.66106874252791,16.256903697615087,13.871168318649996,14.747109493483668,14.145637545248732,14.096731560061807,15.478464435340598,13.846072027864667,14.888950490433242,13.633223571207212,13.95260184714267,13.980230301618576,14.645600049311055,13.3073789127495,14.249333084925361,15.689177569487825,14.048395590633964,12.795827380664972,13.389818326934527,12.610579627039636,14.11863345474653,16.05148956309194,15.478289609370027,13.176524348724024,15.139984076802175,14.591777509969216,14.098353225251902,15.145179420061734,14.009707744516762,10.750947597801037,15.039354623335859,13.177841685712337,15.47893896731346,12.348040001223916,12.516297445025133,12.644031652127927,15.371002837367682,12.981392122805124,15.39665192495222,14.784485250994889,15.297514494994413,13.865018571109468,12.452775195240973,15.170164082361302,14.738459486028427,14.419765669690529,14.011709503505546,15.527874678373337,16.812286923760954,11.718987170768822,12.604590062537921
2069,11.234450673077095,12.15699505125699,13.728820027378594,15.635628251925764,13.560598075065924,14.391949336489908,13.844713346303807,12.273487319926856,11.951748766652916,12.909688597221088,11.742661318863215,12.687803580162477,12.742799432867253,12.966114971067997,13.861749959704671,14.182085102019107,12.143245951657224,11.971947786600694,12.662193352599507,11.142952350818593,12.988436503092883,11.523896837849982,15.079513682619385,12.708574511110784,14.021148322312083,15.993123104390886,10.872942988963231,13.600424755688595,13.685094518506009,12.563732757526655,15.408115155023077,14.3197512957065,12.78629419418133,12.836925633737577,11.820326667036051,11.677733011867689,12.578341169525753,14.87147673964501,11.739528117620429,12.704326786424808,12.685079550613533,13.219839051365854,13.278952204176916,12.914102318494221,15.496732680693922,9.083700034119515,14.2064194827867,13.353993971386684,12.773186316308768,12.997259778982919,13.41761952857285,12.76838382916606,14.201852176662378,16.902802176287636,12.553014928556006,12.59092124389566,13.262158051862013,11.739860463239577,13.72921350080034,10.768809068300156,12.481374628639418,11.56023536590131,11.185253144687287,10.371047776678335,12.603697592959458,13.311682389773246,12.029852501231844,13.808458699966257,13.639306563398117,13.714214188249217,12.636960542720297,11.433245905432043,12.954532411759319,11.64858411592634,11.898872330622831,11.80161691942941,13.238352618139725,13.457373460025893,14.818818400087567,12.501144664686013,14.416168737184744,12.666133690949373,11.971544566685742,11.791986188081944,15.36366381852523,12.015976352536162,12.9915284720128,13.637531449856315,13.113428052028887,12.199968358744743,11.340810631915588,12.499907382156538,14.62652034158616,12.949057993418338,13.537919427754117,12.394222138368566,13.940599112558868,12.092613994913254,14.093378554402005,13.985333362027358,14.407482256242277,12.783474855205938,12.399741765759561,12.580144477117319,12.629853166315865,13.34357240966157,12.51219429804579,13.070718847215176,12.879502571795298,11.868592686465256,11.437480614075197,12.923578955638018,11.582366045726383,14.282784218535475,10.558534037285108,9.936303882495219,16.082397085816964,14.278245160599118,12.273581593904806,13.914790447639387,13.201636785722302,12.662222992466843,13.68942020331388,12.789388687916745,13.050644574970333,12.018212107374614,13.074402885592509,12.581218013944838,13.08534245921866,12.215651630383471,13.013497610657435,13.948192371207332,13.189609258881081,11.315045760395309,12.041545130150473,11.747547276318073,12.585726477448707,14.14046337702514,13.842853535776557,11.817459514162138,13.276359288801403,12.993187452383017,12.547974632486053,14.226267089419391,12.537545316488204,9.786048238692079,14.105693991417473,11.678233527618906,14.618037456808532,10.849603360842751,11.660043274457363,11.357257664365608,14.566903091319231,12.116155294883674,13.430713534638615,12.898763162326883,13.438058479972508,12.909108811746483,11.58654901769984,14.295288178259911,13.977681891182847,13.469509204444682,13.176862715055115,13.577962913722528,14.66197067231912,10.790328906039184,11.175984469809292
2070,12.01415009083955,13.110317963296955,15.869944942305274,17.26443024303602,15.21476211755172,17.442711127840955,15.475156974857272,13.629332127454493,12.792109625495002,14.353015082037967,13.172512810191382,13.897001095925987,14.753262918847415,14.460378709046742,15.512225540435836,15.882474710112033,13.354718760303829,13.04626597820417,13.956695311257377,12.099108969129665,14.580922665843826,12.596689645362938,16.861961237762284,14.632310823901843,16.29003865822502,17.213437256605733,12.15203535977913,15.684396039856518,15.892831247785818,13.812439823199226,17.09416130833004,15.747860263223233,14.347216884656207,14.164325721885852,13.063281769094912,13.33954886026154,13.897972568545658,16.393942194140475,12.671369557471381,13.947554686471175,14.704149125062902,14.881858253284646,14.698596242207877,14.217270376241725,18.605352505393657,10.690825068351364,16.709540674219962,14.735584938979667,14.023736078778043,14.467828253850994,15.19872602561246,14.214186930786008,15.834171645343304,18.97446109937585,14.539491105338804,13.977932092936147,15.327359057396007,13.041145945716979,16.317752294566326,12.19400046069337,14.358132190030554,13.064750849552777,12.03066884378052,11.314945169481573,13.757151514534717,14.689018670226568,13.282024249758411,15.416846424989084,16.017421839029893,15.241116157044537,13.86792802511026,12.71474857553435,14.665175297661968,12.659083117609441,13.651004320901379,12.640565788616307,15.059350902619574,15.91012768382612,15.95570505183676,13.664452356812747,17.29221969178837,14.062590433851533,12.884571906665098,13.06079537842585,18.47947270455568,13.216065329540035,14.27684432203355,15.095716562284078,14.438798170860695,13.27626809599283,12.321927445090338,14.725610986351972,16.221474348445955,14.979148345796961,15.161663606438948,13.96472122001907,15.433820219791457,13.418415955551295,15.664693304701991,16.40469844736483,16.802383115465762,14.367579971561609,13.728908107980438,14.504170638387619,13.900998317191135,15.071981504802466,13.945728569413012,14.409143161514535,14.195573921801282,13.158861781915896,12.614684499992546,15.168573406727418,12.42853119823596,16.60361571933913,11.852737646064032,11.279740463658845,17.763040755106054,16.920747761979055,14.118318524049679,15.434989967423942,14.986919222318608,13.969572079246461,16.026479126966517,14.203906714268358,15.223833606942838,14.085762516311977,14.45677970479364,13.485554695777271,14.36350394882586,13.357563901530662,14.308755520407274,15.98877947907085,14.792467384315703,12.17365852096523,12.842911176059564,13.38824719530733,13.826750048355242,16.69678892907889,16.02527152455372,12.926088820171097,15.40944002260981,14.284732559817316,13.814651334415316,15.893372300526373,13.394654472884925,11.18500230744805,15.765528266844544,12.531002272730289,16.209908975207288,11.69024473720271,12.869554855901265,12.411190984446717,16.161967767321553,13.744627867055977,15.704124133871952,15.076257277118122,14.939665164332839,14.248111075114297,12.910457825774085,15.932492775761558,15.586638714308329,15.244283288069393,14.762159290844977,15.856779648557959,17.54840453276816,12.230435117552789,12.089335897694466
2071,12.346634498432927,13.455639812609423,15.314945101576006,17.868322788373288,15.17513251045476,17.519427108375925,15.426246640474904,13.908959885654246,13.253800690821985,14.582374375151549,14.509827467086527,13.826871193297537,14.245580456746014,15.15842761552853,15.514650654857578,15.842501528480131,13.316446580524232,12.961577800952867,13.90745222568512,12.804804658183183,14.511789888467478,12.741243907938838,17.17163147388593,14.135909199552689,16.2384763457205,17.64756533762683,12.462659730859425,15.183676545710675,16.00368672998055,13.736795475868428,17.672581437894188,15.649371983564423,14.313269984786926,14.10774653696496,14.303387247997781,13.292784997626494,14.198606437962994,16.73268523488356,12.748019507235806,13.879460310482463,14.307747593901182,14.850205733724263,14.532302147668343,14.485187536672411,18.951715619667713,11.000942615306247,16.788237241542213,14.601527397885269,13.999451643908804,15.892834003042918,15.116270444416648,15.585297502739277,15.812737250943547,19.820317154993187,14.025785473863715,14.760523633464523,14.84884681714618,14.30729433505432,16.019967627347164,12.44674880537407,14.08989665948826,13.368637889137734,12.493841479006024,11.986582245029835,14.95751786426358,14.628010988154495,13.21542981656714,15.377016828719364,16.271508877692014,15.277414360124135,13.930055004099142,13.049147801979894,14.540884233282313,12.552119687523533,13.472584287109585,13.061573082338208,14.79861589326807,15.275786680047924,17.495788615885314,13.570427301096855,17.33231967169306,14.335784731999693,13.039378835131293,13.382255037841592,18.807763535043474,13.16169437740767,14.227712993550565,15.748636976532321,14.407101286413228,13.190397025126478,12.225651391174484,14.14422474980086,16.434013736636743,14.457450180719404,15.101338026316274,14.236347916212095,15.37577497513722,13.72856311014165,15.63791319080021,15.787966335597249,16.608613323258314,14.314777405365653,14.057291866644572,14.146981783778124,14.207831378216326,15.058146274709346,15.289965982386926,14.384180106060665,14.471103927363517,13.470335495698714,13.796417279735858,14.582293163620589,12.902558881870428,16.638558844671305,12.16081908814933,12.245041906388225,18.411357791891884,17.028435410850722,13.630519990039911,15.363211328244722,15.000741742875265,13.991706360738887,15.849048143495684,15.498914449435214,14.656691744113749,13.59668403884153,14.697948681271594,13.786580792425767,14.305534870728206,14.013993087994018,14.421532805523146,15.483337239038356,14.735425570412822,12.620694764282392,13.24277086199626,13.328367268261703,13.769003174713127,16.81374891134708,16.201101639996406,12.824567802574323,14.871518143169258,14.235928170544948,13.735242357072625,15.899788398457614,13.85460625532205,11.642023754508603,15.717775289293224,12.99650065438903,16.18597210741237,12.168001869450448,13.702391735561516,12.324427963598918,16.290551008737605,13.689008490870828,15.127992238687431,14.52554964468531,14.915986144024398,14.595195386720741,13.164036253386218,15.899386370500308,15.829370332152948,15.261679250018107,14.813629683269111,15.285355448074963,17.618017786222957,12.460312984640836,12.460277794495875
2072,10.285489851932814,11.054500664381873,12.861615857104368,15.007013953250388,13.3236979233182,13.378398798406124,13.52278117770734,11.844391856342554,10.846967791733535,12.505724948061554,11.03756837133804,11.715178079579188,11.972406860744664,12.3074902386769,13.506568588964319,13.840749300044518,11.226689144999359,11.109835064605527,11.688061848606758,10.109262375090193,12.647660655171975,10.125790348681422,14.552396828713622,11.937883349540444,13.26920001373282,15.370406790919926,10.411307873933216,12.746267314190453,13.041169358174438,11.55795331461274,14.749606699723264,14.107170947867894,12.43042494972115,11.818284463947231,11.108057099111056,11.32097834867992,12.084919234170865,14.228264135834964,10.83013130117046,11.713402845613333,11.969835396046221,12.879319035650598,12.317208287508599,12.464120889811415,14.552980958119683,8.565484178940888,13.442758927097087,12.433411443363065,11.780711177655537,12.290193537655087,13.072858580226164,12.013839654300524,13.910076654475674,15.950141383092046,11.77037057970934,12.066829468892971,12.354860447347166,11.042359211603587,12.784076747686969,10.322248294706581,11.854521994195553,11.08203580169736,10.073694540673628,9.317006439901888,11.883457245386168,12.29717332157104,11.121528621297335,13.510238569715751,12.838073791288165,13.360206850520944,11.842407781144846,10.97705165928473,11.924059696171593,10.852407854374341,11.403210455632728,10.741296202268293,12.258027730732346,12.482382240016824,13.796641503987106,11.550596560473023,13.450592665568644,12.241448419411551,11.025127944394784,11.337405076047977,14.362922696639663,10.989286883855643,11.939053382117145,13.007601869495021,12.038352609328603,11.333025460273191,10.57817199664271,11.596292578574753,14.090565603307413,12.159964530202357,13.207732895146245,11.924242979644436,13.661360125016909,11.657724627293646,13.836978535957472,13.035938998279365,13.532597330925261,12.441541544283213,11.965117143548056,11.928707834495153,12.119938610364562,12.998720048967266,11.82981077095737,11.980134513391103,12.438713761613421,11.430336771613876,10.656395929501112,12.006004423227001,10.45882555388886,13.551240564445443,10.091978606767954,9.292435466757286,15.394226165569345,13.450437529619947,11.551974290900906,13.658428947886694,12.803456633068297,11.796498680892201,12.838068512470823,12.13446189398351,12.163845317195298,11.219222506751187,12.658134451378947,11.542176014541287,12.11805626531334,11.470061898879383,12.31743489307068,13.12669689402632,12.866758010309677,10.217690123245118,10.997698101984419,11.400521218614731,11.5646949985429,13.344174162525198,13.238363614224866,10.954522101289548,12.432943147161735,11.91534920555094,11.51225890156449,13.896953974081123,11.422282444394153,9.274777387795242,13.863111598660117,10.562526230902781,14.287009922868531,9.719885233546728,11.046830421070693,10.57484192133922,14.179648515970811,11.749928663606227,12.560881629019327,12.074682097720066,12.312700622370874,12.473994433596408,11.150663039606552,13.973271348554158,13.506517448492914,13.090229686511597,12.799253024484802,12.673898328257645,13.721045042185683,10.386472933804212,10.163028939343665
2073,11.04482403073622,11.959779471158983,14.473957353959912,16.60546066968337,14.286511756155804,15.889949518701302,14.551306393483411,12.592007808711218,11.683123368283976,13.314563057830803,11.372029741821084,12.710398998516412,13.473345466282062,13.319190107771886,14.60422093064889,14.917239156754121,12.20692547459317,12.007125066269351,12.701756790928217,10.829011510571704,13.643042515396427,11.508867768165862,16.003072155558545,13.416049984162271,15.079830838731768,16.586751003547203,11.191158535039946,14.346014106241258,14.757712525518041,12.588493478686914,16.424249571302663,14.983672467100885,13.38552042145444,12.8908470120324,11.436541325979583,12.327702945503207,12.914659830215188,15.591099080832109,11.682166348494912,12.731183310403772,13.389909253820129,13.908031748688739,13.355723469113203,13.234661662363976,17.547412545784663,9.474734094155876,15.42403815168402,13.475339046719933,12.815241853909003,12.631526646082817,14.189423575349478,12.37544565842204,14.905332903499191,18.193351134009983,13.312115559435412,12.583749623564277,13.922251903168533,11.362752623843416,14.82116618383557,11.117839470877737,13.180703340341212,11.95890355741848,10.909568256981997,10.052523945154542,12.211150126450738,13.371703949635446,12.11976785682466,14.489323590760643,14.937152307318604,14.297382761278879,12.78740735222464,11.77073878697727,13.234684824943542,11.707785387401993,12.546008840203285,11.561831991471674,13.673168006677018,14.277088833942445,14.804426599455917,12.516748294882154,15.82461796765742,13.034597807928275,11.879749429776616,12.112547089872155,17.38847647024238,12.026590565300504,13.033920395633448,14.025354102820806,13.15110445836478,12.252736421220973,11.398876336605653,13.22485476732254,15.359136530886525,13.699488726647006,14.230667288860548,12.867546159288157,14.626458456334857,12.437769908943899,14.771945148706436,14.809348946680194,15.456888903742254,13.456110472912373,12.752726194327295,13.262927806349069,12.948418392435366,14.093016275569148,12.153460502624513,13.105173816175562,13.221735162417529,12.209625005722046,11.02749537344536,13.677204261007521,11.306803667108,15.408729258114876,10.87691872647923,9.779002357436264,17.10327301595522,15.590525041455807,12.98901207485925,14.586060120359711,14.01721812736081,12.772169591535047,14.712346264201662,12.467192179665133,13.789276739946848,12.717322722401308,13.445046321547126,12.408839103320373,13.125410937987597,12.131508280077707,13.19680514947876,14.646926447749136,13.854822616214337,11.05641088569942,11.806899403910274,12.39490993709668,12.621518557040911,15.403682112045912,14.933568541122524,11.866328861402433,14.047543149562957,13.027317040559392,12.575449037730051,14.95600033842999,12.277685462244097,10.019407611562995,14.835190158823263,11.402680725183178,15.306246696687912,10.56973864202914,11.574256023635037,11.41613228813462,15.338562905788427,12.772608139734393,14.222783332123704,13.698993491251832,13.502900859260043,13.278001020783961,11.91483944265739,14.99802807038245,14.789654843185259,14.229605290876782,13.88067255784636,14.350260898794819,16.07556010329205,11.145132215126704,10.985426917145757
2074,11.300492178162802,12.255518438375514,13.605402354312982,15.417354446066467,13.564824901845144,14.679561427753905,13.682233546415102,12.285432601752492,12.089763680877896,12.953497385849124,12.195153809112057,12.66222554736811,12.644045214290207,12.987141351822928,13.716339421013124,14.04389026955418,12.174798364224644,11.932638358486733,12.669195445335435,11.331539352019522,12.770436364671461,11.197760610152843,14.911219834633496,12.607243065762779,14.156936407413177,15.770227270757623,10.866014774564816,13.499415609418698,13.911228157903837,12.554707570568377,15.1951898171202,14.233419718949694,12.596887116846835,12.865528840085737,12.125931594642289,11.475007628617082,12.627074901824415,14.604699835829113,11.713744083662396,12.702530153419655,12.543873180675769,13.09558267308318,13.245941870886345,12.912676740599718,16.256579137366746,9.110161803176874,14.461253298203587,13.315630946146408,12.750888182417214,13.389578904794613,13.290645677110428,13.131130278110504,14.123422009465488,16.53826231282691,12.452030123413907,12.802075885884141,13.187999931366551,12.120120046255384,13.794427390331807,10.78849444700324,12.332029056289924,11.598669506609445,11.324966109317284,10.52515309854694,12.877251373037048,13.342835923899775,12.064902808355251,13.72284692461076,13.940920726112703,13.600029353538288,12.638431940389719,11.43897825544295,13.026639688922012,11.591328220421689,11.710442483425142,11.924581337882122,13.236645821643913,13.330070059584534,14.947049160366474,12.475994497578105,14.676878942743594,12.717094012576604,11.977293937507534,11.787613674026469,16.097916955533236,12.034445826126184,12.960284274557363,13.666210880260108,13.08429036775361,12.148135597291203,11.294523036026433,12.358523616162332,14.388319385440454,12.857054016512379,13.34887969882592,12.421910387666331,13.83348092129049,12.122265278969127,14.062727395850034,13.86886060918155,14.476046752670538,12.640579765905505,12.439887519115986,12.39624905464766,12.664298682757046,13.23314699303845,12.904760715754138,13.052209520469546,12.890656642939739,11.899146321675055,11.681397448415346,12.81908119145943,11.719080766905911,14.497998906097015,10.546772009328656,10.156256405717656,15.832036823196256,14.539564755947694,12.16333459358177,13.844153940677643,13.039504287035564,12.674148969676178,13.72804330937241,13.170391334139783,12.902766842557039,11.835805674285995,13.082160262309989,12.643745632923167,13.093312248587608,12.394128162899746,13.039274858067865,13.824875295162201,13.065085311946662,11.459163000969136,12.125046506524086,11.565803170852044,12.563062566777937,14.404433370284412,14.078648964995926,11.803004956763724,13.175396678564343,12.964273474786593,12.539557358816916,14.111965292497826,12.663699809623804,9.855390311097318,14.08124073432839,11.81596562460713,14.475834517861195,10.98528110009173,11.81588236436896,11.365910063943137,14.45500804483891,11.931866835964763,13.322422646957895,12.793572778935022,13.48024280061541,12.970429027857987,11.593364018663445,14.16958771322085,13.794849849913431,13.329420703746703,13.021366997257523,13.464916163812516,14.941474985493263,10.85717464076436,11.306803727927418
2075,10.902908119818438,11.62140693807084,12.618865282963151,14.589649940314503,12.994503707341526,13.406539473520672,13.095915174354674,11.856407181567352,11.561084311617458,12.489413662449175,11.813638037313586,11.70268450094306,11.7231257820259,12.284339720140332,13.109506255906561,13.420842118885208,11.235519619304283,11.105054376889827,11.650881242330957,10.853002199619691,12.208079903103087,10.595020176275915,14.122434906013634,11.724180908144817,13.188886734454536,14.988253623247152,10.424085624596998,12.518184975437498,13.03485139038252,11.546930132838694,14.359385293463006,13.811157537543256,12.044401173196409,11.833047848680748,11.817796136854906,10.868568232768903,12.139044863050401,13.762081942683007,11.099141381357025,11.724649166202418,11.627958755211338,12.505836859750362,12.241951661751319,12.49793774926144,15.598918277284373,8.587773707978753,13.432966728573264,12.388136682950938,11.753797736423826,12.928181523862095,12.626801391699068,12.697734985014671,13.54208057794882,15.345187303812612,11.540603139964135,12.370715290308,12.147426916934231,11.752618864826536,12.630760201536445,10.304221611834414,11.509360181896586,11.065831174183156,10.782588634316042,10.045111186984604,12.55894414274751,12.278496175235057,11.109507249040613,13.142444166800253,12.941627909307895,13.07758327346781,11.88534250709674,11.009631087072194,11.840891872411191,10.849261984067123,10.99563393895717,11.437454279188227,12.141313890238171,12.149267408834849,14.030570780453479,11.562560619543428,13.466942158406196,12.260143314974137,11.398727436914392,11.35949996316239,15.477239352205526,11.044801448026433,11.926610143693244,13.035193803517714,12.009778659142876,11.346093154795794,10.56594915266918,11.290159324265044,13.620342231962994,11.92442294919823,12.772305566979492,11.862480625672186,13.343322106515586,11.695604713431194,13.496765167654857,12.713023737639837,13.415391341742614,12.058043456595877,12.004442424614632,11.570197349657183,12.183773986367592,12.588463224673077,12.475023289737495,11.950652185341585,12.466092451759009,11.470631972927112,11.352252884565491,11.72630511823556,11.18854753802652,13.566860823527628,10.107452583134823,9.803811731363606,14.951023476279303,13.451494880020618,11.329749379469005,13.33179096521243,12.375476900569122,11.777920289289044,12.672787666320803,12.73697131289088,11.881461986705013,10.883093697545322,12.642083367575765,12.079001515131932,12.11088132947359,11.910413585441267,12.336834468271423,12.86632784091584,12.481155381730309,10.91164724042882,11.68165154010058,10.967101156387642,11.561917790900111,13.365716584350753,13.200674355030062,10.967071260447087,12.182367515952693,11.912726999058023,11.497750347399196,13.501996797711955,12.148730116045996,9.41857046795928,13.512335470837092,11.275252973255906,13.89702647584288,10.443313474726422,11.469075978936061,10.569078218029896,13.806092834343083,11.3254854057956,12.264025719674384,11.792989829636142,12.300845538306495,12.544916731507882,11.14922959017365,13.576715420769611,13.108434469155645,12.655241882590497,12.40375258445578,12.373373996263936,13.744743973664615,10.377375443749456,10.803057190881153
2076,11.32889402738732,12.346289135353725,14.00365652087266,15.626483756562948,13.984478821573052,14.970211730055189,14.193323750858726,12.521352457773427,12.122921547326062,13.214979017097702,12.40332671641574,12.87914268737254,13.00043616240905,13.164751137728274,14.202283204897594,14.55147766224716,12.353089662997624,12.130357249761405,12.904220623166667,11.395077185786292,13.287955590483287,11.655613298001494,15.285988191709567,12.942181350744294,14.38595152225183,15.956179516470957,11.068223279455434,13.878390786845404,14.083289373180138,12.769523560433935,15.40108366634535,14.652156802623173,13.0790999079852,13.065840057542793,12.336928326596066,11.997744131509375,12.835142126873786,14.94784667958384,11.853265692358432,12.905374187166275,12.990203278220221,13.551975664642194,13.536460240331033,13.149896075432801,16.314879044242524,9.369114301491367,14.644515483275704,13.606906034376312,12.987274044760222,13.6425928933465,13.78207813527273,13.397286378980981,14.584147201284118,16.789228101787366,12.789473693979826,13.020130562069621,13.539691639335262,12.332326451235488,14.154763977164807,11.013005767017603,12.783261407004753,11.842039406967714,11.353783785406018,10.61150933024676,13.083092373674333,13.58389701240737,12.2502615140832,14.172333662600622,14.161552802376125,14.022068806964418,12.844101238347914,11.64265452001406,13.258344247775236,11.78864066108414,12.194179533130448,11.949114767733313,13.532341062253263,13.788698348257205,14.816309516844546,12.668620925720624,14.952720426184976,12.94223799426918,12.089388529243681,12.010820157178072,16.2051487331805,12.209310065307049,13.189569931315338,13.86825527007813,13.329750126389706,12.354514892982404,11.482678312970245,12.786996935716951,14.818332608627236,13.20112674893892,13.871123760776674,12.696971177406935,14.256074568499695,12.337745531421643,14.48040528595448,14.315606943615105,14.811507014598211,13.103010756651992,12.647068106123935,12.879869505763056,12.870840947832106,13.720947868474154,13.141509152948858,13.29095707955244,13.119174964402035,12.08687711215538,11.913340816345146,13.228908793798283,11.75857443297687,14.741678879960727,10.747534344053788,10.389343400364337,16.032809538685765,14.766129968019774,12.483252384092495,14.25907451367897,13.557540124849133,12.906007702968532,14.042848941343632,13.407224075382823,13.325369056152258,12.29214958085314,13.350355701440057,12.732846397420634,13.329148924221165,12.521914087073963,13.265351171686278,14.239417645270413,13.531081046868602,11.471363288350405,12.160767040417895,12.051968722148674,12.785720563615145,14.599391228478893,14.213949900606405,11.983948707904505,13.553207128835115,13.194493966096122,12.758032837801654,14.62130565617396,12.715950883601025,10.078575430194963,14.51736400891905,11.852182856720427,14.98267760451721,11.006763701205665,12.009855412270714,11.52156364178771,14.824179282037223,12.42205185888578,13.728963349176492,13.17349695835424,13.729379938672418,13.18910151379912,11.82080969501935,14.664959124896843,14.15704539483008,13.852139071925826,13.462288977573222,13.89342976976996,15.18841586780289,11.078692374791466,11.329030563083037
2077,14.289430286573323,15.967531908465471,18.5536492648332,20.0498238750126,17.910593076892532,20.762164095173716,18.285147127897847,16.2758737983911,15.636772480347886,17.036167344321374,16.70078663657542,16.689046082289323,17.340463016344152,17.71974532759708,18.511242283427197,18.8390739041826,16.125593975834228,15.491576941117,16.910479767167054,15.113073728654697,17.30287279512572,15.067520382611653,19.9448359530905,17.105930595294286,18.978683290274247,19.897542155307278,14.81610387693281,18.29220176520555,18.41247248649597,16.630318558086522,19.83352011701335,18.07046923948371,17.060379870559863,17.17081938230473,16.20815403532723,16.254237257916,16.602096241453424,19.53889771388925,15.011029834332673,16.79053409203239,17.44103844399038,17.745986562708143,17.563559122707534,16.780876258145213,20.873869538307193,13.910652804552864,19.401772970738623,17.478297132512797,16.976804062076237,18.10186227767364,18.22633307394774,17.76575637900311,18.602229921714123,22.59155428409578,17.130586994730912,16.97717302778493,18.179365342078,16.331639120598204,19.29661395497945,14.979779032099506,17.11661689436954,16.057645398475554,14.939934820584634,14.325029450914133,16.779340471910395,17.742279124648675,16.07874472244926,18.115231674650445,18.7715245951777,17.923137794370238,16.490024955376335,15.373485331949984,18.068247261092715,14.911875740341523,16.43895778707837,15.322065532855365,18.18188954306686,18.892179561697915,18.95170309232629,16.314078915378325,20.39065464424051,16.738182596538383,15.281893505998285,15.704665356356168,20.76643252891043,15.995280422513257,17.31300794041675,18.24544339335483,17.596833251092747,15.715853507104127,14.515089441900672,17.44357070845107,19.400880305663406,17.59921287194543,17.926046894944232,17.019803404808048,17.98512809172921,16.10180813721989,18.277398353037626,19.40971454330113,19.539263730463777,17.084068477153775,16.416256694690045,17.176736470149912,16.564921278020616,18.089356380960222,17.432107087062754,17.613437978145875,16.780227871044826,15.782696414252985,15.71888536781721,17.86768174819325,15.313394090403682,19.145798045655958,14.534270724479072,14.421428999175196,20.647984230000034,19.863567103510327,16.537301172380868,17.956942169562637,18.231931229000505,16.837016700402554,18.811170899349715,17.577906888464227,17.932730324890304,16.757242600555006,17.10786607731944,16.118283564629763,17.228543015925787,16.231186100970145,17.057851887267574,18.523540755976796,17.502074677011244,15.051978939901232,15.377544840392856,16.225999744042106,16.721205517001774,19.543596200321034,18.6283672426058,15.38897209841272,18.139954592870634,17.347413715461027,16.69540876376888,18.828427931536805,16.206719651332367,14.113325239523602,18.471122886823576,15.435161858797073,19.002455908319224,14.625162407431919,15.736402266699335,14.732217441434448,18.835518836975098,16.575862964858185,18.5785891517349,17.87919639504474,18.356374356409777,16.971591651439663,15.509191319994304,18.715878888316777,18.363596058410153,18.448751231898434,17.51722533806511,18.686729140903648,20.64615702888241,15.022897661380147,14.69918837041959
2078,11.280914663863573,12.046351170410283,13.370535089517942,14.797127656962555,13.341516275120819,14.135805383972501,13.548809983160183,11.899658081162235,11.947013660941435,12.570138303957801,11.666288893102955,12.273941401797147,12.470384653455213,12.516978914687495,13.57803889623155,13.877873340702575,11.764606315480629,11.637672414274316,12.216980530596947,11.091474579728171,12.638664753641931,11.32575095153373,14.481757384927379,12.450627525539499,13.856485365201603,15.303950385919412,10.524759303859398,13.236327050820643,13.569760467128257,12.107382311445216,14.550389788073039,14.123872035061536,12.417127979919316,12.403820249373501,11.696672927264288,11.297488240444144,12.261573555859048,14.252284211956942,11.591151752549667,12.274575616273541,12.235061101291492,12.935084879398348,12.794934726927591,12.548764925935997,15.17053694051245,8.686019357617784,14.04369364905617,12.90178541648809,12.363961644875618,12.96812250359875,13.126898635016834,12.687100189049612,13.931195284361428,15.712330827084575,12.343870027557665,12.434409688024417,12.89611363724765,11.639800280008625,13.374312121745037,10.406177664256617,12.063834574397493,11.241110664589897,11.173532032509057,10.326322465973055,12.481785741837129,12.846156576729344,11.66066656877165,13.524886726361256,13.620486204390941,13.38976937921151,12.238635397475699,11.091289462926596,12.542716419931663,11.36729102225407,11.483329617377853,11.80993360770947,12.861896793479504,12.970817585030328,14.123300373554235,12.104082738251792,14.16773665437232,12.324911126543,11.842912395039331,11.452251947662068,15.008771582790043,11.609248704236487,12.577445211536856,13.239188424595023,12.670621208522636,11.87751345838542,11.07596903715445,12.023709056332065,14.12886528994726,12.698781946431035,13.221303483876197,12.074428889009619,13.703700922753502,11.762180035933854,13.840619511659382,13.536860063672068,14.090885961509269,12.439027361996963,12.073351442975843,12.17311198053801,12.309811405837536,13.050245684450088,12.453162726257808,12.621673982428467,12.534097627939092,11.542696723957421,11.302842272688515,12.470229334278923,11.558975891250629,14.077215951948386,10.208106410001283,9.74127936589977,15.152227305847665,14.097701225591745,12.095792041524597,13.681186357998975,12.901682245666569,12.228053439894449,13.311321099815164,12.737324394285679,12.647275601716148,11.577535954020595,12.722315903620812,12.497622724703477,12.630865873647446,12.037110568064714,12.618037039495036,13.54026566543009,12.87176206149161,11.316569484608328,12.055519122205189,11.373639281191261,12.168679843778195,13.960035977702907,13.785522771270381,11.476742704439422,12.970212842216311,12.569473629736384,12.09480943919524,13.933807276027357,12.529988154445006,9.47685223720644,13.876722299534341,11.67059649462285,14.322661251963483,10.833316137609277,11.44484641986049,11.047628285768242,14.12485924071592,11.733847777561651,13.07287740464444,12.620809348158375,12.944734679535033,12.601865964415278,11.225414548069239,14.001875453021215,13.414333665500521,13.146334012889344,12.768574637077425,13.137278631572492,14.42595572283735,10.503893054697826,11.236454564389653
2079,12.602783829945585,13.7247347543421,15.820794286408827,16.985950749853377,15.302251169215078,16.995472416625887,15.652109759060016,14.230784651377927,13.482314904746802,14.962194384926041,13.332800613311322,14.229084868763538,14.782468944787984,15.115377922744855,15.696447159933006,16.06600574339214,13.656988955224337,13.37449761868819,14.295135934715686,12.683762591170233,14.743073759802982,12.9187481895737,16.804275681791097,14.660621145497197,16.096031422524355,17.22415597153747,12.820936187777832,15.626635204352768,15.667202612628108,14.125364313487706,16.77613770475854,15.854812682970714,14.54424064055733,14.490072175212529,13.292982289000703,13.492378285559626,14.473501281245895,16.59090776482354,13.171842590946218,14.275592965600284,14.700778873070426,15.128579898939837,14.999514829043461,14.840449448330736,18.014917070450988,11.53286289823755,16.427669827704843,15.006877577499203,14.365128767231234,14.714022098473562,15.37334152011444,14.446697820625875,15.964277505226757,18.63498218422351,14.596219346899053,14.458541411420573,15.35256469703239,13.216170968811804,16.072660882025957,12.937817102865035,14.37899423358233,13.912411525779728,12.746660685085734,11.902857335527308,14.001525040715933,14.99615462642649,13.615563174426233,15.54122617727389,15.96698074625886,15.572104975581174,14.285291856721694,13.332851128085803,14.93284557160476,13.003172637975737,13.761790709003156,13.278898009503989,15.220809248964422,15.843912164154263,15.924786247960899,14.004007502236284,16.87893917767898,14.738366502053717,13.377512996935321,13.70456050375841,17.883976005989567,13.566192027991237,14.658012752097264,15.748984331670018,14.813883065529494,13.617454160328787,12.654943357991138,14.67504977208117,16.410409301519397,14.995989565292135,15.327860246265676,14.675627883361733,15.56198065027433,14.041007691184463,15.756340745836496,16.34912017246952,16.544330626564182,14.474723082845626,14.33525738978516,14.533681649552742,14.460894145719388,15.244820264208576,14.153586115688086,14.787494683071323,14.845220655688774,13.760839369795894,12.874003742133146,15.070909938734513,13.122240598192034,16.300311992349833,12.531736581262365,11.64514515905277,17.47195522292801,16.56103594382497,14.21349380068157,15.562660957484145,15.178911478947038,14.356291473478732,15.807199469079148,14.42045710094111,15.187924276389506,14.091701018583516,14.989646312628832,14.054838246301461,14.659514454719815,13.823794412548132,14.756727586702812,15.927108231122077,14.943571369528122,12.886596521605622,13.460686779388677,13.525631374962954,14.184476334601642,16.36216223154865,15.799741888823721,13.249059069253827,15.395453193265459,14.671600366659138,14.141335752347246,16.051131945731044,14.076154872775083,11.848203959996294,15.861179433601057,13.240761801600458,16.379286556950085,12.410182108373748,13.286475672670031,12.719948290422078,16.17302716102289,13.883765969263468,15.69020096147838,15.110937830784522,15.275723506251111,14.846288222981531,13.561959802456524,16.09241313130959,15.52610096157245,15.44585347677703,14.837415190818522,15.799364386045417,17.13268265921785,13.013834165490195,12.731733018410916
2080,10.02810356927955,10.625817047351081,12.288487595627489,14.29101460653803,12.160578993999442,12.7662407042074,12.262737589766795,10.623469135035641,10.490949380252024,11.278653473957725,9.589893486930322,11.025344109061457,11.425377110100314,10.93000973145599,12.238196153193712,12.537454396972192,10.588055435649078,10.524741630191391,10.940591160987466,9.471031093726994,11.371460269164782,9.871223232799982,13.421503214732455,11.40644549910465,12.764319369812371,14.174767581826966,9.20094387136076,12.154988003975674,12.613538179708566,10.840913026431659,14.023728548832562,13.095100871165812,11.173866429730607,11.107520703550273,9.714043548168695,10.001990763551515,10.960709311392,12.831786520779135,10.405872225761417,11.033238480596442,11.053425410033574,11.596226147517724,11.601956360042095,11.271440990532382,15.261985022088755,7.125108330794003,13.021236653561175,11.748951162090123,11.043387989311114,10.840504569527894,11.724734249646248,10.533800795674324,12.705777987594841,14.987530492570095,11.276205008120641,10.804427385654137,11.743732253170531,9.670075848050741,12.137346319368357,9.025345379405696,10.842965345667759,9.719669759678457,9.707303663067846,8.69685553143854,10.539123173884075,11.551701439706532,10.46772421540126,12.303971622625124,12.601800748835442,12.12704423705683,10.961642159553973,9.782153425333297,11.157528926172985,10.308452304614624,10.231315622997027,10.432974804354755,11.55903097934029,11.756942076365585,12.243173564257827,10.920889258708643,12.861189330401627,11.011885250392165,10.638558396826618,10.132311291668728,15.097369396168252,10.293768681383327,11.179188175855767,11.656572847424641,11.245778696854478,10.747475871573327,10.051265795512693,10.905785529833775,12.709346835541982,11.63480003534452,11.925277380191764,10.576030545250475,12.568014598815989,10.469577773109725,12.697837328619283,12.33945185363131,12.959172453407362,11.192575371621741,10.78841321429481,11.026916996130478,11.003801918548088,11.673380081946757,10.408615266013403,11.161932967603207,11.23461403645089,10.25765034232451,9.360843013648106,11.332218359184008,10.108734270800712,13.144546423431324,8.870961966752278,7.922498579218014,14.647264827852666,12.91410964978454,11.098589946394382,12.571212752357775,11.409653683071554,10.951265450081102,12.183603372262874,10.767534607778428,11.539205883832084,10.420767230832064,11.471775239940897,11.15818433172029,11.419336156028773,10.449799143587768,11.387284520689562,12.520040167090688,11.628791759721935,9.857064764622763,10.707949304993713,10.092418775124395,10.834492423875341,12.829791139001436,12.787656431612758,10.39312339995219,11.867908338220213,11.13687632000074,10.770140692227242,12.632851814972641,11.100798834277239,7.982351026133353,12.689193233442698,10.194498521113848,13.072521961901497,9.361196327509116,9.75490325106227,10.027249417227248,13.125682547688486,10.435828782051155,11.93563408760921,11.508231998178296,11.471967420905184,11.301935399680037,9.925328933026481,12.715422798595998,12.468256914097333,11.721197331243241,11.620341564326182,12.007888330713564,13.163889896934451,9.168147788747497,9.844660617411138
2081,13.675996237636912,15.236310178818913,17.34440111822408,20.037555393965352,17.63849723808792,19.448170509027403,18.11137490881526,16.085589192564722,14.930355416043948,16.871719283173263,16.36492959912057,15.956651202362517,16.168293699946094,17.652257868453216,18.272706069052226,18.64188040404217,15.392335641319336,14.831045955419542,16.15454127720517,14.490689407224245,17.12997456316067,14.091285057689833,19.767151468473934,15.954472469246905,17.85629974629568,20.008893562399827,14.650593322904214,17.10212621238569,17.389911467614382,15.903438501252353,19.768409565739017,17.897506335507273,16.88579538950454,16.379498197656613,15.899616314958703,16.03667764462855,16.361130381812867,19.635019637968224,14.356958499421244,16.053567255320758,16.533551126718525,17.574191912684757,16.764116350075476,16.622508106024366,20.093957455261894,13.771213061297717,18.3196390957936,16.711442956781905,16.203580372359443,17.78105709313051,18.023254085656095,17.445076437748003,18.374560672627844,22.598956730054777,15.961128898936767,16.744529481815256,16.976693351874534,15.986466839585622,18.023598729268368,14.848194212369297,16.4199692606926,15.934002694228418,14.219112132554473,13.704226702613676,16.468217734895322,16.933022164699175,15.326187306448169,17.876871870628193,17.53007886979891,17.760213482497342,16.00383897903173,15.200099174743118,17.049717758012854,14.26867964863777,15.98387255738287,14.628193245633788,17.104083493675883,17.53676910730808,19.053755480310198,15.6234007904549,19.1377920391767,16.596527534010622,14.633258040184563,15.535171370143475,19.979636622511823,15.255453633549424,16.50520447933156,18.194601085846838,16.77049865792303,15.03297182464081,13.896279623974925,16.1915907147138,19.331107858082525,16.414016211162448,17.746018836821396,16.884198207894098,17.7798025737638,15.914171630597632,18.031743799214777,18.05998218383478,18.39053156809963,16.840711274224777,16.23270581662655,16.404968936482202,16.33288341404303,17.854933134725567,17.098052745118093,16.781871808935765,16.62242853965449,15.623154986163842,15.367260088739192,16.607357459871672,14.59907038380271,18.17309718157934,14.387821864458205,14.17536680497553,20.644409319628835,18.675979506467353,15.442409862642707,17.75098985692729,17.98121416115243,16.19983292152376,17.755665200721957,17.261190084740523,16.714429053113513,15.742757609680949,16.907596972325575,15.441008117211899,16.48292207005232,15.817827997648203,16.58323160591333,17.40966659006865,17.279768920948978,14.319467227096142,14.722672393788468,15.997927347076656,15.961189698103977,18.383508590900387,17.597774746625326,14.726083870491259,16.90588881820441,16.544820948625397,15.9393757785792,18.61139391945756,15.490463892747046,13.951363349090451,18.21613415233467,14.717388926640796,18.808480734410498,13.897290353136869,15.497678574336613,14.104521472492944,18.661171589208685,16.34096961322686,17.29997322675975,16.61851606777181,17.457437202982284,16.770895045736562,15.351704251507057,18.50730923563242,18.210807942177944,18.216911480640587,17.301597054561842,17.42230803341322,19.393526107720707,14.875657373796344,14.004800717467846
2082,12.693015531353328,14.048038717197334,16.83174806314966,18.89124161264171,16.22666527590026,18.568369305004243,16.564778330533407,14.69505774067796,13.659922654214112,15.428879584955137,14.733821670646252,15.001611302728241,15.620971840360891,15.922773700693384,16.66905131029046,17.03508659808532,14.470043860051945,14.014663193536842,15.131858057301978,13.160771911558902,15.626233063314272,13.66961581810661,18.33614738220754,15.449900743754014,17.113520274991576,18.71065290596174,13.210031256727556,16.580810497636378,16.60807972368987,14.955389104459597,18.679573950560194,16.58636592782062,15.409641698650693,15.386585864035979,14.370027636704242,14.450938290228015,14.978865677895753,17.953236937522888,13.476865390072698,15.101909032334452,15.6860798082274,15.961689159921978,15.852812375711357,15.281856311404193,19.420006420301355,11.957624098528983,17.586335576098897,15.847679174464684,15.18595232263855,16.109811062398165,16.329320099690687,15.77461885887644,16.914740822885346,21.173062153484516,15.432793412519539,15.208313599876735,16.366663072420202,14.469112056752913,17.352922352557275,13.30823382152164,15.391089867415795,14.265634470335815,12.917068765215252,12.323169971937718,14.994949379692912,15.939349362383723,14.39558404813642,16.460994035005573,16.884734018989235,16.27666837236156,14.943761013124302,13.793515280536983,15.979539761724682,13.535612331784293,14.688383607112844,13.460973267969878,16.240393932746805,16.95616687089205,17.995499491691593,14.733365838942325,18.33636219864307,15.165965821432028,13.713024810604427,14.116852524487868,19.31248568970224,14.3441179326695,15.47089091332062,16.56621302729068,15.67856099100217,14.25332503474277,13.169021987396736,15.64867055857473,17.67049013272576,15.889174666093743,16.225306985170945,15.186867597310437,16.389085080312643,14.476322136495424,16.695915494276136,17.46327095899893,17.743332834347434,15.415383951171584,14.804049326025918,15.51048790112786,14.982798414385842,16.214871976686556,15.50684193424556,15.668081215542296,15.255723476409912,14.21906222338262,13.894807053648908,16.116795926233355,13.334897314724715,17.45525296356367,12.921066930112634,12.607227859370735,19.494287796642464,17.83947196473246,14.948583820591802,16.363080416036695,16.221438524515733,15.109029502972316,17.050397897544116,15.70017508320187,16.195287646158885,15.052883395034334,15.526731638804726,14.35289095018221,15.520667514075406,14.473181306020074,15.409328787223155,16.88711968453034,15.826672841673314,13.035444454006532,13.619196689647177,14.463927376529444,14.98368242253428,17.567117802474815,16.727102683938075,13.909055608770121,16.37139921084695,15.491983469413674,14.981507498932926,17.09117811659108,14.2375263493994,12.36555831061434,16.793078514544867,13.409294077883594,17.346790064936098,12.601410429762755,14.043185716089997,13.311176688774777,17.334383889384895,14.814678961816046,16.69827967493431,16.0352737683317,16.330803201574348,15.333512951498447,13.972150669797607,17.023266763790797,16.890945069167927,16.502565084268216,15.898369040178213,16.855939964237425,18.57626796659568,13.26290817882704,12.867690381796468
2083,12.362726929881003,13.492699718021829,15.517849385738375,18.069380127865337,15.11240530856278,17.79299293652825,15.333699755046679,13.805187914682467,13.285700218994986,14.48389510551225,14.725505596026778,13.914059276976017,14.37604445607766,15.084278302348181,15.373221603424653,15.73844366229099,13.385338110120403,13.05323892054351,13.969973259726943,12.892266942755041,14.459120616964672,12.919362633124639,17.197626632192865,14.271877441717232,16.333855390548703,17.73926191744597,12.306891939562302,15.362492865842322,16.043223873428676,13.83075192862231,17.86649534494981,15.570924821107283,14.257837438065073,14.198781237249142,14.481443934952436,13.20902439887109,14.063378677743932,16.684002933294877,12.820413645194929,13.985006426339565,14.445036508466886,14.762647542616595,14.645717855380926,14.393060487897504,19.162883955499407,10.855895671750545,16.98229789733887,14.710201532944394,14.05261309720252,16.028019508589868,15.03253421511339,15.687194375888163,15.730778406495633,20.00588221135347,14.16233422445214,14.716619286848154,15.03104194952175,14.493260349956868,16.285252736638423,12.331192498945674,14.170476411995683,13.202453642759634,12.520350149528976,12.050741851947311,15.14138057309649,14.716186297004638,13.296114894682946,15.324416662039964,16.263301771620046,15.19689388767533,13.950289464353222,12.905556730602097,14.584151637618959,12.646926910980893,13.473239769106327,13.095851731365144,14.905649641285772,15.497614101223324,17.804495096206665,13.690263409977371,17.62606360083041,14.230015113949776,13.110513111819392,13.237984616471376,19.06711893496306,13.266870312716655,14.292546813254772,15.657390787549641,14.456864380480159,13.295317055090617,12.305452123932216,14.348906506662784,16.34709026502527,14.62185043614844,15.031572014093399,14.072314968575604,15.273373036280928,13.586091699807543,15.590234834214913,15.991545604622887,16.82859653493633,14.2879781405563,13.904370621818567,14.252810148765212,14.086201204067992,14.9305382643057,15.403388618127165,14.424727758635642,14.367304336441602,13.341329167718472,13.957436812393691,14.836171274599824,12.938864695313184,16.822169635606855,12.005383245970897,12.308635009371718,18.613537270089854,17.190013481223065,13.752274417358896,15.2787306982538,14.816653053397717,14.011399575549628,16.103185946526736,15.584166936252434,14.860556356730342,13.753217647904934,14.592278303335542,13.839281443992391,14.392676357017914,14.05326741496506,14.409308286464732,15.65562504529953,14.682663839148438,12.641682586997103,13.279918205802856,13.278154373168952,13.84404939963766,16.956805586814884,16.139616883319363,12.93077030389205,15.050029369799987,14.298257542693092,13.820288400935095,15.795936476925146,13.87671151627665,11.524754156075096,15.65792035797368,13.022787123270657,16.10484941627669,12.198356116433509,13.752388887350326,12.396693601556446,16.289400279521946,13.646397437090458,15.299020379295815,14.673324058885159,14.981281061211353,14.440154515044844,13.070227089135546,15.834091014188274,15.870939524277397,15.107015861360276,14.778880506753927,15.479077937162444,17.896523584490236,12.314111488020941,12.43768264499048
2084,12.1982716049837,13.366614761559859,15.311543158862904,17.499958375225898,15.251825814013896,17.37548145068729,15.560917084631715,13.78435870268099,13.119102522406894,14.515880920863511,13.955342499863196,13.92423813692902,14.210745045672297,14.942040152604818,15.628169537076484,15.975251524020797,13.414061498909216,13.047837748475697,13.97988562293999,12.546275203642638,14.622940943064547,12.596149001432497,17.000555672723316,14.10738547211108,16.108658614365954,17.58561408519745,12.353909905190058,15.150943974437924,15.834302948868796,13.845973298237054,17.310204433358237,15.781099477539891,14.401587611287022,14.217559194921149,13.683252618688607,13.384751676541308,14.091031032330966,16.7680106214855,12.736186600249749,13.99481352872175,14.340762056511544,14.977370815027667,14.60446634143591,14.397518386011539,18.90451135324395,10.981413117650408,16.669806096864782,14.662358620244524,14.045022347375102,15.359428156329242,15.286041058630317,15.01648583441325,15.902119781052615,19.238647271757547,14.009319993464848,14.468784184559532,14.85235475758901,13.71957839280367,15.973543328759463,12.401786072584597,14.137572935984837,13.31086660953968,12.370814014226196,11.73898775357267,14.32953400456387,14.700488250621635,13.32047647577913,15.469122308427876,16.029192079668466,15.333564334751468,13.967093156306477,12.92792944350968,14.589554884106569,12.637599255727684,13.546207430570025,12.924932161751004,14.806026492753755,15.24316193001426,16.950753419295605,13.70100308501202,17.247348915947523,14.264984566070462,13.004096228143442,13.255837684821177,18.770440692486975,13.278665580827257,14.30909566783711,15.559932133425843,14.47451894009567,13.274827920872232,12.298323799734533,14.134219901393296,16.483243799080018,14.445501160362493,15.2172509746869,14.218298566730123,15.493164395508563,13.616164213937267,15.726992303586528,15.750816799862227,16.530050451340884,14.423037441042451,13.92987425501823,14.160723421236746,14.102312398507548,15.150971606110588,14.751736227827875,14.454534835364347,14.382347080046719,13.37494517400172,13.20214646180039,14.583994762405105,12.769351920841826,16.54707072610441,12.07707515893423,11.842737956215506,18.005051462546636,16.852695371793665,13.614374964133559,15.483410288458293,15.09542830223623,14.017570555615036,15.801485241107313,14.988365454518279,14.637548851254193,13.598064678437689,14.605851801193278,13.693674065496616,14.389172077502893,13.720780656389568,14.416990065623237,15.441089919079907,14.841974890507435,12.494743800357634,13.095371719287789,13.426096718596371,13.863267404715655,16.627015108647555,15.964652154756633,12.948154423547825,14.843584656715393,14.318623897943485,13.843933184266744,16.001182061012674,13.70424836906402,11.518475082257522,15.800699847067062,12.86409636983729,16.3093742184017,12.04389972660853,13.308090555279154,12.43897581100464,16.253649431726206,13.791301056742666,15.093701778465636,14.488208354815196,14.970821268046684,14.459340660916338,13.083826678278651,15.997355322029605,15.721691027931547,15.36637913860867,14.838551991821632,15.252779917346071,17.490464644911498,12.448224420456787,12.29152148822323
2085,13.267027546206243,14.621325491563134,16.799215724610765,18.624753133110378,16.30400615282681,18.359945281692177,16.631961085226227,14.421256815933669,14.278983881940013,15.205581299960613,15.367827708306525,15.547669101668442,15.680242641788462,15.656614033586305,16.782968628665675,17.151704394299056,14.920802989731664,14.480000409419118,15.725833486603653,13.667325318588508,15.668078094720846,13.78958090362341,18.233499013859298,15.452084709120838,17.046125941950343,18.412413848483045,12.983982403803129,16.56085490240999,16.537712475527883,15.399420216031702,18.3797531646231,16.72361164378083,15.418030416188035,15.858194400110975,14.872294778409211,14.575418038212737,14.832445537671449,17.71763269862403,13.971511846003327,15.580477524710739,15.671466565650444,15.991634162223862,16.333614556037862,14.980521145398205,19.508569929910745,11.721218643183615,17.339798359767254,16.2402786437584,15.794287592172624,16.765898315050595,16.404342741422035,16.442774133837748,16.998349587554518,20.796984346016597,15.449691208808316,15.541801939839907,16.40571453260339,15.019449392090678,17.22426419154457,13.06296649947763,15.362801935361782,14.050089049922386,13.528481232731238,12.921156327361645,15.441107426000682,16.435611937033094,14.848044992141107,16.521363197461422,16.809305895929754,16.24325641471407,15.004695315723836,13.519651356598608,16.46797480855299,13.95398497840633,14.760909315036693,14.04896255226239,16.538993198586546,16.963631461738892,17.741661315378934,15.203745404015416,18.094105675168663,14.886726540715799,14.218145852503572,13.919484177361364,19.39611427680306,14.685428142061705,16.032052750172817,16.252128246685732,16.290698351095553,14.680710444955722,13.59536237949911,15.6634449655919,17.615400874096416,15.893958050271738,16.267441740502484,14.955635464061862,16.497531616493422,14.259823282451729,16.745455296143245,17.490522393065955,17.62300694705514,15.43796849833883,14.579113461077213,15.500241891845413,14.78004160069901,16.355160217570226,16.171870887927387,16.283855268144574,14.977727205533052,13.912229478359222,14.380279717238054,16.020593895860344,13.90825704695738,17.329671651124958,12.670494675474322,12.925571098923685,19.20088860522146,17.70224171852612,14.975551953782206,16.491544427431148,16.35782947682816,15.498183354735376,16.85220789779787,16.35913905209821,16.182568392027985,15.057130055583041,15.337295005826846,14.93714510940987,16.033800986797917,14.70019408509783,15.579048205976902,16.940998896956444,15.913544190318692,13.648715860169869,14.204209552510925,14.554600466204727,15.47678116287874,17.435928349261705,16.703569956447772,14.324111859476115,16.35469322457262,16.045603446986366,15.418218352629438,17.16985625417336,14.889695047036462,12.298528356882544,16.86435935160388,14.04424344464812,17.413117996376496,13.190577958589023,14.167503692533664,13.726997965379907,17.33341309493003,14.888525314629078,16.774892731853157,16.104211286682148,16.897899054314784,15.163055822496181,13.697610170297006,17.078594061343573,16.795304012039438,16.661430209794123,15.9147521354582,16.885996681192648,18.340332659690276,13.195612856875293,13.523217067122454
2086,11.309176840131052,12.159257327773325,13.903922416269786,15.834191348241722,13.824216375532362,14.864903371133234,14.104619387051333,12.741893561010295,11.955695633326007,13.401106604739375,12.497022032737732,12.69952671683353,12.926972377235472,13.385394721899345,14.12641555937412,14.44319622850289,12.115204313607967,12.051483794722868,12.635750711693067,11.314354678980362,13.225740391437132,11.718472424327679,15.32872540406559,12.885766892167542,14.324186848557519,15.915823962377468,11.373367928292442,13.768977645946588,13.996758196664898,12.563886582284516,15.611554785915045,14.568831946538845,13.046045154657055,12.820663409570802,12.417795937636143,11.900443022989709,13.042813250633037,14.9383248643837,11.85769442914297,12.724068464083677,12.849763026461007,13.508649822810423,13.285598079107057,13.408499295344964,15.932634659435438,9.744968534811687,14.608789644811464,13.388665072943855,12.763188898198951,13.804892763495443,13.672657717667196,13.508128279617623,14.467895015223842,17.08582491727303,12.800346334991248,13.240406558970394,13.408303527647387,12.383105546964902,14.048959554699456,11.33099265844035,12.684800866667345,12.20229135887981,11.17971430670308,10.548664380836744,13.152684802594392,13.2676970999202,12.019748709777009,14.063837929588297,14.03599192266879,14.044388688008084,12.827504999611689,11.93682131815054,12.894729019021211,11.758213381294377,12.10598858980381,11.817658913524257,13.294210058191549,13.620718768109448,14.940501180679897,12.57353195011535,14.878351694539838,13.206759602884233,12.055708487720596,12.274635929290373,15.788731035978898,12.021851037406243,13.023224314512769,14.138013813806621,13.102632862050086,12.283355566146586,11.451731228958009,12.620688236925918,14.759606084563648,13.159161456577156,13.790030776563546,12.955416529398903,14.188225113827253,12.594031350444192,14.342210001271704,14.163267748055818,14.711011612868827,13.029434146926457,12.909226544009039,12.76616315563898,13.069557764709163,13.597391065534042,13.263177132476928,13.05616786509104,13.40140923598538,12.371646052793318,11.96723330911735,13.080689457123695,11.577651395988857,14.644987235898556,11.073874722720817,10.571921334642434,16.267587892387223,14.677109864094986,12.527138221523039,14.14899915715923,13.471954485320529,12.745329027509563,13.994737373624485,13.53560578175213,13.22558793814286,12.198821484070757,13.523461367691993,12.631812010932231,13.05584133481202,12.555163464260936,13.235881995733667,14.123139351606374,13.426010931234645,11.311177621838512,12.089966335779298,11.963154034041194,12.602859960626,14.521334824354753,14.146375741647642,11.89160789276028,13.479250427659439,13.025747744447509,12.537663280073067,14.504653382074574,12.553293356267009,10.386699030216297,14.377546083607266,11.673742917892726,14.886027330937598,10.853001730921479,12.19891003413005,11.381116405615348,14.788178025380427,12.34619059472385,13.613497613078877,13.11499794661675,13.371571771638548,13.423177243655788,12.09263636852088,14.562523027962964,14.20688325620216,13.734940634878438,13.410461481255682,13.747461222679071,15.11681390715682,11.386356370928498,11.216602156991547
2087,12.325850055269573,13.568353648742901,16.054823488644935,18.75795712160028,15.935880385663198,18.549060251401823,16.328581684289258,14.372414161329685,13.242725681675518,15.13507687430019,14.646110455627026,14.390358601251375,14.911962292764498,15.717078889517678,16.3867139129535,16.794552831384156,13.822614186240926,13.473923768686216,14.510984117246192,12.775315108506575,15.411537579301259,13.147165430628732,18.05724045569482,14.751417354397157,16.93095311392909,18.407468673975576,12.89668495953083,15.880607810357347,16.692789072575774,14.31126349727097,18.545034704001054,16.420384622138478,15.173348819229584,14.674093479533564,14.251090308894282,14.231643164935319,14.621585396320924,17.661369213915393,13.019272454406904,14.442616735625533,15.115695965030921,15.71137008581149,15.240658878632212,14.9637245979646,19.72291765005692,11.646428321123777,17.605204172756363,15.243099510021837,14.558384049845776,15.989674958845843,16.068500364280265,15.667825660303883,16.648876967313498,20.940788279409002,14.67635814651199,15.04211013666962,15.568553662818413,14.362994823766792,16.89853315103961,13.019179417387301,14.874218541642898,13.98051374243653,12.484208073952928,11.96305372533591,14.869466013882477,15.248036757597458,13.759894936628962,16.190669260595154,16.885695234588955,16.04183422239579,14.42906190843686,13.451255855352983,15.17016861976489,13.031304123608967,14.350418699176416,13.044633770766469,15.442929704552116,16.145729305425093,17.747137331444286,14.118956858049273,18.301341611406084,14.859467633392505,13.2428536168907,13.813083051987318,19.630694358245186,13.676660105687288,14.793403236762334,16.318548696196597,14.994166094242884,13.686910289785136,12.693877049114393,14.92564894420945,17.378203090118326,15.13442144316176,15.99409272975248,14.875349830026211,16.158222015785135,14.160117900241982,16.404462896125466,16.64198772609234,17.42584703538729,15.125838880143736,14.47585323193799,15.006485594355544,14.615342390116142,15.949815611476483,15.395469767891843,14.969278478367334,14.950673216548951,13.881519805478016,13.739498617856396,15.323261599825779,12.894910588212635,17.502220003501225,12.607990829517014,12.445291372744936,19.369724626126494,17.85368279011354,14.259661148423733,16.15308431957079,15.919418089415716,14.557849974088041,16.65507377360178,15.580629714643178,15.451399286803996,14.432675561179291,15.225098431758264,13.90053001434907,14.888490879503282,14.149179231861364,14.937842271817116,16.20614710061446,15.5838273898091,12.607979571689732,13.216996640614841,14.220664971548578,14.327589484660525,17.59674122022546,16.783669694610268,13.343619083580768,15.58611301672848,14.805869898718338,14.313682878470942,16.81127891379773,13.823269080370666,12.11169835957496,16.516412549206745,12.989833595960036,17.10232294383256,12.152065198706548,13.832796817240508,12.795282740955772,17.09824330910393,14.565740074152531,15.925100761911146,15.262469731757179,15.550962911837777,15.02105245459825,13.668224118326021,16.767871699903328,16.660568650002066,16.224669650844906,15.64203845418018,16.083224211698,18.559777467147168,13.049629396718483,12.45823583185025
2088,10.249123589338168,10.93702628285341,12.800057566522254,15.27139830848445,13.157377618810408,13.812975829062257,13.25462605035864,11.326564303234868,10.791580442177212,11.985610672151267,10.530978354422945,11.346982208283052,11.893703435102237,12.051127306307139,13.25698948594863,13.574298473641925,10.864773933006367,10.7959833452883,11.251788720974456,9.953014088490901,12.401089156775374,10.245308368102364,14.591946952409394,11.881762987245681,13.468133031026177,15.561792023803877,9.92164400511462,12.702822674835181,13.306470122026363,11.173756712399747,15.062250423042673,13.911509726358501,12.163651287312744,11.432060713353364,10.682761139600816,11.08786476030946,11.629356804749237,14.193169907383297,10.642609868684541,11.345115031561125,11.851750588975849,12.562289507766051,11.895609602129653,11.968574809072459,16.020099365192912,7.919725049449051,13.76881779535957,12.070927397590937,11.381293713479584,11.692775511223337,12.793083225984294,11.45817531612904,13.709444201632365,16.326736687297892,11.713825133183729,11.516372705931248,12.235052217769885,10.58745248172857,12.945610492125804,9.733739342378538,11.74180343876714,10.435097023885215,9.993794943813397,9.178556887999827,11.49152363929645,11.872476232227985,10.739402305172836,13.329261634255884,13.283463182656664,13.016455866396427,11.465566812973957,10.509657647622669,11.540342331904432,10.555431748213978,11.217959925775295,10.690518392168952,12.010485674639273,12.377968699954776,14.474308488161668,11.216593046632147,13.868547759140318,11.690951312365744,10.88042356381598,10.84878803708631,15.869253316651223,10.664538828129677,11.55285633225804,12.700885001084083,11.622531429329209,11.018088736872532,10.29030288755894,11.503479980904128,13.973731792235808,12.09911392467178,12.962605625876916,11.343698994297052,13.466772155917212,11.172428765212715,13.677416522055863,12.92921529046219,13.710457275581097,12.26693510134583,11.480067564053057,11.755714172173459,11.686011929388926,12.75830751414532,11.270909726943659,11.562923340369826,11.930539697327697,10.962171042904908,10.27967966432967,11.95438429085619,10.395783324199526,13.865513252823249,9.594744833550704,8.810513757007282,15.684384673833852,13.80226977509649,11.485279982504638,13.46725608975343,12.5374066191523,11.363545206213454,13.017262580521082,11.596759015086876,12.068995649076026,11.088295741735596,12.193393898439473,11.435815685469171,11.727997971779624,11.128687623240381,11.891596330643594,13.047668243879855,12.669661602248318,10.144001286881771,10.969041825636573,11.177391204982998,11.199487209482042,13.692834322624234,13.468066542044937,10.646457388673138,12.364171483594442,11.538144886655653,11.134378629534146,13.657212439803006,11.387921863276024,8.744703589331197,13.68292376876849,10.491095680227177,14.045456602845501,9.651348487838455,10.612989268549114,10.265127256026732,14.138951759137536,11.544044103574661,12.46370748070109,11.978574897931969,11.851713560845546,12.018281391761063,10.629186639278805,13.75950270656334,13.52958947606385,12.818358363907624,12.676941606985489,12.583369807178238,14.134427852280767,9.78944002998912,10.070265341631098
2089,13.206770828236706,14.637242725685887,16.65785179967466,18.177484763705213,16.12946842578442,18.683535161225695,16.39745909817841,15.060896551479464,14.38938504165929,15.723701463445373,15.580962634038023,15.066038363653679,15.467512380817663,16.003863369641095,16.49494967091343,16.852563334547956,14.576714218634626,14.031402888505355,15.212104179612968,13.95957321236315,15.484955066794775,13.527389738870708,17.917471795626312,15.297920125982039,17.175753069960546,18.228616844052855,13.578095787083326,16.458842661069788,16.73948832957641,15.027786021404292,17.983876145404317,16.421755541925844,15.318760948822552,15.482054351788497,15.305859040954843,14.311691483219523,15.332586421914728,17.51999684261239,13.702649383441262,15.172838677530706,15.571281593454922,15.88625361300681,15.83824376243612,15.606655679319218,19.916717171669003,12.363093488485264,17.673354072415318,15.867675294046817,15.259950226415759,16.861312156138215,16.176949493910957,16.566280157669727,16.780405009894267,20.186696192492615,15.229109642298328,15.71934228358062,16.22063812095186,15.321240080439527,17.321884621744573,13.624574941299537,15.273277389776453,14.57561174861115,13.68423131932302,13.120366003850233,15.929718810579054,15.991516695479335,14.479667163737442,16.344653718011536,17.036719057870947,16.28902696915295,15.138416121835293,14.172538335556572,16.051329842404183,13.526611574318105,14.56803202394234,14.13071636531664,16.213737094855826,16.78215506834829,17.714422049729716,14.782771716947144,18.457535313523334,15.48282439229281,14.013622750406684,14.485526215123098,19.777475268944453,14.45532345778876,15.546774508836481,16.628476106602218,15.769881330673462,14.256239968797438,13.159513079601785,15.535986039463594,17.31254492764888,15.702510841514759,16.06760486393519,15.453687330626924,16.22520748299101,14.864870530755624,16.59365961927435,17.281162416157514,17.751766401302554,15.318598601481186,15.175081874365391,15.332373472011607,15.333923578262329,16.07310971164185,16.236894470194116,15.768857093446929,15.573781915332962,14.58847144893978,14.789191470359983,15.986299723062828,14.078952129282383,17.511491210564326,13.283523463117687,13.310657181817557,18.70284654783165,17.976493592495512,14.740564405918127,16.227189593988918,16.025977753588695,15.253595392017258,16.972721506072126,16.38959618755009,16.014760950661227,14.87627985773851,15.811124311841056,14.837705941303922,15.600673109940859,15.121756580212843,15.636777889469396,16.75688302905663,15.706927345498752,13.789586974145928,14.219576576481694,14.359364425682504,15.059515042311476,17.700562122885298,16.893121892991275,13.945125456737438,16.186199846475024,15.575480849198673,15.056439223334847,16.900273155906927,14.961020689943567,12.795682256312471,16.675209827397186,14.166179520320952,17.159528540528346,13.363963638958726,14.746565812955737,13.379304480293523,17.070302119721532,14.717347273562591,16.518482908282596,15.841372606546978,16.41795867486128,15.730928582989652,14.278599687325565,16.869546373577222,16.531692669443466,16.321371031844098,15.718708047076415,16.697638420307126,18.69425920299862,13.59520028806899,13.462617322154667
2090,11.433585001722623,12.167610703279145,13.113486422792727,15.125310058179108,13.493367309155671,13.772883111691993,13.560754596523983,12.198445923950361,12.09132747910917,12.81973493018228,12.082834453686424,12.317985218828136,12.196557644106772,12.639254732300408,13.619162355428157,13.914896762241488,11.813543738301277,11.68200604973928,12.274532899908392,11.281490945297739,12.662875195965173,11.329873624055281,14.721730596345404,12.167058653643602,13.53042087153248,15.538964719876004,10.77178313000047,13.001936345239692,13.269425937662957,12.157454685348531,14.869295879550602,14.214467323344687,12.492273808942867,12.464622205204288,12.043640500420462,11.385277854359666,12.519092153028954,14.34883121239103,11.69771062615125,12.336460680822318,12.150132580781769,12.951240710073447,12.829316251749256,12.807472747062208,15.606835178706957,8.951973958831767,13.728996374036955,12.928442082003412,12.400827326730866,13.302292822576737,13.105469826365942,13.001724805196993,14.04295360523721,16.10848832624438,12.029951869145686,12.672710602536155,12.678029153738981,12.021806010004621,13.10007326515473,10.650621287848645,12.038138570871368,11.441353234826874,11.29900286111819,10.509305345947332,12.804797037302151,12.920930925270785,11.713973874874087,13.63932856204717,13.322444731774542,13.489385770714806,12.362292212677069,11.36542178628683,12.499016603697903,11.40578601865665,11.511153970561603,11.965466711022286,12.743209268492851,12.742156231856868,14.117368228207145,12.156153259879872,13.81573845367403,12.587943765456266,11.958100559189916,11.706324335025704,15.439235259657316,11.64328391202118,12.606762235376827,13.361106062065,12.702515279793221,11.914571628298448,11.114991580662515,11.829169850472525,14.204121726200633,12.398691162709957,13.244971654013453,12.249355313712327,13.778959661074309,12.036216755276142,13.992591422213161,13.295491120980488,13.849890845139392,12.538870329442235,12.358205009089863,12.079683282493573,12.554734882574689,13.117589248263318,12.795336490254043,12.652757191564886,12.780801180588162,11.806652617843252,11.623564333614448,12.266926520220613,11.70125137366679,13.854493255524536,10.458111953045975,10.077160037993249,15.49615222215653,13.773714034372698,11.791509795448057,13.783848886256628,12.934317140718521,12.338054713752609,13.115439023336638,13.057607163229719,12.40387268989023,11.413337151803395,12.987645615499629,12.62341464796792,12.703286239634389,12.261831613095561,12.790142673513163,13.397366457659265,12.96176183077952,11.447765117268203,12.215604033159172,11.461254127384368,12.199995919090245,13.650764351953637,13.445037598195283,11.536309880002037,12.686365615414534,12.594655350174595,12.12960152635756,14.014867496069359,12.684053006298521,9.7412769569327,14.017752663596816,11.805515436992126,14.362938838160561,10.962117707275832,11.734349010107312,11.092083781309753,14.317772543948635,11.81542755489278,12.805522810829725,12.312973722815519,13.004927905357405,12.897705131088914,11.481680076812278,14.067302252935326,13.625774202787358,13.206060930762602,12.912252268389517,12.941160988872467,14.094846208134427,10.707107835474593,11.391825612229498
2091,12.518229329067731,13.78153543886931,15.713895074699238,18.337583619615305,15.20021956899892,18.07960057129031,15.31877385274224,13.983501797137054,13.545760170273159,14.611416194749916,14.907116232601846,14.246007343997126,14.593605111474579,15.20132904208225,15.394237298032515,15.739317608916243,13.766561912453698,13.329649243665779,14.381942121878922,13.094128256258761,14.426218229791392,13.032020760619123,17.386519880398463,14.467938257300336,16.592530079509903,17.866674526878022,12.481659838686822,15.570108569186667,16.337407677069955,14.188784158748131,18.161895684573967,15.632267070853189,14.2692977734234,14.590217888355255,14.56096334884996,13.256248320250403,14.2974256121594,16.73304486793021,13.002893116163174,14.319009705730107,14.586038619279869,14.751725268104806,15.035513867502623,14.523324160472209,20.05246469248896,11.004053665163077,17.166089353354078,15.070034527260324,14.450938507266667,16.125553387662638,15.002984758304516,15.848114176936773,15.77284294366837,20.391552160615507,14.348247826099396,14.809634649235269,15.281051456928253,14.66330945362216,16.52262995035752,12.441513958630033,14.280042906170308,13.304350984485254,12.802736560935564,12.256076703900876,15.216213366259701,15.16028560244519,13.67238310886466,15.360275779081428,16.59410525404888,15.225211703259012,14.241871468398882,13.083754246649537,15.07467774463737,12.894756571106289,13.546953084676161,13.324905491393547,15.28340429585913,15.755381104738817,18.125812639360845,13.953449223352516,17.86493857528853,14.35012327847273,13.29626842167067,13.394379525080973,19.945428133010868,13.629026698029563,14.679832391116932,15.788294729979144,14.883161565531855,13.569356731746506,12.555315473805306,14.572642847247748,16.380849211112317,14.818239683690278,15.00630871368491,14.157122004291285,15.323735356330873,13.78244186225145,15.674222645552266,16.254385227742404,17.056761860847473,14.31845205374386,14.116958314957822,14.380760728017146,14.305957312169282,14.961860407953681,15.547949308934415,14.86536579417146,14.494774766590284,13.52107373916585,14.058074287746264,15.028518766164787,13.206944969685185,17.101315824881848,12.166245549755251,12.442163182989411,18.90902877372244,17.46990469227667,13.908641120661866,15.342792645744657,14.852138755114183,14.38419528888619,16.301836563193284,15.696645055128178,15.066661192023236,13.92538653249326,14.770761686822642,14.05969192152438,14.801072584546136,14.243629605873771,14.714318148467852,15.861183674439145,14.69689736806828,12.91534823956697,13.458646429621657,13.299934439685034,14.213877392851789,17.230452361314196,16.45846243526625,13.206321721491607,15.251387279966599,14.679988138053726,14.210650862559028,15.829887765905134,14.11933074567629,11.67693475050771,15.7230909674064,13.300320646037228,16.120412888734236,12.465363924917972,13.853042274713518,12.694007863169132,16.438959886198464,13.664335143954858,15.5550634679587,14.892272363538332,15.477799209563628,14.67548798478168,13.204115890938303,15.82903218528499,16.027736622354258,15.133483350276947,14.86705920877664,15.716846707074538,18.122355888719145,12.437172169270726,12.693555246228756
2092,13.073738896328468,14.5132374384481,17.0923196984374,19.41155827045441,16.35528075654546,19.5655292854037,16.661404887295294,15.079987663471993,14.20034179402738,15.787765891169727,15.946043930623842,15.242578465653503,15.881588036599366,16.586875540082872,16.776024091178964,17.13701525654482,14.716876932622302,14.172617515792018,15.413509314515345,13.842253673659721,15.742121699549582,14.097091081349749,18.620046543686293,15.68630107848541,17.813267611938976,18.956908308941387,13.597854013028355,16.874506597933564,17.445171236991882,15.181559724004375,19.232931888621785,16.72768449265024,15.549818528087245,15.641129737638911,15.485284858423734,14.607397259577464,15.344965411269147,18.214451403721522,13.703091670637548,15.322855978556307,15.939714749141235,16.12672765844542,16.10045333919318,15.624435785024065,20.877583721409675,12.457950655694889,18.360142736331284,16.09023563887762,15.454143816686194,17.365586490086887,16.4682739260404,17.053947758415475,17.009255919119585,21.772741174568306,15.625163850576984,16.041714042425156,16.624528157322302,15.587676750738986,17.949685078600176,13.716549143195154,15.581736247176709,14.687018117179042,13.47054848330015,13.030609584858883,16.05012281757334,16.199979520929247,14.622018643047504,16.553269174638334,17.784109172613725,16.472592256639313,15.202806249923963,14.159260383118754,16.320625045053333,13.650881150494454,14.87311489167421,13.943192549697732,16.52784410685949,17.28708384032159,18.99555994116741,14.91428825129634,19.256586344993632,15.533377072895355,13.995086913523469,14.500364833389936,20.764117976893555,14.55345689149007,15.705498155368414,17.105432991748277,15.951832639782324,14.398804474136103,13.282621679098707,15.994422126723377,17.835692292970165,16.108287057150964,16.326186934060864,15.56377069716868,16.507368339144662,14.87255100108197,16.768477001915812,17.7854709006522,18.362410690473478,15.509430506307146,15.181245920066115,15.706508721265456,15.325792810677191,16.33935497247655,16.734053430187963,15.946239289382227,15.60527964843356,14.570219187308913,14.945442171200462,16.41072272314974,13.867441024145357,18.262837215610183,13.307134094445601,13.53627711469713,20.01978366271309,18.765368666337892,15.109391251335976,16.501249532336775,16.342187035342924,15.411037795893524,17.581743452212088,16.905649413881093,16.465867352226507,15.302414294332271,15.873050518333907,14.758692741394045,15.789649078379506,15.111738850565061,15.745264743981155,17.162544893181842,15.930138218338074,13.576499841864347,14.065304831318233,14.606958857049113,15.208189780661916,18.459371608236562,17.59867309487385,14.068986296653753,16.609092432519663,15.730213214466145,15.207155068931376,17.151963066147722,14.779234969745517,12.910753762511458,16.907421175228514,13.966790962478393,17.41412547489871,13.149117292593358,14.80306754207603,13.496643683184745,17.539152365663778,14.950392510579983,17.004498961179156,16.30045257314392,16.635632123433705,15.727821073049432,14.3325618751671,17.106670441834822,17.175781180677205,16.602064171563025,16.047254999775596,17.165902446793478,19.495082888914197,13.724352944156403,13.322086929627087
2093,12.601593769114947,13.742320930747235,15.188737283582276,18.037221701248836,14.810214408065962,17.45254321461139,14.951379817465078,13.834822856861615,13.552679153564187,14.455867985020513,14.625914808200752,14.148745571141653,14.096571418254275,14.935854948085288,15.04022380580073,15.352933785189753,13.621398117150305,13.271072607973348,14.220437466126427,13.01892532246269,14.052961445373038,13.035394287627678,16.998998831147734,13.98975922620815,16.076684070670083,17.595425248146054,12.363993220355194,15.040424853563309,15.820022489713589,14.039705531428694,17.84591550930687,15.356828192005993,13.908057935859846,14.447904640565747,14.305541637151142,12.831769404851872,14.15239459146624,16.424254064974576,13.04534354935522,14.206250909715886,14.053112116196884,14.420491355916727,14.820672272340111,14.40264708451603,19.665657167849332,10.898472334865644,16.62995929821677,14.830599262662556,14.315723981870258,15.85573262235393,14.61193246945091,15.542858320733774,15.395127819932025,20.035513209260035,13.886630620645443,14.642491192921353,14.790223690154765,14.38651025683984,15.934481054544449,12.350315122824648,13.794345484479614,13.20920345964639,12.799927483434262,12.2109940889413,14.96400517484416,14.968064846228003,13.546092822013994,14.975811896116838,16.083561788434572,14.93172159920568,14.0777898411388,12.969663064602925,14.766404938438667,12.861312176870266,13.091862837905468,13.35412645145603,14.911492261225762,15.11482106246378,17.181990364323486,13.89031730527463,17.278332596239835,14.237782103211986,13.333368726398636,13.283283907434217,19.57568529377813,13.481822537987128,14.559387953565386,15.54092212086139,14.73599064382522,13.512591930835143,12.520984885485273,13.974496233074566,16.022429678751077,14.33210641923158,14.63708157902179,14.005712620913982,15.026348036268478,13.648366873678954,15.2782705374386,15.636066631130548,16.502571790114697,13.928115169639172,13.984692269045373,13.889241538617922,14.180842365907589,14.5628920249317,15.278491465941725,14.713241989197938,14.385421555975213,13.422833978481915,13.807399447845379,14.442004938488422,13.194962966863233,16.584507859271508,12.057573887641015,12.217807195270838,18.576519940210424,16.90080826178841,13.49485561122065,15.008042796798376,14.471470063795215,14.208194973352168,15.763364094754927,15.441549767618595,14.515634047596354,13.39367318801258,14.57937338818675,14.073688389166545,14.612783334177479,14.095959176187932,14.544284767430764,15.340787529945375,14.3152734041214,12.925810430360874,13.516995534948682,12.884207658145739,14.089849385392412,16.67287995504297,15.95582172663316,13.141220465950346,14.731362458804384,14.569991976022726,14.0538339909652,15.438834247381791,14.13211306476075,11.535775056837702,15.34149452914362,13.297525544529373,15.73438074796096,12.472017660089163,13.672272758639375,12.600527622129606,16.072797267333325,13.254725668741312,14.980508770955646,14.374051178279135,15.27310512629945,14.514142449783245,13.097649284355024,15.451641080172166,15.666982554871097,14.719531160333885,14.46981048843135,15.131425785224728,17.53147864600887,12.353583370861802,12.741467290274477
2094,12.516555954580722,13.87601903858392,16.097846951173704,18.649272799491882,15.986515957376236,18.743483750716504,16.230605755163275,14.273358293849487,13.633024844138518,14.975072383880615,14.505243114155277,14.382906079292303,14.9507247235464,15.28620768889137,16.370408646438438,16.69493787444156,13.893180444836618,13.417554388875551,14.504475668396639,13.078256778095078,15.293113052845001,13.067659626836361,18.04052188085473,14.819080795930779,17.111046143200088,18.299507483192112,12.817287031075232,15.956852702990824,16.829575834066976,14.33507913917951,18.450661006181136,16.381438099819686,15.075484288775403,14.74529061571735,14.218202252750809,14.152447354534399,14.59398828641228,17.41686218717824,13.03608746373135,14.469678939684577,15.126878823923027,15.609296902366308,15.15471801939218,14.833184656889543,19.754346598749574,11.420653097655462,17.731260817983877,15.184193409007529,14.558711360978048,15.660869199296705,16.0007647820141,15.40939861017725,16.624765002209212,20.797601865685515,14.730650448280837,14.745653958424281,15.62764790913333,14.287035704954816,17.035793783872023,12.786444833097248,14.925900640694994,13.65812024636113,12.889550227185957,12.231764177913249,14.880351618580196,15.268955780598137,13.785746843270633,16.17551223350608,17.029274873111564,15.901443305222887,14.454157249435134,13.41880244502555,15.278773942395402,12.933609288671745,14.301990461090341,13.375314901704378,15.552541359611181,16.14653601335443,17.27817103655442,14.112523906904718,18.4999301770459,14.665165254603261,13.341660196366517,13.731433140194934,19.65496205765269,13.781953760625232,14.807207400708094,15.911342618258104,15.01489569008118,13.634585901446965,12.595148428626684,14.936772029037064,17.216657923615497,15.191022111021951,15.890320980030557,14.66740747176759,16.155311936917517,14.10532726833354,16.435931516730264,16.662755403829657,17.548191754714306,15.161422130854234,14.430440786740059,14.912680887657663,14.619512532716213,15.899676369584123,15.12367666285971,15.012540981497452,14.797252102390585,13.858772390886491,13.730917587228438,15.396928006540177,13.29384401440621,17.58728573633277,12.514720983074412,12.303579653086869,19.232013520987135,18.05839018199755,14.269010142139766,16.120407716087673,15.888151608083565,14.547990479709014,16.78152429798375,15.287908432276353,15.42944280220115,14.374820473401446,15.115352437548017,14.126017474609878,14.904126418673476,14.269180886123493,14.924216099407356,16.219333138154905,15.529749385688621,12.99435769021511,13.499794545380965,14.170258878365807,14.356957380862337,17.79769672518191,17.007663763087734,13.31213315155195,15.642869501010233,14.837273930401908,14.358041633406412,16.753441193829413,14.196213924366495,11.930152621930063,16.521823888239656,13.385558655728465,17.003357602202378,12.56318160373232,13.81019427659719,12.784112212450612,17.08562392773836,14.540062750163289,15.93760557537494,15.288762209208112,15.618320988248223,14.984188144621642,13.513407299376057,16.69551082279371,16.634547850360043,16.151293067828473,15.629559431387035,16.104584415321764,18.758740041566938,12.767366531912398,12.68336901198263
2095,12.157865857948433,13.225245181268651,14.162050777803296,16.787608597589582,13.965930497921685,16.137518623600837,14.079570772303473,13.168423808625215,13.064939464158991,13.765140659631351,13.683396324191406,13.528761329777215,13.134877829448039,14.126695454444576,14.125860073117781,14.442824616785282,13.001775946468115,12.696243499284213,13.561221228021646,12.46829264189886,13.190590668793606,12.602772373220198,15.873910740083696,13.098705622165102,15.100421192853346,16.55122938104298,11.741879032843789,14.056275392680064,14.916971737923834,13.43249685171506,16.60534987890202,14.579047164191376,13.05791711645282,13.776319202440588,13.602075771909494,11.912789695369813,13.488470126469824,15.379607423967885,12.526782132361246,13.575225008823706,13.073885721301298,13.56439375990759,14.12940164704038,13.784614964671762,18.12760259794152,10.133463828541016,15.558461393999021,14.159921054282918,13.644601421025785,14.958594532804973,13.700887747432875,14.687072550473006,14.526257986688744,18.405658513307575,12.929526190394943,13.93123238501342,13.80549706146121,13.545902529792134,14.754617509310664,11.675161479283936,12.84457804659463,12.515821370093722,12.296102437636126,11.654071464000836,14.315842274090517,14.275232272789527,12.893156518592788,14.139679278490018,15.18229434023733,14.153714027417747,13.499538029503563,12.3265665329021,13.916456929934416,12.309607281633047,12.18304869119564,12.85673023727925,14.022985017008107,13.93522135589434,16.42247171505638,13.299985822128216,16.059489819281936,13.571422159023909,12.816031913394522,12.663083960990546,17.96792018931845,12.893568408877954,13.889043434482554,14.746254536861043,14.04115927037176,12.92567341062038,11.981465777625209,12.938235856916599,15.000056067643607,13.343147294028945,13.770386525146339,13.276023843285182,14.191890131520188,12.993030537729679,14.462409654389257,14.453016503187628,15.428716450200778,13.085456784652626,13.292458315744348,12.88571869662922,13.527481991109317,13.66416539057442,14.38701093869041,14.014476147196863,13.752501094977003,12.75536362130357,13.144082751934945,13.38533252866372,12.705627806646673,15.564075293748278,11.44303774169606,11.470288686373312,17.29521471002827,15.783918458806436,12.596764437530354,14.211879243669303,13.494743712894296,13.56683232943001,14.675154480637744,14.631526322144529,13.458211093655096,12.37183354147103,13.893147231525052,13.573050772366317,13.983938589854088,13.485244156671284,13.90695171568381,14.347719292277874,13.48097439507104,12.415344001158424,13.052579846972117,11.998663965450683,13.45864073899777,15.593801247603867,15.061932714089108,12.561294136346199,13.708856713674638,13.904472794545738,13.4370965100015,14.511272966132868,13.644058353551051,10.867585295568343,14.486911861063993,12.806292745973108,14.85792456826438,11.960839070703678,13.031978579966921,12.06486272083029,15.142780357566867,12.380882229170076,13.863206542947367,13.286068800229419,14.518300134526646,13.837260079408145,12.446278260453887,14.578768059611322,14.642322149613634,13.755334392837856,13.575331957848826,14.025334599387381,16.297164824993715,11.683568230465708,12.243097626057496
2096,13.383681618649026,14.932116277839832,17.265237051507707,19.417674738427866,16.783965266269192,20.126341676582463,17.066152284974635,15.405185028262762,14.658100185186967,16.130794325600505,16.051453161822717,15.480735921341443,16.058102182720017,16.84340937759566,17.239951698676403,17.595033256903942,14.962519262147989,14.360335769860646,15.685327925111936,14.228201147978721,16.100954842308294,13.770958081535673,18.899945058252502,15.838154336680542,18.244752210119497,19.14117145020029,13.94949120088764,17.05380444682163,17.92206316408903,15.416655848855555,19.225043073944427,17.00392352498096,15.904561335625855,15.903477241163671,15.58498293128999,15.002993472406402,15.712760509356213,18.48745599777802,13.91910814720651,15.579649375832593,16.17380864723869,16.550627619028095,16.309692219547603,15.936070136401964,20.562008852544043,12.859433192597782,18.888060175854235,16.31376021063846,15.720732292403351,17.418695410956506,16.93355553953544,17.1007999389068,17.455984364385195,21.71993184089661,15.813414089057757,16.22709093923154,16.823061267966807,15.719508325600115,18.295599998339366,14.04867428371116,15.889575877915263,15.038821120361757,13.956484727237541,13.42479137084245,16.173635560533278,16.466871588126477,14.852463276489921,16.99888640383016,18.08764785787334,16.832865834236145,15.446269102718524,14.510028613650281,16.64886744773906,13.787718345289646,15.210185159321714,14.364304685074348,16.801581557678144,17.452079882440366,18.908661935640417,15.147240102291107,19.789534734643027,15.858034682014717,14.250118742818417,14.864159035941828,20.438467849855844,14.779244565445447,15.976485494686212,17.358245885890465,16.245638513046764,14.559488633404607,13.42880497289741,16.128556892923687,18.221611061821815,16.302260984545168,16.706697710182357,15.967256725806257,16.865746775399085,15.243197879065644,17.220636271912124,17.966318547725677,18.711390218009118,15.951323846760006,15.550404783176338,15.912846996732386,15.685781951831737,16.833185929967016,16.788481178491008,16.2542196188284,15.917747362800268,14.921210903188461,15.08172978379804,16.56722997582477,14.348959574232934,18.666082926418472,13.655098461586496,13.685872702494912,19.995799230492622,19.306943219640985,15.289438900740251,16.866704217765644,16.85033124126494,15.692352782125061,17.894499860380012,16.978184887896415,16.62167083957921,15.469586415783219,16.20906617589619,15.106794025586998,16.05788849229398,15.40526750424634,16.060534907423932,17.33581001862236,16.370907613764643,14.056162928757457,14.4366019912388,15.02461659888049,15.456886686708616,18.997691747934926,18.15454115038333,14.255517265071045,16.803204567536064,16.010556294866234,15.433454908754516,17.610739215560585,15.228406320447515,13.231229907144671,17.328785516645603,14.449790599553484,17.834235494551457,13.63691392314175,15.000506534686554,13.680155036242112,17.852842157301694,15.375368739964195,17.19658649745195,16.492775818575982,16.96013912979676,16.127313875633742,14.638658816399781,17.531089546887777,17.426805838294655,17.140397732672483,16.428220088067263,17.34908106534378,20.05097761620647,14.071335478321366,13.715672055016396
2097,10.74399646630754,11.508643633969452,13.134645094528146,15.640980896330564,13.139072437325252,14.44887155326812,13.326283876986611,11.707647140664253,11.356452800495472,12.391534310360644,11.276216693546461,11.881394109324269,12.200260504837269,12.4758104223596,13.3439711731069,13.670864182038475,11.36881702721281,11.247708960071854,11.836204216734549,10.576696091291051,12.421044289255923,10.806694967267303,14.7771049075679,12.175336286142146,13.875514369980408,15.470375343509343,10.305105596251847,13.037755313774813,13.722762642023358,11.723587354888089,15.427731940279841,13.946637612322107,12.224703127275346,11.979869522154331,11.320732402412787,11.132367794604402,12.035998692007166,14.271750059464708,11.085542220055407,11.875683029951608,12.068058342045259,12.677430764002647,12.468925164607558,12.369266310504273,16.980684985285226,8.410190448569862,14.22218795185504,12.595842230903068,11.947058365477814,12.584059552097207,12.870959511107728,12.344163007710291,13.735992467759743,16.89320096794678,12.005017825442815,12.171732982863556,12.605774621641183,11.259516941302499,13.40584663204525,10.198856176565526,11.891516826722935,11.006945260719437,10.577510367107129,9.764198421136195,12.10003117731084,12.45598916336894,11.234565391650664,13.32888028997442,13.762877330183983,13.178671931281038,11.919855366663443,10.867058102203451,12.12144013380875,10.952934352276122,11.325143357009994,11.227715086677803,12.48954070974952,12.776149119371958,14.671326353498133,11.707207181855392,14.43049799748089,12.154183825315988,11.349683907692848,11.257786507191868,16.83678046646326,11.188995900037499,12.106908822391668,13.18090240948874,12.214416022533955,11.459347235767737,10.682750962350678,11.84817224712638,14.032397376454398,12.391604777101595,12.988821939929675,11.848024676027505,13.508645341164714,11.557965499470418,13.670467297668042,13.32919769815129,14.164792549350988,12.251521210145693,11.875385656466953,11.989836990104422,12.0747277945604,12.83763535547516,12.11620779610846,12.159866480075795,12.354617822996303,11.306113243750906,10.874742772592153,12.285491626385763,10.9852631546395,14.358901068568231,9.968193388705993,9.398457585145595,16.08453461009523,14.31882006318673,11.761910705462748,13.499912049702328,12.64670579038237,11.898955094101634,13.389034276747187,12.428311854276968,12.430527882812465,11.399733089882394,12.543627841352565,11.973674789071085,12.279494911472762,11.664535122073218,12.357039936048832,13.392532082517512,12.686172108535409,10.709598710922446,11.491252445008442,11.182775891507447,11.740597937559793,14.181507343568072,13.855752229690554,11.083871905975366,12.69052149501184,12.096230477580558,11.685766506778155,13.743609351956328,11.952576892288485,9.220659432851754,13.668403152376419,11.07305604187043,14.131682398951734,10.236288505160939,11.11934157829408,10.678249911627857,14.248418446306301,11.551004670965282,12.823855375628106,12.300262621927846,12.499174524260606,12.404020585119726,11.04210007449855,13.7768801767784,13.679521469966225,12.940074638989959,12.72508515579545,12.95484406379578,14.696427612524971,10.275350318006849,10.656108025866358
2098,11.05502089586757,11.973053693771364,13.609619801459107,15.392027958579686,13.569696789202483,15.10087117941484,13.848710547403797,12.339853430247828,11.746914697770517,13.020122982156673,11.925266500724396,12.524595542770365,12.650994468318382,12.818824606178248,13.821850583929082,14.1772090446042,12.001616659533719,11.858945168230845,12.505565167445207,10.997793226948252,12.951123692743158,11.449644754114365,14.920742113062218,12.622335524338746,14.362895525020107,15.596873844447343,10.928338357287908,13.500031353662843,14.163386588511262,12.39299945679048,15.202980077784995,14.383858127600467,12.742621365448706,12.676908470528284,11.889130437179755,11.60612086368644,12.635037744498765,14.585092695510905,11.591377837826382,12.54435330680977,12.54768370575798,13.230008220866976,13.147817587075023,12.996765396922179,16.473390703615937,9.199875157488426,14.805262062860573,13.231973713304361,12.617952970059019,13.207854998500451,13.39789783567919,12.938861430339191,14.18943972500932,16.525455903099935,12.491793774878202,12.767751723122988,13.140451179959042,11.854597055515196,13.97514059252875,10.867820901067361,12.36246904560729,11.691874804866055,10.972485213985909,10.203620228268534,12.626060128697885,13.168823510610864,11.909491999074817,13.77782039692545,14.27243873088256,13.752619183743777,12.568264088228993,11.49151137843728,12.797206672637358,11.55015252336212,11.782956257179057,11.603535213710177,13.115920657696934,13.306577626453793,14.41347222354101,12.346412082405195,15.085086449980743,12.782007271302462,11.805136542605316,11.853876564368283,16.338221477425616,11.872005420858443,12.837076463129208,13.568159123477729,12.944858442344097,12.07695421009608,11.262343536252564,12.329098845305648,14.41342831451608,12.865871711229177,13.525730034498418,12.501721758881343,13.947706719779447,12.163133092791492,14.083716695723327,13.844553193968276,14.681481440061875,12.71953107716273,12.475324503753498,12.470922131779728,12.677476653476177,13.309034291796548,12.719134029729862,12.900031103064185,12.971912954326559,11.93142191450233,11.457419748377546,12.7782013528049,11.377883760177571,14.823868250069415,10.620367045473794,10.054485419481674,15.79700381341188,14.866846293049013,12.224833182018736,13.929611012339597,13.161669953361807,12.549429559189344,13.877115103213688,13.020059395743457,12.91560521268326,11.879450593062723,13.140307966133825,12.398821932142198,12.935442121942408,12.189913300554394,12.979291646700844,13.83112661775363,13.148510555372287,11.108701136773044,11.842890930159587,11.667343476868197,12.437098165083194,14.713049074877864,14.281884299672168,11.704670955305518,13.175451907774676,12.840722402800687,12.385723722693713,14.227240063978929,12.332896360560598,9.900432296259249,14.116060220514953,11.47031579555377,14.61793012155787,10.628434521510549,11.697856415549053,11.24593798265509,14.489893158330865,12.025889396019602,13.314892939575339,12.804056285111155,13.272551125158435,12.999075046376042,11.672003915128501,14.283356163002875,13.845288484964684,13.432625626922464,13.094511206707232,13.439639570758397,15.334968037012478,10.924869433693264,10.993470209448239
2099,14.04383452819741,15.484515273700595,17.432881321596064,19.714068278022438,17.38116047175035,19.495813958022914,17.801512966985285,16.071721724841904,15.171954424484916,16.862384796142575,17.15725969749948,16.261675261932872,16.27748601851256,17.681535365788832,17.984318940535836,18.353855304096054,15.628572857250344,15.136622459992124,16.457823327702023,14.783894663595637,16.82733456466509,14.629143940365838,19.42255792410478,16.038477959840193,17.898068739020303,19.569446460060448,14.643890617982201,17.177797980930496,17.449215406956874,16.12800340905137,19.44005236418351,17.756654361019972,16.62385408515516,16.611169785261154,16.46715220679408,15.77600969179817,16.385543924310934,19.11675358855206,14.682775686616482,16.30211765999379,16.463952207047008,17.27578832792199,17.042129861271896,16.604733122431718,20.37532025834789,13.773479643075367,18.365019611690354,16.960374979869183,16.536382124475814,18.754331355509557,17.638933741528056,18.371961536614798,18.10348521108213,22.12471595536108,16.077738956264827,17.34503272823666,17.094916421434156,16.659821200629946,18.074738937875505,14.867760294481464,16.267023755156476,15.992583598921318,14.442359952822976,14.02745353786842,16.96053673910058,17.197600799410246,15.561022022496104,17.59933887875599,17.68162667233011,17.564212260038953,16.07018078021381,15.156263294427296,17.290206648368873,14.564215292101322,15.786899965742363,14.91257810851802,17.28624699426734,17.640245401340984,19.30029963410419,15.886978761009548,19.162199263987333,16.603799334038865,14.9451149209686,15.541536701762164,20.301374269568402,15.401291780983627,16.787266853063002,18.245400509108674,17.06775778920754,15.322433995163962,14.203599196413291,16.262966380171157,18.910170902376592,16.51882126797801,17.436858607375104,16.776130388612334,17.56837276272152,15.910257436659025,17.792303188987397,18.17419526369676,18.442901036013733,16.53721099314482,16.24748189552971,16.373132140740108,16.313103766545016,17.556763773379117,18.0445844427399,17.06687363399112,16.63307914008265,15.54354898566785,15.904741634493293,16.638783594836365,14.822726382347556,18.239663922268413,14.349549496237634,14.655626040923854,20.334590517956276,18.71935671827068,15.57080643591674,17.54004284091618,17.668380654376488,16.422368780426357,17.716281274090647,18.23205635340318,16.82839365368304,15.795989518580233,16.90589301482491,15.745855150015453,16.753208069697667,16.033213571361873,16.740879216919772,17.533101439476017,16.998211562633518,14.55408693655678,15.032117594843326,15.698468239411067,16.201260749412626,18.438276508580085,17.606293958166372,14.984064404083338,17.011788679205857,16.80097646298616,16.14690800416081,18.356624002042025,15.771076229603395,14.091762488464946,17.959154579950418,14.958617702774374,18.55387176638065,14.106915354728699,15.740101535683095,14.356947168059977,18.402659172597144,16.036618142024334,17.431885105112325,16.756388293660205,17.72931697041444,16.817375911318738,15.37077099344005,18.216603051061217,17.899656259495284,17.919127738994106,17.026849503102515,17.528370344120532,19.440434372943383,15.032032810475515,14.408246081160462
2100,11.395597532067612,12.33094837407217,13.999735641333723,16.541918559890725,13.872422472938247,15.797352844282342,14.056551926445373,12.459254612093389,12.112038640062446,13.123282331487406,12.548581522444021,12.905618033331375,12.996413387894394,13.394119720126543,14.08037304845841,14.408567573389286,12.418012722678805,12.151069895080896,12.9118938015207,11.44051336286509,13.174960002363862,11.833244568627814,15.675035699554106,12.94864380294862,14.855193464328414,16.27491431553727,11.02046648939343,13.896417641364362,14.665070778649786,12.780508875846861,16.322002541192845,14.563940968850385,12.959136697620597,13.116290025595251,12.495203939306993,11.888377702430539,12.786202667200053,15.136181825205039,11.921591833719742,12.931729990503065,12.935030994531903,13.446487250373417,13.510226782897245,13.061546934282653,17.839323437732194,9.271610263431366,15.298847272668198,13.572358828766841,13.018355706463689,13.71523121404259,13.660474573302528,13.481783651139425,14.453100327969246,18.080348118977703,12.780703010280497,13.013305183338087,13.550458287739238,12.461411115268005,14.51411054186199,10.937751164902808,12.72296546861206,11.737843682260621,11.334123004875755,10.6369658584666,13.224586694298878,13.597820386290548,12.315533592649128,14.050324833263524,14.851296189038653,13.915119817804385,12.819258773537433,11.597726183579022,13.341954527341802,11.815838746078638,12.102985934718795,11.964501465306334,13.558382130470939,13.767917111516,15.947785294736208,12.691164530489758,15.717172100492151,12.864468974263772,12.144463332936812,11.948248502029026,17.681204210156984,12.229273576613355,13.221635407403761,14.004952211580852,13.362385273384664,12.385527180993687,11.502965625861414,12.763079057569092,14.855443046792693,13.198632099544227,13.74280616057956,12.600977183927013,14.163371403580127,12.283320674753707,14.36287033979012,14.297944486627117,15.198723139889214,12.992427158614866,12.59689999728099,12.803284370380903,12.811772603055708,13.598019424987879,13.226773082197681,13.32327158983959,13.037587422391642,12.041782925958218,12.009635748017741,13.214942845961325,11.739666598970478,15.329303483600205,10.705181755125523,10.462715505257899,17.029853498158246,15.476304620504377,12.466107043235201,14.160456417695336,13.4387811548684,12.898991018614694,14.42648119382236,13.481683874907704,13.306186645251254,12.245962887516487,13.268544720242858,12.744625393301247,13.338356749519058,12.574492679018041,13.240517525569254,14.209352614196101,13.406939688341122,11.471064451191086,12.196254194754625,11.94726923853159,12.809837102890015,15.2939648092117,14.806326013544336,12.026672364577003,13.549206627289886,13.220608758537665,12.775816942889087,14.466501132423142,12.6979420658039,10.039978351444004,14.398121214755204,11.839010507516244,14.823485605094744,10.9946885711473,12.094861869426932,11.589770960419083,15.010376327063728,12.314233489658523,13.723445373060908,13.161860073876124,13.758099427689677,13.12326293017553,11.737152629248476,14.525092178874687,14.479772724535156,13.71156765876905,13.47399068073086,13.869601925430091,15.963391264495645,10.966143323351513,11.365879861556968
