Year,1,2,3,4,5,6,7,8,9,10,11,12,13,14,15,16,17,18,19,20,21,22,23,24,25,26,27,28,29,30,31,32,33,34,35,36,37,38,39,40,41,42,43,44,45,46,47,48,49,50,51,52,53,54,55,56,57,58,59,60,61,62,63,64,65,66,67,68,69,70,71,72,73,74,75,76,77,78,79,80,81,82,83,84,85,86,87,88,89,90,91,92,93,94,95,96,97,98,99,100,101,102,103,104,105,106,107,108,109,110,111,112,113,114,115,116,117,118,119,120,121,122,123,124,125,126,127,128,129,130,131,132,133,134,135,136,137,138,139,140,141,142,143,144,145,146,147,148,149,150,151,152,153,154,155,156,157,158,159,160,161,162,163,164,165,166,167
2026,9.817408793970294,10.41777425299844,11.971127018049035,13.88897760147634,12.10425435330557,12.588304798888126,12.273980376837047,10.789740860786129,10.25493867280286,11.44285313477335,9.583128011056589,10.916917297179285,11.164724405895436,11.2484449998921,12.27813232333764,12.56986109815214,10.42901356097149,10.42574803391472,10.80891940596959,9.277920649427434,11.354609441174114,9.843932339030763,13.244859168710914,11.172902132505959,12.629427410338238,14.133291018640868,9.3888795354768,11.896688347277438,12.493452633366639,10.72906548517716,13.634355021559674,13.019248891945768,11.156201368764691,10.952489400039548,9.724800792644203,9.947192057015616,11.129771328814657,12.913301612129032,10.27504772186765,10.902488294340996,10.844876233974228,11.63977267301601,11.40528855667166,11.453847873065138,14.582509089423263,7.2448867768373155,12.829430260088133,11.562009885006223,10.951025165860424,10.87867227909358,11.769240569485271,10.600010328966645,12.693257384447623,14.545069271536624,11.006118907876635,10.880935863308288,11.452131190600438,9.661553208594738,11.907585368856138,9.209263413091717,10.704415841594988,9.988638398763927,9.464675371251676,8.499368318721007,10.572247547704889,11.383312996314919,10.312754962755283,12.293053788011491,12.419380751640903,12.180312081847502,10.989930098147498,9.967224035088133,10.93427909165621,10.227520127659256,10.133974171324592,10.186159486355985,11.328282452309907,11.439213967841605,12.441875483395291,10.804864622409584,12.703588728023615,11.219770153579507,10.466571753115758,10.342728277263435,14.372045330379322,10.201782665174942,11.101178091829235,11.997750654492691,11.159094638150677,10.649381640063522,9.97024193989194,10.60133523931322,12.765021496168945,11.356588078581765,11.935425463254035,10.806635391776979,12.544967232919912,10.653762939831488,12.660175893050823,12.01635448634625,12.75172358038633,11.191276702220028,10.975855997075207,10.802323913728094,11.190725106907928,11.714617653709393,10.423423489150794,11.090245039566707,11.447377536769794,10.43291406074296,9.315120492292486,11.042399819859344,9.860188917945257,12.914993843954537,9.034049019055521,7.957802502195474,14.227904864627382,12.782647356755383,10.849179153735554,12.517464651361756,11.484306547709783,10.896141205468904,11.951211244920676,10.806817865166206,11.220676464878997,10.156071840056585,11.601414824835954,10.948593737962453,11.266994643389534,10.464925033242807,11.392502038010761,12.23776916382106,11.631315284449125,9.622113772070685,10.472398342969628,10.059183905468043,10.753095878207166,12.701954060598563,12.716340512442205,10.266253707201585,11.56563522148392,11.075090137188846,10.677510562474312,12.64031695201993,10.853130836080272,8.092922107126748,12.644557677533315,9.95673766861791,13.068857964614166,9.109349448395813,9.831867406387692,9.910675542935243,12.990712119185412,10.425265375443775,11.63424036214533,11.213211710686272,11.30723508485877,11.492412365025226,10.121402838307883,12.73699473962188,12.293803467050843,11.767249894368911,11.557106426876521,11.707048550653065,12.984708086627986,9.306253363580808,9.61640444268351
2027,9.384847062113492,9.845859088165607,10.748696604622124,12.779288553673286,10.78418749910982,10.942848952001201,10.754908013440991,9.061043320304675,9.853168096555319,9.717466871213656,8.27745376519211,9.843529694754146,10.022093582129024,9.109478342144389,10.673795118765991,10.982691409390258,9.417543018158305,9.45416926527801,9.690729182213547,8.683402118556527,9.871499013654258,8.97772165387869,11.815860603328632,10.0766779023992,11.395228556316832,12.606506297769753,7.680583001154917,10.702739046400655,11.367866186344108,9.617662320872668,12.548811995464826,11.836526193048643,9.65286809967264,9.829922281529594,8.600898269867608,8.431851396337157,9.456375582791543,11.073873567840328,9.530131751104545,9.81456356025908,9.531501472806154,10.0427533500099,10.25823771678235,9.752587263310408,13.146858355273373,5.220499429244387,11.480551530485565,10.446120132287241,9.823179292937983,9.446540820371848,10.118300527820121,9.256364101989442,11.26047781385158,12.95645260438323,9.840491984039549,9.447002074721718,10.210924939859822,8.474444957207076,10.464246531219588,7.381093060678762,9.334388814137682,7.998108985145456,9.07431751851286,7.9252456200673524,9.471950911466317,10.229159489010826,9.25378746393582,10.906191374139189,11.1605384459962,10.63439799241884,9.6688973794175,8.250449461740972,9.673819106558096,9.304745175430307,8.72359188257353,9.764514925201299,10.098734778473567,10.024819247748539,10.82325500185075,9.768607452754742,11.140860572457319,9.441530514184546,9.785243372351907,8.65750764824612,12.955577648204306,9.14932791767237,9.934841361149907,9.847410849700479,9.952148484916469,9.676323143198442,9.080143067175927,9.355018596124388,11.004927263676148,10.188257209268277,10.438202425847642,8.840740556990651,11.188800418182563,8.92167400155703,11.346979334950442,10.62027039589441,11.42608416614973,9.746550706417665,9.231434782885987,9.469258343072047,9.535288405422445,10.151743400032105,9.126364309502684,9.873217568337996,9.72988410415533,8.721026474711204,8.29289303890065,9.774889258262903,9.463973724647706,11.73059828158306,7.330867597266382,6.596693102108393,13.068462182646215,11.377282586758552,9.74773845918801,11.23402982699159,9.750486439579856,9.63725901995507,10.624402045495001,9.518783493939301,9.974525176246818,8.882336961186454,9.920545559174013,10.382879855192225,10.181594838428758,9.343975595805958,10.010846113462168,11.092211707211703,10.220472008981947,9.218813077465674,10.057750337190278,8.574459805274792,9.635227698022904,11.355976215482732,11.59996728793435,9.292599911032164,10.345564262374591,9.903590475492507,9.540183759091988,11.074029466428327,10.43170144635698,6.396437330819344,11.28843070615245,9.557721979430188,11.560511275801975,8.715672896648556,8.496452794410287,9.022542269495517,11.719901409486068,8.927284797896512,10.328246628415126,9.943432380809732,10.060944597358288,9.75342611174869,8.396814145147802,11.245921971519362,10.992206483269515,10.07694588791397,10.154977767930735,10.401336655344657,11.421905933282057,7.541341096203292,9.12563112396342
2028,8.720589465745116,9.058682387532748,10.395319273047477,10.925895282917693,9.969648640116924,9.453789101022743,10.176899672445396,8.740324710860206,8.950596837893778,9.375741314203678,7.231699808095784,9.465537083861623,9.743904505471656,8.551713436679995,10.06184174379577,10.381569308269286,8.940757186516475,9.139847493770977,9.270700887898386,7.744599016140339,9.285710504845435,8.369997569562301,10.392578886254974,9.783926238832269,10.571799402003705,11.42471311103715,7.393151577724062,10.329342763992432,10.402378646251952,9.214649737124216,10.61088252812624,11.2341201192011,9.093746379503736,9.337873631197477,7.5904350193905765,7.76080551524849,9.134791069542585,10.116201723804291,9.080920914754916,9.413657130106632,9.01703696795132,9.498336471758943,9.849258172852187,9.487815388842767,11.03530057746431,4.863404145788243,10.394069498161906,10.047225081078386,9.395204719965873,8.609008012744397,9.502819972841634,8.341820234189864,10.571398660054676,10.44723947896906,9.610045435150031,8.913166934097914,9.836289792635437,7.472197009351751,9.619812937615363,7.123905321664134,8.76554486123116,7.80991417763542,8.148749077874841,6.976489671192171,8.521931190853538,9.721657754772385,8.785517267720856,10.207568014607483,10.194127056261767,10.147667027038077,9.278244456033342,7.924447423191336,9.088020274658568,9.011024743156593,8.110691924295994,8.92681583762169,9.617748813582182,9.644277694756568,9.20604649250922,9.441246812231846,9.772314334045289,9.16855488193181,9.262276136863004,8.393583116202578,10.77752494390892,8.701495376618013,9.49630590742859,9.366917853689069,9.499666963290155,9.324057179138714,8.795896788492154,8.96725622467373,10.159715384649845,9.910849468762303,9.831967128521725,8.559674958576975,10.593769921880709,8.630922730364231,10.620569838291923,10.258318044731151,10.570849938885027,9.080809735085655,8.922458342883896,8.99075725545054,9.186261665015282,9.464906633264668,8.228545439955981,9.409132918909844,9.454989899435766,8.3810360337729,7.2744075072848275,9.37970452723296,8.547954097390173,10.606711693189068,7.013350042959921,5.778275682388441,11.084600569761317,10.166341486346466,9.565568013521634,10.580676474163068,9.085035303911274,9.233649159903115,9.69426270023636,8.717979381751755,9.636997484075636,8.478737303096315,9.573157507116383,9.672753875184318,9.732576983616404,8.62526437765716,9.636930491431091,10.751498405882359,9.562764867492346,8.298362177978875,9.28226990127207,7.906045163455217,9.21721753445657,10.165669282574367,10.710715640822183,8.947375220368095,10.028698226355989,9.462868448832765,9.119472346855735,10.435549275382703,9.557190219547762,5.974202889382193,10.52438689460573,8.635356954420388,10.984633852768201,7.793803165059377,7.777075688638118,8.655413344887124,10.655238996705286,8.257056118353557,10.011692343178492,9.667740033372588,9.469989460204607,9.428206050201602,8.126600491287917,10.596649492888346,9.787184604018444,9.42789116728565,9.334047965219487,10.04653987191294,10.062048580659475,7.305462574424303,8.33173526370007
2029,12.935910622062888,14.06969848113216,14.770457855385288,14.920605716498002,13.81669145822525,15.134744721586289,13.960384829860667,12.931557621158984,13.96344333174436,13.560156929104224,12.715642476616347,14.179052943606742,13.672524547447331,12.894928158422847,13.947574269512428,14.306588766529512,13.639720441550827,13.300033827838687,14.237563400326863,12.864889885582356,13.087954628240803,12.87054677631544,14.808884907027949,13.598399965659434,14.636238463546919,15.209693405939182,11.509916641142057,14.582732877410624,14.155180412790049,14.089433276782868,14.734491156495135,14.470510013725448,12.941833524762291,14.484990133863429,12.626652482249169,11.772985445254529,13.355604212083247,14.272008991759757,13.224011934321862,14.25558092121197,13.437781884537445,13.410195445378678,14.848788336972179,13.56231204752365,16.204719968464065,9.851264933870764,14.773965747460075,14.811335273896868,14.330734691380158,13.848858192563059,13.5365901330243,13.579250909712005,14.387290630489588,15.764048685198246,13.468922332577085,13.272404653870542,14.428804431434559,12.617340647170078,14.679939637365552,11.42334005042263,13.061645761780117,12.22297497158465,13.205175718859492,12.076373319263043,13.359641880768796,14.997168660163881,13.556881025265245,14.004812733634664,14.34465907967609,14.01024184926697,13.798308460608778,12.096960229070291,14.624646582681203,12.891050872595411,12.226462081722593,13.735796881110769,14.690147908728408,14.64515298548276,13.534990538721502,13.951800894498334,15.129711432301477,13.348167555892598,13.548945403617363,12.433402770401345,16.10928098533465,13.586308675129777,14.60168840752348,13.736387177815903,14.765587027306141,13.560099360087646,12.536577082198596,13.57645816291156,14.270588428105997,13.902973306243837,13.660004519897962,12.9959775954485,14.071178148622103,12.757079517914224,14.331308019226013,15.151597011024542,15.205460924169294,12.963865415881513,13.07685892494477,13.232363113566588,13.396959699042464,13.474641706308596,13.355559783137366,14.743831036774363,13.53297209723488,12.531295264504207,12.298037393848698,14.043764209617741,13.60916749059992,14.810018106647162,11.195337160126023,10.718026609068897,15.271695572396988,14.880553477484247,13.103368243445518,14.078040570668552,13.273639835417272,14.03875406475171,14.398188508237185,13.593435651906159,14.102863236937834,12.891831312004644,13.686989196252242,14.390383056972336,14.661354108511109,13.329161887907466,14.145138036945589,14.954120022447208,13.353496679631265,13.315332475239819,13.895367982270928,11.874358019751051,14.139540861320238,14.73309094232062,14.280321401098504,13.185638191583369,14.291811206114843,14.617292422315353,14.112772177904844,14.38274374883622,14.532390883759312,10.493027072916133,14.342528487353226,13.708919133667072,14.752216156410134,12.882119571385179,12.365765683190977,12.617396719429804,14.501908343771234,12.244083602143371,14.504832218198676,13.900466654814132,15.290798047962396,13.609789815285934,12.240311410035128,14.45738104504088,13.778206953535914,13.57721435116685,13.228738095449367,14.685374816930247,15.358404445907343,11.421208848771846,13.1112549447495
2030,9.923263738498743,10.572612302782742,11.99625813572303,13.479424195607072,12.009758131011672,11.984742497620376,12.094261516452486,10.60052861811836,10.41390688037095,11.214481182315433,9.083577371080937,11.045829003757756,11.172689392190918,10.654215961046843,12.054950467270354,12.36949175887782,10.555192367214222,10.519679536314115,10.961502381155027,9.275601816080185,11.210226300678666,9.808907283955946,12.961316695031913,11.187623412388826,12.254313108632745,13.594102976114856,9.166706666269379,11.908192029311422,12.034297769484317,10.869231687089352,13.22853175210564,12.905169810937801,11.01660601778523,11.097075810251033,9.35394309671677,9.8344164830835,10.906821237310119,12.38194464503423,10.353046477407867,11.042711297859967,10.868413702443084,11.436919264576357,11.583358976423092,11.250013598281404,13.385772290437117,7.026146488345188,12.296934821683427,11.722459805400478,11.060063554055015,10.393002612192348,11.550977542834435,10.171959124343553,12.546299319552341,13.93012179175149,11.012844278112704,10.596565801295982,11.502067852238925,9.230103841780322,11.671492909688665,8.99848609012754,10.669469380305838,9.714249392404504,9.628215867540113,8.513279173361221,10.218459231293071,11.545333821650434,10.421671125227991,12.171158841446692,11.808682357811415,12.01089265189417,10.964233163055843,9.721917345720026,11.053514763388945,10.294104644623788,10.08168377110775,10.33035078385602,11.425775897041289,11.497690875245178,11.570822042615518,10.93465485844923,12.132015457133887,10.979326311174944,10.559733186079109,10.115184588884206,13.20259105090214,10.336166687552698,11.225659394393796,11.396859870272,11.284525621824129,10.740742482892848,10.035254872930437,10.677097215317191,12.369113107738288,11.358049376341311,11.781701255103815,10.511621627146786,12.3726928149269,10.415418492184706,12.556205293568578,12.058540770784022,12.468929665001193,11.05800004886545,10.712275902133275,10.796197524415742,10.940629508386815,11.541347620927771,9.99380958501412,11.214633047904657,11.221489560344942,10.17059051958115,9.01213457370582,11.110082755999073,10.015320535344275,12.473489646354448,8.824026019525025,7.627914652916723,13.790102420455739,12.22833161946872,10.854292050004004,12.401598503732163,11.245320245218668,10.962372923512824,11.712164004505413,10.37750889292068,11.273290295315828,10.210741224010356,11.417550228860067,11.076608944036389,11.429517114089556,10.299744188704569,11.373681169165215,12.30638716813258,11.504222068105546,9.792555011484936,10.601444917528525,9.938084542265404,10.879358849447708,12.166195085677113,12.236092874861287,10.362637559518868,11.576182339502418,11.206117890775205,10.810533416497972,12.450292404751172,11.01228888462419,7.864452350074828,12.532254153457675,10.122946821396116,12.885087548370432,9.265758702561826,9.543772150924347,10.001905433104735,12.80311334797222,10.302275299944956,11.643963753853155,11.199936455034694,11.492221966385847,11.24276710172062,9.899834224549325,12.585683154023211,12.051503984824476,11.552952727743262,11.399154864737524,11.757950171139903,12.398322786002058,9.098976216400445,9.74754327989143
2031,10.902961699211081,11.598557817223277,12.377932313343758,14.269362055737039,12.786409814558604,12.631329573366953,12.977136054946838,11.694271999532761,11.518566721240461,12.313841974737286,11.22683469384261,11.757425658890739,11.507556714603435,11.908417533759192,12.950313686028771,13.288737979393616,11.194138564493347,11.16811323748983,11.660829708304096,10.671747700860422,12.098710244845437,10.277708317922512,13.85528912484322,11.49594080375265,12.766586177375004,14.769322285185693,10.30621927612178,12.265903354662916,12.552950713945473,11.571947865026152,14.045096734295724,13.64784116848655,11.925250645726917,11.808963089209536,11.256971255592678,10.730039891179489,11.967009363898441,13.58888605609536,11.135515105141243,11.748226442576755,11.416106095213603,12.362345045391958,12.266872231322138,12.361808260862272,14.21913933235666,8.445491029516516,12.88386676946412,12.377482459171802,11.787457027998956,12.426844132011354,12.467622265219688,12.168991892882016,13.398347467123333,14.923968263294388,11.364528504402742,12.088510217813209,11.920503382935472,11.208997088120038,12.170420735588538,10.198751490320204,11.331260136531096,10.952280272410821,10.735529780651076,9.921237193695875,12.040868264461022,12.25658830210729,11.071408102369826,13.009994023256814,12.276530400566433,12.948834385155987,11.826762031925762,10.86528472755226,11.69061474384659,10.897078466156254,10.858060921198163,11.396746142726874,11.992687400592414,11.884292903477728,13.17339562203573,11.633291158987129,12.772044476283634,12.101847710168883,11.42051806276583,11.247338869649434,14.077022422914922,11.061752199984925,11.971368771532308,12.690609652994443,12.04539188442995,11.386851887664069,10.621652935510097,11.048387259568859,13.456238160314767,11.716410224366445,12.661323139524978,11.697201906015046,13.175510601990897,11.524136595104046,13.343384676491437,12.453565725651776,12.9723682852219,11.934520468115808,11.823599877078898,11.383044498446194,12.017112290567677,12.433161978812324,11.97920592485563,11.988510493857222,12.330087963329708,11.305443852168064,10.899722053952845,11.473868001414383,11.133995060626741,13.028071742342869,9.998690562170893,9.377435227046192,14.616027808707694,12.830976848247587,11.181212024844214,13.167067565995714,12.20222603335329,11.738883321375951,12.263140130626118,12.29369216192635,11.656634876342569,10.702633603597464,12.464139634864813,12.096356330682404,12.102500250644013,11.622925789378908,12.249945323590353,12.669037647869278,12.36088779763035,10.866933660925893,11.678070641811127,10.836929452484071,11.605016099532014,12.752560650757717,12.775477344575135,10.999409073113426,11.950343285403823,11.968194738516345,11.525484447488969,13.362348442492278,12.1226500062191,9.226410572619542,13.33618419751039,11.230879664097145,13.778579687861646,10.405573151195826,11.081440044081084,10.56375515460968,13.592239905796621,11.20312353320744,12.0291172845856,11.58047607537035,12.272282961270083,12.341539279922198,11.036181017432526,13.456430135861687,12.906004643958553,12.512032578537326,12.251884387583353,12.133305556829212,13.038383900471358,10.26721897194891,10.759889168745797
2032,11.736290387161407,12.715959441402681,14.361271403405976,16.189340394476186,13.753784764720047,15.915985169294085,13.920756392849045,12.392586775286043,12.5203500011045,13.055781372539377,12.194261221458085,13.12504586115804,13.329863898780033,12.96025992865148,13.892795821732806,14.255522427027643,12.613791533138446,12.372811004519464,13.153715664277906,11.684195966824245,13.058132856355416,11.933268351399377,15.418643631364993,13.256908051345661,14.987260909184165,15.845294802085215,10.902551657803679,14.225969566680169,14.75199864739957,13.016534559104755,15.992563703785775,14.43646252414455,12.85696619769315,13.346935215851538,12.18555225107981,11.740474536043148,12.708733105951032,14.751220795123476,12.164997322403872,13.17133703439132,13.136180395017503,13.308438037724601,13.83834766726131,13.006291401127111,17.32002061346303,9.13612422700364,15.472855503144471,13.876848525651123,13.240732325483926,13.454312743700068,13.495275773917852,13.18455108514299,14.329267460447943,17.568844481654793,13.144227165566837,12.856825893987782,13.893964100312747,12.12985196280415,14.773304156938815,10.817147585786072,12.806719151366016,11.597612537032386,11.754040924078053,10.886971295806175,12.9312340338593,13.874796658754349,12.534318784656731,13.938388873377576,14.830069277597511,13.816539450832037,12.919018998094227,11.484925531822705,13.585213799373774,12.01527533712595,12.085989446257772,12.368656602242721,13.863172594943773,14.197311146994652,14.640656961047132,12.921468440929187,15.842931050969211,12.777397148635078,12.426244085249696,11.831348972314075,17.1839236072872,12.464304108982498,13.445944374670153,13.634612321367735,13.585233903449517,12.596503231188525,11.705541982598927,13.145938421883015,14.555346487009007,13.545049209633596,13.617528905039249,12.447441747007167,14.017136322415398,12.175186640866425,14.257222234554913,14.719108622035254,15.408587967572007,12.869236818150336,12.477197488688907,12.996188315360445,12.726516996874755,13.422715402491715,12.95491957049007,13.54919154294159,12.966904425021747,11.91146071077041,11.798009215003765,13.591817323604356,12.167177238866042,15.455023641171662,10.577656639760121,10.204907486539174,16.64994654448136,15.562790619290396,12.821410846451055,14.028077731961792,13.225312130768662,13.070917868743772,14.601993693605714,13.236283406939195,13.694711980936322,12.552182559835039,13.217583284753823,13.108479795896491,13.591396419250447,12.540163522829182,13.323138298547786,14.576377006328624,13.28270252129954,11.88955057827432,12.574348438870912,11.817161097920144,13.03385113438834,15.389646607896555,14.848497193792593,12.240984999453246,13.907380529071975,13.449598222323086,13.00716094154379,14.323285102682268,13.114778160401015,9.892423387839582,14.29153062662353,12.253111958017815,14.70017862060796,11.424233520322522,11.850688404525107,11.760134756646082,14.816706644452136,12.171118435328424,14.10482984457327,13.532978118113848,14.04303957586703,13.036276818293592,11.64913168630522,14.40103014040253,14.248027189918185,13.521981982109342,13.310202453690378,14.269083010113764,16.10937664819801,10.865022476924505,11.768975767104521
2033,10.894507340924896,11.61478758789599,12.78712508406328,14.001414791397426,12.766885918443618,12.94188147767082,12.872083530153922,11.401523779672777,11.554568314034004,12.04133843112251,10.669042149396695,11.728829318090629,11.873120834322082,11.440740611080244,12.827316666993758,13.176123630012507,11.221439063427567,11.13922799443421,11.64845045413012,10.560595492710888,11.99678827332252,10.457268915746521,13.70162859688635,11.854653178835692,12.9793756124766,14.275819814723471,10.003919168441229,12.63925407664931,12.717589653056601,11.554943791631123,13.778701512709908,13.555929225424062,11.803925112375751,11.829166348780626,10.801162500845512,10.633771178110138,11.720164145464485,13.129573528533399,11.13385464510192,11.743809139619216,11.655015725318506,12.237008605739506,12.242115662797637,12.058444472434731,14.056818594103271,8.045947708219227,13.09064612699592,12.379756142871212,11.761854071898957,11.808298196481624,12.37843606232301,11.56792232718157,13.322764982185934,14.591277827387273,11.717825216281673,11.634760992034627,12.268570989127397,10.725622890274165,12.527668318994667,9.842293079294594,11.470189709216355,10.563296326436106,10.776693799087536,9.804470726495747,11.61629672024561,12.253809174117837,11.107421773283377,12.950005195549004,12.524839872899266,12.789653143319102,11.709938782429242,10.58060783718753,11.829651488808652,10.877371721293615,10.870601804916872,11.423657970260022,12.197526507160585,12.333213323727248,12.569579909677094,11.614176578495812,13.05522318508314,11.787806799432834,11.407745357116926,10.938800910325801,13.885093647500746,11.067010459125699,11.951073681854686,12.219394772273043,12.02318666857141,11.367928773974597,10.596934107334715,11.449486865095151,13.150523210025355,12.09113721824859,12.56412336214081,11.372398231299995,13.0746794887211,11.243194594209937,13.308998422069555,12.88858238494267,13.26220653999759,11.861042373206303,11.537368535833512,11.55824582019578,11.780329085562546,12.34933803165737,11.40047901318125,11.968804739577617,12.013791190541312,11.033900282872107,10.462354638937699,11.901144739564346,11.172498188993856,13.235085445901625,9.684465436264874,8.910321496993953,14.351165527882788,13.054902135030085,11.504188533710394,13.09731056638386,12.069236305096876,11.668065773728104,12.519368502432894,11.704344364611996,12.052735523037288,10.990694432357408,12.210440442289993,12.069075370450388,12.0963938396586,11.410198641050119,12.115316525344618,13.032900736383771,12.301191552096732,10.912438315339385,11.672582693721939,10.757527454472756,11.585907592883574,12.975440428308818,12.899176177771196,10.99537832532888,12.353573995277936,11.941265064899042,11.514547998004634,13.256104208529003,12.13891967734241,8.8531705369444,13.28838713353743,11.271826677004121,13.669243918812793,10.439889535469854,10.715327015875472,10.582122152964788,13.496892085541852,11.113375951060215,12.434631979659848,11.95515268033563,12.27078610776073,12.0722677545703,10.708235180977246,13.375106249673676,12.735663566900339,12.394289201368462,12.147144640755396,12.549183358964715,13.316991193462975,9.918634241507592,10.770044005759388
2034,11.27774118923623,12.10941123881418,13.226612085091844,14.027618285106579,12.759125928515976,13.16209129454649,13.073482047280542,11.573007336939158,11.985603101298459,12.251935517901309,11.057089833785659,12.38423634182824,12.273772493085783,11.639088970244575,13.001743611434227,13.36328799893027,11.807725040161088,11.729139440733457,12.30402474429296,10.974493198825616,12.211610763738664,10.909335319114769,13.719381186058344,12.231838796449745,13.239638971407773,14.525701461278876,10.204513638725746,13.048549834476868,12.887813026490422,12.224508598770784,13.813150079677937,13.678033683934938,12.011415312269133,12.484159400848593,11.093512025499797,10.805907502932396,11.936149650617786,13.496041625090268,11.602829436893046,12.39555215275766,11.992446031907331,12.43898246716708,12.95595824848051,12.275241342079628,13.796306091806162,8.344928415978087,13.333999989149358,13.031259006780127,12.43529486992275,12.21986236633814,12.548119406823236,11.99370999601872,13.412796919760499,14.570026448239451,12.124790492913,11.959139112545097,12.756717399714276,11.059954462410962,12.882900030230699,10.100175773967864,11.737048159839345,10.8830306129606,11.198767922312507,10.21814522058096,11.882981343437802,12.946444346852926,11.689606106313677,13.021557125060458,12.719034873920942,13.008451969403287,12.175143756620267,10.75065929653204,12.454530560775941,11.399358140385674,11.098191355719512,11.830247626680393,12.77548086784942,12.837615877389906,12.234697852445683,12.245052106435537,13.284468509256845,12.027147537158074,11.88861940218055,11.136631071000647,13.636261546093484,11.708310891286997,12.63928735499149,12.499184094581999,12.737312442744555,11.936809082394062,11.113681451134067,11.91059960125257,13.421091427945575,12.49447433585706,12.756641431995059,11.667966541510236,13.21165264590198,11.410118428524585,13.342996583522664,13.387379310053333,13.589787341289872,11.958757407315398,11.704962599658126,11.929511789849997,11.977480890472295,12.464957134879159,11.79917672859586,12.685934450153425,12.240562846641183,11.19230099508296,10.783662611797377,12.349607655576063,11.608035049162066,13.406260442312645,9.893556582134053,9.236624176735463,14.364006351517594,13.25540505220061,11.883603197643941,13.191192061275892,12.244414474329222,12.222627632967804,12.81015717525177,12.094556533933984,12.523215356728304,11.42376314783874,12.395808346002646,12.56878639433695,12.760032753905529,11.692762652857471,12.524910817975583,13.448899412446696,12.390643047249833,11.31513595751122,12.094732016001057,10.881204822981406,12.252020336687567,13.146583818709074,13.082224768141044,11.576573358210938,12.775877656172149,12.639572215792926,12.199140400342321,13.418736888338692,12.590782459663311,9.137584831808573,13.324381019758144,11.69740403654135,13.864446295384804,10.871641305477725,10.93976762113364,11.08795559944828,13.53371956685315,11.244347830667442,12.907325116350599,12.399555399851954,13.021751189361447,12.22667108152224,10.93221711966655,13.50551421486813,12.811959707542606,12.559142528263774,12.243723658439908,13.01048858453641,13.54020648214804,10.18517023017225,11.170376853612455
2035,10.391879436600469,11.180030757338615,12.884968909556454,14.376048134720843,12.752062552325105,13.342603285027588,12.918879646969879,11.01041225084792,11.002804989268517,11.719604389175124,9.644235267931512,11.649438946953289,12.017694932287155,11.03209111418413,12.950934272745384,13.24465106492457,11.155606722783137,11.040979307630788,11.597915841023557,9.88924186935891,11.996974430978298,10.255772107928665,13.8909238482947,11.99664964966233,13.304615159721479,14.475259429734686,9.597629173577802,12.768843611499861,13.059268227413941,11.488394315182436,14.123805972545048,13.599553576954035,11.758725044520006,11.757882822735194,9.803887580764359,10.636062002062555,11.376845160580197,13.34090306512687,10.82586752428957,11.658977422296358,11.701300831916539,12.238696902666405,12.211709184642961,11.67895938674717,14.672209616588509,7.495294363597285,13.46622397612942,12.334913665509745,11.702151219643977,10.896811482699022,12.458084392482823,10.646449424974296,13.341438091319546,15.13122191571671,11.864934077121966,10.997957676649095,12.387035860153647,9.733126767465604,12.760873966161968,9.416989809590515,11.505673209934134,10.178968668631887,10.22644264064729,9.100371550363691,10.653057449011374,12.211530884160947,11.026547695388613,12.933933458574442,12.982184088181542,12.684013041627145,11.514908193732085,10.17389457401536,11.852596645283956,10.769370699058411,10.872294611580996,10.887925570587754,12.262288475976042,12.457658764136871,11.805489055488422,11.502292333737666,13.412478721660118,11.436526856769854,11.068936129303083,10.555867234325929,14.516848055402875,10.9586540227351,11.872550783921845,11.838985520212551,11.96366837353486,11.268473137949552,10.491388596270397,11.54246111991613,13.340543049671078,12.22597429966149,12.580664033955978,11.09118627173745,13.154760417083036,10.851177363595722,13.274386645659154,13.028194299858551,13.502528119346367,11.835829443581726,11.163464976231696,11.627521936012354,11.430113617168825,12.410679411224049,10.481925770680867,11.908763060103292,11.661792244195288,10.611075659484968,9.467881903214296,11.98316669966216,10.627243408690328,13.51638054191743,9.241316320131654,8.071332607534714,14.722302110784728,13.439073059221975,11.634725448877916,13.12169217107737,12.221782468340317,11.553231387601603,12.73064214586402,10.842405718953712,12.159102908821536,11.060335294869931,11.871511383265581,11.644137944054345,12.050964001728142,10.807791987191075,11.896928122267125,13.11616760864854,12.265461573782174,10.362204429693522,11.136533389434868,10.721300047214912,11.504018959791766,13.349543270634728,13.291545434814429,10.892896991385067,12.485780364469338,11.858237783181602,11.45120759267846,13.319973456470862,11.595214909509474,8.284464918724867,13.28585327319477,10.714170020802516,13.725223600216534,9.882207711105762,9.95693137606039,10.493435428194376,13.575983768895922,11.093852684873605,12.583764320644343,12.129936207895696,12.235489287535133,11.690864390410159,10.335710083984813,13.384040240684282,12.886046882556832,12.487843353868184,12.183280165104762,12.666326041130919,13.705511765483687,9.490472512127349,10.252021145399498
2036,10.531151661001473,11.190243997975534,12.716710752767066,14.3686237918294,12.87043088690742,13.049301046959087,13.031815657797072,11.411713373280412,11.047230938368518,12.063169612822572,10.600872890699819,11.570307327029498,11.828849267052576,11.669752271279044,13.016946209027719,13.348413333296778,11.076378625777107,10.988933063071709,11.511442426268175,10.149825142210597,12.149207999352775,10.276289339946667,13.9385776169922,11.802504579496125,13.067467006652254,14.682244342306387,9.96330719331846,12.601095804721929,12.851018700910648,11.397108701827085,14.118527002956556,13.731380850076677,11.94723181669479,11.659117003497874,10.671296375601191,10.804381208575293,11.698008219347058,13.519148308945741,10.865815098194968,11.569206413246043,11.670045342883503,12.372216839626754,12.163558752721421,12.045299208034642,14.389652905256852,8.04012258172683,13.243423708107162,12.292591038929382,11.606132520200765,11.838928628793877,12.526038098807007,11.575232024426045,13.45956527830466,15.087314763794774,11.658111078583673,11.687818381773388,12.201830484054014,10.62217866143455,12.543466183640385,9.848558540577473,11.50114383912929,10.579050649564877,10.255548529425614,9.37748837057987,11.436655460006516,12.128146121683328,10.954421753063798,13.062250693748785,12.706615891145622,12.89174492754366,11.594428872426407,10.527151983393278,11.708838636460515,10.734389424647976,10.97015668030666,10.971072955947857,12.08875666348183,12.287380847189095,12.95051868405679,11.435620315210974,13.15072575049556,11.794387334309842,11.11622763473703,10.901036040239928,14.210435825845472,10.855422624346351,11.767036015896696,12.403253071860451,11.852471353081262,11.213583863623759,10.463935951175902,11.405456489842873,13.460953138444737,12.029026970267296,12.71844675011285,11.408427981356082,13.245123640674612,11.230202311002044,13.407249379741108,12.855407042266886,13.31682868573167,11.95873812301105,11.539581662529834,11.624458428634252,11.73058756610946,12.491200303638596,11.416217557438044,11.785528304024966,12.008882638745249,10.999602807159334,10.291422810405491,11.827531049109027,10.664403474039355,13.348377985798795,9.641797541033316,8.860921281187434,14.737756451186929,13.179839582708869,11.454641354472743,13.250703416764736,12.262647648220481,11.561476706486678,12.559782847559644,11.749624649467679,12.003410964394392,10.978793635276027,12.245323585589295,11.697836307403836,11.964156584328283,11.201224932973476,12.043385582773585,12.995359705194186,12.41197807127205,10.410014511764292,11.24365187015223,10.881832999906141,11.403350622919591,13.090500881328525,13.033668984537544,10.836640188875402,12.290545607309628,11.742745275811654,11.340410439186202,13.423211251587976,11.657963441441892,8.832467208575943,13.417357160507336,10.747571502933683,13.819725243293721,9.916617403535744,10.61064479208511,10.446236675848134,13.672528816225084,11.234394498169422,12.396206362739854,11.919696240554282,12.116722422611454,12.072239824611206,10.711485034745676,13.509002106709646,12.950342778804837,12.570838733859686,12.296663827546267,12.50903902559177,13.43559928807309,9.95738706956415,10.397299028609108
2037,12.935697998041695,14.143597503395187,15.419069953586744,15.884713947772982,14.605694270652274,15.723633201225942,14.896355162496155,13.164415015960516,13.914333992556704,13.86983125932191,12.276907684119504,14.613373582777772,14.345027709622746,13.344658912523936,14.951969526384188,15.308232499853425,14.050283708002256,13.671174596833145,14.725937545299532,12.696486866344582,13.978505482006332,12.618469895875975,15.828380781023402,14.217455109824305,15.151917256090952,15.897585582474004,11.693746503928434,15.217257796746233,14.574524909662816,14.514566307482516,15.636110437952956,15.168827273275543,13.760675043515542,14.917965973201005,12.150970229312133,12.724686121163161,13.598413253607957,15.198859633310985,13.433735697813656,14.672662484904993,14.16982005406981,14.284406495887955,15.329204851194568,13.770337748138804,15.723036600843722,10.068037547495054,15.252063295965934,15.237955289629653,14.792153830113618,13.62285961923392,14.571824079622399,13.318894797693133,15.267789737685867,17.140157132045083,14.12571115208709,13.29411060456187,15.089329693628395,12.17314684909323,15.302367540805239,11.675158340807842,13.811779946736667,12.599835864227751,13.175356916111454,11.932933886454482,12.9098763919395,15.459422832597863,13.984904879461167,14.831954896773986,14.46725679610087,14.682196223865388,14.071211161820788,12.273450986846637,15.256108984837066,13.227450166059572,13.053232449552286,13.703257480879195,15.292158211055014,15.420907518785933,13.559165593722593,14.342627868704175,15.654421456482105,13.616520268032735,13.683761325219404,12.646996563462462,15.584914245035337,13.937104894091254,15.069949567317963,14.183217232641969,15.266111160749974,13.888795158461381,12.877563439633537,14.253598202829776,15.297961004159372,14.564412077645896,14.563207822973313,13.48521016214205,14.883219812875206,12.975617964468567,15.104151921427768,15.941884049902791,15.76618375985519,13.770871164682122,13.306296263214039,14.006481472564781,13.610214350016225,14.475671893876537,13.090877076853882,15.251423077738808,13.755265346039893,12.705409639393507,11.846104330018813,14.694649649702985,13.566969090181853,15.257152334301043,11.364795535802841,10.463182188246561,16.288129240274433,15.394701006619831,13.729336873020813,14.852138772525873,14.389645284932595,14.45590488547864,14.990313447040062,13.376431454135021,14.776487811751993,13.583141420198528,13.99957282193329,14.438197872560963,15.078185446236443,13.246164815581363,14.455308039551198,15.581092539364876,14.188387026483921,13.316051501942722,13.850478700321654,12.765981770080069,14.573831949544994,15.200731346140737,14.714057236423958,13.542385946149414,14.981824906947825,15.086492377778761,14.547984627925832,15.354816496372225,14.501703527796534,10.588418043825937,15.164333460771525,13.674909686831672,15.66974584952645,12.846012535950411,12.149058384780323,12.972615257553434,15.343341399794047,13.118545323610306,15.262256719495937,14.654421938826209,15.81666947642098,13.837222386961399,12.442561725559445,15.355022306027625,14.65255173911219,14.68007718415364,14.07851870908685,15.416503621184313,15.901473102362264,11.719320833683012,13.154160772004857
2038,11.779989729109017,12.652630101079529,13.69938212535951,15.233401609503707,13.398123465154487,14.422289259843124,13.568214480805656,12.243639518871255,12.506721474189797,12.907596393979318,11.477471846034348,13.020960336794024,12.739710129149588,12.58683727390092,13.589218449576398,13.913090230613625,12.478022262454033,12.272101981484374,13.026185745778289,11.445622067534082,12.674540993555084,11.51250432496486,14.723135309050912,12.682272806277739,14.040594347469185,15.343441858239801,10.808072420727948,13.560887554741429,13.754720137171123,12.849117672313817,15.0064278487926,14.177893750045605,12.49723456378864,13.18612393801627,11.45352984276479,11.356320675624456,12.591403995255897,14.28027001379625,12.137878774948742,13.02390007674694,12.520282536745071,12.971138173147393,13.615579513751943,12.883518121164775,16.05746096631755,9.048787396239197,14.248230721315611,13.643610886905506,13.141863800909208,12.76196901921345,13.111083237373307,12.45113639015219,13.985474258742254,16.28885313317828,12.560310530435785,12.497516581545703,13.300434925633928,11.44044515020822,13.719205926455876,10.753741256406773,12.263725919568023,11.581496540821444,11.728879090074612,10.697412871522829,12.230206935787981,13.687252953162663,12.372420215736268,13.583480693399911,13.793595983930258,13.527280000240909,12.7479054649239,11.363490754333528,13.305301610663857,11.93710530840832,11.61697510532711,12.367664428184865,13.46276390026121,13.411024420825845,13.546730120544849,12.803910278593717,14.416054390046908,12.675837078010266,12.412089123998005,11.764044399656681,15.9002552136131,12.288657733798534,13.338286509980328,13.33393059346987,13.478317029126318,12.508532232888367,11.625224715989571,12.423268584615514,14.139662880126547,12.946359634212135,13.25195019157684,12.340280328269886,13.733705899961617,12.064934745390456,13.913763180051166,13.960490484114569,14.39941734711275,12.482876768902592,12.375536911837438,12.41299817848789,12.613162425711108,13.086837078080226,12.271430266292201,13.432600741072196,12.862274696645532,11.80847440676197,11.132916561550582,12.855912234796133,12.123100436576035,14.342553688537167,10.483141702377118,9.678162777980186,15.640841747755589,14.332064643826179,12.281258907007137,13.733310250079501,12.900612999239698,12.922406311592335,13.602660988983903,12.58104048377794,12.997556898257006,11.883897397748152,13.037471009337384,13.091398906448614,13.440624763136327,12.215477308258414,13.19517360174138,13.944689968317423,12.935137921741804,11.864187150248691,12.598320777001588,11.419810115805138,12.900985953600513,14.190017912698831,13.913155281025434,12.107293791259115,13.270253776856093,13.32566641918991,12.835232972450884,13.989460424560571,13.106310647304939,9.706698221033035,13.933026743607357,12.233640941345822,14.357124568327613,11.396726928003456,11.390935772139088,11.631257626835419,14.295998584964998,11.781114152835118,13.422252876603086,12.904093845382981,13.851505266259545,12.91236734406456,11.556801323252532,14.053311290057461,13.634238863768788,13.191189304480087,12.873501914512854,13.550938677832324,14.687732112148534,10.852804299322484,11.779390519565862
2039,8.967226155507179,9.437559876914904,11.158956512039447,13.308901648158612,11.224126745177353,11.510555208215248,11.285411405579547,9.354916895618258,9.340994643128436,9.997875467914602,8.336223534713296,9.784123378603358,10.393340522382895,9.647997330226328,11.207332647850983,11.524015066051945,9.34804684636385,9.396119798898049,9.620307935320815,8.332105156925058,10.434105042692112,8.573296901800306,12.396014586091043,10.425586067140106,11.858089350042462,13.496286879415097,8.005753038046153,11.10754854847556,11.770325468934098,9.561478697168438,13.099520352871522,12.25747248530388,10.18954434407794,9.760611131706316,8.654250552352645,9.021552270845229,9.71339704970951,11.908242270512426,9.280219125277972,9.755706735198268,10.003076375563346,10.54217172252095,10.220871303716432,10.037848171859011,13.762569518192958,5.604674777987858,11.958616128150856,10.447739694834405,9.755810341346029,9.50978567532223,10.67517959504672,9.316738815735215,11.752340547173567,13.758254792460287,10.21090048450329,9.597526801871538,10.53841735697959,8.532147133884871,10.962195043290118,7.705074837674263,9.837208255153637,8.297864488933397,8.558402936905622,7.562251719929606,9.539273135040117,10.148163892004801,9.170036574096786,11.402981094206154,11.575980001817582,11.084519606974462,9.75524619675201,8.566460338137718,9.69748761245738,9.228973034607327,9.267791019671638,9.276037651802538,10.253390952296877,10.483301070073377,11.552914259874303,9.721717521224333,11.701200594639651,9.693418213449743,9.509339596266333,8.950798381686855,13.545440953710807,9.071763074268466,9.85791989824856,10.3336469584914,9.879355391477361,9.59757167351958,9.013404695236165,9.787650244472468,11.732695373787507,10.569484602619452,10.981493677134097,9.166004013108171,11.658661457669476,9.228522690336991,11.817569114589233,11.078215445027407,11.919931066101013,10.302303682445835,9.5292662649375,9.94921039563158,9.78608864545822,10.683962900191545,9.170029992237687,9.802911908932678,9.998621903359895,9.024759360953515,8.300958110262519,10.197783389493173,8.946558746306792,12.15499881654978,7.662442938303172,6.74114559331666,13.653615163396234,11.8897774964571,10.094711460821008,11.688420838119624,10.323705231386194,9.645612445700431,11.113002448155465,9.575198417205526,10.398138673571141,9.343436116585513,10.230707831113882,10.001863717557052,10.113555776319748,9.340852327482857,10.119614657621991,11.480504639446737,10.743173434561038,8.706641044629656,9.598243232006611,9.14861989620587,9.572259232887752,11.824405678993338,12.011814397314325,9.231553168985082,10.74839459805061,9.830550189575423,9.48005321006412,11.611213416954422,9.927899052696613,6.696669772267338,11.747065591868825,9.037007147284303,12.087209927161103,8.202738387429193,8.670016102211266,8.957611302804692,12.23133159428835,9.510786595875802,10.755329288258825,10.347006212231578,9.982424776515236,10.046430876073634,8.697188571257438,11.77194740898584,11.546076187135087,10.642757885482,10.708402835804486,10.82844018223493,11.974221562399816,7.827691495904456,8.650023754665876
2040,9.855450280496607,10.50735221867976,12.310917428816145,13.967298587379249,12.019965201292349,12.994906175719654,12.209730899528322,10.520275104143053,10.346487776943205,11.179047890169468,9.420841720279142,10.976700266096843,11.457744155565038,10.804531184875447,12.16252752845986,12.486308457896762,10.498120633885264,10.443997453817211,10.891133627084937,9.358080326660499,11.322774240990048,9.828922284038171,13.23835376455732,11.445516022651095,12.93067447679198,14.060560300946236,9.108193935259532,12.20669174097155,12.740850913459848,10.795191163116177,13.749575468509098,12.9330934052882,11.098047593244068,11.02971780138171,9.634994543388235,9.916952750605088,10.855223274425322,12.793587414790755,10.261967595666647,10.972725735906433,11.058418358149739,11.544349473374693,11.514089329573128,11.186773431426642,14.669747106407002,6.933326974916071,13.133112503134686,11.677435667780433,10.99798402927168,10.681179391787106,11.68674938380718,10.469168189589094,12.609945038576491,14.642083289668612,11.271954669576624,10.703372600285906,11.745786902859159,9.527884780874716,12.260959076654654,8.915906947956461,10.833416329777762,9.62990032225523,9.562007257598454,8.590057487862751,10.466362585516078,11.46413070773301,10.362709656195799,12.228604108743047,12.74063959199449,12.067737231112044,10.907050459726669,9.674565256775725,11.088142349344233,10.203640262636807,10.200381104307978,10.258747879901659,11.530145609184451,11.770711508620044,12.25845795545889,10.862847003518885,13.099332658766325,10.91596284638281,10.491303531129079,10.065095453158667,14.452261455033137,10.266722970642151,11.137659835750645,11.538208532187605,11.205523066708576,10.64946489100871,9.951623366011873,10.950886454109266,12.659248139547268,11.65763631908466,11.877581095029395,10.489745538357809,12.447920382508766,10.361432664420292,12.59272055784443,12.350812882346956,13.09782681375256,11.133810294387136,10.65832263620003,11.004522343302833,10.902751912140168,11.629030106184278,10.291587629638938,11.14307183513175,11.15007420165626,10.119191688849877,9.283173129772363,11.373498386743927,9.964694227537384,13.207861536222953,8.767374954631794,7.818422283268655,14.32690284951873,13.116506290986486,11.087610300063439,12.444285885505213,11.354987689982295,10.887957896389397,12.261480692267904,10.673255769778855,11.58074614537232,10.45825650919553,11.362463850204062,11.01931208558381,11.350787758179331,10.36945291638182,11.300981473339641,12.548159301199993,11.577855169935074,9.703936213870413,10.545000435865441,10.02734999261473,10.80583403599651,13.009175260267833,12.983115170312967,10.292467925859537,11.89182595414636,11.128652501689354,10.734964120971119,12.543000704892306,10.938359808500701,7.8575561981162325,12.556559066976545,10.05281671233799,12.991924897160214,9.223159384792268,9.667530217612889,9.94692941390626,12.976187102982532,10.38400746809076,11.955942014961142,11.50662227946779,11.413477367519036,11.190522071217066,9.83095803379041,12.653151344872366,12.300435986855753,11.672037715173289,11.519836838073704,12.028456946106065,13.357562556214955,9.006157356354851,9.647944418794435
2041,11.543796063117357,12.35412334788429,13.609756326829286,15.046598325604982,13.016589025764365,14.477375203176685,13.25762345868608,12.032629767938966,12.265272659583662,12.672523147871965,11.771545762520121,12.513568065898577,12.635896104873849,12.496017330042692,13.267003213095922,13.571816829073688,11.962578396596339,11.84183723252753,12.473257348994196,11.349136198668376,12.379965105152223,11.453882919705435,14.403342965585386,12.609965786661792,14.031865887019945,15.210113621276358,10.64981291329731,13.463873616358994,13.74641807701277,12.37177115273865,14.843832754570505,13.877985555192701,12.207816590312058,12.654743763739647,11.713803214952355,11.0167257623828,12.38669131032151,14.070325648169154,11.821593548940575,12.541303401165036,12.324810854776803,12.662784868446382,13.095387119708745,12.709003059395954,16.073554443276446,8.840215004413675,14.320945668479673,13.18827997941686,12.589397450099172,12.985616038674896,12.769350513455246,12.695535410357559,13.642401727483325,16.00215700017693,12.527154980146372,12.484506598957205,13.119147029421901,11.711434664270518,13.684982570860049,10.541633984073995,12.060329135669312,11.347230358251737,11.479950199956479,10.591950459183074,12.482176169186186,13.113830111718375,11.854947116873836,13.24234495166203,13.784006593020067,13.252733778370466,12.446387073834957,11.213623972366683,12.722462637430947,11.546923668488212,11.363515584851086,12.120612290566383,13.071495580264248,13.268859871541679,14.131564149390096,12.363850076723361,14.49885888915995,12.468996414509808,12.111139560523238,11.591670289109258,15.966072629327357,11.864939700164227,12.812878317321127,13.269688674046293,12.909431415974446,12.092742309622144,11.236191866190538,12.28905301419613,13.875364655385846,12.874337718214678,12.943580039030287,12.100337055714231,13.437072424137074,11.885637511701692,13.550051059087986,13.813215918312578,14.370933247001275,12.185553468034964,12.185595764009202,12.198826799513371,12.436258088230442,12.718380181235268,12.500713004042279,12.860770881560668,12.68903586968941,11.653668095074272,11.36948332854587,12.751028286050195,11.883661188549649,14.344127964714303,10.33025112958706,9.825666236974621,15.42786746439727,14.34604518585231,12.269857426052509,13.402135932575101,12.540514645369157,12.468866384102274,13.57509653654415,12.77284534664258,12.903658509578394,11.76265673460844,12.811480790457647,12.813093589699786,12.914111291756855,12.145676606091795,12.834474926085578,13.828911556173932,12.602857403153475,11.605209367693929,12.371559602734836,11.090261821483224,12.40859569196144,14.216321251476588,13.906257442806078,11.691964697578676,13.174841112902634,12.815016385491777,12.35073277572899,13.64022847874414,12.856715204923052,9.602938598953187,13.55796044619511,11.981012237460718,14.054992812483212,11.157878656264232,11.482580823418887,11.210756978910903,13.984718012876566,11.476684401758298,13.288576066332022,12.800910059200683,13.202825244678104,12.724596846889222,11.37494224305872,13.721985840279123,13.38607387601034,12.817573525294987,12.575992631563995,13.420002695658933,14.753784474147404,10.61231793949138,11.46938949920561
2042,11.205131849840933,12.126012415260726,14.060698777113277,15.39083468525306,13.73142338681804,14.714143528157603,13.881251298215078,12.266117167861562,11.901263078451967,12.916677775914257,12.18854633394791,12.762644489984153,13.085811187796617,12.863647172632424,13.916950820904711,14.253114914116656,12.232597154200725,12.024589809062686,12.77126075845698,11.178061206055727,12.982342293000091,11.388160053802581,14.998265380120795,12.995226993832894,14.275871903514085,15.946703716464663,10.81682041125453,13.910905429324059,13.933942111937899,12.601157633061321,15.156442983602378,14.439268768481586,12.795909974339377,12.920570111469084,12.10167360439031,11.742518114816884,12.606622292619685,14.794041486376003,11.72521970340091,12.770730062873795,12.887675022949345,13.242273762012305,13.40396653293916,12.875733171225244,16.273832282294396,9.026997416887596,14.460798562868781,13.472190886411976,12.86913814342014,13.483518958739612,13.44016655685087,13.216727937693179,14.319937697571257,16.487441267656248,12.880592494555142,12.825847418897828,13.560052015859148,12.095781957649669,14.058207109003611,10.698816864143897,12.618199387970177,11.480286523861732,11.121041548273872,10.396326708404915,12.830478533292599,13.422289649105588,12.11495815784387,13.9045440816199,14.007378216670912,13.728124446195105,12.612719057876943,11.405856982116472,13.165197700262064,11.679080071008723,11.992626468772473,11.753497302937122,13.487971997779354,13.839640123688659,14.924957935576858,12.550601234902508,14.691611741102587,12.642560205705788,11.970925508471934,11.761545196823457,16.12644166920496,12.008552967449248,13.046176307389274,13.56976505790068,13.189550173347419,12.243618750539813,11.383591558622275,12.829007673846638,14.613201224933505,13.285752082000611,13.559043567951607,12.35279942352487,14.01626523808227,12.09321432690258,14.243203507493371,14.389700380396905,14.69789678992137,12.806973731145263,12.410764981134616,12.775713312804056,12.631942592885181,13.441790858111547,12.988500097685534,13.144593055481495,12.837495876233218,11.842095946994329,11.680278667289272,13.225994195465162,11.525664534014854,14.569161273215128,10.492035318651926,10.170049656992374,15.78532444531827,14.555046941923063,12.574877180483032,14.031346518384373,13.248284585126068,12.729518205413356,13.889748298684543,13.269715856598776,13.380405964410823,12.270207724817421,13.10371399103947,12.57577532983345,13.180590739433208,12.278908815923268,13.076384808058323,14.301655719623618,13.261217997449895,11.24432968074942,11.999376449572003,11.783246909470664,12.635083260257604,14.405547167619936,14.077185095652295,11.869286236717654,13.624424965485286,13.045884615134288,12.574406952961636,14.33245455052542,12.496199096674502,9.816582179368199,14.262663192723108,11.623466283396775,14.67924688053925,10.781589428043883,11.763216625737112,11.414418773877477,14.583868643511897,12.13073351396167,13.833550524128523,13.288158902088584,13.560447869093524,12.9479468351473,11.534254306684367,14.365407231061354,13.894254559408063,13.568909887386408,13.19198104820174,13.954992409633553,14.948365983431755,10.762643759179378,11.166011240657259
2043,10.780105630016845,11.421322555827865,12.865960039846275,14.332562166711558,12.389887460224005,13.27231094808034,12.46229728979423,11.054447485862866,11.352565026315657,11.702942147527052,10.630564420119578,11.522389032513553,11.95179468409523,11.47662653502725,12.437412749166073,12.751628464548444,11.049693415427337,10.958351230653735,11.45905825965431,10.373663762422359,11.593204439172279,10.695213253083441,13.615396991615064,11.929253499630995,13.194280601713968,14.498156072004985,9.664048814417225,12.743282525071308,12.947995163824247,11.364989468179965,14.079528177561967,13.250848022492038,11.405416934305563,11.625889214808526,10.696094419361783,10.234193021173429,11.409156119774867,13.160709148444962,11.002177805356355,11.5374957671308,11.594492360463617,11.828270527736649,12.074117243775856,11.72136252535426,14.925394161887791,7.637204407997752,13.350874722003939,12.21221022210691,11.564090710700208,11.896195642326191,11.935921879242294,11.597029075674394,12.92831748420292,15.0438553120779,11.76105484787537,11.50829605272283,12.321732139113646,10.643086319941142,12.735125461836224,9.496449293001842,11.302863996880863,10.233410905722687,10.55484809977529,9.600642714811407,11.487991315353174,12.073044621426126,10.9366572873019,12.554505327797454,12.991887807846071,12.413423936004227,11.446532694906319,10.236380323119787,11.71920267573517,10.72438346432603,10.582605719404375,11.257144154089952,12.138808726940464,12.439720396600338,13.259437005804935,11.396609858326288,13.356203531279512,11.467609714311754,11.256690280269021,10.598741627743713,14.735764117344571,10.847477235223938,11.725121690284304,12.204291632803884,11.805537997704487,11.184320389900519,10.446361500283947,11.560088846508574,12.985107194085646,12.157201045132037,12.15398591773018,11.018980325726062,12.740188540647864,10.906952792211722,12.92677298403831,12.998668652412523,13.480956736223206,11.454389161065865,11.215261553211704,11.443164856699498,11.446363378903305,11.929647306061312,11.426684353662576,11.745862328103213,11.694331633979859,10.681454755527819,10.324525424927149,12.005845587052727,10.96842852413007,13.454918383904126,9.33976585644743,8.765598925154496,14.674344483924951,13.349066766383858,11.530550205189252,12.754373305861884,11.653685906416047,11.459650498247994,12.683808486240556,11.756915666284447,12.140811487060526,10.97927739697954,11.869078524248755,11.895263747676562,11.915933122777417,11.186342217190115,11.848041331800433,13.12004607371257,11.882900931831937,10.704916164117014,11.516420075742012,10.342751354465019,11.368705238661043,13.256945177264841,13.131591283756759,10.820908800253402,12.43162863312856,11.707528819532495,11.314080022923322,12.839585421687882,11.960011702840738,8.549411180064727,12.914425969063107,11.058228813498362,13.256035711292341,10.217247175781626,10.503542095544224,10.439223398616459,13.311137199401855,10.703443473609896,12.529691300638344,12.035011131154452,12.062002103127865,11.748310795620737,10.38178909237942,12.959232104294328,12.639396296895066,11.95403362681036,11.844295616059203,12.650625726369427,13.62931765259608,9.592865531170826,10.671966383557606
2044,12.753688067845676,13.774628496364407,15.239065135302749,17.082479917484783,15.274199011533156,16.385408904241476,15.649154550355416,14.233551148487175,13.603931509606216,14.958024346796071,14.351631299309114,14.05295388829773,14.150379447833352,15.225188102087252,15.669809086167296,16.044671308735143,13.426221130010878,13.216628960941149,14.065352597638316,12.995680045822397,14.749710846854297,12.676937933849251,16.839680938617047,14.049418918464495,15.507230346617494,17.665501102157258,12.776733522343894,15.03674609376036,15.102102300395137,13.936533239265176,16.866979059965722,15.840165060499444,14.556712747915931,14.254055297407124,14.10336656578495,13.474108744007738,14.457975699525814,16.876935378364898,13.122482050817622,14.085689950602777,14.275544348861215,15.108308086576674,14.770941181027373,14.860843696995921,17.580186159714405,11.514047408719426,15.887193021566972,14.79048065857395,14.15540423062023,15.765082380046021,15.342609334332142,15.438138041807258,15.954621064922089,18.73849284130594,13.999905854463579,14.893920329601865,14.779864412448978,14.094260155506758,15.464766647504723,12.897431278034396,14.115266152374122,13.870781318972934,12.835930007307425,12.216132158939931,14.736746517374463,14.766976269024667,13.361589128556458,15.522468012312187,15.316465082375899,15.564621146606362,14.177015659181688,13.339058657703195,14.521757644803628,12.81994271926258,13.59562503497886,13.413608024301736,14.761564224310549,15.128054108227728,16.790424212165505,13.847534271685973,16.32139640269072,14.744885306683898,13.382165281425998,13.669928349777246,17.47221256857333,13.350726680668151,14.415913386513358,15.93579424010671,14.568638507762683,13.426323507467043,12.480631098799083,14.001454729829796,16.55949714391128,14.404096936402114,15.325738851142969,14.658519901659178,15.549973174281742,14.021522123083148,15.748388084380522,15.64819362749467,16.007462549468745,14.490928832765507,14.338256529653846,14.195411898681652,14.457619318495626,15.196351101621985,15.144693973919619,14.530359596864361,14.85164196141388,13.768194805830717,13.63340295786443,14.447531688391514,13.251188486976469,15.815341584060508,12.498855490763876,12.27087289179959,17.562166291734453,15.980458608140118,13.65090435225031,15.514086381248807,15.148901032688828,14.177352264999286,15.330437108550388,15.37056729651016,14.585061374616444,13.586292014173834,15.010317887948911,14.151011325742887,14.460861944633987,14.083558990903528,14.647371085117697,15.381793320826862,14.904183265307676,12.95895277399003,13.633239726657452,13.511647668221723,13.954969389607083,15.787700526092364,15.223600055860436,13.0832351901285,14.780588463372075,14.427215179023532,13.921516728668431,16.06986422642418,14.219832747202858,11.977784999079358,15.840983016335452,13.347483184208851,16.40079299263332,12.509447125434553,13.720628976497963,12.508517408500547,16.171516371809915,13.877134966218602,15.015244985890138,14.437339811302397,15.014446444809437,14.860961787750611,13.552132697209071,16.082282680532213,15.588268202284109,15.410364336779583,14.851983674194496,15.151372359822625,16.563619443255927,12.91644155396068,12.879182324299347
2045,11.397340319726778,12.319175408343261,13.933073103427887,16.67313051223755,14.092231599533042,15.683537399639254,14.232664092727335,11.95747654674494,12.16121548195572,12.692238099468145,12.331568723787434,12.71061080742789,12.93546236889518,12.755652401596313,14.240082460981998,14.606864124212576,12.2172853844544,11.980726745465528,12.72449586329901,11.414693584584672,13.349551114051234,11.61164209894512,15.863561575179517,12.86644443092139,14.769482204447625,16.46055273387743,10.52863814066286,13.821055989186082,14.592805784681573,12.559012102044147,16.453784214413684,14.722031870613932,13.0793334391454,12.892730961675232,12.261853705038847,12.089797589765942,12.335802370277436,15.212818535773655,11.772731210874477,12.72879499188908,12.940936224616097,13.504378985289646,13.334280169852402,12.594599610599486,17.566510775814887,8.682295847522177,15.219872827115266,13.413789414679227,12.825964770360809,13.540644907756997,13.821010328505352,13.267134772856595,14.669478291078754,18.172756666074633,12.73892024807308,12.690811202577924,13.444685343490994,12.246880972029075,14.416936103416527,10.398251167549146,12.777496575661328,11.148102723304993,11.390909736733077,10.614716073194435,12.990443104311174,13.39535223044779,12.103564075437253,14.266988622591553,14.655175662559017,13.870018865751183,12.487214026405763,11.115111403653158,13.133112761637438,11.633249654718067,12.229505404829979,12.01580729432728,13.421649158648822,13.673543508306313,15.336000804020012,12.495255526155239,15.60001562211825,12.36472817024459,12.049730565236958,11.465992009834105,17.466651320457462,12.00984515120154,13.000809873130336,13.421107152557894,13.141288175531061,12.195480773630356,11.340119341145389,12.67066675230213,15.033837380130656,13.145537471317722,13.921835560837518,12.141646210144717,14.313601955123575,11.79305902074861,14.60342210077722,14.21577003274275,15.1206048079159,13.181122223644152,12.111995658310862,12.848883404679922,12.378099770325685,13.793672828570656,13.050064854759157,13.09745438850444,12.564602596118402,11.568812908037849,11.824392958503704,13.11231982659387,11.79278866800925,15.294800079387167,10.202951637137199,10.152981057763101,17.17827647146971,15.383119604833754,12.433473865623057,14.33852830529213,13.604977881130965,12.635868518248854,14.357094317674642,13.30381902428749,13.238269829879636,12.212800774156406,12.87876592989525,12.734335820312085,13.158662327848699,12.337356659543255,12.919786234750699,14.177294434412666,13.613596802982299,11.522939452982467,12.229329155839007,12.14703198813874,12.589953517946217,15.207839958045799,14.72785598817079,11.83747845110686,13.4845770386898,12.99777012253585,12.540276664106742,14.688611153999103,12.746577835601311,9.569022268866716,14.623276155442,11.888024982044714,15.030749694160793,11.050332649570446,11.751565530896185,11.388748601078989,15.206016274897948,12.500766631053844,13.657055375044763,13.10546624822461,13.538694072676742,12.653076787438735,11.25882194134528,14.732731967597555,14.644735283825714,13.916542592903841,13.662744335668242,13.806225840164268,15.853424546511281,10.447426458172824,11.398748470713265
2046,11.254734644585335,12.159743911222272,13.351811782173488,15.246950730033543,12.82552316752465,14.546549612737223,13.063712738454342,11.490226429603672,11.954595312800096,12.179399241166918,11.050379603129366,12.701093661720337,12.400864745935667,11.98439838024585,13.031231322123304,13.3608829724443,12.157206623450566,12.000410631622957,12.670557296470458,10.933138452875223,12.153361973947463,11.52059740540774,14.374664120943008,12.357633173971886,14.03557230337806,14.988783498821054,10.092097504003704,13.221672188004721,13.835710003972054,12.557804483596398,15.05877287621084,13.69712038791698,11.955612809275804,12.854641927800996,11.055520443812663,10.783177021124688,11.913987965363523,13.817007248573335,11.751791067745375,12.729135466658551,12.081527319919,12.424134391481465,13.293466096339014,12.174223361131938,15.897459600282753,8.200767302612325,14.434885378765028,13.313768845699403,12.770614508701408,12.334565933307879,12.561561238506568,12.032587560173383,13.442212197200762,16.342312255631327,12.239555030575264,11.965636501817597,12.939881870928017,11.025991013673458,13.573687354507653,9.987428869930625,11.795676046091577,10.772497699960422,11.183354625883315,10.162387213305287,11.817115033126399,13.344607023765217,12.061777998247873,13.03466050010984,13.864057778016381,12.947593562709896,12.326032829025522,10.653761932059474,12.882095753012795,11.664651457706224,11.102073387040395,11.818747708330983,13.071255648184732,12.98985661307107,13.457621727786632,12.540199474472066,14.571174137132322,11.94729731199534,11.98979198543922,11.041328194996588,15.754126841607306,12.019623405664511,12.988015104895053,12.72764807295702,13.101183762045011,12.208846719692588,11.363547438512681,12.037860067318318,13.627926061658755,12.62161763093394,12.71438678289237,11.604703305046195,13.23809875029585,11.338029608616365,13.376086687119981,13.541756536568634,14.30905863172982,11.944436980978304,11.64454659285105,11.963294889696911,11.95896900833949,12.486579680572389,11.868443917240144,13.061568130617559,12.144248527029283,11.119158075879453,10.717440389744613,12.501611146751955,11.577027701165365,14.419678726921909,9.776287431909664,9.182108260529196,15.66876676030781,14.431098302785793,11.983148656461552,13.216924241511157,12.280219842436848,12.4963441926824,13.501073555980359,12.188414380116308,12.630285082891096,11.481841088637061,12.325513196380246,12.595560811783962,13.108820623677712,11.700671360099122,12.663123841195,13.568922055804217,12.37776446828376,11.316767643732222,12.052589037820049,10.869004089749705,12.590077595218368,14.294980317030264,14.017770907153261,11.864001240905218,12.909313732839149,12.993728717384132,12.54493822926737,13.435868416791378,12.542655149231784,9.021386990242679,13.367221245744634,11.676792110113997,13.855887859249895,10.844346964893779,10.887508001016533,11.388422543263953,13.907721865436308,11.21891465119046,13.038565412163734,12.541848938750187,13.457124251710331,12.168417828238532,10.823215949875506,13.495730512654,13.321509939496936,12.593563815173896,12.389102187817514,13.161863151694774,14.841556644310124,10.09588391090865,11.205015364791388
2047,10.720566439381596,11.536318255021525,12.985984322088568,14.188302719074747,12.566824255430182,13.317252041498685,12.755285898466479,11.042791151522618,11.372334843096523,11.677934636533994,10.34019384575051,11.995700151214134,12.061339958206467,11.24059295868906,12.739983514528321,13.062145041625783,11.476332627034385,11.35612224374452,11.941016867108969,10.345689068593936,11.890522339178819,10.767445303823637,13.705104225031713,12.053711163123019,13.244381570297739,14.521711936463483,9.684736005637955,12.881519055419158,12.951846076094588,11.844455217213737,13.990143076233242,13.445863013034286,11.677646031684201,12.114305258526102,10.441404963048866,10.528429522057593,11.453908499856684,13.318164023874413,11.156608578587031,12.01143653269695,11.78968747365086,12.077741037082413,12.546837943079682,11.721413365281796,14.507498264312744,7.650512113843275,13.347758926775144,12.632634351920819,12.056544431039823,11.460040534320088,12.250979429070394,11.238858677446842,13.173037454485893,14.928143653208794,11.887980193223644,11.307554002638664,12.509538435782106,10.392641344421502,12.837271332740785,9.492085778032957,11.535923664923759,10.193498361714022,10.607979718433777,9.593730423599483,11.24271242427336,12.565321695545448,11.346835988690664,12.791532947317416,13.037906094737675,12.590036140916785,11.753200831640838,10.24379966472802,12.129386864278626,11.063127798230756,10.854248971597338,11.232772006936697,12.476377726330057,12.600462489882888,12.65458111529765,11.84869466956867,13.39914421827543,11.418136398834383,11.39836914545816,10.621709642850831,14.335449827753981,11.334980567836244,12.245412338565552,12.016380208260985,12.343533383115478,11.574539495530825,10.778236844617386,11.71179408207536,13.222562052916897,12.266171035642797,12.442116858842583,11.037157129901258,12.980645478095699,10.90915554300275,13.127465977454962,13.146957634421794,13.562842712818604,11.727106926557811,11.206059931635696,11.660744699932964,11.503454066347336,12.222184999036076,11.08169350449158,12.296034126825955,11.67942138575018,10.690670023145886,10.12150919303784,12.163365780456882,10.998687031314427,13.472952425479889,9.359084936263772,8.581745165521687,14.544911664465202,13.367545524612076,11.653268855551016,12.963818992336243,11.985092347082889,11.837699503192438,12.777433189684928,11.411280235356614,12.280080017836198,11.1752825052194,11.897681223957438,11.996595076649736,12.388652576781485,11.15404994747318,12.092190984636545,13.263493991871979,12.14499765193171,10.728280672560567,11.487542800605297,10.61803596855506,11.873827058012074,13.26728831911865,13.142525330833767,11.200781996483391,12.555289889321381,12.248526299615271,11.824530274161827,13.131723489450376,11.946176881517243,8.510607247119362,13.103287650191271,11.094024563663764,13.559813201103522,10.271023346374381,10.360580209804619,10.777913473541446,13.429845911754375,10.992597696168914,12.643609636503717,12.155795467734013,12.61366916771816,11.733903128289336,10.384961063447205,13.225782118940161,12.750441414931709,12.282673056358876,12.068039268579172,12.796685946214456,13.648005477861386,9.560545346011285,10.597072737291457
2048,12.139253339689711,13.147530696314316,14.037346510783488,15.204374928837241,14.110608552461086,14.344015688189996,14.36042712175328,13.335614744735803,13.001568015502846,13.983247918117305,13.254531935019338,13.420053102399994,13.02784813551799,13.724322459296042,14.38116907036823,14.721142891956415,12.887817177111685,12.644291144674236,13.431931623055238,12.283807217669883,13.500039538935471,11.80988953052008,15.171008580404783,12.978057388378227,14.06837397457465,15.897386317667756,11.907925303215569,13.869387410905048,13.673909307821937,13.323724496785712,14.956689680400101,14.800324512564618,13.345970894129058,13.652064328122398,13.142500831705073,12.168903782639815,13.631672332103813,15.001981056254843,12.533801156673178,13.468041134917218,13.073919795777488,13.841157765006242,14.006391705378242,13.969843078728603,15.360814654308815,10.366006718462575,14.163922178032609,14.047069247650063,13.530527963586474,14.478430111771047,13.965543096804103,14.177765743240071,14.736362407388897,16.187414524347886,12.838192338528845,13.773657574196877,13.671211682017082,13.118751824873945,13.898101473308127,11.887639196994515,12.910198384652967,12.77276965910974,12.225651396357492,11.475233683403095,13.864493246919109,14.126681591181654,12.801715091194797,14.339013404010434,13.561444816382037,14.415318182629084,13.507044091172842,12.491404300312631,13.722786730560271,12.293924128231795,12.328956462442875,12.816091817358267,13.852918928408107,13.806986011402767,15.103806000688802,13.221773747516718,14.372248231149886,13.790769891894382,12.807460864600928,12.816082049971044,15.244690016559938,12.787527303049425,13.776817520999387,14.533370370126287,13.909441760700682,12.887829551878188,11.963326195011968,12.791364278320387,14.88789717917857,13.254989303324528,14.063805817585925,13.5063779088871,14.43326445053453,13.157209164422492,14.62286493506121,14.321638256797327,14.503576349952949,13.304454739488985,13.482247229827484,12.966317085773838,13.659223697877128,13.872498360502984,13.918000546162544,13.873979093587922,13.963159481286192,12.928950794365097,12.700992554411009,13.27096289785012,12.63843253562632,14.250471874747587,11.59840870745804,11.224271714426678,15.578631206699034,14.261188478573512,12.522256485307993,14.401968739602877,13.74977580263563,13.49770576701216,13.817834678227486,14.146710500121118,13.344514103444372,12.337164589244386,14.08254222620441,13.531727918464204,13.851306635400528,13.319929400134999,13.916414531352727,14.229319915823314,13.702436706699107,12.345737541499348,13.027890278593356,12.244530260562899,13.341575186537662,14.131421692993332,13.822341302166814,12.522749276912734,13.596750775757048,13.78345873368823,13.317727749499126,14.777970443601193,13.589211830626363,10.955601003344942,14.664546628037229,12.732110227903597,15.139690883781599,11.891233936438095,12.837041689811844,12.007959428688757,14.803420652513921,12.619302877386954,13.761584649064943,13.218437749406569,14.32359511939728,14.007221258488364,12.655357005155604,14.8421286571285,14.093173895193186,14.012865502225319,13.567902024349445,13.900668401433077,14.630898394014526,11.903405000334203,12.18361524006595
2049,11.330850441656683,12.18452968059675,13.179409433318218,16.087285306142725,13.339573270276839,14.615394874597373,13.477924533350313,12.464162277624661,12.033373546017256,13.0877779117259,12.429842706445767,12.510788316797951,12.241797307911126,13.32996781461913,13.463715564107785,13.819980045456601,11.95537882039081,11.802449846397275,12.498661565877821,11.31652477229743,12.607454036564933,11.33391928931941,15.09290861629922,12.205060848075414,13.993382989064509,16.04976673748183,11.021373490924422,13.099094760158788,13.866104237411333,12.369384205130782,15.877446705880372,14.117386027522715,12.469393480245186,12.638721411642821,12.293774745062642,11.3004331274525,12.735875436226314,14.716774453287542,11.638198394490326,12.513421232731119,12.196070855078492,12.920532673111431,13.109016219781632,13.087792599209301,16.962109368780386,9.2982187604066,14.379882599996483,13.185452685924249,12.586338223889472,13.742737487930318,13.00691583181691,13.46836204826832,13.919431487786705,17.430682367604714,12.028042228325559,13.07688115083653,12.766107594837315,12.310679936781526,13.526465738141585,10.95755265361589,12.028927076203024,11.749620555535607,11.252002904718013,10.545599015561214,12.994034577161075,13.148440799230467,11.834113649699999,13.52789297311202,13.834930756817693,13.543358233251164,12.576623932822896,11.578573192267317,12.664276935808042,11.466542803722884,11.473319476389367,11.884722961355807,12.886088694364805,12.863149210486728,15.724629225938216,12.32192427211482,14.607050886256216,12.879893260157626,11.93227188775073,11.949987304437423,16.818055691926375,11.808107927887011,12.77112874194332,13.985374186349953,12.890691178729355,12.019470896409903,11.177032321691513,11.9410305544734,14.32810501916253,12.42927833148481,13.173911749668749,12.47137400864259,13.65239414119202,12.274597146912765,13.88026931108502,13.400832674749525,14.27895892383126,12.455081314982282,12.587338731016803,12.108964000383146,12.760295317710739,12.984325074666668,13.247711386258269,12.847398971652858,13.06565449864644,12.016372802464858,11.863012245167859,12.368555902908357,11.660673055311907,14.517429527381196,10.694605910583686,10.388099195354657,16.58033017490221,14.470086524951393,11.770180091909745,13.673645449721292,12.758400396160452,12.573217121033888,13.558172211050993,13.538822167593505,12.484416590436645,11.485202066924263,13.22087520580617,12.620896618003428,12.936129308589125,12.405421573668718,13.04737059259787,13.465615964778092,12.879389024056168,11.379224275441276,12.13057191054458,11.37400333583355,12.380448766660107,14.327917436056811,13.991258771523185,11.637442574066963,12.733713997285003,12.772098950758252,12.33387394119864,13.899124128986962,12.637637957282688,10.044457771531915,13.876982348849593,11.757688347209733,14.281874989685813,10.909989218581876,11.939883376917113,11.184416437602561,14.513402173052668,11.740767467767002,12.884812362654056,12.340115682910316,13.252201456090681,13.137423857398655,11.77977301309938,13.966583118531041,13.973997237889662,13.06771312508246,12.94419276021907,13.03025908395648,14.864900629805485,11.012246240254328,11.308641707686629
2050,10.33555782792847,11.003009890115054,12.55473753356415,14.33530929490276,12.23798434630684,13.886613084266532,12.384652409054661,10.800888560712337,10.857724712027803,11.46866521466038,9.83264268319244,11.429592621958125,11.65400706587926,10.899391838389892,12.335899308769278,12.667467658812907,10.922126604527563,10.868380724249974,11.360675709342342,9.811367368892485,11.509729623349145,10.425571342525279,13.526974096691806,11.643702438830037,13.426574642810483,14.06037817215142,9.373476721994258,12.462241276126846,13.354315617810125,11.24822188201158,14.15013623359087,13.17734774461259,11.299381149649296,11.49337699191402,10.035889429404687,10.120390315904563,11.127696067778112,12.821360222306913,10.713018973884378,11.417586700747842,11.339858047502196,11.723408963369291,12.017960595088487,11.465510938114125,16.09217725111091,7.316438889373906,13.85938042564237,12.131455780695314,11.464997812619673,11.11394128397755,11.847105509237103,10.865002354202066,12.807583563657397,15.052537443197291,11.500764707670266,11.057265475230377,12.026700014653416,9.906742337929165,12.830064808038752,9.234074228524188,11.083019062228827,9.946756239575539,10.067532682669873,9.03974128239181,10.845918234802136,11.972615137939222,10.813188516656345,12.426669752306259,13.296655207872389,12.280978027022568,11.272657685548715,9.926231657033386,11.534463578511193,10.628966433198554,10.434003381949406,10.761615286601463,11.922220450380575,12.115122067458602,11.991332088475643,11.287435262423495,13.935984291784141,11.207899992880614,10.949353769502569,10.31408207183299,15.964261109414307,10.724383913952373,11.631141411181053,11.645788165538207,11.706569573922977,11.09773531912462,10.361036688737247,11.242488026133053,12.750585675239561,11.858668557206247,12.0675584986482,10.746615955363152,12.644848700126879,10.620769499436674,12.789066258655941,12.658827218348568,13.633492084655348,11.32412120262566,10.910865145532984,11.248272038024401,11.160055336137502,11.804418731642807,10.687763966822432,11.638737946424795,11.435186448790457,10.378651168035423,9.67327618777104,11.679369893896842,10.462268925555374,13.902171954674566,9.036850064183058,8.19521868909183,14.717501814598622,13.838717920624692,11.305671994128955,12.65200272127581,11.534618514873411,11.321564969971128,12.777018183923284,11.04357349969771,11.844216815722378,10.740206940464025,11.63649400104971,11.51155940508065,11.822089736228406,10.74665675960157,11.675333383088205,12.836335216081984,11.77868566423169,10.213641726452375,11.038695721049367,10.222112894149337,11.271252764024489,13.731132020121038,13.508548524068747,10.706836670394178,12.11482597353018,11.608855481138045,11.205706737773573,12.73962114556976,11.44976623161979,8.18411681201795,12.768595255491244,10.564245426015036,13.181241757195934,9.71314423871429,10.012353046108847,10.31945774347886,13.218104935210684,10.584188554516953,12.204243383633537,11.723949108827032,11.945630852780914,11.454052755148552,10.126544771635013,12.857821031514067,12.567571645521602,11.841652676139189,11.73119335253622,12.32958542814722,14.202575797620032,9.349063271413678,10.196416080159988
2051,10.45848555053058,11.231769939682081,12.736905292182673,14.130529333715856,12.50978908428679,13.417776891394801,12.700450048822423,11.29790411387449,11.08803658292669,11.952606959997311,10.50770337879658,11.614515971392391,11.820248497164124,11.555376847477065,12.663235458666868,13.002239197087674,11.116364389010098,11.016335197111953,11.554587594354933,10.173907351558624,11.825038014546685,10.461842161157858,13.603053361015478,11.796744580826038,13.23653179925421,14.473009811795281,9.900590686289508,12.628660481261173,13.042397294355476,11.459951676185367,13.941351392994754,13.440658036781391,11.656906557795798,11.714976126328112,10.549029230018677,10.443499460330475,11.628031986887043,13.240333075369405,10.82718265429139,11.630213419380398,11.565242442029085,12.071773789661089,12.191926236709822,11.980533706429215,15.607616777005402,7.940962332138873,13.454833303456722,12.314496569659399,11.644316487986107,11.672376228415445,12.175627811285468,11.429247255234612,13.105040312623204,14.764907032251358,11.631876080580382,11.530815465092335,12.212620412789123,10.52548992601426,12.733955183754794,9.752501738298196,11.34001097477765,10.474198258441428,10.322870239534456,9.387165466728417,11.326252698088474,12.176445380987035,10.9804515203704,12.719002985597957,13.059043749519022,12.644782227666482,11.609284328215798,10.466908405656401,11.727738032522405,10.725782509245303,10.70517367399905,10.972761459324671,12.117056098321207,12.308248384167316,13.093990923755848,11.483468068277705,13.491615339546748,11.718451278446157,11.08899456926662,10.844281710294563,15.473425935144009,10.927397294374913,11.793537045302598,12.321517790303277,11.883087398160411,11.22321597624408,10.457316484140312,11.429814292644354,13.121355640823426,12.026116477406543,12.367719416466096,11.274563695587542,12.951387832103217,11.140956346593473,13.074050504552279,12.868562548704771,13.506155466903817,11.649881239818493,11.448614825049175,11.477851811452245,11.677395728781175,12.115486240257393,11.274749655357525,11.826259905209199,11.94041578568842,10.92118857201675,10.190464098102654,11.878701565584732,10.729902999556586,13.593402745283173,9.577455011074958,8.758148274343949,14.490917948277096,13.481758536851924,11.408895484131316,12.9294584416177,11.874992401703548,11.584717576108549,12.67905681057955,11.595573729632994,12.016548048866829,10.927079981709225,12.11570146679878,11.695512652559126,12.017367074023122,11.163720070181986,12.024122674827991,13.015434617905512,12.069112497746296,10.45637224112516,11.217204882722834,10.536055796374766,11.449724834088398,13.377209161286771,13.222212988397349,10.869501770271555,12.286279973128565,11.788684395182392,11.404390939146928,13.073599032247843,11.667465531307721,8.746861840274349,13.050093705360977,10.803956474946892,13.512582698796432,9.98719505271267,10.506622425078053,10.463157124817373,13.367364439951334,10.892651043832302,12.403825427972434,11.90182173381681,12.176768430549165,11.977817472839808,10.634851266832456,13.145317914855228,12.670187204428343,12.188236180530945,11.976014140264498,12.524853753432149,13.767329425915422,9.82175533505886,10.334569922283942
2052,10.64068027488564,11.411700083509736,12.863746005231919,14.75845506398574,12.774749592715954,13.962512280468061,12.84964418403157,11.139663898011507,11.271777445855347,11.806668386349214,10.422086812879728,11.77230178726756,11.944033248431008,11.471967684509961,12.828277125630692,13.158963322477494,11.309651160369752,11.153999232793351,11.758801859358085,10.262895939628716,11.973208411394257,10.766361428181765,14.059763293551367,11.915156539205626,13.563026827962503,14.819901887489406,9.70564961789743,12.770492955556385,13.405092586641722,11.618882621759957,14.525305995474694,13.597918753390728,11.768067382276058,11.902879822513334,10.48625715919163,10.649683054374613,11.500530849656338,13.460798239254434,10.98788716611655,11.78529651398244,11.751516449619492,12.17633410899536,12.382233720758691,11.773241861115979,16.181663425072376,7.678660453297198,13.858189749328986,12.48433486275051,11.839801390533863,11.643108591437342,12.339997151785573,11.364703192011177,13.318097863386836,15.579345655182134,11.735433975639554,11.409389529863132,12.363097032370126,10.44874707236886,13.048732625077603,9.523797709008921,11.52877675158822,10.219390928097393,10.492649714259997,9.474230884857802,11.292226268869381,12.397775527899682,11.189736235400908,12.931183352094632,13.390949591346414,12.687053378995346,11.62724989782209,10.285159141149212,12.008440504660426,10.868964457641477,10.89888037222883,11.155866229339793,12.31421774658172,12.481111170886004,13.241173278378406,11.608810004737716,13.99835182434839,11.515299019201297,11.248512098322744,10.654058538154578,16.04167997059615,11.070262824802702,11.976446186718729,12.188894018427087,12.084790731577767,11.36584198576115,10.597272793235986,11.59318201140622,13.347974896107031,12.134097998313928,12.532455995678903,11.097129374094633,13.09744469886241,10.975962201862231,13.315702542014746,13.02935938221281,13.83133672048216,11.84797099540415,11.287890145150216,11.639857154030798,11.535340699488701,12.325824606900472,11.211613984454585,12.027696450929282,11.740718591310406,10.730825334018018,10.132522575233292,12.01975159262024,10.898568899735164,13.997309340083083,9.368223510034708,8.617793893623775,15.141600901018023,13.936337394882809,11.497972678879036,13.117252563814752,12.067405495954597,11.708314411666084,13.002782765290016,11.544130484047146,12.140528304745327,11.064119185746204,11.994818981574932,11.867328142990242,12.212661700404212,11.152520205278922,12.04171022124913,13.140057709351508,12.262992205341225,10.63094026109447,11.395549774169922,10.741586461703736,11.617189529797304,13.803228274797618,13.573165211988533,11.011448491526691,12.416175455097925,11.956364297348525,11.571926077584857,13.254947215561634,11.862543732980674,8.53721074831834,13.296115251015062,10.987310459432395,13.65304703168247,10.144851067245167,10.393682770633506,10.624375598910063,13.71377616699623,11.09776620644793,12.5379957025567,12.03470995034213,12.422874570864705,11.835054490472311,10.43562711953469,13.338365615548,13.047653604946705,12.376269983856572,12.242968492533848,12.677125675198825,14.262323850846808,9.623967674763309,10.561104654293995
2053,10.951047772663122,11.783570402666282,12.868056528594188,13.711615121882895,12.666030394966187,12.408754320410285,12.875725931771425,11.264005751713466,11.625155447050929,11.915791557210948,10.527116405676406,12.183728924669,11.98521209726839,11.375909333643708,12.849076443027867,13.188967803472899,11.63524680714245,11.546425253881708,12.122556311604772,10.587788463570176,11.992972436846923,10.897940935648004,13.512006393269353,11.961561551074622,12.76908716703158,14.342230776081914,9.882436775450557,12.728291403988134,12.397585758048555,12.002636120371195,13.47111697106258,13.54721761478678,11.786071166558113,12.282507068113143,10.662327606838359,10.62976826273877,11.653909443351242,13.252161385410508,11.383228781754555,12.180189212784173,11.721074291403692,12.210926424468989,12.72601023381171,11.938822971090032,13.689250829427142,7.891883203719301,12.710640122992515,12.782224667299053,12.250158152259564,11.696988946069839,12.367334592487643,11.475061060617803,13.278035253205383,14.20838541263188,11.821313630627548,11.539283820265982,12.439915379752286,10.590527410902412,12.358159955914903,9.738483866595704,11.49508024233839,10.485885818124467,10.855496647079356,9.818877026479207,11.474990392063296,12.746484273153808,11.52702479728538,12.883043749662848,12.40896820503733,12.746279046749294,11.905220894061998,10.441596787260929,12.26388614754314,11.275517947323939,10.896569011166044,11.49306514510966,12.516872506426727,12.472876885581924,12.302386124658847,12.027807688097596,12.55360785013308,11.679374582741573,11.617449596200302,10.830574273091297,13.534440693647966,11.479868601633076,12.455396726727486,12.165902681810705,12.546324023086092,11.7879382705154,10.983609478515776,11.568630475631874,13.231837033010697,12.182432730722685,12.55600480925616,11.30813705265198,13.068596559860138,11.114449668837631,13.218041887587827,13.027183118073836,13.073326370395398,11.800940474738248,11.419331072465233,11.633761776165796,11.700053911514416,12.337949093947513,11.292552757846272,12.489582482563412,11.902476533437552,10.893655222557163,10.344151255517751,12.00168335211018,11.258098459114201,12.831597946422253,9.55924722669727,8.78351456137455,14.032221015380776,12.63343328399503,11.605042725153591,13.064824798832772,12.103746766305493,12.012358585979953,12.323481548739519,11.614053533938918,12.166928628338098,11.096772982455464,12.094371151826952,12.242128254359834,12.552698366082042,11.37723147966292,12.274861366407055,13.147030980771646,12.246194936881736,10.98572403138868,11.740000065497085,10.714924616901124,12.05796803922757,12.552166499845361,12.628129745307179,11.379926044008009,12.448575947595682,12.449727934987653,11.982117050853763,13.253609922755023,12.212676802720955,8.72417371628968,13.205701176704762,11.347285179664256,13.669644680036154,10.515955215603437,10.577632764131641,10.935916283208394,13.36709906679133,11.084297088723956,12.56177565212483,12.08233611803988,12.812904999733133,11.933001507721523,10.59765229204103,13.344612452404009,12.585584887991779,12.412745139602086,12.083863113763867,12.672935384771103,12.8156891024631,9.808446192243341,10.87941251128264
2054,9.975195843857998,10.508626508486014,11.468907998874782,13.19210703606191,11.703890682886476,11.18149425202738,11.858723731144615,10.77594873973209,10.444555366006885,11.392648694388894,9.833753048401814,10.709435190033656,10.690110798257042,10.991087996805815,11.824926642863,12.11393098814575,10.202469964633174,10.244617337846888,10.560648935725508,9.505874296225121,10.97615916038985,9.768465442501986,12.64033278380268,10.734265202575406,11.77944766179375,13.558337177919308,9.425949235790938,11.372071055290489,11.59702671869942,10.516723676463188,12.95248333008393,12.74099341164464,10.81653093902961,10.709903172500757,9.983806931454204,9.534602897322696,11.095888940860393,12.335527324482156,10.25315696956671,10.693020986393096,10.366097792659122,11.27134406161697,11.135945104386497,11.476537665190259,12.948507679545363,7.3699304864782365,11.757335114738215,11.3150668577696,10.691109005523769,10.974511954771438,11.29622070507511,10.729342667304955,12.265368150344685,13.541166958601579,10.56074823633484,10.982387205525098,10.978749910217672,9.910947011540765,10.975304906296994,9.261064137901565,10.239393479028793,9.987929408721948,9.642400048997093,8.751189203851899,10.81438393858464,11.111060389590898,10.071619274661597,11.88551604197077,11.443837064763773,11.930075397957927,10.873251634771409,9.983681646864055,10.535367967416635,10.054460462020792,9.72109048590874,10.358286430654319,10.9176058570004,10.816731699620897,12.329630021815715,10.638435006647818,11.393792936335437,11.210172894856207,10.485092385246862,10.367460780979501,12.73824321705362,10.002440099078031,10.84466101545031,11.770270462917244,10.881861799841989,10.457826561901884,9.797571397285258,10.075070746566942,12.202395415581439,10.886437807191651,11.537927747704089,10.689377009382714,12.18575838519989,10.653908003121616,12.249510621894961,11.395968974122539,11.85463594151256,10.787871705449145,10.955195418356556,10.349488866070045,11.144494708789432,11.261537399061996,10.591018479479393,10.812939550646627,11.458785702514907,10.436019909446653,9.627723417528298,10.489817803887572,10.044385380476065,11.922500390073525,9.100384308916071,8.166851172142703,13.511681638334109,11.621026254704464,10.444323196683241,12.17052178805613,10.991452971392352,10.705314262056438,11.130900158182435,10.942473433182943,10.718874377967873,9.694737726640282,11.540922117945941,11.055094363066654,11.032005064189434,10.553390198751636,11.275949749690685,11.763410302122004,11.234301031445682,9.79034559112852,10.669890678123284,9.647632268621873,10.519458812499499,11.590887700329011,11.86721812642139,10.092187430223694,11.070376744412858,10.827004149637144,10.443527361297091,12.175811504378265,11.047799250057839,8.216948447830003,12.228602631604701,10.138505705865102,12.63603859042506,9.302532062258408,9.994672420475146,9.740805929769639,12.512165323061783,10.017055330352616,11.063031276181828,10.685539326752009,11.000738928337462,11.481406515099756,10.138735026445076,12.307712912397538,11.769763177422728,11.266622100698601,11.112184062843095,11.138981939516155,11.677575763841363,9.366275208475797,9.724052933895072
2055,9.13027100734737,9.42587469631563,9.989440599861352,11.29063892984034,9.73363747747372,8.957574950126205,9.729344209332183,8.788618902149407,9.445698445419906,9.370985725651618,7.289868591353298,9.41424020744212,9.333448660438474,8.647164095031178,9.66221061381309,9.927062172442676,8.94495938981519,9.088830689535193,9.215806524431255,8.112148356664438,8.81413475857319,8.662460554553116,10.37985818055661,9.400501840626418,10.132717116047509,11.530464848584458,7.407874854362533,9.907222947672656,10.017604862866195,9.167755674894739,10.962723961666876,10.964442207720937,8.683641041383533,9.324637387433778,7.623678148035771,7.312396591853189,9.181932122406106,10.008992868111187,9.21622380727659,9.36623407220063,8.57225793551492,9.118068664820624,9.773547899058983,9.496373634461477,12.0788645018702,4.864737005823334,9.936884277621688,9.9648062541433,9.367053934413454,8.63070010120535,9.041102001848426,8.374654768844659,10.223357791971903,10.944383914865881,9.21104027217497,8.927223777297234,9.479332473695928,7.520994630217066,9.111869013119167,7.118168376224196,8.319822732116219,7.791879276299606,8.650884119064914,7.35063912217384,8.549666339288587,9.706923295622287,8.792306869007321,9.852978739887478,9.95980427098339,9.858019410592059,9.291400992028093,7.966171110534799,9.028167442945037,8.963407230178788,7.656425481155997,9.409054312369097,9.434590651491737,9.130144413398662,9.633161917652775,9.375351021147294,9.254889466921275,9.199055754458128,9.465868338132685,8.395061390879361,11.838878526635794,8.695100776203303,9.46124697541413,9.451920253670085,9.468037323459338,9.288834084797163,8.756237856719803,8.518034795461142,9.890304016354287,9.506590052791264,9.379237780479064,8.48454404525135,10.280781419988235,8.669049885123968,10.323105850175995,9.754086310286885,10.107336672225399,8.655018286050662,8.976462398412764,8.556333895448757,9.243288832757136,9.069456889739502,8.264530330734411,9.375576891571933,9.47338231434317,8.429471830149062,7.33761634158335,8.917968244170366,9.04094472989116,10.246694004689546,7.028695250079661,5.812589353841285,11.46124315520992,9.698219042170146,9.18373343186534,10.29378090790757,8.654628177537866,9.20924465406848,9.28745924940576,8.73219926882049,9.187066744567586,7.999709469266236,9.576760229047228,10.015970354008934,9.699838088258456,8.771452570253091,9.643701516618227,10.327172992022142,9.16043399899955,8.813154600398695,9.734900161057066,7.454404169167187,9.183830486246102,9.730515240327174,10.294994330276614,8.914867499276347,9.620734188543713,9.423230054909768,9.077450719540535,10.032463259954488,10.037327616111092,5.985742490009767,10.245811336714286,9.137888103156634,10.552670192297388,8.295350842420822,7.80632332722535,8.645807437254524,10.525368716405787,7.801447506508104,9.536188153377937,9.234803999247761,9.467549776253495,9.49749031322806,8.128349739410309,10.191298047161624,9.699527662611851,8.982767496419989,9.0162707264029,9.570937007951612,9.57291295111139,7.3010193976047235,8.817652340168538
2056,10.778497303633586,11.604967598712236,13.456203769406546,15.220823546142686,13.448345073539278,14.174405117559692,13.701431750603344,12.231342858756365,11.42488794449879,12.904573852682246,11.659672386853192,12.155986673158154,12.529995962329533,13.0478293120813,13.720632521369819,14.057813447819134,11.617973770784294,11.498854848353758,12.132193386554716,10.668215623975772,12.804341981875831,10.96123938230069,14.766047279471936,12.474919362074658,13.885335227859244,15.72692051011583,10.846503255807832,13.335201933979988,13.616493626781134,11.977020981762072,14.984044809056368,14.267262461716713,12.620393003933714,12.253427606237974,11.577480809358148,11.503026607122434,12.510379175453082,14.647447677248199,11.252811088510182,12.149316411971558,12.416419078150524,13.088587071341667,12.764549877009932,12.876158883633178,15.390730772329418,9.109059894282836,14.081130462820115,12.888289553356236,12.227544756444251,12.971918187063675,13.248669025564123,12.6880227961456,14.089100923794124,16.30245623891445,12.34114110550803,12.650262773036957,12.940349091978174,11.585800799014779,13.477991045655118,10.806092800005626,12.22448090285711,11.646798415028533,10.650822211218918,9.902364769505095,12.32745590595448,12.7410825336271,11.497296545249617,13.673191342340866,13.675012829511061,13.610892200518563,12.231834576890359,11.37286584063069,12.42820091482819,11.200646551568871,11.676683955987837,11.302502243698616,12.810579665491112,13.169702623930311,14.866139363983404,11.980183715081733,14.192057347006124,12.684299607639728,11.487725979608038,11.786619083308008,15.213993811089063,11.396072289542014,12.39958848431707,13.72113647214745,12.513197416682612,11.716043323926305,10.917605866394615,12.202131038005266,14.420420401851125,12.728214597440855,13.373194406861844,12.386462666175293,13.833701684423115,12.07837379011123,13.978269747741844,13.715251961156081,14.189138491678497,12.58640854562754,12.386182055525156,12.333155792743048,12.525316826027375,13.216047188477166,12.48839136565347,12.457736292287057,12.869804492949147,11.80748051538578,11.146796684550202,12.615201274418963,11.043407944233522,14.172807241911471,10.515424951182112,9.812526816583201,15.65386330044788,14.140767866745593,12.079021219326103,13.821671893739184,13.046617661400333,12.225566681798387,13.411427416231321,12.790573011921802,12.76603107316338,11.739818840287626,13.038409375950051,12.073386544766636,12.558781501472646,11.915136302780846,12.744668744180515,13.72316833468073,13.040730326719908,10.79184714931509,11.548512677945526,11.550555913304182,12.0070405592737,14.009128072177589,13.816868680974716,11.33413792409651,13.03640399063411,12.390849204167075,11.931657755018572,14.111366932482827,12.007937651775459,9.780098634245606,14.00409274629277,11.14685100835303,14.489445197841398,10.307475400116783,11.458855124544757,10.907593801212698,14.355862990993526,11.91150945522215,13.201984805176442,12.678822471071845,12.812138499125194,12.90863193101857,11.582717796544665,14.158394793979825,13.687134375846343,13.34718770404225,12.973990422552047,13.319589656980146,14.46341660991311,10.92489032495929,10.693765126654636
2057,11.070327887068624,11.76402171116079,12.970732240573216,14.913324988406638,13.113803890088333,13.952111883007962,13.220828087433524,11.968439369098002,11.68304557944446,12.655176838738436,11.442025644299779,11.933062082075555,12.089718326278357,12.325204534527,13.228745086037597,13.53224587051765,11.40062849895786,11.341474228579065,11.864138182738555,10.82847265721015,12.314210831471117,11.059325581011565,14.367528872645417,12.075655742831852,13.629218218119252,14.867729404698252,10.541981939550327,12.86958994619225,13.505995014439458,11.771247109641205,14.701661581578465,13.968112007431362,12.133052894602654,12.02549231797457,11.40969818464035,10.925521440642035,12.276308372778738,13.786243169204049,11.356314824975058,11.937174083584026,11.878909852416458,12.651866212487219,12.492150094198143,12.634097013784489,16.12161542540011,8.759416987755055,13.972920200099118,12.624634495247966,11.977991735805642,12.664352513201859,12.74822019396917,12.34716392227489,13.656687168971354,15.80546188224917,11.937089136113293,12.33292113698048,12.496275319515366,11.384774994591009,13.094727222443277,10.486398903653027,11.710843294534993,11.314939240601078,10.886832362607773,10.048213409988774,12.16974627680105,12.491604381929278,11.315980720333757,13.257859227449998,13.442351224629778,13.227112597745394,12.064135309956644,11.119595520522283,12.060533198204054,11.099702324556269,11.112589112442475,11.572530837324654,12.429008013204388,12.575621249802088,13.596442064513328,11.799498906925969,14.002022472412687,12.44094526492383,11.609004313531132,11.483458314576879,15.990070472592901,11.254756860414767,12.168762147102669,13.114647147448167,12.24315545319215,11.582990032175315,10.804889449606774,11.641669395420214,13.665199141139572,12.303268115157666,12.902553168327913,12.059804563451072,13.464204868544703,11.811149508570848,13.612183474976083,13.138126859724848,13.835759674725326,12.140589003653632,12.13097442087272,11.821229699189248,12.321711322940562,12.69594497283232,12.184732082745303,12.184686454903822,12.631110148747325,11.592863142814325,11.00631345784211,12.106042436486032,11.29482377069476,14.014146781486014,10.221699943917846,9.562102208081027,15.300211864969008,13.950321272663448,11.709720471630925,13.459482524705972,12.517697116441056,11.97663569936286,13.098738778058603,12.49845057466756,12.248463479802012,11.19202809335421,12.758637447719993,12.255865868019024,12.31104373559356,11.825533240466662,12.493478881924048,13.216050070265066,12.58296186120614,11.028470855287239,11.839919478187095,11.024165796480428,11.788707634029183,13.864124434149787,13.664928695429927,11.196760198344355,12.565874493640404,12.152817945441472,11.727929491873669,13.614024234854659,12.286632524884265,9.471376079094156,13.646209610545123,11.387573837424105,13.992384273072947,10.56004588354541,11.271386459449552,10.755025752212692,13.993029506310172,11.384984997546546,12.6640997927069,12.193008974194525,12.502912315661495,12.673566290217897,11.303323040513893,13.702656415493593,13.29942997383035,12.750407188184278,12.51557774776998,12.771812870815072,14.289198730464868,10.590862824703041,10.970404543630456
2058,12.18133737843322,13.109227670923525,14.019619926081404,16.290694381879725,14.080801921208268,14.996234921333587,14.255009737351667,12.82787118204262,12.985268735853229,13.508776064840674,13.015607955501133,13.278725048689093,13.022434743202249,13.492606695822403,14.29073361825684,14.615480815262899,12.728149670297688,12.526103569437629,13.2841763979067,12.191241821155218,13.361230357185656,11.854617813359134,15.684880653801176,12.975493955871332,14.45133165561635,16.250024629675828,11.38986138254404,13.868584703897005,14.167549669742584,13.154450453331934,16.08526569345723,14.774398970863098,13.17199054813903,13.480992310842415,12.827168512927448,12.05836158229605,13.158395877363589,15.164572639957719,12.499604454506999,13.321687043057352,12.983082683999902,13.676228463001873,13.890121047587503,13.455287354957804,16.608072322347894,9.777312029800985,14.742224346036496,13.911502747755984,13.376352804389011,14.324146262977436,13.860447873239927,14.009197673071988,14.66635044599357,17.694716368032545,12.859281131106874,13.51205739484209,13.630271132873451,12.841758786052797,14.158258154016474,11.361096207100559,12.811618310439846,12.201308556302182,12.205187901652057,11.423100037824202,13.514194067395499,13.96681938190823,12.642940736335257,14.256530910082486,14.151901778967487,14.170213227362737,13.187843021734256,11.961191153396733,13.578603012730246,12.17565781655519,12.235793899744749,12.810714293514257,13.755522745135037,13.755169892035749,15.284625561340993,13.094848811950374,14.988264296664452,13.267492236164601,12.7708446930932,12.314592113961346,16.47752566441246,12.62423538574545,13.612345203109411,14.21338868789051,13.745864008715303,12.75271995171257,11.856843383415885,12.747177726953577,14.959688632060649,13.250802894001426,13.938885296492472,13.009151758059215,14.382026535985263,12.648702627776755,14.574374408825584,14.29219328126182,14.801018357600855,13.202084900892299,12.965248881636757,12.900476163101342,13.185452159251208,13.79136293672997,13.7781927426872,13.702450348609686,13.434840698443034,12.414541104241556,12.416434592526894,13.206962664328193,12.62500438029352,14.76101309320201,11.081264876517588,10.886895435902733,16.7599635746168,14.820160429762755,12.550498666970629,14.367480869364485,13.658773383854523,13.264239292429846,14.141555811399998,14.046200710794205,13.327573206417426,12.296603183383532,13.629356584471205,13.510997962449558,13.691937960684301,13.004424504935743,13.603034616974385,14.20693335714548,13.60615550435108,12.330424324123431,13.044395211598145,12.137757907965748,13.190023531084476,14.678267354550568,14.323332037614739,12.391402587456549,13.582668333273869,13.61838183519633,13.143312043105455,14.682714547152104,13.59171916026136,10.475203644565267,14.611702303199667,12.71393951828308,15.03207333450732,11.885328175629104,12.411553253399449,11.881920456157433,15.089630853870645,12.499912858819185,13.734160314111605,13.206772384760177,14.139587746204246,13.505436191092366,12.133819245449875,14.730622291564943,14.497657790780067,13.912075630996538,13.611236036552686,13.865542842642121,15.249858421152055,11.418950108730275,12.20822846593902
2059,10.516236025030201,11.330710298503222,13.05706806547697,14.04358866162922,13.000810205936432,13.044820137240967,13.209356015143188,11.64130745884841,11.135019245975064,12.292338068070618,10.64339798087578,11.89995939815012,12.114127204227058,11.6882448711473,13.18954385784657,13.512350394289292,11.359444066639178,11.279182262880644,11.822517094910955,10.232276254050111,12.345145402881114,10.563952146664912,13.885572962462902,12.094639882769275,13.1041785635702,14.616031333156254,10.261545815221643,12.901282245819662,12.772377586883048,11.733948181018881,13.815435710160628,13.823125532139908,12.15084516127472,11.985445173659727,10.7276320874934,11.013206883860025,11.95889573560461,13.567364908093035,11.019053374619592,11.902627268725121,11.965370182838779,12.559518374178726,12.475590358915964,12.316272557267677,13.62028904583143,8.359493613486057,13.176568339700289,12.599994764177376,11.94545380074693,11.807396300460981,12.719581858295467,11.601264007065609,13.607057027194811,14.633783578062834,11.957410513544863,11.775795599364717,12.538862424376221,10.663653437858045,12.730334894650658,10.117060180065097,11.801211379468443,10.863657440180367,10.355605767128749,9.4745091104718,11.504804155667836,12.44890027979146,11.235818860930925,13.219834745902082,12.69038817416067,13.099923512210019,11.913420169249825,10.820604917795762,12.029544348787999,10.993348432218903,11.226133357814476,11.009540072277836,12.433175394918933,12.650468715507056,12.646231832711589,11.759103141725065,13.139679729250144,12.047844400548417,11.253907222017324,11.190062780621583,13.451298762922706,11.201090820133686,12.132424762492757,12.51446916341134,12.218215054356618,11.502935769603305,10.70919997536618,11.75371328579343,13.549242051075334,12.33227908263064,12.900248436986107,11.692550507252633,13.37538718909997,11.482279684070658,13.554022811586037,13.204875268366026,13.446943395082718,12.176032941626465,11.78436726639452,11.891017276307808,12.009149440280769,12.673226707331514,11.41615434893934,12.162337017933963,12.278054261792693,11.266159824055176,10.367107896903612,12.190488644106237,10.751268204949474,13.28571931467108,9.945314605274929,9.011110378348306,14.359504264333975,13.143120168829746,11.72002363561288,13.361401048691379,12.463204402071627,11.869052916005987,12.690938222728187,11.733257051071394,12.34967196951418,11.314222474946927,12.470936992732087,11.816518957362229,12.28047564637888,11.356827300872009,12.3222411532036,13.301150623607738,12.580729395839505,10.484809755509636,11.28071925612976,11.08683296722239,11.758809884878529,13.05199932890094,12.965625978034476,11.121843780836336,12.613550310873473,12.128636453756252,11.697138738454038,13.586158010784704,11.721731719115503,9.098188640347315,13.53629184190346,10.846946453736368,13.997181012254694,10.017203271631958,10.76968630306099,10.686326306151308,13.687172773091687,11.46358680389012,12.720977535268862,12.22073032868945,12.476626023650175,12.312686024562696,10.974537674418611,13.672021868517222,12.954674260528838,12.753390015467357,12.447169994530473,12.84167947199034,13.41199115598979,10.18148569584541,10.355289881158134
2060,11.34005996119231,12.288409948834909,14.71253475546837,14.895257511864537,14.187737959234616,14.95502771631531,14.562509709726209,12.316522053483391,11.976263069021313,13.08105555559387,10.401335516701574,13.214793739759406,13.74254342103782,12.307269964529121,14.607608997627443,14.924024969339373,12.654333231889684,12.494570767425973,13.190430792777434,10.764166452962423,13.652648399057595,11.744713843516683,15.076085617360862,13.65865195898906,14.688920938126419,15.57217731035274,10.933232746127507,14.514877676963806,14.226756504048472,13.070154105029676,14.674179674490642,14.996476946965508,13.36764859505322,13.387565164052399,10.500278456662985,12.329564145401768,12.69409649754348,14.862237362434037,12.123724317421084,13.237790625380438,13.4939156073429,13.86442695396102,13.824323717018835,12.998663372967556,15.509671789148584,9.223810598092236,14.79315608626475,13.865507470848767,13.318848170664001,11.680695842141693,14.16088049672544,11.39817372158817,14.865590699664926,15.776995207304543,13.59900680864635,12.055584001638318,14.195682305680672,10.444555184945628,14.514530614342378,10.90111737662633,13.232159457776858,11.777602917960156,11.188933663070204,10.008541183708155,11.333582618314287,13.84974018322385,12.592797333779542,14.439112503891414,14.339216009430261,14.222759529948235,12.927232325400995,11.469528508737035,13.67618175029107,12.17897876481647,12.581844368220676,11.86257348322998,14.04727424762171,14.537805576363336,11.825942272725312,13.02956458553672,14.937006952322047,12.799766282753453,12.272564811389087,11.869499654023224,15.369825645633371,12.480041204020381,13.563408674429295,13.173347304696625,13.681696153448328,12.719771615512995,11.860664119539056,13.429747553683985,14.951844056501336,13.971966716582363,14.238347565350326,12.68540844321251,14.611665091922749,12.158997606202638,14.696573635239316,15.08200230093106,15.068640598136446,13.392580936298423,12.4631554906297,13.393618598985283,12.71358359443105,14.064789478302652,11.219235613942146,13.647840684198815,12.984493408433124,11.914373531937601,10.200306421145799,13.862854971914835,11.581525745801626,14.716510977393582,10.620285019440496,9.039999689420931,15.257264146338338,14.830871357380047,13.275389325359596,14.557160926375376,14.005156272779338,13.074286267242357,14.2701981952009,11.574041304380998,14.02603003943501,12.91270748266707,13.213347038821034,12.747322655201925,13.594036638088848,11.80140997104995,13.299192048285317,14.854650892965173,13.82256296341834,11.342147870272724,12.111534048965124,12.361776041109925,13.121166088658828,14.687519181033837,14.424054465864021,12.368915817457378,14.295620204151973,13.567397900573587,13.068709540950215,14.954428046860775,12.571567135012668,9.681660057612412,14.758555719062038,11.694718872399436,15.320530608782303,10.842097615013303,10.918688925550038,11.859736617168657,14.788090666594067,12.73732451973078,14.519517759104138,14.00054206290161,14.026931565092962,12.980935944001311,11.680290745955933,14.988134777740289,14.022141874646366,14.236870898662705,13.630864234722184,14.590731336046822,15.221435957304815,11.000966735022223,11.276872670358943
2061,11.31036415574668,12.116293663563933,13.74128527874532,15.234717975492062,13.769242966993023,14.644559309534406,14.077560963028152,12.167209052602233,12.009925206232333,12.891855403077601,11.739463286717301,12.332499192642942,12.722133924131812,12.540510670241456,14.074346945661565,14.405845015269259,11.755069865642685,11.67877233028412,12.26673174293145,11.178961551545758,13.200851066442938,11.229880301848699,14.969576417427996,12.671129953602088,14.137156714563789,15.603196696094844,10.770009931257885,13.570813756274143,13.857077318689102,12.176853408328382,15.015021013176964,14.535186202629752,12.956146911110572,12.428317302331815,11.769681598505251,11.842791718309343,12.456357189818569,14.632197231378246,11.599182430492794,12.341730810620858,12.716089499223495,13.412931144561457,12.941169846479017,12.844526045292657,15.643840504729235,9.032494876189563,14.484977628873741,13.068441217846196,12.379879786754437,12.986099055502562,13.64314577631329,12.723203365974452,14.417874997562686,16.208330330641378,12.585129419098733,12.584824865278993,13.178512792042254,11.711430393807266,13.845284836771699,10.708240793896437,12.556281538032321,11.525127936640512,11.236041314150816,10.411856045865495,12.531276686521975,12.890428192225164,11.643786111441644,14.014408498840487,13.75859835355178,13.852005470220162,12.371153017182067,11.329976407952769,12.538475950248541,11.369618323834043,12.00596701471216,11.86803934107656,12.991644655857941,13.413652356228102,13.71023117200188,12.190145217854042,14.670627418419588,12.62624146671885,11.88397714349887,11.684889447956309,15.527803156686861,11.654483556342514,12.584635364701569,13.336980584522955,12.680535622588968,11.898590818047523,11.078504215116087,12.43670920841396,14.592084850630034,12.96643005765003,13.761954483960798,12.395387666623877,14.150157373590886,11.992671421060905,14.294738065613354,13.950597047643821,14.523456485375114,12.967255941875603,12.297216958811749,12.635389366308635,12.492964498860681,13.53860009850367,12.504579309441159,12.623772442958359,12.818464763705498,11.77093689362316,11.400841734007649,12.908636631529196,11.638310923848463,14.484746062237287,10.465626367732236,9.897874798129681,15.621535829875786,14.496718499971477,12.306562296722248,14.111297903825408,13.402489000931384,12.319056134347036,13.768820827421937,12.77440820017364,13.0353783281601,12.026587624548249,13.030786510556934,12.57411404569512,12.70940134528539,12.120621817753369,12.788195678478354,13.953130540640458,13.38632314182494,11.363731087385379,12.115683436555704,11.915300609300965,12.196069693273829,14.359239544557488,14.013306415599327,11.521224251259929,13.28118809150613,12.580839694113187,12.137603490815863,14.462128169510676,12.605517991858985,9.750935863460537,14.322930503596107,11.73052644405676,14.851738062039347,10.904619437439937,11.574803881387677,11.047032913436064,14.567527992569884,12.283581535777317,13.418482165178787,12.902315173460094,12.951371044487415,12.818824131142993,11.514589433598776,14.527964163571596,13.907938616431277,13.67601797875503,13.273286765633639,13.555854480227698,14.93752672361291,10.76839616505996,11.2461084595517
2062,12.07421456536521,13.01538177320491,14.570761935785415,16.65365879950316,14.432533479741089,16.414594857265126,14.691681947397154,12.858779802594498,12.88737510241892,13.590242462394675,12.66066306981299,13.22170055576641,13.50291910686571,13.526470923715317,14.674799959296765,15.0550946444273,12.659487668424847,12.448146645789564,13.249255182950392,12.045645433032643,13.811059247054489,12.105089389759556,16.083085547322817,13.410527877833538,15.300814737444343,16.43288707214853,11.394266864284873,14.421748469381233,15.061253239279209,13.10007474830617,16.455176586690158,15.055622782396236,13.584218539297582,13.405757383159969,12.592715563009612,12.534333714972371,13.131188128305519,15.4864329630914,12.343669209953235,13.242462438976633,13.52495766520176,14.05084815556589,13.95163418158241,13.496643288789889,17.546731990316644,9.83639951957309,15.835062091765199,13.997179553236645,13.328332470001088,14.080008191097047,14.310878354894081,13.798703861949237,15.046745633949406,18.19250543480334,13.295479633561943,13.480206560829412,14.06419411560763,12.526724187576258,15.105010828622696,11.41497996562849,13.300369441671217,12.277956354877226,12.11259948316476,11.262492901605109,13.28626641712111,13.941780573000079,12.58097807609517,14.633190913368827,15.052785593530404,14.490276955473037,13.147062120230302,11.957186007791247,13.66434660651114,12.073997335589453,12.725469402401991,12.719928335560406,13.97695393989916,14.411401223877204,15.08979554279991,13.004006780360056,16.315344054089945,13.314354871440193,12.641035154137924,12.314809672858406,17.430742761363152,12.548854724868487,13.52977112243357,14.248874216105124,13.67834561739279,12.659204859448518,11.768806447153509,13.3521853659464,15.343461249185646,13.726618435719743,14.373863768601874,13.135162515484769,14.687246226746103,12.641385640787044,14.929756765132366,14.9300297394233,15.745432748742727,13.582455450102039,12.953456730905758,13.442121113043115,13.146443228358807,14.20329144111146,13.54304446960273,13.638468211111812,13.460630599247377,12.39935547988052,12.199809404494967,13.786721777008927,12.52783016188313,15.829119283220047,11.102970179980217,10.726924891057225,17.152357977369558,15.9739326743976,12.964188552421074,14.695813937031707,14.062470526151033,13.23229255915984,14.948827751385782,13.83165893039626,13.915037924504798,12.868385533984432,13.70227662563,13.410791737877805,13.66750880500869,12.900368018480746,13.584466651729915,14.759121762345666,14.002135196781682,12.240962470193274,12.93393820070702,12.582436759834705,13.111478239945749,15.771732483221141,15.157786778781725,12.301128267624378,14.09756110252246,13.532850373050445,13.08452626414921,15.108133748173719,13.486732792352205,10.485443007848835,14.974054468066797,12.622052449247114,15.471839246542562,11.777373997737529,12.2911378958303,11.802622624551473,15.452872994153395,12.929962308510493,14.32599514172129,13.728471398839487,14.113323507425578,13.473482926902564,12.156093015456976,15.13810245336398,14.86501224403796,14.364102033716021,14.004460445564733,14.469933451193835,16.55782891032489,11.492941864563722,12.141566716782423
2063,11.508537506117769,12.37128615427924,14.30916273043207,15.92830673306131,14.391147190441746,15.317774780681765,14.803960712059682,12.991432508048804,12.126800315464722,13.76683304750401,11.982966661777196,13.062512378977692,13.373077382212095,13.816350161786318,14.829820443754613,15.162848864560546,12.470736942334991,12.358601181828616,13.03899668092313,11.251450294061847,13.89923014864326,11.64464130997658,15.688773007496543,13.287872068421999,14.780676053917926,16.41390727071659,11.614368103120643,14.140674995339435,14.47986728208058,12.890398341676468,15.68214369468067,15.181259552421773,13.651120311864045,13.191197177638179,11.850077764981467,12.562005235894542,13.288132791523829,15.6674621882646,12.13249027421293,13.074001283587323,13.270228320692226,14.213075007372739,13.6856947623664,13.641974065452814,16.36689165882442,10.137104048353176,15.100935570571734,13.735763217767948,13.143632652521458,13.390273316722851,14.446612889999926,13.062923364179293,15.062038920171885,17.16105815897817,13.24627834558487,13.271308697436167,13.81916065491817,11.85310149512699,14.42966432675072,11.698582375219662,13.109215596690776,12.643843554527216,11.337938609573502,10.513972445998505,12.558391718274878,13.65957483228134,12.399591722424425,14.623624967897072,14.503921658266338,14.611131967409797,13.052789430093508,12.14517215044117,13.408404470785804,12.047038543483488,12.640331410681428,11.999950906686973,13.718198617191419,14.059322721628549,14.619551899640452,12.895318932831287,15.279329261054164,13.538005044926773,12.30328702861848,12.507345089445947,16.227679030402847,12.271806311996087,13.358720767352244,14.526211633873379,13.477194914351339,12.572651341051351,11.732225444653757,12.999675698092453,15.488406683763737,13.607513049050517,14.47249494622583,13.425644487345027,14.818813033563936,12.834790543693561,14.850767014467198,14.624220349461494,15.07055898723395,13.549414874256954,13.162503453781426,13.26671158635746,13.276906757605383,14.289177226307599,12.858975056801803,13.424191976371025,13.66295984759927,12.588110468957737,11.44105452218134,13.415332508313915,11.73421562916559,15.03787248290103,11.32345649794392,10.324678857203413,16.350976200207416,15.13101861690698,12.96918891111146,14.764779348614747,14.244663381220207,13.098772634630615,14.31758407454776,13.155545700321222,13.62846113389115,12.625948286311624,13.823675428557655,12.851427000015976,13.420810378318572,12.452357396645391,13.540758897428931,14.474851233155835,14.022240025811307,11.476916594673758,12.273113830096051,12.591966586916342,12.921871196640579,14.97997924815054,14.67055055563865,12.215961811821101,13.907588228340387,13.351048006635647,12.849555182068242,15.159355054730954,12.746581343367048,10.591548418828651,14.963988603781104,11.850122196356887,15.535885463752178,11.004274686231566,11.938492859349303,11.718458737408664,15.202368794575984,12.931403132115046,14.106782209128147,13.621084193172662,13.79823866389368,13.655494127999582,12.371470780962188,15.199288449533608,14.535468485044401,14.468220931275386,13.890303073552154,14.16410507763858,15.568704101702444,11.839421236644618,11.459915812653692
2064,10.950165458995363,11.806684765640808,13.14894951570212,14.657464786716131,12.941035342605215,14.044451210161913,13.081167101779068,11.271381400728034,11.693580015198044,11.928547907134764,10.959528132898575,12.02860921499846,12.196963223588208,11.60999633825344,13.05891685544149,13.3851112752505,11.53678564063233,11.37847552181262,11.990933386851914,10.736128821361651,12.206604870198216,10.92875222699798,14.15255314986343,12.167272786852784,13.669163393585578,14.83993445272031,9.869287227644865,13.01804813641407,13.454389243022256,11.893873220495621,14.4666247639967,13.720696264634961,11.973540516833413,12.179108359405529,11.103214557728045,10.85945042773434,11.634664359300032,13.61811906909165,11.26084869435948,12.06379368139998,12.007844316975575,12.410175243311603,12.595815161971942,11.92045899344426,15.73818946921307,7.872240585315483,13.917122469000192,12.688502375684354,12.092165173881734,12.162533526673265,12.60869050803392,11.942303509006036,13.500538991197296,15.48955428308767,11.99813832587603,11.73659766416835,12.657364855803872,10.994407242589185,13.235678255973058,9.696823718026282,11.783217147478592,10.412017107009888,10.928820835831377,9.962809483581422,11.884242580879647,12.622180875907047,11.409675822552785,13.12520846270997,13.45124757808188,12.891481498661246,11.855823183027299,10.444846620135335,12.24162866110387,11.06825609039515,11.13891056406757,11.537023119790401,12.586442217878675,12.774797532251917,13.429929317339605,11.888920870326137,14.084756583820663,11.646666278151557,11.532194864166824,10.801172629403677,15.586060503254766,11.410383008582441,12.295719499983218,12.3212266749014,12.397593830266725,11.587082897505278,10.791162311706856,11.87732800031486,13.548277137517605,12.403644566950591,12.764043879249826,11.29759913796316,13.272331566914268,11.107056870712372,13.470702372653333,13.30630743945063,13.960897043671299,12.053004178663958,11.398065490972089,11.887371022092264,11.683337065107796,12.564851210655078,11.7248061824104,12.359373259196138,11.876185138750333,10.888753787547339,10.730534972663483,12.319457120221596,11.322797041548336,14.01363404159961,9.555310781073311,9.100800482637212,15.042670971673473,13.989598229335138,11.74453407526016,13.27838493507032,12.33931843385748,11.913442494752617,13.177932831823181,12.021873366249647,12.442579888455247,11.355235004919054,12.119104118207874,12.207745017564818,12.430123414520336,11.54461433625092,12.204384291301608,13.37739449399321,12.472253989347294,11.066728298025938,11.756199806928635,10.972705373621505,11.924907687403584,13.862504391404597,13.627278807370562,11.23912356486139,12.700355086637584,12.301727945470942,11.876572368585547,13.446045388346135,12.269497453073125,8.780339686119044,13.464101321347384,11.423049656431312,13.849376421097828,10.581706191210644,10.835927638594752,10.831619681709494,13.810623043621685,11.326012215091161,12.819906628589429,12.296085217886645,12.691476433173472,11.929857178226763,10.568813076080838,13.550258455069173,13.14124008332906,12.621355046882577,12.407397860175246,12.948657578788698,14.332437514934849,9.754131809848806,10.881155836355433
2065,9.859131397436498,10.330724977361767,11.260130832862595,12.893374088665716,10.99436829842465,11.51817457313123,11.142958034963709,9.876314998482881,10.305325234875733,10.506363635477813,9.106289885533243,10.438840710598491,10.48810316314516,9.959674957653753,11.058680482451683,11.378546862822517,9.910285400368435,10.001691108083595,10.277136056562483,9.195558597212253,10.25762917652078,9.554309619469162,12.036229006723376,10.512515802179344,11.867194270310199,12.79385338140571,8.50864448754684,11.179986222925518,11.755187784928985,10.213978840807536,12.658421494714592,12.085205463287627,10.081620083230993,10.396307320253038,9.312328601417983,8.797310504090529,10.235552355505366,11.481231426212773,10.047830635114854,10.409534278447211,9.957488592552101,10.512223090166634,10.850811416850144,10.582898964333218,13.31306396748709,6.231512563141145,12.010404451385785,11.013178684141323,10.406890221830945,10.425277567428093,10.537042834512564,10.19016127029191,11.564452618765442,13.174858142500343,10.343760229161251,10.300589834562624,10.723938613603618,9.217898992497636,11.015351006194306,8.286444891244171,9.739531930050127,8.987561683291974,9.509842273981675,8.442376104790881,10.168140622503733,10.785493366116578,9.76557493982229,11.19761496717515,11.65482067956043,11.158273525859999,10.317544133037979,9.065709519159535,10.207689506103003,9.802312060542727,9.101320175049098,10.227761370008404,10.623811914302088,10.586656444139134,11.184091882861182,10.380232747806156,11.714782256739333,10.291362645833388,10.299117910149306,9.468966946977638,13.114231768347647,9.708651010756908,10.534208353932788,10.760918806752436,10.568304247121606,10.190800924542481,9.568065002236674,9.853914164431881,11.37955718519895,10.68091393229754,10.814112206030154,9.740109045463411,11.49964453826618,9.733841467486775,11.596639461126983,11.185039811403213,11.933536402759671,10.076822114541482,10.039322436827684,9.915713977412848,10.299832240597388,10.49529505925982,10.014848326241763,10.490488708829101,10.551320516575206,9.519773204851413,8.959980773051148,10.270728969258139,9.900178814711783,12.144792748210225,8.161764172432216,7.392033169855885,13.197949807766987,11.877698400624745,10.235452896712916,11.4980988930101,10.162710400703162,10.257681506969357,11.091010768695373,10.395822929947272,10.496114782341152,9.37256221813352,10.672709726121113,10.884047300109398,10.726679053805448,9.988782221499486,10.678552191421065,11.561093660152475,10.538715659924174,9.654698932138476,10.533551587520734,8.920650799313321,10.2218224699609,11.822485905950485,12.020375844091179,9.83067302385588,10.84964991911598,10.513636980205774,10.135150570138967,11.456157514501527,10.908534609024292,7.281694659558327,11.531291261315348,10.005569005708981,11.950407236490562,9.155269137948103,9.232208726158285,9.47643109030374,11.932745875547761,9.277944786069186,10.863184504210949,10.477783086507216,10.655473540375093,10.546381958638845,9.226314796661233,11.600329383478865,11.223239201525958,10.48934397765476,10.454197325257832,10.927030540759802,11.985149457402851,8.412128556205932,9.60858817592911
2066,10.530419425471969,11.19982741586864,12.55647077832533,14.357197504976524,12.341267989705436,12.983033496400584,12.467504409425286,11.084135421349297,11.085546113712637,11.728373493351372,10.952206387468008,11.446197532279337,11.659328584599752,11.649994443940082,12.420484554994365,12.747920092114285,10.933071020666674,10.892888038702633,11.365277926235098,10.298867732286453,11.595219837830012,10.402405791794477,13.60036193150217,11.6526011618907,12.943533911005316,14.624420790568642,9.664049662001753,12.425896806338718,12.738384053758953,11.269566365598664,14.12458836643592,13.235791847757671,11.40403814273684,11.509096215600557,11.07058350790454,10.195203466583854,11.375590454625046,13.290634845342975,10.82151100816934,11.446806379877353,11.345708903654117,11.841239840845054,12.004589659728754,11.748608889949065,14.708229044209359,7.654645004026268,13.142119905223018,12.13256919379954,11.471744017027648,12.242471687414726,11.934305721812919,11.994600750505926,12.895248555540332,15.064646605564205,11.504260813412461,11.715087590820115,12.03203113279913,10.970812669104856,12.403481857446225,9.521721248231508,11.116166084032994,10.267097548865106,10.308662324981846,9.516976699880933,11.84599705664036,11.959508518971827,10.808452587858167,12.507855407245783,12.634035988994267,12.428112475120505,11.396878719329836,10.22433277624457,11.514960871604476,10.63553605390632,10.477704221787663,10.986115478627061,11.90542478114367,12.072767683669282,13.83289371495662,11.33192701605351,13.079356278414316,11.491049167173712,11.073195223575052,10.602500691240575,14.564682991608334,10.751072633474987,11.638385986990258,12.348574035355579,11.712337311114306,11.094005034993527,10.374663367138613,11.225415264701718,13.0573084856505,11.871785799729759,12.158243021320391,11.046851172233408,12.711814522905197,10.896441420216279,12.888555068684662,12.624595375326665,13.187079533443622,11.40895576418742,11.192432492404532,11.282290477224668,11.419065801669728,11.898376689656924,11.787190627914084,11.64581898223285,11.715963848542584,10.665545204249414,10.673057671636343,11.658356594326703,10.716491983636569,13.261135109740755,9.343348062516233,9.023203373603199,14.725000408680543,13.07931158213836,11.310094245102096,12.726575097393088,11.628537513639623,11.378041529056173,12.431976008917326,12.11062096358965,11.831492505643679,10.735728245714437,11.888035863830265,11.688838220808817,11.81851444053261,11.247638011999106,11.802281073254093,12.80776490457356,11.844999271647438,10.44727552657866,11.257584564549765,10.296861063688997,11.286289390986381,12.999491570841359,12.917440810929179,10.732432822008501,12.125407056194609,11.623687371935539,11.21869673393667,12.830883442707684,11.692956443633078,8.610140013629975,12.868789767765483,10.800045073801732,13.258486258594889,9.9662129389851,10.717323055733802,10.338570454603303,13.289009422792692,10.654351717144573,12.195739807399073,11.734297600169873,11.92153260241384,11.731515931127515,10.398545759851517,12.944129538357902,12.624349668141173,11.935959118332352,11.805572383753633,12.301751885725107,13.354047593377206,9.604661919824457,10.405681564837046
2067,11.778513420494676,12.738574773741322,14.158655090763682,15.586318762406062,14.438193834832186,14.895694840051558,14.705587190049497,13.364033236451771,12.562463784995286,14.025386880921284,12.667284401538582,13.12912990007064,13.144364929636536,14.043366535850199,14.756198076774247,15.086791754254829,12.58389713291241,12.376656167533087,13.139533869598225,11.782515538289495,13.822948186131926,11.644366556535601,15.571242586426115,13.084045482070547,14.398347509943923,16.543059509733443,11.944935037228076,14.002068993271045,14.03590447747189,13.010107276880229,15.355775112691132,15.092134242472445,13.651450489688177,13.328481390424399,12.561239425518105,12.560410777896482,13.594632612622302,15.592941999435427,12.175062162801625,13.16577191812837,13.265670612292443,14.122957003181398,13.768296264192985,13.989289984086774,15.234793896260468,10.447523270531198,14.657954306706138,13.845920371458588,13.24503951738386,13.94232851542209,14.314725612938085,13.66634562789746,15.080851298068529,16.6757697838804,12.995788366574313,13.589251225712996,13.720849382164689,12.559054309826182,14.203050089149695,11.944673563556181,13.156271696090696,12.827292691835243,11.784079741605598,11.020496181171875,13.278519971620131,13.816134891432265,12.48294691255559,14.669238785605721,13.955645320208177,14.638769747324938,13.308180542419784,12.494477905171076,13.478132973222632,12.01656364795306,12.662921044894537,12.392890945076948,13.747398446435518,13.94010332429215,15.278050269769583,12.936603686893768,14.89010722095997,13.802494353574255,12.454512866942782,12.84961817316387,15.109124131824657,12.468497176209219,13.464637550322905,14.761560042874645,13.597881871073142,12.60796340959876,11.707332944416482,12.921128833747428,15.429437119027838,13.377370144362034,14.394000626655053,13.592747007010747,14.749511112337528,13.172077330558194,14.944529749048147,14.468061619640695,14.830662692532592,13.645268294034478,13.480482339211134,13.190962145185992,13.618146532255668,14.244636721321905,13.415993399584021,13.561377686650857,13.964826370225005,12.923366367816925,12.148990799551427,13.365523216193138,12.18993428477046,14.676853751358781,11.642088476082552,10.879090215929827,15.979791801908746,14.705100162359686,12.692224969682488,14.724214763745017,14.147795276716357,13.257550099621652,14.11946514524196,13.663560030253038,13.486243503735123,12.537735902420854,14.137184587347766,13.148976377494952,13.548526545905549,12.970197428908685,13.782834115235701,14.38569959447436,14.034215601566045,11.912084633889409,12.622048503030902,12.609348139847102,13.037907984593641,14.558073563096318,14.189202238684116,12.23431037236815,13.72730544881652,13.470553298359333,12.99614488365858,15.149244672983242,13.151929328784997,10.93059334855365,14.98840412578505,12.289090240212241,15.50446723984636,11.452329307875553,12.498186291559888,11.72922277661122,15.152591218119085,12.98444478173295,13.891806352681114,13.354505148756763,13.994705062845481,14.010726762206659,12.68089756887892,15.175055969344532,14.463561647612115,14.420595578889813,13.929711020025225,14.039646457718765,15.153232298467469,11.999574455392102,11.798748585355023
2068,11.552768840737967,12.378740479116859,13.790488410255183,15.919972927674003,13.808024694090305,15.414976067517115,14.114036178783236,12.319557387442535,12.276927893576419,13.032729719967946,12.40000972281332,12.57436690868243,12.845344737820005,13.000431506044194,14.122376746457558,14.444213926144268,12.02625118260798,11.906599115418356,12.516353168565294,11.503856914846796,13.210040076271348,11.644869125407675,15.339934163119484,12.803610716177072,14.652768438277041,15.946461755296463,10.928593466463298,13.671042761077057,14.476191233033719,12.42823188500884,15.715381041817048,14.62748175600301,12.968868863080509,12.707909565540438,12.288823962859485,11.82498269107031,12.656204404471364,14.934565204641093,11.869540104399556,12.594764125087988,12.72695780318716,13.482124318004303,13.153449191671351,12.981461517188858,17.313279271125793,9.237550744209843,15.157796356988992,13.248879790832488,12.625059768557549,13.588124468922615,13.693621394224465,13.26463664420273,14.454750831684345,17.160225684228152,12.716305634249814,12.926267059924813,13.30834086077369,12.281624821865043,14.203548735250603,10.885735974363662,12.55710653960705,11.713485231461082,11.497180172930593,10.709024740625985,13.029019192569768,13.165282420328133,11.935831713935606,14.034764648131702,14.489930261736331,13.914475246616034,12.581852875083037,11.499841365477318,12.83902703743914,11.61065085556196,11.988593148796454,12.137780681900358,13.196648656269133,13.463102471245374,14.735783240069516,12.423130786914443,15.406500187904939,12.788782543846935,12.127373731006747,11.84325153536528,17.21931710968847,11.899419208340671,12.829795595420446,13.728021149240112,12.930119165740702,12.128607472647792,11.302619748789331,12.464162416432217,14.768874001567783,13.08594734642817,13.780303813841037,12.564650085471246,14.217042209013648,12.168585031839978,14.315822952366236,14.014104343950754,14.90584700716579,12.96896157858124,12.485190109106838,12.661269277010275,12.690560065857742,13.567006762665901,13.082405625073159,12.879953674050855,12.973631311046043,11.963758903778285,11.860634481777318,12.935219373392027,11.904757114208262,15.083233001439472,10.634866220107222,10.312760364588188,16.366984056389853,15.180643531939257,12.446442692176156,14.162509045523151,13.471135732434368,12.566135543965457,14.150808922298578,13.345288752051799,13.091747460481914,12.041272846576963,13.163453174997933,12.805588445261769,12.950663113075757,12.461839150141362,12.984842983114978,13.983219566552538,13.387517361537272,11.63470245314681,12.368725117538935,11.90395963710287,12.439065289076257,15.034829996202303,14.625906083894817,11.775730188126152,13.380366334772633,12.828578055552816,12.39396249316633,14.493653456478015,12.873081403581992,9.98081346649838,14.369992710326029,11.995130370492523,14.879517820866214,11.161806112590611,11.933343834851101,11.302221852800123,14.794054854175318,12.27334083130826,13.508381902523668,13.02608947715034,13.246781024757937,13.005804039254459,11.665822904395023,14.541105919558072,14.195462944714917,13.710558153769892,13.355098880503487,13.60631824689715,15.670111395742587,10.960966525842318,11.52296249114949
2069,12.338362891469966,13.330762331252513,14.612388542164927,17.415010638858966,14.6944606407829,16.833987032589707,14.775487847950147,13.059250276049841,13.28647890913746,13.683870903175816,13.053061904790612,13.22122948066048,13.519801808440167,13.617048969087396,14.862908277822578,15.180526371883309,12.765491917081501,12.390476385536404,13.300224192764446,12.477886160268731,13.875748075544834,12.037644755581152,16.59268670237583,13.449992655412013,15.533973631651506,16.88227920946868,11.592348662407504,14.519649561332622,15.320898538050445,13.151792948984589,17.19666188177855,15.234548319940982,13.689268137449806,13.503901867762856,12.904534744179774,12.705886944480566,13.37973962853784,15.680195303066922,12.395838415493136,13.283315098156102,13.707505507313687,14.129024900010098,13.95702917614709,13.614562064409261,19.111246824264523,9.90446967250192,16.08796517486158,14.034930806768982,13.342052721458932,14.225752509158593,14.424599822286678,13.954043352085616,15.252146858236069,19.163372127906136,13.276985778756766,13.453325864899423,14.153646785279983,12.934280168103138,15.367940225031065,11.471151201621346,13.511584949234262,12.220692335263543,12.539868510287747,11.642663787240572,13.619130996258365,14.032051280788753,12.637732882214632,14.827484676371455,15.435932231986005,14.536276263387307,13.294306160315228,12.203063215574495,13.836006730309002,11.990534720213518,12.879980676847959,13.084220321929976,14.092379378235858,14.525448422069134,15.602624825809313,12.981056022336302,16.697391712147258,13.389634606306972,12.770569352999978,12.507418493051892,19.018518624098405,12.64707662213756,13.538362065087194,14.295036517407583,13.70208891934675,12.615446077740714,11.675774052091272,13.477126322362736,15.539191244736967,13.727789059929226,14.454521447420126,13.159209356359813,14.8934827628343,12.88079144870458,15.160579039998682,15.017211904992234,16.002042706245962,13.798661007505402,13.217081245196907,13.526370422995608,13.416838864917338,14.383212078686643,13.71528914829959,13.668789272237081,13.571897393335469,12.662715709079869,12.505466685994811,13.944421959959943,12.949760779414495,16.115971142831057,11.27225536108017,10.945625872715658,17.944145969722587,16.337935029164605,12.897545394690145,14.879476218119912,14.258375662176508,13.3500759381315,15.253422364997478,13.949253161964206,13.950881680230731,12.934593195500579,13.885187378396159,13.651711803253578,13.759250208087591,13.240196398418883,13.749512443076009,14.83537234301153,14.151010665556663,12.64892688458381,13.249788712548177,12.757456094026567,13.131723260749943,16.12199981316276,15.410694168961566,12.282496594378484,14.14251267521278,13.539348829051727,13.137289179731967,15.28876501710519,13.861315162285514,10.587716005580583,15.206702280303706,13.030577320504289,15.585642047550373,12.210638231557354,12.562592335369274,11.819060333073141,15.806845779004302,13.117032255815426,14.35710424253636,13.738791194298996,14.226483867868131,13.753143308603246,12.300351813759494,15.278174125629926,15.318121114502782,14.5448047193982,14.285634349221768,14.56514757644871,16.94324111250108,11.45507886714262,12.468654701891156
2070,10.686461445753993,11.551847316081757,13.955329413485265,15.629971115485482,13.2249960416685,14.741138133341854,13.398295058990307,11.543889101189768,11.310622788570905,12.204552201959105,10.146987210068364,12.223621636791071,12.982672283425929,11.87133962239908,13.394589774148622,13.711912203079049,11.727420787124533,11.56351517173259,12.19314641149148,10.248261178884173,12.511645479633922,10.833886366985418,14.834798019865286,12.937950729675917,14.281726450051956,15.302930086851122,10.136595239295907,13.824744591246478,13.942518713681594,12.090802759903932,15.409851213512221,14.00578987468844,12.2727033055347,12.375765480425045,10.296889347408941,11.185764457564806,11.904072811665094,14.13035297264223,11.250997542039213,12.248103322289158,12.649533446675736,12.711217711801117,12.847018284318242,12.186717916118065,17.08904580966286,8.188668651121626,14.502130618480887,12.97316590437423,12.305110158682192,11.35478962439558,12.932821755499946,11.116220008419905,13.806640218518188,16.869484829746753,12.808380577389313,11.451115964385478,13.390447167274745,10.222351150344247,14.018397692105049,9.96782431524733,12.316254062659066,10.708354250406442,10.533947192375429,9.484015652788399,11.132298691056507,12.842164701417737,11.606747315629669,13.409981560447942,14.049573539391808,13.175052505229475,12.082669596957123,10.710123558245279,12.649591825902464,11.270029721457675,11.554158297185179,11.1852865577068,13.121377501798717,13.710574432559637,13.14716022558834,12.05692802531564,14.739801334946051,11.920953833072895,11.468389009722795,11.07048903535242,16.9079111840414,11.554576546682615,12.504983211988987,12.624167237754751,12.610369692678036,11.79136954733859,10.979276923381766,12.701623862690251,13.988557178689087,13.20090515837681,13.0863506814222,11.606790986074055,13.56122394958916,11.378739769347828,13.7509878018628,14.247464382130167,14.669864728398943,12.339228638488319,11.691474527039606,12.485809482958006,11.957687088976735,12.88411059748867,10.935085280433949,12.567277088842314,12.153471920153372,11.163708402977694,9.9780312706109,13.151357279766515,10.928910016689615,14.542002715656288,9.812325805020723,8.6178822433576,16.083344683698986,14.58864550171015,12.509118620468223,13.555637211012451,12.697997223666832,12.1379812170306,13.89806417230031,11.281836881560436,13.262027002628086,12.07467943883461,12.394660635810832,12.011015525330674,12.63825686859048,11.267715121173993,12.448884874906229,14.157706148355551,12.750347606554303,10.670897484311592,11.447160652676677,11.25964747235665,12.119574427280737,14.441693786531692,14.09720343092214,11.414887405243583,13.530996827975564,12.500627639824929,12.075899068428125,13.78880436973565,11.89529696754787,8.874712057897577,13.762327407770183,11.028901738595499,14.176598854767892,10.19152498148058,10.483617550895914,10.99006013005324,14.300387608697235,11.62501824922536,13.68429819300123,13.154234874507653,12.929961250204105,12.216208636436773,10.850851869291589,13.868228310476177,13.713007038702141,12.968127093561318,12.786998600739505,13.81616606854874,14.999437498009728,10.023280675644463,10.576178312787544
2071,11.953466659654742,12.985265779106516,14.870469523229353,16.98583436077056,15.059955983058268,16.37272953987122,15.254402031717094,13.488555183229234,12.801416911508726,14.181191155767964,13.266132388101974,13.280654296035998,13.773988185895854,14.393426761517059,15.293269443771116,15.648764837047327,12.790190943152362,12.483039731564729,13.337805997337336,12.184198855270596,14.381435240740364,11.996149784439934,16.6603496696638,13.688317573588828,15.345758109636929,17.392212894947633,11.973277024276877,14.723698401256751,15.002497564191403,13.193643639552532,16.759410566285897,15.502465695142746,14.156369796265727,13.5327766408091,13.194032010500848,13.154150203194307,13.686684395905342,16.40048725838247,12.295222222635465,13.32956146367866,14.003366621292159,14.6342943161726,14.035603035079399,14.072971205348558,17.4083888038345,10.424450000262132,15.757414436534695,14.124960200942084,13.41243528769068,14.642311822946954,14.934637414048554,14.370305869242419,15.658170978660168,18.6364514918431,13.540511859661859,13.90614090535952,14.362772568736393,13.140843401096118,15.292652323700326,11.961195451571895,13.842375771992877,12.825653445785461,12.046126991510391,11.339070864183748,13.91111853265244,14.063420825577138,12.684897045969313,15.255426331706675,15.128060251474386,15.049223524072897,13.460431084927663,12.561823398198772,13.901055876975477,12.105785708388556,13.284560258945696,12.623791579319084,14.230299017351607,14.788858756817799,16.54541612124962,13.052416100774122,16.28153925097507,13.882551960323168,12.594183006688304,12.896728269431902,17.271050573691078,12.659917922609528,13.627659143712979,15.036134048648501,13.785800390917322,12.711676334557326,11.791251445594046,13.707472079797936,16.16179732654406,13.990564293584933,14.966943000321804,13.725996921729784,15.198067262120869,13.244109237323636,15.537907602346465,15.292900434897646,15.864742076915244,14.208564197887545,13.55878430119027,13.871942533087749,13.71877315737631,14.861300610005854,14.066252406848518,13.752062978627892,14.03788392148588,12.986689394906817,12.744022794229826,14.175148031633833,12.46272322333053,15.735350134094125,11.656808583308822,11.2793607690736,17.4765787160267,15.942156301244445,13.162254100260531,15.223687905008383,14.748070703576438,13.44720967243547,15.172992454679763,14.31834171906762,14.217015325476456,13.232025375751698,14.299222683129104,13.33443530033464,13.77056504397289,13.331080205414608,13.9297410113656,15.062949709574,14.611819421467576,12.177132659146316,12.815449180810347,13.211220765891285,13.211524992533358,15.73943227011224,15.120880896630494,12.351850917805798,14.401044810595717,13.631882392760852,13.190070538093215,15.712425710714381,13.394686063994534,11.002183536148593,15.599916750970094,12.540315842822844,16.019266563913103,11.712231073447544,12.891992127279872,11.876895068780238,15.972857604856081,13.5733171487632,14.626418090546908,13.999436863090683,14.267393167029418,14.100832916148331,12.735483841018993,15.757216432820195,15.381593890812086,15.02020188915017,14.602809057287548,14.814643028313704,16.514123636743296,11.946961789108489,12.049773817477016
2072,10.445116477896986,11.06301355621089,12.281447260276133,13.525384869264519,12.125923577210177,12.308489856188713,12.193178995795874,10.497478772926593,11.009967747913757,11.158221079522502,10.023864139428202,11.242789645395849,11.416506013306586,10.467364601811154,12.177192640045417,12.482160154568115,10.769444050348325,10.698084938785303,11.163068352186162,9.966983953652823,11.289623024873437,9.988415876808373,13.045444200544257,11.433319317905802,12.482066024742695,13.63296690712805,9.087540490147857,12.178239284326203,12.253720063230269,11.073522306654766,13.263862517135946,13.034168608162709,11.071492839928554,11.321327005391531,10.189376330893975,9.909084738029733,10.887856843597865,12.407242300879698,10.684317619580291,11.238347616694544,11.090525580813058,11.5041769279734,11.770516606452675,11.1724452952166,13.958988767603172,6.905801712656802,12.568283238326723,11.897078231422471,11.299137720271297,11.202777025694756,11.654497288977325,10.932172231376171,12.655749932903314,13.954610882893853,11.252895017356979,10.898017225706056,11.784833405328838,10.109275512883197,11.96234097461338,8.871069309747092,10.868433788904678,9.575641827349065,10.219572185822157,9.201174749549903,11.029637883538788,11.77121562931849,10.639078334135851,12.275039893453538,12.016691832438761,12.044884984907897,11.096814638221986,9.661328835979754,11.326265655457973,10.47642569033348,10.210132800730996,10.906719028301863,11.701133283584017,11.80964102498863,11.756684864992684,11.103995924410617,12.427833203064356,10.880603656415706,10.947887770507652,10.055399255584115,13.828936443380686,10.606883440328682,11.461351310429368,11.265608190720823,11.53117863833904,10.937515916059846,10.207994370113893,10.96348567938675,12.449121207322769,11.606202495162904,11.87283185561714,10.434304167395055,12.492230130926428,10.35370995420153,12.66153435741106,12.36225921717351,12.73389186050095,11.156853685722409,10.65769559161171,10.989537599294083,10.954008794187208,11.65541480951335,10.784414180109035,11.47550159044888,11.141877311929736,10.123520616927875,9.841515508682832,11.403856172428831,10.603082605030226,12.72824567847926,8.740353709967799,8.159831617837368,13.817373972548094,12.491837072874544,11.062117534163207,12.506535584026054,11.371415157518957,11.11248318624237,11.97288374797158,11.1300329702056,11.559686318363832,10.459672675346551,11.353057347400036,11.568888492801268,11.628435084484925,10.754827350378036,11.43988348381675,12.579341855709968,11.609488935898183,10.367175551536292,11.174777817143047,10.018497294867815,11.110079166033996,12.440020712740393,12.44091783917469,10.535741333242346,11.859758247499881,11.447716553574027,11.048597277506541,12.57706091601564,11.57828300025152,7.903570979671634,12.636248228990516,10.717979872032352,13.002148028301153,9.869051228722803,9.980319759606022,10.174339620315509,12.891695936898826,10.387182205895204,11.917844228770422,11.458667645473838,11.74418415198022,11.195943979222491,9.810079667231314,12.692554781618325,12.132774542369273,11.672639434676336,11.496158907270953,12.049038753237415,12.70114889578975,8.98762372492448,10.295017034093773
2073,9.540749356474567,10.10613910821469,12.125567883900974,13.313560802003614,11.472781386874292,12.073589239795897,11.540674081072217,9.902698458860753,9.938563722347762,10.554819355516333,8.296662181777803,10.651454226032872,11.2910813042975,9.895433099211559,11.479680647385186,11.787402298098996,10.194399949001227,10.182791640334155,10.548315077048287,8.745242174795791,10.670108310959263,9.388731042328088,12.506680720688205,11.283418401022969,12.373920742908252,13.312572756215282,8.484124102568982,12.017561205986727,12.161904059674429,10.444023804172224,13.07784123913102,12.493992580667788,10.459053314432664,10.687762404387088,8.605571626969006,9.272321414202453,10.230978850761186,11.938242387026554,9.98989497995733,10.640956420613373,10.746274573202045,10.850330573061237,11.210212990317656,10.573634754704395,13.989497716012208,6.216017230899764,12.44108032030256,11.369879078524919,10.659506481302822,9.552846129983665,10.950386934306312,9.305916664231082,11.988684817905662,13.658049635265186,11.108607097812323,9.870349592225542,11.525522546933802,8.472793700578423,11.767028155372197,8.28391230450538,10.409062508007754,8.947576750160966,9.150580056360925,7.991308882873021,9.47100093912171,11.11791124470208,10.059449682093184,11.614077608627474,11.999163436500927,11.426409465787204,10.427851672243815,9.041709925635189,10.73351029193272,9.983712400309745,9.679027229061596,9.882874445017915,11.238236896693707,11.624640127481976,10.785676173136938,10.55845767526847,12.219176292743372,10.288155399586845,10.190549112208513,9.436384701210518,13.813128095606103,9.917668577283623,10.790011828684285,10.62639328898133,10.837789567187434,10.398725331356024,9.737187908557443,10.814529074760886,11.851267135661583,11.475030024298063,11.225053900721202,9.759418197947996,11.893800180729318,9.722606411446696,12.017908801365161,12.194323587352818,12.58738216903547,10.490033737667227,10.017837754410245,10.637121934848638,10.277630440242914,10.92727128383906,9.189557198273102,10.763056172300944,10.539146804453235,9.502244383582607,8.29418099679701,11.220999265008647,9.547635898965854,12.5969104177278,8.138110356567347,6.8809433652331,13.618587697329726,12.34940933236731,10.94330155233974,11.920467757093515,10.598229209851963,10.475925939724501,11.746108330634385,9.584770337718982,11.402389351278542,10.216905205713019,10.748072922796657,10.653226319457525,11.018101256178772,9.680311736448305,10.831176375200895,12.41799224504149,10.952465770997705,9.303727218962235,10.180418252121497,9.38296761347548,10.45983655783146,12.28400281160746,12.35943268304286,10.029344664076746,11.703080112236028,10.760929380745992,10.376818847235132,11.859681887552144,10.535281322572544,7.130223919354054,11.992625736175915,9.639013230152754,12.331089914978847,8.79905180665462,8.829836371638203,9.701275365184182,12.366743826995728,9.726422076214124,11.787242154388323,11.335876254405344,11.011279991220526,10.539961885741874,9.224158428285435,12.00161628133577,11.650722818692094,10.915712323525682,10.886317879366489,11.88290972558215,12.51071830473476,8.4219703282756,9.306834850946196
2074,10.437302572247777,11.184251804532403,12.607962117570898,15.033010018908461,12.516337531740254,14.34185235850189,12.621803181574922,11.035421326918442,11.072807176929453,11.685281539902741,10.470284076083612,11.517183879957257,11.701866819968693,11.613204020844853,12.619132028528206,12.928229284806825,11.056613313601073,10.908849441932276,11.477705403555024,10.118741561861144,11.737038197603239,10.436835421168286,14.056226590425586,11.683923875994008,13.705415774136782,14.793828765983172,9.65487300977111,12.528395680913139,13.646459096799724,11.350589525764406,14.842284588386178,13.377005904589016,11.541969516031125,11.634367039670117,10.586980677169302,10.407318808462309,11.396925913898846,13.454639076781662,10.747745761931268,11.523057917618882,11.45680920395028,11.96941143282406,12.077005436299777,11.674531608141718,16.48625611222308,7.623402102971855,14.151435402100502,12.200926082937613,11.579589962326603,11.60596953980301,12.114253248158926,11.395126093988836,13.07250147547735,16.03736832705529,11.498890068382025,11.380482398135507,12.092075294450574,10.523527243862983,13.048793769077111,9.464237231675176,11.249583697675362,10.163335769761193,10.289407580033071,9.344818830490107,11.386423074842796,12.101024312979504,10.922547696401242,12.684315335329462,13.653936334278272,12.495295274192875,11.437710640871009,10.225884902088534,11.716983094811438,10.623225190069368,10.640770945374086,10.948305937259097,12.046713213436307,12.135808481470399,13.566985480163408,11.354625614744654,14.34802777288765,11.414989338620853,11.023083651843274,10.584414275039151,16.315285610116046,10.82790377835298,11.71566824671691,12.284263756308386,11.81455247266137,11.117032075968943,10.362239259740578,11.295068076811736,13.236467592256227,11.895365468590807,12.294059163769303,10.988658288250802,12.887644517842848,10.890512035754712,13.04986972815317,12.703632330866128,13.888596034082385,11.583578230327241,11.20369744171267,11.354178004695669,11.441854995229967,12.101837538658526,11.208387682943238,11.760482974188486,11.648300174866684,10.666748183334006,10.19709274302358,11.715137527972136,10.678288333927807,14.253426591501293,9.327866739573203,8.667505490472136,15.453734719720872,14.236597499931639,11.278646258556325,12.889802251497043,11.844645901218705,11.472464526153129,13.029346915812269,11.521695395202737,11.875581341107255,10.79226963222027,11.866789181716745,11.648112481055053,11.942845221932817,11.096582095867587,11.861262621929995,12.871147005940264,12.024941463995239,10.421584477729121,11.19233798980713,10.49538813947457,11.36095683147078,14.09146485866412,13.829618459162507,10.76210844192816,12.15894416395737,11.702831656712556,11.3070203292629,13.01048718105354,11.651588574780718,8.510839139232814,13.034421396001404,10.78468051413074,13.428359775601526,9.933321889165953,10.437384944004211,10.394079858518165,13.615435206371805,10.846350973552983,12.257924683877953,11.763951474233814,12.119265647200141,11.739134882779227,10.349432629087698,13.096370174898768,13.024337727414524,12.15445934009293,12.054421341856537,12.368463026643125,14.602188823056283,9.551004691292409,10.318533381366212
2075,10.371357394625317,11.167540619878661,13.337251505369078,14.908458359134587,13.112030547760108,14.407719450476376,13.367472906839913,11.43075799780048,10.98766480629211,12.145124398171907,9.757754532863265,11.733386604803739,12.438214105675407,11.857425175202282,13.336035512792678,13.700255390904521,11.224139128723081,11.122401318715319,11.69039237920357,9.90239233418327,12.45001515681329,10.55952342696812,14.366331561347069,12.359679802604342,13.975421193177288,15.080710068588024,9.99319426132285,13.208371749714665,13.77749553711518,11.542109771267222,14.676535002563313,13.940708035684153,12.214951748271353,11.822661963817868,9.919580029566651,11.126580335199833,11.724817399259496,14.018752186842589,10.862014832380023,11.736408498057207,12.17542681762058,12.684596116290145,12.337960407299843,12.070323292651906,15.8450698826624,8.088636283560295,14.289115517663408,12.469600331524141,11.772792482687892,11.066585542148225,12.897005241364242,10.795055353528134,13.742122477568364,15.84962404049609,12.238315683830043,11.324506660194498,12.759204524771683,9.83669814440098,13.491086425340697,9.902605767321331,11.921603082152815,10.702597016873566,10.21937014348805,9.12634085588481,10.739118866946386,12.275137374582503,11.100595020830795,13.328799455872051,13.711548591437545,13.128622440540274,11.638509055275632,10.541352242778014,12.032212890927559,10.826556526124481,11.34929342794678,10.868147687581567,12.486306308566228,12.999171343834504,12.664068567688055,11.59853941283148,14.40887112174507,11.858136324454911,11.081571701185213,10.946475468899893,15.675767354343249,10.959834072738891,11.934344581065133,12.561184781239085,12.032895315843437,11.308156912032837,10.566626396516094,12.069249450836498,13.908053011673948,12.629589842389464,13.013863441331878,11.58368551342384,13.485243518715324,11.253620754765432,13.652125388302887,13.562141363225553,14.229101194635684,12.203145802344965,11.554857199282754,12.097234163595283,11.739853578660156,12.838649192582011,10.618419915275727,11.971684549651718,12.044266377292255,10.981903123466864,9.558143647144673,12.443227660396825,10.614671541175445,14.359993293921907,9.661661405683212,8.328643677148804,15.292968301507441,14.32525537292595,11.996261757515047,13.495073591237485,12.60708048421404,11.687261418317973,13.369117515505822,10.979667787480617,12.643554804603696,11.551563811043035,12.299573597376762,11.639391761111176,12.109021238496773,10.943836013017146,12.120105106950449,13.588520595236965,12.69502718739576,10.363196453646474,11.115363326409593,11.18615569431416,11.557097176494809,14.181519412455842,13.956810904585799,10.970238769831864,12.91476567486382,11.91774772990333,11.482138335866773,13.74343560571256,11.570640764320673,8.743937167055583,13.66197182894077,10.709229816885099,14.15019979425099,9.876897726121925,10.189430549416855,10.569981825092565,14.01882987890555,11.521680081830079,13.089947027194762,12.588659417835757,12.301126281042464,12.08877990379646,10.733901481508564,13.793142936718855,13.322177002408907,12.959731659082616,12.591590804493295,13.174789384088442,14.681355254805611,10.040264561731854,10.24585149153743
2076,12.661428390313757,13.702589255960094,15.165646642446518,17.192767156207047,14.560312714265743,17.15390370656615,14.791946490011787,13.464488798509473,13.533754677390275,14.149250192486722,13.240806668996811,13.993274326881636,14.103132400945158,14.265388403885678,14.84559374942404,15.14869253430516,13.47373896812939,13.166339817254437,14.017221984655961,12.65190577515118,13.905651725828653,13.148462098577752,16.42870963883141,14.040184177458286,15.987082520256871,16.88623744249344,12.042676730547099,15.013555230977742,15.709362294362938,13.891707442862833,17.01852386412413,15.216163883390637,13.717074929817539,14.268911552443374,13.03587272046539,12.600369561949503,13.847261152189716,15.920967894403834,13.12317966313466,14.051253229217684,13.917681962899545,14.254567817177461,14.62569100247777,14.061870047093734,18.853120741636857,10.564311049838107,16.49665476316991,14.615850035951514,14.098372991480257,14.53036329538926,14.448824971914291,14.211949454701465,15.14507941302398,18.90543438753356,13.929226610647595,13.876871805476105,14.745712403531956,13.038097301579034,15.756326279400483,12.041094216234658,13.61328442540506,12.938907920180453,12.755768328905107,11.85558812255445,13.712606696330983,14.740617514790403,13.412677060205333,14.724450516797926,15.989900529384618,14.738250298101619,13.884493567373442,12.65203723829726,14.5774721103194,12.812573346754778,12.88578865855285,13.341569451372264,14.756393460334163,15.007310929829664,15.588146861480627,13.77610644285122,17.028231195781547,13.941373014579653,13.345284632366639,12.924611269131947,18.72095041171365,13.322360324632863,14.348958865455957,14.94880454145048,14.501717155895438,13.396492701185789,12.45670862107173,13.903671571903903,15.621348759321416,14.348282950079962,14.47644851988424,13.73437565241171,14.857290348281031,13.307514250926351,15.004755147125415,15.544822460607348,16.336579865735516,13.68751752441344,13.655799787977472,13.774435404202215,13.856855204571849,14.328385799475338,13.962601435573205,14.46616660447224,14.075182720046978,13.09502837644971,12.614581990258204,14.374030792680772,13.183057537322624,16.374205730531532,11.752505973710317,11.26334851000296,17.712110168260075,16.68791961637528,13.549353722644891,14.818639192892158,14.2652304224346,13.998781174178362,15.564231130739914,14.192307055295123,14.465375502472341,13.28845510453634,14.245801110630453,14.057511479310373,14.411087494829427,13.493106257008467,14.260007487690967,15.25402000611243,14.085827287448494,12.876772574756458,13.54624859680948,12.661591481903328,13.901021108355211,16.482824517980866,15.867518313553028,13.08824778866509,14.730472784813331,14.351800462473989,13.886361775190935,15.196674398106083,14.132371089704653,11.08785736544625,15.094476085318172,13.274038068626243,15.537247153727904,12.428946552069291,12.822445445734521,12.568690230017125,15.66390112819879,13.018401543731274,14.923556787812197,14.374753454700112,14.99152147245553,14.17812286058198,12.766826969652396,15.23667949470489,15.161531746144531,14.46730533371801,14.151200322353322,15.039408153505065,17.286231570917632,12.073881387346141,12.755642702823264
2077,9.914854481816292,10.436949739637585,12.006843065438064,13.784173798301943,11.938283193694511,12.819136276031315,12.051812535394795,10.396187960048733,10.36864687696747,11.07068722921869,9.979649319920851,10.660544114399947,11.164428153763646,10.78973942330998,11.995389922805456,12.322712998027392,10.199095062952,10.199227146156456,10.545233847381065,9.46078267118529,11.159647508240914,9.856507814448811,13.045963151947317,11.159449842960935,12.732563723040666,14.125754112782689,8.989573361190121,11.918852688623195,12.639205103335174,10.44948314535229,13.577367047900735,12.931878695669381,10.957974707545796,10.696145297554526,10.058267502357136,9.75554968189934,10.714384265244004,12.69499531777009,10.15176154912004,10.651687829876726,10.811033726386402,11.369059326208161,11.193760983969856,11.087747867826536,14.473342413487641,6.885190890292111,13.022668254116311,11.375967899094455,10.66541825769388,11.198128684383374,11.481550762267867,10.91346435248852,12.489552842534106,14.273089141301487,11.00648433601727,10.909834748457955,11.4147466023898,10.00866581361903,12.026138437830886,8.80878132144394,10.60848984025095,9.482765545380182,9.56637988164616,8.687359792514421,10.851428802327622,11.125179297250249,10.065077116216898,12.108696656382605,12.602259845837308,11.925620794296266,10.6617787917671,9.563824965416089,10.688415190366952,9.99117324177338,10.002423732986916,10.301097226531605,11.186162722094554,11.447262276935835,12.942427552912546,10.571306978230893,12.928566527269462,10.80040491582907,10.417261694436492,9.950745274191318,14.331510942915214,9.94217812192991,10.780412416419257,11.518363295527902,10.828905392600145,10.411355431475071,9.750026919271635,10.630607992329677,12.529647684291659,11.364159080807282,11.717555014335591,10.321289111414682,12.374642906305585,10.242993586332256,12.49898640293142,12.032260221307697,12.885093355308411,10.996137672468372,10.545943140335709,10.752813537483627,10.773503352442512,11.446926113622991,10.793732629522037,10.751251082543446,11.042824969707949,10.033566382268203,9.664015322761694,11.066638642061584,9.97276641979166,13.150187795576844,8.666342049442317,8.103855174194274,14.123434550736267,12.956310053032059,10.84316611678704,12.367548993586203,11.153072919534603,10.587229973879522,12.045990950387457,11.140278639676778,11.259270835748838,10.175321285491405,11.246367022395136,10.986909543366538,11.021593015802942,10.443863416617011,11.08880702778697,12.30865526612362,11.433695800278496,9.712054805445447,10.596850953996181,9.862854587481076,10.45808991498273,12.875961934094848,12.848115389761714,10.046753394862879,11.5785994520006,10.74909311856913,10.374976002489744,12.414949271342028,10.968528178075085,7.873731547237738,12.464001757295238,10.060593148288522,12.871964916262938,9.21916898109181,9.8532948638515,9.698913179783393,12.834815194587348,10.215308673517862,11.644331589422151,11.196154114830756,11.01822607867096,11.071245781955836,9.72471026460762,12.513788094339166,12.139113777357599,11.472689714687679,11.362390083463296,11.734616830054184,13.203073699189272,8.953574946879044,9.694052065196244
2078,10.45563307858032,11.051359923799401,12.23173306493656,14.128765075103097,12.388322520029286,12.555292540918224,12.571138159979297,11.245586105662841,10.945824378858445,11.891619015970958,9.864858192067757,11.318825194369197,11.392393560837144,11.413520600241812,12.550289346957982,12.859848687506243,10.810438723181905,10.790480495066099,11.215386377323583,9.907609667143095,11.68636234784904,10.167156772121142,13.539414178742016,11.391243190433752,12.694610876719592,14.488842896793201,9.840799758777672,12.134281863336975,12.516256167836811,11.129085156479448,13.876998373347783,13.308711524566876,11.503882753055382,11.368673473070176,10.034684901652126,10.291012575586691,11.527100105972394,13.280365356932515,10.753034913669463,11.307740297978341,11.170182498090941,11.966286558531351,11.841954985876447,11.906056022268983,14.274081201657005,7.833125323057178,12.857058316712147,11.981170200580811,11.35071476629895,11.173635992181044,12.061152589871831,10.898038629928365,12.977241258744312,14.81817577973656,11.241279869137902,11.271079583498446,11.743364570378933,9.956117694144664,12.039472935640294,9.698006754336152,11.016991341891497,10.460510333271133,10.16740733000409,9.144664490838416,10.876436538791854,11.813547540132118,10.696555045311868,12.591619823694883,12.385530094737597,12.539317235755531,11.385769040526256,10.398984710584678,11.330354005422286,10.574499721942555,10.469207902479429,10.865747861240223,11.686705687123796,11.728422195367193,12.285104503399573,11.203595625479585,12.688103766545009,11.661679990913559,10.990715392095888,10.785148343962174,14.09628724274428,10.618606211212663,11.525045437981255,12.187194970962798,11.584987833083648,11.02004550697039,10.306023554491773,10.892285551065987,13.093482138346069,11.592859435016697,12.256567356055198,11.231935402783366,12.817828041400112,11.075144716578984,12.933912850147035,12.296106554729786,12.86385679018238,11.49192167441968,11.381710048602972,11.126388641317256,11.582314973130174,12.008924387395387,10.739789006664704,11.518728851381207,11.88382359602205,10.849203672098081,9.722668000375446,11.32732687663773,10.557393392466977,12.938599787166584,9.49903495836517,8.324877266812583,14.475529350016428,12.772646314262047,11.066982568930024,12.806756201321663,11.778567743852086,11.295725053186407,12.122638557326434,11.109582089859508,11.500300821119355,10.477192196407884,12.029801182043943,11.560819204086846,11.665545060744751,10.90103676510246,11.803328220853984,12.504373909662599,11.944622352719312,10.323747584029382,11.14590139881424,10.393214045659358,11.159438866312092,12.695607387015356,12.738633921612864,10.624929713814158,11.817168611952145,11.499474340077972,11.081058979439346,12.924688283455275,11.543744056607068,8.561971000922115,12.926515969407301,10.655863654678285,13.356764849882735,9.824286819152212,10.196120921036474,10.240675122517612,13.26071893229433,10.75090205118708,11.887175666897198,11.445009288135111,11.780187212659612,11.897162977403596,10.572705527686555,13.036074985628547,12.578377092621572,12.061654089828549,11.852136752527693,11.977847607725337,12.97370030504206,9.778749571546262,10.296917371775796
2079,11.276548323909873,12.144311260006836,13.916020242902253,15.518492754386816,14.002546654011974,14.95917319830345,14.398378773673397,12.810320344308153,11.936987481687382,13.523999702671304,11.750647882890442,12.625475638546048,12.906795520821344,13.363416265595056,14.379555109402407,14.740469145872028,12.01513675324943,11.943492018658182,12.559038012005065,11.100298676558813,13.523772237498477,11.427398287812652,15.290929530625759,12.854160374597363,14.384334231848307,15.96053543816442,11.390044752994312,13.765777642919641,14.075632400112221,12.481677137558227,15.30499625400357,14.739343088606134,13.309190495263623,12.725651072419211,11.735732153381992,12.165658679345384,13.041839387105863,15.129295644552814,11.75357508205849,12.639804860172067,12.947325430324547,13.787680949367914,13.226547961325753,13.484984751952734,15.94919747373332,9.769522682642164,14.748370197804082,13.343282876596989,12.666035718729962,13.119766935706139,13.984285983378477,12.808267258107664,14.698452407575177,16.66553482348504,12.760292330189891,12.94278749499632,13.381404280986475,11.68177742470542,14.087044405872406,11.390308831534957,12.808182405631829,12.304004912548093,11.15776083563738,10.330821542231288,12.505855966769365,13.185516647103691,11.914342028615264,14.290464909180354,14.040413390764076,14.278500874324337,12.780971261389231,11.938875109402705,12.822987841928136,11.627931669678375,12.297645746365838,11.811004926329076,13.231509989753722,13.642083860933786,14.578434130419856,12.482762464605596,14.978244297044435,13.303851642038511,11.98473786076774,12.319906339049334,15.819937389829885,11.912587056046231,12.89774295801054,14.16129586542134,12.991984249781007,12.162117255122766,11.322319996097814,12.644099885678807,14.990027406455386,13.143935381313378,14.087565339858765,13.104952672982346,14.383810477088327,12.611302206049794,14.543115651801878,14.168871998786926,14.762448652687928,13.259562612389743,12.925618529967645,12.888207775743108,13.06892432304828,13.858891915044062,12.585128843784334,12.938310563867997,13.46611939083137,12.370563280971155,11.343765133991843,13.090594546626448,11.565400770743905,14.711483237212123,11.079438157298643,10.080509158175277,15.931789070691753,14.753806385333123,12.475910763377728,14.342976372689009,13.742378609335944,12.691582772718826,14.005922915656935,12.89977633928799,13.227573359790059,12.254633349892886,13.612785536309946,12.594321704267163,12.98838772074036,12.297962088866726,13.221041352204653,14.113693644252166,13.676407194817841,11.291851176617104,12.06454866314712,12.223626619447838,12.495386603774257,14.593251709380876,14.236730098724367,11.788391330805812,13.456835534099653,12.902645447964618,12.437995046782104,14.778286525979638,12.555047396732414,10.291076535844933,14.575896293896696,11.65413472837384,15.163505815941354,10.820037182906404,11.802501817436323,11.287404427466836,14.840280377346541,12.601092402053919,13.622918149375398,13.09925148943844,13.285502110122012,13.43377036277367,12.151437868647601,14.8384891965467,14.203010377514627,14.029933270552885,13.570940630267495,13.75146019406131,15.224445974049361,11.440978555049265,11.199373326871706
2080,10.913075792360244,11.732739567756658,13.241601392788729,15.022212585677273,13.363874225188859,13.909564095508795,13.48285312926316,11.797683723270891,11.558588241915338,12.46856589923087,11.077206842601305,12.175235258739281,12.315310134592911,12.276351905103935,13.477800662669804,13.806684423155788,11.675431284891525,11.517790539473625,12.13480829074979,10.66424725431463,12.584969580335462,10.82021997415501,14.592997503669366,12.294710254863555,13.666787016650904,15.50634004758752,10.369909611044696,13.139061508457297,13.398076497990147,12.030357718184266,14.799563921016201,14.10877219490383,12.372532614061369,12.31586166228289,11.152793835038727,11.26977677303164,12.131885951141948,14.254932853838671,11.334134566719117,12.191399136315221,12.227322157310406,12.831663208305025,12.761790320277214,12.432285217163358,15.51185842700627,8.487631750495538,13.837623636359753,12.852755861437842,12.238835824086614,12.245452548012791,13.024275515390482,11.999690657481551,13.92812596882805,15.972019375990266,12.121593001420083,12.004086735455891,12.774970816043405,11.083898546822045,13.249295958682247,10.233746315150155,12.056353426983826,10.970057895326098,10.78105267752772,9.889128513310268,11.929326846365534,12.784682859018774,11.562373964682866,13.534169780171434,13.342312867226811,13.314874796277802,12.150474775015665,10.964225508272648,12.412965583574513,11.222905361134076,11.46898790481298,11.429999499176834,12.731244046403011,12.900019527615415,14.064741313457489,12.01136328522926,13.962520906782668,12.199552076504283,11.575358038525222,11.300529314286038,15.39338104102922,11.503365624534052,12.425746575321845,12.99354503194437,12.533079578095807,11.739358738874612,10.933252709067393,11.983255090758854,14.089499296215566,12.5129334933084,13.161016518169125,11.853839966428021,13.66315017575803,11.630914567848263,13.887883114102094,13.444470109984932,13.965318545111986,12.458254013372505,11.944199807698958,12.108126674333347,12.177349802835485,12.997716717422016,11.813794678320056,12.481919875287494,12.402031815028751,11.415334250454022,10.77359528450862,12.432229452645005,11.180540378569908,13.9359556540199,10.057099308980543,9.310937554939937,15.419818375421608,13.91181382190679,11.85741088701331,13.672260500814605,12.795626530666715,12.14904976891273,13.240412054380972,12.103854484694159,12.532704325635796,11.506836494471397,12.631570509270482,12.184599899783047,12.577025270170497,11.695533958061233,12.540954044007744,13.492292570193182,12.869069793464046,10.914174767292064,11.678719796564268,11.365839439565724,12.049681991986606,13.792759732707687,13.591467445311341,11.376337677726276,12.813979520138515,12.41945132661773,12.004119517362636,13.892499825228816,12.15571211950611,9.243291133812264,13.892030614488961,11.277814236995967,14.263305564937385,10.441340986801233,11.073323161705684,10.964724785445828,14.220377518431,11.72861023085273,12.93314689385664,12.416289217061482,12.853825851343574,12.479525940087829,11.094682036858535,13.965395130055105,13.526457035671115,13.070508960857177,12.808227277077412,13.070231146918124,14.224223552838616,10.281783488295652,10.81591877612569
2081,11.921580642461779,12.851341544771975,14.579951387384664,16.15526645598204,14.27540065275263,15.850952431235624,14.413782595292382,12.909175891591156,12.708164623088166,13.589793287865495,12.597488528077045,13.117995345722077,13.55396700180743,13.41973641352809,14.4694150172012,14.78547672911183,12.607172181748826,12.365948369969487,13.11860164740811,11.90105401684085,13.5477277390335,11.784855964391125,15.741123758904312,13.486855196726063,15.070610992286516,16.16142818720444,11.448195845536564,14.434506137733875,14.735252919404406,13.010196550344316,15.949080306550735,14.887043504611308,13.347458037669247,13.338697413306523,12.538800095572423,12.257221854251364,13.210324400145073,15.149579523698149,12.297180914360547,13.162440809218783,13.443239030063808,13.824325498031532,13.732780990879172,13.521195567172507,17.391478776931763,9.762955424942728,15.428552451341046,13.822064687376441,13.222151823341846,13.82542849364488,14.044173332822064,13.513043616776878,14.854514935418319,17.493667872055717,13.386485235198684,13.218095735363336,14.090187119077084,12.516572935506703,14.867719912334628,11.370331724214811,13.191390213111175,12.207985854667166,11.927517278686814,11.098904519139428,13.307122976883601,13.806289805848477,12.53337980369511,14.455682155068802,14.729142360065294,14.298999326060647,13.151023831785375,12.050458014011383,13.622065882319992,12.053352508855905,12.520526711059658,12.551255048617076,13.961934070386317,14.389872660617465,15.07662367043288,12.925802939611932,15.800776560021488,13.320957815517552,12.556336465089217,12.376808273727482,17.246581637341052,12.480167635837972,13.456312210623013,14.140101624242758,13.583674588605112,12.621844610442292,11.717635509760486,13.33042613643667,15.04259616395702,13.791980049248947,14.117336385437973,13.06446160764798,14.526914890693586,12.718655038139094,14.753733960830647,14.924131270012134,15.471417161109658,13.399233685037041,13.039538417659378,13.309155249077346,13.257479519299839,13.977149096358081,13.27878389345563,13.543517643990729,13.506096647161502,12.494694418962238,12.136696030750223,13.799793316051362,12.334066651437595,15.380257901938062,11.127875824742343,10.6140773370862,16.593993088473443,15.553574032109722,13.041749035534652,14.514268161162086,13.854651286550189,13.164801309776049,14.713384264189264,13.525180379981583,13.891717235355273,12.78126623740663,13.704868363297509,13.244370245415231,13.547097694371708,12.897693483401902,13.55475598768048,14.741797938295031,13.791927492488986,12.0713738374736,12.761907044960108,12.332441726456512,13.027052932945287,15.383831210758375,14.87550817883533,12.257693483129792,14.1484912880089,13.452912904160181,12.998487465286065,14.858579493735153,13.306905278045198,10.395103115993349,14.811565767568739,12.429385991038188,15.188756769118102,11.596388426406875,12.302526558465932,11.781104622327765,15.156962990760805,12.706816659673406,14.327862655015098,13.793423401272815,13.967862697399184,13.580733060836797,12.195311069812465,14.925213906347103,14.551290146682573,14.098658778421257,13.764485252838904,14.45693047383152,16.065497457657177,11.400923359653222,11.946314045754459
2082,10.879511279762605,11.777994943377761,13.870163822020205,15.245641236719878,13.413148493465522,14.672988740646323,13.558359660856102,11.848942733977147,11.588569331104344,12.531874084602231,10.870055840877088,12.258670439538752,12.862405386307966,12.115857123680737,13.542942248689739,13.88717483065051,11.765397155090517,11.580174950558856,12.227048646091772,10.649463104691518,12.679373968230639,10.977470557326862,14.744747660730201,12.821384668350214,14.216424625852836,15.227665748285213,10.440275233147828,13.721413729307448,13.905738923860635,12.128385485934462,15.05644548975903,14.163292786349423,12.455980726558234,12.42405861083661,10.981336363429289,11.334278757157533,12.21282430705817,14.101618296426278,11.32404458879129,12.283378601074219,12.656465677220535,12.910314245068516,12.870831716967663,12.495548230150469,15.732715985049374,8.570019730852675,14.466631365858996,12.989597831650272,12.334635663291682,11.961739599380799,13.11696130215474,11.729701733783537,13.983269965473525,16.28304793070192,12.687158932828385,11.890622500330217,13.314500340786966,10.907674797243724,13.936369460076094,10.304634293946242,12.376196997645108,11.05186192140631,10.806721437884416,9.842232113461135,11.79388588100024,12.879825518522209,11.646563927764477,13.598270172536699,13.866736072561018,13.390166592176843,12.245164375266302,11.045854245919896,12.636497549064789,11.259329448089654,11.663225617826635,11.437825572555477,13.086845086482553,13.56690809260244,13.519420978815662,12.086877044776209,14.695507591995208,12.257649459268738,11.58376848017392,11.36924855734991,15.606327523355901,11.603153208675591,12.511018318650518,12.886386336515779,12.624490299545553,11.794296834293917,10.972676246386508,12.590502763733912,14.031366263232801,13.099985107455565,13.25081829354167,11.916163142142901,13.71897930684297,11.697445175569987,13.927632496084856,14.099776214879492,14.588208987013155,12.533553375903029,12.031105237162636,12.498098317209795,12.264087086138526,13.057337288137361,11.551708412559138,12.582690823985185,12.473380401082663,11.496226670949351,10.61750706422912,13.069085561386911,11.216556226915646,14.49696402834809,10.120409402510395,9.170268909924705,15.661955455075145,14.531553685989069,12.3895979407041,13.721353924792748,12.856850144007934,12.244404521325363,13.826562646128563,11.863240346312523,13.174692177254226,12.031995736912865,12.68250667660133,12.203988968880605,12.678221568465235,11.691550692138462,12.622141970240559,14.069226207292598,12.944542774363704,10.935586702564493,11.68125588608825,11.434486842025887,12.13742299693758,14.402213638243468,14.061581432819366,11.448970837923495,13.430581059792772,12.5133557965898,12.106529345897878,13.9563794526393,12.17265355700384,9.256684638575006,13.943476010802328,11.299820040798057,14.341633003690971,10.464588441278623,10.999916249238279,11.02609467652181,14.322678464910258,11.807634798728907,13.565845203140515,13.025506182533245,12.960438396943655,12.545936036369074,11.16826036831607,14.048281310855046,13.66141708778299,13.134008769188886,12.890601385141844,13.698332705980413,14.948454056178099,10.335874570260312,10.80423566148333
2083,11.47222693199697,12.298264799882542,13.351892110932136,14.241659376932223,13.021164340655446,13.586380530310716,13.245074355873566,12.09464300359073,12.212680976999847,12.751465598040303,12.032491487005485,12.427793068730315,12.446925393751133,12.468049049377443,13.236366893610228,13.552778323545404,11.916065539354863,11.759726188105088,12.3853343323521,11.363185228536961,12.34140501106563,11.22583234577399,13.977859270961385,12.421343236837698,13.594912274052273,14.72633474806081,10.7159568461711,13.211401354845453,13.281824514917707,12.276056798903836,13.99916669726372,13.931982269753581,12.175089500965953,12.575636786611184,12.008965815559192,10.953711161308963,12.456618827970129,13.736458650304243,11.762263316499155,12.444078941060145,12.119852743435489,12.68625147569844,12.950415785545893,12.747152049742317,15.118335317010468,8.949009804915557,13.691587380376523,13.035371180947706,12.4967258585536,13.259722056920113,12.759020620714063,12.981087331862554,13.614581571163045,14.889746537452321,12.312663414879989,12.694584661036851,12.915477016049882,11.933717938706923,13.127142391774965,10.65794379074815,11.870569932315012,11.487505210239604,11.426647523357333,10.570388586948747,12.719183656832445,13.0197538577992,11.815169612998547,13.20733049204168,13.312543884567592,13.26991409168619,12.39725261372919,11.287319444848794,12.668824369087817,11.462756501591727,11.22219132453851,12.050810995957123,12.933712805661822,12.965479884620596,13.641475689475952,12.256045293386864,13.659069759042369,12.571981547440847,12.018407913653746,11.622785178863479,14.970347563857613,11.751822519561518,12.684925680575166,13.222878260457,12.792359532221507,11.971438302132102,11.16664378604163,12.024660368085556,13.638843042695006,12.675939995309584,12.912718689393092,12.194064396069104,13.447582683890415,11.955785152583346,13.531803615877164,13.525856386060303,13.830698087609012,12.119464628864085,12.281300009435812,12.035405517150851,12.47606338560581,12.698418311936702,12.758003224649105,12.748002573199896,12.753637863566047,11.743974089946436,11.549805907492082,12.463426230232358,11.846065665068837,13.71765427366304,10.40915777688117,10.059733919313418,14.564866380847024,13.669038232577888,12.06091869978801,13.420656630566913,12.527058672807787,12.413270946106183,13.044392415686794,13.036280302087896,12.636523146992147,11.5104694167233,12.869749047995906,12.716252770760786,12.81038922330608,12.264474128899367,12.805445515591165,13.557084178794987,12.564299818614256,11.553076087294716,12.290179953303026,11.037708255583826,12.293896452240327,13.575579263269901,13.512139887913413,11.635077132964915,12.952485683333622,12.683133834082145,12.247476292693106,13.601594698311684,12.809003062708223,9.728609520618033,13.56609622874986,11.933686750090644,14.01252462723009,11.085402461173741,11.69332544003492,11.206059092736766,13.75464105476504,11.397543448306946,13.053411212952243,12.587037806844581,13.11134917286994,12.80279778332814,11.446135290291,13.688661779398506,12.993819116655255,12.771599692606324,12.421170022824539,13.139968771487476,13.944807179920058,10.738152179219151,11.444206250345575
2084,12.233199918440176,13.373817691012572,15.048817815259104,17.519425809383392,15.031063681063449,16.453344530061532,15.316375047292398,13.380280224525412,13.198947194153847,14.100364601320551,13.58871522335255,13.720104994657246,13.95669747970026,14.250810173218667,15.382516427937414,15.740422940286608,13.197203959864767,12.86362862133462,13.773276017897805,12.51506160491187,14.40432826656362,12.600771585236428,16.91467747772517,13.850735583383104,15.496719223001731,17.354184399480406,11.940571365149127,14.867426733931769,15.123681623002756,13.606290055033956,17.28409063816071,15.583489059106169,14.171669531775565,13.982618215726689,13.386668257253328,13.17689086245778,13.699831748786183,16.39457997614923,12.628509631623393,13.763606134802103,14.032609256713286,14.661794834162878,14.388248426920693,13.993947671280935,18.235450236693676,10.395029713804634,15.828515674756924,14.43444067887638,13.885924192955317,14.833722375333304,14.976143719061561,14.539182728075469,15.69565313600976,19.37344916812752,13.787116887452813,13.972790286754785,14.580764502853809,13.415477824923787,15.386392406633371,11.896813988969056,13.874349610313125,12.748036948336368,12.451194929606888,11.710223307104215,14.0661881170843,14.48283293373559,13.088765697594251,15.264643414188987,15.31594125343406,15.032034224142205,13.658051290427858,12.52732133606206,14.310915993607562,12.450726615346,13.305824831452064,12.989956571356117,14.577295709239403,14.902276656954836,16.556585486816324,13.471520257060943,16.322302391347673,13.803839897979861,12.936908297888612,12.875711833653243,18.116006104842473,13.04569435654127,14.103632192572821,14.940832570519136,14.27759491474084,13.10296291404444,12.123146714075757,13.797863975653186,16.20476713355469,14.205170378088953,14.979793770481717,13.690829340611465,15.289458034155164,13.199034941585168,15.543721365539922,15.437534357542582,15.97367035370806,14.227500732826153,13.520022285373317,13.916356770524192,13.738345499919808,14.912324314532075,14.2934214906848,14.252005833322587,13.960332406462049,12.959872180353045,12.944541698402688,14.243697889635097,12.858106766928637,15.873956929082455,11.635723836861715,11.448718123698518,18.0608931183815,16.04723066674627,13.409467781367509,15.265816165053327,14.844037081074461,13.759621176757323,15.256849611582968,14.487357519283568,14.365083286943642,13.325726418391518,14.228850393515568,13.70444976392648,14.18085118091625,13.500096579608714,14.115015388021003,15.2251174274994,14.627474079961365,12.562891900701368,13.158112451758072,13.210895569428153,13.648232569513118,15.835984173028365,15.294124629186552,12.730250152232857,14.597659775096442,14.114454317675982,13.609757427450107,15.80905658816514,13.775672065175101,11.030499046587426,15.579830571847117,12.947584962067394,16.119488352342792,12.1226224941404,12.970355120042097,12.209053833847461,16.132882770636805,13.575407628131952,14.81700869989784,14.234655430783398,14.7454489544034,14.055278424173599,12.672376530325934,15.779767173382902,15.617614955843795,15.134413204763252,14.679740421150047,14.957916985549357,16.573918451433602,11.910165756616902,12.342248942541044
2085,10.43785428871279,11.187783540267011,12.658298857186152,14.174422619135484,12.53958072043631,13.315956984727608,12.569167918323178,11.054425354723048,11.087047748915527,11.705668644817631,10.361014137611443,11.474060720764099,11.724471986941671,11.076566812703794,12.534827922673326,12.865655364063771,11.021302295119867,10.869254364267642,11.429718255996699,10.115755402645014,11.6925139747884,10.152587307536088,13.641272491734963,11.71665855659091,13.125284034272898,14.329956847688429,9.624027167001499,12.535202619619673,12.949725760065988,11.323079398468785,13.992355230061909,13.362352200176407,11.486429121507252,11.600938599637667,10.542579497656098,10.337293346169528,11.380704769864684,13.026680786972461,10.720613834650623,11.48935665753063,11.516746426608576,11.91399291999962,12.02887332164075,11.702762369815586,15.38471423543018,7.569903712233769,13.328300901081251,12.177263580991522,11.526321686561344,11.472575011258213,12.04995051085058,11.261671022876449,13.058551758244311,14.850329942029457,11.521729313161062,11.27914815881978,12.140727462925263,10.416227643580537,12.628878313886085,9.429267586947867,11.290390718404367,10.101941540675321,10.299553053129628,9.3253902980005,11.344600503859315,12.062759568833794,10.882174323920323,12.690395968601763,12.872605663278831,12.483940852563018,11.448085818277756,10.219504786331369,11.66792916247378,10.592685115078222,10.633202226751525,10.96306093527085,12.05046527938027,12.2193220053678,12.33508799387061,11.326110614706646,13.383498002572555,11.424641209695002,11.003679997895077,10.572061349030424,15.242020404857138,10.815802661621051,11.683934709300162,11.843052068289941,11.77149687464471,11.098826679198636,10.328137579171553,11.374158199390644,12.95592566709156,11.922180469917219,12.264066477265695,10.941796006088186,12.841920229403872,10.879011322177297,13.081801335448807,12.753991000516262,13.393036975424094,11.59285849964489,11.182335278191406,11.381755293471585,11.450782818152852,12.063611726833347,11.082469541579487,11.718618566089347,11.665483668122603,10.663543294629324,10.142613503596053,11.813838345201116,10.6960894998325,13.48150634765625,9.296084732303155,8.60191635471647,14.549822934295825,13.36247394687456,11.285503375789393,12.877218609270844,11.773301376070346,11.42805683337476,12.617008033977902,11.386180646960499,11.940083052355636,10.846791092954254,11.869218310908128,11.651019897149956,11.905686567820934,11.094989707450507,11.840312593090143,12.917602023352748,12.016686645538911,10.441247162692575,11.200512722782468,10.457870507693809,11.33458742240201,13.275945363161359,13.119478098724205,10.73062290542799,12.213040348142384,11.67733180717282,11.281806951520316,12.957726742100457,11.662731136964718,8.453083067727475,13.05030850098347,10.797244502150495,13.358934246975446,9.943612236286638,10.41721154012434,10.366249183273833,13.3870193556599,10.826583337403186,12.290571746132944,11.777246212829715,12.077636835560117,11.724453095508663,10.354605289014136,13.081596812152341,12.679372156443806,12.073136133749202,11.951182657731293,12.424864925282156,13.642310848236894,9.495242140579805,10.332559172084313
2086,9.536793610000093,10.394098864301395,12.819367952158913,13.963023205166278,12.661473192436542,13.102694509146009,12.879807526691128,10.809532081303386,10.071586303574884,11.494336023926737,9.305522589417901,11.379872802483002,11.958581978576667,11.107119696295781,12.878067863538218,13.174757856146798,10.880048051800417,10.793802979199782,11.289141440359149,9.117939875177717,11.99533106451449,10.095340270872999,13.662718965631461,11.958904907107348,13.15937745895075,14.619273062633434,9.42908083874246,12.7142644490004,12.871656782601193,11.2184088377525,13.747216915306838,13.536164510590227,11.71979668578538,11.456664399648812,9.58241626074153,10.599210855429584,11.1874823362931,13.489899561861934,10.300098304839238,11.379817630285801,11.662167817592097,12.18751197450025,11.895936379452111,11.469682380881,14.3823245064072,7.29826112008532,13.215615652177647,12.044583639453933,11.40753536315068,10.524835883275328,12.426473737896789,10.329856486100216,13.24549398838502,14.679294798442204,11.80089166355522,10.735009335629321,12.279691469663272,9.45604208144157,12.610451765277466,9.2300598439963,11.454889038496693,9.9580707081958,9.313066159253536,8.314541576835124,10.460270437047539,11.88279898772421,10.738157153129583,12.853938927307077,12.918773465506408,12.60492632210093,11.292026250906611,10.006516501469457,11.573886643366324,10.51312175295923,10.839062449192049,9.9593581803467,12.045453803046888,12.385060778778534,12.290711051743964,11.248202453812832,13.187408073116906,11.203014429496685,10.450141639003293,10.361617470565056,14.16604958668999,10.666139793784723,11.578842123565467,11.845412900630873,11.66252214068031,10.981747347051686,10.25594495139692,11.514161176655604,13.392032840815578,12.166335119460912,12.562650006831337,10.888922752893489,13.071095831044344,10.66770563630954,13.178522020380987,12.945874976642108,13.35825303585633,11.786769298269697,10.98202538619871,11.576569184013033,11.24185478492924,12.343729712676419,10.133031120655408,11.615632337396557,11.442185178318107,10.450324177742004,9.1886548889072,11.939756178661536,9.699825347522676,13.272024592951583,9.090279720622396,7.842171842455053,14.315618768334389,13.228598369204486,11.577595308585012,13.052643285213929,12.15494698719324,11.280360166469348,12.581264920370733,10.510208893567324,12.099846610718448,11.019053192242334,11.68573790618583,10.85160987921383,11.747470338383444,10.454834513690162,11.641657633625945,13.029482505439576,12.213652580571566,9.454333790618444,10.221621861600356,10.691764855676372,11.233855440240834,13.131930018734675,13.113865638556687,10.647025357081516,12.423845715496851,11.579506190898625,11.18586464112868,13.21128492875268,10.637827878412994,8.103388355923414,13.19709000590703,9.790154108777644,13.637281857916843,8.946044501403106,9.799081821723476,10.273444727447856,13.425644426404133,11.061470596038783,12.502773097351842,12.048303186245588,11.88671406971939,11.497427811441217,10.133885370972363,13.3240388892591,12.682871614166526,12.393575310960166,12.087277043043922,12.58152913172608,13.462288426179642,9.283388208678884,9.333725559970606
2087,10.459741215019125,11.09030919878379,12.053870450644549,13.929693578054072,11.92104410347731,12.523269448591318,11.980182164065216,10.514103057915749,11.068948301284214,11.148952489232885,9.698145560930362,11.091719334702129,11.209236676359307,10.65586938109735,11.936800956402138,12.26545518312765,10.609069997525735,10.56622585200745,11.000247119885422,9.946055541543856,11.09074608993757,10.199465620129006,13.137156794252608,11.232410387824414,12.557954457689727,13.922935271271223,9.093515842505123,11.970541558511885,12.392624222713971,10.914520241117671,13.685506745120106,12.84379557394625,10.895213836723048,11.14984847953462,9.926509336365953,9.694719403334288,10.882427245216528,12.564432472638462,10.612580554478845,11.077751212105479,10.85751353269038,11.323174738851579,11.60180103665461,11.172737914906898,14.335320585447809,6.871371393643683,12.71286833286286,11.742220781257622,11.13959616101752,10.916459977424342,11.440657310187817,10.672093750989957,12.448436373925725,14.58040779051574,11.057253440113174,10.748581953022791,11.558601077484047,9.805185528229112,11.939125864726043,8.86339828396297,10.638882386781598,9.55352941033957,10.278998686567599,9.161073609903129,10.783851415323824,11.605823264578762,10.483866965479177,12.070600959379988,12.408589444487639,11.908253844341505,10.997257754935521,9.672480172437169,11.125091219887787,10.352024009208316,9.989227043383801,10.940128429914301,11.495856425684437,11.546483033215223,12.26039620359307,10.955644113214122,12.639205017896447,10.88666623118131,10.897851640925456,10.051034278843716,14.169957980513573,10.454683197257312,11.304949776957868,11.403595611615026,11.368806951638797,10.803643348991226,10.093841148499887,10.725666607365657,12.424498534720883,11.40286398873381,11.662775693218345,10.381977324252547,12.286934612885771,10.360044703859353,12.472497555872668,12.098548866363002,12.753913038450738,10.956992399433387,10.66718677042619,10.779744382137839,10.942569045592908,11.424730573659359,10.49768607609946,11.308130333605018,11.1490487176925,10.127369631891668,9.581455875431066,11.16947489547665,10.679870958561482,12.85067070469908,8.732820322980052,7.950061084905072,14.259585285316346,12.678678447137706,10.887236493842112,12.309669631978739,11.116862729758678,10.992426462319642,11.981737582579903,10.868600747831488,11.328101543304713,10.237566212475626,11.339304694015052,11.571792837718261,11.472887061192127,10.686297607162723,11.369034045902284,12.357441936174167,11.40193579580797,10.415142697160661,11.206009250296201,9.805702925781192,10.956307537691751,12.607905970805362,12.586305534386122,10.401231394513797,11.637878950847233,11.29094464979742,10.884709909882234,12.351639966277975,11.647778070754493,7.840124568699492,12.436513671732472,10.779428265017017,12.785863001385465,9.926388627890015,9.840761873871088,10.042497102657093,12.884910194729661,10.175005305882381,11.67849421792704,11.23515446905209,11.554481180971896,11.212630510127736,9.834463535443598,12.476870762265245,12.186335326536842,11.4301988158537,11.362643930008227,11.804974516408276,12.904799979827976,8.943746694404146,10.340306357966492
2088,12.41365084959113,13.523848320802921,15.692288310631461,17.762297163838927,15.484421468623308,17.554807073882092,15.833860526266305,14.233386678621173,13.289132357291553,14.951411811108498,13.934444453972194,14.127600580453871,14.613380369932758,15.185468511177616,15.940448411456916,16.265162013795067,13.548778071149211,13.271086834047152,14.196066862498615,12.625206722027581,14.909152843402294,12.691137648147087,17.327804008255836,14.499278130738636,16.375487055467524,17.849388557931654,12.816199545950996,15.519658757292708,16.044497401817985,14.020187320106706,17.546718333078466,16.089908195578538,14.708165649446132,14.370712383225078,13.656472322733507,13.699962317171689,14.533614602466312,17.05724831249403,12.98409034117408,14.168420758908207,14.63583519180184,15.260799075517323,14.834905344830906,14.842536883509677,18.27134458915047,11.477642521910047,16.834636970706608,14.889197258197743,14.289992752606452,15.26605557617934,15.515774447470905,14.931668238147445,16.169934448988545,19.694638063078347,14.45865386076595,14.61592215170031,15.228779904220417,13.716627156361938,16.24109798791292,12.864966212731343,14.438547044293955,13.824241008366583,12.512165477661336,11.84873012833945,14.328038918583289,14.897318267627902,13.469331339953227,15.716270261808582,16.0931920590608,15.670775475061458,14.229713393851062,13.381586813408395,14.798098172830501,12.871859008851262,13.847658118476044,13.101039813912433,15.123492499570483,15.656415420017492,16.529156529385112,13.878959222980168,17.365349796803105,14.715675703290367,13.23079741778581,13.728508335335746,18.160488102747042,13.410724819354389,14.541712380945684,15.914528869416404,14.712881718478778,13.509836498809898,12.533201655615933,14.455695909650432,16.792422320531767,14.873230608909031,15.49030650737088,14.659219834467638,15.801561949045764,14.06927262214215,15.9575632331164,16.185325803812187,16.777348505414054,14.682989056343622,14.40133419142955,14.522275676764803,14.543878770878779,15.438108254386032,14.685143498541867,14.685103538243666,14.840406841902148,13.814180450109038,13.212919306495913,14.909179417983346,12.919454569239985,16.720862704774607,12.520822520739827,11.952657081510715,18.29941429780877,17.055142677348602,14.041375554126247,15.745286872853406,15.455960035810007,14.276768216458352,16.013344482883166,14.906202858556878,15.024330288495706,13.961323563171467,15.042569457512835,13.915474191955898,14.575855893771285,13.883587480765648,14.727883957650356,15.817765356405921,15.081948379945501,12.634284081909325,13.310557111449864,13.69549300019508,14.060250526962236,16.83296434516492,16.24011261566826,13.122746418351715,15.283399760075243,14.546956931706523,14.018605577718958,16.311353441165842,13.885266131680945,11.894803671571223,16.05156600021798,13.023008620285475,16.60875769801762,12.179665836789038,13.477235658175271,12.568600938371995,16.52467677645061,14.070934938469337,15.536618871533353,14.944911317980807,15.173261069854641,14.936865187371552,13.553528409937154,16.26093573803487,15.999166057161663,15.682244186221283,15.128603583687674,15.645986211445674,17.643311659926955,12.891573525641281,12.495682534964185
2089,11.678608384833717,12.542201598701267,14.012148471630137,15.69140133650407,13.690652328016965,15.3341890314351,13.874387213555371,12.532484308452059,12.45911602432961,13.17129578838206,12.318908638118405,12.57491534320655,13.026830357377952,13.114073464403985,13.867848232388496,14.209045786572544,12.099451867134672,11.868519955642435,12.563864002085248,11.669132290650971,13.005329238341961,11.626691331034124,15.149342372527594,12.981985472112328,14.637847597670296,15.930234174365582,11.096135690403374,13.894997615529139,14.367965864746466,12.455778681794582,15.485496052257393,14.400157477544706,12.808187220913725,12.775387310139509,12.349443241126293,11.67445402284679,12.801338211835727,14.83949317119044,11.883001480737455,12.607976845506096,12.87428135914809,13.302954157895373,13.197079919278627,13.136832434926992,16.389183554960336,9.383498766823955,14.995381989556813,13.311988023879087,12.667811026634734,13.542995352055067,13.466763471779618,13.305618409796253,14.270564432377396,16.927455979358896,12.842562082669012,12.986584685418917,13.498388503435187,12.243555435343934,14.311278023473594,11.038591176190456,12.616680962883914,11.846446581913723,11.691455276763957,10.873286594029356,13.079174582724983,13.248324539026488,11.993013326767025,13.88297869410852,14.501168631989028,13.832604078899912,12.669138376155626,11.673480291729385,13.02696026602517,11.550717384351989,11.951449196299786,12.290576499117458,13.37842748913428,13.756962914991641,14.654662063588273,12.3888864170193,15.312566752343074,12.939992782214414,12.18236098017382,11.9955363056582,16.219256868828893,11.952127513030302,12.876131490966227,13.777203624258222,12.997041446543454,12.097823015495162,11.250006308374198,12.769197931189252,14.583137922312904,13.24685925860768,13.571743178302826,12.636145027435344,13.98316441962252,12.34320956549567,14.186261983466862,14.28846959291917,14.976345890566062,12.8132162667487,12.654541022913614,12.723988440211702,12.830189139460742,13.394907449250638,13.04752123716247,12.957362316548826,13.12247004270878,12.115148176641569,11.919938955779957,13.214295119695043,12.09934696255495,14.98628668940586,10.790743873981029,10.393621929759236,16.12817932187539,15.098590522518629,12.543864285816314,13.99323570339576,13.221643800057633,12.638328097436741,14.189361912886733,13.311453443182549,13.315228824058307,12.213444239095502,13.301686496190408,12.927878913834043,13.00431160701682,12.58988607140339,13.088069062680006,14.204725153096343,13.236722431388564,11.821907912340501,12.511925599841481,11.762469515528373,12.476418092522934,14.932513693104625,14.522636294364935,11.743060019677102,13.570966442156097,12.878989434922518,12.437840001090716,14.247703797386396,13.056442080794472,10.0886054660963,14.232547635941401,12.190579597554782,14.627820443200028,11.359016161816927,12.05403336558653,11.312888024293853,14.650635034655751,12.12347438396967,13.730432312773626,13.192472956345785,13.381961641914174,13.178725324996302,11.826585775970122,14.340898799831455,14.016734169310206,13.480130411036642,13.208945875865934,13.86525531352052,15.561013258021816,11.069243448098067,11.684626908243995
2090,10.692949383155161,11.483689757225955,12.993882224125711,15.233287339625146,13.123373287365489,14.332084742901118,13.290978655219089,12.001115269263016,11.357528810105894,12.649708926718196,11.975368233924,11.857764956824807,12.055690955532638,12.5927810439759,13.266395183037156,13.614179474504093,11.35947815343009,11.232361192288606,11.80918559229568,10.710146830943618,12.405388703063617,10.845661339552507,14.539076228585582,12.017056961422378,13.79584753254186,15.445247287335603,10.583874762382194,12.871680031874746,13.689419388771062,11.711374991370937,15.040411687415581,13.913805979749435,12.238321088578392,11.97307818528751,11.9193329192779,11.067689956206344,12.28085237660486,14.238495675118076,11.056032896041872,11.870461960525613,11.925399645191167,12.69630151695531,12.427973262317801,12.646348102008114,16.314206942268044,8.80872346444622,14.19820516783258,12.568485964433817,11.905343932302102,13.195424909662941,12.816995961753571,12.9406181410279,13.708621880201543,16.257080880520135,11.877515286855076,12.593174317608709,12.469848633136433,11.905555655774863,13.246556038279897,10.496060424732331,11.770712977032298,11.2653706682765,10.568992679974105,9.925747130876003,12.647263797081038,12.436690624560354,11.234393424184935,13.309884744493857,13.730288308599723,13.257187569594905,12.027185811458722,11.160347253894031,12.040953171641934,10.941006114949353,11.232176802647507,11.22869421719857,12.399137122703356,12.548985748673262,14.57384763593259,11.709137202442989,14.342347069926886,12.426493886837982,11.324642202128537,11.512177390288109,16.16471342936806,11.168684512376787,12.069769550408441,13.302263769199667,12.167398740982879,11.44921379763147,10.667244197233861,11.660938193434445,13.967231688089674,12.274621555662678,12.960570546676928,12.045960961071694,13.459675718908722,11.831486158072956,13.656294780904831,13.11401256756938,14.028504353502527,12.217372546863299,12.14326940165104,11.858716700711978,12.321106344299471,12.762711497995516,12.72550839068287,12.110552881317945,12.622701344728148,11.61194365746949,11.459209866983736,12.093006665494455,10.966992407348817,14.271530845890874,10.281644002089038,9.961246529998986,15.64267894236938,14.237720204436267,11.642219701538915,13.46661553305128,12.54086575823148,11.93702506662711,13.247194322878899,12.993329448220523,12.2682616423775,11.240169833535736,12.788879821036497,11.955407664827678,12.26319230364069,11.933230842463672,12.486217721324905,13.228575519245604,12.660384645483092,10.703647505127542,11.478691504053446,11.160706929862505,11.709395306508824,14.117868021778438,13.857353619907215,11.08368383931077,12.545035023971096,12.061847390040107,11.656166775557013,13.684254185175119,11.935547971531106,9.614524009759014,13.659115277210493,11.067020385890551,14.092460158078572,10.226066771434098,11.575781949350372,10.673609554767609,14.10577091056368,11.50508266428243,12.655466534683239,12.16703400760889,12.471232295441242,12.682922808534432,11.314814539039105,13.752924509022547,13.477718118092287,12.849933313772732,12.629045858999474,12.758698516707543,14.61215054340985,10.568563902831599,10.574024926952047
2091,11.252118525297748,12.148431835939055,14.051907017827034,16.235612791517507,13.823135676429324,15.552437367322657,14.032660671064388,11.967107418114727,12.003646298595102,12.689744834018791,11.84512500205766,12.567122016911924,13.094435551892154,12.688330377978476,14.106626862619558,14.416859941901238,12.061709979872989,11.843635166468827,12.59579336805188,11.132256813347345,13.080759613410283,11.351154117480565,15.499605972481815,13.010507443028942,14.812138425267259,16.237340025279835,10.573190919407038,13.933421964392714,14.576448487198876,12.40471025783083,16.03138624326042,14.61495744663736,12.845905062621059,12.735985261590587,11.676632322748091,11.803852963828195,12.36271593169026,15.02950236071711,11.609198347381929,12.589686058704622,12.881868000587689,13.325858355864229,13.197862716391683,12.6328563346811,17.16063378168189,8.733581072873555,15.180830533089845,13.30100695918436,12.683803399295911,12.984562110641725,13.586749912240876,12.690916279087896,14.447445315430345,17.63565073324287,12.928525706348214,12.475524078244748,13.541759169620017,11.740597896277903,14.4269845009498,10.444344991767455,12.664474243541123,11.217307506817514,11.236658728317076,10.359101107748955,12.404179190083047,13.234656754395239,11.929968351093324,14.010728473572625,14.74912259630535,13.714744900555715,12.397569450347323,11.145731830078626,13.021850043664807,11.482367774714596,12.020819110714871,11.850407995607542,13.412294583476111,13.805680802739827,14.705516169900479,12.362261020618934,15.480590880807972,12.392061779032582,11.90368013278298,11.526995830561805,17.01944040733835,11.836928952541003,12.839688527519291,13.413228459615747,12.983665378845254,12.04989692957505,11.199070935663967,12.767431108523976,14.851804337423781,13.3155911632854,13.67020308582679,12.150171192403397,14.1994046970554,11.834594333949296,14.350016434879409,14.365903732569324,15.095729576504752,12.932833134237189,12.158575263360275,12.763475946920073,12.406608417630197,13.561138672526402,12.54443607641303,12.942393701483056,12.601877324607061,11.6089473951446,11.274958507441314,13.202292201311696,11.627055458076622,15.195644847724743,10.24554723493107,9.791069270638022,16.730400865492612,15.318691233577935,12.614766123502154,14.162314184333969,13.443942399493057,12.528598558319654,14.29179808886155,12.840106206095736,13.3595983904341,12.245399242590949,12.869389268367186,12.583803096543187,13.022991387578456,12.07191059058127,12.878033642049719,14.304064206455065,13.351826552463619,11.358732074569994,12.07271350984988,11.853006830196021,12.435377571245901,15.159325775892839,14.780476357625878,11.692332513954328,13.647009563510837,12.835403606295586,12.371376919195706,14.510844458542435,12.58070581633112,9.542245002099028,14.362060977105537,11.725940565052243,14.86822477630947,10.896973166533787,11.40710521262625,11.241855745082317,14.910705461450245,12.218449777235156,13.831401267129447,13.306091073090618,13.357854303458463,12.699064071411671,11.295385196541801,14.49094444529518,14.316989671924842,13.732394099276025,13.38917834765237,13.943826939748684,15.764806841702573,10.547185075347837,11.237752913132955
2092,13.081905830408568,14.08723780553302,15.357228119371701,16.461178246561598,15.330783835571745,16.01189655988761,15.728080102627207,14.081913837434161,13.895393660939908,14.842883248044101,13.786955069365874,14.40872261333077,14.32558947943313,14.874279375957405,15.78079299596341,16.108755815450262,13.838704562099377,13.571207349229118,14.458283383561222,13.038767663033113,14.815382695068484,12.846036354322797,16.56538750425629,14.229764439732481,15.394895222685907,17.174064465676967,12.68894239207325,15.132187755535478,14.89778772968313,14.305466846279478,16.19999843220348,16.002698291902956,14.574995265220815,14.677431543889137,13.60268550107013,13.520768668664541,14.435531798264254,16.602186017710235,13.536768443558527,14.458490215727817,14.305777307518799,15.190190442716302,15.071251850129794,14.685689341519838,16.462512717298836,11.405583338123627,15.628955530731577,15.019597242788779,14.546937561877401,15.1572963355676,15.43715996700137,14.839997751557314,15.983560307518296,17.887945977889974,14.205826058011993,14.53504300506219,14.97440581246401,13.52593837986174,15.335049877996033,12.794616427110592,14.141376664619088,13.796240462881068,13.110786519377776,12.25848088498511,14.231970711489735,15.165143513971051,13.820335736498237,15.543667054046757,14.878150370295929,15.586469430638399,14.357283241398962,13.26787507793178,14.977817787424378,13.196944348190144,13.612371129510198,13.727955100491,15.091406056090541,15.23753463703653,15.66983632678571,14.18049263059283,15.936224492347758,14.62548311200479,13.742026562923975,13.540586110131073,16.333644158328358,13.735068953717532,14.834352726116782,15.59212952398736,14.993121664728159,13.790210048303662,12.849127044496333,14.079384860785115,16.43644758605439,14.58064728894312,15.40242589297502,14.589530691504478,15.676710860803722,13.926692856718665,15.767224191971447,15.779912267042244,15.837412086841853,14.496375941387983,14.2738771069309,14.278849285581842,14.429638224451443,15.274445239737954,14.509287416287092,14.963934292409407,14.72178180013662,13.707776886249045,13.086972877383232,14.504867621090106,13.524339517902426,15.516246861089831,12.4168592610437,11.891358801852105,16.869368213917245,15.6854798419644,13.84874559031881,15.61136622111435,15.30349022506372,14.457827537280062,15.147573085582774,14.751392935929093,14.69284566645713,13.662404659649603,14.87715873081723,14.46416102876158,14.801839812294297,13.986287694748324,14.744471615423327,15.444573469460016,14.921173003056776,13.260158178598985,13.941835913645189,13.53029885499374,14.350785319733879,15.515204192625117,15.068743405134779,13.469630137369363,14.940883701424235,14.848255513154943,14.320034484905394,16.106115124552794,14.52147809545631,11.801597441992037,15.902957063816164,13.634789363845538,16.435376259133864,12.784315370671127,13.425289785246486,12.906913582883451,16.044741405093156,13.887736936626228,15.179898959260596,14.648191495434094,15.45690984505674,14.772680656417556,13.424708271804068,16.11697434698758,15.336705627648731,15.466046108985728,14.79798847080573,15.243705640992397,16.212799851013276,12.85561439686495,13.227579789074218
2093,11.497307961401733,12.323854517839527,13.664809494562771,15.626103644785676,13.449916737235114,15.323483814687833,13.654693108537924,12.232267657294868,12.245737935213938,12.908944990485912,12.24684499599971,12.409743963497815,12.695121815671088,12.836654822787512,13.658235570334876,14.004773730169177,11.884985959645789,11.741201289646005,12.400553510240888,11.488876149058342,12.748897677125495,11.433422018652378,14.961989820003511,12.644443318247795,14.541475928348039,15.595291059950124,10.805402258896962,13.575541060903802,14.388346526933754,12.27793323637351,15.449509475542152,14.239151892454732,12.574558116657576,12.556193948439931,12.183696540639453,11.425469176924747,12.520313012211222,14.47133686101955,11.71301956086055,12.432402758980572,12.547001925823484,13.039131099277219,13.065681144088998,12.888051932110734,16.745597124099735,9.051730676189715,14.981599447519883,13.158108631391885,12.48933343168186,13.49868190013196,13.196971475754095,13.206736060588254,14.063764537806096,16.825514161068465,12.508115961499836,12.847288302105406,13.166547586088596,12.170485932541931,14.111390501746666,10.742902557325104,12.295851026540221,11.539405501731066,11.473361361528871,10.700495460111165,12.929241824247269,13.059402951079871,11.78299481909641,13.648327755377345,14.453154092249664,13.569012650329134,12.44321959943551,11.361839481507957,12.704457067277122,11.428272753953934,11.67823357232239,12.091583301839623,13.071626604251238,13.3960547639138,14.639984244885651,12.242179403203012,15.280716072606008,12.678165267909998,12.007327951490879,11.748116219264414,16.62703266351119,11.76327968777522,12.677034450532954,13.548179683154046,12.788520984027697,11.958069477392282,11.139128148555757,12.417282890690412,14.290549392285554,12.902168426824657,13.321372284230009,12.337152404629666,13.805168390274048,12.048142476007344,13.970562419813614,13.94101923274929,14.840264151925625,12.564793501859127,12.355741674647383,12.441298621504206,12.565946854087244,13.153241871491725,13.000167444672273,12.743966765053894,12.86606241341518,11.809732233376607,11.795641884531664,12.849136806558818,11.888926202512303,15.02739242107972,10.487621507081,10.189381849390218,16.08463801249214,15.097426932791006,12.232439582762511,13.79227896876957,12.964499310630819,12.442273615818953,13.98753475851339,13.286908764230173,12.986256965476532,11.907303987880764,13.035240203871027,12.74573630094528,12.83108262766315,12.374259137588998,12.883845081552865,13.928343060871828,13.005301434647942,11.605289044263568,12.324763687489476,11.498318781023437,12.288978645982949,14.937821035799773,14.542694387228593,11.587367665326303,13.223832779989133,12.674120924071133,12.246029925735103,14.076154608441438,12.835569831502179,9.829740439865576,13.991017605299534,11.969049343272399,14.456299496733624,11.148749617616767,11.806429957728026,11.143121888780076,14.458351733891863,11.856430847643189,13.387139445089783,12.856978337482914,13.145127398164377,12.890678237961684,11.561731407175893,14.121818572930668,13.840018298314964,13.270384465870652,12.977904331824826,13.540714026145318,15.540564570737926,10.8164206545638,11.479219998354496
2094,10.921629785195638,11.783789814772994,13.686306278342789,16.177219022875246,13.774664156786775,15.180253589606803,13.98263810453532,12.534200423599588,11.574775086796802,13.187637497711444,12.154673468928952,12.344235817942282,12.6904349476099,13.480200819914108,13.995799040502831,14.340865531693334,11.826398817093478,11.657610893897388,12.330851296023669,10.928570420035852,13.104868328117808,11.300629403280174,15.439397250342632,12.63057066176249,14.44987759382828,16.348865936631743,11.086884358330911,13.566206529088644,14.266700705756318,12.213817666608678,15.968274388624275,14.483604799146237,12.928267359085707,12.488063236293593,12.05510321599634,11.802949870896082,12.780501174295079,15.176145414943285,11.392816079699477,12.363481268286707,12.68668334234668,13.380566030740743,12.98899755788886,13.169766265251067,16.777990424114726,9.397526983313425,14.890642806239752,13.116832978375582,12.409232650438083,13.454684406195,13.565263880983645,13.157304603444498,14.390644067007562,17.56493210922117,12.50480667015781,12.956160514251048,13.163644228616489,12.065268233580436,14.050891127599318,11.038771652940499,12.510094605507733,11.841460130886054,10.796853868047828,10.137245244953945,12.775584675209682,12.983190081932618,11.711866909071153,13.986842986034313,14.363280280776646,13.889160509018794,12.50706017389894,11.656189631427763,12.653089781008338,11.332632707512902,11.962423099549085,11.455411198548974,13.027629727740656,13.392956332587035,15.53550521705462,12.173132959915247,15.14876544605131,12.952650413565019,11.640090346336367,12.02759347483516,16.613350059675135,11.635588957239754,12.581336704285249,14.11179803526434,12.699871700003985,11.869729283063306,11.042817345131999,12.42467152234167,14.850514506192312,12.911255512548538,13.661951003191266,12.663557122582974,14.089685104463411,12.349253299443621,14.298888765923355,13.930380678978633,14.77160346378451,12.928709547480814,12.65591917705277,12.593458020978645,12.80193530048406,13.488542482175905,12.949735597909795,12.649620938722206,13.131877244288185,12.102227654470054,11.604970089119416,12.861368277150655,11.204340723545657,14.924084811106972,10.776693655096965,10.228144309402484,16.650953069977135,14.968234296726148,12.221779426802762,14.080800953118697,13.322901971314264,12.455344569666881,14.008507137713226,13.245686114482263,12.994697410289366,11.973375702195842,13.337412711718809,12.2391291960426,12.777471232025519,12.230448415259952,12.995729216738887,13.926336503547173,13.337952812404737,10.929839012820436,11.696215845320538,11.874793817977546,12.198712952677967,14.808197144580927,14.41352385023366,11.515937992736049,13.23364913056645,12.571287061978614,12.165057388498731,14.400640365951087,12.171974933017857,10.08017568014886,14.31926150636181,11.292234704546308,14.785096848788474,10.457708689586624,11.84836333990097,11.075391604200659,14.83915628039319,12.238620147190014,13.392543054145321,12.86013216385618,13.056778091066722,13.18824554315728,11.833741822969628,14.448894088682925,14.281498443821203,13.620689550333703,13.359584039967993,13.535860806217665,15.422973348556656,11.092686053426204,10.858428956414373
2095,10.187727098879604,10.772754259893428,12.006734537871797,13.805706350699712,12.185555144172648,12.766078627303896,12.178877679712102,10.349968377257818,10.75275096912747,11.050675977547856,9.386419956552112,10.783812061478589,11.15689256989762,10.22842092115594,12.123953712557485,12.465342384722566,10.345367980877995,10.289008559092235,10.694174850481039,9.629724679454027,11.27452589053175,9.687798454709673,13.200357679601591,11.165559554229615,12.662760236988891,13.645855229833849,8.907999217145795,11.925392526647318,12.611130229804829,10.592345143708847,13.59145249232002,13.067997735479606,11.032885059714317,10.847368345029004,9.605141403558461,9.878112474355197,10.694128805472841,12.336359946624098,10.345570296696996,10.773766678312551,10.90746277927057,11.466654901271284,11.321510177429603,11.0172839358287,15.649864606235337,6.701372524318487,12.942568030694257,11.497236022644719,10.806765691741651,10.534660354256626,11.626126426069632,10.255660279694457,12.682439532454897,14.282132216121841,10.976624563012434,10.50321978201037,11.451626460837284,9.499222445220726,12.021579987328982,8.700751278063525,10.727197448763514,9.359026377615722,9.964823344965344,8.845948685325038,10.453675745864926,11.298157117936922,10.208766874411834,12.301766210600086,12.386039422905966,11.989943844792636,10.738775855335204,9.494879083464973,10.853730133613167,10.094569398009256,10.116113602340668,10.65350330135097,11.294089643973047,11.502583921603536,11.140149080235028,10.65762242350889,12.868025688211558,10.744257775823707,10.620331063866617,9.876523897942642,15.534330806006556,10.133536092936994,10.955082210509673,10.994008465629559,11.012200343361853,10.532524317502975,9.837275871764058,10.675580841428397,12.383360576694423,11.341374335081678,11.862420054881468,10.240249310336681,12.492205479870671,10.185157634965751,12.721267380792161,12.059886699947326,12.842673176656604,11.162396946678994,10.490112466332702,10.818197762512643,10.764505953244546,11.6323901531489,10.147910621827064,10.940152062993977,10.983284972932028,9.966209557866577,9.264935714314163,11.136512691883937,10.364290816952355,13.114714994378717,8.559570855096633,7.681049339392267,14.13708032732425,12.893657203601759,10.798225941865343,12.534738562677225,11.314353058155133,10.708290468172533,12.069160751917446,10.531806439809179,11.261647717460345,10.200228557840964,11.220106955779636,11.267267946315853,11.183047537894355,10.404729559612665,11.147099919941114,12.328428758551246,11.617488965392113,10.112044402762598,10.91500150833441,10.006511330118645,10.625486060784647,12.839262515306475,12.762531003226407,10.133701457925465,11.573349956585018,10.930728346281484,10.543546164813252,12.570543091582218,11.3347157895889,7.646734627720435,12.691292516239313,10.456391859313715,12.973925108494965,9.612304779336506,9.574759503644286,9.805057922135228,13.001395064851511,10.36447807000545,11.63550844918127,11.174965341130033,11.205127390506478,11.042922198772432,9.66195256574808,12.694558059158934,12.257529725199163,11.635779109338056,11.520565299236258,11.766535071089216,13.139681961873306,8.809347637281148,10.03810353188411
2096,12.51650559813108,13.651358990565596,15.534773520274978,17.510676140370578,14.960269961182192,17.341410442538887,15.26760684731214,13.986511804163456,13.378170971961127,14.654965696775395,14.478943360564505,14.288752722391944,14.43169207285847,15.173856577633519,15.29028410205375,15.666081795225976,13.713355285156037,13.395186732806591,14.371178085389344,12.863795623790635,14.378513439517956,12.909785696345827,16.87466610968113,14.301552598243175,16.085070113772936,17.400993602431342,12.512153460765665,15.36812767645588,15.719256940095326,14.18449488087841,17.32348021929679,15.506570965051653,14.20702929600426,14.552766387877261,14.231067870622097,13.127026385263253,14.237923814550696,16.52555598853075,13.068016201014752,14.331338389938617,14.388780825487947,14.718100507784149,15.046047894385362,14.592064215052554,18.112725470377057,11.122908286264408,16.573690840083625,15.050167740525112,14.453118282167813,15.914268997052442,14.913546220277965,15.595678512978818,15.622670290586743,19.395703826261602,14.209366998918679,14.826580524768524,15.097147672720576,14.22676169548346,16.07483836967984,12.578430546204684,14.097618511189587,13.516459264913982,12.628937952220442,12.070057815183766,14.862913785664286,15.105139451182401,13.635846648041316,15.200308463576699,15.82094192504883,15.217187554615998,14.190582996537993,13.065154498685962,14.934394644330377,12.973092247934447,13.408742106803086,13.207200572866464,15.126060012242077,15.526809081921114,17.39427708866804,14.0263390281926,17.176093700787295,14.443466698426915,13.315809256518667,13.43701881203679,18.01467681708543,13.580414060503244,14.702443241749123,15.79200041261704,14.88589659916318,13.620895932539893,12.633296948179357,14.368404573882403,16.196834354580425,14.654237893936427,14.954374584126402,14.280361817582794,15.193593226049263,13.75929865548792,15.473196768890261,16.03951800306854,16.61756136705694,14.15884874728711,14.064538188440647,14.245084105788365,14.240089454728627,14.841938066093821,15.290615986789698,14.859674044925232,14.572043126853911,13.480275942093652,13.732766194835953,14.799808171537265,13.027795970115966,16.509333142119907,12.216171903049819,12.259396776233029,18.039698034524918,16.77865826630074,13.812494191138644,15.193207356592879,14.747756846735012,14.35374067594176,15.81994490390239,15.514498420454483,14.902288426523628,13.78750328970668,14.752420216879766,13.996387909935871,14.756151606328785,14.037499094786856,14.676151460684512,15.709290707564872,14.568873608727824,12.766015917710638,13.386792384411976,13.158034111899527,14.226083632072676,16.541187580634393,15.836785523787794,13.245587030830588,15.06888552504065,14.711622958273992,14.192025044042131,15.718547613724422,13.97446933404907,11.718940554753596,15.522279591340086,13.126416088770265,16.04719431827898,12.295108544113846,13.678408915905852,12.695371151942279,16.08800470375497,13.526361936166804,15.36376793682575,14.726546008585263,15.412982534131281,14.606242723762989,13.274285395123556,15.729179447435817,15.585070677263582,15.037031772748936,14.631966621250562,15.516929300420959,17.426706987230673,12.599189610503943,12.659318316889848
2097,12.265874095261102,13.40713438488867,14.376485054259716,16.381195806938674,14.47065575534235,15.255213662334112,14.627267160169461,13.379870382663999,13.273207363227144,13.994553245604038,13.3260876491018,13.586834457257524,13.315848541324556,13.704149010712689,14.657683138938058,15.007669914027915,13.084926024079325,12.715921003857387,13.650955850663392,12.554410345852375,13.765859045007312,12.00100803051306,15.978890943786372,13.256923391929138,14.63143715262413,16.379884465881016,11.90900666590618,14.236690012657125,14.256329919980924,13.514555199557675,16.14677610215934,15.006093728801478,13.611007564093754,13.874262806159726,13.25970757396325,12.513636389504311,13.682849752028353,15.379720114333475,12.568233239262003,13.659130770875063,13.451275184102686,14.062348086872827,14.250719501920374,13.966135220116245,16.528430228647977,10.303223991361651,14.867497292225776,14.300470601929272,13.711957405442776,14.451980133257484,14.266446342286857,14.227779211233491,15.0629126439276,17.800329553044364,13.090441474286113,13.731501504940834,14.016870599067973,13.216348785299648,14.514901906251906,11.840906833500966,13.28535695827526,12.649635195732117,12.525358679258956,11.72237011514928,13.975120617643647,14.389052827802042,12.968467097891418,14.658974122579979,14.165364908135453,14.5770180620577,13.607584022883955,12.510121050574215,14.049674074934876,12.304090072279394,12.68851978574758,13.049980770634571,14.177823916401552,14.213157880889332,15.128202985162325,13.35694974774252,15.233488158039426,13.761185594874874,12.901122688275318,12.836117478492467,16.41848829777345,12.971050513341378,13.936538639599865,14.436284938584203,14.10096193700219,12.96309486906166,11.963687054488972,13.19282006893469,15.245956442683292,13.535270409739539,14.324325019898621,13.48925905674696,14.68157218947359,13.18622853542151,14.96318194529285,14.712180217970973,15.122314175833832,13.637028467396032,13.503875842884833,13.328510673696417,13.69720889671969,14.200161107208418,13.94783424553664,14.072897561218427,13.92681210520475,12.934600905231807,12.83111950253015,13.66733736706817,12.937136873116964,14.923669598024821,11.590589658397699,11.271470850576526,16.829239596491277,15.013916305792716,12.73952518273955,14.676504116019476,14.058849919749346,13.689310858431075,14.449383922893068,14.17035261055698,13.711680908889877,12.70597762549701,14.152634869370129,13.704639163516143,14.090589998856837,13.481018153302697,14.066679601436078,14.592066776493326,14.00313124028237,12.638606699021617,13.20446942617064,12.58619120846624,13.513045387099622,14.850340772906076,14.386477403018787,12.605923231772106,13.91431655151689,13.950936705359947,13.496917472666372,15.08917854046044,13.842463190140935,10.929571536956766,14.998058056701787,13.020370375769946,15.417155751108151,12.200590571631558,12.894761537728103,12.104893035214877,15.383097265077675,12.9587715021942,14.100887192008292,13.51399949419758,14.635474463843781,14.054014954392034,12.633749194443226,15.126481417121123,14.788734052937642,14.347258795214739,14.010976469711117,14.286234382539988,15.478493945916062,11.789858855307102,12.378183543034222
2098,11.535119607963642,12.466350178355755,13.634451145063279,15.015643414271915,13.405878515671134,14.454178794732563,13.623518782232523,12.229440819715029,12.292990542786281,12.904349814938465,11.204261137334552,12.860220044203428,12.676333194193635,12.623055632641215,13.624873170872098,13.95134583726505,12.327341639558263,12.13051050844724,12.856869502883896,11.262267216068254,12.717667834266372,11.45333081985945,14.628776627714219,12.620163754580302,14.061049815753233,15.404912479545759,10.810221042058876,13.513627192572413,13.78159789514282,12.715342680478228,14.800377186225811,14.163818220972367,12.537030272428758,13.03814386770777,11.287797496046714,11.382035071273215,12.549766629448403,14.393064681521576,11.957746930744339,12.879197400265738,12.520368338926978,13.035250461073192,13.482931128014695,12.875075459561273,15.887195606594501,9.040883282695535,14.315960285942195,13.518516305348147,12.973390915613303,12.48786686231261,13.192368351894876,12.220548797560777,14.00507924174283,16.035693346806195,12.486121498939138,12.33651285780513,13.227582979319697,11.23323786987559,13.7082243712376,10.745442634043487,12.270419715620253,11.576827376433041,11.522997204862216,10.474120743896652,12.113707530595686,13.537768717045369,12.23997101236297,13.606599439097488,13.770000325920789,13.558181831208264,12.688266070964543,11.368196825780299,13.149058743177545,11.810786410194378,11.636889860195959,12.134965435642266,13.341445961724157,13.37890322352557,13.612827722145166,12.661674031744832,14.465870651537957,12.671976660337785,12.20734807541189,11.735625451891282,15.71750037696051,12.186755784341825,13.198791575658579,13.377520392203463,13.325564192365048,12.37530190003631,11.499381272689156,12.403176199644804,14.218607064822447,12.879789457211025,13.295702245248401,12.366321799142856,13.735675849182451,12.040736068688009,13.93018887297797,13.909162206797987,14.400988954240866,12.52472786297617,12.34425369925473,12.401865415113127,12.588366460824464,13.11037493262278,11.985860152008092,13.281686756921847,12.859919675909309,11.808258647342093,10.972735532599946,12.834995776576843,11.928558278342955,14.338270182215165,10.492907838329025,9.528659782898815,15.39326697587967,14.36685569130856,12.21159300774984,13.74019962095696,12.926919765446502,12.79232306422099,13.593646425915805,12.293973012462907,12.946134596739125,11.865408396591311,13.01202408920812,12.869120391247714,13.283605690721583,12.111226307957068,13.090283646248283,13.86959450189834,12.965667755545482,11.656306166809214,12.347645519949172,11.459019165162157,12.770260115437534,14.223328811966855,13.962204546789115,11.97992053595574,13.192647242306165,13.192210772196235,12.713711685460543,14.004379868061974,12.874303782156309,9.667830231397051,13.946903029821165,12.022851023013176,14.387986442479107,11.18601367136707,11.324070432911748,11.516997832804917,14.252559185675953,11.822110706251925,13.36741465556881,12.83904245882498,13.683084735889798,12.861193223572945,11.555085115134716,14.072993386050928,13.560819951695917,13.216675169442016,12.872511506080627,13.503661756363252,14.734063497056137,10.81834160965746,11.541260640096406
2099,10.566508854334446,11.329036841411956,13.107648380799219,14.428263938945275,12.877566693917565,13.568864950991195,13.091768022464668,11.501485663101727,11.16986505687237,12.194078971105425,11.05910095483389,11.706292221727582,12.214839974134835,11.948231329088628,13.088173669641433,13.402300935076633,11.176161931098806,11.130001541105628,11.609788377890771,10.360643322701037,12.181264114363689,10.686585341782676,13.9964873197934,12.196703182776334,13.46191948546988,14.710154707017152,10.12389882524376,12.983017718824353,13.1683935318952,11.541000362738727,14.20552499333154,13.72446919135425,11.968346462078879,11.779500625093734,11.115067180732025,10.80004960971849,11.811110212589092,13.623845191996388,10.991634403395915,11.70719045821739,11.903860193717742,12.468684472467588,12.252300631740816,12.177590418768967,14.750064160512846,8.223354700294768,13.624436552433869,12.39517805563367,11.751366397932816,12.305987221715247,12.634849179374132,12.03589137206259,13.481948062453581,15.184506800187672,12.062560022525165,11.938987561137134,12.555921111255886,11.06670363781893,12.98415498192544,10.015284434811253,11.696796661647765,10.798491533683695,10.40761578666127,9.586473823241567,11.905414160502994,12.210601462496687,11.06842884429447,13.084771151451964,13.14917027626349,12.96852114375519,11.743934602881579,10.68434047310249,11.886381823083632,10.87132903125704,11.065223366346054,11.051861230486434,12.342706081093011,12.681324353441598,13.541526127768602,11.584545644162143,13.649903162448343,11.947819520111965,11.207065507384907,11.048846704197,14.584620566471761,11.040192296971446,11.949785481935937,12.694619276682323,12.024366526823979,11.339188855567839,10.599566768287968,11.7665380673564,13.541086239011394,12.429037505882265,12.756511549232528,11.61307542414769,13.279190160718793,11.34372627403101,13.404621680834053,13.245506287268975,13.720753593127368,11.99551489430925,11.650375745299721,11.824025570698408,11.870458765846234,12.556757542102236,11.846196505362572,11.975890218725679,12.16008639465208,11.131249972659612,10.714951497927794,12.213311040693005,10.797343303004038,13.667332795894021,9.804352313199121,9.207802835366001,14.77978453428849,13.612371824033888,11.837466792891858,13.257307897767294,12.364681600861292,11.667017678689694,12.938149090856319,12.154241991107883,12.393879917703327,11.293037847332332,12.310104253499413,11.789472152519485,12.04880812213473,11.464273851000417,12.124759232260935,13.317230653908592,12.43385028612355,10.545862898473507,11.311273652574293,10.898603819796573,11.576454507510949,13.500348879510295,13.380784445482751,10.975532479746185,12.686407719941245,11.950127076195633,11.514694091256546,13.460296181556975,11.762103701415267,9.029651779195536,13.41983577479487,10.893506969811154,13.878743870588751,10.056538081282506,10.935642051065098,10.563084286354163,13.696631489483561,11.26498984561666,12.79113642798494,12.327996416584305,12.22825441541879,12.166948810543703,10.84623761539874,13.546333957949415,13.005028910934932,12.641512156504655,12.33091404936884,12.875243165732726,13.90526221437461,10.086197564783303,10.453049461235821
2100,12.101670384407038,13.141274469702143,13.91058810897496,15.784736560738608,13.653847453386891,15.297580379182877,13.740006518104803,12.746805991815487,13.015875677699631,13.381647433923638,13.025687701676205,13.316389035919435,12.877629263245547,13.294066209508022,13.741771397383319,14.095418563355576,12.783106490321781,12.49392921769101,13.343933246057968,12.237139172609085,12.85499871360219,12.208320467368418,15.138708921878234,12.834678160107657,14.494321113047395,15.790067911148071,11.290169899068454,13.809730725443885,14.248553685520006,13.196779333378956,15.591991657796116,14.34044576727826,12.719433461842332,13.532362904237663,12.878092900566433,11.549351764114007,13.094916114340657,14.605061201945603,12.365899070449498,13.340045860280162,12.807217530258324,13.193882569670677,13.929662660412166,13.371601437744891,17.657930674760237,9.578300316048706,14.852706764055338,13.961314079554185,13.44010508190031,14.219568594642313,13.297926223148467,13.930445256440533,14.199276004148564,16.9802833504003,12.654670217762828,13.361823069012683,13.544162367996963,12.892864587190358,14.26224987824326,11.198715133106578,12.547152918641984,12.00204310954913,12.250667252456365,11.413575400800811,13.599043869453928,14.054361156795341,12.671299004036447,13.80510046818982,14.379944552545963,13.808159694723463,13.201251315033954,11.879483513210136,13.624351295440093,12.10641463165698,11.838326399093086,12.812713020521665,13.754007692570267,13.696948731804024,15.262734540130781,13.07643730355346,15.250714444271896,13.158219007046327,12.697617131730787,12.231447872908216,17.56830009170201,12.670153276104,13.646068127258964,14.030649501344431,13.803688925245535,12.72991185862085,11.786929192750355,12.700290407823479,14.379742845245032,13.086105817038083,13.43624972390092,12.76121643396176,13.896786767503487,12.565695914885275,14.168266216050029,14.211312994360924,14.924381889726806,12.736260894847957,12.890219436391538,12.638497792751247,13.136672017366992,13.272327267605325,13.702827026014743,13.770241861434087,13.345289446737455,12.30992145577203,12.466264979346942,13.176407457369823,12.670354097109776,14.960005143414373,10.95264641811019,10.826800855767468,16.22057148684626,15.010927607183875,12.337798442529595,13.918354752271071,13.062098578914355,13.30475654744584,14.138574914115926,13.952566167582637,13.220993737487698,12.12865211069584,13.514208892117376,13.494393532690795,13.782193901746169,13.054395824670797,13.621991552736443,14.168485343456274,13.144958823919298,12.35879644237297,13.005034205706231,11.632824970976166,13.225830161701078,14.84905303561169,14.348726521367615,12.354989064776385,13.446108543354532,13.65325286077417,13.19348415926747,14.189483264218206,13.605934337429384,10.334485958775748,14.171411016713018,12.750694561263787,14.554427190967228,11.917305526850019,12.400483774750132,11.861939461334892,14.639190127020305,11.999992065455602,13.614902166568715,13.027502136385962,14.248253160520743,13.44769565048425,12.036088826782679,14.25371486466864,14.019463715345964,13.354637792576911,13.151385863837993,13.802941401691543,15.496288587217748,11.224962003316488,12.180848599775977
