Year,1,2,3,4,5,6,7,8,9,10,11,12,13,14,15,16,17,18,19,20,21,22,23,24,25,26,27,28,29,30,31,32,33,34,35,36,37,38,39,40,41,42,43,44,45,46,47,48,49,50,51,52,53,54,55,56,57,58,59,60,61,62,63,64,65,66,67,68,69,70,71,72,73,74,75,76,77,78,79,80,81,82,83,84,85,86,87,88,89,90,91,92,93,94,95,96,97,98,99,100,101,102,103,104,105,106,107,108,109,110,111,112,113,114,115,116,117,118,119,120,121,122,123,124,125,126,127,128,129,130,131,132,133,134,135,136,137,138,139,140,141,142,143,144,145,146,147,148,149,150,151,152,153,154,155,156,157,158,159,160,161,162,163,164,165,166,167
2026,5.375172353003705,4.064809793553184,6.579819293479834,9.824410977533889,6.161560342993052,6.157312315383126,4.954314653149671,4.147787446961073,3.9574852389027027,4.418495380931665,1.2087936860110085,5.10240802200777,6.970705889245231,5.238894718778983,5.651052280196121,5.026598541438579,5.723304960131647,5.919275891780855,4.916647658603534,2.455628413813453,4.289419157696623,7.005961086068836,6.329594141032015,7.397829158071964,8.667286316039307,8.935139212863783,2.444901788075058,7.10053038522601,8.972679253348288,4.436912569882614,8.821071777599204,8.43957630991936,4.165333615243435,5.0225605485694755,1.7698608170662562,3.08050914723426,4.009256608677765,5.938289800924918,5.982166278362274,5.211876220681836,4.570306018793158,4.260100145105805,5.366972030805694,4.6651075226920025,12.41328938688551,-0.7148598017437136,7.9227266103029255,5.6964247458747455,4.733118418923448,4.281744367522852,4.031670637641631,4.405130202961818,5.821752289363317,7.212908011674882,6.4517855355250004,5.779615563154222,5.290301332303457,1.6281742055501267,5.643267141548653,2.1842292036329023,4.284331004268357,2.7393455658640207,2.991631568702201,1.7555654163871512,2.6277298975735897,5.051423399363245,5.706608465313911,5.582767711619714,9.698854332310813,4.919796149751969,3.993393765602793,2.8904340075594996,4.743379408440418,6.150431155253734,3.4864270370453614,4.115879911397185,4.988279805758168,4.649218433616421,8.446851550255504,5.543484395742415,6.398949686331409,4.141417864603657,5.62053787655064,3.489905035123232,12.053825954028536,3.4362332089621206,4.201163576649766,5.697688510588237,4.032463333010673,5.506240622167076,6.451163073842013,4.692307763866016,5.675347147562675,6.683769516966173,4.757940906758556,3.143905409531933,7.070439408293794,3.734656433016068,6.151087319425176,5.542949735639352,7.549834790932278,4.766336017514446,3.76166775549895,4.394827267208273,3.7179472129259805,4.54525900291545,3.6490206650325248,3.7010838868362548,4.4040572900857216,3.087354737067858,1.544037554220164,5.119434300916537,3.496620579409816,8.452012510331615,1.9567461516175935,0.6275994247623856,9.107602600966178,7.840448340347835,7.232721477108345,6.949090925604102,3.956705972126554,4.4680865554937315,6.093160411076889,4.502801965496369,5.309781329014474,3.9461264661380215,4.792056032695941,5.351722141674588,5.3526107924325155,3.094834595825524,4.970095673842089,7.127532205996768,4.983025301141397,3.114946545554059,5.033751612475939,3.2928478445990823,4.048949799207705,8.159032641244785,9.898441261265958,6.150746148665037,6.028618015561787,3.913197432884145,3.8478601377989574,5.470264514748544,4.747598607199532,1.1079300272677621,6.170633033343727,3.5593925933752715,6.107753304924282,2.6608567767909577,2.119395555342945,6.80825384649049,6.59413133874935,3.7194193495171426,5.992311992123723,6.498723282225961,4.210601905414038,4.413463244587184,3.1867813031588303,5.566745853357554,6.310205369762014,4.0139463406854405,5.084020309363093,5.665269114236745,6.963441471116885,3.6306887409516784,4.472963244148664
2027,4.1684039590614175,2.7087649564923995,5.279178235360552,8.09323682077229,5.2979012949126085,4.285921453152387,4.141973352432251,2.6754075599568248,2.694115108570884,3.052242366384184,-0.07818069974226662,3.4937994297061667,5.795869416006772,3.797244438954762,4.744723114797047,4.172718141760145,4.145073513048037,4.390272345621733,3.263778765818901,1.2814530100673438,3.4405264922550773,5.110412404366902,5.046713236825807,6.2469335353800215,7.220309554572615,7.6875385943800225,0.9813349021332615,5.857799943855833,7.523923551610533,2.829682253939766,7.109789846624645,7.493813222916131,3.214814523288181,3.382757307589053,0.5252772280680246,2.1734750129016382,2.550958962099893,4.743579371805704,4.499936782222776,3.611293454681124,3.438603119339262,3.3131296775170727,3.7211623487195813,3.2591158143111634,10.542295387813024,-2.260589581515111,6.327840446627567,4.098690957469601,3.0660354523786495,3.053324525537237,3.1596835568547226,3.1656875267624875,4.984158824171339,5.229057130217554,5.28262001784252,4.515228730280485,3.950308940240317,0.4007029749187003,4.100180623786793,0.7662249935524796,3.245830622794372,1.3246966645121576,1.7707284950784266,0.549950446614197,1.4494636476039864,3.3939884666885667,4.106151876172852,4.77847740309579,8.095439048856498,3.945587199074883,2.4828293847186225,1.397636666454907,3.0767561904021656,4.583410158966269,2.5222888652767455,2.8563883592507673,3.505603849887848,3.3039331678833292,7.098271834211688,3.9966374168438557,4.587269928199906,2.7364838517137926,4.210241446377978,2.0832450483526515,10.11725320986339,1.8696436364735867,2.4968427168471456,4.244792119732926,2.3162179546164605,3.896028901849474,4.930728024350744,3.404233242997102,4.619058178152357,5.471853252287423,3.943671730586462,1.773558125325614,6.156590086195085,2.272067219870433,5.3530343218573515,4.206165362255912,6.045258763326067,3.9384089035647287,2.302493901657206,3.2473712165440847,2.2872351331370226,3.6518414641331343,2.432524054736964,1.9933319073702604,3.0193041784422734,1.5907426512667138,0.3494614219026895,3.850895201947011,2.2600936046668445,6.8869480241356165,0.48281188490135185,-0.7567688217120523,7.350003897824459,6.158177919047219,6.109213496851069,6.051323087513444,3.0224165856838234,2.8668269896613694,4.611386015159747,3.3305106793131127,3.9972731241158077,2.720846455012049,3.403551703691482,3.9767039311783687,3.730349571577138,1.7869455567428028,3.425088523594395,5.891533878339189,4.175265773705077,1.882915129233151,3.777983077509061,2.415878219689643,2.4095900139638347,6.486555097465006,8.454226200495452,4.655019639512258,4.78031786020313,2.224564197340181,2.238555319394385,4.608775141409463,3.44654672912189,-0.36086389087140625,5.327006741932462,2.3024063156651606,5.25413806268147,1.4573462096708159,0.7765368107174139,5.343261828326755,5.5387353007282565,2.8572530096130713,4.704882428741881,5.263237049324173,2.464418076617379,2.95740889906883,1.7574317577161955,4.758955246210097,5.11569105046136,3.1133429529411463,4.156647886548721,4.380549477679389,5.154455517019546,2.2176019872937913,3.155804375239782
2028,5.381500519960119,4.053933779256685,6.714210366564138,9.371257127182824,6.569196199412859,5.441988240821022,5.323843308751075,4.115869969448872,3.950110900189195,4.448452466952478,1.7640664986201682,5.121129976851597,7.102250608269662,5.019121046577181,6.02964077049068,5.415120781638795,5.751085738624844,5.90790297240019,4.950726359177913,2.5720676406685787,4.63136219903827,6.567755090801182,6.356936639334471,7.517339750485762,8.248961305937597,8.925904249080594,2.4168294038091402,7.224160755530464,8.397853495393482,4.45428484252521,8.33242414614984,8.756376175263098,4.4766256881611675,5.055827721700608,2.28896467025791,3.4615891934505503,3.9627695920211945,6.017005135278618,5.9569220721721665,5.219889729363579,4.871089229413441,4.579252687948088,5.415928473004276,4.616867393255232,11.529769812311438,-0.7210961226906082,7.277961341265057,5.744531424662896,4.777978484971182,4.798554019842831,4.443219326542959,4.886685919761661,6.2238948686846705,6.629949508820261,6.534125611319076,5.951848905852862,5.4323989008154205,2.152694432863169,5.451996572635002,2.1725738217921107,4.609327208144322,2.728211105934211,2.975421889126299,1.8893674667392457,3.103232611290046,5.099100954617772,5.752999951583997,5.996183337696962,9.071649418930923,5.142902056127786,3.967037190709792,2.8620241283838226,4.829815330003788,6.125106470765812,3.820526520695002,4.110408991255929,5.088274681887455,4.92492782899312,7.837987465356546,5.5339291942971105,5.701193018470493,4.139881188076521,5.610721980248181,3.4394337916430757,11.125225295339312,3.4491839014658994,4.226630002047337,5.522047488923586,4.078566299911054,5.49716280038868,6.426002780667372,4.949540847114157,5.909942194287266,6.795257743660892,5.125016210228205,3.1937721627099207,7.426138649242266,3.6754343022193234,6.576903359379086,5.768830299803192,7.257390817574095,5.1471497635756265,3.7120186972830984,4.650115569574495,3.657026270643939,4.9503993830510575,4.14830073692969,3.7548377058335722,4.38268803755886,3.0424716079075456,2.021679517892853,5.374260416201188,3.461693068061554,7.836958091280292,1.935058617378987,0.9784027450851062,8.621348594129083,7.187809308724744,7.289512614213996,7.315920337396007,4.3759972696857785,4.486033650594098,5.8919731770242985,4.975491493088859,5.465686274852073,4.16942939522144,4.801715305873329,5.340015964210034,5.392541169321963,3.2439187219100347,4.963231192475986,7.2876064426132645,5.379168727381952,3.0947843221681435,5.026587575354748,3.6818190371351607,4.078369811603004,7.502196149155501,9.274388589177816,6.140918760320971,6.1549489468336125,3.943084778583479,3.885325513780119,5.8563508029495,4.728192566920604,1.14640671515039,6.586563915440018,3.552814154859101,6.460512690884726,2.635416968725621,2.413894707603114,6.819022235816479,6.761302195915156,4.100827192621572,6.172205753624439,6.63955486273127,4.261200158936637,4.365285931141783,3.1807620900017852,5.964765729861601,6.342245539583801,4.40801767717515,5.373974561531627,5.888301233840842,6.2599765014435516,3.5627114265624993,4.519495350867511
2029,5.113518509481633,3.6325326410787464,6.105070933060986,9.63978266971452,6.492123558798005,5.4745358313832995,5.254114417838196,3.9375907267842942,3.5929304582732073,4.318957415648871,0.677563352457114,4.485203222078937,6.544006254843303,4.913786135613922,5.934401296930655,5.330944848912102,5.143373336536545,5.307226709276436,4.302706628186363,2.1026993125677116,4.5330140973840445,5.971219122143727,6.449750462174415,6.967735302661148,8.113184105072701,9.003857539487736,2.208532664499114,6.6589945544089595,8.384963459627969,3.833446460004364,8.590037204750944,8.601851089298725,4.349698652539936,4.42787572698934,1.2447298054184217,3.331425403484278,3.754827318659852,6.030033471115999,5.465756543299982,4.598548627751214,4.423673082249506,4.491191382706166,4.748668102707182,4.46154764885349,11.962050189290728,-0.9928805868540506,7.2923657572695175,5.1202961904662,4.113122758269308,3.779310976022057,4.36420348542077,3.868649060309066,6.15729471314699,7.032845816441948,5.980662010929414,5.368423802405594,4.829077122812826,1.1132898156132027,5.150955997194564,1.993798077425786,4.273366415500642,2.5671709946223693,2.647428025358489,1.4144471555416074,2.1099664564643588,4.472201220371894,5.133244619305645,5.938148557288306,8.935227973014117,5.062186276726427,3.536192176171708,2.6676036057727717,4.1705884910055575,5.5168680992509636,3.585041168757849,3.7799209811857786,4.473411235639027,4.286968262653264,7.557033746689558,4.920616507743087,5.74027296475002,4.012308034726552,5.156888328492643,3.2589265499796203,11.565062114170619,2.815786958166533,3.5461817415963326,5.410855762128319,3.3934717104903305,4.859547895618848,5.840352253402983,4.303196644570151,5.886758121848108,6.2204026016007585,5.052247122994493,3.061839781062945,7.310420944009512,3.501421465618272,6.507152534382687,5.136611905694006,7.0158132276364755,5.0653214348214,3.535695795289107,4.218982964966978,3.4483293499265404,4.872333632196703,3.1376157650724035,3.064927694307907,4.242025026679039,2.839856251861367,1.0457290774477366,4.770156398894529,3.140729186364583,7.847032956725786,1.7091647758547748,0.17230256881032543,8.900143584289722,7.206812707866943,6.750692706022947,7.216769897937776,4.290200447078261,3.9491706457521234,5.673990745203837,3.994261052991662,4.839074874350005,3.6196271181106585,4.6362645135660285,4.933678632123131,4.764720702384199,2.694936713177178,4.5466564319362615,6.702200120820532,5.310151890771732,2.772851342920746,4.707866875188693,3.567245481695444,3.421153606208308,7.516308305040002,9.289453353786042,5.5572814162288395,5.576196370806011,3.257131146746021,3.2419098639860735,5.7789041555619685,4.3620738327503235,0.7759812934058046,6.523365188709326,3.193855332756148,6.391897733722414,2.3385555519589363,1.7153516941570797,6.2516280644706335,6.7868360776986405,3.993889807803291,5.564718464016914,6.037820427904703,3.604910718117443,4.204104065203241,3.014908758657318,5.904432803818158,6.404725221650939,4.325270793267656,5.329806180085456,5.278702485135625,6.28216243854591,3.3512534062644193,4.24084136733519
2030,-1.021673876898628,-2.5234044996755434,1.418441538033742,4.435999884988582,1.2572159750120988,-0.05690253345029659,0.10619449274880677,-2.2469556474259913,-2.9003431771482746,-1.4829527927296484,-6.416621357308968,-0.8154973021575397,2.2863761659179413,-0.9832002844129294,0.5430256260292862,0.054679383763243654,0.11696435723986057,0.20000456518360704,-1.1094608960407122,-4.674785269158228,-0.7043382291282914,0.8100781117166782,1.0582052128655561,2.834798508882523,3.658040847948621,3.4767071143857047,-4.168757321579114,2.2865153134667437,4.0614528035745066,-1.4907909215560995,3.4606328087193634,3.2388133880283165,-1.1438579874379293,-0.8065390244126321,-5.80548864815916,-2.292803155950137,-2.243909607189041,0.41148001253604716,-0.2489619329571724,-0.5885500873838156,-0.5344170664037988,-0.9015002712607366,-0.5736851990755117,-1.3707125706997276,7.301538399713382,-8.06077282623654,2.5609689452818456,-0.12960665907178642,-1.428113689380032,-2.7668998700666365,-1.041544319955368,-2.587095194283339,1.0902306182043933,1.2559169241360266,1.6998007285009542,-0.5113374113487751,0.05654679068497055,-5.929391909071376,0.19043295159936113,-4.254156891895192,-0.7343761352556106,-3.492750822220532,-3.9240058064992924,-5.591921733745511,-4.592244019678659,-0.8220094346574375,0.0035855701991489193,0.9293105823653087,4.482468473432321,-0.14569258402500862,-2.02979160696268,-3.6952861196228453,-1.2374264978936746,0.3146921059915,-1.735046308806962,-2.534731924161314,-0.5407579904156103,-0.568841511543308,1.7525369742086956,-0.16956278639180294,0.4433132969907362,-1.8490160508879618,-0.6731837823987006,-2.768880075854914,6.735414522034785,-2.735580189313205,-2.1522136509418495,-0.41585203579493923,-2.3279550840812075,-0.5099399071585932,0.7490114766306111,-0.4670045727065611,0.36020138455288736,1.8021375592265803,-0.05891053155064522,-2.925012609881486,2.032100815432414,-2.6844307169318182,1.6018225703920617,0.38676426644835943,2.2826911642083108,-0.117861183626312,-2.603729373429504,-0.8935259065457745,-2.5118505415905803,-0.4956752918660668,-3.425238304638437,-2.6901998615690625,-1.5420653451766282,-3.586916651683192,-6.194551044276783,0.14935576085533547,-3.3152896683130932,3.136009156896866,-4.780593324559075,-6.950993534283977,3.672202480145334,2.2778167854462352,2.637401506091868,1.9968853558812842,-1.293208753636909,-1.6294044885584815,0.7892357087561085,-2.3432954051664905,0.08097973891666954,-1.3528877445629663,-1.2764999270439141,-1.2620606805597028,-0.4651527145079195,-3.7861873040641,-1.1467380885566976,2.3039329935397426,0.1911435583340273,-3.7091686668140547,-1.626685724992836,-1.921714703352857,-2.141080972765174,2.6455339308295938,4.96338563816888,0.6571841623101912,1.0365807171378794,-2.4712164870330273,-2.2134473565433685,0.4936011212079647,-1.9512945622205726,-5.892937852761577,1.4625566789082098,-3.368358763839519,1.159421304094473,-4.277331907940765,-5.147000316211155,1.5126797169180841,1.7799153257161386,-1.4342047520514052,0.8782065414158394,1.5351601363292755,-1.902629793222461,-1.8638855970331596,-3.150479781414783,0.8937567412853232,1.3099400058388717,-1.1268694081476756,0.21924068587167095,0.6725918331316535,0.9871991612549343,-2.735577428979535,-2.3145674186093452
2031,5.969226520980842,4.46969016960689,6.1685287345733,8.634614461873259,6.086824519506521,4.780032450067143,4.888822861398305,3.865119452987398,4.55819817239951,4.245866579668866,1.121999518360407,4.774049013427326,6.642655087368828,4.970345807288377,5.547585667350463,4.956767461129598,5.425196709962826,5.573625758503165,4.592530202014107,2.990150323935917,4.15307708744492,6.180820512771608,5.759769535517057,7.074291318229266,7.747885286488705,8.693932562640734,2.1749081437076856,6.7253512497459145,7.878930121873107,4.1441800909382955,7.588992723183968,8.19116489120892,3.9643093282622943,4.726534776176725,1.6915261252650176,2.893176030953015,3.757876726293138,5.729040439639768,5.9655096740062765,4.890915384675778,4.3023746452161244,4.1578579966511064,5.016546598928316,4.423216350642701,10.65746477331434,-0.9950525215693878,6.728857770775046,5.3395602296505675,4.4156260401010545,4.146808672377039,3.9692507245710917,4.2327435561588835,5.772926875150633,5.847241812944414,6.074879578288108,5.550343540523737,4.949105929476876,1.5627823463508026,4.846956648996896,1.9645854468856532,4.054381194284983,2.5223444053104958,3.6764662776674544,2.3025892616914874,2.5677275620400866,4.801567418234687,5.42258481638772,5.542385388272151,8.490995438929115,4.818632263530578,3.8091669823442196,2.6247133186885323,4.413096566711151,5.763936563049044,3.2535007963223124,4.73182131137167,4.690310169969284,4.341128171128884,8.171365409238,5.200361804451262,5.071375777465957,3.9615653804370345,5.740570221628461,3.242137179843018,10.238114110061101,3.2746519786970953,3.869620716571806,5.422575671332225,3.719768563338692,5.126748460956982,6.0790848942739615,4.33994778394699,5.529228430454223,6.3122864131948795,4.688530978134701,2.94418027549982,6.915003288005083,3.4662039560931066,6.107967113384175,5.207724526098796,6.690299381076224,4.673914814314673,3.4980775948081706,4.085175003749985,3.535995792491095,4.468488471848629,3.524045313575438,3.4108391216823004,4.214387544244528,2.8216530723231164,1.5475984177419126,4.815870852981295,4.165001237392424,7.298834291951994,1.6827893124643833,0.4389104792049945,7.873423683430469,6.602031630889646,6.851347013030733,6.81058526677745,3.885078169618334,4.169946637323925,5.305046321664536,4.388768819400244,4.909122342722753,3.587432758722986,4.53030156727348,5.688109915597097,5.054414657609803,3.187452738343772,4.679839348367282,6.751047025195189,4.918771248204368,3.8057290341172907,5.601827135894982,3.1475958700690945,3.7641660537038533,6.914988160931638,8.832382746519789,5.825345445504147,5.661203971930912,3.6032347142696404,3.606679456574577,5.402463533835753,5.296541362787996,0.8313318885862823,6.1323123898157625,4.179827986444745,6.031918979968342,3.3779930834259315,1.9650457270975628,6.514291675601687,6.234785028530417,3.5735765043113923,5.6473814425723905,6.1267030194933945,3.9448387582387276,4.148642594367265,2.9686573279223287,5.538972773083619,5.741222745393001,3.924663798351373,4.849889957691943,5.338695274080547,5.624672027145114,3.3518549389072834,5.162390075411115
2032,4.139133240708282,2.4781875350645595,4.342402514389585,7.189879228547216,4.349899901502897,2.893972189139043,3.1692780277558756,2.1956695918525964,2.6094245035733494,2.5420506341116775,-0.304904816618987,2.847876685432026,4.949375430228455,3.238287164909498,3.762315139520378,3.1699284149067717,3.549035768636635,3.7933343245514783,2.5886060919080456,1.1742032893268113,2.473361032775471,4.631021029448934,4.043743957898447,5.426694260324752,6.196196947991846,6.922217806588327,0.5826871216297168,4.953060210283313,6.491523827772057,2.163042258364812,6.205161330103874,6.622904444858432,2.2853233690772723,2.7335932574101847,0.34303587760244214,1.1521311991981105,2.060120484232902,3.929668353817294,4.151188116839954,2.9643725793276516,2.4708381056785584,2.413384603176798,3.04132627419063,2.7842974090150436,9.45348658221109,-2.7505444542105684,5.190910755749791,3.4247246248381478,2.3983083622796206,2.8079191035458018,2.143274897336957,2.907301542375768,4.012007327935758,4.1891569986407236,4.439765882119534,4.191619224739926,3.047980197306195,0.21343737840652466,2.9515335313975815,0.3149951913527059,2.2662236009325283,0.8256216666528163,1.6819691881537424,0.4865811528904093,1.2348926552704393,2.7248463920184554,3.495578389082636,3.8159637276349305,7.114539668060439,3.1487124601379035,1.860831686428617,0.9860743531691171,2.3429933258465354,4.006684895711284,1.5169230299336587,2.7751836712871296,2.716595967326846,2.295407262870244,6.330253979883021,3.3699486910764684,3.253717346356382,2.2766333290508824,3.9289912128887536,1.6596970285688137,9.010109319005693,1.2206466887678438,1.8104643538594243,3.705492841691844,1.6091325972761408,3.2883431687951106,4.366922068383013,2.462482825413879,3.685377257836186,4.599159923940897,2.9744422870022893,1.1895914994579344,5.251156134796995,1.8213460786002018,4.418413600219146,3.214827238661901,4.958344192377157,2.9557317712477245,1.8517289527824923,2.2872844108513433,1.7711724266409885,2.636266779899595,2.2047183130468646,1.2841772232736852,2.566922226973942,1.170520675608091,0.2054217032023834,2.907664025521705,2.1747773958103997,5.743223266516415,0.07857295274734652,-0.9959472278532171,6.422670988738541,4.946628613663569,5.306513569184713,5.14827080826674,1.9599372037819445,2.229804126279695,3.533464112931066,3.0988047133599017,3.054464011532917,1.7704252532550266,2.853382633586547,3.787096718020205,3.0767295249870843,1.461263299201217,2.8562683100146895,4.995252430758306,3.2189173523868857,1.7752127892204697,3.728174379148652,1.4142950507146965,1.7398243940302283,5.296313120265095,7.428294453450613,4.067951119265386,3.8616529720968433,1.5366094265665329,1.5503584487097606,3.605516256751228,3.3612975375992917,-0.7423351232494615,4.3827293273061505,2.213709748855659,4.2862550247992806,1.3860839720283231,0.4970963929380676,4.809891170689039,4.627078460822149,1.839988470503262,3.7521205150260357,4.360435107137478,1.7668666860886975,2.466428081212301,1.342389898747208,3.785230877383482,4.1709276444145615,2.065181326440402,3.1965732763920505,3.42554247315441,3.8437384562832975,1.7777992955275945,3.1135882551249643
2033,7.611808599318782,6.197182892262934,8.769851427525278,10.922785345518164,8.150850468035788,7.71513868389385,6.8568525640027875,5.736945573559825,6.227374936853137,6.047454382798503,3.533132066311581,6.710287416194168,8.957631557754105,6.533098368985317,7.637385165425285,6.984530525548118,7.338709295434612,7.393530018840518,6.613443271602908,4.733575530350209,6.145599055396659,8.456857360260825,7.94448019989899,9.316174093846767,10.041159933379722,10.507653390083995,3.987063918794906,9.130585982437644,10.081880115983742,6.055691560011888,9.803111984900072,10.32005625042532,6.030673609248229,6.718244934720656,3.9765198019998405,5.058212465420364,5.540345472948888,7.575894231668542,7.824307399322947,6.8180748446179305,6.687067271769049,6.149170954099726,7.101967232355045,6.16841845320804,13.161109372547692,0.9811687582305487,9.143998485085156,7.420626288333111,6.425908008643559,6.433543383436547,6.038771426251956,6.496877359545657,7.754722707825051,8.276969586951395,8.35412988806409,7.429273850364346,7.408886096732957,3.8479399144649458,7.546581859248026,3.713751736283304,6.310892665293068,4.265513679385184,5.269730785063335,4.095391197103476,4.726477239174499,6.810448320635728,7.397322818104715,7.499979806372094,10.873298025131222,6.635816274370468,5.6126812958291605,4.482845393302185,6.6670109584661486,7.633737568025079,5.451131919877863,6.397195359213014,6.935632976144554,7.059354038323676,9.239173656542386,7.054115271408639,7.875761754704376,5.684178087487818,7.537249114161494,4.979228594686306,12.784534832409454,5.11761635105525,5.931260643932699,7.045262424009186,5.801021077304284,7.060393747261593,7.881249832521592,6.929129202929989,7.518139552218574,8.700963212762566,6.641648104840092,4.789761873866835,8.999106828176552,5.266449328405517,8.048134811009684,7.8836996378643125,9.212297823386535,6.671427727889804,5.292518222970623,6.489609591702802,5.28429710375411,6.551796524652414,5.774006229213309,5.482656569512826,5.924174858842581,4.681498809903862,3.739338707072395,7.372702079266315,5.770585666171143,9.770673715003902,3.524938386465824,2.699028618420875,10.129087198206358,9.16164533357535,9.016845675025671,8.879068195181233,6.053894787813943,6.109911479694501,7.839407230487893,6.540927377023867,7.498799604177478,6.070947317246883,6.407499438364591,7.469081456746376,7.029491009350332,5.082407531567985,6.591245897540021,9.190738898089958,6.88857435093128,5.395409008009089,7.278098774115954,5.250968371331694,5.719278170168401,9.463769624222603,10.969115492275787,7.632895813882348,8.14425466997283,5.644159310843264,5.52292942226465,7.444286296835971,7.018272648272769,2.7749549764607626,8.15399091158595,5.83110134764575,8.047611742200592,4.957109201060874,4.062435595904081,8.29833911806345,8.251914050323625,5.64504482235227,8.223667636194406,8.563336519896987,6.03554210668164,5.966674041322298,4.7599577951444605,7.483928870303292,7.804930124112538,6.0119758164244015,6.843720451635975,7.909290416751589,8.401030133771044,5.084726109249252,6.977538840046952
2034,7.017030446018491,5.466793472692369,7.330004991697412,10.867217952864511,7.334879032628874,6.640502235293387,6.048493918350766,5.074493869713372,5.599978876007455,5.362261898177015,3.3774708215679454,5.6783894736852,7.6554850935071155,6.291320525109768,6.79383978503091,6.141190491829603,6.276506211715085,6.4496668314295125,5.512264841236176,4.280256449963367,5.369848018884656,7.761922676435537,7.415867551389551,8.063519391843252,9.099786520004272,10.463270497322089,3.375618619046039,7.790203829162887,9.320299171124189,5.027656938774245,9.731720558234622,9.567473975249696,5.254348347336054,5.6163398191332785,3.9053274320704605,4.2275433489254555,4.879943050657002,7.280150168921265,6.968890165564204,5.775466911920484,5.47315380019801,5.340253033169681,5.967862383728582,5.5292045096201585,12.813692665100097,0.30861739431108676,8.30955185852945,6.312874319510801,5.359885202880417,6.166863546254381,5.181461767639436,6.234085820721728,6.931362490143097,8.226759643320529,7.099740058396544,7.027881123657739,6.021333974227308,3.744430220127103,6.279988797221864,3.0951761386224197,5.232260069038187,3.6157544209089685,4.663672524264883,3.637790246188111,4.640612966460839,5.675539106982094,6.291482107128415,6.680375158361023,10.133453172445297,5.9111499283994995,4.750346915636742,3.8582431808114053,5.406116385119303,6.6746360152826805,4.50561676248908,5.770732948929072,5.676956406022821,5.496840418662344,10.147387086280755,6.076822585293222,6.853229541916934,5.040090755905423,6.75247727717672,4.372386888521061,12.464741829463415,4.137519299238923,4.8303924424307665,6.728704504349407,4.691657837373871,6.060435695520469,6.969232552392145,5.505440340297565,6.977606670771323,7.374590429025042,5.8415364625198505,4.093593829018726,8.193835633850128,4.636570671626501,7.228785415121818,6.354348587989806,8.09573680855267,5.868793262541293,4.684629716617722,5.322154326098305,4.627345690131189,5.700493778607672,5.553214864007068,4.366325462396653,5.2922033037458185,4.076083450870854,3.630516628122757,5.928100040980749,5.1507235601544386,8.897020529849192,2.908203426801735,2.3709534270422776,10.101078520502366,8.249038434667247,7.84281347351415,8.090858207536597,5.15933208337852,5.131859861101426,6.770212445727418,6.33267035484314,6.053449204989843,4.7793255082198565,5.7179209060966985,6.74655418672732,5.936387308154786,4.621177883126905,5.7124223037489825,7.839594088920523,6.082530333101749,4.783337544756278,6.670726474480971,4.429959111128535,4.682661090578353,8.5601868933865,10.225868953125817,6.658151539521557,6.741178937362774,4.550608331390792,4.481707924391544,6.606689249537889,6.3612378145967226,2.216136958157379,7.320458317281942,5.211899220650751,7.224347871435544,4.362721470636981,3.7642412062202166,7.323659146044935,7.630453117617541,4.836913292748587,6.765722428049362,7.208999845219245,4.8564336276480145,5.310906413623261,4.12599622075047,6.658330906714714,7.323916038445063,5.1606700267110535,6.136334016067644,6.45947067577924,7.418220357224347,4.478799006768637,6.298664217734974
2035,5.325489826287547,3.7277353740164227,5.799768295458389,8.970539829347818,6.380221639360704,4.700289446966989,5.130831118140902,3.91253795155457,3.877058074516911,4.2909999442952,1.6978058196604209,3.994426171268739,6.27406020803111,4.9637540306363785,5.797809462887902,5.205891063383651,4.716329588634628,4.857120278477669,3.812988415999073,2.560674532502894,4.389891739402499,5.592247136256524,6.078216335603174,6.7155844871486945,7.548477645324811,9.000262760264537,2.1635836869478244,6.360418884243284,7.746729277925835,3.350670966080259,7.9425420565264595,8.476223505394799,4.201816487312315,3.9692362806626726,2.2073294705578257,3.178904413431882,3.700668936967849,6.008093822428158,5.325069421955518,4.141508974986417,4.140413645867791,4.379142669056144,4.274854269730191,4.4301045596599575,11.162696020943779,-0.9817065659378256,6.603557643587034,4.672432906712804,3.598897030736721,4.709621860299794,4.231033271843832,4.779248689221486,6.019231833730424,6.237181157725198,5.757607941329482,5.798843524285725,4.494670410929913,2.071186748253445,4.613879086928707,1.9678036258689016,4.028895040282179,2.539228965554918,2.9315214051998097,1.8357158077614653,3.0670759924820485,4.000067525889194,4.700293713595186,5.787854498624798,8.417297646403314,4.968990990093779,3.295214201070901,2.6210965846266063,3.740334200114013,5.077239859955656,3.38438196969884,4.051858392996447,4.095170013659768,3.929095152100282,8.274595475622586,4.47179140363421,4.986192499739784,3.973264655683726,5.082101776770184,3.23412633921419,10.751465625422341,2.395558605875289,3.0494024587529056,5.4371689919914505,2.875822544097898,4.396710744500161,5.4008754723838415,3.9278418479753374,5.804753520659035,5.953279280290007,4.9162778743675775,3.0232516467571253,7.158895275422507,3.4820528141089824,6.3717607600348325,4.815568342379164,6.4572790767465325,4.919639758127078,3.515003274594036,3.9614119770271454,3.460309638721604,4.7433787799307305,4.057138261624747,2.5542990675994313,4.206995809078218,2.8294010600873376,1.926860594164047,4.421207889382328,3.4205088489821973,7.213885026371908,1.6791928626596953,0.7881776187036701,8.229742014833855,6.484844378062657,6.54518959671259,7.067792001579491,4.140789535748105,3.560587378804173,5.152441996335984,4.894794495510202,4.518921799718267,3.3090599736997084,4.597327208518983,5.0052173695393956,4.291409437544646,3.1083808917020015,4.307924834745267,6.408547824834074,5.172426359142579,3.057305568988835,4.952946880885534,3.4183982101934296,2.929834180198878,6.804527920484546,8.699764765160426,5.155979908577035,5.302441210406166,2.7707430037004595,2.75781988999141,5.66157605137144,4.636356213263101,0.9080761799854893,6.390263141053063,3.483478270471098,6.264141935589061,2.606235326187951,2.257845945869174,5.843721817048001,6.517502775362559,3.8519657218030536,5.245793908834457,5.76245444587299,3.124929777958563,4.197752070054415,2.9575874685708956,5.7751602479389685,6.04472415447235,4.203522456384131,5.119733696324483,4.954448231416089,5.52784940940993,3.3383044568555698,4.459854505743302
2036,3.23159533877458,1.7149552857237214,4.689683105157957,8.256344683894088,5.2723234753523585,3.8540740856102533,3.978917988283292,2.4363642566970394,1.6618640532983209,2.9624692897711475,-0.235569534557207,2.6189598426222793,5.26765072707619,3.6799000842230662,4.620520024214472,4.0406671238797065,3.3406824330134053,3.5312651241730353,2.3573255375027635,0.4288056842460995,3.1946058576527436,4.039390722954912,5.154560525076735,5.743802070191927,6.7765522460320184,7.76866734964507,0.6210781978709362,5.358641503771236,7.11203644240408,1.955616789231344,7.229410864040256,7.269598983866832,2.950080716184208,2.5392829232982237,0.3536502923284273,1.879262384240116,2.2577025353376357,4.751054196272578,3.60050205002938,2.7423981875447296,3.0252223605556146,3.1663069682145895,2.8599078898185066,3.061780396316732,10.995450051341741,-2.7413292723042635,5.898013382697745,3.3033684158431647,2.1629511926855347,2.9285823057272595,3.0458106398050293,3.0369685375264734,4.963867897646768,5.5518209729875885,4.734041441764151,4.287231162775843,3.357639183316912,0.2041927103485388,3.6646304239119787,0.45035246472273494,2.914817351528577,1.1083489102976662,0.7064800096409655,-0.33513828337724566,1.2760829659977129,2.5497056065127266,3.294985075294972,4.73457295213427,7.675366627957144,3.79529670689787,1.8609745852915311,1.110518424745119,2.29098943227104,3.7242877165121677,2.1781101685549538,1.873724174313248,2.810276005003003,2.8066389584381635,7.271440329509123,3.1286251897058848,4.178787423457422,2.629522209029116,3.2817504154518238,1.7838257185050412,10.597121758546148,0.902739423194102,1.550497140841824,4.189509352403028,1.379534263323461,3.004052529058285,4.0906379735895575,2.8681301304272235,4.594750527824674,4.908843350836209,3.773774130003792,1.652368832060269,6.005563766083547,1.9947659173182082,5.3507615013846355,3.703889832326346,5.598643140069076,3.758824422529764,2.0549773475953534,2.794377426696676,1.990284429597002,3.6091076867921035,2.2993750810623172,1.0391023259077756,2.871384514655387,1.2788111052342817,0.039711903354951644,3.3722256990415715,1.2181195124983801,6.482403029514744,0.09185966977051563,-1.0163390389510583,7.5575924698795625,5.746253633499147,5.559767571304529,5.944976264797153,2.956905150094203,2.111972108008092,4.246534763915202,3.1871665519263055,3.4150938106434663,2.1752800022384933,3.203531867425356,2.9989745695676104,2.8730181747249186,1.2742075270840096,2.8588436773845127,5.388628013857773,4.036514769281661,0.8429397923605785,2.7933634491903425,2.1586873971990164,1.480631403625013,6.080333615626612,8.017042320540977,3.829274467911041,4.232080993694919,1.2583378223436235,1.3223469510674486,4.506191282400063,2.4555332853857954,-0.7580321582832502,5.3441734648575725,1.250582033395766,5.079352151708944,0.38216428416116255,0.49694327690771506,4.569777210761926,5.561444487742017,2.6157328525025934,4.14432992828744,4.701313160785607,1.6031142953251056,2.757240551284382,1.5000250207526344,4.707601607697355,5.117907707180294,3.0379281097224795,4.060256730658666,3.888203947884696,4.732586659703933,1.8399910737361227,2.18026385603007
2037,6.267372399249249,4.845153084823062,7.496997037197334,10.247300778542249,7.240393721312286,6.462490562030248,6.050252172989502,4.740188047449503,4.871687308698894,5.055253720283507,2.2687418077673236,5.455744544097353,7.832949687221222,5.78664885312319,6.743894971055647,6.149313128420282,6.0633645018296605,6.2272482727255145,5.286961341755732,3.454163807204792,5.36705137496548,7.243657204934528,7.18567601974522,8.22345109369074,9.037614737770388,9.839821300016986,3.036554142407006,7.9724032547857115,9.166634729504588,4.824158808748638,9.227222106286456,9.368894608744556,5.2022127575107975,5.3977064243384785,2.8172413140535357,4.21145267486572,4.567768894774572,6.921914280684933,6.502287121755735,5.560429283976558,5.627707631673131,5.29254721937302,5.799236325813189,5.224935101957194,12.139621465546744,-0.02335953712463389,8.130209144470946,6.142733051521437,5.118568912840316,5.226382878316302,5.187309189353665,5.282223702222109,6.903507444555206,7.692793160464079,7.250788596272471,6.40125267739807,6.1544224177088065,2.677493935796833,6.329149834598813,2.7920795819589106,5.3486431958419915,3.338549669299808,3.947209331499679,2.7978191436800564,3.629301519851601,5.4734672613441955,6.062343664254464,6.664569122636958,9.872243117434637,5.829895900402752,4.503220769975868,3.4951601326465607,5.259310332792145,6.434950829403737,4.55952967575618,5.027533207514458,5.660724348628097,5.748925551559249,9.142720130564907,5.858583168046815,6.672856666360583,4.734255089717252,6.231193697665419,4.052870190728988,11.799426203114647,3.8921605482697488,4.599130548536776,6.254261911660434,4.452244469949176,5.823747108417698,6.730534584181652,5.705266660026143,6.760265081641931,7.54538144000939,5.854113358472073,3.8485821298190532,8.066797676682471,4.315876925523794,7.210082544599266,6.590833004883359,8.083063025932228,5.85437367601054,4.345854477158615,5.426851735796251,4.322222795443875,5.675757727559124,4.593830860725472,4.136341774995838,4.973930497680391,3.701899532760895,2.607168566754885,6.16148991712502,4.425392773321697,8.672882639936036,2.5676750847271514,1.5120220194570726,9.515662071960316,8.078535241553828,7.972221794511591,7.952077711480005,5.144915292944227,4.893200288925853,6.746499726814881,5.420944801824434,6.258982673713142,4.945818753008331,5.429752171970899,6.111059159891947,5.730673022036044,3.9383043339209896,5.440650853647717,8.020269108244355,6.078172016782422,4.064506862844735,5.925196636574609,4.417880435500824,4.45784153948937,8.390942819576178,10.030231246139323,6.450163330989222,6.928882642941817,4.327957742341928,4.274115476131971,6.58082849830389,5.6171791642904285,1.754852996553692,7.246140784557377,4.488255870342254,7.182698636475418,3.633322486920017,2.9873078933783925,7.110783733214646,7.4795576825738,4.833816286495755,6.97364261799625,7.405603240111044,4.650347455564355,4.985050275496079,3.7726494354861133,6.6654225052866565,7.11650096305779,5.17217585018703,6.083309070340225,6.679317295551299,7.231042746135164,4.140391404926778,5.456007538682648
2038,1.5328636375921108,0.010776268158640346,3.147232315370013,5.301661611029081,2.3548666749681737,1.8314696822847667,1.2291662017149583,-0.697747933864593,-0.055308045766184054,-0.11524529669965687,-4.146088986098765,0.921421567031314,3.864142244628499,0.4386478404381446,1.7080271571874608,1.1949182684932433,1.7129023075635956,1.9310475389348418,0.6365764809506281,-1.8650095617132523,0.47323364253555095,2.829484225596701,2.065402060747145,4.367159901719008,5.248418475554458,4.638064121933922,-2.4731674007007047,3.8655268389199438,5.631462927495262,0.23824006063597633,4.376224861613342,4.461512355027455,0.121347246425491,0.8297187068632679,-3.509433771456989,-1.0176530178104122,-0.7015952382768879,1.6315987645515375,1.9110355285661549,1.0789017617702472,0.9825034477881021,0.29203155892235977,1.1625457748770711,0.058147626689502435,8.098550890173234,-6.144365927098054,4.246568147518808,1.5733801296779075,0.3941837559321104,-0.6771479523607669,0.13046231525285176,-0.5566887525575499,2.1428827055863,2.1582147240904836,3.3234423663600197,1.190519453691585,1.7445219075041163,-3.614324290731123,1.888445182783266,-2.6392460804964837,0.6611016477857308,-1.9962353953825565,-0.9898200899362556,-2.6684377456882147,-2.4115847525852065,0.8111743766282286,1.631481296994856,1.9691182843276434,6.168858125060797,1.0266279302537444,-0.3908667168446955,-2.0538163255367943,0.49588866542492754,2.1023181623646194,-0.3662944810731057,0.15594782738813387,1.1398508488067585,1.114698659309318,3.1933377711368456,1.5174685976334976,2.2490219635622832,-0.4416501062256952,1.5860638235296523,-1.214826558317457,7.572018161628928,-0.7777895148311345,-0.2671816212790352,0.9534032950443877,-0.46083702189581766,1.3204239949317915,2.509038940324847,1.2848547424588892,1.5268816448748124,3.462179448987757,1.052996665239333,-1.5100901737809185,3.1989644059113096,-1.1062775786433896,2.6071696460247065,2.0438648713486534,3.947010615095494,1.0187057963439385,-1.0586041569709776,0.6723588624170823,-0.9730899159397389,0.637267476746013,-1.339414664677212,-0.7958789008004338,-0.14278898249779226,-1.9115108434643056,-3.6637566198195737,1.7730697873979815,-0.47423926931473315,4.791992813774518,-3.0401592616524,-4.735346379716482,4.539115366339682,3.9903995230793927,4.222246527033192,3.131856464913911,-0.11481386308691696,0.0785763408456506,2.3582999167697785,-0.319677082768509,1.8415358488048825,0.36696280262299835,0.15470478867313692,1.257010601035186,1.1917527307357099,-1.6127470510346547,0.4766323730349545,3.887616716218846,1.2915593158453704,-0.8597029017550605,1.068353953106063,-0.6988748750516355,-0.27879101548875984,4.343630763249736,6.543406116656429,2.2764361960015136,2.708862920344939,-0.5540825252022075,-0.4066499041659479,1.6218400027070743,0.7339293829032346,-4.028100747934409,2.5015935357127836,-0.4597539232245507,2.295515810378961,-1.3257398977343517,-3.0541162781417355,3.073761464362698,2.7697905379746643,-0.2264569376196178,2.573828978836533,3.2001821045364642,-0.22921293782336502,-0.3666622334292943,-1.5789667842643573,1.9380231065409521,2.3031014476503646,0.03343270357166041,1.2909865594335976,2.2862032081399675,2.8140603191086258,-1.134433808709893,0.389146975108555
2039,3.530677027255298,2.1734627842903147,5.315498702148241,8.202516690109453,4.829852766650064,4.544236369643891,3.701089246783937,2.144694283498185,2.0169190066201352,2.508942193218641,-1.2758546618079512,3.3691822440496524,5.827276289223559,3.1791854415621095,4.2929585361055,3.7057468218462826,4.078542486258918,4.267661025162256,3.146857803208488,0.43366500777857503,3.0298659371478225,5.23758553990296,4.773442223880972,6.274813179884641,7.388267094369181,7.44733200690576,0.44282600475209016,5.884851177302853,7.772758718047828,2.6820871037031924,7.1903612777590755,7.124095059665183,2.791702074025356,3.2861739865371145,-0.6253748834133128,1.735670640213148,2.0329476829086013,4.395357637586339,4.185268889793326,3.5019076276038406,3.2847468785941603,2.8496191323867865,3.6427319335085997,2.734009937729153,10.797892607961385,-2.9246521971055435,6.584390428449425,4.008828129353269,2.9242741371904093,1.9637215348226684,2.68657830485276,2.0692119502063324,4.519793955768857,5.267410477144377,5.2931090995586185,3.735797105756189,3.933094563281961,-0.750185778311321,4.227428289396426,0.17510877294199814,2.9958628722599583,0.7251919776201251,1.0905100946713784,-0.27017144347940325,0.3237279969666676,3.289802195557526,4.0255085097891925,4.3312246573822835,8.387266339148795,3.4812928720776526,2.1455871058361877,0.8539797684976045,3.007174618967943,4.481526077352465,2.1763557800224858,2.194052600434849,3.4461183843868106,3.3142360293439466,5.914261215393036,3.8814970246383105,4.845335860763277,2.168687312092101,3.810664443033083,1.5508751756378585,10.378671383857727,1.6732801200023715,2.348560629040002,3.6598935049559373,2.162605171650649,3.7796251054321024,4.819792350434831,3.430030272049564,4.229103595790055,5.506492858646173,3.5167589783668536,1.1955441051295825,5.757580593866962,1.7262313955064321,4.909206583244461,4.222230322020393,6.195366434114324,3.5161589098828196,1.7479005109518742,3.0842110768492725,1.7435112103287662,3.1602849085416103,1.3274426129247454,1.8313858415931468,2.476087301118035,1.0298274304185595,-0.7598300366595924,3.8687915953142302,1.5931243844330327,7.135077454681914,-0.07809966158654068,-1.7179666749068696,7.432526000110166,6.403861723361273,6.124851789325476,5.641762226274506,2.531768056324549,2.6403199268238904,4.711334090147702,2.2536867046994815,4.02561661388193,2.6621920117310127,2.897588321992331,3.4438780575990706,3.6330746515520977,1.0035614384072165,3.10652217907565,5.9147498077579925,3.7426531344652183,1.2047297931143213,3.120713939837048,1.9846873117344717,2.259807174972127,6.748155193669459,8.669569281595093,4.552399169227907,4.794835539281901,2.067491390023912,2.0758683352598104,4.13998342233577,2.7943288104874715,-1.024769902229311,4.875865203355043,1.6266989739877846,4.8189429753060855,0.7649410013641652,-0.12092853571687466,5.278285836321967,5.237328476565224,2.4076833554676593,4.729285767075739,5.281822606282576,2.3530753552913652,2.4118675176586417,1.2070083630936506,4.314924650532858,4.888430246817216,2.6020358649747712,3.773873340817436,4.390363281539505,5.419640736654402,1.6633984660995864,2.515902348075597
2040,4.977013173486505,3.391482380351849,5.446712019347722,8.351508678549102,5.887814866964306,4.054692332659453,4.645493695904898,3.293137324308712,3.5092584665332534,3.6749620077865495,1.0610230003084475,3.7931014588900975,5.9493357145360575,4.253950872804438,5.334789506612078,4.714705415176495,4.4843076041766565,4.647618526007448,3.5790495530036956,2.072481484498298,3.9421240362737877,5.75196022746885,5.480638709770789,6.393691286125358,7.12013736154352,8.28169294640954,1.6083585652921868,6.014217318727501,7.324638624489306,3.13474573028673,7.2698239779499,8.035794012674264,3.755286865042788,3.7246729640024063,1.60176564157009,2.7326444142232,3.092630572404182,5.300262166573006,5.028469335607118,3.905639415234329,3.7339872104781024,3.8712535302553865,4.059889494188663,3.8328003868460665,10.212863857405527,-1.612615348372077,6.125539436617068,4.44456357955933,3.398733951843211,4.094834975818443,3.7293696978262494,4.175109281710216,5.571209707217556,5.4667960107326525,5.372221031332655,5.227428455863683,4.154126049365316,1.4726598081844198,4.092582001164558,1.3767639045204423,3.5993580594658856,1.9215947943074374,2.554314873048239,1.4234851740300642,2.38885886264699,3.732296808276857,4.4593503824302125,5.34215655449246,7.944481855630874,4.455215429408207,2.85005833272423,2.0389409414359503,3.4184336517538356,4.855570307906184,2.9399323925375938,3.6810769166265214,3.7601412134511136,3.519398768778357,7.240754059276409,4.2531695845669955,4.363221553735119,3.3456574090889553,4.780947935867255,2.660562184958587,9.779510957854134,2.152720995779548,2.8133282371597113,4.7444885356085615,2.650808643443244,4.181973062029908,5.189572636570249,3.6084065616130854,5.201598206793588,5.608071658387781,4.466373097045081,2.3703528297798973,6.753401747771671,2.860860658969198,5.9262783882873356,4.410586883021255,6.021474921490467,4.456829813122749,2.8944024770919783,3.595799819060736,2.79384098611772,4.260556271565813,3.4587579069393026,2.3284233185861782,3.605929080503328,2.1979604099478025,1.3592205082731592,4.052174633741377,3.030411633849144,6.6937220610146015,1.1118828518050052,0.23835730318512266,7.5535721608570645,5.9594888487032485,6.180777977194103,6.647127598098348,3.6609101248638964,3.243938337905069,4.647596053991994,4.293337079137563,4.169443325166189,2.954198795131274,3.9916399704558483,4.677165900383675,4.054148638461322,2.5041223472782557,3.8664111314075336,6.055228697774672,4.716713799749106,2.673569441267423,4.592659811462675,2.9725739170930217,2.7015362441539765,6.290216808739518,8.233651082004819,4.91965038403869,4.933791546736443,2.531745673024231,2.5378825336694733,5.162388323353871,4.280078175557512,0.3214480027689458,5.947241154100215,3.1160766277994445,5.778996588076865,2.2230725026024216,1.6564089597335876,5.6465301885668735,6.01466819169,3.378036605247431,4.876874044218235,5.408463416940404,2.839279497521266,3.543991261720658,2.409281112253666,5.319690502341839,5.499150225599963,3.675978893467357,4.643156816136823,4.568071127044303,4.951154240114347,2.752610819041728,4.085724441068516
2041,6.382987380879268,5.0960460607494635,8.48245156460575,11.573142179846762,8.801385056972503,7.877812848133701,7.587702080181669,5.79564195999077,4.923092813151224,6.2013421459921725,2.7676795052630556,6.246344812028113,8.720929664479831,6.713900122259341,8.347842092173444,7.729676632370268,6.8830471717885535,6.981043182526314,6.139570389155834,3.658058436853546,6.879351365612823,7.63136246800423,8.647668150493079,9.095383954899651,10.154351490736012,11.086660503063886,4.025278073815363,8.899909114837646,10.258988646950042,5.619066783998695,10.416575734317302,10.894746841170962,6.677810125904426,6.235951162874698,3.2129626397575652,5.8007123053073855,5.576879047389544,8.208407926027261,7.03765284270048,6.389767104493725,6.71486480949181,6.789162206463518,6.604062232055834,6.267686987136093,14.009016438892907,1.0067670362336307,9.333461499295666,6.955459759703705,5.904290706132141,5.678208493973532,6.79624738608088,5.754016911823836,8.45824049455779,9.086375177225893,8.143690659252124,7.106769419780799,7.079954863446101,3.108936358243223,7.428505713918379,3.77339400478772,6.5352655197892915,4.348578289789814,3.9832646671150402,2.9303625443684203,4.0478242612310815,6.3083392281617465,6.912663292884824,8.209398216860635,11.005479401350021,7.166369900107388,5.45880924782583,4.533191218972202,6.156367622954505,7.21759290817593,5.922634013822036,5.0956171648842945,6.53587750747268,6.694739487953488,9.310675394109317,6.666339352301184,8.043017504470683,5.780519915957532,6.656741274254659,5.050848038494588,13.637287303379606,4.686713696750144,5.423515346167346,7.198462834528513,5.272573766019197,6.610308745077679,7.477493576492582,6.59296124324735,8.234760006463953,8.457688849632229,7.398886905610563,4.985876703927561,9.650455700499679,5.338862313968792,8.721821541019848,7.554696295729704,9.219370443480358,7.407223991198199,5.365822000375818,6.625899457931519,5.389979148177169,7.278301087554014,5.012991011142731,4.954188767106302,6.0251698117171015,4.737175664487013,2.9636732075895598,7.0317799348118095,4.493222485269819,9.940565192486558,3.547829814002455,2.1426637325968048,10.781616847004209,9.364825500973634,8.835012953622005,9.51166124556746,6.834132727980613,5.756363007040428,7.867348927046572,5.832959131045001,7.201248169583936,5.965844642457419,6.548751875505385,6.370077650036131,6.549811169664775,4.553622339453014,6.393607043155599,8.908415795756238,7.616937800922562,4.095650451098166,6.005469483988626,5.992431242976872,5.262155758695948,9.641703831564106,11.226394820213315,7.240508745610712,7.877968637645244,5.146332860109396,5.077650247088499,8.176317694357467,5.683572601314101,2.6742677535329555,8.836578251634325,4.527578896284105,8.78533731198737,3.685210629978351,3.6347583026758246,7.887578139826656,8.918128972074818,6.380031799844333,7.931008613748213,8.307399524748329,5.502521931592907,6.052938409788268,4.807742391313827,8.238375470467975,8.47736513050539,6.751959383061951,7.541708353374682,7.5881017531667405,8.599971955588884,5.156009076961449,5.622197005578451
2042,6.700000441925869,5.264207739063672,8.073172154596868,11.199436607211828,8.129734819405712,7.733627263988767,6.87315825819969,5.351616222517831,5.286176598284925,5.710155745915003,3.244238752126692,5.895351453764101,8.361018042798555,6.49881228075496,7.6486506175249795,7.003569260239603,6.52729891198022,6.66681268396122,5.742322968585153,4.025564792113646,6.166451698328771,7.57549501838429,8.117832008429932,8.752650797154223,9.929285497537679,10.762854373455047,3.623758828533549,8.54385829057012,10.126146167516712,5.245752567212498,10.115242893568109,10.248958562527383,5.96862078106829,5.858776613644191,3.761672668797629,5.040189591050151,5.152367561629842,7.769649063715978,7.008078082331588,6.012142968603545,6.229000392662627,6.09838027837021,6.221844917216472,5.815674537846021,13.82556327411107,0.6128933191299436,9.194458642708403,6.588332827176366,5.5527635321021105,6.063027843832973,6.0561343073844895,6.133182765117714,7.773285602246017,8.75470264309219,7.802194638656719,7.1007516220212,6.693334534657854,3.623606233937397,7.181922291857856,3.3651331443871793,6.004741768964699,3.923223433537142,4.346207819879052,3.364968973823955,4.537694949763163,5.906534436877281,6.560400732500213,7.507688747559278,10.876772800513676,6.557343005282539,5.020686400362425,4.118077038760696,5.777883702729431,6.921063913192067,5.285154807141847,5.439790773391723,6.157563739802158,6.301989033818246,10.088846224677818,6.310818904398808,7.908119033489905,5.335084220341273,6.706242213504652,4.640591216087342,13.492005314145773,4.343474953515189,5.069385307814396,6.959827172310493,4.9064300017697455,6.299402576684952,7.1871849895588,6.223083388246593,7.658706520284927,8.081024505198009,6.682720259896346,4.490775968773025,8.97159871246134,4.91777539721557,8.052410222882667,7.1546004853078315,8.96523523799011,6.690485079373634,4.945042117152897,6.089445074966979,4.918317685382708,6.586562157422307,5.440312844940596,4.584364911222029,5.581578962478254,4.331597224303654,3.5104688452822796,6.6782583217801825,4.835996351617255,9.790180474093981,3.162313782104425,2.368466998477069,10.45479167870113,9.2075122547602,8.512115616351366,8.838512432149482,6.097890078808578,5.364915431184428,7.598004401900943,6.235318908467888,6.810652715393472,5.528373711449759,6.063013279863768,6.555629204000743,6.158368556840078,4.605968518980913,5.970239462916341,8.554442529593198,6.895352185836857,4.453043530242783,6.356548253979001,5.256426217300551,4.899916372980392,9.490942865610128,11.049474227428433,6.914346608732427,7.483356901284839,4.79006231150457,4.7024194857903865,7.4620860229645505,6.034243117166415,2.4239125807370447,8.15149904127632,4.899113057274372,8.051918458672507,4.040143519214223,3.77651697780405,7.56402810599123,8.342849390634465,5.655547589303129,7.522893211245538,7.925359617812295,5.097627015784383,5.602801082403,4.387803109595549,7.520021677442961,7.946631221260345,6.0490743888275915,6.89854344001838,7.2142212128931895,8.444241479305285,4.7516437845570705,5.900372843125037
2043,4.668275335005352,3.2290416204503627,6.076483054139783,9.70224069250482,6.597422232372419,5.2887350371905715,5.266966463199684,4.116163281111845,3.1545732401843574,4.522020862783705,2.144268436091285,4.147254375474797,6.519220831744104,5.389455109621796,6.012596964623247,5.36716649431203,4.842460917787894,4.92596101441554,3.9944003400525907,2.1469967197094673,4.527480198442936,5.450571490398475,6.512294492338387,6.935043660019126,7.943052836294685,9.43438090958766,2.391142749360631,6.639788700427326,8.18030450642109,3.512586683247769,8.548839145473073,8.617681217619351,4.367998930492575,4.129256780791496,2.5787442183122065,3.347222180238792,3.87360396321331,6.308584017838754,5.03592018634081,4.2875343531370165,4.375480489086892,4.539523933189258,4.48074803182057,4.625639688624817,11.774444397858213,-0.7620842260973776,7.052081102345672,4.871884079916136,3.7430225091321128,5.125644389007776,4.406239733056698,5.185141193946557,6.271227605853762,7.062764270816531,5.885533486306668,6.073366926397594,4.750350296497345,2.464771891598188,5.0392525613307955,2.1817494652633163,4.233242756979806,2.750711211455719,2.2150732691798916,1.4114830794078956,3.3814216251551588,4.188338798923152,4.829275665112907,6.024531662144831,8.770482494788514,5.1193607291206735,3.426457726370014,2.8666936354977737,3.9038945320195375,5.102055337173598,3.537286555660626,3.363404600694777,4.283105656398193,4.2710400949232294,8.8730509155563,4.594206155676925,5.558462563582827,4.192334833528314,4.726444083877974,3.421811202700649,11.347292258058273,2.4416294029780814,3.1441607895440313,5.8176468595862385,3.0156171500682825,4.44855276952897,5.423155824387713,4.231458797838003,6.088982209882564,6.162248409645901,5.078043716400863,3.182872309109995,7.394789304052083,3.674408794141239,6.6229461917919785,5.141528980966126,6.889697640123116,5.083929683853476,3.7190973502184654,4.203551401197912,3.5927800217111194,4.9874530017376,4.45304774035301,2.6830744645425257,4.428038422976221,3.0244018082007997,2.2088743380403955,4.727036469749043,2.7249425675187777,7.700979933994153,1.9030597092317671,1.155354525574617,8.922461761534214,7.015342108426348,6.642789539269038,7.306464856437273,4.398900422666754,3.7262227179748657,5.5767124061073545,5.260488537166802,4.777532962390353,3.5289171209292762,4.798284725192933,4.497878428229267,4.474713144025632,3.1177269384264936,4.484331718566161,6.6553921256746555,5.342980343742033,2.3502012360841045,4.263518957580835,3.5781855248979144,3.0298051724476482,7.334880392466271,9.05675042351442,5.215223112915243,5.528138162408561,2.8455809350524643,2.891387107968329,5.842055444419386,3.950625634193422,1.1323299241917484,6.663650731103766,2.75540004601436,6.419512934876339,1.8983225227466667,2.559661018475891,5.9444382834514355,6.855040171316692,3.987403378529208,5.549675993940662,5.989705646038062,3.300708593481353,4.3901621689753885,3.206101378425958,5.988416110298466,6.421305997243951,4.38065712334854,5.3563504381903595,5.254666646197436,6.082944568778791,3.5333537259272165,3.797511975254331
2044,2.534956015859332,1.1453665661625572,3.927008499072066,6.864205024284979,3.405411954862732,2.5290630246379586,2.2692938936608145,1.1592131888626918,1.0072406321763985,1.5739380212766776,-1.9081347691161297,2.2896254464983965,4.5627214116709585,2.519904037032808,2.815139970183374,2.2498348653316507,3.056823496094772,3.2205169036984445,2.0654396329607296,-0.5129186467400614,1.546895416293824,4.1787963228566305,3.355190845898219,5.035132664016314,5.825474477958467,6.390364704653622,-0.5725046898637505,4.573977121418075,6.139134875152791,1.6194130505834328,5.832205426267216,5.5965298417955625,1.3134258161698065,2.228250084178788,-1.289621481578796,0.1483787191765652,1.0605318345395593,3.232053274129119,3.128175645295,2.4506213800715555,1.8676806293427937,1.4667132650102868,2.536771673216883,1.8105252236127858,9.565235642024453,-4.054560840981347,4.817896869006968,2.900707246576037,1.8021806780248888,1.4051884124155287,1.2089214751763,1.532544054836034,3.1346821248531342,3.8388838314584355,4.02195809589965,3.0399784487272994,2.6139288511659395,-1.4025710088866103,2.609788551500867,-0.7895011331353872,1.5838753531021708,-0.19249727547700873,0.07328460895057143,-1.2571809036391122,-0.315295730744091,2.231282024138741,2.9779290763395188,2.9610042231423517,6.809341094430006,2.261058421645845,1.1208777955600178,-0.16361175073044493,1.8280708129916865,3.4034103506377797,0.6684252861587859,1.1972549338425913,2.238891319930552,1.9380657183272503,6.144993661696623,2.840727430661876,2.909039432449,1.3041804848504888,2.75754816127675,0.5873966907816269,9.109177734809265,0.564379162979979,1.182930925382036,2.9721133810068876,0.9978749068720014,2.668168552858488,3.7680252253477065,2.0356648658003107,2.89949562549591,4.19507794380188,2.087100653988976,0.1968288010784574,4.280651120947942,0.7360189890755076,3.5774748814425306,2.8547987299306077,4.602943647014243,2.0660488298961113,0.7697890820247789,1.600589946763857,0.7717015816164848,1.7017491774899602,0.7542812258005158,0.6667369101728716,1.5902016008538875,-0.010540189381155203,-1.4805868444698187,2.5369765094348367,0.5781239179162588,5.399873119260049,-1.115987367608716,-2.5152189972145202,6.091992474028043,4.595702246496722,4.890228659021001,4.190475058555604,0.9983374084745122,1.5874999222478714,3.143972352998597,1.6977782734802798,2.6197154204760302,1.2003827069486879,1.8844717475452581,2.3920505259718223,2.583881211280821,0.1132839096443959,2.087255617696792,4.609822289645672,2.3289493254252855,0.20030916133629237,2.1083573562758327,0.43928516230413034,1.1261712120579805,4.9514807091227615,7.047815654116028,3.5536418509802665,3.459365970322064,0.8989014891641491,0.9732721543737802,2.682102501818112,1.7963728762098714,-2.012937262867179,3.4987667654241843,0.6095056213438517,3.364046087648189,-0.27147266343235904,-0.9558652867163904,4.306806315055914,3.8944724002054785,0.8843354639996363,3.3761451425296936,3.9533190431605507,1.2574280432292393,1.4576846199376212,0.2618582276361332,2.935242651190078,3.5226150829877185,1.1156501580561902,2.373172261885233,3.062345891924842,3.4806791850498713,0.70185390378881,1.4706907736403612
2045,1.8197249326322773,0.4511295509125496,4.103271483523504,7.170017019765718,3.709071494000302,3.0060401414121904,2.5272409813744665,0.8577324350896686,0.1661552471773945,1.3563543213265297,-2.542527384776621,1.9971162592726062,4.722414842247963,2.0990999813590725,3.0885869358267115,2.5227160788008134,2.746635369663794,2.953234748329435,1.7334053086382988,-1.253127629522767,1.785208880745008,3.5489904275962254,3.6974979460239425,5.203111079388431,6.1665315246741645,6.233957831202342,-0.8536421431494599,4.7552556908024215,6.506532044070108,1.3206459100757328,6.199150542755214,5.858335245081355,1.495270656900745,1.9069542537842505,-1.9136268045221057,0.3974262761218214,0.792576452331351,3.197954550811223,2.650111460359766,2.1404233144862324,2.0878226075853603,1.6548926464148925,2.210500858351588,1.5335180726434519,9.856893944740298,-4.328313335776328,5.233533659790241,2.6233135627848774,1.4945134760013643,0.7886256964345032,1.4834138670137953,0.9413475455317121,3.425962300385748,4.276361506751605,4.21043726503849,2.6342235045773625,2.72735791844981,-2.0318116328545996,2.9257370701857965,-1.0449695050716403,1.822125792929106,-0.46436681960310233,-0.7798508290733629,-2.0466316017455295,-0.9076975913984415,1.8954011461564484,2.6832063199153975,3.2422115232263313,7.035017561061045,2.3400568055255064,0.837536053825171,-0.4357553806688116,1.617422056198121,3.1435572343213214,0.9134323313832282,0.39986240140029405,2.1646188541182454,2.1307949747358044,5.218482081272772,2.5549797573259903,3.3697868098105705,1.0398791098701101,2.222267051679748,0.3157907251800826,9.402161023872239,0.23395589994532828,0.8709247109081061,2.549746870994569,0.681395611486265,2.3946244393076226,3.520607395310487,2.228351112827657,3.019178376027515,4.365680690256083,2.3400350450205494,-0.004753639016831026,4.547672743882453,0.4632226188268005,3.856518844169167,3.037295575227056,4.918246933817864,2.319091391975858,0.5015678957370783,1.807317386886903,0.5052727814231585,1.9995328009128541,0.15790590729032336,0.3451288834214213,1.3273688530283312,-0.28106566784637427,-2.146833763378006,2.7223875575831973,-0.24632373675704175,5.790656452838863,-1.3886972521032586,-3.044006073262012,6.435563069369111,5.023366357173241,5.070918427833489,4.46772195185934,1.2989197020019794,1.2729350910588573,3.4605166604476363,1.120925148044315,2.8076465393815737,1.40446384090132,1.6453454721719016,1.7248548213924688,2.249158238406692,-0.4134063414164961,1.769000887657915,4.782768338492938,2.5899684346147938,-0.642788584636788,1.3333668347182013,0.6891566129667394,0.8306097913267366,5.363636385330132,7.44453868881267,3.2775101701595966,3.651058443582483,0.5859619169362938,0.6761421611266489,2.967006332746575,0.984108075605968,-2.3459879448903465,3.7924943268299094,-0.24944135450891147,3.6249633929559164,-1.0975574242217203,-1.432759257512434,4.024910046479534,4.183604035632949,1.1431321214352355,3.5423834619777543,4.123357348915723,0.9118995699499333,1.1678909245678912,-0.02281730297420653,3.213079931906291,3.828391171672512,1.4169204443693164,2.650278882363013,3.2422121041587415,3.9361912337797063,0.43514635299465515,0.6614502938730369
2046,5.2660232658897135,3.729740867870192,6.307617252639361,8.72554469874927,6.01361309971128,4.9726178428956445,4.7352689738784495,3.515258577040264,3.797317968415364,3.9009447697017876,1.1214374495404098,4.281149951049259,6.713420284433026,4.463893061876296,5.408892706462313,4.8013798756258845,4.993003898220403,5.088476259793552,4.113448043380463,2.311087984272412,4.010851489858969,6.023484919220211,5.713900968645301,7.136668778317315,7.837253491367613,8.437944610629764,1.7909786548465507,6.809959718957545,7.9883999973535555,3.632323537979808,7.6442051167999,8.143396812251641,3.8317195920007587,4.264405383169654,1.6760311586516232,2.8098328743396097,3.3456471294164665,5.448821109852624,5.409748867579869,4.414277108545813,4.344538733536112,3.9750808698790387,4.628350770047732,4.0364569336175915,11.296606976645336,-1.386170450917311,6.828906292202215,5.005059455548012,3.917954029408948,4.161148389748166,3.81629705162985,4.229689127632549,5.684954896995003,5.83579695299268,6.1416278534169715,5.3337697827390285,4.955021551038537,1.5278336941131512,4.995667672370164,1.5767954636897372,4.071150025086743,2.134640790734972,2.847951503949506,1.6685821771621714,2.4693404817155447,4.294152330926489,4.9746255679854325,5.4559950573103775,8.679672664616788,4.578919935173219,3.2190109307478556,2.250241199667966,4.08659357896873,5.28627688996494,3.2350910280432044,3.976524297680174,4.47750507295132,4.445912681732859,7.367898348399571,4.718971320055426,5.243539797754163,3.5823102777956803,5.148694342374801,2.846060990755048,10.879459378549027,2.6133459065641684,3.3419893005064587,4.9557632288762505,3.194106900053362,4.643402104691735,5.6029732406139425,4.4791934349707185,5.314429048980987,6.395295131632257,4.539918363413644,2.5832720916186047,6.83768025125776,3.070196685620717,6.063062867096491,5.313874765591962,6.826365452153343,4.559730300945893,3.108127736672763,4.117453892209702,3.034290790025677,4.373269977181086,3.534349639075145,2.8730231902429035,3.8238910875150136,2.4201055435197683,1.4301159694790833,4.917835702214922,3.3241707410131203,7.4358353889414195,1.3094216768230724,0.3545156762269991,7.935636709843362,6.752718771674805,6.905406208974977,6.746914586424828,3.7546674081257403,3.708095760856356,5.407005051417011,4.356084262473244,5.044561606113401,3.6731257472719463,4.208199212806564,5.018303283889377,4.59559309796563,2.7029772236943286,4.247461050482734,6.881125555293899,4.807226742804051,2.977607910973683,4.879301653163775,3.0602275055434016,3.2135200947523117,7.070632447940963,8.856476064877851,5.369099278960909,5.757142244904701,3.0548186383077076,3.039626264252834,5.265982172318867,4.567576264483589,0.4983478383294186,6.058217099734713,3.4031653750687845,5.857262873117414,2.5238436434950144,1.7943963390375894,6.095615622826983,6.1842787763902125,3.48530278599688,5.731883949041371,6.213645855018074,3.4456460416316985,3.7748717584780285,2.5997869717489412,5.414629382746564,5.730582680792681,3.7905828436304447,4.791062558974539,5.437973647245339,5.800660323458063,2.936211182070629,4.427175890973636
2047,3.624506314950331,2.037761564765656,4.744598583464641,8.005917894627366,4.520424796002254,3.7385196528264437,3.349511243615832,1.8277692283902855,2.0648577419774883,2.2292966638292593,-1.0627930756126123,2.706604853485311,5.3028475831129755,3.0721167623996735,3.9331527848328887,3.357092651724817,3.3894316721175404,3.6645855747495912,2.446397162761008,0.6252899991614475,2.6321752709735704,4.459168399551086,4.522088362489428,5.77963636203536,6.783661537244913,7.365102730106028,0.20125710879053332,5.353106191528162,7.131361241585438,2.0283433139324196,7.036234971880911,6.757115296700167,2.3915853512606424,2.573572143060821,-0.3932731615645559,1.330588222401484,1.705457827023097,4.247885110761439,3.8577127531170854,2.8183546606983465,2.795204136946374,2.5222096494265984,2.925471147469113,2.4156767558306447,10.437591600418092,-3.1439731458468088,5.8933898601681,3.339900269678662,2.249455112218856,2.0820139752967015,2.339317771366666,2.1992691235882904,4.188043245247435,5.155377568943163,4.778906219013567,3.680231801154358,3.356858813762665,-0.5208317714078081,3.547658790381892,-0.043913582393102765,2.546833592653275,0.4547996180398138,1.142460052456174,-0.08426697250189516,0.5224385768175123,2.5586795517376486,3.345760070639,3.9978457446609226,7.731954809810432,3.1444273356880474,1.6544318759015617,0.5975717169897907,2.3023827519799993,3.884081088272587,1.7527240582874855,2.2343375191092494,2.811940486090523,2.716124717359034,6.388497609964442,3.238647493081437,4.06818940298898,1.911053095545089,3.5790544616590663,1.2859428980520788,10.04575777053833,1.0854884307831523,1.6505245906966086,3.4898892240864927,1.4585841540779376,3.1471896578690846,4.2535578002887116,2.8758507966995257,3.9804817311465723,4.961019780327169,3.146608928165265,0.8966343568904069,5.387959008560785,1.437925970980098,4.5958687807832455,3.6334114811250124,5.570005607392105,3.136732888141913,1.4715899450438363,2.5971145964094564,1.4352881312370298,2.815081512076515,1.4845866113901132,1.1217850148677841,2.1971054426261345,0.7873162688953532,-0.5010255932807917,3.3007846632174114,1.6550966390541613,6.440479008214813,-0.2963344873062212,-1.6292723276785446,7.284905300395828,5.695425678576742,5.630912013697836,5.297265660869223,2.141703709534236,2.0392283350229246,4.1121041208505655,2.408639068475795,3.4596726159964275,2.130369281662361,2.545914926220264,3.342911968067557,2.9309797582881805,0.9638412632447271,2.596381975071772,5.382079753971525,3.404972152411937,1.2349761737244462,3.195815819927624,1.5942444971629552,1.5943646686417725,6.0326623555921435,8.036011267134123,3.9324618308671875,4.249908939323254,1.3664351437773017,1.4119790838233068,3.7890608923775817,2.820860277342478,-1.1731753285708175,4.552002821649823,1.6633235850504462,4.45998267190797,0.8687440856226849,-0.0865659492356414,4.659031045862605,4.959521573303,2.023620490516936,4.138297881292449,4.729200969955751,1.58053629228047,2.0788792923092867,0.9599599885089055,3.9733786127396984,4.614212064258751,2.2618100336619795,3.444460928865841,3.822767052905901,4.659577385974784,1.430048709256307,2.5578540584870737
2048,8.003240828003207,6.662056590616703,9.14366206164871,11.566860880170553,8.539550381473136,8.421776619979317,7.244022629090715,6.022056848662243,6.658965869247914,6.407607541765485,4.350682916066477,7.223511554939406,9.321424215180526,6.941167069545813,7.977913064536236,7.373781233174468,7.834493842295238,7.868997953406406,7.137725080975467,5.247580447659963,6.531800169178419,8.99898795570646,8.542683031516416,9.67765764764377,10.503364163211414,10.954380142688754,4.274299970056326,9.541597184113094,10.55516439846584,6.582234616258318,10.53689255501543,10.513368554413326,6.377045876426355,7.240866654259817,4.793660174097332,5.436070039016864,5.854483384106841,8.052423927014962,8.243337229852166,7.322804073031456,7.157239360468727,6.5408585890063184,7.623202953913382,6.455450334187066,14.24853822844369,1.343252696309772,9.663135777094537,7.902413970232013,6.969457996596717,7.129705041646962,6.432512527211964,7.223613949120043,8.177800542967663,9.20762986327921,8.691179073522134,7.865276128692288,7.831630820035935,4.617151538601942,8.11756235446249,4.039006634269444,6.770468093454837,4.573722215848309,5.707264389097692,4.62520483380982,5.4779789002878285,7.347802026995588,7.884592774936128,7.917559520048753,11.398448187964306,7.040958087252719,6.028003665379113,4.763628638855048,7.216402396772593,8.099195917270013,5.868109751812045,6.832811908211029,7.424606047357833,7.580808335968429,10.146051304680961,7.530583958540642,8.540705462012975,6.016493152507712,7.963184017794473,5.257959708358562,13.931535134996686,5.6396238927330264,6.475976667872496,7.424429465617454,6.363068612345629,7.549331533483096,8.344499418831301,7.450379860347933,7.9538125025374535,9.067429909695475,7.05251910026584,5.1175331481865465,9.273817399569921,5.548153842772755,8.46245604583195,8.356473835025518,9.735717261156866,7.0606265040380665,5.591936935271537,6.886361037194728,5.5904686817101075,6.974863873182661,6.505621406861712,6.049790431771964,6.225872010844094,4.967086921206541,4.453948203261411,7.849176147899459,6.203040930788429,10.313559376341955,3.818858184026822,3.3343913670629237,10.856361737421585,9.751773998194503,9.338913490942549,9.17580738456121,6.457077453391894,6.597874735508644,8.389286360863062,7.216603895596091,7.924752909370833,6.522920736883365,6.702255634857081,7.897020416281053,7.543128572085072,5.599623195560918,6.9755715757142776,9.601274566352366,7.28214349853141,5.851170351515924,7.68607438994306,5.644546173512934,6.2655207387038665,10.034870377608705,11.36352117061615,8.080288738863809,8.517775310575965,6.195592788500447,6.066748662080082,7.832500230201653,7.45173041479928,3.142048388879214,8.569816335609985,6.265440134491244,8.365426808595661,5.393738041498831,4.675601154565816,8.7273558820997,8.709620507700102,6.0421114417059085,8.65026456500803,8.972760772578688,6.619717781777892,6.25923063371863,5.043625414690802,7.910719950710019,8.359073062879695,6.452742873877287,7.292803282769664,8.376952842303686,9.06037229060062,5.3340395416532225,7.374655813830238
2049,3.4481421025203813,1.9558626715093848,5.061085547884326,7.919269470444747,4.461224247302326,4.2238789030483765,3.2954464278583036,1.781975699322564,1.8649758523596176,2.195270669460297,-1.0790518566966063,2.998094420041887,5.596422783178942,2.9488685867616082,3.8764452040195483,3.304693686323508,3.6821421364455373,3.903452152439526,2.7540815671240644,0.44828116627676257,2.59657289279359,4.666283760885041,4.477031455508303,6.055599256711344,7.131553461083342,7.095337466256963,0.0910760183419492,5.665568495754681,7.462182106396983,2.3145484157970984,6.987509913529671,6.656806352308822,2.3603800654411287,2.8884293587612238,-0.4771621292190913,1.2906078994274157,1.693183345454081,4.053470889372484,3.9202925798084047,3.115752230797495,2.993701635088238,2.45896797946521,3.2423637888261254,2.3971013727997033,10.931580030918125,-3.2746494167617426,6.26690671768572,3.625411306747367,2.5435201775814797,2.1313498752989917,2.289693254232407,2.2368014141917243,4.16317255977275,5.133125944222726,5.067047196360571,3.6650741268481517,3.683552446535654,-0.5914411891251804,3.9638407345329045,-0.12976220803601338,2.684693813323977,0.4236720766339969,0.9372371899230156,-0.30537298284470915,0.47525096599544586,2.8923974950398703,3.6306005938244694,3.971887694937843,8.10566882214376,3.1176942633198803,1.7915689119270881,0.49950696485382945,2.635731832470214,4.104860602904641,1.7880509742668704,2.044919926034554,3.134025976487569,3.0989189199038925,5.794095747705015,3.5112033005271654,4.535602880708342,1.8830427897827933,3.5888019176998327,1.2092863372394038,10.507744614886386,1.2902361184358604,1.9309195066536102,3.4026372011218733,1.759727874996941,3.3854897677898412,4.460254992331776,3.186843462128726,3.846126329685961,5.259395570201536,3.1107261445905463,0.8745298751762931,5.314601044569698,1.3739316889217923,4.563961595722609,3.998785650144732,5.940240688196255,3.0977034568786603,1.4092580778258184,2.7485016965440328,1.4193105680601936,2.785593157155173,1.5014144739934359,1.42032419996602,2.170821554533076,0.6775385235037157,-0.6395187186343323,3.6446025181029507,1.4537894170199137,6.818273910454338,-0.4168932606599147,-1.738878189027312,7.211078127899341,6.112709402186531,5.898268936787333,5.225472877281054,2.111900298084531,2.2630169630050645,4.4391219417963725,2.425171737585748,3.763618259557654,2.3501275638650556,2.535410307241341,3.2597418454608738,3.2361360117793065,0.9028785403285711,2.734458703228404,5.679140986681782,3.357122137078219,1.0356061739580973,3.0033214569890068,1.542665414299281,1.858122854254075,6.436820475969995,8.387295559474401,4.182717466992993,4.565022152023656,1.6446037015744615,1.688045605378492,3.7452105675424874,2.6369748969562363,-1.2921683894736433,4.513754987823114,1.460798045992852,4.406897900998592,0.6526116051844189,-0.18563292196818734,4.9054883631628154,4.919668085826562,1.9822377920150749,4.488314788682118,5.041876277540411,1.9399792607341517,2.0616820650441277,0.8790221912520286,3.943451363061158,4.582213078173145,2.2221956091267736,3.4158621315445235,4.171722371344056,5.110024098839081,1.3420716157981312,2.3861937697976843
2050,5.526410439450826,4.176412144107079,7.286842795780729,10.29894437789917,6.945212560359926,6.70004448746996,5.710205019584725,4.304652526123187,4.07523473075458,4.623901576149673,1.4460201086742555,5.3182104766368825,7.610407984469616,5.455044425811084,6.42149301139372,5.808675256371496,5.928086061137064,6.1108137626733114,5.139244184616419,2.6559410957353453,5.0306539952754985,7.157474255348956,7.02938083857298,8.018741098684922,9.112982419771807,9.819417227698231,2.560195172471661,7.761200294111457,9.327083040135246,4.647634000969786,9.32502176293305,9.127019570555007,4.858788008349282,5.245882443019324,2.037252434788804,3.8562119282782135,4.147046981219734,6.759139752228346,6.13498555506979,5.416475931448601,5.323193965958699,4.927087374670165,5.634948816895484,4.795155567569396,12.625651385102957,-0.5896535277366658,8.332283441760646,5.9833817064762105,4.980190433987551,4.472048785005297,4.823132771466461,4.580980651399922,6.591727151615283,7.795525850994248,7.074918587984781,5.892309323911158,5.932811426264898,1.8719584718346611,6.282076087806904,2.317060607245991,5.050873786530324,2.8790104670183982,3.1310054395880025,1.9678454032966082,2.87437001743487,5.292985769680569,5.919017051373211,6.34079912304878,10.027908076558793,5.46495492202895,4.153002889560804,3.0070315341864338,5.124215754440851,6.33457909141268,4.240443951317246,4.229777707478831,5.472257218509911,5.446146308524266,8.771131496770039,5.734165221133404,6.8916323461420195,4.2957234774317055,5.780055584864957,3.6035367416484037,12.298767821277893,3.6099916832787673,4.438714940633096,5.929835816366332,4.287842733306542,5.7049421140125816,6.633988245470186,5.437386826212917,6.529145113698077,7.332678948502456,5.507650168452944,3.4041249322039744,7.791042533197573,3.8599785329507945,6.906398350559172,6.312952549542704,8.099252382772312,5.529362981660027,3.8917115857558584,5.134444545635155,3.854707934813838,5.349431472005588,3.848692207943119,3.9542165768998,4.542098706322063,3.2147046781012016,1.8020925776766905,5.872154174638651,3.6143059764988728,8.877235943078997,2.063700922685011,0.8096568364117809,9.631180321904163,8.277838895576343,7.808756882165163,7.678394726344516,4.79967977574894,4.674581205632007,6.690959887206556,4.69348174312285,6.022058826365641,4.679079897488869,5.0230973653495345,5.493088029537884,5.578290697506498,3.2747430409703964,5.15477588465437,7.807268045337072,5.7259030972208285,3.241793507337569,5.16257177612611,4.054694898639406,4.271740481257438,8.58321620268481,10.213941103698952,6.330266970608918,6.714730215046025,4.147585670862881,4.06529547061239,6.252289914632482,4.828635895252227,1.2138824496950427,6.956010710341589,3.6847791342397347,6.846209245920178,2.8184563926288075,2.32472913005123,6.981264718728406,7.266939973724736,4.488615193191383,6.70892105954034,7.187634549183505,4.474942342591072,4.550855654664339,3.314041661843658,6.322222951480325,6.960517538338896,4.83716957473329,5.812298140568393,6.407196187973024,7.459319236023085,3.710264529713561,4.616897223038331
2051,7.33076765680952,5.9245654771370555,8.031079747527835,10.842879451172694,7.2462682383401065,7.2067084985119925,6.014204887832913,4.984713276794978,5.99392172353608,5.285304979767117,3.6465417432997924,6.370546120405197,8.311211105755397,6.215167236381347,6.735965874365401,6.110926807778222,6.931386260901179,7.095338604386363,6.198393436414858,4.6662867409842335,5.323502987623219,8.290201037483552,7.419816667373691,8.69835031383804,9.624456690038954,10.186416745877695,3.2376607375485564,8.469864357369284,9.743497298285366,5.703163732801166,9.78062748281019,9.41915894725493,5.173469980273931,6.300911290304999,4.112031004684311,4.146826796872276,4.885317221709662,7.103112041950227,7.481313005302634,6.453072035312654,5.916731589606833,5.282384126526972,6.674543154226351,5.479716693929266,13.035117363929748,0.18047921452671561,8.774585280594017,6.956688935416087,6.058325212182743,6.484763477529802,5.1332021372658865,6.517215917898076,6.898014260189868,8.329070642164778,7.750124175846579,7.134679142066412,6.7280599599438045,3.9672228118138606,6.92870829190527,3.0132222253297054,5.536960801695073,3.5891841494611323,5.080671407920973,3.9801133470875882,4.903316165187528,6.37809427976608,6.950816216213365,6.645714274474555,10.529257094327892,5.892224460840226,5.141602480411528,3.7119608691494395,6.119361691815511,7.315785724350382,4.630266433581712,6.144577257122315,6.3720524830477565,6.256253517525537,9.942427342162205,6.744368396699429,7.3952133893966705,4.989617448619436,7.231458100676539,4.2791334056029395,12.687339523860393,4.815584983144486,5.562269783020018,6.656473419337999,5.426272181102206,6.732525282672474,7.583381306300206,6.195548024560726,6.859735178734577,8.047584871415584,5.812604914392742,4.0541916211800935,8.095522779013429,4.551631329527924,7.1875416278839115,7.102500638578622,8.675422787985635,5.828866889647079,4.587708182845801,5.686676927975249,4.654424643516541,5.6642176513160996,5.84130984725697,5.106187601600372,5.232972010544365,3.927829571706908,3.8344420137149955,6.640699124549118,5.560810613525767,9.330069440922566,2.7587476374847566,2.419280314871242,10.109380590064186,8.744059690407344,8.463637824888744,7.979717320203784,5.131436617459573,5.660479391472683,7.2929228654929545,6.630345942931516,6.777722115016414,5.345798285518379,5.652849042841367,7.170661447516509,6.614781402264323,4.881070759040967,6.03739201085908,8.516083858162167,6.0346183095659525,5.206861827203205,7.016703214815688,4.362548991665243,5.383957157816206,9.039764642023613,10.664190257872855,7.2995135605335255,7.439087811298667,5.287435739380974,5.179842529126575,6.572047358751296,6.73400715473773,2.1187990107706622,7.266476547718047,5.6145099652665005,7.177878741281375,4.778015698705401,3.8166474638240686,7.925568019918033,7.604014106733459,4.7885059313050355,7.491680357711657,7.904518923376288,5.588325524090656,5.253328661407744,4.001389025471041,6.637044392313276,7.315724383081709,5.133509996799485,6.107293372494834,7.176381315503798,7.9408664290394135,4.389231987084661,6.603850679951058
2052,7.279687312624553,5.928970303093749,8.48017598289464,11.86056694351137,8.338012904354505,8.167767418450344,7.124956104478666,5.831771715198247,5.92823663822242,6.124035687957493,3.6937433545078573,6.561927054609568,8.738141262318408,6.896436712997302,7.900755424158912,7.255205000085492,7.121293126259528,7.26699423428093,6.428822613613951,4.635701411057798,6.477989770458745,8.461872727530343,8.600753089785577,9.104436776999917,10.262158506363631,11.069321700930596,4.11379846483469,8.93399777364518,10.428272614308769,5.915931039942164,10.829861850397927,10.460940411048275,6.332278961368971,6.513414665630887,4.194419590703079,5.378343540004317,5.634127203055788,8.11916460437434,7.54884437280042,6.6625184360359375,6.614737210529191,6.380090618133545,6.9255423745938725,6.280503434049231,13.923862416403637,1.142182963235038,9.549596643660749,7.230051999592356,6.245265292589151,6.536989855766294,6.313582308803288,6.605900808743066,8.002931774088317,9.596446197373524,8.15136828715248,7.535906388504168,7.133788118405001,4.0470731269036,7.595802872947286,3.861298436139315,6.371777335607579,4.407008572005934,5.005158402238574,3.9578570089169935,4.944426518040042,6.591653997344629,7.1304648573909475,7.755853857738631,11.204821036010982,6.87114507172789,5.56254380052643,4.5945812735706575,6.380659368261697,7.468574788028908,5.640093756360671,6.076907264334814,6.7044065122093475,6.723921730329413,10.36246458651232,6.93992574512959,8.308575864242652,5.784506849731717,7.2838366295610175,5.099975217240198,13.632832026481632,4.985658498747007,5.742826029019695,7.362363947289335,5.608223180685727,6.894530968474492,7.73887739777565,6.6744799925812615,7.958392129199845,8.482597680389883,6.954325253223731,4.939257942459413,9.193505067697592,5.389147122417176,8.266867307254248,7.576323797979524,9.351797794444224,6.955008321388492,5.427801096439363,6.486355164221354,5.383447814839228,6.827203107731685,5.9108621340245,5.287995326519015,6.0259083781923595,4.799496184076583,3.9380149462393352,7.085266790539028,5.505765857653958,10.098043616475275,3.6457220479845986,2.820442556483407,11.206485341489312,9.569221748624528,8.845820560199876,9.053788855884758,6.369606513982372,6.006140569703922,8.01305483920234,6.691483081451486,7.230849201338633,5.956888788539387,6.516856971383097,7.184846303079811,6.834271781891587,5.145718601399236,6.544005792055813,8.938982642548424,7.165244328762801,5.120271027513912,6.9674699114901655,5.556718865622368,5.567945296743085,9.854427645461904,11.299095714092251,7.471704102839744,7.8762929345747175,5.467947396582791,5.367911668973309,7.69912201944473,6.679941234631195,2.899863823822567,8.35529381419932,5.5453043454991935,8.272367760751928,4.702829278366906,4.238960490907946,8.094904773655745,8.689068057175195,5.963421106657811,7.9547019811613255,8.366345373221808,5.8084091454744335,6.057030868104528,4.850021725999459,7.760213140504702,8.421418970897294,6.32838189804128,7.230846337761203,7.62070137688092,8.854429891705513,5.19663886768477,6.554720826659884
2053,4.930578686190503,3.4285048665744915,6.071258361993487,8.725181514290824,5.524617958707471,4.977022165166479,4.28972945511341,3.0155233316655665,3.4263551175594333,3.3583349498787123,0.2274623872978341,4.223724438675809,6.503527562586322,4.111844755655955,4.951744394217216,4.325203024489543,4.797993290637223,5.107510759149277,3.9386117034724766,1.9045472882155865,3.5923873241458635,5.980240246493902,5.403669746273331,6.958398901032553,7.8148586839437515,8.062006040343215,1.3908508528556154,6.583563138225251,8.080977902242118,3.5067681264132253,7.721698530124768,7.83640752046236,3.409653525267328,4.033727455032723,0.8631899703826231,2.3490250525996066,2.8953870763736123,5.056935636167014,5.306875499657225,4.2628538204090995,3.985155579873494,3.512038187363319,4.424712115845511,3.555791093781593,11.19787635803223,-1.870333220277513,6.927048375776834,4.804758076476199,3.8167443858725667,3.3558567157746952,3.3151995643973344,3.469028208936966,5.122258114814757,5.860156520988264,6.010688791903002,4.848387824637553,4.7152689287705085,0.727859423362782,4.802363493399959,1.1138672091599024,3.663206725035396,1.60679725919451,2.4841044415852847,1.221808590633528,1.7374320034469881,4.044745568931105,4.791332751086783,4.907230835301536,8.78251133816583,4.113982899699894,2.9809731257813343,1.7976087152957922,3.827424407005314,5.374632693587667,2.817411825060843,3.5840170561202926,4.2263851230697975,4.0786073254687425,7.604205581120082,4.673820904469387,5.238014215230945,3.0557295837572616,4.9880590232355235,2.4305388253315225,10.826408917563302,2.5619100217308315,3.2504636965692044,4.564903162532885,3.068885487131774,4.6859997057489,5.702925436491414,4.178833416210757,4.868271288701464,6.210513482402476,4.076783854620795,2.0676002055406557,6.411032242647239,2.616880899245318,5.48230307591813,4.976094252829038,6.706937573690503,4.070510437658854,2.638106314305747,3.8020947772477336,2.6087820546967664,3.805236979041778,2.751308503946557,2.7136550954410006,3.3321350216865557,1.987201358165061,0.7443719638245441,4.598934795281718,2.9851121296707,7.507011178641447,0.8989524207277487,-0.33487330210128957,7.986908559607608,6.767425061975208,6.826753584827697,6.299552249003734,3.1781078370953244,3.4674789414341984,5.252010384840625,3.634183772546905,4.787105556258135,3.3962178131299363,3.697091047891552,4.753065328672528,4.386016557578532,2.2217919749873007,3.929072541820019,6.62744791741882,4.325437069790702,2.5832301835662554,4.53294631115028,2.5828840872538965,3.1399018337684,7.117049646962963,8.979615911415651,5.301067465437311,5.541636198014021,2.9541008178676913,2.9118972142892225,4.773342029218161,4.1789851882628035,0.052584972126143395,5.497124251989385,3.0244528081268087,5.440765633540493,2.1927212098879485,1.1586923301219951,5.993764011987622,5.807196259871122,3.0049245910985154,5.454009583166668,6.015785916628586,3.1198935244764607,3.2598447361162717,2.136501554293294,4.88428886192185,5.4318394401243735,3.265549160247405,4.3354717961379485,5.130190953239797,5.831366712493559,2.5800705315811303,3.972190042478695
2054,3.6834374902104683,2.304668634917052,5.702144023456744,8.76434174797365,5.303175175722158,4.798118348951854,4.081899028164999,2.573435947242458,2.1522152155637766,3.01138952417033,-0.06324459910392924,3.542612287295716,6.168552802715981,3.6969560108014523,4.724593838131325,4.128924671028342,4.235512185901671,4.401040763088639,3.328570873928923,0.8135049749697951,3.371619902125429,4.821632902856385,5.346951864659786,6.611890300336695,7.6330808115857005,7.906290871862856,0.8121518858841513,6.257894889478174,7.926650736680521,2.869435668417387,7.75194052713258,7.456827990444645,3.1509994196040267,3.475478067781246,0.4970175183777294,2.0977595220719087,2.4285616453204835,4.850058536178297,4.315448609633104,3.6651821319546016,3.7004505395889233,3.2684957465423015,3.8525229307157685,3.15655709145857,11.297787722519466,-2.5569212117365434,6.769257362612656,4.234038142966372,3.1210322592673565,3.1007761323026277,3.136945709799018,3.2338029987311807,4.991762754001784,6.017347793493954,5.612852176598142,4.458340533716338,4.305670179080751,0.3358513556420799,4.596777541296823,0.5783769607543928,3.419781816857199,1.1760641470551483,1.2061852548803607,0.06043258594082853,1.36642091657434,3.504588617384437,4.193425547517836,4.783098055422307,8.57213013044425,3.881285638787917,2.4202746820236962,1.2633328608104124,3.27704594763262,4.598248174307602,2.555096866190433,2.3459444378103527,3.7515667519399116,3.800776500787054,6.996629091139346,4.019521644285748,5.094175294467379,2.672629097742692,3.9451580645150623,1.9266707944018489,10.872093630688529,1.8064214612756464,2.5141034087964464,4.200834969431163,2.3556696159499007,3.908862265412298,4.9395064798848995,3.859328118179526,4.688993708150729,5.846341641247269,3.894136992948394,1.6997182303773506,6.140764509886505,2.1284889346786917,5.376428214992797,4.674470973866325,6.505946428701283,3.903066704954423,2.1709867678449637,3.474402350187302,2.125906865511623,3.651680895899022,2.4632627921445063,2.0209831467696606,2.9339596616370356,1.4155465785946173,0.16181236792887976,4.307576521379609,1.7112900993653704,7.3176402317626135,0.2834684729576134,-0.8222958779760741,8.035628957833561,6.634535672888162,6.424013579956121,6.054334037631218,3.0121567561158114,2.8837098630411284,5.066397333145145,3.3308860189148386,4.426734483561346,3.047429611001696,3.337347869042841,3.5885566715683255,3.8195258712129934,1.5568312044654584,3.4045093126861095,6.29859232082963,4.144192378861562,1.327373324121748,3.2661678373813627,2.3467772837994314,2.4181307354143704,6.968488532730508,8.813708853295871,4.676414384160723,5.170988454137528,2.218174606561663,2.2513693436980255,4.574190209593092,2.9442151140953823,-0.559177936826433,5.362829485748498,1.7512024128011292,5.192171634840115,0.8801173133509522,0.6735541447997077,5.401267883341227,5.715411414738213,2.7850740555141686,5.132975283930346,5.647399469252144,2.590187621968133,2.844880347166741,1.6411140893186822,4.754993886181288,5.374451815017632,3.08738148047456,4.208513317310382,4.829736580699685,5.659251051502571,1.9943600428955892,2.688945818798881
2055,5.215256093123131,3.896403309490001,7.364513418411036,9.279599306253447,6.095709515203321,6.585744235025983,4.955524990601198,3.5841477113110702,3.7547285175217042,3.928616261482242,0.8211031939967424,5.100581423991495,7.696456975596293,4.64400868229568,5.609001277227488,5.01557814904622,5.71855484566518,5.901991905059131,4.91675231925079,2.2619148653266694,4.308997195746221,6.900721810811331,6.064256694274288,8.102278242659361,9.095428255572918,8.620925275023499,1.8788837959723825,7.84812771741833,9.275531067592754,4.434283881528037,8.344369853394374,8.354242392868871,4.122283261482203,5.027283778893093,1.406659135648181,3.085360661574771,3.5079525564398084,5.68687538525888,5.881855816074782,5.204049138086183,5.10735012830368,4.158580346831252,5.436505074905498,4.13381693288684,12.332130251611986,-1.326151091738469,8.271549172699457,5.766037793058372,4.737325979130609,3.908993083451476,4.036629139312676,4.039241234958172,5.79328698686191,6.635843811716354,7.148640533217365,5.339992001972031,5.942141539497034,1.2705148667097095,6.278750511258842,1.6379065979804284,4.674124089309147,2.2020298029695224,2.8132018338356746,1.5675916069320255,2.2775945095611463,5.064930707216261,5.707689155638217,5.58023816464203,10.038564435924796,4.760878116318158,3.7674366914800252,2.305222578133858,4.936742040940693,6.130664734755243,3.682056762916701,3.918142696233869,5.376360772337229,5.54225736483932,7.8983473370117805,5.530512826197915,6.792083373027191,3.608322489261629,5.52494803071022,2.9455796952758524,11.982762539386751,3.416367839596102,4.207574147837504,5.135765751404689,4.041105222103317,5.495408028151308,6.428152142677993,5.530703624657221,5.539945542652695,7.421352394457381,4.774478061922961,2.6995954717908597,7.0000868611569915,3.163547955666269,6.124984839638427,6.414854833057948,8.097844578538625,4.791094649689541,3.195588332414628,4.852993072090407,3.2051283981118877,4.511041202715465,3.2921836716788158,3.712241222602979,3.8801471590995797,2.4929760255983884,1.2219875807208662,5.955080510888779,3.305625121934073,8.781567854966434,1.374766806619508,0.17038556571517796,8.571595568529196,8.20373698409114,7.888437362653865,6.880625281589373,3.9306204250880676,4.35128384583763,6.5413884260824755,4.153958671633155,6.111817187283722,4.608419199075019,4.311554025220019,5.2029891638883505,5.354197732771617,2.751383093425204,4.702768658314433,7.887034217507715,4.994964938930106,2.917190402001145,4.8500406859708685,3.301666136511731,4.053512239881925,8.511273776819667,10.192011316439935,6.135063218644691,6.793828598729203,3.9253544432776315,3.854038749422346,5.445568342453666,4.524344061102186,0.5565236999520216,6.125117786717605,3.3585637907896726,6.089126335297312,2.4999671425138192,1.6627065904438525,6.797154745386379,6.438350417358538,3.7344932292188924,6.806666061707908,7.262488646805287,4.234872586599416,3.855779822170737,2.6457865116851655,5.566508760196822,6.09730922718133,3.9934862996850686,5.033643836208752,6.502054188985912,7.369949996471409,3.0742781404938015,4.26773499054834
2056,4.1022255595241255,2.652474410619057,5.478059326325142,7.986060219364507,4.855673904770187,4.3944044296230595,3.6678326640810277,2.32724379045623,2.59174518968378,2.704097422531673,-0.37424591996241463,3.564974757603238,5.969098512721913,3.5252090794699535,4.273054010514173,3.6910279823201027,4.1940320777041595,4.487220670282839,3.3012698076665417,1.1157816891159322,2.962010335709369,5.493743364406485,4.734555909463337,6.434552667077096,7.330649788730913,7.473424138421455,0.6729003508176108,6.033199207484724,7.618584914266,2.879033101456508,7.065466811720816,7.081489769262929,2.7472486717360356,3.4121173671313687,0.2530539070921279,1.671460217556783,2.2506794529301795,4.4575621096151234,4.558684497007303,3.6466070799955292,3.394274697186691,2.861424568721226,3.7690772128956658,2.909105197872435,10.621792404992243,-2.637783662549085,6.440828854697091,4.138096040340937,3.15009955040046,2.8016226794038506,2.667027452162336,2.93088523873261,4.514681886349404,5.166038821637629,5.482073769505537,4.2619968816638005,4.121366308416638,0.1229431978293816,4.248755880777857,0.44656761565378833,3.0781702305589413,0.9732247836355649,1.6510457740298352,0.3934895369623393,1.1655580693057597,3.4192367607993717,4.164834195056133,4.310033901248659,8.33304320329002,3.517120488200872,2.3680173814296746,1.0819693231156922,3.1641698079449787,4.714167963074787,2.187665237699235,2.757499437459877,3.623385428211518,3.496084367377418,7.078355304683958,4.055056423374583,4.693011907594545,2.4207110732793797,4.230514885378736,1.7558735362121025,10.231434106826782,1.9382337953363158,2.569595626485534,3.9637993978602544,2.3836216986179366,4.00765312271459,5.06364413712706,3.608789588697253,4.242587731991499,5.660436928964087,3.464576438495089,1.412010724203927,5.711906826283252,1.9350484643663666,4.899632361957009,4.393891679389136,6.174058767102127,3.45739568493196,1.9677635392972366,3.1679790642112495,1.979707732796668,3.1655382922717528,2.190119733129231,2.0541650576250876,2.694846824875898,1.2706592385257995,0.09591359517403834,4.042322329804299,2.1558003155248504,6.991328135132793,0.1659600494163375,-1.0191249851669582,7.276948508088076,6.25415316299935,6.310272527326431,5.615474919815148,2.5097904876938877,2.830355842624393,4.70119793486582,3.0875901395721126,4.200183143413493,2.7955945857933586,3.043416332985673,3.9484236544796416,3.753944608569145,1.551279698099406,3.2736393128122607,6.079393879324195,3.704828090327126,1.758133656185654,3.701201362056393,1.9153021642139985,2.489056234354419,6.586953695757048,8.55488959806306,4.723036976690803,4.979140249852621,2.2970754159348346,2.29448352796691,4.130447599930425,3.3546878478157214,-0.6617475809795501,4.879704249969551,2.1908274033239925,4.788208446545261,1.3416870759001815,0.48276012752737074,5.413169838514712,5.195833553586688,2.3566166639327997,4.874905677565508,5.438764384814673,2.4819038394306396,2.598563862272672,1.4500968877758253,4.28537674844265,4.821037478771591,2.6189590432814205,3.7356216839381626,4.566701650619509,5.2725524682551645,1.8959827972309906,3.0752160319260198
2057,3.3421925604343437,1.8783330285123412,4.691938731486775,7.751022238710099,4.599103897384234,3.5430561384984443,3.3807852126125795,1.5536415926047726,1.8053240704217148,2.0546317300626185,-1.8621453063828604,2.7996348695563444,5.269396366657955,2.7626064808240964,4.0029894698943425,3.4156110153134414,3.530626681872773,3.693645427269595,2.5589817543381037,0.138728362747602,2.639791620256647,4.708310663879716,4.482378710593491,5.733742943299668,6.611665834765879,7.03787552583963,-0.24700408971735155,5.342169874161482,6.879674118278285,2.123900306224824,6.7397825290049775,6.727263536197803,2.3478563851543814,2.7323213292019726,-1.2290871196559492,1.2854292196620791,1.4735784358211896,4.009876377880575,3.7439728735147844,2.9384085910660884,2.7931719788483225,2.5001820369490546,3.0435276640313016,2.21003525448697,10.46742472648621,-3.7184094408260955,5.63853991638337,3.4035570459706435,2.3409330217167748,1.4072853528495357,2.3868998240147326,1.544108190281053,4.31224853481565,4.887119076933182,4.70587907965694,3.2098383335662737,3.346125655940599,-1.3716475827353352,3.5244958988257835,-0.4563022277184878,2.563068763698847,0.18041940672056636,0.8679639471428731,-0.6344219413186829,-0.23438300000769519,2.742939815350943,3.4786946397806915,4.092490219644136,7.511906139339721,3.1218500641839846,1.6307170222912515,0.21167675107717757,2.414864726524267,3.8771996994103697,1.709370396711995,1.9926677946533475,2.8873309280191157,2.7968687436410367,6.002568879058318,3.3135435742059998,3.8821525707840934,1.707999578224759,3.430699821029392,0.942345668162621,10.01193418470877,1.1287703699299265,1.7432685119765157,3.2723215149981657,1.5685022324323643,3.1637957887457935,4.231401433742472,2.8451089514153343,3.8964618007918586,4.901210967584379,3.190042735476579,0.7508746188133928,5.4280645642961804,1.1238759521394972,4.699193025912557,3.7011348856346946,5.444160889807558,3.173301751579024,1.1661877634269848,2.5226744579417373,1.2192997736590254,2.930450456908774,0.7880292862653754,1.2446566015481964,1.9847634411283934,0.3919023888451677,-1.428523851345691,3.356103897094727,1.3908672356179779,6.208773465561015,-0.7909594502300022,-2.4153940245509156,7.001433047332933,5.479256341978909,5.531787937028066,5.340486542135481,2.2791406759193977,2.069146900624038,4.039567917159627,1.730496604966799,3.4048633729772892,2.051805943463531,2.3712398530117103,3.139343488322837,3.059745437545438,0.5170955878815497,2.540156656676637,5.373425869909779,3.430211382252831,0.985587354004381,2.9180205649563242,1.5701814670381802,1.6774055889674584,5.80843604345407,7.806712143309416,4.007658307786499,4.202093391759057,1.465130311250688,1.5206603916628048,3.8702079432351266,2.583487301692365,-1.744426374350275,4.6846444960151405,1.4021878553288352,4.50685417290245,0.5570868283510221,-0.7906020821205212,4.742920221920526,4.9592542456729065,2.0135693962286645,4.153012790850232,4.696110326796769,1.8067693001856748,1.8633370119546124,0.6061174164393128,4.069742259383199,4.544952869415281,2.3576002438951797,3.457492117796623,3.879585240568435,4.434085165318432,1.031887466566905,2.2881447426708688
2058,6.987158825567792,5.507534898019266,7.770219385783591,10.728202083919733,8.150615132387193,7.054782265105417,6.88801594408495,5.557327988318038,5.5670447028109,5.90890857802172,3.353527000120709,6.054873851367408,8.055343419739179,6.500747092893081,7.680856277008679,7.015498907225478,6.668619820049828,6.804406258530385,5.897379628888202,4.245385766774414,6.2073219965611175,7.681321294392856,7.858803008709638,8.449158688102447,9.445321688481739,10.592207551002502,3.8285650171339505,8.207770038875088,9.615272501377126,5.389223536529716,9.605445998481345,10.399733866006134,6.0571712073470865,6.004671816687501,3.8120234650160554,5.112532414615683,5.345124996214039,7.646934200610435,7.219934128650599,6.146311233139466,6.031813464207312,6.147211872360536,6.349728679151407,6.019417695807561,12.739237458365306,0.8042017070310464,8.625801766344482,6.701690350047183,5.720189108420163,6.256877147299906,6.058858559653163,6.329629978431124,7.77226549897875,8.045388214449805,7.503273462823458,7.292863854659457,6.447910740120069,3.689469442356911,6.671466481472763,3.5579583012631963,5.85972284483058,4.1242637364992065,4.604486542088645,3.571102761902978,4.583232111696687,6.056494895155941,6.700418677500316,7.517314929834439,10.287804920971393,6.612569406628607,5.136804215077845,4.3230598131913975,5.849330652611598,7.058429674591337,5.26396220070975,5.724065978825097,6.081060787609647,5.938102625736172,9.37620506595288,6.44199345963342,7.241706959583931,5.538844809588046,6.930040136405401,4.8298153951764125,12.373942150388444,4.433127725550107,5.214539881050585,6.993437397054265,5.0596285880676355,6.4461607843637445,7.326142073529104,5.903868507647084,7.576199372857809,7.778883443347046,6.689633962086266,4.666542789739159,9.051591965556149,5.111294669711164,8.055679643792766,6.804196543778693,8.47293188955103,6.715235040762595,5.1464106154229,5.934771578013902,5.079910850737776,6.579642114468986,5.599439931341578,4.72665809861251,5.778014924430423,4.521930484207615,3.5677808736051815,6.3214929726507,5.1077661320567165,9.241820954637868,3.360258193314074,2.5249601785625737,9.932681260364394,8.60308689453772,8.229222449234554,8.908928448387556,6.092228089645511,5.535831713676454,7.119646093009837,6.385101870340961,6.493727988403823,5.281092275040491,6.261163563387737,6.812506899503726,6.311633893634593,4.755979368729249,6.147493981782877,8.252933279105598,6.920015493886814,4.708955968703543,6.640175260603432,5.30433708573026,5.028982657087697,8.915025441774302,10.54751494186265,7.029959911480548,7.17520828704749,4.9222525816543845,4.823199055450301,7.4777905846280746,6.330274444605621,2.6128321034567663,8.155036334374122,5.169417740511043,8.087117403745655,4.302337703108788,3.8881124098386066,7.689745636922972,8.207882451691802,5.703655904105738,7.199344640384827,7.62111133786717,5.251688109338285,5.823973436227868,4.593744493808067,7.515146271458697,7.743915452382394,6.042637136894542,6.850904421082565,6.871168678360328,7.804036825043818,4.955242943870171,6.239567646384237
2059,2.6000506404521224,1.171022950591785,4.995725896954533,7.792286474364146,4.506407007149285,4.051587373656888,3.299897795356811,1.4870869449206754,1.0025697082281126,2.0021831340023444,-2.0742054177182063,2.4183301909402624,5.527990355661937,2.4503669538668262,3.9091850672449353,3.3242744710828567,3.166534966283611,3.331795137987605,2.1855002267020076,-0.5150094147239426,2.5725304047311015,3.818563408085278,4.431158353388309,5.983588421664068,6.987805791199211,6.787152865874981,-0.2743757384163978,5.602808613769178,7.309853423919,1.7465823526893332,6.796601852774619,6.652756786239999,2.2980879592044006,2.361590002690045,-1.5219966032675338,1.2648298939956073,1.3615937537380625,3.7960539329198313,3.2068210741134777,2.563698295344198,2.9416302506944976,2.4296171282018935,2.7253300981862223,2.126975964116198,11.006365161282678,-3.7271949365735053,6.087348140949118,3.1645851328969035,1.95110001585313,1.167589660733939,2.31365835581507,1.2635531906570694,4.218278661583155,4.915506475312366,4.955364533194474,3.0094196583011295,3.525274116013733,-1.6202335187367047,3.87037139343364,-0.4705644833190117,2.6523966020106196,0.1286803641489536,0.07563151291438541,-1.275401147561415,-0.5216080848393692,2.3575060780559256,3.108745522903543,4.024317557896889,7.944196560180613,3.0315153847847656,1.3349007593733908,0.17178160393876896,2.1947640847946923,3.518880991957017,1.7457016748509275,1.2259564720360305,2.819328337269168,3.05034605594618,4.826682820490429,2.948144180247827,4.379952523963793,1.645292218348813,2.8382958965109926,0.8895723748419966,10.560302427730392,0.6637541677270631,1.3160194635391214,2.9611582751785006,1.1441107562610082,2.7891183454460204,3.882492950771536,3.1174673699906914,3.7320818114094454,5.171544937416915,3.12092775212867,0.6456519830439771,5.3576078749128735,1.053683538734913,4.636937478610449,3.952562963909335,5.815847620368006,3.1101693728140405,1.0953813494848346,2.6936244730438506,1.0817000587071683,2.8354704635483876,0.5117837143795833,0.8083809643983856,1.9205578998396444,0.3249792767422563,-1.7395821285034956,3.5965406466807637,0.5861865958997177,6.68514540365764,-0.8059228651757732,-2.613183865217225,7.020521373827277,5.944290945359635,5.775752623592104,5.265159845884359,2.1604955805199513,1.7506803211889097,4.346817900133985,1.4603677222771292,3.6909966798765326,2.2728553820933612,2.295497806157383,2.447862225025892,2.7027297713926837,0.15354191293673763,2.3035342329048683,5.62480121797749,3.378068093529771,0.20466242091996198,2.143265314400197,1.5352062382469227,1.2537034294434963,6.290138428019624,8.195189888562474,3.6481823288968624,4.48341944281544,1.0188905179500565,1.1037899128028317,3.7722941351788415,1.7985696917133673,-1.8203929441315791,4.597709430115563,0.600772843855833,4.410394192487001,-0.2357020957129358,-0.9687382914525033,4.402874646096356,4.915063260389229,1.9659884840250035,4.423986429933989,4.961003286165317,1.39935519312109,1.7763971682105724,0.5820081700171751,3.9999836289456887,4.5218029099383505,2.2406760949109246,3.408605019109587,4.118202501535417,4.923175942046301,0.9625628026468421,1.5495625237535149
2060,5.559761143156463,4.181723896307607,6.573181072303229,9.918393494401665,7.1095415336745145,5.910903452815754,5.779591941514191,4.346516155345096,4.162259129754134,4.812954524585181,2.3103416091629434,5.0154567965439405,6.971864131784865,5.477265303475517,6.499847746321133,5.893590925101723,5.672007117101126,5.753248683150326,4.834997969865799,2.8486627122121204,5.028373701018945,6.120110424501555,6.971732633241584,7.395768515127051,8.389475538475176,9.667971918785147,2.5829317290868086,7.14194077338491,8.616209337541036,4.358674757395472,8.89881813270705,9.091061146663773,4.83482943624258,4.994886588411673,2.8115476301738225,3.829180215937751,4.189152589866095,6.67409639880061,5.899374913424252,5.113488874877136,4.92930649987289,5.02076033247369,5.302051375154408,4.876276323199271,12.34507185646466,-0.5302038603595329,7.572227405224531,5.636882716417315,4.676459883579186,5.266347639103021,4.928169362513084,5.338518244240967,6.758854126504491,7.360167080257091,6.388729074876757,6.222566090737071,5.327655697294646,2.643833455017633,5.622927995238984,2.3910060386572574,4.790038038151603,2.9925766633025215,3.211121073152335,2.1646333115441476,3.62329996265471,5.060077334301813,5.6711161685841445,6.497563878659695,9.263045065104961,5.5696227750607905,4.045242152895246,3.076419121665612,4.768722285968915,5.9381517535075545,4.071666678786281,4.351572164041658,5.021201124361582,4.838697021348136,8.800946737400126,5.3947010640321,6.131223097869325,4.463272055344927,5.606406337980712,3.6469929141657693,11.998232649905342,3.3151588295187295,4.1142135726554105,5.962144861902508,3.9869926972048617,5.329524274383271,6.23537721570049,4.7962751363004985,6.522655551002493,6.646757302859001,5.568767903958049,3.536333605008466,7.829776058026723,3.902271631785803,7.087241630894798,5.694326793721744,7.397669322575841,5.575436563151225,3.969734549522397,4.716292048245667,3.915219948972976,5.50380729522024,4.627285408122197,3.6627337898526906,4.680035278946158,3.270215129426547,2.433041484441076,5.294054699795589,3.6843595853873654,8.181701062406812,2.0951746607465447,1.3395241762910557,9.228671262093949,7.518798977455923,7.128906350476408,7.756139267448871,4.924904536881621,4.455846900599338,6.099618197418749,5.4218884187085274,5.316305845284037,4.077705743057388,5.072882551380568,5.433434656741366,5.301235117018223,3.565195030399733,5.022225632199218,7.187977379028285,5.81955267361232,3.3745122181517724,5.20480774092887,4.066949880974636,3.960522517136167,7.83271648293095,9.472722038200928,6.006443407705854,6.04180738244738,3.8261369628565642,3.790358868667061,6.356150035639961,4.9420129524809955,1.3345319271087634,7.145861190451044,3.7708948225847303,6.887052139639857,2.864315080429828,2.7865729008402127,6.690627654109682,7.264915094950371,4.500156872160732,6.039288460356851,6.5136126364980464,4.2598523559314865,4.638695031404497,3.4043424614838225,6.47101104216916,6.849274925887584,4.96346255914707,5.8302604866879335,5.806031091936996,6.676001760150704,3.713073045866835,4.743296034208369
2061,5.787034698256421,4.388954330767907,7.40350131392479,9.759509725230082,6.504041658767631,6.472290818499669,5.287684313473956,4.060839262178969,4.338392176798411,4.386708830935616,1.5202625919931692,5.333863803531445,7.720037513119835,5.121159689767018,5.997714198886286,5.3790258560329685,5.951280207080498,6.11938755129065,5.148872832208874,2.8956999933081002,4.623009408371788,7.203102716803554,6.50026757504259,8.122242538524526,9.021802118207727,9.02140184970839,2.3215271270567803,7.861706747327529,9.172946860215493,4.6676237949303205,8.764000868797304,8.738147879498342,4.470306800944467,5.267969511875086,2.0732546699898555,3.4480104136679848,3.954628837534363,6.071812054035918,6.25326035012092,5.435355071723462,5.280547149422844,4.529120756047113,5.651164655972811,4.583809017496449,12.655978894233703,-0.8551556357315635,8.152091046103411,5.980722861630575,4.976364707840345,4.557886048672455,4.383112776066577,4.670979659482171,6.171888693102768,7.136823180956502,7.166781523730607,5.847836597476688,6.031302421859327,1.9304715946316735,6.2651204263924525,2.074147750650134,4.890529754332138,2.65939577296376,3.398852275311946,2.1991505239158893,2.9256646544273397,5.320726376346182,5.9535031752927,5.940635348217832,9.942306371884689,5.1165732583829335,4.113469957879611,2.7714060788042802,5.131370214479313,6.34279695963487,3.9585591588701527,4.49091956785747,5.519781918610843,5.605245547848087,8.409902487908086,5.751140208223034,6.685552643239504,4.064003899267739,5.938219918563429,3.3845005064670506,12.277742622579847,3.6891919907182453,4.451324661315554,5.611328935836042,4.295329527224282,5.71951195789235,6.634206865089282,5.583238980599809,5.927019076794389,7.445790609717372,5.103394509213312,3.1313816760267543,7.392349411121443,3.6322400090949847,6.5127343187640845,6.453029257484847,8.037815372645856,5.125954935593268,3.6614588763032683,5.023842789552043,3.669541643347062,4.914694108281821,3.926102236977648,3.9687834171312195,4.324812701770239,2.963474784578595,1.8663135685026653,6.022304344177249,3.8863847375448253,8.7020302431924,1.819529696021764,0.7563464979508077,9.021236935257912,8.086261122354436,7.898276293490612,7.2735721869660255,4.340763026821825,4.639099029558045,6.598599808024508,4.772226064652204,6.152698912365099,4.700812348670195,4.771697997195378,5.696889074838587,5.592017243376798,3.303571955859659,5.047780218720434,7.933853735668318,5.330555393333946,3.502747094844069,5.42444970905781,3.6505874618887892,4.297859755797045,8.394811138297834,10.077041037593574,6.35348975317819,6.830792465060946,4.16819345323103,4.10611662140914,5.823875791632699,5.088330994120664,1.0153082204716555,6.525374438507218,3.945182726745098,6.440680162874718,3.1018004711185205,2.2353106283715807,7.0159932331315105,6.832782147399018,4.078761374205353,6.846459454298025,7.274709930590223,4.486337108271463,4.340087773970196,3.077556211714235,5.92484758709158,6.493674416627202,4.374247537766183,5.393347764414339,6.546309042828428,7.235530046080906,3.492400417157584,4.897147127560209
2062,5.678352730614802,4.380149071982931,7.993162309910566,11.021245093430789,7.645794155767983,7.470853917939325,6.357550444773268,4.517188697361517,4.258213337510825,4.9258557562849346,2.397015562041528,5.462385528002468,8.283547720313068,5.894102443541801,7.141984569174901,6.491235816904477,6.089043836508478,6.207693556403475,5.322734333787644,3.060003107892618,5.663168359228543,7.0616042005164275,7.765655260000913,8.652611704383581,9.726336063444617,10.607251496825898,2.762694344829236,8.453669000736301,9.874243613864701,4.820496635724392,9.943429233985292,9.69915082028934,5.437912840928348,5.427883587990483,2.854192223719188,4.5399604256664,4.363904108958583,7.453715439992291,6.237076269941669,5.580352487521513,6.040230904306686,5.5410991270095105,5.858120077209811,5.022888542073112,13.694352630206515,-0.39073922783136156,8.928054702175514,6.217582981075558,5.118973858867376,5.3533472381632015,5.5444176350055,5.421745879522391,7.325519061514309,8.639226986680715,7.661023460115704,6.369889548793435,6.55038691205638,2.7328752777406162,7.043719632178545,2.5364068895578407,5.736532328171388,3.119963930334366,3.3412316119032264,2.333099252118596,3.7005868547729075,5.502784492501188,6.103886759706909,7.058007111932551,10.6512882492372,5.964087749591894,4.4024846213204505,3.2295326148292838,5.389438800939489,6.408141844719653,4.889245887898974,4.421551820210048,5.8852861859968755,6.260265349490301,9.569207623388087,5.868713138358933,7.658715656825471,4.539295827490942,5.885811359967504,3.809448603780141,13.316500176702228,3.8267487086355696,4.570573373671091,6.304205459675622,4.4391925843698665,5.794008491720472,6.698515866803274,6.1845186505998875,7.279608088731771,7.984259300359663,6.1854219752763,3.6987675049475244,8.48031840340368,4.075818413283145,7.608648417677195,7.093268147323816,8.796171606438497,6.195354176738434,4.111353247293406,5.839240503331112,4.102155476542455,6.1040494186537595,4.681460345217163,4.1214503169059755,4.785763321178305,3.4104329654148633,2.5561241922633973,6.6355964286518985,3.8293345277862914,9.525135343202523,2.266930503291742,1.4145917179329062,10.281727308460647,8.954753375692029,8.3607780667288,8.359757769533568,5.590331422005381,4.85803650606956,7.434111940009249,5.509524547627994,6.7326942724841,5.374280109948347,5.292715800127807,5.634855857065746,5.76296254822186,3.760928066074848,5.353633873377528,8.475341122278145,6.415061088012797,3.4580080736960688,5.314849839891706,4.742276989349297,4.4301836387853015,9.244049111860136,10.748954485143937,6.456079352540628,7.385157070415364,4.288150929340293,4.2597272709012035,6.959139108657836,5.0148396462202065,1.4902840286493304,7.687117828641621,3.8735852433102465,7.52139403245279,3.029761340974695,2.860578169992994,7.129162272917373,7.952959032323477,5.154919112154416,7.469871251285078,7.855049629722326,4.65829387392317,4.78577473908663,3.5550982876481263,7.054039901707853,7.619446596929005,5.544648441778762,6.473606739778601,7.149577681081634,8.170524268916674,3.9088246894202046,4.8547494436614205
2063,5.264149766308923,3.75288375701223,6.266382034868002,10.009261497642315,6.828512052978789,5.542750793056827,5.507909228546283,3.999679780857906,3.810260875842401,4.467749941136154,1.7989206055977507,4.238061774522068,6.700237146445686,5.367702363537892,6.243724784361466,5.622507131312577,4.9243249212524685,5.03334476458175,4.032952746323181,2.525840097878664,4.756501558289997,5.833596715756826,6.882228874308723,7.127618476961342,8.133496054155492,9.616384200538908,2.158792117663791,6.843681118530886,8.36861474428858,3.5748355175767608,8.917887702797136,8.746991655443397,4.550137745908328,4.218380407989029,2.2549549247537315,3.52735737370593,3.8083228315625894,6.542473128650872,5.378827748554092,4.363794573077135,4.615969724740304,4.717684986601981,4.55061946505947,4.56940162838104,12.474767777749472,-1.0516144326754966,7.302404065855915,4.945352015112124,3.8590036594059427,4.832720544508529,4.665020613372325,4.9467012539772055,6.538299113139508,7.541580426094258,6.12056808940002,5.88775920186724,4.942391316326598,2.1239890336990306,5.3052259100335,1.9800073622592858,4.507697593527178,2.662149858634386,2.8538840000118495,1.7498204928423684,3.1333090076489114,4.264469414310796,4.907205536855116,6.282496501718247,8.956378528156447,5.290830753850085,3.4291235769433626,2.6739195710846384,4.048311109694518,5.221326324450119,3.770088996206012,3.9962493139718234,4.454027070317951,4.512935178886568,9.154745716495173,4.670060165013588,5.799964132479258,4.121757743401187,5.126891982129644,3.2804049581289254,12.088709313954629,2.5219849527123324,3.2815391278692667,5.849852981311935,3.146602989520348,4.5748467362352825,5.541808832968982,4.4720162545463875,6.355731844689167,6.365543182832857,5.316089964658022,3.225996718236376,7.5476379735129235,3.549420613476208,6.879043755999634,5.360091001221112,7.096112309595838,5.318154761833805,3.606628503543988,4.397995396623654,3.5338370106049966,5.258161738727774,4.184203867507837,2.806396235578826,4.355248518501011,2.838238796911073,1.910935499838422,4.981970085416525,3.38043244929452,7.859847492831091,1.6431699778352473,0.7849555366007354,9.313776758313182,7.217252495672022,6.875220554215569,7.47398594277246,4.689229796188218,3.752657204653538,5.836079725223993,5.018095642408091,4.999079513922334,3.7646826525884065,4.761366189909833,5.012973652826622,4.525240723788741,3.1329416528344143,4.458533951959438,6.878831522379606,5.572023269959856,2.986062991619111,4.890029725645273,3.775378619985922,3.139846621287458,7.54707414497222,9.219654711229461,5.304833881237677,5.742280659026333,2.9786507821508823,2.9668117955327036,6.09551629059549,4.609369045070238,0.8502335211528201,6.905519263020588,3.4068129705531263,6.6181772197995885,2.530971423430103,2.2378675860751955,6.005475112835743,7.12217902115413,4.215004698719298,5.737770030328207,6.211169422524319,3.419392715820245,4.317351154983048,3.016323444885868,6.249154438717024,6.7407106944492865,4.701129725894762,5.627446041788376,5.488941264897586,6.327078783192805,3.3264463946223213,4.397168214459504
2064,4.520873681668722,3.184900077113085,6.488110898754426,9.763653311772003,6.308240820680347,5.889227285981179,5.080843905465942,3.3524067865493397,3.03197290876082,3.7771290681191854,0.3996582380362924,4.44545899672168,6.902276986518077,4.558330048115123,5.735763969165941,5.151034973348896,5.089618745233328,5.270189184482608,4.23426343160016,1.6488807038004922,4.369239668973856,6.100577679276465,6.3919510739190235,7.332887898970929,8.437559575481071,9.004095691548926,1.6462757080793349,7.053367127052377,8.705182810766356,3.7851025700569143,8.740792812619887,8.413771366540875,4.1451442037309905,4.369598834429467,0.994577598039593,3.159767825475764,3.226265599685055,5.94647031963936,5.180771056030477,4.551217018919333,4.606685631615775,4.2515853873321,4.74921950804336,3.9055035703948584,12.432747966902594,-1.5769462428987038,7.624983078866666,5.102801333154951,4.074059627923584,3.4433757764952504,4.173611130033221,3.533842408444202,5.980343946388794,7.18252114014966,6.330366044810842,4.954011007930551,5.118197870254518,0.8636708627854074,5.527717659728866,1.4225448665874338,4.350272120748244,1.98076268008777,2.1034552024943487,0.9635072686842514,1.8647809843931888,4.3990820041724605,5.071228780065267,5.757095526797431,9.38608341727938,4.772265632663454,3.2999819623572475,2.080846051233159,4.180027362278529,5.468000989407301,3.542393012557709,3.1960943021944583,4.6103847207767625,4.67914623043367,7.902179305095758,4.894484626395361,6.1312401223395545,3.4208699146019543,4.821259918808935,2.7192179167909303,12.066705349513462,2.777231234524933,3.509992183106286,5.0242630397102666,3.3608848205634567,4.820779328261101,5.786943058456694,4.686432972124643,5.769391751558786,6.58507195957271,4.884795533439942,2.520296202067815,7.115126396077024,2.9226002678275096,6.321891054830381,5.545402070028443,7.386611721771107,4.894928855981145,2.9576678708195683,4.380005283121555,2.9531619338584796,4.696386484588898,2.840860405564307,3.039578372133629,3.6750068481479374,2.269094394147397,0.7987192483884924,5.136890333039422,2.594519126841001,8.197343872913288,1.1501361182757783,-0.2197077506887049,9.03190473679985,7.565093266112464,7.100808706240998,7.027453302698472,4.093683116776606,3.7750822995390187,5.988867802279333,3.708044786777883,5.220622372414386,3.9077003676976467,4.111987960657904,4.475225640620503,4.690113084656854,2.295814992620479,4.240427868919714,7.079804556497507,5.133152728847098,2.213272336551122,4.127526852169206,3.39625714293548,3.396192008256914,7.8737820510353345,9.597801994851658,5.519474634315285,5.934154472393648,3.2318257144519262,3.212554536759851,5.59458773178714,3.7899460132100753,0.2541801749495805,6.343759479693006,2.6345089495182052,6.199603010394746,1.8050884776881746,1.3333606737000592,6.196861416387507,6.679717863351109,3.8279553771018984,5.936720437450069,6.425172855332495,3.5379140662295487,3.6156499232564636,2.4377910852432225,5.736721906917432,6.366766807011198,4.147831986631666,5.195945216928209,5.668988522887232,6.690519969803947,2.7963022735502037,3.523271799087525
2065,4.341025412934169,2.9431003417287545,6.014577343820464,9.885486003756522,6.856351241243208,5.643692297594887,5.599321470090321,3.797438895010521,2.8867755542908387,4.275871274513858,1.058805743498461,3.8623321115970612,6.474584067612885,4.837710504340274,6.287354051747492,5.690821685961315,4.488030941145757,4.710875822177954,3.644315493532588,1.7087198864668605,4.8735878207853895,5.044998913258315,6.828216565081053,6.9008901642901535,8.16259176480983,9.046058994957377,2.0631626410143715,6.60223312633378,8.510656725615261,3.2174478126157626,8.830615302494598,8.852881655948503,4.632728817047815,3.7536618904343655,1.58975745482104,3.702102430271251,3.5824749087648775,6.160607485260285,4.764220923682608,3.9608712894575895,4.481521837519748,4.77109305965049,4.166045933110375,4.3354017870766794,12.180822696004597,-1.0285098467554374,7.434266688674687,4.572075818479061,3.4725709497928605,4.135236355476083,4.7440236170909245,4.235146032699518,6.53402532679694,7.287325599363874,5.906987279387457,5.433336422060221,4.636072359127656,1.4358993000217868,5.145563050678796,1.9094339387757422,4.4312220226441115,2.505734289796754,1.9740628944975973,0.9724897977496902,2.4486464709043503,3.7931309272136016,4.473470408522659,6.322082148279462,9.02186828638826,5.256347976465311,3.147396978948798,2.5134958101170426,3.566218657192908,4.905193843133747,3.848243937796465,3.04569988601974,4.064556915845187,4.150344675353597,7.57202035465411,4.318009423624191,5.888731024094991,3.921350801842553,4.453277462933745,3.1165752276778216,11.850007628276945,2.236398772788901,2.8934584402878367,5.332873318557231,2.735320032920157,4.2434948182531755,5.24258044777172,4.2040252421583455,6.1458406358957305,6.15862306445571,5.418167546817237,3.052968032870976,7.6079762942024685,3.350214884031032,6.8934841351849725,5.026337997296028,7.0553793021610804,5.426079643624167,3.406027801361471,4.3367246240377435,3.3136962800685863,5.2740170180797605,3.484413196678673,2.411171058166241,4.128845973525726,2.698317958707257,1.2608278263892465,4.655178709115303,2.455414425235773,7.982954983519656,1.5843075945973422,0.33898890742234117,9.183208209808377,7.3414458797978535,6.696448863404139,7.514076321252754,4.7015688734395145,3.4218192006860444,5.731391240869253,4.323252363396542,4.755499876716309,3.627569746971132,4.561471086740492,4.199213951826094,4.103898618902477,2.575878271460531,4.150380537765367,6.603364300488363,5.679946736778532,2.0899917621697703,3.9525564228317567,3.9402670995066207,2.8057489105633313,7.665671994297631,9.38732699837004,4.950813293137721,5.488620268872805,2.619191516722949,2.625684494418759,6.136968942412309,3.6293036929198683,0.7235132051365704,6.915794982228961,2.496858344865695,6.687240174412729,1.6683263282690752,1.858634521280015,5.647548477351668,7.111305188706946,4.367957359020201,5.46099511384964,5.9880873386349025,2.8838068139340196,4.080016903579235,2.8785641332822194,6.297828297955652,6.739482392796446,4.7263723823907124,5.6839097559452085,5.158641054374833,6.462740634594643,3.203745943307877,3.376050838402341
2066,1.524275624552475,0.09854777822204444,3.9573386962392516,6.494185067074639,3.369638350180218,2.889473802702766,2.1677548616060163,0.07911821507982018,-0.1527870233835917,0.6866231403180532,-3.5663198309285282,1.5902530252933513,4.598874314980846,1.2018467351528133,2.7281908896352567,2.1626761900527147,2.336158000664519,2.566323767602443,1.2983879729041,-1.7672445581826777,1.3960974310125611,3.1367718963750764,3.200648836791514,5.081705314559595,6.053812333615495,5.55089024796284,-1.7365844067651781,4.622652549296614,6.445452241812435,0.9015769854187975,5.586434765798709,5.4735882584537805,1.0383233421615188,1.4697123854288021,-2.924636025394178,-0.03799015964780421,0.06675821422998432,2.569798232402122,2.2963284669177875,1.7147716382252332,1.8498729188527367,1.2375657869236838,1.8060565043872752,0.8126266033521722,9.535908106874146,-5.350243386413372,5.159409634130342,2.2187458685466215,1.0747785938637608,-0.11377448599253512,1.1099509190235817,0.03495932290596431,3.093701742483037,3.493241893287216,4.086962006134648,1.8484222667557844,2.5431408848081283,-3.048097487219744,2.781071218635352,-1.8617532849311829,1.5444499909877756,-1.2022642225027091,-1.1199597161795418,-2.6111199242728103,-1.831250765281066,1.463298688190325,2.2688265509903407,2.8923394145710097,6.955354311210769,1.8802723273634903,0.30806962203766464,-1.2966862997838433,1.2388158057417162,2.7632723065891436,0.5611458746982457,0.0957684474331993,1.8745823945317936,1.9736202066764257,3.8924717903137176,2.1558615591377026,3.2512653052806852,0.3468302094510619,1.8761513896020399,-0.47745106907261875,9.094060526575362,-0.18813127502798957,0.43031862122671927,1.715706144805463,0.2387254404170198,1.9898457386663977,3.1482919427894682,2.0726864216583136,2.517918829992416,4.226620451467376,1.973758529339516,-0.6568493675972729,4.180588890079942,-0.332699159053819,3.5237722699131298,2.884621711075308,4.782264650719512,1.9336492359638202,-0.28352967798709755,1.5448081201208494,-0.20875420080764223,1.6377649181655514,-0.7655912473797802,-0.10738168555711139,0.6179783839466323,-1.1452638479215764,-3.148236290684768,2.5770000781331728,-0.5715295481495559,5.712173632213049,-2.3026389654193595,-4.088722249014036,5.767952706984116,4.906662522469246,4.952717577346734,4.106109390514239,0.9264119160028953,0.7726483430181231,3.270295176335746,0.23323031142353878,2.657522203241075,1.1996782647711897,0.941210697697741,1.3853374310902202,1.82205852653299,-1.13230621261256,1.174334183761052,4.646917899378709,2.211658579536849,-0.9767960369586961,1.0288404639278137,0.27365005378212,0.39179461662258347,5.265224032742638,7.3614696283292576,2.8822720752230713,3.5140844502619353,0.13140725658408411,0.2490207123437094,2.6151890417827013,0.6714727337871269,-3.2955788484641526,3.4610274220151545,-0.5805547625890785,3.266860736480781,-1.4439077368139164,-2.409034031523126,3.6503433237118372,3.750316085054406,0.7430418953299512,3.3959645592740606,3.9879276017791434,0.454547849137868,0.4152893103126963,-0.8221703725201749,2.866349401857171,3.3360995247427905,1.0617187357374605,2.2397192989076875,3.0960330782192105,3.821911089760923,-0.36769030392170254,0.34836529535906546
2067,4.9119098250355036,3.4058789499104005,6.186140968118399,9.479321142818248,6.520929323562553,5.348278234260424,5.283132533516202,3.885623484637056,3.4130540221929544,4.269141316899497,1.5117044646825109,4.121186043681312,6.623818788597624,5.000038850280857,5.967617608819689,5.3594949053866525,4.761424293927851,4.986016642834457,3.882062894611488,2.2374443537954773,4.572383068395509,5.440029135772158,6.4118666711662495,7.054299220974956,8.019292122657813,9.045795891540397,2.197840683820789,6.729208927495141,8.288061559306726,3.4497491491692394,8.496306794030328,8.65532334383045,4.378614031576685,4.0039537294235625,2.0871215281741984,3.3725043931177656,3.6922154722469176,6.089165933217325,5.189122457429765,4.206739036313123,4.470127125297275,4.506552353022352,4.371666844189167,4.413029514466014,12.051594710350033,-0.9336589190576778,7.181616308646542,4.7962570701326666,3.729390359350615,4.4987858408263754,4.384957639766588,4.615273413700717,6.169447645012822,6.8879425070115525,6.090650607924909,5.726729845787796,4.798487029650383,1.9339875935976003,5.091392499527762,1.9859910462583827,4.309550589748792,2.5383949211665566,2.4856604718736257,1.5505178950726999,2.8941871660096283,4.015798764995168,4.728077055726732,5.9330305180379375,8.917309144565033,5.072409121266433,3.3193167294774737,2.6410763846976386,3.8330197500331047,5.2083704522677845,3.630978481897287,3.5809238153243723,4.274351102965221,4.30066350528172,8.308519390331853,4.58067417570523,5.610519816620013,3.947653638465063,4.900211190645185,3.2439303864325786,11.700256831305367,2.495974750710386,3.1568891137838384,5.453038903219356,2.9839102237352293,4.537889531467644,5.538134278569904,4.3645224826676525,5.929451238896166,6.324526919850284,5.074672707808868,3.0191828020981415,7.332725614309309,3.472161572532993,6.5102412782609465,5.1744933422654915,6.957932031716754,5.075024678398456,3.5126481690577105,4.289721570696152,3.420951378292274,4.90242397561669,3.895309296888966,2.659364105069214,4.195660099280733,2.8306932470628188,1.8098302472914956,4.796325298292294,2.9757268811975206,7.774326287206663,1.7138672325227922,0.7472621436097797,8.78722724744251,7.071953150204253,6.88199897871486,7.226617967230932,4.308852146565916,3.6195241092571195,5.624435459715978,4.7214643799832885,4.917351933249404,3.693535257663048,4.584058020689658,4.700735738234861,4.335875778538842,2.912350401601622,4.318764897316163,6.759470183295863,5.320879636917796,2.598556546866893,4.513314006584033,3.598802573766027,3.0584886378475615,7.388112209151898,9.169331576142996,5.217779492480416,5.650456770376434,2.879695949171272,2.8617097494857666,5.811666414993152,4.1611792734691075,0.9201290428638467,6.527600335649086,3.01829842882497,6.402888924309186,2.198642140414033,2.206989470177463,5.914246637533816,6.757512649042265,4.025942919084003,5.62252774877208,6.141958275118044,3.127400388036457,4.166247373925789,2.9728547658239077,5.910856042163714,6.360416917381476,4.371012490136285,5.327079212239813,5.305574592947958,6.163698489325388,3.3511145743674478,3.973161420093051
2068,5.773573050754413,4.402653776907496,7.609552683574813,10.849664904390064,7.801319294502695,6.82049732165677,6.528718831283707,4.664991821987285,4.346242184517903,5.129603557641218,2.547962864701236,5.211064966661589,7.936572783919316,5.9929498838526865,7.297073958814149,6.662917237196649,5.892141261696811,5.975224799609611,5.0824813368065005,3.1566361169729906,5.802801229645101,6.862837774200098,7.763769290276933,8.32006966982569,9.262173627529828,10.545682655061988,2.900976077360767,8.082962750537057,9.402369087029784,4.567732201623067,9.711690864818436,9.87423415865217,5.570212873922928,5.209974811691789,2.9919520119471184,4.653962787293962,4.508531309717469,7.47131298269544,6.192332567381005,5.367446489525691,5.803492634424143,5.703980295998713,5.586119079164098,5.216198014574394,12.402812748295927,-0.2014290251902174,8.404246599440064,5.949590827311789,4.8362561015146115,5.489842845579346,5.7145697276507095,5.581136650272778,7.478170690046893,8.327521780558996,7.353067838400604,6.560086373878377,6.2010043448635495,2.8895986891218555,6.534669276646207,2.687072697601145,5.60319077404482,3.292586921368328,3.404177073495728,2.3774600454739194,3.867196081152984,5.271920978929846,5.89890485789095,7.213019939272528,10.083571071709908,6.142170102042812,4.36127248071134,3.4079259843698546,5.12264821231365,6.182691580642551,4.882896976811545,4.520092735439539,5.591827079653742,5.85707343018481,9.485976584255699,5.656470032674924,7.030742458786278,4.731604527575629,5.869818425817151,3.9726911126502915,12.000123261553897,3.5957410009843946,4.312002594662563,6.431433817744254,4.158376733320099,5.549114091268611,6.468490507985868,5.758529140268055,7.359525896395961,7.649676303326024,6.334699762293269,3.903298131323288,8.621206562008183,4.238764998423198,7.764915497813902,6.709730982780456,8.294409929215906,6.35052508403148,4.28568921646636,5.6531379316933466,4.291973451205663,6.251430043578149,4.8394743953432355,3.8357710267816256,4.982550751737189,3.613572778446336,2.678175156510302,6.229706539426532,3.931642038907322,9.033200628257223,2.4143144554325504,1.5779347795993122,10.086249211004802,8.378666176114761,8.062585218037878,8.50659922020776,5.747482249779364,4.693247787867271,6.992139131256512,5.669759853397095,6.346275638123708,5.056058791066919,5.458538106030651,5.654394204275949,5.523167965135404,3.8848112956753797,5.317831956914493,8.11611900467958,6.5641550407878,3.517504298686979,5.417053547075817,4.868378786716076,4.168653197373666,8.68314758581775,10.343217554262706,6.270028551667929,7.051332124322655,4.030605921149255,3.991081997858625,7.129413699890892,5.122759555173772,1.6737779744401855,7.8549030961734925,3.950924127016752,7.710432262505807,3.0859778482799576,3.0067493204027422,6.940815557539466,8.017624086141584,5.285629394011839,7.091198306371061,7.492978202870917,4.439692701346111,4.972633885592229,3.704852733335327,7.210255748196506,7.601078991379056,5.706888671432222,6.558653626750621,6.778198104138887,7.552586175661004,4.103522268576281,4.900519607389914
2069,6.906938135357841,5.389521950057576,7.9084551484457055,10.542248961329456,7.809076728671789,7.048359894326758,6.447750691111598,5.147379593338285,5.425752236587659,5.54309058402266,3.1089915207454153,5.877564504210437,8.16690479389259,6.028385983939683,7.225822705243314,6.56682180890015,6.458337887057231,6.605501017958991,5.706869460695556,4.059157803468406,5.713142664517675,7.512496507167816,7.56669768041798,8.55416132871594,9.44323245521103,10.195481950470379,3.42581525796226,8.328262868097848,9.590914000357904,5.1894737049937225,9.416161382624084,9.87459631141807,5.568115519200054,5.8173761414363945,3.5515524853553084,4.6047167781208245,4.938957062576498,7.195670508061134,7.024999706872874,5.948279874665397,5.981552953645589,5.723338986294611,6.20574640083526,5.608715221498695,13.273272446223668,0.34836829773017297,8.60473190546036,6.571664773566383,5.566480954363943,6.007601137672153,5.6269448523010555,6.05103318201644,7.423218814350129,7.884384675536837,7.571525043674876,6.947672035864423,6.555056420181477,3.421884155912058,6.7726327142545175,3.1664268159440567,5.705578685871191,3.7196523488948254,4.485568629630976,3.428692985645361,4.289615463359016,5.885355549026282,6.495139874730793,7.1722825752837345,10.35205888237272,6.199620357794421,4.822133489671561,3.9234086998871387,5.72829019853047,6.842787893755097,4.9122597764645315,5.633709592265744,6.042329481669834,6.130482050350739,8.865974428824023,6.231464684435301,7.230245626654611,5.170841324968,6.755807470743144,4.427436874381134,12.909242412022186,4.23211293731417,5.015614822932654,6.520376772539959,4.895324239134786,6.2381444533629935,7.12068305185863,6.085755639416831,7.138302815918414,7.888079392058512,6.2472956325326665,4.238047267815894,8.595544369305884,4.696035351923535,7.747732271041189,6.961480793356893,8.52143611673798,6.254372420481273,4.733555442946297,5.811436626527987,4.643182135479793,6.193197709960596,5.348562510098732,4.5538341726575595,5.40118214679616,4.084779593242067,3.2869225867092595,6.515482546229449,4.985524458597813,9.226322802901272,2.960175876319409,2.2109430760677378,9.737526493306667,8.574309988319873,8.28304241757308,8.50745991723878,5.633223838651818,5.28644143497305,7.156822463444304,6.11488830000162,6.639754641694684,5.292150734045676,5.837155042801587,6.684036587604454,6.140307510857074,4.467988137821003,5.840993635010506,8.384735909104345,6.52520583186831,4.627185094995161,6.531170398209777,4.822949927513089,4.8432071420763245,8.888799270748024,10.479092158590042,6.805996960561192,7.314928535638109,4.715559937698502,4.63470624940736,7.05364830195904,6.217497855531317,2.1938443064689643,7.827727917262483,5.0309322450842195,7.624653471048389,4.184790303558112,3.5699094486023686,7.476166932497704,7.900128494948145,5.2119071689035215,7.342980536579023,7.745891710530434,5.057168004342487,5.394100935118544,4.221551987768284,7.145701603804318,7.423264567766866,5.6101721765739585,6.461361016226667,7.034772704754556,7.773645408238685,4.514745286532815,6.232979956668405
2070,4.625946091115476,3.303399982542865,6.732091788202523,10.061470020030228,6.917601248196192,6.3975058204361375,5.653300479054453,3.8420902784381585,3.1568587656532006,4.336419958408387,0.8170267507300853,4.519873256635455,7.099406316716755,4.915885662181036,6.374882750851769,5.758187986364856,5.164182605328304,5.304482400417328,4.31281889618507,1.770659575292043,4.939685734680724,5.797836293320036,6.917555442026688,7.5275380953082,8.794453760130068,9.260042661973943,2.0473996473210208,7.2801223903694865,9.07306603065559,3.858680764159986,8.99932382447379,8.97043892549617,4.704520532914572,4.45691569468805,1.3477818254913625,3.739053964827745,3.683714519866881,6.316418967289582,5.235231096616815,4.619789647843154,4.942503758040922,4.828426165878775,4.827218013895413,4.396659959639823,12.721850400311608,-1.1160324013658922,8.045293259620664,5.207985293865202,4.138530771221436,3.917348411466395,4.790659579634668,4.0391614064574215,6.611714534248628,7.509965791021078,6.516482866006376,5.3962168596951035,5.343759664148093,1.2011941752263489,5.872808716339722,1.855850783775432,4.7442378027098515,2.4840012622731105,2.2062735907201216,1.062124741716042,2.207440422588427,4.498501781108127,5.155316852246013,6.371510267470565,9.69178605803422,5.317592004473722,3.5400905132426765,2.543926247528621,4.3152348595538355,5.492222748191229,4.012623049957414,3.3408935815095924,4.775752412527798,4.924807329688757,7.925100684591702,4.944374505111149,6.615321667705261,3.951231003486153,4.8952160162585105,3.1305824258497794,12.369731307029726,2.8043145895004256,3.5609629728432246,5.427003125580294,3.417748161298887,4.8567673254225925,5.80674828972135,4.925570300487534,6.273055314059766,6.796207769853728,5.471027328153805,3.0764312497207094,7.720933691944395,3.380030741223268,6.942968996507783,5.781569434595961,7.7490104444325,5.4722959661058,3.4472853522215554,4.769761736797434,3.4030929975743844,5.339383388842855,3.261914822246347,3.086200937202996,4.179280296393805,2.714439496145183,1.03615481991853,5.356054800855263,2.7059398067715996,8.63363287858665,1.551691571995615,0.1757943604141465,9.331821138092447,8.020896141177841,7.275591445221968,7.621091274704252,4.779434253701143,3.942403201120242,6.322009883395265,4.112592064908572,5.465328364899116,4.182792942758119,4.6502470891922725,4.582129213065908,4.775715075220384,2.58708380782711,4.524768472835419,7.297369600193845,5.713307649429358,2.345397646192992,4.244921352607864,3.9658473110624715,3.4367572937692934,8.317985624287811,9.975889577689983,5.560558974104267,6.1780929335060435,3.268873808213641,3.2616505974105428,6.2147349183048535,3.944437020591329,0.6734076318464118,6.988325686965673,2.7566183294568742,6.781779883163316,1.8856362373701168,1.699202245048113,6.250242242376719,7.208911820820401,4.3930128163525035,6.167758259496522,6.637810808859232,3.648957982659339,4.147325854642053,2.8763775330036903,6.358696598027434,6.812837240844968,4.783654157604488,5.7364514309912895,5.890212473699026,7.169028302175656,3.2358238671507142,3.6906782448291744
2071,4.089124085221974,2.6677947819232948,5.633891120553018,8.0257812826229,4.700559758714274,4.688681308073657,3.5507328816822588,2.0641659923962195,2.6254043076719547,2.483172480961577,-0.7247002702738556,3.5643249315874934,6.133980876001132,3.208236391456535,4.135543818984715,3.579073981727871,4.241526787195887,4.446752760452887,3.3423863373962908,1.1019542871841363,2.839336464660506,5.402230275103025,4.676808114988461,6.5810154473142966,7.551136536789788,7.277008057917872,0.3427274706108229,6.207002608240873,7.826728228160313,2.901704648562837,7.077225593796798,6.864070398972503,2.591533390964781,3.4720255764201307,-0.11932807990483033,1.5279098851340176,2.019945506538662,4.2729415888765025,4.5133623053984975,3.68361566747938,3.47390283729349,2.724605352112224,3.815678017054284,2.6812924103013085,10.992104227202281,-3.050397191515991,6.6722154793196475,4.173496074761664,3.139317826713836,2.48149782717228,2.554075414155209,2.6007349519325174,4.426826608180999,5.21337240764073,5.601476733599389,3.9703617172581827,4.2696258953639425,-0.24299417223249153,4.491812913545541,0.13015386121613748,3.1033880120941597,0.7069566386086584,1.7316681579287567,0.3325574569936333,0.8611197054386137,3.481876973594939,4.198319872788021,4.223289753709518,8.523595251462288,3.3809329520378792,2.286843174642751,0.7550684233861289,3.2347287235515463,4.651881941514356,2.122802379514491,2.786174572791372,3.734953907983646,3.7285842899765296,6.3224516207086205,4.056594992056489,4.973554076147931,2.17183122826474,4.189497113440717,1.479631678547179,10.581266248226171,1.9378302712525648,2.5575129021092193,3.675564751454761,2.3836504572204142,3.9556896904749537,4.997402043055209,3.802245001494887,4.090298683941365,5.801213722569602,3.3689100086688994,1.1742059359593024,5.5588671688522595,1.660231672014509,4.812297227765833,4.604373215777533,6.414516455813177,3.3597148162978074,1.6922158539295213,3.201715622629438,1.7500395261815622,3.0626403625522327,1.8458403124340954,2.059535414326405,2.4538009762763986,0.9338327371648372,-0.27122176018144195,4.2486847013235085,2.220639238612993,7.20806244313717,-0.19023808573505663,-1.4507435893373835,7.301762500086002,6.523723498199667,6.4074476185653895,5.465670474592065,2.4100948442838046,2.798905761752812,4.893826022265214,2.763331240628448,4.365578724018161,2.9058495601905214,2.8106846528393885,3.9317959645763056,3.8082935077803435,1.3747457023177836,3.1698220793690015,6.231024129050121,3.596971080984387,1.8251308079276762,3.700717821717263,1.797643689864448,2.472964972151175,6.8444321811199185,8.743308750007834,4.718472162847006,5.130179974223888,2.2816344427210953,2.3093135130192546,4.011529972723554,3.358582078133309,-1.0550774606210858,4.777850547858648,2.244164068145413,4.655949842504094,1.425615045854024,0.11819419147712758,5.429185812920333,5.12061778541122,2.240608868641512,5.078497464928243,5.588481791743214,2.568560004234314,2.362168535164424,1.1480302689330943,4.209539340223587,4.767155578519615,2.5019379534891635,3.6495825784547002,4.763703952516827,5.547588507086039,1.5795279160141944,3.0994645991495693
2072,6.045047282826689,4.61259383043008,7.375316867232323,10.366941599122118,6.531314620801384,6.644977661328653,5.317310950160025,4.016455545382842,4.610352183239799,4.373331631187883,1.9514043901647833,5.4370590824101654,7.693378349606482,5.208065125346184,5.991326954322203,5.396632928720545,6.058689689090741,6.1841721074921745,5.254835297380179,3.1752780878118125,4.608068106496439,7.22252147623471,6.795632676141601,8.09327350908092,9.08515316540641,9.418106523581914,2.26302753793342,7.855861670417443,9.263248610922272,4.751692862489392,9.33469877817801,8.652364013876234,4.427190783353789,5.377356388313432,2.4523275939481564,3.423239235686402,3.9025458902120556,6.3277739439691825,6.39717384321349,5.519026401053584,5.263437813733304,4.5542745087828,5.771008729056588,4.525417122564144,13.064671669687552,-0.9352237586464198,8.24046608305403,6.080388311616012,5.109140592068431,4.937893155642921,4.431234420197351,5.019922132683654,6.203707070435797,7.839779085772377,7.115586246230776,5.961585787470847,6.02546320866261,2.3160125472715904,6.347033770063095,2.0310047249708854,4.8808304907487985,2.6049189828336257,3.671399867641073,2.4906522832810882,3.2661433078348616,5.441002447637065,6.062519548407628,5.980997834141766,10.058503900255479,5.124142345360346,4.112499405423711,2.722783856093886,5.247506179766993,6.402653667091264,3.938750949076244,4.771257047355175,5.554760156784737,5.606127243648682,8.897788329528915,5.814204874634743,6.855822575092313,4.04897546444055,6.101547166385821,3.317219688530482,12.709728850637166,3.7540994109851975,4.559339431207624,5.669535119831558,4.421183746574178,5.8037372561437754,6.6886873050459785,5.566959573009186,6.0895145624876035,7.41381263626473,5.123226565435265,3.1085900734843963,7.358420689297577,3.567752024105616,6.550968592933253,6.4473971443516875,8.1259738852403,5.140341538945882,3.597234946915078,4.9902058250137715,3.60801563858986,4.927442531926293,4.296270589743343,4.096876956309588,4.288155906966755,2.902742436528206,2.2064641513994756,6.011878624372184,4.149052727967502,8.83869315300669,1.7640756826581703,1.0047548629343532,9.653655593735833,8.231650911910195,7.842213810554574,7.263923807655062,4.3429915398359284,4.701580095716886,6.718402533446039,5.124134161802274,6.130211635466133,4.662209073773457,4.723754667543939,5.916291445919447,5.703259996005468,3.4854141007576684,5.079558187084538,7.911004210263492,5.363751419527192,3.7829174966152186,5.682481733603136,3.6527174887912626,4.396288978414876,8.530073555452484,10.134100462709155,6.411160834985119,6.804074052827699,4.275054791995459,4.194768056912081,5.833601023576094,5.359267096008572,1.0094343777213786,6.569734870961732,4.219462545708358,6.447108995914455,3.365196222599066,2.4329300934981046,7.0882255826677625,7.004413117787669,4.0769473101411515,6.827473089950429,7.254284267553262,4.611133326114425,4.2769984822188105,3.0512672637190144,5.959352483008326,6.74297243761165,4.379953071262155,5.470035037824086,6.538676067335263,7.384922808408737,3.405391689283507,5.21292603377785
2073,6.176632972168081,4.872039436442509,7.341657715503655,9.175053282720704,6.228952355044225,5.878117057893959,5.001468261224878,4.2524993238704525,4.730507150718142,4.600934865219256,1.5347809144428772,5.81407696466361,7.711734362904514,5.2659656890801,5.689942786842586,5.078272286057475,6.535692445082325,6.523514672688079,5.748943529384478,3.1216383027178853,4.270104714483023,7.706900326694761,6.066201325399538,8.085545589748241,8.634527288377289,8.843608282293593,2.4599937734194133,7.806642805325933,8.665149623155594,5.184882912252627,8.091242761537433,8.293402554201231,4.126888063549994,5.9009583273104225,2.0010906721664865,3.0200735054777175,4.184738944231398,5.851663509011269,6.650639601371121,6.020672526955603,5.0567269052778,4.308693304232189,6.166112182182922,4.816450988181999,11.519804920469014,-0.7773583292961147,7.598174741172365,6.428031327362571,5.445974150719126,4.5677197272756285,4.091378165568626,4.677469162004333,5.935004311800006,6.426085617712565,7.081771111488342,5.909875805463111,6.104038940582958,1.892681849109271,5.9593553206750345,2.2257699829925413,4.626384535006111,2.8585050772343332,3.7874284073710456,2.3770482797707824,2.8877238781856627,5.991456720978019,6.546492038454329,5.7020536937883906,9.485112452719894,5.012082507354874,4.585477690824441,2.9442950126848033,5.606104832142591,6.690285188066112,3.5815120092460098,4.929845954690663,5.846358393771304,5.546153091958594,8.112281137491975,6.261697916792973,6.128978173434732,4.31122898161411,6.322041681196009,3.55250498929194,11.085569634341766,4.203787782362531,4.943660916334816,5.764222691101692,4.80750860316413,6.093381811093006,6.960599622130395,5.453339149909356,5.661340529578074,7.389191378440179,4.820096746512824,3.264037147164348,7.072766117538727,3.799349436483213,6.263913449857914,6.423875242897444,7.70858997500369,4.817453808443888,3.852056169935637,4.816933944821357,3.966195694037847,4.620604361806591,3.908041463739108,4.487057971954345,4.579790428280831,3.1227967519446205,1.7827830546668568,5.947645515895322,4.320424712662187,8.212752252657499,1.9284751513174585,0.7356565722397373,8.397876850196294,7.547450451978615,7.798328361979553,6.9670370844991085,4.063828527927399,5.101095508251869,6.270140037206666,4.761257601742234,6.046906797162125,4.495960387161802,4.938184896324359,6.0957925402692394,6.205792133084367,3.547804040036029,5.4580554227743825,7.837224208670005,5.045957752210756,3.915228068615706,5.810112530631679,3.2670434408688167,4.778922879802333,7.850093786418438,9.594177257748592,6.85176027175039,6.780213469054016,4.653387522697449,4.631537839344568,5.5380572118663425,5.546221234117237,1.0838664991515032,6.316246111052378,4.333992424367797,6.154034826372351,3.456061800995044,2.2302217449460713,7.529447620042737,6.468259752222471,3.690643847840172,6.833503526449206,7.2340507225266535,5.194800917591366,4.556907903296606,3.2804973641676556,5.694765405144013,6.02552199012467,4.050948584292613,5.022450927112785,6.489871768227644,6.65838998492275,3.645351643062068,5.41597358712128
2074,5.804752847871612,4.32191644694124,6.761862315024649,10.129616253716607,7.356847721764019,6.107821996403591,6.077239641547202,4.910301422647069,4.3884426122265205,5.278669903959549,2.982861187628337,4.794132909178734,7.151270176683154,5.9348073063152205,6.816390767267772,6.180409809947015,5.388079965114597,5.611530531942847,4.571366460195611,3.2981623291969324,5.356695263247407,6.219678661849217,7.16118721834251,7.5873099395007415,8.65174696445465,10.00496069107737,3.1829206547566833,7.294225856954498,8.880710193089076,4.134422340350495,9.0697600884097,9.455742591193744,5.190982556555949,4.682914384215006,3.4572084656783506,4.1772402290787,4.659210936725144,7.007230831895554,5.939477495370166,4.864056717178652,5.072753029529543,5.348990807788711,5.0510418843477956,5.404649474046061,12.165669073377337,0.113247317528085,7.821544601236075,5.461549872159959,4.438386724037784,5.899431668221952,5.214404999358312,5.940826794026154,6.993337721909795,7.511898404146947,6.618205066903356,6.7977148630257185,5.41963338639055,3.3122123628854765,5.738340174938951,2.9690956649503546,4.953845028792107,3.5369705464158767,3.460424471540108,2.5896334012704254,4.2441592595406945,4.728676576699528,5.3904145202466465,6.736409072790824,9.520253339409832,5.902485821928293,4.160710744293673,3.6634541639259877,4.520741856523924,5.834840197382234,4.335322662762232,4.553127752031595,4.926906994836671,4.908737259571042,8.93090203082455,5.207425402597125,6.335357723704406,4.964789910827364,5.688650499710013,4.212110514938834,11.795137487139025,3.2096437954476884,3.88843772539071,6.402644674267093,3.733308413624766,5.196195097906254,6.147316954710654,4.881972732288494,6.833421846213084,6.8506445924086234,5.870487219201668,4.016985149255821,8.167262652157142,4.479148953088691,7.29100967656289,5.791939445904323,7.590791439637537,5.86510619931588,4.517573136284147,4.954824492761069,4.4068607828446815,5.754957962887629,5.242568605712481,3.405077296921185,5.194405945709773,3.848939993232486,3.122220438293049,5.35416503122875,3.9471850786890337,8.407552402147225,2.7037406937884443,1.993159358948466,9.382063969650435,7.761589108833242,7.372281771472527,8.063564102963682,5.220528048276901,4.381495331813179,6.252767247387346,6.039699805068917,5.493460212009297,4.2902907831328285,5.5734344761286465,5.582796848565338,5.020094306979862,4.059142304956913,5.168672332167628,7.305445082059928,6.111009027702467,3.5865142226219193,5.447548563565525,4.403760022989342,3.761017251014711,8.073377236511032,9.819114321257386,5.825628641034878,6.231342423068627,3.604428940159934,3.570498519550478,6.646395520865919,5.143032216440355,1.9575407624244703,7.372180817382676,3.9995089313813628,7.238538773144995,3.152239844718547,3.409342749203956,6.490230086339375,7.490387813959808,4.816260528458017,6.192159319349702,6.66507477669844,3.863215464353564,5.180598248541355,3.972971635205402,6.723558613657951,7.050616101281985,5.212812443077564,6.070041192003658,5.898328199982645,6.889732383830207,4.301717170008591,4.959330650525432
2075,5.624745760219442,4.180126753023693,6.34423332922161,8.944769706470632,5.983717722552164,5.46490513639791,4.755092042897428,3.465866943395562,4.171363022191717,3.81794986538589,1.0264207190700922,4.792979099920819,6.743834510019847,4.427155072774203,5.456098757045613,4.820587054107868,5.478035379733358,5.598864113007276,4.63707672357559,2.6155913859605793,4.066827662714893,6.672500149479932,5.784063512193304,7.166190247024807,8.134789976903372,8.456757930559775,1.7591244568250002,6.842860801305089,8.397344344535048,4.102484972668545,7.877888066108738,8.241323697992733,3.884667769606626,4.765682701553617,1.5223599294466623,2.8617833070315606,3.3270537940253084,5.4715823439615106,5.899343285816057,4.924403415833202,4.330534916264669,3.9788899819499695,5.087082829219955,3.987745305470059,12.06566411767687,-1.458464197069406,7.27195860051683,5.409541817807722,4.415005117441929,4.044671250028273,3.8221557628895524,4.124788585202105,5.629189906415665,6.092160293459896,6.198445721289941,5.311756700703076,5.044145065226723,1.4202575095796157,5.195353287032671,1.5020921427224385,4.045395066908431,2.050823946935789,3.2413185954093966,1.9116955385676468,2.3680068959082874,4.788767695426939,5.472634966990774,5.415136862652641,9.125212966970034,4.563241213560106,3.502877882442308,2.2040332251361443,4.5153424944196425,5.827561149852615,3.2316070341372054,4.348810711396591,4.7219813142503995,4.41933213557516,7.2550498579229625,5.236641036186896,5.722433245182036,3.4856405641351444,5.59383159226605,2.8063717211995796,11.661708983353208,3.10897890797683,3.8659678950107517,4.905034560497318,3.70250391917569,5.174721375995535,6.12344475090504,4.448777767004713,5.345268797448702,6.441368112313964,4.565416136809757,2.512086201139861,6.893343035451006,3.020334193057247,5.99649247910295,5.3047982875789925,7.063653215020897,4.577910463511945,3.051679020641108,4.161560884543827,3.042189362379058,4.332664811850658,3.3998677731890785,3.371029369745936,3.7485224853668893,2.3808329778058197,1.3475110785237394,4.892179641340462,3.767188199928827,7.888722467848233,1.2681231657309207,0.23676871295486235,8.148529077480951,7.186751838507397,6.97562948337623,6.764768911259519,3.7453553880964,4.072531758887431,5.618323517697198,4.244539464903731,5.046850785506623,3.6771374895370434,4.174780945799182,5.438666388818194,5.092140335270334,2.84688741414741,4.493488625543456,6.879425648520035,4.8149249826158815,3.349310253773417,5.2498407193592636,3.0883240359702278,3.702040667619024,7.527325734735602,9.283060044901704,5.872197670489551,5.791690143197776,3.571386192100389,3.5106783927019145,5.267630167518344,4.962674615977868,0.4704106327678486,6.013790711334777,3.777711052926525,5.917879700328093,2.9278663618224017,1.6862993966255877,6.562552981777117,6.2341700792312595,3.495965084859305,5.761742156318253,6.253132229298354,3.931588888168333,3.714536321482492,2.534187422905649,5.3937721644129075,5.797847667762206,3.7693062111735305,4.797087195941378,5.424935366426197,6.26932845030512,2.950103555619719,4.84340191334486
2076,7.897938550742618,6.496818840184379,8.742252425101055,11.885132030078344,9.051319111830422,8.413470079856257,7.708749592304226,6.413961628026195,6.528297945431302,6.817481919324822,4.518581936189105,6.907964634469576,8.981839245451349,7.406345944851639,8.57311851094876,7.887119029249467,7.494980308839253,7.564631528726644,6.838325931238277,5.280442954812734,7.017325847489497,8.633185165801219,8.93496744781733,9.311976226312776,10.506557239804952,11.556870642517302,4.732157669748579,9.14281362486737,10.640795519522262,6.307099545853478,10.712161744652052,11.097843209334787,6.894848615569728,6.9304453485778374,4.9219581927571925,5.966098794128218,6.222604205778666,8.583799034357071,7.977281280926294,7.054212938674855,6.956807446054048,7.0101538157888825,7.263125296256374,6.880718253765788,13.86401073251452,1.7480499784861283,9.783416710793976,7.5916333798851285,6.599036375007461,7.344981597776392,6.965006833137673,7.36705255742584,8.697724327870779,9.465872089671238,8.315196651752505,8.175483749241437,7.445878583192825,4.802873998880384,7.81825858184269,4.470698611065745,6.7626948857946125,5.013616421100285,5.608390471232793,4.606531173203672,5.660125897132924,7.048644243819372,7.520898649522238,8.40695707372257,11.39532783414636,7.448237141966823,6.119303422261563,5.2458503576261615,6.781946188065094,7.748171527470863,6.087330687897546,6.703035371644156,7.060699260234835,6.985448986824074,10.194771619460417,7.2829924773957035,8.566105689427685,6.443728875901022,7.733609533735683,5.693865336224968,13.485832447665082,5.38625196492565,6.0854072085448685,7.842626550261465,5.98010542327538,7.174616852828434,8.020460338890555,6.870330594905785,8.535532963063034,8.690520679312097,7.529050984659364,5.542448027219092,9.874897503001355,5.989317888447217,8.936500001805172,7.829356844297475,9.582435920834543,7.534638503726043,6.046324986751589,6.876057160432848,6.040483852369446,7.543103103126802,6.65661162052836,5.652612372807095,6.681286780323305,5.425411146187356,4.649600895494222,7.3320667704567315,6.122436769759014,10.395468565129809,4.260534348551718,3.543662771369729,11.096742574657712,9.816054292448927,8.984134211923399,9.756882171705366,7.077767939552932,6.438721534290488,8.249784908390474,7.418244884056705,7.459302593501551,6.196917983756537,7.104206732341225,7.72586971542665,7.251847830627648,5.820354239003998,7.030867027704208,9.138243829778263,7.768365054577589,5.738009881547516,7.573362654341125,6.144045249904907,5.921155446342058,10.087630911011782,11.603373822569846,7.783547375670501,8.121728518232702,5.790189748789585,5.759017909531083,8.365232581113066,7.304750823761734,3.5024169564247116,9.076634940717904,6.141921814531092,8.925897079333666,5.310318196352037,4.910914081009106,8.42784581014088,9.13755601926574,6.519716021631444,8.241284216301786,8.592261711295164,6.282638858258726,6.678258860962738,5.509604715662342,8.405980025018964,8.687468909152914,6.981539962866475,7.7112267782645585,7.855243746829881,9.1045316274677,5.7956236911671475,7.281303297392356
2077,4.162908066596305,2.8895763405731736,6.3169968664646134,9.029405683172602,5.634666641482284,5.394324788451193,4.448654708692004,2.9079900882073795,2.60017818893705,3.3555254233734932,-0.11626099348068207,4.476756201045859,6.737912488369537,4.097197553089689,5.064800751528573,4.500954422780449,5.183540868546282,5.275843743660622,4.3240290855722785,1.1670579309974383,3.7040603241750163,6.227884192605101,5.671504142454695,7.166276822664908,8.093392666608894,8.348407608696393,1.095183548171604,6.850397941470144,8.300369058602627,3.817446483884542,8.024994455490793,7.726328011123199,3.467827454422201,4.469949181337976,0.41654302291572015,2.4139585824949403,2.8446106644081244,5.2910234338603885,5.0428530420575814,4.635478256217071,4.201656169550761,3.62638161310128,4.791194586455821,3.5214399989162173,11.733559805154805,-2.255626994158541,7.182741815383949,5.106139157073836,4.0837938895715125,3.0884172008239807,3.5065353694771,3.1971447294311903,5.341318962403709,6.343204956026083,6.181588504889178,4.602198969785656,4.9938608608075565,0.29566970701728335,5.1929362433297275,0.8832643220201127,3.8586175965943545,1.5265802498374674,1.6408200751457873,0.3755007621965245,1.368873283692767,4.522930323226112,5.167587274951596,5.127042547294072,9.029241841605733,4.241195416450505,3.1798623061605853,1.5551491035946738,4.233960935100911,5.467993458786183,2.924551232478448,2.8126159868070055,4.58853960122381,4.446858462691308,7.341687299524032,4.935368021045414,5.655882934161596,3.014405085359298,4.620873155977048,2.253472448459693,11.324218372787755,2.777996515376228,3.540293035762647,4.602677657242334,3.390457654531515,4.818213712530473,5.777132970946176,4.439884697645904,5.10162735070501,6.423759521118234,4.247501677700455,2.072880670428274,6.4505166777542655,2.468590610793659,5.707699650313175,5.331912511640364,7.044154136095725,4.243823718598914,2.5042199339185465,3.9545026473301848,2.584053579611436,4.00166930173125,2.422877315857584,3.067351872793264,3.283791996272548,1.7283610092209898,0.16345896770113333,4.9266864574381275,2.166724088495331,7.798606314190796,0.5573415918009652,-0.8112341065491915,8.291548391750885,7.118764252747808,6.9464309089950165,6.359522313518187,3.3913928617324127,3.724785287891117,5.6084466955491505,3.317433795332909,5.034544300181524,3.58189471704619,3.683880294220788,4.174865353958946,4.79634118102757,1.8945453426667607,4.083739147654604,6.881929912950312,4.480352144156182,1.7728470254157276,3.7333704148020073,2.671959362498348,3.4116088903376034,7.426280445020113,9.220827215377774,5.573731396240849,5.777264695721013,3.2611329086657097,3.248515662550924,4.946720338932108,3.395466236184747,-0.32746133676597006,5.710190853476527,2.1888216095843513,5.578609249873885,1.3259867387158548,0.7441965279834625,6.272743680274913,6.033130918230327,3.111525547078679,5.749903123825792,6.2335487580725095,3.6574362524918165,3.2103766122566824,1.9361937896481614,5.118256665979114,5.674328711149949,3.4484265291265075,4.5191375251327255,5.451103889942169,6.198705860333789,2.3211128662739497,3.2072591938078383
2078,7.61994738451073,6.280427053144998,8.661979054340298,11.628819741202252,8.51460138357111,7.954203747851509,7.253381110834223,6.494401736983231,6.30162396026509,6.801792467279094,4.574469871207006,6.837436937434337,8.874939846285685,7.495538860453027,8.068558477078165,7.415409406061685,7.464122730493544,7.491107925027604,6.758262944860119,5.075736075852601,6.555507462418505,8.55761405250856,8.533631737184312,9.23191955089569,10.175441056915693,11.297885995251795,4.641019548369303,9.059263349005159,10.247017930341622,6.217996693934714,10.485909557342527,10.650289805446352,6.461167670067935,6.87028196241174,4.948619621140618,5.454696950103558,6.254676455578639,8.29039497290339,7.852694540790146,6.968839133637291,6.766480159865961,6.607275618293456,7.229037034511569,6.953672366908621,13.79757558958871,1.6869970019374587,9.341728864397323,7.532399935807504,6.553498733895165,7.33861806052072,6.464578154576675,7.367590288605011,8.165332524265565,9.185824123876435,8.294218709106957,8.158060883837088,7.350704775112014,4.828885641268317,7.618211699383603,4.419097811116704,6.493686109209165,5.05352948307991,5.387438156482361,4.374417765438556,5.7437931024602475,6.982284795386447,7.510851855363165,7.888406823256181,11.027562338858841,7.184384387066321,6.081395957618953,5.17978742356811,6.762404795363545,7.701043203473091,5.728268644599509,6.473675695487432,6.98191720160789,6.975742471643859,10.548212498000689,7.181972366997171,8.101215517520904,6.472996264696124,7.575774699875287,5.684573869300739,13.430548751354221,5.285969629112099,6.082097647445538,7.9795357572180885,5.956924245825835,7.15929473489523,7.939139157959397,6.821084527032713,8.123958511224817,8.623023522751675,7.058732165515953,5.556741027321134,9.371307637648925,6.009617048927714,8.429488508616174,7.806783373866761,9.288501898199323,7.094008311542818,6.050646286777091,6.585750205601962,6.077573927598339,7.000825871939637,6.674376691664977,5.649264310326961,6.702663255589353,5.39727510283036,4.5965891814657605,7.289059444623339,5.863160273006983,9.940620610011479,4.161024995786803,3.4648017483098195,10.854652253644806,9.360977709293367,8.95327084468944,9.226004624792505,6.5447891263025175,6.399040773191625,7.9857414586203435,7.438176441006361,7.407478416604653,6.071607731282715,7.136674858203958,7.501202854939867,7.178183354969541,5.7840110840575205,7.045602303317616,9.107725794187614,7.2689749504838685,5.5272951398576975,7.3065675675869,5.651895906470181,5.8726471149495705,9.66091353158866,11.148591269339834,7.742912021066461,8.055302642924445,5.808817857929643,5.698138704749621,7.871275435494525,7.053989019138471,3.444617970540585,8.548908742942983,5.928042607222286,8.460971351180758,5.058115605158465,4.898211114427873,8.37327447789056,8.726461483751022,6.054773649307234,8.145601819242753,8.499478744821893,6.237436614717759,6.761323713936983,5.444867099395823,7.902502464503049,8.342429836307254,6.466337004729677,7.288454879820351,7.8317833830203325,8.613936902795523,5.752987173625402,6.9855401166847795
2079,6.95209361612797,5.513485795586685,7.522655760230762,10.056214463710788,7.4444368678012065,6.326167798601089,6.138192353078293,5.181852150602,5.571969286778145,5.53338588987078,3.3044354003388436,5.93518376009805,7.816205056437423,6.200412961255225,6.910286068064826,6.2544701478311,6.5560369617172665,6.662221087781447,5.794122899217263,4.156854323510613,5.432299825988179,7.466848047077657,7.136837934170455,8.21361653932503,8.903925226415907,9.952093139503686,3.463327927781001,7.957243816847248,9.004016686869523,5.280077718411174,8.951176525865279,9.622356609148634,5.308935858522143,5.914503501355649,3.7878111954246214,4.294128567618985,5.021408238222024,6.985589927434925,7.076296553228583,6.038844125398574,5.633233019709591,5.446618656814096,6.2531768481114085,5.662418975468198,12.560268640518192,0.42755135723522475,7.959296593921525,6.582229202560014,5.62460815624467,6.18134220774685,5.289632751260486,6.250517787571464,7.061318394754617,7.338462388728343,7.247280505632183,7.089515704342298,6.257036324909753,3.6423750040786596,6.2632879453046,3.2112438028944434,5.378316625739848,3.7866068412150686,4.621491426868099,3.5232724837426637,4.550592080171086,5.991358862285103,6.5805729642510435,6.806452347657507,9.77432319862502,6.01366700327822,4.912267686133941,3.9591117738613026,5.729202296904155,6.88418033931937,4.5968895005328285,5.758226052352363,5.936202196404336,5.725973299784321,9.441215796130052,6.306663583006175,6.539793243046319,5.206757370914732,6.812831139670951,4.46871087913002,12.169075417518618,4.305260419073912,5.086218424460716,6.678460865893537,4.960130588923182,6.28769489143576,7.161758937580245,5.677912487408942,6.848090008326937,7.5377031542360795,5.9358954546707015,4.249413628556897,8.299541909886262,4.753997979738884,7.370159382240047,6.580786327698404,7.987351663623538,5.956518921256069,4.798516455878105,5.4483147001160015,4.743123922656689,5.832835354123797,5.525408244665183,4.631917881805982,5.445800741761926,4.158456889220649,3.5004477065056565,6.146135997825434,5.114046696254186,8.586342208513198,2.9928413052111873,2.3545488068035674,9.265725224784445,7.921741809589521,7.965137254766052,8.180037504860337,5.298751417933297,5.372177100820201,6.65770421922207,6.306996556052142,6.253956302361829,4.914538924941529,5.838594582038268,6.770836031436919,6.2355928951076125,4.6057882432426736,5.915067294373047,8.044285951022589,6.18137821948954,4.768652456147333,6.622521221930428,4.502276479985032,4.915481359298741,8.238894731933085,9.891967713832853,6.885791378042527,6.949387899041177,4.792298927051679,4.721876271494799,6.716238085393398,6.368730085981742,2.2837065512580534,7.4617138352777275,5.183427928175246,7.31235045066902,4.283236908912658,3.7238576016388856,7.556628273400877,7.513321736827491,4.908659050187893,6.953668761466227,7.381977733011756,5.194284845675745,5.462328513924566,4.236528022667126,6.790990640329465,7.054415500070903,5.276038391675265,6.129648814669677,6.666228805482387,7.074605446628164,4.599908698456627,6.270726853609083
2080,4.000428417537896,2.4927899236657796,5.064205468978204,7.5041340758757915,4.168688921736821,3.7807376856250436,2.9686084913355955,1.5024163150893801,2.4622635199555316,1.9841211456273307,-1.182544614547599,3.3235546550580426,5.585969186188387,2.6461548585976877,3.564863834849425,2.9854248342237284,4.034223731500764,4.216791601159745,3.106614690806183,0.7833653393600644,2.238911738565991,5.220146575037922,4.115484825202396,6.038798560840747,6.830023731291296,6.591005672514441,-0.2628800149474834,5.619343028270772,7.1009044325777495,2.640939120775358,6.521390818990769,6.3193043505506905,1.9962928829448572,3.256777124958378,-0.601760062522124,0.900739045654025,1.4927158454699196,3.5868511719363094,4.3765513147626605,3.465063004222299,2.878513252176342,2.140885735941784,3.5541743399575343,2.1641257656472064,10.555609897204809,-3.7267057963779995,5.871979577147532,3.8962835729122194,2.882324706220865,2.0624081996934747,1.960171378152778,2.1952387599008407,3.878458576542988,4.579794208918299,5.071749438066039,3.5106592937771746,3.7519716026527523,-0.7215126089485668,3.781768518686293,-0.47118800027029795,2.518138027909611,0.15618399892534246,1.5033787065318616,0.020742163700718918,0.3924963478265045,3.261611876463784,3.9936090848275603,3.6788094103336344,7.826653863835547,2.83910643069872,1.8866663825897767,0.18334762315665273,2.950679639407568,4.435464862361552,1.5131734720364765,2.650458835730595,3.3346838987299368,3.1190000925745234,5.684129442913194,3.833504016138612,4.104746167521394,1.6644775441714734,4.043786534188051,0.9100387763098977,10.122625890799933,1.6360411782349875,2.2948621328387957,3.139088991497245,2.122686725429127,3.7200527184775916,4.7727548910038795,3.190635926382883,3.4471660283261096,5.249644675212246,2.7813834726278275,0.6321862293141234,5.008417758984225,1.0880674481391917,4.301584979466029,4.005242968457085,5.678134212110727,2.7824889679040234,1.1309233967214793,2.6033747996602736,1.206584515316149,2.481754293665288,1.4107979719127919,1.7844206358705261,1.950413620631611,0.3400082523668454,-0.76417178894792,3.6691049431051503,2.024843667873315,6.449896708556584,-0.8024952219000903,-1.9684875773532042,6.757473577346125,5.691591701124395,5.897281116300393,4.925072476693564,1.7987843547548559,2.4820063397288337,4.219841335394553,2.335252888394251,3.772527354104181,2.2975136653653223,2.279886196127961,3.7773344548685226,3.5799056180885875,0.9270869521158058,2.7757224079221485,5.6820320076176145,3.023798181755204,1.6132925897836679,3.5759084184254903,1.1703086471983406,2.203767242814812,6.0305185556943925,8.000409346393177,4.511933171216932,4.5603243295635485,2.004177465396269,2.0353286372231594,3.4328842395118317,3.241060222046715,-1.6584473667400232,4.241953192651275,2.0518436271697302,4.078233828821354,1.1901988516960826,-0.44141117100204647,5.216359718569687,4.5970569972747155,1.6272182398425818,4.493353280943955,5.036801701464824,2.3382247658712516,1.8224561037761795,0.5803004129656719,3.6429393930094585,4.223417938181332,1.9059125389371572,3.0904993172202797,4.185380333608815,4.6621640282017855,1.0184633865420298,3.0149540401995196
2081,6.238928793583602,4.966918734035322,7.684200155641884,10.962989740712304,7.497845865786079,7.352486814771383,6.2763812848499825,4.864805638364382,4.896698445081712,5.248183484481913,2.090243746180621,5.913386862618585,8.00222818042551,6.0689780866993335,7.008425534729448,6.392705658503942,6.527695282442232,6.617661732435226,5.772027781818594,3.3894936563713207,5.5998221141951445,7.630262057620816,7.7411952947399465,8.381731215545111,9.570608481339049,10.327965279721788,3.0988753266632583,8.194895797016637,9.790348258827414,5.264427068403787,10.007919962065564,9.555793803158613,5.411629024573734,5.896358208145413,2.5788735500403788,4.439442958576341,4.728770543422016,7.329215412161183,6.70141320420163,6.02296711930207,5.834754841668268,5.504185490948815,6.251755651193004,5.380682641267778,13.384810553278239,0.06679081938096688,8.8784114331007,6.542032033843655,5.600378348571917,5.09262655058077,5.429916678049733,5.215211256061281,7.187786330495561,8.678476071357728,7.423376669841153,6.418536821726179,6.3691317839281885,2.4325167643172376,6.853536078120984,2.908611625699063,5.6007911123335345,3.5385770348565924,3.9628375281180652,2.718094894715717,3.391044586471151,5.969109651353208,6.525535786577634,6.960265902962009,10.48347175930228,6.061034837790899,4.791243726440839,3.5655612611344885,5.745287166961603,6.80255166952099,4.791495638447151,5.038267088787898,6.023381909674829,5.984948932911668,9.263032554835084,6.284111578602879,7.536306299482074,4.916950197943617,6.401644077684196,4.1533619670995625,13.09081743444715,4.285319843888283,5.083675039346729,6.554615565442612,4.960531677891103,6.224017159933488,7.081411352673815,5.922497944214514,7.117461355456285,7.720675558064668,6.114119223185949,4.062112892525537,8.30069347832884,4.419099298119545,7.502226694779735,6.825220450758932,8.618478325089177,6.117407577378409,4.464589927877697,5.597271236990179,4.453452503441701,5.955305341019161,4.465511716370074,4.644219132406368,5.140124631992407,3.7536187740308953,2.321394509556038,6.372867129370573,4.438632744557359,9.406970455178197,2.605660495374882,1.384500002009526,10.351531029226521,8.832892832838533,8.134429506531783,8.173813277057238,5.456976617021216,5.29218142681888,7.267438988174711,5.276956111405578,6.439458433764854,5.130475067347289,5.592780981053199,6.215345514565707,6.198867640218563,3.902896484626191,5.73856509716383,8.225251153111463,6.32821533179709,4.08685282298497,5.919814546406269,4.652058047269073,4.922523739960578,9.13159266977704,10.667464229038783,6.8470490802611605,7.1008936090128785,4.809256862103937,4.728152334902966,6.830571523947376,5.65348521683897,1.7797800225870937,7.555886431251255,4.513890145665833,7.3866892803992545,3.646612026861735,2.852550540758032,7.492149142388792,7.87830298085298,5.081843391539797,7.175602712216123,7.61804143115878,5.206713928069387,5.135816919164999,3.88453361945493,6.945887488126757,7.610757606795856,5.454646193768299,6.42471550362451,6.8983259567192565,8.085714237924131,4.25141942309482,5.419903734326363
2082,5.804317457654648,4.365971444733442,7.019201255057541,9.94769731419427,6.6647237573351195,6.232689308587994,5.377026352924959,4.175981874763967,4.342022952437401,4.531070836952753,1.8481082362788055,5.234091344475746,7.368785472161002,5.369688072374888,6.119616042716167,5.462490054539271,5.850828523082393,6.0360722290618085,5.044748895129721,2.9409705802798274,4.673750910003271,7.080905064514702,6.639882672152348,7.786161180825106,8.75517394691706,9.54840594868043,2.4643058168036616,7.505490382228579,8.985396348152845,4.56286948104389,8.878976983204488,8.882482870135986,4.5074997603893285,5.1495244774435225,2.3839021080306617,3.491589971099581,4.0343809100134,6.4360936620937945,6.224571763351561,5.321116143677917,5.041095504590442,4.639013825356959,5.516396721532303,4.688199517130853,12.239105820655828,-0.7012127378157208,7.924079123911048,5.8500697196594285,4.876057241218432,4.886460893760832,4.481483167409896,4.981965854444675,6.2882237532309135,7.245689738435409,6.824164094190513,6.043191010185652,5.6911896488496225,2.2486182741288636,5.924060343738115,2.219574442931585,4.73169992731086,2.7711344953094175,3.389471349120141,2.258471309393644,3.2194672909166115,5.195713232457636,5.866077280470302,6.041600769438916,9.712207756830114,5.202751793393066,4.080076489278251,2.918760192074946,4.977383706931557,6.285349824279548,3.895059636235237,4.506482777132523,5.278808650959816,5.18318053313664,8.835465321370533,5.651174044023666,6.443653375123227,4.208036979713613,5.904958195372353,3.5051026980791766,11.864659016472952,3.5881998895800544,4.3458962773372045,5.827042944942205,4.183049333734172,5.647188835910389,6.581661669590643,5.196996192434538,6.1950632823365055,7.073751869584834,5.172044959797392,3.250471462522232,7.534889057278637,3.742620319181255,6.615327891441326,6.041223450643675,7.743058936936515,5.188752810657027,3.779601690386027,4.82431004175118,3.753855798925674,5.020081764166908,4.24084277876786,3.8504071518778793,4.462005303800103,3.11280678106206,2.158749958606705,5.621688829415612,3.8670386135578165,8.519741894943374,1.9748615745987206,1.0597981136425254,9.186467824663435,7.858750621335847,7.572573076188568,7.421398401898996,4.453790561535528,4.578580343616861,6.345760283027114,5.0674021634672375,5.7459506992782865,4.389613639244015,4.860863512488346,5.689638183159487,5.483647919126919,3.4286795159535735,5.044522654078904,7.5509462961128815,5.420066230744125,3.4999405047723235,5.437649606407753,3.715870492373193,4.196205444580742,8.184059967526366,9.877428251079152,6.262583858626228,6.449163948105913,4.059462312076778,3.9922667503356934,5.9268551617860785,5.100089778644701,1.2039048909076646,6.6621512534362965,3.9479260687317157,6.54495304636657,3.0699546473366888,2.4771665842405404,6.938117160594889,6.934001777640412,4.133153796954351,6.446225129174336,6.902040061780384,4.345944531474799,4.426234876045161,3.2481712326407455,6.014377828527772,6.577147960343531,4.468703128184591,5.454435325520381,6.145884181931621,6.999540792299164,3.6333230067576676,4.939670318790843
2083,7.647742192979373,6.275183702100598,8.821749231432165,11.50080637931824,9.274348598718642,8.063652567778313,7.946838035115173,6.483945800364016,6.29227952387716,6.9530972136051545,4.402119037189653,6.855055744945999,9.064958989620207,7.2772784767140255,8.789741845854694,8.122278173360971,7.4473613726241235,7.52071761786938,6.753094495620046,5.033458143859339,7.1940035309110355,8.244340594325745,8.921694226350105,9.428243683065688,10.298114698273798,11.389706451552255,4.68254135187183,9.263918774308904,10.315762231605394,6.245528684982232,10.349311986991337,11.24409276076726,7.001944345661575,6.866369332087091,4.781486530814847,6.087213586190986,6.290644591727429,8.575030836888722,7.892113379495486,6.976904379470009,7.076918595151177,7.213017912954095,7.233512223458713,6.978615978386793,13.756192025116516,1.7457651266029905,9.410808549182759,7.569175989659771,6.556329822540283,7.238208621101723,7.200725208542177,7.27792075949588,8.931171051519257,9.042284416247695,8.446557333213939,8.138936479602544,7.516550390528784,4.6575465798378,7.746288988845689,4.483916042082744,6.912978363675734,5.130005583379949,5.348963124624325,4.3292422262685655,5.546764674250567,6.973531525315982,7.515555170497724,8.637109073464359,11.05481553982411,7.649842765927317,6.11918920466144,5.238645795413427,6.779522823382702,7.732231709786827,6.225529609194823,6.46039597749976,7.079028220421505,7.118715991133025,9.647433005911964,7.213712123781443,8.213068867794103,6.566724137855427,7.607628258637019,5.709613197190424,13.407188735689438,5.2966555280877055,6.073332335001658,7.817836522444011,5.959184169769287,7.171103662292339,7.985617820226723,6.969917465001349,8.624692084968306,8.771886917522975,7.753082309237545,5.734294271681994,10.060848282064713,6.022567232591763,9.175224122830796,7.976007401783551,9.448748781638487,7.7499827686697245,6.084618463260789,6.979335065984301,6.123489523200054,7.757989878633196,6.568889811209275,5.631767198017663,6.775384849895325,5.447575632376331,4.434898538674627,7.45405684428822,5.844351973703927,10.050074843423706,4.2139124083598825,3.427164220330975,10.72537051779883,9.477350698198588,9.11150887863977,9.935822104556223,7.340831019197195,6.408079021104745,8.132283174512645,7.322656241511656,7.55413709431887,6.302231783260197,7.200295519669143,7.531313768029213,7.169805071822235,5.710138886315481,7.038364829655211,9.283391225976604,7.973868185760717,5.489165695863109,7.32997415214777,6.304707651372472,5.878220368283136,9.738698673088638,11.279083006722587,7.7568365118333285,8.222373725899633,5.782160067664727,5.710470826710972,8.603792155640468,7.057179099214928,3.469643814436024,9.333298372796609,5.904797643210208,9.14401351937226,5.038577421435291,4.834245160860675,8.384348298822134,9.221420768408903,6.69829873855093,8.297537272955694,8.670916156257903,6.21273144456957,6.7817863762378625,5.509827841924768,8.658218278523,8.67680298026119,7.209884844933238,7.859394500830343,7.991918094243322,8.753030555242944,5.789744273786034,6.979327552659171
2084,4.084276069913591,2.7103353306118936,5.76538862064481,9.035375165939334,5.52594311343772,5.1324789724179665,4.359604507152524,2.285218965155738,2.606138678680043,2.741864446444173,-0.8416531626667314,3.7037462213209715,6.239394185372764,3.5046708832627966,4.994249976745676,4.410684385682854,4.368911161805908,4.567083502188327,3.4919500685696088,0.9051429498408508,3.6649246080113307,5.506525721114926,5.6013819119759996,6.685030790737695,7.848109529167416,8.228463839313815,0.5336998148688259,6.351779727212023,8.154516346114022,3.0342190348676294,7.984152308319298,7.706353709793515,3.3895097175879116,3.6194935712298126,-0.24405962824820948,2.383712007318225,2.1926041505166465,5.1498586297035205,4.604962376611574,3.826032667500634,3.8276694040213304,3.4523042697991646,4.011724249379971,2.899420582077335,11.705118229772367,-2.8560159159025984,7.047098049947193,4.3616511847291655,3.273184916084366,2.3789178909750515,3.4144790930407383,2.521010149057423,5.240052897376676,6.310378983191083,5.687919641053306,4.015309868273992,4.381308448314665,-0.37460591367313073,4.788446665235927,0.2864943027496341,3.5935365435268176,0.8777013880865917,1.651841541273253,0.19095452028725798,0.6979139894247073,3.6471628866025383,4.330883582149236,5.032524476306774,8.843874145405634,3.9755108594894417,2.4085800337472136,0.9665591167552129,3.3902038371456555,4.777454398572447,2.7750843053417547,2.788616720134658,3.852819162766846,3.8817726525877245,6.805876034923964,4.1879189133045385,5.416571495788439,2.359692276907817,4.2583716229801745,1.672812891006468,11.306533922893657,2.00664429260152,2.68866811203105,3.9886674896946976,2.5180987923273057,4.093290884493448,5.108260354186807,3.915051369315811,5.007663176315173,5.909447072339911,4.175845863563676,1.4874982351104593,6.400729572560107,1.8510003400700417,5.596164721250538,4.768376054082597,6.707716102046627,4.176252325943541,1.8834760716983219,3.6346902146935456,1.9221827375037375,3.909834114142825,1.7533469342759678,2.1818005121179995,2.654564608952832,1.1448153452681626,-0.4327513654317168,4.386411111056806,2.154189588661703,7.588258680701254,0.009545115907012633,-1.4272297867706838,8.301439076662062,6.926858667656778,6.488811623198643,6.297227633318734,3.313440433357445,2.950041719738927,5.268164071014949,2.660293998356378,4.487921369182211,3.1632697252822797,3.122566102658002,3.967886574779238,3.968388576166971,1.3504271128347964,3.3466844958918442,6.37248190173081,4.408336686449392,1.7804374968899164,3.7011356541088682,2.628210403238027,2.5931060673802047,7.248197536809106,9.071128279077152,4.838769734225103,5.227934936859778,2.4011451748865005,2.4134175291551037,4.846910862624648,3.4083364835807237,-0.8861036701926153,5.594278421040093,2.2119215345010126,5.487627444735595,1.3039355141775932,0.12527235512222643,5.533907341930486,5.955640296371918,3.0619358469865157,5.2076424581663945,5.721054608428055,2.7215826894555764,2.5525851956435615,1.3405337059072082,5.018599094131162,5.625069466925092,3.3652973698718225,4.460407504173259,4.916902973822187,5.9825590167726785,1.769701254367828,3.108302964270116
2085,5.473194892198916,4.119968566298485,7.040362064487169,10.438868424030288,7.323444502268517,6.766815598734785,6.122619050315443,4.387083054440364,4.054926631918976,4.790491423436573,1.6995842103447218,5.067759166445054,7.409598076130664,5.567386108636858,6.860187652707101,6.22471319990499,5.723500441227642,5.851109366970403,4.9054881751537325,2.6952392880405704,5.43486103160041,6.678114613252029,7.305146857244629,7.805169821424144,9.087099972793036,9.890777276669233,2.6903795750013417,7.550308960889067,9.368847630598715,4.425596079656058,9.40494077024715,9.474635784008672,5.20993479234832,5.030266337309564,2.208362617503319,4.283100849496469,4.210336574486324,6.9102815480370605,5.960354097453611,5.18743084301906,5.280243745871953,5.306365833963666,5.403748607695372,4.906209025212697,12.878162363597328,-0.38452987505921293,8.371851089217568,5.758031568356922,4.705381317809226,4.668948160750529,5.277112344971725,4.748080140565125,6.992785944683215,7.904658135771752,6.833291328352476,5.992248983894074,5.666001365865977,2.0854630571390893,6.157531824894249,2.4492489745574315,5.125434742255937,3.0144804668213645,3.122757604718209,2.0101963886192853,3.026293838875634,5.072400685080462,5.7155826904944,6.767327696247959,10.046030875614715,5.774795170341219,4.119307006469795,3.1379160469131815,4.855871965310404,6.063083902852875,4.4702667410884604,4.204548623306407,5.219417292624714,5.174281939438411,8.671860644647053,5.501670727559499,6.9688592680862955,4.4129156887531265,5.632372834852767,3.7191147212471263,12.535311811310905,3.4427285024097984,4.16442948074213,6.029847812226844,4.016355412772723,5.430567600471633,6.3578943589968375,5.185889663227967,6.819228611673631,7.113597151690295,5.939795233947894,3.5720518556024343,8.195514798357285,3.946492193426402,7.307164370587892,6.048317604192667,8.043668719700404,5.945675205332892,3.988190115349635,5.161530999200683,3.9728002735546664,5.762713629858836,4.034932928851675,3.6957194600786467,4.6656786416258145,3.3457021800535043,1.9700437192405982,5.621750815638475,3.6081392799104957,8.990677135544168,2.212043393829041,1.0142318333898268,9.700803058913772,8.345242999494074,7.5831918201276265,8.057053027834211,5.258378824565032,4.506692042946815,6.659964472694054,4.865295575346267,5.755035667972905,4.534381160991534,5.134872806072233,5.38820715844631,5.350999041114535,3.379103716782161,5.085712148462025,7.557620553885184,6.1775988847017285,3.2266438846077246,5.113839285714288,4.498172912693451,4.0253510847355125,8.640172330449737,10.294919742856708,6.1094668653394475,6.464151755028538,3.882518821316107,3.8503704875707627,6.664270775126564,4.8086616714085855,1.3823602706193925,7.368544851030622,3.667747989296915,7.280072011905059,2.807581424287388,2.491285337294851,6.782770733362329,7.599651710928554,4.900245111834792,6.482775468911441,6.968785377565238,4.232791008290119,4.645804118258614,3.443136528786272,6.764433371887676,7.2243075570889905,5.231011792165888,6.161287122539111,6.146945524535008,7.528283628608501,3.8424896035875618,4.606219602908406
2086,5.007883141402687,3.580281540751458,6.517249137476237,9.938616270678384,6.269600294317522,5.956917853014808,5.093219952072414,3.644569042750765,3.532998708529133,4.00205628925136,0.7568714797496794,4.489792587075916,6.909021135366386,4.979387292478768,5.762645572849681,5.157767292005674,5.137718925731523,5.32622504562938,4.298760464148865,2.1430519780942396,4.415200686880518,6.318384098155158,6.458853784203533,7.326984950367891,8.530118114501239,9.338843062413591,1.9978299758263998,7.032700058338894,8.778748202313107,3.8352181342031244,8.94125765849437,8.463624595744273,4.198450478911401,4.416311591437886,1.3568470908062815,3.197669152276854,3.511051931657963,6.205493972131184,5.433164271765524,4.60888860672712,4.572248866728375,4.298068096808025,4.792182735885894,4.181226717361382,12.67021385942187,-1.1963127283113335,7.73662062614624,5.151333925127986,4.106580608231679,3.818257462499399,4.183515027591161,3.92585155889392,5.944443159443992,7.444517929852011,6.35995260445135,5.3216172929321,5.135132076910562,1.2205332194055845,5.522924795959676,1.7363575640533635,4.321004624877656,2.270644943628992,2.5918347090482716,1.4306212323052558,2.218174638652374,4.453637377126145,5.110034413928434,5.726758318500861,9.561042841630321,4.865910527535849,3.4749022496598116,2.4167142057791318,4.221976408149514,5.531836510289994,3.549013580594743,3.683865323449884,4.633707287694729,4.614919887270243,8.455484545656617,4.954949458156312,6.206935542609007,3.6801460977111518,5.128239451774529,3.03736087176949,12.29679963588715,2.881776143397604,3.5573944010372642,5.393443750323996,3.3904376570667565,4.883576096168589,5.848591077434167,4.642448872327806,5.924998125646791,6.621125591173768,4.9094964972564155,2.746037683316638,7.137869125498196,3.250589715582981,6.284868734968563,5.493491835253582,7.4310095022831675,4.899488515939028,3.2863486027078967,4.388798124023847,3.243695703574589,4.670952815243176,3.197552218713929,3.0641062449131677,3.948215705794949,2.605239707896751,1.189502601112638,5.081189476805077,3.100335104976383,8.29671234392694,1.5029369920492202,0.1829300604228466,9.236318000725337,7.6570247336822925,7.12883895295007,7.028303462905545,4.089878301535332,3.879461246728897,6.0223695867828,4.058772739129405,5.2458884234939305,3.91054487185819,4.3535632342100135,4.875778009423186,4.753709444829397,2.6751189410686487,4.4241015119212,7.0515189756240195,5.14368060976267,2.684338424886976,4.625335071768079,3.4303274346249424,3.443315804217541,7.955747973280293,9.737683021011101,5.572700650165125,5.9601303321974655,3.279294338822364,3.2586639813014457,5.598147804822243,4.282333084515163,0.638250948701587,6.298024851083755,3.1318562963179173,6.235483443737025,2.3047478049993533,1.6867840319871894,6.251965931057929,6.723733058571814,3.8418793099267132,5.949480813635248,6.446713043855768,3.572500343620777,3.9156171068549166,2.741873200024879,5.720222607042109,6.430630103179389,4.127401530742647,5.2027535004275185,5.615379844180175,6.764281226481709,3.1745469318968915,4.064249372269428
2087,6.021292780552592,4.776262774212021,7.440498396434954,9.983548780211384,6.497759803703852,6.564062268819133,5.370429563522336,4.370622782622065,4.686313609353129,4.632933399719853,2.477551610554966,5.711964745074512,7.771569943321606,5.558588787487573,6.0297597663743145,5.442137052331651,6.312186239713003,6.467298572829791,5.54519049365606,3.3314462893775554,4.711993196180889,7.645938607837476,6.612507290286674,8.178758755432707,9.098022988012858,9.428442245721817,2.6271554091147022,7.917426372399287,9.257549158417222,5.05359895995685,9.0041971547263,8.76528086345643,4.570200708934242,5.653215267562435,3.004690264378275,3.508752604361094,4.255044987371993,6.4061742890892255,6.565867458922527,5.824197527180822,5.321294322184156,4.628427654079029,6.042748749894756,4.885321277379988,12.236455924170357,-0.5373104012438237,8.233343917450737,6.32155978583864,5.363699861615897,5.4439301795725346,4.455862029961176,5.529146339212144,6.178974393435885,7.3998321437409915,7.214132404061302,6.388697500526903,6.1238024066601495,2.8714934273756,6.321513317738263,2.3604399441342228,4.940320870918886,2.941246008872984,3.739989201884187,2.6209945007094313,3.8409668547766542,5.7195680920566865,6.303471920745712,5.955580198764807,9.991916285880974,5.276454759495597,4.481548497719424,3.069438227585383,5.4212888044970375,6.6718866535595485,4.027348940180883,4.835721365468841,5.741748031335219,5.625673461811883,9.338596534622564,6.131022086313794,6.767266833622538,4.341301071484172,6.232506506783621,3.683734485719887,11.880597484111785,4.090579045670374,4.851492685505321,6.0354108044079435,4.697809139319829,6.068649384379385,6.952090602687425,5.619433238676615,6.13127905641283,7.483720348988262,5.179977130889889,3.405189413896627,7.408352159495868,3.929853793552942,6.498346378122056,6.483910827578177,8.117139166167803,5.200752913100377,3.9598634400538018,5.079439863562586,4.007526141192233,4.922675926770484,4.815245343957633,4.383616823383737,4.611611446738244,3.2852746731734688,2.743093177782636,6.044877110634535,4.242947066575288,8.765278777001155,2.122488861211712,1.4833896156932633,9.269416341611317,8.18066270915525,7.955071912266846,7.27868706466896,4.377634739609699,5.001156276464461,6.666695943474771,5.634639067096368,6.1877099378832785,4.755879109512484,5.039681978310857,6.0137227586337465,5.970611629794754,3.8823657846876527,5.402507129737307,7.964406335034537,5.382481703587944,3.861931032261678,5.712607454614981,3.720823186103787,4.691831630042623,8.483284769632986,10.14935142291444,6.701864173156874,6.858862217835018,4.582190434421814,4.496379297120231,5.8692896842956515,5.462669153298652,1.4199053938899722,6.51616566862379,4.299635995711603,6.505886904469556,3.396252880777631,2.903452882756079,7.349565934070521,6.893845094687174,4.158916729901518,6.880963282499998,7.337614090314934,4.8997948988207725,4.61362343771117,3.366353423787014,5.9610480121203855,6.625267811438867,4.423094913123971,5.465925644125259,6.577895052198851,7.334578968371667,3.781602079527721,5.186670138154712
2088,5.000947853390661,3.47169027392353,6.614067588533672,10.12262951348509,6.770854306221013,6.455678206522546,5.511097964750872,3.759641129310642,3.499030902343135,4.183318932035138,0.8957909689417902,4.154647511669571,6.990323791440046,4.623861933606013,6.232183160739287,5.6163654220955745,4.858502557022229,4.974813490893162,3.9394250722868103,2.0241653448769026,4.802490755064147,5.954247321880289,6.804168756731919,7.409686681202483,8.790281777722493,8.982313619766916,1.9690207749605195,7.1610619519438075,9.119643616623113,3.4691593253718986,9.03195430636406,8.904530316671089,4.620450990647074,4.107581595198383,1.4113343939185121,3.6580454802207147,3.5203495706830705,6.054127296805385,5.250126733311585,4.2606299783502335,4.841763944365085,4.695559372646468,4.49274031988212,4.2788651951655226,12.92594610282353,-1.2781416858945558,8.097844442725181,4.907933839383936,3.7584800586104428,3.99828415129866,4.646149842873479,4.105665822114266,6.440239165084704,7.507709948931418,6.42527795476573,5.388655094376633,5.170095901404109,1.27123810542481,5.84362531458693,1.7178266400205238,4.651620131305286,2.3299858838851977,2.525252630455154,1.3391201499317373,2.2558017815662805,4.134060741774736,4.845751148888043,6.215434849475109,9.696966597251595,5.158753723970487,3.223236389138871,2.4507786686931334,4.034649934938979,5.197579166186711,3.927765548335656,3.683633129085815,4.517444000073843,4.824887444930417,7.143952491453714,4.59538872199399,6.670345373664582,3.7969123468335186,4.96205030956439,3.04467124930982,12.522318751471383,2.4255371465214672,3.180485894158484,5.1639568997280945,3.0149073346917117,4.5442156825746824,5.507807092542393,4.804307828098535,6.057542628522159,6.678748703528464,5.322974421509675,2.9248420378991575,7.616003578049795,3.290194164748702,6.7906753463404534,5.673570218150107,7.7070421452500995,5.350057643226218,3.322570219582747,4.63853658627985,3.2099841154047404,5.179308728660858,3.3421584269830213,2.6734356262854178,4.0410535728825,2.6105856584118965,1.1418515426771993,5.25808643948819,3.0254515757518172,8.703724861145023,1.4673028081655495,0.2301314852067428,9.340232227529798,8.060251583371842,7.180329958562344,7.511768968616215,4.6043331561344045,3.609692989928381,6.307448631152511,4.1757541508813025,5.338360650624549,4.081487980751053,4.544006070441434,4.776209853719256,4.428487011547468,2.5948714134948587,4.286855504821454,7.198947572388818,5.574987895786756,2.6497602845941253,4.597731470795609,3.8637888676886054,3.036591413936447,8.376109733326093,10.028072070223944,5.250722084300854,6.047315465446031,2.8776672631502143,2.8565959882523315,6.058454388885626,4.296566387159483,0.6019925649677003,6.812721654347013,3.0923160536813428,6.663787602101055,2.204849122464658,1.694034852406812,5.981498767781467,7.110458893541778,4.28578982023256,6.058122316960783,6.5045782157352985,3.2612387526248177,4.016727521589826,2.78411972748914,6.189584765051088,6.75699813243534,4.615687394022406,5.636967743294576,5.792062642744609,7.214255433210306,3.1339035962309163,4.122843916288444
2089,5.677718082708973,4.444406571558542,7.9601479597256635,9.684807338033401,7.054838836725269,6.772908378073148,5.833064278747358,4.278604960973772,4.197433381846974,4.689246157370509,0.7641161976116041,5.985552197222465,8.233551309896368,4.9834961580378705,6.535876172827562,5.9265615776181235,6.608250031726701,6.725412938850263,5.84907143328871,2.4833017009709573,5.11624040092741,7.288493438277926,6.787339516941988,8.623949351614074,9.323393823605569,9.069505099526474,2.507921256124974,8.384913089019914,9.39357095892941,5.315173104405399,8.690625858945506,9.200678415596487,4.913363238317626,5.957461524435449,1.2935241228235588,3.9428903603128034,4.2063060779656665,6.241656060437006,6.593993900503432,6.095320617301126,5.812778535911016,5.0373944533722765,6.33724950551987,4.8057313892724265,12.362654638290405,-0.6853582356657272,8.371907366599356,6.631897683867387,5.663718126927103,3.9078282606388868,4.953801546032938,4.021980368984598,6.715120220912755,7.020508547765871,7.664011179602573,5.5970502525568,6.611262766697578,1.1624578405703798,6.712757272805487,2.2692538759538126,5.405109312491758,2.8821215981218438,3.2207043066620833,1.7946893893938978,2.173153853310006,6.030301467755009,6.64297384042293,6.486570054665209,10.136719952310838,5.551270174447982,4.601180052331515,2.9823152324983058,5.856807062029841,6.963430046236941,4.458270022805247,4.383086740544865,6.152498383208045,6.222417708379884,7.096410066740858,6.368932488134929,6.980017924095905,4.327605740300246,6.1606306810464195,3.5777329802912283,11.988228898388996,4.3028496052005485,5.157883102872543,5.550130906701089,5.0086198464036,6.35955498814583,7.232710053452425,6.147305782458611,6.28483048485858,7.964387412795002,5.62751314384597,3.4461018498454767,7.895221863474168,3.8308778801666814,7.043414314091207,7.048434566599983,8.41900421104261,5.645836221320286,3.862665336791958,5.554856126223294,3.9364097890044945,5.455049627593586,3.2442606126623517,4.684650976623271,4.570936144675531,3.1645163963947947,1.0801198439938697,6.592782180756333,3.7140942041629117,8.951379454561646,1.9989121713808633,0.3330968779112598,8.927265599795751,8.347461342332622,8.371682847637155,7.782430676903047,4.908137489323104,5.212257665395735,6.9834190730537715,4.094551709986156,6.71066302529403,5.245824659722194,5.03298135914873,5.76472123350416,6.28078390785626,3.0930833432291234,5.508162839657489,8.450696880263942,5.86941452068942,3.347949998825786,5.303507974903501,4.166081232577563,4.975041313150101,8.65724650975317,10.298022384302959,6.963423239226852,7.369189971259663,4.874428205724272,4.774999262818268,6.375856131907287,4.977376481890679,1.0565124228596703,7.089569616530624,3.79601905292698,6.999076477012466,2.8843605556658334,1.877509867027402,7.618449240417349,7.195774823267547,4.582462195360236,7.412920496027386,7.811385604858932,5.224296443164349,4.557168912501742,3.3075270467038647,6.46944334671966,6.741006836720877,4.916742592411379,5.8151429436036555,7.119792224360361,7.514114701322144,3.6657115271581087,4.830554960029461
2090,6.246050956845287,4.763141699241742,7.100459172895977,10.68393223711422,7.939074013062886,6.384325265032901,6.613214124952042,5.518203738757542,4.797946673312359,5.894925752481711,3.2807453694088107,5.314594881875179,7.461984341910907,6.6819736661655575,7.414692068312849,6.722601945059645,5.942245384199285,6.0713926715510285,5.158676389285496,3.65990074010832,5.9214932265026246,6.707148863082487,7.766636531693595,7.857376153234926,8.86853093334607,10.763297067369734,3.794611074562582,7.593082849894249,9.08448223216193,4.668036679923536,9.607975623650212,10.056410290327456,5.767204936487334,5.267273076091494,3.7737720931481045,4.785446320154835,5.223927174295699,7.721151155659129,6.404854024946693,5.419261208229831,5.515408027996977,5.913727832692009,5.631461178937126,5.985550879580632,12.839721468516757,0.8286676211016512,8.066068828850984,6.020504098279138,4.976453913482171,6.1283892365438595,5.772493124859672,6.213753807544706,7.542667641384263,8.174661845660635,6.8910972331251426,7.212203794079166,5.784020820472924,3.620030880772639,6.039869967209438,3.5535418595054353,5.437798301662715,4.112110927700994,3.856360922540937,2.995582006445954,4.517007963359353,5.336579879266872,5.959101247361731,7.29590187977467,9.72060190843685,6.461424868527268,4.693923343079429,4.273257872462274,5.088374237184015,6.280057236339369,4.864281554094385,4.971147586831022,5.396043864584395,5.283255953448161,10.090496176055499,5.713387267078672,6.601797685027123,5.537197078445128,6.133908334480862,4.799128573068551,12.491305083887921,3.705569129117897,4.426969031271126,7.141362927641187,4.292991958132815,5.660116288491659,6.579240460640619,5.28086680647518,7.4946192084678565,7.155013301542828,6.430952918316636,4.61809643411211,8.773898346988224,5.060526838472914,7.840713894473652,6.137550663096563,7.867744230372566,6.4467271605772645,5.0994786322116825,5.414310091308185,4.979264470296247,6.330131021993502,5.513641480675768,3.967269317819072,5.7553144761494215,4.494979818617657,3.44517620312316,5.710297265329532,4.350563790582652,8.665985761848944,3.335763378281681,2.4696518106119965,9.95389403630314,7.996427945047614,7.630797429595678,8.648357167547303,5.844856492962155,4.943165620469622,6.596029305458069,6.27928051863398,5.817097534505381,4.679942125507765,6.168344371659416,6.030465087081705,5.60771808336888,4.465414927048344,5.746505256422927,7.6149050627435955,6.665528582941207,3.9790110609361102,5.86579645504909,5.00009437831385,4.283945175047432,8.305054902817522,9.977828343425479,6.3094535299709875,6.528944753110409,4.137281363084911,4.096053399198823,7.189971696691856,5.567014632054738,2.5926861538418713,7.9605933913162845,4.4047587394714345,7.754480113301965,3.5542270792382102,3.871142350004186,6.990777352309256,8.043694809930662,5.401447731682237,6.557413087146623,7.002299536125999,4.494337038482938,5.754345093454639,4.565562432578634,7.266909975026335,7.612973357417753,5.7773014911583465,6.637242696114953,6.232951202270176,7.154553315682071,4.9260009433541985,5.484008734566825
2091,5.5919372269085486,4.13747416394097,6.655996548065121,9.866281899384092,6.138334838620251,6.388107106941086,4.873528083733151,3.649542494244607,4.138018856304033,3.942713609124928,1.2302346693617965,4.839180880997862,7.01010091576193,4.766293859694687,5.604735600522584,4.954823169431512,5.4255267294522875,5.644060327751296,4.632832320566686,2.6431459918219073,4.214907121339015,6.675838379881212,6.26878988721541,7.4380959474614725,8.751816762345177,8.952032905604156,1.9485003785895483,7.16380053630897,9.106356597798207,4.134481890606028,8.777136984467507,8.448571222594806,4.08258514191423,4.724490883520671,1.778419087188583,3.049076535339862,3.4897861665913044,5.855416628132975,5.904045365591137,4.922466369292567,4.578049154579633,4.120361411571503,5.10768917618053,4.134049375142365,12.349151446138109,-1.2495530387004183,8.03933888173529,5.464775016424912,4.453625478974678,4.265247021189757,3.9596358341830116,4.390245779816595,5.7620096827192,7.079343396850993,6.454952815015401,5.515533419485603,5.297839004706062,1.6437170396425898,5.758863022963384,1.6568897034440746,4.2706175243215885,2.1928990402391952,3.1800442639073063,1.9478991364794134,2.5913010752626815,4.738971878375328,5.408160046594484,5.53637414617198,9.674840840697291,4.674538338184357,3.556113659696919,2.395411189113348,4.514557335845065,5.85427417385259,3.4400576429707694,4.294338880798649,4.838838126350729,4.689675012763051,8.105564647061485,5.280247216605186,6.603475969391208,3.6107525974512122,5.620780755153725,2.9698264461942028,11.948716174704693,3.132697034307888,3.878084677570897,5.230035476386544,3.7326302514893794,5.211708587727378,6.166572410240768,4.765893627277447,5.62917439213821,6.716835668656445,4.682977550051042,2.6613545287932663,7.072046706080438,3.198334915403812,6.113317066218176,5.598238193509837,7.676558031993252,4.7153999453676585,3.238047153662361,4.431095745015357,3.167071958870762,4.481773142729488,3.6347968469773018,3.377917816170625,3.871879354545049,2.587773323059084,1.57908294610014,5.1547026246786105,3.709140846266278,8.655973548548562,1.4674168499452722,0.4948309185249449,9.082449427140611,8.011312497087891,7.229085224121807,6.945113589188882,3.895160552220682,4.122594848488059,6.179525313792488,4.47135437560667,5.361745195702785,3.9673262257661155,4.355287241084235,5.435572375144277,5.062683838712319,2.9423325519476604,4.573426497301885,7.199012467797316,4.929727490299513,3.270319614027228,5.234623548867453,3.2426348429173255,3.734788346929209,8.343080024314776,9.951788338593072,5.860409804327148,6.0811392243419355,3.5753725024738454,3.523091880764281,5.392685489143642,4.93042793124914,0.6863971522876197,6.14973739321743,3.7358336238988783,6.035777712294031,2.8736684162701867,1.911926389166286,6.523939116485416,6.548216486349699,3.6530082459960664,6.02873820321901,6.552345575179372,3.8689420753823858,3.882561653000972,2.694503108944214,5.500920292947974,6.261791970900129,3.921583107539589,5.027452115075927,5.708670926439978,7.157123716388428,3.128436698232377,4.699808496183579
2092,6.011085526858057,4.616613870326962,7.85718482988221,10.991713059374266,8.06991258891565,7.3173689348357085,6.826591293992739,5.262428026539941,4.570987167528697,5.66678123474121,2.8274592589054786,5.490442353487018,8.150824020696541,6.4628804970000475,7.568849521023882,6.949568995514088,6.149125133667675,6.243636112553734,5.355856031179432,3.376486112390247,6.128382572531703,7.047467140427658,8.019386342593608,8.525696409174378,9.607229411602024,10.724071511945551,3.5172123049252795,8.331176092049908,9.756796794597594,4.858823650117433,9.97348299941846,10.133392320360453,5.93368890791067,5.486625184757371,3.298323715371744,5.00442440036152,5.031571597286631,7.733988402996749,6.414274485968055,5.622075383152282,6.1212703659066126,6.0517415446894525,5.879319664623058,5.751556671091491,13.445138061046602,0.49661209641822596,8.818314253645283,6.249903727003503,5.1575932566608715,5.736462860873769,6.016627868797098,5.835719065581052,7.726391272566151,8.570687706129895,7.553367753671149,6.911581459854329,6.444551792740822,3.1558398233992713,6.924618305531996,3.2947616259301333,5.9374939835231215,3.8847807650055204,3.6310045987367636,2.6720536854916377,4.09688334081854,5.554315225540526,6.154745736931051,7.484143522807532,10.368377929925918,6.529848149631708,4.709780779347886,3.99292585211141,5.437784743947644,6.449725302095925,5.237435124708075,4.743903613090515,5.87018778835024,6.156561496002336,9.97719375405993,5.900946619574513,7.50132239205497,5.297371860593562,6.108026268991777,4.538069919270595,13.104457294089455,3.8523048571443974,4.638071696194155,6.930925606789871,4.492588095686264,5.850007323997229,6.731140221016751,6.083798365188495,7.606142549429623,7.876252612258709,6.634346936855995,4.461679343240603,8.8668827193124,4.809886658896825,8.02406794879852,6.977007337766036,8.663605097468414,6.649942826798985,4.8485378528279925,5.94001177932535,4.774116907425923,6.522836815885137,5.104467019545184,4.16994736662933,5.526879910486087,4.182852676936558,2.9669686389820935,6.530902400612835,4.119524443096349,9.390880281052423,3.0392971595483194,2.0083570241662008,10.290196486881797,8.810564594822267,8.251916011103562,8.752343911784036,6.019210538800273,5.043243915268351,7.348810754503524,5.891743578562248,6.6169948539563554,5.377485796330233,5.981135790475777,5.900376221697249,5.79640298443181,4.199470638696638,5.726434475609231,8.36471211995397,6.863702956267765,3.7545454093388155,5.6445919509178815,5.21252121289394,4.471449755132196,9.097520503933945,10.647620234891244,6.500198122646125,7.268418386152813,4.35462380211268,4.28853396581752,7.395648997596332,5.326647191255222,2.2435840224314987,8.10115481402193,4.178654385677405,7.961674141458108,3.319191639870405,3.4641773318339673,7.1657338715025345,8.260028634113924,5.625017951588543,7.341058610166824,7.748847416947997,4.753817160746881,5.528322843994416,4.302874313481153,7.469815584378582,7.883415623009204,5.999916225778203,6.863370417590654,7.049738398194315,8.026225090878354,4.645349544073857,5.194804509622709
2093,5.986908056799859,4.465803593290704,6.425316806563307,8.883030247927781,6.056877513868469,4.768957762845925,4.815338630335675,3.9364412742001647,4.544089573621748,4.286607969658714,1.9886425214154388,4.82372835193362,6.8302892762103244,5.010956752965493,5.4989419990884425,4.867145460844041,5.506875724345442,5.637564194841045,4.672181531148299,3.190946163024222,4.1112756001097805,6.714306140797479,5.791228298204287,7.262198427226394,7.799736718993105,8.832168958016808,2.2388464759769175,6.898936527608232,7.885606070767559,4.19356338466917,7.810163911432028,8.258102933716566,3.9546771221927224,4.7899182255779,2.4885023391672525,2.8771554108176898,3.795540374517441,5.765132166711344,6.073860887970243,4.969382236685072,4.389580403773913,4.108638820477893,5.107615481317042,4.474564436876349,11.28448255402701,-0.9348198092409555,6.724535188291756,5.441129476683479,4.434150837361814,4.930139816765276,3.879235046250477,4.99978286309966,5.705403179356035,6.057015960131371,6.284742834951199,5.949885651894978,5.122484729545456,2.380765719605341,4.9301399439573315,1.984886872661966,4.100028863549232,2.53867913058826,3.6177799746394173,2.480952184753756,3.330263636580535,4.834834640153814,5.516125971504619,5.482060489484237,8.735388055230894,4.772203068235622,3.850667745087828,2.7077342215393263,4.498543079623154,5.864599682310865,3.2671304732561097,4.715531880514961,4.7926834349121386,4.506834317530909,8.2668340248721,5.290221671379235,5.068718980465614,3.982151209456581,5.8161593256252155,3.2892112089054923,10.854178341797423,3.325644643285444,3.925352757104803,5.480308814346788,3.751098846697383,5.215790278145245,6.160616604770935,4.530533152372977,5.517692911412035,6.5218389622601025,4.6207283735275295,2.9422665034021644,6.933108199068476,3.5136627100940263,6.060346505378506,5.389266602694988,6.77496451892491,4.622712187043258,3.547934691607953,4.22434349932841,3.553264592375075,4.395691347547943,4.287684576851983,3.4338137931589587,4.25113987369197,2.8926985946084756,2.277025382007873,4.976292334922726,4.124959127498524,7.3206569290586865,1.7565768486687132,1.0171005097883086,8.089975001769403,6.600311315219316,7.064588592307909,6.8302229360810385,3.8018586831433456,4.2199101135001635,5.397150165906974,5.119958522197392,5.127078257288251,3.7515895307064047,4.583529259583777,5.716244140107716,5.112264703480261,3.4759592139561257,4.744259002166135,6.946092044934629,4.864538144213813,3.7233754083514197,5.611123939763223,3.122414717663614,3.8016018527959106,6.915013908541629,8.826932274443763,5.924426895167144,5.869852218883378,3.6523871706532605,3.6357640608879063,5.324633534971093,5.30046804845333,1.0088568883282782,6.098784014050452,4.1523162939718805,5.9618464112281835,3.3247383844639575,2.450862048885652,6.61368487115417,6.263659851359471,3.5309998647442926,5.837381978492654,6.31219512571448,3.970753427914215,4.20651392851557,3.0218450950724765,5.455601693902699,5.8042727363961095,3.8204517241035147,4.833354994016034,5.510664820245335,5.619710818145955,3.409636541243109,5.169700956663913
2094,3.4813371058021274,2.0718547358709802,5.227315260150604,8.067944795744758,5.109347956734045,4.332326636463406,3.9559473969042287,2.084822336052147,1.9389620586165364,2.556631851196289,-1.2214188065912015,3.2540500195963036,5.763748014931166,3.158722438982555,4.553028136066028,3.9823945503149707,3.9466018523488744,4.160106931626799,3.013099801327501,0.4175780292068212,3.2405789160302727,4.999437826765439,4.925855984006608,6.22048231916768,7.254026382775714,7.482248353106633,0.3837142075278941,5.828175128144879,7.550386346663747,2.5819120707256453,7.119148159346409,7.291521719470622,2.9541411852198,3.1600275346211024,-0.5947476283780174,1.9420159190893194,2.0142820978803284,4.521892116445297,4.0957586671624835,3.378541846466915,3.3254388569721147,3.0789558084415556,3.4864707899945095,2.7235835709742147,10.850603669030328,-2.969389434690984,6.375791813965353,3.849450179295883,2.807506796398334,2.0223183069461284,2.966749780518668,2.1590964145958407,4.799218624298059,5.25332213778581,5.249630544015337,3.7793284663132276,3.8746590933097242,-0.7229725645588965,4.0978793873584705,0.18229327563728612,3.10459594029401,0.7664284226201866,1.011492721097811,-0.33281643252287535,0.3665934720209671,3.171330034839258,3.911268853076865,4.602849395573138,8.188478189706805,3.6570143208972024,2.1160632061106788,0.7937419565660632,2.8951406231948322,4.371250807174617,2.328138454045566,2.128856272782597,3.373908358466411,3.279204158484935,5.901901018193789,3.763625240858113,4.636607222684791,2.2166949095470545,3.725608694606592,1.5171626116548278,10.440981321675439,1.5862211874553118,2.2375441126937003,3.6439072060797884,2.048995801806453,3.663922381826808,4.714139154127666,3.343935347534715,4.424485934632168,5.431570059327146,3.757931543673788,1.2944121181964867,5.968932326138025,1.6892878800630584,5.180927775055171,4.175182694090266,6.061231051837761,3.745229633578233,1.7181803452117113,3.1191606005321106,1.7398194411503418,3.4516310149005496,1.3909813931045498,1.7214707206402482,2.4967055380344423,0.9630964758938958,-0.7741246442709664,3.809897944863352,1.5137280470558572,6.927483186445068,-0.1435958647302233,-1.7264528976088138,7.335987808236059,6.2072456436497845,6.083807512745262,5.86669900890307,2.8193247922829188,2.540780532360077,4.600348790628568,2.3153996850763043,3.9465724881206214,2.6244190589125687,2.8747196137905133,3.3555137500166907,3.4876513896243906,0.989428307887699,3.0179794625512217,5.844656360947662,3.9994197311678104,1.1268600089209424,3.0525400101074163,2.20577921697072,2.1551778406969135,6.538651418685913,8.506321700662374,4.446076166576573,4.73743605422122,1.9603297333632201,1.982507506012915,4.415617099830086,2.7000552635906,-1.066470040061645,5.15184717753104,1.5399669923952652,5.078194861752646,0.7016422729407032,-0.1392458653875786,5.157404276489146,5.410928556748799,2.639787277366435,4.6699874776282515,5.216967202882684,2.2427594836269122,2.3954814890665657,1.1817453107663585,4.580687793237823,4.999145804558483,2.902194361175812,3.98263223000935,4.345535926999791,5.208865765588624,1.639637252688408,2.423126259233271
2095,4.395716278213409,2.9652629526598147,5.6958622341709475,8.318235819467477,5.411927025592224,4.385520638312616,4.1744097211531255,2.8524607708411565,2.873915129261358,3.2211324714124188,0.35247582803879346,4.0084862947464,6.164726376533506,3.90758067837783,4.843285124908602,4.211572557687761,4.657980084206372,4.874555799804092,3.797955988560405,1.5304528038416594,3.484543450788731,5.574940296794689,5.164259559421666,6.605354208445975,7.370196899239508,7.949957972339221,1.19634312050683,6.224322700833104,7.604839996833887,3.3243323492152306,7.311295023347655,7.656247124714514,3.2939043775200836,3.9110340798539758,0.9449604277099886,2.2497026096497263,2.7456245513898994,4.914749240555935,4.922333067762,4.119284862599202,3.734329422323829,3.3829704704029218,4.275736738741398,3.4072717248861264,11.094601379122054,-2.043037119082043,6.40973270268047,4.636501346315659,3.59271020522075,3.4301300185599484,3.2062330509935086,3.544397477166989,5.069334954874856,5.422262709481378,5.614933387083669,4.768850882032089,4.367371905275751,0.8142672370587076,4.370755070447917,0.9467852539249837,3.46450332743781,1.4729946187564298,1.9417798248859721,0.8342035625662119,1.7939524880477364,3.9181615297815644,4.620646190403828,4.85531898183482,8.310027470758987,4.002048851762499,2.7881410324147775,1.6252179715250223,3.6293603649604083,5.097639180506978,2.6561209077946852,3.0422464225973402,3.965010481221337,3.7493115486843247,6.924778982571191,4.487196023702356,4.678198965958185,2.90693951504571,4.586060251082694,2.2528297194545828,10.688176982743402,2.3023191862872663,3.0155763493185606,4.38530888216836,2.8477062280688985,4.417036814774787,5.423136106665646,3.8555420302918972,4.750298501764023,5.837320633019719,3.9805157666759805,1.9130959331989301,6.295752534483161,2.4470165591154776,5.449009114380794,4.6297233220722,6.273979339003563,3.988024919586523,2.4848950091217255,3.5336769411606452,2.4454245882374903,3.739703130083428,2.8166728271204686,2.5061529668314115,3.1724168410258633,1.8087430374962932,0.749219099405621,4.276648677034034,2.4536359512380215,6.983043477684259,0.7082810746771948,-0.3548998745424408,7.543832581383843,6.251214646654468,6.433314475736451,6.189149462857415,3.096694978406385,3.3115507181201664,4.852117376402025,3.67563104480505,4.407646527673518,3.0716739784393994,3.564653693565301,4.268862948460241,4.2548491852624135,2.0445680438940013,3.7763621314295683,6.281373888041292,4.238629179980071,2.036823575917098,3.9935029713170884,2.4908164094601353,2.900123854194371,6.583399655457055,8.48802191274507,5.121759384045645,5.158681587662014,2.7247567359890255,2.7091821319290568,4.67174205125443,3.644475943275858,-0.10624947526625272,5.447731470423084,2.478715162404947,5.309344610571859,1.651390840751784,1.1057476816432832,5.820505670138767,5.654822046948329,2.902527250881706,5.112101449072363,5.637469366458913,3.008046905909267,3.1156983142452574,1.959414923510382,4.819710041795458,5.2334435816322085,3.15785791192736,4.224350035403456,4.7890822666032,5.256332225458963,2.387867413886954,3.3925764151981896
2096,4.91556188049061,3.424510710580009,6.360241881571709,9.365111926623749,6.0763462466853015,5.092095726089814,4.890151558177811,3.3985205211809686,3.400023082217999,3.7550757755126254,0.9401701803718291,4.122569936194592,6.784476709685154,4.814459795770901,5.551894925534726,4.94737302022321,4.830021690869969,4.975672861667616,3.949180110863279,2.1077800312212527,4.204782301613264,6.279668471583032,6.010477206776183,7.19419650999563,7.9591434987527965,9.250702128240041,1.6886445377554244,6.84544948648129,8.1286040940455,3.4768488654068586,8.251481052381653,8.323897455845561,4.0065369484680025,4.086344523089271,1.5174415201081752,2.9944442700062477,3.21799032581704,6.031524564112936,5.197920412463801,4.279364854523114,4.381467969076972,4.085845204336299,4.444836988619398,3.9431832353983607,11.751046255656652,-1.6161923255239194,6.992721799122437,4.810089952179365,3.700169336050749,3.974703612923622,3.9554521679878225,4.0599929222038815,5.731057002501828,6.556977871632469,6.222373108672245,5.256157638239011,4.930682809438022,1.4017467788287552,5.042377308702896,1.4070353644234814,4.112476204548565,1.9438746077673776,2.4798320438180643,1.3778101278202883,2.396371441228047,4.128021489083765,4.801394711647716,5.52170087907995,8.97631021679512,4.6400161125830195,3.1847091257572187,2.1259643737758895,3.874281488997594,5.177369413418431,3.336432069327151,3.570523465956961,4.385687985590526,4.45497987217137,8.870464746866908,4.623529859898342,5.377083816698618,3.401125835387836,4.911950912539451,2.7577994891575415,11.337763038703375,2.547849522743907,3.1601939056600834,5.243694543878415,2.9827110596001183,4.503897376997131,5.498995400220157,4.4623734184673856,5.733299381392342,6.465837390614409,4.698146108112169,2.4622481278010806,6.9801066862153185,2.9634714522532035,6.083776615347181,5.338827018226893,6.897780912688799,4.713817252750909,2.985404493127552,4.204810610626428,2.976818421057291,4.4275150849883085,3.350439650246076,2.662090488842553,3.6862479478120846,2.3128140168530584,1.3351891121694022,4.920907155105045,3.002167241168873,7.600454100008523,1.180455016238348,0.1569736131599956,8.575124491751192,6.881589446323258,7.002124063457763,6.857658982948799,3.849081498597346,3.5245185583829843,5.538866943120959,4.219301840609738,5.058365758295571,3.7234381156308336,4.120464070141316,4.703010823896953,4.415170434862375,2.619120670216424,4.1184400698968355,6.890336011775904,4.929259403049947,2.567725903647285,4.518195831349918,3.2074045280260672,3.0546128726431343,7.202755730705605,9.06896624879113,5.272862572542257,5.794617165837968,2.8831006481179196,2.8920455238648812,5.386358494843758,4.170066347079616,0.36343878848211975,6.1112103547368735,3.008072330696244,6.051359404836384,2.187837095771517,1.6451938628485152,5.988400805475455,6.40743038404866,3.626206510407584,5.798428602649701,6.267458467664466,3.225956801005776,3.635929450924908,2.452782297985895,5.514641496113369,6.033605191750188,3.881030647616298,4.943329635262491,5.458800686682975,5.935011043532615,2.8482021791594385,3.9795115211180296
2097,3.8717906594276443,2.6247036550260567,6.826913780825474,9.639306714066437,6.951866056237905,6.109961568457738,5.744242302434786,3.473391359831603,2.3758739885474958,4.012889418644563,0.4487401700179459,4.154334847416202,7.2103022631523865,4.446704618419918,6.416067839520317,5.826125237345702,4.837078020083053,4.97224911962237,3.9489165010196836,1.1263513230851714,5.029483930979455,5.349478129829679,6.746853569149972,7.619006977336747,8.645212973388178,9.105538563536749,1.7227676776903031,7.355909554021696,8.868043655369963,3.486826191150714,8.627544590671148,8.970668759090563,4.731117290258407,4.108564656760011,1.0008749527590608,3.836860873922704,3.3147766619920755,6.205158325723771,4.736828672673024,4.279275462989298,5.0282468523298,4.848628358330046,4.5020838406469155,4.035874384641648,12.201926316533775,-1.5012247218617367,7.823534899683937,4.916667746858936,3.7427333559308735,3.559773069833004,4.881137074742998,3.6629103909645737,6.645645611626762,7.0556214737040674,6.639685846120118,5.0456781885453665,5.363685886668309,0.8584196014063715,5.791742758133579,1.5110652212585725,4.851319560302157,2.1054215661117026,1.4443912698621197,0.3876115075179518,1.8701607171978278,4.155325508224113,4.819416449751172,6.4290955747876835,9.429035241795443,5.2722335628100785,3.2044802012188067,2.179112511873245,4.055621249015841,5.167732329613398,4.1103654999818104,2.5659767902323187,4.638403847387862,4.999901939183472,7.287021731478825,4.61287009407367,6.35313343248729,3.578702964048301,4.314773079752922,2.809599857883793,11.835301644461499,2.423714296519756,3.1728537403047095,4.942286880527227,3.0207062231642863,4.51007304170302,5.490300067833492,4.982975651350402,6.244538194792613,6.9083590974233,5.563936842339379,2.7722084283828763,7.732009678227563,3.0292666377765762,6.976375051907131,5.868585350337836,7.631301664454597,5.57067955817495,3.080237235980375,4.846601969003678,3.062068131140299,5.390177226066588,2.9259863605456706,2.6728481956358463,3.829140437234726,2.352155044461997,0.6747590196984149,5.449064839844193,1.9474788488021924,8.41131506093911,1.2133728949087024,-0.17200419732502498,8.90586175684418,7.759211619091886,7.384725662640163,7.6415450026946425,4.829590338042805,3.5591902863766487,6.246269100478716,3.793215811039717,5.549697086401282,4.275274860220297,4.3098652678142715,3.8942714854542713,4.439175370654887,2.1677261635395038,4.158173221349718,7.369568121752569,5.803898119926452,1.5848095496318153,3.469334870363987,4.079686346117939,3.0549088642001174,8.067428352577345,9.785631735782538,5.249637424866004,6.277867088307227,2.8749745982033885,2.8848883394684086,6.27004362855639,3.15617130654199,0.32297766889844703,7.015734602723804,1.9840350487136407,6.8451908568718585,1.1206271618604668,1.3607657674700029,5.959141459661935,7.129038523510102,4.499220009786744,6.277946996742064,6.750615258514882,3.265003399763787,3.7575795011860977,2.5496173143386853,6.419029990264347,6.702848992283854,4.84352386168071,5.761637976339886,5.964966568350789,6.891315494871895,2.8834503927401123,2.9124553052442406
2098,4.362762792887435,2.903206994278092,6.0115335215415255,9.189788626134396,5.79506250854049,5.227222499863378,4.577556653959413,3.2655897872788597,2.8386084095042747,3.6178406066394255,-0.13615719931466158,3.9045256442257346,6.4428697951138,4.3875157843743064,5.23876799898488,4.635990349309783,4.564527510106562,4.790546755918435,3.6667718252965398,1.385732623508997,3.8710863709449774,5.656100768489497,5.817997926047867,6.8927011738930455,7.961425765923093,8.563616013101168,1.5471950003079002,6.550901123249374,8.249079265764777,3.230616143345834,8.207464449746269,7.997901096407861,3.6761283304010126,3.8062441280909916,0.4987663043396792,2.632162015712154,3.110819953254291,5.501098512964584,4.85309999021036,4.009446298118148,4.091298670428141,3.7925402409264035,4.185344689951412,3.8076099921550077,11.994379629407609,-1.7163527289139395,7.121393637039832,4.583713818926895,3.5073925185416446,3.0410551062652056,3.6369395549808217,3.14858660804374,5.446609722716469,6.4849472424813674,5.917703272588554,4.743619727183667,4.6262084450572685,0.3504464856215867,4.942446543808495,1.3128794491291054,3.8394690196428995,1.8745391202824444,1.9010254774774824,0.6575137819562646,1.4174309038690145,3.8211953414337967,4.536953071983797,5.216265002318794,8.86745998846101,4.4070016056299215,2.926713795321329,1.978898336631912,3.609537113494505,5.022290190309287,3.0389828504628666,3.0059732581887904,4.0784330184970585,4.091839095524379,7.658781320921019,4.377074318166291,5.490963882633618,3.310593668690748,4.5191486072327445,2.627016140946322,11.617796272890908,2.2229184821248045,2.934640889295511,4.865394286279171,2.7642693611127984,4.3290144361555605,5.358392133883069,4.164659227643693,5.268688900076916,6.1320523970893435,4.369843297771047,2.3530471231555574,6.6420733739222815,2.8471313412700363,5.796458914077709,4.971395440399648,6.849077017392434,4.390530487895015,2.88372080240931,3.877158240149063,2.8233138180204818,4.1555484473705295,2.4132337912917126,2.4308384425938145,3.5731896489858608,2.172688583391053,0.3341696350968303,4.6009617418050786,2.400868780591658,7.658693888357709,1.0302744980369305,-0.5891309350728984,8.478252754892623,7.007179283563581,6.715899203291966,6.540182263743401,3.538160701947554,3.3200068318418094,5.420656943959849,3.3149731046919317,4.7374358993422785,3.4091071175677436,3.96976016397987,4.2185201524091624,4.142207705123084,2.006858821532557,3.9188491609479708,6.604517109266346,4.604384040832517,2.0033585058791306,3.958216805862527,2.8727864472195512,2.8266366020909404,7.326744520664212,9.155483200294631,5.036375250560899,5.475759610533717,2.6479719293969004,2.62952721023134,5.077920093613547,3.5926443572555278,0.0893444987013935,5.812361067533492,2.4398209367479597,5.698990979364939,1.5983772291668816,0.9967077393084764,5.738034907675215,6.1427369290164515,3.3124029628932474,5.410157669442043,5.9396550770848995,2.9144058692002925,3.544652832938093,2.326455104138169,5.200783305508754,5.834189928589124,3.6147233035415396,4.67876022968974,5.124562988323824,6.070028428147947,2.7181343282972072,3.355516199980465
2099,7.498640445839351,6.205843806692531,9.150679183538472,12.522222689219884,9.307258653640748,9.312552478696615,8.047405205454142,6.340517032146455,6.1673351568835155,6.798940659420831,4.460485225490162,6.961724542719982,9.364400827458924,7.376850741463048,8.821402420316424,8.22111135380609,7.5670479242290805,7.595645498803684,6.881033749845148,4.973937020291176,7.328544591792994,8.229850809488978,9.433341867476704,9.700433595372097,11.100091731548313,12.001775649722134,4.544859160589324,9.601744309493476,11.26403556295804,6.35136043493237,11.382730054003853,11.249513625460008,7.137557809693472,6.990263044727699,4.830828130085553,6.254466241917443,6.133795748438153,9.014719745516777,7.8331845879554765,7.083491663209029,7.426469974326234,7.2854958305401425,7.37218625268766,6.799853212226714,15.265794876643596,1.5835310999836227,10.459952978749897,7.694648005281177,6.686068812544859,7.3114284383399175,7.320559483074717,7.337179718060153,8.992103874683384,10.305323266983036,8.693990345724988,8.079789498874119,7.801947945569246,4.697364775091404,8.536633629458292,4.345498222964158,7.193944108166864,4.95179568114025,5.244542645077621,4.270436292780297,5.584840654475346,7.114007676924983,7.6030432243432315,8.717933720776012,11.997602607309812,7.655475752694268,6.061108831635545,5.064976715190071,6.950260195348946,7.776396997911594,6.460291976162364,6.332467693303315,7.305280786539828,7.579452034831052,10.309237955297746,7.294407997812547,9.429253676959442,6.380532831805091,7.541455726964132,5.553299011928695,14.925838691847671,5.3758641013077275,6.165012088843753,7.869277708019529,6.068022056030379,7.228267254174819,8.037295045703646,7.411806403419803,8.927216396161489,9.07019582305636,7.862445255901132,5.5866619271093185,10.068436907444683,5.867507810677799,9.235694966997418,8.369215432022298,10.228192603588104,7.872006593112441,5.905922340069498,7.249413016584834,5.906801795533727,7.844260678014585,6.629845708182884,5.754007184505462,6.594483081144948,5.246851238182612,4.479050232975614,7.88430341609887,5.734039876929348,11.096894398331646,4.0698887513152195,3.399647772312167,11.781483148889876,10.585490969249179,9.330918551768574,9.962878544309312,7.383843437262944,6.468089198400932,8.91414112491267,7.374812482936042,7.896775218225756,6.647236199889867,7.083295245149307,7.442193560435307,7.308807659415262,5.6377422520225595,7.016436057431355,9.600078643219813,8.085883118425096,5.376921884502685,7.1870920710797845,6.455014472774099,5.9760817857725295,10.826880787951609,12.194323257889069,7.823523540156225,8.514724389144353,5.881425847947165,5.817107999111925,8.674889951944353,6.930755794899804,3.3398726716504576,9.356949711697448,5.7857604022536995,9.20814360209874,4.935903763026,4.786716822747677,8.478448113799093,9.535440719446965,6.853727848508529,8.68390957415104,8.987068594992161,6.364950570889883,6.59871710624014,5.379195593510353,8.741272360086446,9.178442020075659,7.317506583008383,8.0887567801135,8.38550645506808,9.923764256654044,5.614677528824127,6.8392652525433455
2100,7.872985050295081,6.427172119777448,8.602483716607091,11.287371541000905,8.31561113340514,7.615259357861109,6.962769378508844,6.104625660181042,6.446303817204067,6.414721371366509,4.2536162857498425,6.915371966468438,8.783029785539423,7.219899606917587,7.7718244092805095,7.099825622354234,7.487673574473182,7.576736405704703,6.817081545506204,5.09836804696492,6.243381530897955,8.835219149078647,8.209864791376251,9.149820866755077,9.969484040513638,11.101013177846156,4.341332481588637,8.955944319495137,10.030465994562423,6.25545620173216,10.155641778452056,10.397924531570501,6.1612297705241605,6.900629841004101,4.637189983736189,5.16105864218303,5.883708456903696,8.028234294695514,8.023761655922447,7.014936085391256,6.577684062506471,6.304318120011261,7.275814948656732,6.531453898123334,14.049273054940363,1.332045404533191,9.092860252090865,7.594945078236715,6.634807102488619,7.0857712483831845,6.168505135817191,7.14032413874354,7.921456528135711,8.773916018009183,8.188629148893853,7.90789982123034,7.290213253029758,4.537259102719165,7.384277957890713,4.072259164708003,6.271399750720176,4.635176896942516,5.487262142981805,4.441988116077017,5.4124701617019495,7.009451786082772,7.5336201697588,7.661983652625769,10.929461286749158,6.8288730308413506,5.854842359146905,4.843956957438159,6.776955753724489,7.8028974613973086,5.468214131465979,6.635322705762729,6.940166014007159,6.815265817833797,10.58356452754566,7.252331382249079,7.783658057664123,6.058699911500197,7.747105083721022,5.334268175704145,13.66600382668632,5.275802409908335,6.109947276966912,7.66604712115867,6.006314747141944,7.232521932039944,8.058379662462645,6.7152170174854895,7.8458764708467905,8.539580547170985,6.763511246442797,5.112169828465477,9.117869097845901,5.6427280785782,8.218942627457103,7.6554173122559295,9.098281429708006,6.775191775390081,5.6651007205247925,6.424182605158007,5.606258740595409,6.724568292551806,6.403865836986479,5.66592736627374,6.304751360522849,5.01481271056192,4.38396795370749,7.1498755800404785,6.004839021606107,9.708622496681556,3.863762983254025,3.232876475368226,10.495086714465701,9.094423177306139,8.875065680912563,9.018749972752166,6.208747225361212,6.345201468494322,7.74988108713712,7.165564988393871,7.321858828408377,5.928480175350392,6.737365193665029,7.705058668766703,7.229712166717011,5.515942434966566,6.87080437242985,9.01791828508888,7.022622597217562,5.623504346715554,7.5274833926132745,5.353995696561675,5.904713812151125,9.399591301221932,10.915609228610991,7.779191700049811,7.970869839617181,5.805223242512771,5.698229980628405,7.583606195077303,7.25209239625505,3.144033886412423,8.316040369442531,6.049058253903475,8.163017701144726,5.178556635550093,4.559973256502831,8.424989459344317,8.458016457302229,5.743213684471058,8.027931142811266,8.39980373995911,6.228002317888393,6.345133504377948,5.137695627340249,7.6333624707801,8.025914742584739,6.156068239467485,6.99631016509874,7.696490849980288,8.312038663827943,5.4488733032984396,7.282305754827599
