Year,1,2,3,4,5,6,7,8,9,10,11,12,13,14,15,16,17,18,19,20,21,22,23,24,25,26,27,28,29,30,31,32,33,34,35,36,37,38,39,40,41,42,43,44,45,46,47,48,49,50,51,52,53,54,55,56,57,58,59,60,61,62,63,64,65,66,67,68,69,70,71,72,73,74,75,76,77,78,79,80,81,82,83,84,85,86,87,88,89,90,91,92,93,94,95,96,97,98,99,100,101,102,103,104,105,106,107,108,109,110,111,112,113,114,115,116,117,118,119,120,121,122,123,124,125,126,127,128,129,130,131,132,133,134,135,136,137,138,139,140,141,142,143,144,145,146,147,148,149,150,151,152,153,154,155,156,157,158,159,160,161,162,163,164,165,166,167
2026,4.830909564906476,4.732455598896949,6.373849135470291,9.044025543834291,6.650958519942801,6.413091100110068,5.826377524897973,4.515080780304709,4.769416133776823,5.118406997222838,2.498406510800124,4.8728282495947735,6.090679952906891,5.00593095170013,6.168132856745147,5.990898842248938,4.911880125580681,4.906857643212225,4.839889961198486,3.4572436257169117,4.8740628750288275,4.9191834977667375,6.928702694588701,6.303565725491482,7.339262998823464,8.953062813857507,2.8852328972646104,6.614873995554862,7.632004556053416,4.559129975029622,8.187758217597827,8.10516037168945,4.651937395045212,4.861429164507266,3.1296757954586285,3.5487388744950294,4.5543866663657395,6.49318577657486,5.062595538794994,4.857440118774261,5.097642843515195,5.09375568158154,5.520100935779772,5.133702253987047,10.709971551237441,-0.31530733201010575,7.123682760729874,5.702588048474545,4.841533948121398,4.489620279649204,5.093736227730224,4.4253331751659015,6.661066288835014,7.591009294164595,5.560042735317662,5.081915261031224,5.51157087781306,2.9070651178601503,6.121563222901573,2.507120473246123,4.82169530579242,3.180663845277038,3.977088942096152,2.6915977094964734,4.041319108985621,5.396658398082544,4.752274713511096,6.315840351170506,7.7917146388569805,5.730049189822429,4.597545552613405,3.3831502790081096,4.822542978900258,4.945210121058187,3.9824564607878186,4.697058204625702,5.285435527820014,5.586425392021394,7.310026257716374,4.817249418846494,6.594843663789076,4.796617211195932,5.1014963131526425,3.9403137189560926,10.31864523682101,4.030707688424093,4.722724633034448,5.717982680890068,4.684444111225932,4.916172942210889,4.945649619439039,5.117441699037264,6.388656855657185,6.012180214555099,5.519213502006283,3.9869003511708345,7.128889712537153,4.174120496573117,6.852693798983915,6.191179122133502,7.174073778092856,5.154120036786232,4.345707546662667,4.763090161927818,4.542212768618404,5.43682133117369,3.9822182028458077,4.548185207977378,5.032512498377215,3.754538229056476,2.7866123242239498,5.6429623763622905,4.342002998764533,7.8148268343045855,2.3959716168585516,1.2950551008869864,8.670786554700344,7.136285833243663,5.79410648117934,7.17363503973546,4.895976132103083,4.731909856970969,6.328557044203425,4.568765196692327,5.464076558834525,4.306257304703368,5.234431079749406,5.497549857558879,5.336139337256042,4.202828233997369,5.187236551034808,6.9980523304949624,5.545177828905914,4.11218023531396,5.189944834416286,3.733399333111176,4.485690615621618,7.237590960644447,7.861364949301918,4.766443392839925,5.844580912384495,4.644693212776348,4.401268072683237,6.320036205495221,5.352164280311812,1.2638707967667735,6.932067043372781,4.500387967660513,6.753605211860147,3.5940602613163435,3.2689606637276487,5.017066080380101,6.960245414026852,4.181547598335255,5.984635444036846,5.897338750033545,4.927509318137993,4.937978781759737,3.6956840347627122,6.468243451532106,6.411500500707792,5.107177365699719,5.448722920027273,6.1330217585481455,6.857566383378259,3.051255453763341,4.4468155891217025
2027,3.3025813924855227,2.9881883736314463,4.586626210860138,7.594040608097764,5.185366446730387,4.039946207712435,4.310627009334235,2.7553903898545373,3.0077950468864945,3.4241311417828357,0.24532968769299698,3.3271262165287436,4.485304316826937,2.954715389051829,4.65585046557003,4.451753332183278,3.438887316091308,3.499951622866351,3.2519149014662068,1.5223548581887907,3.335411626379937,3.439394158792907,5.292916761566728,4.752443178332057,5.601982250552753,7.051899153096923,1.104566695104381,4.897741865463042,5.911345781694198,3.012008031220014,6.637261514262907,6.777194609801322,3.06565928048101,3.266870428133626,0.9866470838415172,1.8660534602300887,2.85779351252934,4.593674016795283,3.6195421737843545,3.3139410799947293,3.2949346885855864,3.541587303938539,3.875809818377783,3.4419985525310013,8.894055872127929,-2.3699425191714867,5.197209152938993,4.109596266250672,3.2449076165413016,2.390912971362984,3.5356166974223897,2.335292290189656,5.155396874608664,5.699508611626663,3.9923447333918585,3.305931194460598,3.7861193068453995,0.7254015048644645,4.001616846641592,0.708590896479013,3.0691169856180376,1.4036103332864844,2.199577614119082,0.7565067081615822,1.9814708019638863,3.7589438835094695,3.250086018366031,4.809418680339024,6.068601282120782,4.171408045394668,3.0261322912471034,1.6004112184946917,3.0703328535731518,3.6174931231372325,2.271813209714557,3.007731991980611,3.568188010024489,3.5699967274378093,4.417779769363077,3.3257646018574984,4.303399516590713,3.1175585788642555,3.5859871729566106,2.221584849822303,8.49029680367174,2.442593443624932,3.100012106628252,3.7268096069837435,3.0206316938174216,3.4979238264776504,3.651061264348442,3.2040483991390643,4.619211512392966,4.37390121710005,3.980049008953161,2.2774473212916235,5.727902770540192,2.4294371825867707,5.379965080269452,4.217980057771865,5.220637002446013,3.588476615476196,2.609038071385748,3.0360831060800035,2.888401419438168,3.8643105629960024,1.9062218570375244,2.865538308991055,3.362770964487876,1.9685235380612531,0.6289240878300162,3.738464555349842,2.5567277544017504,5.9495796295332495,0.5949592353968787,-0.7934856080803385,7.1239232140882285,5.092916950037513,4.338275482556943,5.776554043758021,3.291254421760298,3.12265971020378,4.364779023260904,2.580338864362446,3.640772716238581,2.4682063121220192,3.5178192540489355,3.8272680558007357,3.774616046969232,2.317763479426504,3.552248254354142,5.257720084314972,4.01267684944745,2.3596115285723345,3.5295153018729453,2.1034057243117004,2.907431114978827,5.241930092717041,6.249989790520791,3.367095979637115,4.143940277076485,3.00971095585104,2.8287046640340625,4.769911724431759,3.581194990699922,-0.6459879351073284,5.448511786823129,2.720456501404783,5.259051608194695,1.7885066111539978,1.267990537758533,3.725539297636216,5.458425172700965,2.553931414053356,4.152196377001962,4.1792666694984355,3.1870968930166357,3.2144339723544655,1.9763262688085939,4.936338543378072,4.859159322134381,3.498232255721912,3.8901262923047453,4.240201810824459,4.6044537206662115,1.3485593350026104,2.7561254322946325
2028,1.48070843666792,0.9411553839842485,2.805900612349312,4.94737111565968,3.042066944887241,2.0958502988020564,2.2724186827739086,0.5214829777677861,0.8786782739063104,1.2217949157425507,-3.06008375928893,1.5282315650954843,2.9080152191221713,0.8868298466006947,2.61747432971994,2.4150367729365825,1.7189362873633691,1.8694981572528702,1.435508365432419,-0.9240063751737275,1.2272410064935684,1.961254757704834,2.744875483711562,3.226550028147177,4.080322742462156,4.83253343490263,-1.2467490782340367,3.2084312009004248,4.401194883758822,1.2253050029277792,4.035903785626092,4.75234766734454,0.9143674219648015,1.4197665532429995,-2.0932471325000126,-0.5152267863353083,0.7740435351928082,2.461958403885365,1.921337355673313,1.5185114676753702,1.2787526508172378,1.4659394651651392,2.0092146145800753,1.327048087616761,6.344339098532992,-5.344140808035931,3.5325155536333734,2.2617873330910996,1.4043315803011254,-0.4093116017679366,1.5162226289510745,-0.43568417926629194,3.050050823390482,2.595147004226844,2.443779732430508,0.9157197766005998,2.002768204609554,-2.474093379080296,2.144672012329102,-1.6889467287808688,1.0053471406300867,-0.8020389351993801,0.053133618831634935,-1.820634898543357,-0.940643837365013,1.8866809169451397,1.5098779857158664,2.711362575242916,4.537332474874955,2.1240050278293565,1.145070610443751,-0.7254439011216165,1.1363651037216194,2.0606173619007078,0.03941982438166548,0.9606568618832786,1.7215825339158382,1.6605088889598847,2.6442443942030276,1.5796094303329804,2.4341567496458696,0.9876844448347878,1.7900201016416157,0.032177265174687796,5.907461068484311,0.622321049372355,1.2264664441347115,1.7947840496897702,1.1077195763587953,1.8136038914322867,2.1494141223840413,1.3029088020324673,2.4830380323032566,2.7460690464824453,1.889947510759035,0.20287971794605433,3.7099755037575965,0.22321356087922903,3.2847163572907436,2.3529928187529254,3.4539785100768006,1.4398536523183196,0.4304184553523837,1.0236342231432611,0.836491215725741,1.727955180406571,-0.9923714111248649,0.9460693736871079,1.251366846760113,-0.35458959688742653,-2.5770217401285973,1.9170037825902313,0.41838522156079505,4.268609303236008,-1.8697879810196634,-3.8548432574917855,4.371611588199934,3.382176037132737,2.89297320942084,3.7023902172843624,1.154873029390973,1.2628223756949108,2.4534570932388298,-0.1462257561584309,1.8220154305299132,0.48413555522760005,1.3643689026435217,1.8430024956353028,1.9684380893905973,-0.041802876504762575,1.5650667468706752,3.493758050103983,1.8931343118349737,0.26098950157562856,1.535813501477242,-0.2275083839893325,1.080975273251534,3.5645485458274657,4.9242556687754915,1.7386007592082002,2.4381844023863475,1.1205900222063079,1.0296682576338476,2.6648018851876256,1.4712421208620077,-3.364243913814426,3.309563906987507,0.5758796592553457,3.2328504733741283,-0.3961545467376704,-1.4913608839114503,2.2023020118474976,3.167182581871748,0.2773771390318863,2.3930123090744013,2.5278396755456956,1.2163034896055864,1.0933498993515987,-0.2808814153075229,2.8547522135078904,2.4881490908563135,1.379650108516216,1.6666656871636727,2.431138249238333,2.7265600020686787,-1.0153772061069795,0.7921375260998801
2029,4.921187091490322,4.806145055026845,5.788697675641241,7.583126301395485,6.0331629219240135,5.175684878281476,5.236332198926088,3.6271480376800094,4.871143445372583,4.273018514030965,1.5936386581702984,4.822078860011595,5.5800005977266816,3.8423671619645514,5.588720483432429,5.4140928151278676,4.88153872253566,4.832050293459205,4.824984359073228,3.271924119876248,4.267776201511253,4.91269499782858,5.830405287187671,5.804175629697997,6.500171363353729,7.715458896910324,1.94904105721748,6.051997738151717,6.680904742201856,4.531181160874408,6.654138972533161,7.515239332898937,4.006403458529507,4.843761152555721,2.263420283794402,2.8380777640589367,3.7899329847302927,5.4577004934645,5.063688596774793,4.832321804659119,4.447323743639323,4.4578770053540815,5.451993429455266,4.2810440330669834,8.690020825842334,-1.4207027991270167,6.10323570514548,5.577787095102774,4.791919365011416,3.7763181260048317,4.515155768600004,3.6933764870567565,6.045853838709924,5.686782461815865,5.067221808279387,4.3286198832351594,5.054294938671178,1.99488176174205,5.225491664276042,1.5795475194423374,4.177008980307087,2.3206839661659853,4.070378733606174,2.4588547034253367,3.205289271114199,5.391766029249493,4.699034818287555,5.703325278286282,6.87894449023337,5.066506886019791,4.243895852552919,2.4619664426507626,4.68437740669168,4.843252936570807,3.3059385506243566,4.798962686291157,5.0205147286941285,4.9593858616105475,5.216539645246389,4.765045313999568,5.378830747229272,3.9590894222131054,5.112467783406896,3.0523663208145546,8.328718493467775,3.9605405656941977,4.672008010333982,4.654252397603005,4.648857074179528,4.809743509724221,4.8465433443157835,4.472544028584299,5.528613413298694,5.495033361403079,4.916192501719143,3.211914361807805,6.538316853601354,3.2900512239028674,6.231624832441073,5.580202335941379,6.281443415659255,4.522272766342963,3.4765048402779053,4.138666178645765,3.789450844043288,4.824402159657972,3.2189865068388017,4.513299401721052,4.185222128598858,2.833516499091838,1.902192653686704,5.0454385642219215,4.447786322441596,6.78781261834605,1.4402937401760505,0.3601681962609314,7.084964172079646,6.042434081435205,5.33217253269435,6.567921201473682,4.293874262992676,4.5332495911881825,5.387408012652705,3.839703613185676,4.877939089105048,3.661896933255524,4.4116740251152695,5.555944737175413,5.326450791852232,3.6412595087212765,4.745996969013379,6.41593310442464,4.935888715859116,4.198888496078295,5.286640766365776,3.053708583630364,4.430243265911423,6.176139911130902,6.990365208993696,4.700905192514947,5.30894663979717,4.589942204669631,4.373985619573242,5.713489232392147,5.465663315535619,0.29343259745630845,6.311309281351241,4.600690595291812,6.1679310204846605,3.6719677033352447,2.3614907335361535,4.955955026478602,6.076980407895711,3.5095794226588843,5.4180199591250275,5.373436801456689,4.949589606759878,4.080229963553299,2.8017203900320746,5.868003542824038,5.399159208068559,4.50269368701968,4.709526793196287,5.537066957046246,5.675209192880275,2.1564567692834737,4.555483647204679
2030,0.9248355982889375,0.4162793077271565,2.436249036727282,4.826874009919643,3.005664511487402,1.0046864963811037,2.1419599444187924,0.5491449149518192,0.30337688532368645,1.2372014378679215,-2.765810148758364,1.1086383474798045,2.588694045255924,0.8748449076866263,2.508420541368682,2.3037522079358856,1.3710001483559593,1.4539891471122863,1.0219730313481943,-1.4871437595836061,1.083646348838149,1.530030158059349,2.636856965849113,2.918133581763712,3.3736404422028325,4.958624793666189,-1.2927441257854997,2.857132445378549,3.5582784299963492,0.8116931247300114,3.847843389058934,4.674699214254989,0.7899126975700785,1.0579361237328617,-1.7832310225429238,-0.6522673345973767,0.7575199121031267,2.45109587085658,1.4631121533698055,1.1342837206762408,0.9773931564955862,1.3594139542045278,1.5725693265939595,1.3226031504635658,5.969063249769909,-5.3948464758437265,2.570761137224479,1.878392486415547,0.9610138370430678,-0.1540771427339543,1.38277400259314,-0.20619109375723502,2.986454103270481,2.4149883955974003,2.1217153345973334,1.0012153677345252,1.6397474711311277,-2.1806736524248906,1.4440137158180106,-1.7360526251381871,0.7412087406706199,-0.8386810000600484,-0.6104106465033448,-2.36375215623913,-0.6284415845213264,1.498048491711761,1.1405514551262388,2.6379960508182165,3.780915538298675,2.0430454827588207,0.8935211701639788,-0.7274469260511696,0.7253332816321272,1.6408665912418505,-0.16458947699645574,0.4265160976812749,1.349095236124665,1.2491388210448702,2.529449715760763,1.1741031918289335,1.3721783346143273,0.9978250429548067,1.2877982392393315,0.005507531864888696,5.492612541332071,0.10293219829427565,0.7804206157552778,1.7877101075739197,0.6655310258783153,1.3824866742923343,1.7271953275234535,0.9026059983619336,2.4388167313460642,2.40921872828541,1.7640711891240095,0.13859107807792181,3.630000704128682,0.23007206310486283,3.236820938772173,1.9732026442371597,2.7736205476625235,1.3291786672740142,0.45032210288376506,0.7414141185581667,0.7932836577810097,1.6349166051067168,-0.7252879553827739,0.49017853572450665,1.2537492469980809,-0.3463249535396174,-2.403479417721773,1.5186456951858718,-0.20781291353291295,3.385266139075673,-1.9133318128256989,-3.678027415070046,4.222318793165274,2.4433108971550546,2.5868196353830126,3.6512564836904895,1.0396737990708187,0.936020817736099,1.8185736924923714,0.10140983747511151,1.4234876108580636,0.10270915243068297,1.3567974855159886,1.3040911647780198,1.5850201577975822,-0.1539383294253496,1.371379805022275,3.1657111177156696,1.7890874054925232,-0.3543078318752119,0.9603959128003675,-0.35695142324628476,0.6315245361163728,2.6320505203871916,4.10130017571922,1.3644032830308233,2.0914890493812224,0.659531101070602,0.5850893865371575,2.5695444453379177,0.9811596240655609,-3.3581982085417077,3.275784543297927,-0.03060544050972896,3.119697775563292,-1.121923785142854,-1.3393871979466796,1.8669116574114761,3.085745448953118,0.14137417900150975,2.0257873648199527,2.17856884230699,0.8296990918702087,1.1182488269847028,-0.30925445104467486,2.7731898872759815,2.3667367542612148,1.2633250137341423,1.5617763492567796,2.056313483365652,1.6862450139275886,-1.0504205894881287,0.2193981635159486
2031,2.5874476207998303,2.0570502678125075,3.6275467870692775,6.228782434144927,4.182565215846585,3.1764232928639844,3.2470733549060506,1.6332566329952471,2.1201138383355627,2.324336360690408,-1.4852980451481708,2.208755793435307,3.6167014957052355,1.8092114021680483,3.618305672859326,3.3976638473827245,2.362260992670882,2.5182221028311496,2.1086725405064133,0.45785142918085264,2.226991575853576,2.2575115029667985,4.01530369114259,3.9186768500969325,4.855205802054238,5.892572630967558,-0.04954499789866981,3.969690921106214,5.234886191399959,1.9016362182025257,5.317330812585764,5.818990294018699,1.9587014997056849,2.0903201933050983,-0.5840281970028217,0.6951998453908446,1.770161778120131,3.41689167968158,2.7694759564153064,2.1804783590908703,2.2431841880596917,2.4707460583283987,2.7129672960988396,2.318969419804112,7.7352259097428115,-3.7957604572433814,4.436421076028511,2.993055152995834,2.105539973696758,0.900639401427631,2.4738253744736585,0.8552657026669082,4.12489857704475,4.063138666594852,3.155175043510851,2.0487085751675327,2.801513061955057,-0.9223278670989224,3.082228190426172,-0.5026688190369777,2.013472918806402,0.20612229972050267,1.3111870625409594,-0.36322507088811173,0.48227446140913943,2.5677919788607255,2.173941432915884,3.7769383577397084,5.26267609681035,3.0975227060502992,1.966487572881684,0.4761860858777468,1.900427005831796,2.695255495543624,1.1455545288606979,2.162291291201937,2.477595911971454,2.5122248529103297,3.372228153949153,2.241212328060947,3.4730315629778263,2.025583454761013,2.708175843388869,1.0971420744177083,7.322941006771448,1.3734744155201422,1.9184528201304625,2.621939040078171,1.8156019734411408,2.4729202430502615,2.779472272216888,2.176977416564677,3.4811582190209402,3.4935342277207506,2.8910270071235167,1.1301927262082185,4.749810574512032,1.310438831304683,4.382461590628176,3.180285572363387,4.354045523908636,2.5073203488156723,1.5047109697399466,1.9950313961197599,1.8204984789521526,2.8075593210885246,0.3856457796846991,1.6568352174142296,2.278598309044952,0.8271914474055927,-0.9686438962817194,2.7505905833737607,1.6726842329291416,5.226974121327031,-0.5943772869891125,-2.333881875564311,5.703514831461782,4.320442635501768,3.559400963950261,4.797585039817052,2.1888402245681853,2.013384811323264,3.4228385491617797,1.1513283792240867,2.6631178763727172,1.4246906568376545,2.4277494786114526,2.9211600192116007,2.634943772235821,1.167083463535226,2.427912801150874,4.300365783402632,2.956558218290067,1.4906365430817508,2.7138084022906317,0.9618074500869073,1.7740710352001523,4.488086118523416,5.6223610572773834,2.3744783989828218,3.224801082918744,1.8144470568874789,1.7127049765710163,3.694536547722487,2.6964836683252758,-1.976503240137268,4.439586586993313,1.8255170599139978,4.224740427830418,0.8950142532522805,-0.10344753330894702,2.7954746710843064,4.354591825398902,1.4089526347815977,3.173881933606904,3.2591823264956488,1.9062372250803588,2.1329981262699307,0.8471675123377105,3.88388695079705,3.6731588877737518,2.399195438058211,2.7912606442796775,3.2459230371590317,3.75707379189031,0.1516987850953811,1.9831386394156458
2032,4.90871221323808,4.821791169792413,6.4674539654205265,9.445329202152786,6.9670630156993845,6.730348697925609,6.13130136318505,4.254324018955228,4.899450062215326,4.953864867488544,2.541154548525807,4.724904693663122,6.189098676790796,4.868085316816968,6.515296471491454,6.331280496157707,4.794924524923163,4.758391857799141,4.729433432097238,3.4997259063025346,5.181146408120793,4.7785809226334095,7.2868999983494485,6.393601620197294,7.529796828515827,9.180829596519475,2.532561024278403,6.718362605695925,7.860957088445621,4.450142965714136,8.512144792964683,8.399262021047376,4.893678963184357,4.748325817783676,3.253894814848901,3.856305781503517,4.373698531587922,6.713972022136054,5.033328570549685,4.746555804461239,5.263460395733521,5.319099435210229,5.402530719339848,4.909311183293663,11.033812922239303,-0.771799301107724,7.41085793164869,5.595285942032933,4.6894094912645725,4.653959531585376,5.430008669694264,4.571577136715253,6.979292721301319,7.955083804825943,5.6537645259561655,4.998602204397317,5.582566984494525,2.968808219830195,6.294481840015696,2.18820885643363,5.036876397331553,2.9359218637148556,4.078825836628676,2.691862278680007,4.170289128522075,5.264424639882053,4.613073859487971,6.627515510221325,8.007121858994166,5.88594440892339,4.460321568449337,3.0725116277734488,4.730918495853741,4.797315824280184,4.2498296499252275,4.811346257726352,5.260289855798087,5.67277436455091,7.043358296155928,4.68884815424681,6.880564622581008,4.579498375455539,5.09001130486528,3.651854779322942,10.67293318212032,3.892454101362577,4.580091357231138,5.551007151976227,4.538926675419007,4.757737481035294,4.789474064484242,5.210450391471387,6.6947748944163346,6.107294752184922,5.830764902134737,3.8758428595960135,7.450574870904288,3.9181009203195587,7.150576084852219,6.284467587868371,7.365918859342737,5.484863811731339,4.120369085669519,4.964893295367562,4.3598904058337205,5.801375848054888,4.104207498207687,4.403917375206947,4.803915909957141,3.466591172417009,2.813572798277407,5.734894371032717,4.456137483318645,8.094463264600687,2.0025491033991174,1.2074581177284327,9.05404567196965,7.393453191717468,5.898143538956841,7.484294912684709,5.2890783250331905,4.610508050272862,6.530980989026525,4.659074156731365,5.57009250919024,4.469516129295034,5.086481949252387,5.552549376835424,5.217688331256309,4.172411981225016,5.010771922518809,7.078998090870058,5.851393833756448,4.212165300548079,5.285757864390806,4.03076325446988,4.339030072589716,7.496575869185228,8.037193221847222,4.633380382011336,5.93986733953158,4.499506999055545,4.275275819003583,6.656428842494884,5.536784241348507,0.9152377060304098,7.253007355456552,4.620274908343947,7.073157984080413,3.6585796583133448,3.1918987145026545,4.893642385303975,7.262221007111176,4.4995654756824175,6.0867567742864255,6.02021565797429,4.800953802466395,4.7603088922798635,3.38501700957616,6.800084531058866,6.743374369541804,5.4692769298950825,5.774419213334718,6.219696266452471,7.1630006819963485,2.742114505171777,4.545984493692716
2033,3.737410140962438,3.405066737873029,4.676201023932164,6.717054136354348,5.01032723023974,4.147427452021634,4.256168397946346,2.7553490718890865,3.517441714375182,3.4000397858948532,0.12182100065823241,3.3800221786930624,4.585378845832472,2.991335852007414,4.648704977384926,4.424987348246164,3.5229959832183244,3.519902849248771,3.353729277849196,1.8624603455436664,3.2712084866803237,3.4457515910396306,4.831492168636158,4.842643010719069,5.68875576343773,6.811287748627366,1.034040162789409,4.992816376788861,5.900673458802293,3.0837397205418573,5.829687170363192,6.59212376703187,2.99952574331185,3.3849104971721253,0.8654672256831453,1.6945397350294817,2.905574790362655,4.529939406133933,3.813884208757625,3.398193240165711,3.271834294343817,3.498302822482996,3.992680262131935,3.474281033051426,7.872371994858159,-2.5490668775706458,5.218370399213045,4.184676729239009,3.3206092278505195,2.481442483848541,3.5126227428173213,2.4272522318722873,5.043570518236738,4.827298882449498,4.090367486507726,3.338236728169283,3.884851169997245,0.5852180729652317,4.145416232018634,0.655979633845131,3.0481765157189864,1.4905898048189175,2.701678835626304,1.026333072254885,1.8870192144451423,3.897230995112453,3.3285042427737137,4.704153983757416,6.021910430927732,4.175459887447028,3.0468378262273177,1.5260604753576485,3.222742896655508,3.591880239321494,2.144628975283483,3.5152454755814944,3.6980420063281887,3.7110590893646798,4.377445110665829,3.3631207898002238,4.4198580980300886,3.1341161769011925,3.8409295773197867,2.212397882008344,7.426557313265471,2.4638840088556533,3.176371603690345,3.8954172414438455,3.1199469561206854,3.4815539414512724,3.622594666121333,3.249003537256143,4.571403694563901,4.463423717638544,3.907413401480379,2.4059057225441127,5.625680136911826,2.4397487982079897,5.220456341217307,4.3810970803786935,5.289382672772329,3.5003676805002977,2.625231184836091,3.009143882784351,2.8902219040640476,3.8131008250960012,1.9069491883033318,2.9748468234621215,3.380077033207337,1.9234254519487246,0.47949207085988055,3.848178224316961,3.0650029037918505,5.923547045552527,0.4734886720262716,-0.9434766008936111,6.219105113361929,5.150435891259333,4.421737501333498,5.616746127958702,3.3127929198330817,3.215095655671481,4.372347304533266,2.618784432781154,3.724160822943365,2.4522848062474156,3.537845659872581,4.206243304343056,3.8742394663136577,2.4160154353955687,3.6020659670747563,5.331822828229133,3.9282276034355177,2.8581961639996254,4.003216594489741,1.929927210612543,2.9589385667751587,5.28464505192021,6.336649581918431,3.4116176912753753,4.238681333332226,3.0773353437925204,2.907774377485802,4.701866422747745,4.122420691724481,-0.7876433609374599,5.277330342551761,3.231960573972299,5.211654952438227,2.278975142487166,1.1756225346491254,3.7560997885362863,5.121043913323302,2.415757724437224,4.295855440970124,4.317650638649177,3.382296967095342,3.2703851050343995,1.9229241794553271,4.8614228236778025,4.45830335236829,3.48284215968231,3.7067747671028632,4.374070658765988,4.677240227830821,1.2543765026433742,3.283714172398221
2034,2.1056903631522763,1.7785443771502063,4.369509309851404,7.116998350183511,4.691000710530526,3.8965108497389456,4.0233146725543625,2.042750127099714,1.6074082183426839,2.7558727320925973,-1.2254669784471899,2.7266712116784078,4.331355169929309,2.381518494466258,4.354147518695942,4.15085305514392,2.826229827671219,2.9626175144623077,2.670844876560673,0.08079164266457907,3.055130623281003,2.792407324730324,4.813540606663144,4.5869885145702645,5.529320695798781,6.573490232743067,0.3435451943298855,4.6916010638955825,5.804468594876859,2.434630503877999,6.2214568932380105,6.360540724110566,2.730750581956116,2.631466500974937,-0.3866938034008296,1.4880329989667629,2.186683605457174,4.265235307405638,2.7932034291905072,2.722896523516753,2.964255035758533,3.1945312334031906,3.3016007552886837,2.7751750719958332,7.831926257445891,-3.373559107554372,5.092534203403467,3.5421952461374207,2.6165872596461193,1.171990504012652,3.251482949174683,1.1429148760849013,4.73316878690545,5.2425348244864365,3.8471236594486964,2.3894196091027102,3.5004871508170803,-0.7046215590731851,3.834718695456356,-0.05749603569635818,2.7562100239868825,0.7790861466321443,0.7836030742217764,-0.7589486446873914,0.6734162199086179,3.116957868224588,2.619855096114093,4.395639722717222,5.8914022393974275,3.7854146813524174,2.403883161472862,0.8265985849650618,2.461343942017392,3.096605407459467,1.9130291373565287,1.6523296185608578,3.096053183592602,3.3189531314218863,3.9087010245962865,2.754972511324388,4.200157024737065,2.444793823464166,2.6412245477068,1.5344462471789295,7.421932569608608,1.8137146368108943,2.4680350720882416,3.2514876327637987,2.3760817907750638,2.913418115212998,3.152779370642686,2.905863149412749,4.29895831798685,4.207880219251945,3.6700235334192888,1.7454864495787135,5.360040948437209,1.7277857776859737,4.91354137716879,4.000575130355771,5.0599998337505685,3.2192222152290664,1.908402816231909,2.7630744057482666,2.207396932973945,3.4984794402944654,0.6322543662169896,2.2202592605146916,2.687338477835576,1.1903089677979222,-0.8635040498499218,3.4987243187838604,1.1425318841276488,5.78454663989873,-0.23163005658264701,-2.0605743732303368,6.667006870025193,4.998312241815288,4.216443401986156,5.333440613900793,2.979798826678045,2.5302362121513187,4.167543535345588,1.3860875270489992,3.427832017684806,2.198113814767066,2.881652807881095,2.652768998310482,3.1723630520804185,1.2688473537564304,2.899109107281624,5.001197228400871,3.6474585800335357,0.971443525162235,2.2123413357305624,1.6910034448936087,2.290671142781604,5.1379460307030875,6.244973617991241,2.822614818040667,3.945414290602863,2.375301247526859,2.237747219872887,4.4077140083857635,2.1908713216925504,-1.6129086315631895,4.955747753253269,1.3084495820361983,4.958200387054539,0.3429017490867883,0.15945870866035733,3.196063072055354,4.994897440846624,2.171898007392884,3.9828623422774796,4.0574341174857365,2.492784424074762,2.526306798810074,1.2308040045458706,4.563965103621117,4.459973907290862,3.181428575310212,3.5075364272142275,4.013435718314401,4.48290366910655,0.5726797240304545,1.4702227984009129
2035,3.4411268295912896,3.2001450976421086,5.274704723008746,7.7506526616112925,5.36292852952691,5.117452560827652,4.639004206734486,2.7952327747540235,3.1500886804584836,3.4522486010502096,-0.07335541654249828,3.7324733384724302,5.137112035319722,3.211634492116242,4.988387902620538,4.771097622683339,3.799942936876723,3.881975114602463,3.680709194006587,1.6077774704016503,3.673640532226396,3.7704672944442974,5.476828689205236,5.366211905047813,6.398006931974966,7.5733232367141525,1.1727464784835964,5.5503854684788605,6.742730080824475,3.426177072627789,6.83074127506176,6.9929341501716955,3.3702552589620005,3.6626048616037297,0.7651431211109794,2.2151194358694153,2.9442631039639986,5.090366663555777,3.880589647025897,3.718580936563427,3.8470586081003297,3.82959603261331,4.328305475734944,3.464777045722665,9.527839374953302,-2.421786802082228,6.134974824071957,4.5294956881552935,3.6617181619693486,2.1805632869745146,3.8623525032709405,2.097533758087404,5.386634154245256,5.9006270915591035,4.649470892959628,3.188645344356014,4.427825695481794,0.46975861027322696,4.898433392931676,0.7327507169082242,3.5577296049430402,1.4604963197790342,2.351625284629648,0.7923035981326277,1.8129386012924145,4.173091765364694,3.6311293321436837,5.038787392289215,6.879876629288851,4.393212565232939,3.2845979209603926,1.6496446687599715,3.563846136475432,3.9646459149903275,2.691825894189292,3.142695336120909,4.103578571615549,4.336646192032717,5.13433049465048,3.727834011974007,5.36413213173891,3.1346954117561205,3.8225424325029387,2.2862183240980958,9.094143993510258,2.8708542873119494,3.524504925670295,3.9746013344104942,3.458333015281322,3.8485657634406274,4.002659097827717,3.923301847844289,5.05981533537651,5.0369708491810465,4.295866203462257,2.3728609670852787,6.012915371307011,2.489220024439797,5.559464682022046,4.96918230092731,6.0575128685811475,3.867721993347698,2.665765323772512,3.5914287649351975,2.9539419939291904,4.161816063626057,1.6554256883160818,3.316972839678155,3.3908300302152012,2.023056126103318,0.43676667069566794,4.4679492239294385,2.705259629621588,6.794910700670602,0.6107377235231747,-1.0123385122880841,7.284779554811021,6.056222733495566,4.9730424721050905,6.003554418602766,3.6440174271320473,3.4706129251882953,5.133491117378761,2.3659100393796786,4.3698610484857,3.1447703720166746,3.5755891815341765,4.019153578528046,4.184797105090372,2.4016090541564177,3.7700910369126954,5.887625184552424,4.284118877916503,2.513726471730605,3.6626389879604866,2.424237279542561,3.330042633131661,6.190431716113256,7.020221900387571,3.747204326157428,4.814452679506663,3.4407902688815684,3.2621783859513984,5.066942513631335,3.717384444935053,-0.715336392794189,5.633116468787197,2.871765791599095,5.578644339894427,1.943873003382108,1.18699673023717,4.061975657682995,5.640437091989759,2.870025767077663,4.881410130395971,4.9032996653856165,3.6141565305919454,3.247043663170188,2.021115397584849,5.210098347273362,5.094105850776723,3.8218845144428015,4.153466546458418,4.9574384545457715,5.661236951898399,1.3321974945479418,2.9225370377816002
2036,3.358164209375779,3.0938295853634674,4.886105050394933,6.859557758271697,5.203907787939532,4.436300960369407,4.264320487560084,2.9469114015499756,3.0886022032548968,3.6609851315617528,0.39834079593419874,3.478332709769408,4.762646303574245,3.2068328296144823,4.6310024447739115,4.441621463373304,3.5920154767731822,3.5857714923719572,3.4275868405898384,1.5361866295337687,3.2428850722809632,3.47427643931781,4.922760075827443,5.011972947915395,5.871846183141078,7.062175875902176,1.1188304476439916,5.212249632055564,6.174027330304186,3.160668953259785,5.865158056405681,6.651134518782295,2.9932077000538526,3.44013415699204,1.1831624190012622,1.6785093435396738,3.0818089366269628,4.6162790628771,3.6621139620741214,3.4761722805599353,3.407564037417371,3.5310465032855682,3.988739378439883,3.6546754010021707,8.694006649156412,-2.3847138529022542,5.4835389884809675,4.241195018449801,3.3978843153764773,2.6562630357841637,3.5309396218508513,2.604253019392492,5.201352970550454,4.700442800919217,4.218074514344335,3.457822197178999,4.0604005987445495,0.8670367240905773,4.374667070309325,0.7759350154548937,3.0647417217493094,1.5883483223617079,2.253285896778105,0.7733547097072001,2.1580534785985965,3.9248477943241613,3.377505500987172,4.8256559553245735,6.235476111061871,4.244178269927701,3.176484831670921,1.71511239099006,3.293416059017182,3.6526005804538704,2.193554592815542,3.087916451195878,3.7924657455955977,3.9393981496493007,4.685809142142535,3.469210582971574,4.68544293940067,3.3687338598072527,3.6437392863134552,2.2946237777670206,8.266355378118654,2.5161650632818557,3.2382183345655564,4.04021861180663,3.1889819342332544,3.554413444300494,3.6778870642185226,3.496841401110092,4.6435930038491895,4.643365562520919,3.9371779518822865,2.46647152484705,5.697321847081188,2.5917630719641833,5.424485718136806,4.615194186568261,5.5657852803667405,3.4911723022659635,2.814374739428358,3.1517093814909463,3.081899872422218,3.8767102743188535,2.1271113495031986,3.028353985918993,3.571961231219271,2.0983594472209623,0.6928409444789108,4.061696171636382,2.6205748876867196,6.20116561104854,0.6061943225562573,-0.6714340955019001,6.3156616260608045,5.433674764757355,4.530620107551416,5.765528514981271,3.3022899320969983,3.3006898785630887,4.558610642949739,2.7799341491734006,3.917133148511252,2.6227062435199837,3.7322895571744725,3.9007347958783285,3.928531419734159,2.4490968220867244,3.7224238919715074,5.538756270520387,3.9572373089691033,2.438646915182472,3.5857311495967843,1.917631694798667,3.038748294115068,5.569394439955554,6.455025950695077,3.4660117484629187,4.440635664761064,3.1278713678320247,2.9632223229855277,4.775769761701423,3.6933860203394326,-0.6140653103590019,5.513722499211626,2.799065193533898,5.226095769306025,1.8245974327398753,1.4093009297891221,3.8174532850583387,5.22227744422853,2.389132017145555,4.491586046417551,4.5020485096921545,3.384667371213437,3.4716858877489947,2.0547261656572453,4.993813986579574,4.449964029031495,3.492794572561984,3.686095618208247,4.591121466768286,4.982449271902444,1.4289731531093492,2.8502714574337005
2037,1.4879627577189742,1.164078700131382,3.213171362363061,5.274200702535692,3.8708876278893722,1.6676167732682727,2.98238109651118,1.3952245473347842,0.9374975179289934,2.0353705058323905,-2.515936397674399,2.233510090359324,3.270107884923447,1.3963336488874316,3.316839898197816,3.1259495355188833,2.38501017656306,2.49095911121574,2.147125533171773,-0.999890181525003,1.9649896750483526,2.019259134757107,3.3366846036294415,3.580501757305246,3.9102713514504774,5.414426565298746,-0.2759260957867931,3.551570107967688,4.0956498142653,1.923228665158667,4.281990645621936,5.529995080212071,1.6774167549507386,2.1357666433885183,-1.4919808234634078,0.41278521742286195,1.5836150574273062,3.003039491073837,2.2778769287055938,2.2128378538222133,1.8584516711276153,2.2043589880240364,2.6740330817370594,2.0806049581231734,6.650404189167355,-4.253987091352583,3.1528653804983557,2.907750607564533,2.1322453381686404,0.019544319859865947,2.2098417230721172,-0.05616758686715144,3.8429013328819392,2.810740677254468,2.79287781592073,1.4386746160172186,2.4554134299015167,-1.8710684274034275,2.1688229708835975,-0.8157776614715324,1.6588458340486583,-0.05909632094975133,0.04522623892488218,-1.8034093945190814,-0.3375054533946641,2.591944003927294,2.187091458203465,3.4991771689262903,4.277796205647034,2.83511900773336,1.8592940281177381,0.24646616842726193,1.7966837554142383,2.6454213851227846,0.8362306606923717,1.0554225201365244,2.2849218128570175,2.082264258943759,2.352156760460087,2.2442302631920796,2.0127211608763407,1.7617028250262639,2.075423359870911,0.8843902855597696,6.248816798730145,1.2767665997661397,1.9569223072411943,2.250803396105766,1.8698099127103556,2.4485732817958135,2.7082375521803717,1.7625683073339795,3.1041555340433944,3.1172331882124373,2.63082878368682,0.8742053716860968,4.467760374705338,1.1036030609032188,4.089085329195551,2.7631484516735743,3.3960154973741217,2.239472540288137,1.3067711463262301,1.638266173030796,1.619210323896901,2.512816414750856,-0.5375182674876583,1.7153053848907829,2.0305429820356706,0.6035478937214799,-2.02710085644804,2.3275753177445506,0.39712058161867,3.987413799582885,-0.8849756689421054,-3.1370859770425406,4.647140601071823,2.9948134599895857,3.2197685431817487,4.508502610926999,1.8880517296262205,1.9841642708613967,2.5302434004843226,0.28273844410633087,2.245155145382059,1.0243893060190934,2.158426741587704,2.0257251334601416,2.654207639653106,0.49947734228495816,2.3278504422512567,3.9071248733149533,2.684763567586396,0.30462391212068957,1.5623600482940674,0.6865061120740301,1.798625257765422,3.186956831928471,4.584040410688212,2.3621534626160225,2.822233303096785,1.8559783152465155,1.7377449644022964,3.422023263984716,1.5877640057226703,-2.456160845427681,4.137893144426679,0.624305617578071,3.9419154522234026,-0.48535630209692365,-0.7000472946413644,2.793733232365601,3.847841237382644,1.1415253523094895,2.784190907432087,2.8850277323147355,1.966126855077415,1.8964306739126808,0.6050835605068466,3.6172945410783943,3.0809904318784582,2.1124980511336506,2.427031479197843,2.8383762343176495,2.300859028923103,-0.18483531397992167,0.8236931304222552
2038,4.080586672343057,4.045531635140555,6.424742887760032,8.54917857050896,6.4652676965142115,6.135817845576799,5.738582013913526,3.926204457879067,3.926392939070177,4.646637237277523,1.8242732540800632,4.78359679723608,6.151003512072154,4.444445576133398,6.1428249026167006,5.953791974947371,4.85955172777176,4.784087721290517,4.801624217937736,2.562171761669093,4.7318615748964525,4.63104034517089,6.605587691068651,6.339459939763467,7.203089912903727,8.482788145349458,2.193086373138014,6.662453151211654,7.337592571716886,4.520322110118534,7.645633768418737,7.897704386055984,4.450356481404138,4.832848673750611,2.344824975420688,3.2795065550197817,4.088584596933477,6.229873389519491,4.656546702030403,4.811713331732259,5.017156546999672,4.955967083059506,5.480939327385916,4.604630544781684,9.914468214172741,-1.056489590940807,6.857551578560781,5.63895930960004,4.742234119663718,4.042523124094664,5.062328199888099,3.9745948843914922,6.517249590107083,7.055356047148336,5.631156893832413,4.619037777185438,5.614809611234172,2.1476119695038656,6.021250153923864,1.8700986491708946,4.700527449620184,2.6940970274394958,3.1086887204698432,1.7405757208451131,3.2619827893273574,5.382408780270611,4.6857001976720225,6.1381765085047695,7.534261130567257,5.501737372500118,4.368897820855007,2.717790651167259,4.857339723742215,4.7976377174772065,3.767371933521895,3.8834737580398024,5.340639505149991,5.66033304868073,6.648407383918252,4.736852119451966,6.302262914848747,4.315732346526505,4.607526172594779,3.3374425765319673,9.525390304625036,3.878966589297715,4.625313351123498,5.272809322538048,4.601078613950261,4.777645544759156,4.79081073660275,5.114598579447846,6.242724832789653,6.074625233509417,5.378638683336565,3.6691801801709265,7.00275930415454,3.592385839285522,6.659197394993027,6.28717392695875,7.046776978620168,4.94687917597335,3.792485324473219,4.722237048477957,4.082431444448646,5.329380052870716,3.4836183488368992,4.458208379046673,4.5149338584521725,3.0811382409050707,1.8620998963456743,5.691543987663141,3.4798600979406262,7.530775865604138,1.6779989867374805,0.5428221413929932,8.121607344212203,6.881158176681095,5.8472362304555965,6.98797432847064,4.8887649552639685,4.603931104314739,6.147528168456306,4.086287051439286,5.518674496946667,4.263928961651077,4.756303302686792,4.831700511790555,5.2994037249992605,3.5152492119834338,4.9013599758518165,7.026912794930154,5.346221107218803,3.2614290432940267,4.381741330220268,3.4746030440618285,4.389393382545176,6.972843653169171,7.643051525128298,4.664636349241281,5.948817829505127,4.538590009356367,4.349025595371192,6.249891109379201,4.509034241453328,0.5721249145391439,6.7505693363090025,3.6423756487924486,6.703411826446398,2.7009161888734163,2.471989725170464,4.917215584207259,6.66145666226231,3.9349808708347145,6.077609482895712,6.005815916148755,4.947602923574121,4.448770926430307,3.089661940932274,6.3320534861293405,6.076255700197714,5.088339415089839,5.209374078645794,6.190538956173539,6.582652491742165,2.49857475248904,3.647514966027492
2039,4.468904445397444,4.382310642411226,6.2880823680296025,9.088606910458925,6.942001693079185,6.186902250195371,6.334185002692818,4.535551294042119,4.347793384166116,5.246964695574389,2.3001283879937797,4.719318315129862,6.038243882036926,5.17260632150132,6.68313681000266,6.52516503092544,4.814045184902075,4.726973308571455,4.749292928083188,3.007464864130681,5.371034881935038,4.702855383784605,7.18022679370539,6.228199595007402,7.19457746656804,9.083800750302858,2.799194628051644,6.530127195962546,7.341301534710257,4.470635524340745,8.194593116127214,8.377006914338166,5.078749008476734,4.794741961382458,2.85346684669112,3.9292939472301263,4.537093310520567,6.939820133406541,4.811279024543436,4.7651780037016715,5.139984034258743,5.566512630417428,5.453156932931522,5.2213579695671815,9.733397103589157,-0.3031282157733525,6.9043046201996745,5.610374374636289,4.694076180458068,4.5630082274819275,5.662226773541547,4.469239995397371,7.030052994345796,7.727541085718006,5.545369962166095,5.190183975059416,5.475762318049012,2.6256245059956784,5.961326040327548,2.572865588911653,4.962815200331911,3.4558575410267416,3.522602968463872,2.1850083400013633,3.7735367733342886,5.345023229075922,4.637132467380884,6.663650571529205,7.512043429602841,6.123465293954163,4.545023102441735,3.2683886525959815,4.778215365163209,4.742490387489569,4.223400556835637,4.314148627928104,5.247857081992875,5.553047811419801,7.015854440886403,4.670914407048758,6.3494659500389234,4.935372147837588,4.807201817117893,3.9272625107189705,9.395442449002015,3.8433371425188825,4.593606965552115,5.993446103714663,4.572004584916703,4.711193120171284,4.736995791052951,4.956198095247661,6.8760721655241355,5.957596912209332,5.99682697910687,4.378797564527079,7.484801472517951,4.1482703094852384,7.126964578983082,6.185668723079663,6.983499791087775,5.52361754302321,4.312897363613392,4.863312259316447,4.53239055337577,5.894402385785665,3.9742016081923017,4.436173848037062,5.115963782215945,3.627598266149391,2.448347403892669,5.530561942478706,3.912227087236685,7.54110559153145,2.2896153513213706,1.0950631481306268,8.703100334981396,6.892603399424721,5.77465660253475,7.472284389210161,5.465211807653824,4.664245488443251,6.1858377544016685,4.5951809546557,5.379806437722313,4.245683162344687,5.321258135910691,5.151198223747059,5.238844465592808,3.9591781841269844,5.132311588988223,6.8638211894651935,5.919396422546486,3.669824066090175,4.797580666840074,4.100925922393801,4.341479458541062,6.96914225566233,7.689786891485084,4.615638283819985,5.815550281569873,4.511217339253371,4.3067289346764825,6.787824328603414,4.946092948317528,1.19784839888071,7.237139766072405,4.066398215191116,7.255565299556175,3.1012871244858085,3.0150697136233573,4.87216954241539,7.1666413872534855,4.564690214228527,5.9734711733100765,5.905493390971218,4.937749950536367,4.94378369894473,3.7049895447903656,6.887640097531781,6.647722804854655,5.655135089981147,5.784103029632358,6.0765038052140286,6.617849104363348,3.1595655900651014,4.065568472290862
2040,4.608197816212969,4.720414551099142,7.826333201676607,9.791942990819615,7.711803065240387,7.808074475328129,6.875918750713267,4.992136511206626,4.509881684867048,5.652102953692279,2.6174008508523325,5.752140445510551,7.402823936070004,5.331581892073157,7.253252840166291,7.088527383903665,5.803434907396638,5.652753417690594,5.8134451180696525,3.2531280395885345,5.926842346787455,5.249752445767322,7.952967237432799,7.544523446510237,8.477033359867837,9.529935296205801,3.270618670185407,8.00037869041165,8.62774767560574,5.49544232885043,8.925296872357526,9.033358920613926,5.637906871736048,5.856982320547106,3.1909334952011705,4.6170699027677395,5.082724328339101,7.298158828665814,5.351390700290604,5.789469105005267,6.433425925672058,6.069020636379719,6.538840063412985,5.596268884278833,11.56661605437597,0.19247188568115411,8.287787061557177,6.7021364845335505,5.762203565239906,4.657917637377977,6.20591671913862,4.5380546517670135,7.711083437254037,8.53768510818481,6.852627202123409,5.354193648944299,6.904767347375554,2.9657375060021836,7.5785870255902426,2.9526957752803975,6.097263683875401,3.6820862611134824,3.69955666648845,2.4320827997444807,4.110193717231353,6.425735936562219,5.634344046314562,7.362905146181585,8.831361917157965,6.593087377150857,5.3266246457894635,3.790014759575329,6.007946686695019,5.635565817014627,5.14445301753779,4.460978554437557,6.54214479426543,7.190980971852935,6.928372582048181,5.659808804094796,7.944682397879658,5.2759292393922825,5.30595923314492,4.353319202115139,11.149724972248073,4.831953833159061,5.681070340673126,6.111782700816792,5.679286482433478,5.690710860490806,5.585638971875112,6.5977667381366105,7.337857924525935,7.351856621478989,6.579346480965611,4.622805008230108,8.104128230611488,4.627117939790089,7.855726132541893,7.792780970533693,8.49606958447645,6.220452946424488,4.81073348174493,6.071851393580436,5.07927051285903,6.530388941367466,4.0952359437942505,5.550602298726634,5.485021543502808,4.173459377636514,2.7629024159784117,7.160455306743585,4.067124626909692,8.895091981130342,2.7754870022336604,1.4449070462957034,9.406787865360577,8.339070831735928,6.992027432471517,8.138375907142954,6.071934084221719,5.59947503081834,7.646917870640755,4.697325481652907,6.952684309333563,5.715438881019755,5.785849867419651,5.487712679803372,6.306758377949397,4.384425613284112,5.912506648153067,8.381814409792423,6.593395146727563,3.8423395387828316,4.939342931906381,4.7957022622227665,5.40197329223156,8.405373886972665,8.851364705835783,5.532238583204645,7.265106821060183,5.604487503568332,5.344908143083256,7.409233537440502,5.068232232704758,1.6259971971313179,7.97949696431557,4.2303333957990015,7.812964658935866,3.2929765363534336,3.4574224531650586,5.735040926995377,7.887484413385391,5.252467621862888,7.489191745035347,7.34250849460562,6.063864161943398,5.439486279586949,4.1209171216624485,7.539843737582363,7.345047470430537,6.258469208578271,6.471039180954299,7.6391982669631675,8.197953604658448,3.4992564206322054,4.218800198535126
2041,4.05949462847463,3.78494583189905,5.5540116031108235,8.16930028590663,6.244114615280053,5.250767383595994,5.231512617962112,3.4628408841531853,3.8265162785376967,4.130559146340037,1.2045278852355914,4.002838406615473,5.323748154886838,3.6490294351403048,5.615144397678049,5.4249457193153185,4.136977982097144,4.129618647797353,3.971332545938162,2.4139682824787654,4.238459153678912,3.789855501261252,6.203477227225388,5.558680170954301,6.432612159128847,8.050611929646854,1.7892322196657273,5.793339553706602,6.7337219376630815,3.705282146335934,7.259234732338074,7.66738973814866,3.9604126821304235,3.989118738677994,1.9688030077979477,2.8938757834699107,3.584413596268357,5.565231381947627,4.315744135528804,3.993201084049613,4.319834066238776,4.427103475378505,4.592766092793115,4.060662409354902,9.887363738027116,-1.6118460128019598,6.1360494607481435,4.824713452976067,3.966009972103195,3.262684285126884,4.506874940358104,3.12896836086594,6.191359510982471,6.397303434923803,4.822427028661657,3.9424474855949128,4.706334989389468,1.6832546224368021,5.092814490456005,1.354970389399037,4.083858217658665,2.0031398843074686,3.017689145523411,1.6517081836174272,2.9337653489462294,4.492467130951839,3.9788707258372478,5.826893775113694,6.831566389473478,4.985912093186173,3.7294001180421725,2.356269345458214,3.9341881141580366,4.237325323392348,3.2845271095103605,3.8097455265835447,4.428336883284927,4.660041711389505,5.170868591501793,3.9729733844769397,5.435213364789203,3.7656927661135287,4.299226813339466,2.8520573860933554,9.547794707890215,3.152872642566416,3.812917637927778,4.3851114488367395,3.76429811158571,4.143704019229989,4.256264984864613,4.238436759545885,5.633421985753651,5.245908047618535,4.916056363233204,2.9119887360339525,6.638846194692729,3.125201547068768,6.409156472004695,5.26766689468561,6.1989792369562995,4.583498694002629,3.3243515034174105,4.019541208857097,3.6172003984965118,4.911406876968929,2.757186775465078,3.6156591476936817,4.003201746735079,2.720110904810759,1.6138589157048475,4.767872280344883,3.3780634904216074,6.894617287233343,1.3027648961749565,0.0700893178582175,7.712602344566374,6.0864472176622755,5.10824123240108,6.738212869085118,4.3201652513495805,3.8536247093358957,5.360465480335822,3.4086710295543603,4.627443870497415,3.480466669489597,4.252102121196947,4.595687763187393,4.478596993954851,3.1818069247850045,4.259187833630834,6.196008637419035,4.994764622429321,3.175736876011922,4.320549712998087,3.1178893374985694,3.604383288786331,6.216340295713521,6.981900642144269,4.004037650237822,5.06069980959954,3.718035059242413,3.5268496405975567,5.775031623912267,4.389565126520806,0.0687568100361989,6.522729182479389,3.5450660766038156,6.198104132095287,2.61930441059943,2.1433454658193836,4.345526873423108,6.356318302195651,3.5580740838215266,5.120211251465409,5.083279978355459,3.9690094616039304,3.9560134333783177,2.634601234426274,5.9486620590604575,5.692234886874414,4.527937969642467,4.838499672453985,5.255630712442357,5.727973924628622,1.9452750787524307,3.60337748311476
2042,5.936508559204382,6.189528960477691,8.013239184779856,10.141695792818895,8.205698239649164,8.320302006242606,7.527492647589148,6.3179326859013765,6.134334675967692,6.937031162196195,5.358618527650831,6.638218645263339,7.609173146108613,6.845186528717651,7.898874485158717,7.70487303322117,6.5835985595296185,6.457064456665682,6.682780401973891,5.1803804420191675,6.625539962459228,6.374145935835508,8.413365980417563,7.744047133797974,8.858284247846443,10.32274359413262,4.718743361404228,8.204424067304053,9.08556492029336,6.36024115876905,9.264649689711373,9.616705388858396,6.424396550776597,6.725420306468828,5.784835639184917,5.406178973872087,6.328952352291548,8.12393405455454,6.377347782896515,6.684573410014653,6.812176735236727,6.8311918973922765,7.378235823892318,6.932247230526185,11.21240663117376,1.9886061107290212,8.799532029135477,7.477282764068965,6.635201254217275,7.117812754779028,6.81546374487466,7.045812655497216,8.269308026944255,8.830011922255931,7.051854526881003,7.218702578162455,7.190813180701485,5.6266301803547725,7.899838505120119,4.467682719230653,6.558904059809343,5.184486604970079,5.334286234502138,4.435536897580688,6.565174480322106,7.26845038476689,6.3836784077615585,7.917999092104103,9.188025253600088,7.449432120240967,6.303106981747113,5.189197039809721,6.689549835848402,6.383672507198788,5.790790202288797,5.989783827761383,7.057387610961655,7.390801802791392,9.044705383736511,6.563064964873525,8.437552023036726,6.6154756068155685,6.449243754341172,5.72276900824288,10.850332852067618,5.727230025262669,6.580673780420727,7.554664703278707,6.586141295859528,6.497525954297906,6.304046173547878,6.835832200173676,8.069145982635437,7.5660532278546615,7.241530705628721,5.93842014535491,8.726790368556971,5.972864865485964,8.362368784668245,7.982021974078548,8.866759040232369,6.850702665232377,6.140468716621401,6.503702274684248,6.260925694272435,7.154110209695225,6.60533682494083,6.4632042384353205,6.786048594733766,5.575679853815454,5.423424490566912,7.351693007452734,5.710674034367344,9.37569905451403,4.271225339893636,3.8391734402755238,9.778465876291538,8.827300970924309,7.197650071875802,8.725905014587372,6.723177396017933,6.536517128605267,7.990544503618935,7.036622558110234,7.165654780278945,6.085620926628852,7.031618535518649,6.880543709572016,7.130412470581461,6.103280772551379,6.971324408362654,8.57705807146327,7.205123674252939,5.42379013423262,6.434063500114556,5.542238082608273,6.27168241245993,8.901137608472773,9.218860075391571,6.32063344840346,7.446153246572818,6.518118404622737,6.193661708055577,8.0267970616576,6.716093984657319,3.405972293610203,8.487464591892882,5.8705598360634035,8.447270247571437,4.954120847685586,5.544285504211638,6.424591457214331,8.381751938305534,5.9775319924770765,7.703013300863577,7.557497736736966,6.933430757502031,6.71767237474179,5.496437896942268,8.134519956106768,7.851889138431126,6.900132057481797,7.07527595051918,7.83169603501928,8.730285799901544,4.973843576579258,5.664767272738287
2043,3.5702417539111515,3.2002026410452236,5.051835668562303,7.425993177140581,5.246078456013369,4.732848633723017,4.3570330655523435,2.719153129977399,3.2680530988707632,3.3485870697888855,0.7470567465342326,3.2925954657638923,4.886611936678142,3.08905738784835,4.720350043270095,4.517488429965131,3.410486701490551,3.499937405360156,3.23906015039518,1.859959336961137,3.395013080203329,3.7873146641871025,5.260840135915528,5.146870898789372,6.094715709316325,7.301544174327161,1.1291338091009644,5.314697158362331,6.407490801194617,2.999920239736296,6.565722798864392,6.882149463069848,3.1199530866639353,3.227680566596221,1.478704122376854,1.9505698226135373,2.8298971642707955,4.806513747521517,3.75754597834472,3.2737756826240454,3.66103804830847,3.5807609732808734,3.876494719092895,3.3703217375381227,9.006081515345079,-2.381010797484937,5.782353106243861,4.117899696503217,3.2371154859148215,2.889211867646925,3.6104057467189357,2.7926718107392556,5.189123827956041,5.559413709517181,4.421926301101158,3.511066879434832,4.158037454018305,1.2387334894517366,4.593164592467506,0.6956774458802975,3.3698863114776287,1.3414846396651752,2.4553487614311034,1.0692203759761705,2.4884546382416914,3.7237821976686343,3.247654667894905,4.84754663397526,6.5771825406058095,4.17793007721675,3.028968813090488,1.6143012036537312,3.177498044638796,3.6390114974557686,2.4632962855414076,3.2678009487431643,3.7798887732727766,4.093146209572924,5.178494573024837,3.281489802588676,4.96695516065791,3.038508682030028,3.7358175510990206,2.214047264436196,8.606085343607532,2.5008233153614516,3.0947995902006977,3.7953612588602947,3.0097407498236355,3.494275767227699,3.683184363943492,3.696390303044482,4.761318523950618,4.797200673119294,4.026976977442872,2.2182885192591586,5.79378199782865,2.4144210577781866,5.405756318877486,4.716663265022742,5.74490147822633,3.6687575974341113,2.600518119874699,3.352392229540593,2.888303692227808,3.9250745763038735,2.381535887075906,2.8672344026894403,3.296939182641176,1.9928211343699478,1.1693462454553298,4.251162820848925,2.814813767848858,6.453828782870854,0.6122066974639905,-0.4833725920782006,6.97409216854079,5.6866235840937165,4.7452537317214345,5.8256542130277085,3.3557728390241466,3.120892506349702,4.842381289935317,3.062544587357294,4.128509674092818,2.9058354421165484,3.466239613962582,4.032316869831291,3.7372224752245273,2.6109419534211677,3.5167438431546616,5.684448705664996,4.0744382849541205,2.615697972733399,3.7999692300398804,2.185021517605617,2.904851349006441,5.8232534702582255,6.72926939432991,3.354319829879139,4.581030462579483,3.0029222216810405,2.8392080618389706,4.823485470794397,3.83352978681696,-0.5824686895156749,5.484233614057304,2.98631330072109,5.323930433212683,2.0387594900254564,1.5795635300977466,3.7114117906011406,5.45262276997854,2.640362383348162,4.613122528611586,4.630909132161017,3.1594193546936427,3.1795830712493105,1.953850507736206,4.9702203091362405,4.852491308902872,3.566042122142071,3.9467780989562624,4.72469938263811,5.2653490582416795,1.3009729996837418,3.05611547879104
2044,4.92907579669263,4.919551375508307,5.972686687298119,8.436814351690312,6.118331089864174,5.542228566606838,5.351864258262022,4.505117399742207,4.941434436167276,5.0524477615952526,3.7243683478174088,5.053766268615927,5.754111259678998,5.072966476961548,5.695067688574395,5.50715114971002,5.039449245699995,5.040118915028869,5.047181374455495,3.830571332325535,4.4179097964777645,5.18850752239426,6.306787988543509,5.957078193624813,6.793242383003236,8.433627740045392,2.9068065817157427,6.2094825457781555,7.006348286572997,4.770420303506156,7.5402575008571135,7.666899582433207,4.243735159064331,5.053056253089257,4.283669855197272,3.0622695381442706,4.554075765175128,6.047436871627965,5.187570294241112,5.065082115059097,4.644945690035817,4.69191270843148,5.690356153746446,5.121527426596734,9.084766747554145,-0.25005575915177414,6.447396799921989,5.812612357238929,5.004759086947889,5.684211924330644,4.605666320770975,5.649081926544508,6.1449934023122035,6.789457369595765,5.251233444673323,5.683323011174796,5.235375832269589,4.058917533482119,5.485243111973009,2.550941273135445,4.374603740125896,3.2296518065035325,4.142216533360381,3.044740944790343,5.141220960269369,5.58410608265549,4.8638623602688345,5.799530062203603,7.17467022535081,5.406589346371279,4.705237392584479,3.3929659741620215,4.806207487483821,5.031297250837083,3.527449333916109,4.840166425953311,5.187929836908979,5.131067688390615,7.665153489145454,5.013446052682897,5.759656668454411,4.813440190752349,5.234564390778541,3.9505328712364034,8.71324183990558,4.21645355715106,4.911800476908682,5.774492069830497,4.8729870036244405,5.021806131318831,5.019766090065243,4.66620456626018,5.881483318159979,5.676893379042549,5.042253632408878,3.951098494231705,6.672288760542869,4.170974937826397,6.309221369028088,5.741913945227863,6.556674168507256,4.673832344512147,4.33190996448199,4.35368561471502,4.5409914022932485,4.9296877650156,5.161117073521016,4.7529039261241754,5.0317119700213295,3.7435572545354594,3.818353937286885,5.220893703897796,4.5052567757666155,7.1177776664495465,2.418454388280709,2.1174249202886126,8.019010823716721,6.392851494004332,5.525703238820035,6.689797025173901,4.394778841237231,4.891013825250172,5.7292143752177545,5.658767034113405,5.084622799108429,3.9176205066343153,5.151604587460559,5.662781547444562,5.526795109361407,4.634037301937742,5.284373635053635,6.581983327865599,5.052664330896613,4.254838708570849,5.33711024308577,3.2566229348381373,4.673250907349087,6.503932183868405,7.29782849789287,4.903842373689015,5.477609295522171,4.858632310976585,4.6155469545473675,5.814761761451758,5.543686783810455,1.4869250431656833,6.394086784124373,4.670124851415548,6.289049114317943,3.7277035807569785,3.9184530531366684,5.113146920665169,6.389330188930035,3.709107714906956,5.5987417809665185,5.563941675052047,5.147988323122266,4.913638768469297,3.716881306841972,5.959152539695308,5.857053783039253,4.604302006463212,4.947959786653518,5.703762745112182,6.037597919752201,3.091260112077,4.543963294103742
2045,6.291650083558312,6.4970976705181185,7.895047923935383,10.161738402499212,8.3477768661647,8.288796517098772,7.529012420953351,6.129222274854266,6.5526498036523275,6.751429642068928,5.0232581080033825,6.435600629814997,7.467396098991923,6.603929057331951,8.001512726576163,7.8096075057341166,6.477547840568523,6.2548770308494595,6.534851349890237,5.332452806547798,6.571052767079453,6.293350665155668,8.530627236284058,7.6099265174105275,8.72154530792915,10.198171847226934,4.471645511847375,8.08419564199345,8.882052040434086,6.203340254788252,9.27300468189963,9.64257628172395,6.364984420866801,6.6020623671597445,5.262510357488849,5.344744883991523,6.243947146267731,8.040525513476338,6.411429269046618,6.489912461360983,6.784904586857761,6.8096423591005415,7.217571286034999,6.718495320657204,11.968460144667787,1.6303430573436777,8.626803324140353,7.329936393632966,6.502075638878959,7.001826801176729,6.923763330640465,6.86164413752227,8.36570425691276,8.947076418276497,6.916480805724858,7.034001330877174,7.105775331628733,5.223118985521382,7.85585341435568,4.194689660236753,6.57079599335276,4.941267354735017,5.735538508486132,4.549267086617908,6.088884886097291,7.1708042066672775,6.3163307801145905,7.985400205028466,9.06262106063037,7.368252112947659,6.2013155504547335,4.981512835313532,6.683209938735802,6.1840070221444625,5.724001997503746,6.424059078354262,7.020448927735461,7.343185355951049,8.47891090835991,6.3100098419677595,8.365824181586502,6.430771973626369,6.538014675008842,5.545066656737487,11.60433104942585,5.623208538468547,6.4184826283619305,7.309848614293953,6.451337051288836,6.297702863812448,6.125378570423044,6.747137286636081,8.072931823545488,7.419478401541704,7.214971177536868,5.829021392968194,8.768472986873883,5.8230918090918955,8.461171475977734,7.916883241513675,8.730029034364067,6.897508967539362,6.028906102838187,6.39144145723047,6.216573632996654,7.2672176607723875,6.415177222469758,6.343210393113307,6.605451604415638,5.376745380204301,4.904246340024062,7.294050664889852,6.1177585230305285,9.218706008689159,3.9767988293335335,3.381488864277971,9.807770502464525,8.710045008053038,7.033706655790066,8.758734211325647,6.855351986042386,6.4371291501768715,7.931786614759212,6.885873085465921,7.042668874664556,5.936909208523815,6.893394898237851,7.137258595176809,6.990465928736179,5.992478480369881,6.847389483117852,8.46669930605025,7.225052692766853,5.854184037764914,6.8064069424209945,5.510926454745492,6.1219744898121915,8.77521444702971,9.085967611136105,6.138164912575275,7.348503476073,6.364391786913423,6.065509482704358,8.136510112162295,7.163900246907928,3.052515399353254,8.612588885015459,6.28625808245149,8.500431076719842,5.352097027774516,5.103249597138372,6.296485887005414,8.436182395651425,5.965480687289405,7.574776919471336,7.388593840701828,6.8948279300640305,6.659687832511708,5.278486798549523,8.165614301403027,7.898142282947386,7.042413473129276,7.121363430187622,7.772880320405136,8.638552322534137,4.724988825362304,6.128767694378717
2046,4.972700834145833,5.096557574089749,6.997110652512521,8.432201672730775,6.634715148729503,6.533363584172116,5.895863593973479,5.019812032387687,4.993665752996659,5.604089692829107,3.2331070986672694,5.698734200174179,6.6930117637304445,5.278465395600629,6.264891268492773,6.072359599173067,5.699401089793137,5.6235856162063005,5.71292698331948,3.770020885328795,4.959719262246428,5.768026595485623,6.604810437701382,6.859461431873255,7.571850532344706,8.591001042518121,3.3514359655051407,7.207885171704248,7.735982148426361,5.408916397919428,7.540175700239068,8.14260552810698,4.79628659938944,5.7380484111350185,3.841030437113907,3.647823874806534,5.0690149135630715,6.324206898374287,5.510079835509429,5.7154317231013865,5.5482046460283225,5.25071831235405,6.398439652960878,5.623980944815634,9.781987299179209,0.27100944863471926,7.26468520059154,6.529844384255082,5.674440764950525,5.2219699810034275,5.185123129137632,5.114032611250879,6.667357262994707,6.700427336810991,6.135358877094655,5.6472917567810095,6.2077161751944425,3.608204488995777,6.520147326948311,3.0237378855717605,5.153731148304608,3.762290777060495,4.200403412996698,3.020324735805907,4.730741699194086,6.2991041319990755,5.51217968925705,6.328096863524669,7.9522023838141855,5.933011423411039,5.269463993095119,3.8526322723462694,5.673877143028094,5.599391166201057,4.209717702762834,4.906218650333324,6.063495270715195,6.288008399050813,7.090049817066258,5.6337895685935315,6.691894857534053,5.32185593838322,5.508267143291647,4.404754931556769,9.420550353568176,4.81256060270143,5.573432793872881,6.065594553626305,5.566239774740979,5.626893178142353,5.565286491965424,5.769918614420398,6.2942325800400365,6.615952781690607,5.5828621512086265,4.498220573211541,7.204249170576709,4.655248170782778,6.829909903671719,6.882406189138516,7.5148790396493075,5.202388132440632,4.83248602573214,5.206763148372032,5.031929823858981,5.4861774156833505,4.680111664925414,5.440025508917611,5.5182684472408825,4.227779016412538,3.4698531160227417,6.313679451957858,4.5632975073210105,7.925559790483842,2.8595870125011142,1.9383925866207172,7.991708523047896,7.251253938880463,6.340196019391819,7.209656806469989,4.9917266954635755,5.512404708255984,6.579613958967145,5.256430575174498,6.126441161180365,4.88635914168995,5.690621524808352,5.822442757415358,6.199724342545562,4.707564052194357,5.867363302101352,7.608636275190729,5.58892300737829,4.3273465737925285,5.367722553425825,3.83012248061854,5.320601732397836,7.365550095151209,7.916711125587079,5.494484667762598,6.465525015739017,5.507844171005078,5.254137707488805,6.37350786355292,5.57036148384214,1.801555968564134,6.912648222505527,4.729437065904896,6.8278362102935,3.8045452111240086,3.8586876445032408,5.676521233315096,6.778147570018111,4.267143388246671,6.6640958431465895,6.5634600424753655,5.887565027408556,5.424880484054832,4.1891437270518015,6.50066274250376,6.158299724860438,5.181669812777946,5.416688916498213,6.788587686830556,6.994458800502895,3.566219149735465,4.610252791024134
2047,4.790953568343459,4.772122414100208,7.2732031884892185,9.945425910554054,7.625765600081145,7.616654566264358,6.807884758739763,4.757887332860766,4.713179181105104,5.43351977421292,2.7778623124648814,5.354524049345918,6.889194747368843,5.115237013468965,7.227950122078947,7.004089156615324,5.405077912748375,5.338348323415065,5.3621125915408925,3.4860885806767103,5.897544104541688,4.997665679531878,7.9784155923487825,7.058131246474286,8.274888142108404,9.574769010253508,3.1056320942167597,7.45090043185086,8.585756389231515,5.053154086629894,9.112551834048897,9.05168099906938,5.60122557453297,5.39628864278824,3.400688388995055,4.631616409739546,4.817689050117444,7.237778927231657,5.283696351894018,5.3663755310378205,6.033250419744128,5.967573403412929,6.0793003951769435,5.375227954752487,11.706347494289798,0.010607885389490392,8.185884067467574,6.261705133036293,5.336711806229089,4.736820499701747,6.082279655697018,4.655933593753082,7.636005692697807,8.727159954864412,6.374307804580395,5.317935573258274,6.356956426696531,3.1765730281777937,7.150612119842192,2.7579209668369122,5.80424450414962,3.4366089788361878,3.9130154234068137,2.733565519339052,4.295231351789474,5.94661863263825,5.232617960600501,7.294171017819436,8.686939270331944,6.477651749191615,4.989035711623731,3.6016931761826907,5.497093287521402,5.36424934658511,5.007319072967971,4.642330087978268,6.002130320103007,6.504505550553062,6.9240167932263725,5.293176958754919,7.779556262082063,5.038143281070195,5.2869774746740665,4.156182444814975,11.207377244686255,4.4530490092162465,5.234671423789753,5.857600219258721,5.208221846581278,5.366177673483719,5.3400342644288665,6.0021357184340225,7.299138326968616,6.841205315857103,6.515724735591428,4.371225041562112,8.13225265117041,4.405907651473736,7.771380187044373,7.110800001127968,8.15603721584594,6.166097020280772,4.5639077006229005,5.71921522377444,4.807585380329141,6.483391997757663,4.230839921996513,5.073792317817951,5.26539744359666,3.9822937167924057,3.0515967416095333,6.531448457004698,4.266167729836089,8.832204687762367,2.628196046912467,1.5747742994592078,9.601139574215328,8.205857806421553,6.560363238484698,8.13605386609661,6.018352072557498,5.1881366009856125,7.344111452071833,4.809071770002101,6.389654259293761,5.256541442126037,5.585279834424631,5.563294989281689,5.859353979632003,4.373174829858135,5.566455944858753,7.831404265144778,6.559346875240059,4.044437241387266,5.1440874150600955,4.801352977110398,4.979142556673492,8.309028225854552,8.789650150414175,5.21018469230882,6.729441429552591,5.154055023887036,4.8901216305535415,7.316117648131632,5.275210332510803,1.5281354775331109,7.898409941330036,4.43749774401558,7.745909813149224,3.5292462132999627,3.518913759753622,5.432550033104831,7.904187387754694,5.226566076278688,6.87625673760114,6.755542827577424,5.515692568544681,5.200212662718421,3.9109178024890103,7.446089649251829,7.399091639652338,6.162602180358152,6.459725566979114,7.01308147223859,8.034797114705475,3.311252967069118,4.381798757834297
2048,3.3730490526805315,3.104168243209522,4.623782219986124,6.952650369703774,5.749141153196493,3.898076028190557,4.853067701061568,3.4090689418216544,3.108562135448057,4.077692641519629,1.1518995895981774,3.391023474341879,4.5301855802535975,3.613019072016083,5.244911867255963,5.038547125676027,3.5129230796049074,3.537281461556754,3.3234236372169104,1.816821853319802,3.8796359299371614,3.1974543303716927,5.308649318665268,4.779799409707388,5.490948533887665,7.487880702813466,1.7243314632525049,4.937784383694331,5.7831160002000015,3.0724522014672404,5.963846800724665,7.277402479698257,3.6484254767497357,3.3355816123386237,1.9316432693352263,2.4780310409764477,3.471137651056055,5.0827816514919215,3.676920985678831,3.3740412341430757,3.5216614403761883,4.09435033922394,3.9121969321121806,4.067726960840326,7.811201706031957,-1.7793787077069263,5.036625693241757,4.169483080133799,3.3096979761496206,3.314599972466628,4.122965460022292,3.2372627731412664,5.743369162501769,4.81023907164733,3.999456590414049,3.956705681979658,3.8284015717605757,1.627532267322142,3.973489559938511,1.301031921431421,3.4039821987350742,2.011163259111343,2.292607986927035,1.0138128901210892,2.8820446728418263,3.8289707674023976,3.316466865564388,5.396676518519721,5.815236805131042,4.7394163297023635,3.304802624757093,2.266705950722101,3.1744106337428133,3.631811040267349,2.731593936185043,3.102414490779243,3.617297243326903,3.633035790920258,5.216225786507129,3.377964264278606,4.152755576993029,3.7648415838678657,3.642462712712586,2.8394284476836504,7.409891466299693,2.4771001147727176,3.1542061987022594,4.379050440527501,3.0928203560411935,3.5130047877629598,3.669254052514831,3.247172815104326,5.159771302264803,4.4116640831033385,4.533596852049238,2.902343493700025,6.283606425672767,3.0831567330906795,5.957572724918527,4.3027002851168294,5.153614013766246,4.198242174213131,3.2701132910947046,3.277123566468554,3.4707373905926935,4.485156662762164,2.792492470455667,2.93574120849371,3.999443584928907,2.625647388647,1.4565237087508023,3.7932812597602616,2.6622299113621297,5.795229412118592,1.188355530550083,0.010796835273506522,6.40388058535755,4.9476874346534405,4.336663416152201,6.321485618377727,3.9244309358298755,3.334938528109341,4.281167887772123,3.4169047685340037,3.6597698117916773,2.566314802567164,4.180027628441654,3.9066436780306217,3.840917211274305,2.903183860952657,3.902707659748076,5.2918214292575945,4.593009898439046,2.4668855775147676,3.610641728403668,2.7059767102201775,2.956632308661938,5.101385716597234,6.097096571326256,3.4078346310183436,4.186551984151205,3.052016174793241,2.8742429775496325,5.356981464723749,3.7171856080492316,-0.039460953340556354,6.036025769698129,2.8223429238316964,5.807330050195254,1.862563903008897,2.0866038411855707,3.774471953852724,5.696619897956649,3.1647243671119236,4.219036941338954,4.233014303228506,3.263583406309287,3.9127725216249662,2.5970042278369267,5.525419889235251,4.9352699384093315,4.115327540040016,4.352479407439633,4.304467662920554,4.449667667970061,1.870278008778891,2.872501458755384
2049,6.594956733029461,6.863908280072542,8.441740718252696,11.031810265548266,8.978131543202645,9.050620105246015,8.054790602932716,6.6311948395751665,6.885450680451148,7.3188639182982795,5.507504092593649,6.883142711530474,7.91066435184972,6.982086255118765,8.573812666638148,8.333431235064975,6.875069325083287,6.668924993096758,6.998533681010955,5.743002377322008,7.163836341672417,6.3579199383484895,9.328846554817826,8.034713228763048,9.257010291876462,10.785252792568045,4.881069475977585,8.549176657187012,9.443824072850164,6.6424536288812295,10.129491806544106,10.146439404644331,6.920986979798385,7.030732546387046,5.94819954500116,5.9181979278038295,6.663951931328608,8.547941621521419,6.772346521246023,6.921821998592849,7.307354309435548,7.340645038747581,7.7134143633061445,7.2107357342309975,12.574795764068078,2.23066064664002,9.214616926579641,7.824161872211526,6.973397477690518,7.325410648666579,7.417372311882934,7.213976950481023,8.985686643370265,10.047499084780958,7.399889339179062,7.360701814807694,7.625323857726725,5.774612549563934,8.49136541526893,4.691315845425788,7.09557548473621,5.4099174712238645,6.059906427202555,4.959249171203582,6.749635057202701,7.657292055929528,6.763161730213924,8.630603114078786,9.511488341051958,7.970106955232289,6.626471515488006,5.417688562888013,7.204052079597428,6.5741004967612415,6.268309420552748,6.767601793696139,7.522080924297711,7.887020961991679,8.69016782065918,6.742537998947602,9.127665877342224,6.9461962197875105,6.8997493059984585,5.9186607434831835,12.15681109346193,6.0235342126468145,6.913521391564399,7.747652673194635,6.960769961363282,6.71946115843181,6.502463174791172,7.252529809444117,8.638048014378755,7.892194271858399,7.784048340443913,6.27112720649818,9.328978332979924,6.249590071110889,9.088586075295664,8.441824198282998,9.288426125100974,7.500745486853453,6.435786153735785,6.944221996027847,6.598520909917768,7.869409321839442,6.757278234794226,6.8548547944760525,7.108915263979598,5.824713352939178,5.548982586679532,7.798603895794728,6.450365173148697,9.858255490146837,4.43043665896202,3.9438305214561287,10.654093602607993,9.3244363079811,7.500564959542507,9.349425272694953,7.4793216041449835,6.900900127558872,8.594947044191688,7.196739325235632,7.585094693405875,6.460179006745073,7.405381003330496,7.475308729656812,7.468102029685315,6.4514950673128,7.306582763373597,8.957716402822525,7.860903822656335,6.1774313724760335,7.123907579944052,6.095074347380936,6.59007299614364,9.40038380245196,9.616867336733588,6.564083628870289,7.856867785083839,6.843768059693532,6.520462918384328,8.667137189928829,7.516974891889194,3.547662620143644,9.265936761066833,6.612825780376342,8.993553127708106,5.6774068145916425,5.720328840202302,6.696148692020054,9.129250791566125,6.5444164024344795,8.081793225017092,7.844618723824103,7.386841871486658,7.1129889986638375,5.750912894462718,8.77916829092107,8.612037759916538,7.565867270760496,7.733005085510429,8.285580005111369,9.32598638226246,5.134286360686707,6.47681794188724
2050,6.050517126404008,6.116767614072286,7.231093919996554,9.388841848435074,7.34723567635078,7.017343263302386,6.44220631954999,5.381535865880293,6.225441204255512,5.981785039963396,4.8651524060245235,5.935427855379112,6.866714464179402,5.723874843454566,6.804154146205765,6.632699308724242,6.002558611654518,5.820109140513275,6.0103233924199815,5.128988956069123,5.503878318544091,5.677516097138668,7.501224712051196,7.045202850524722,7.859758452251394,9.411467480248424,3.6976336947289004,7.446535431619349,8.048719048500065,5.685601126659536,8.493739450029256,8.70744850280984,5.305260530319709,6.069298608292797,5.324029525420788,4.2132270146032855,5.4364365054101835,7.032049408246735,6.094508872977619,5.984251148227988,5.938262788900018,5.761669363954969,6.682039416041871,5.978712156671898,10.744427463103984,0.7289455463660158,7.605004614797131,6.807822468465774,5.960039361091011,6.6554357630425525,5.737740167769891,6.547356073070188,7.3114126576431895,7.880731366574764,6.325632865058964,6.5277537128021015,6.4856235527529815,5.152559550864433,6.890933522248065,3.391255530946217,5.609742216765881,4.0987865393017895,5.420366216129786,4.338045374843583,6.139017960120896,6.643606118536713,5.824761162030285,6.976487460835222,8.192246927141115,6.428308290525757,5.597226382843377,4.21174867704896,6.0496259582196865,5.802195968299076,4.705619216479105,6.104072368607441,6.403499047304023,6.591179843092787,7.736361142376372,5.8357312491741675,7.167931718141611,5.663564995445052,6.227766913586651,4.760828138296975,10.41435431611949,5.147714388267749,5.8979841126450205,6.4845007383104,5.895575223297907,5.871505884774802,5.74652155988914,6.023896649479868,6.964574590325363,6.807730549882196,6.154171625489435,4.878162422827603,7.723204830597185,5.023171511189695,7.494455944875192,7.16582930550493,7.830825203194705,5.822119760102242,5.200980783793435,5.570384166877845,5.428098240289196,6.100951954208579,6.136679120104891,5.778511189181224,5.861342283158468,4.590533335147233,4.965904627573386,6.58990272847486,5.81318330122479,8.305485188447197,3.227440692099005,3.106673498092028,9.001669579024973,7.627417298226522,6.4956647792253,7.781839644086774,5.579455319149741,5.838935816082462,7.018167198988902,6.612843867005971,6.371845959364596,5.175629786119381,6.076344412912073,6.791784255669038,6.5079339598947845,5.659407564760027,6.202923825331809,7.8525165673987685,6.215691145959082,5.5410074163228265,6.530933691509839,4.412617607877175,5.608803317978467,7.726966947469668,8.248250855068708,5.701129960474268,6.70455802951394,5.832930385295688,5.5456776611250005,6.978706020990322,6.803709952481865,2.373930404701365,7.598644311443485,5.959192771336129,7.372013951426949,5.040964752435682,4.842134762426903,5.896860394498399,7.5060753430207745,4.849849530463588,6.889043834831178,6.743626168447324,6.296578957089064,5.813825043111015,4.525069988236347,7.124971979137125,6.922275824408079,5.784135258917154,6.060120439478039,7.059857178094063,7.423323435002363,3.930627396651386,5.8187505692757435
2051,6.544855832539755,6.825615347266713,8.656582930414325,10.070820496513921,8.453022687599576,8.275139212608341,7.717450882725675,6.262876230067218,6.792377183663434,6.924535841135116,5.066268438730263,7.1301559420495195,8.169270552309417,6.580705649380026,8.122533875292744,7.955023356488552,7.073800853100322,6.909540977714392,7.208532862622162,5.573947218953281,6.792542834477179,6.813267318339185,8.53692800525961,8.29016106729878,8.931583353414618,10.205124384627261,4.627756225651705,8.777832112564095,8.949075949860033,6.859905285054241,9.158870430847886,9.804027256266828,6.572615491547459,7.251981443372268,5.493924659773191,5.573130181123472,6.353708773594479,8.125003500873675,6.886551764119284,7.171287170514981,7.304389304128192,6.9818446544994535,7.966895180786482,6.877247592819663,11.611198758256846,1.9014128515946473,8.68045663448243,8.020109014778305,7.151569653430889,6.917541070231076,7.056639665416603,6.8584268243405315,8.503506218179542,8.755343196207077,7.601192541805835,7.110361724835018,7.820493169385814,5.331536786823439,8.241559971766234,4.4037278659384835,6.970365988797157,5.156899449126473,5.984460346914573,4.841839499900051,6.278351877270072,7.855582725385138,6.9211698688309715,8.143406675293532,9.265341243867214,7.577274742825275,6.608334674917416,5.095140895966822,7.343852029792194,6.78095315024257,6.064541321633193,6.631105644435718,7.692702153633383,8.13023729879281,7.825638231532328,7.01766583297787,8.34924679275217,6.584873614126233,6.976510045953608,5.65167876808294,11.263322184825766,6.247573898334445,7.088732739974714,7.3134829114223345,7.123759325529478,6.904414167788263,6.716788673452263,7.486172549169642,8.179688003813402,8.13101170952271,7.42321083360705,5.964278150221398,8.913004920657343,5.919024384933812,8.600923697753199,8.71717395505001,9.057368316013237,7.0595689146169285,6.088311073723538,6.9377244474558974,6.293683340837216,7.417252505647728,6.385915178163303,7.009899862367531,6.744988371489636,5.484521254126371,5.16540064200245,8.015111365387666,6.35946974543662,9.268963093387665,4.169935633396282,3.5978753589864443,9.69116479723618,8.722755133078012,7.704610353335741,8.92175991884594,6.984091558846936,6.950074507387211,8.222311720123578,6.839448810651383,7.80535309273621,6.614039804401066,7.031157325054038,7.499198275907286,7.674444170604494,6.189375469396856,7.222271823934439,9.186885866932656,7.415886830153139,6.078734254030963,7.065815931764144,5.716416594283338,6.7716580608795445,8.784580688538224,9.122028112925339,6.786539089576951,8.062611558827859,7.026295748764077,6.728656441872493,8.266230957261449,7.4099659376360245,3.2845545125932505,8.742397650498257,6.526315798854521,8.652182589574107,5.611296235487379,5.327285651117564,6.870294670943687,8.532056860368828,6.155843237736102,8.358947397306052,8.162909005222646,7.588075660169125,6.702395838010928,5.432391630935262,8.348026728321766,7.939893036386284,7.168718717735384,7.2564501341046945,8.526667887280727,8.63193740490182,4.934333929213983,6.338393203914168
2052,2.395288645227748,2.2405309622486445,5.467279938980939,7.089010956510903,5.316157632072764,5.018183390299481,4.5949374069770155,2.3702473104000092,1.9590880637367563,3.1000658333301563,-0.2585050900777166,3.5631953717519855,5.303373193182054,2.8036065022150685,4.958651338517667,4.7774827614426565,3.6590182024985554,3.7089136009415,3.5308243816097598,0.5085467341045542,3.6055020240445943,3.5102074933548755,5.197103190173704,5.5379534445703,6.3619001962244495,7.175713307239735,0.6374415585150311,5.757750911389789,6.535138146641354,3.280711420377096,6.237152924140293,6.867412307144454,3.2535288445651545,3.534407803416252,0.5044600203633296,2.046743823091191,2.5727282504240687,4.873766008267802,3.326888618369898,3.569069980333246,3.9592338542143515,3.7427575240532533,4.210063291310022,3.0779323637485496,9.142344704270362,-3.005103888610999,5.986398470898471,4.415631945462275,3.4956727194289385,2.068687190115453,3.8982666909694683,2.019148963565625,5.349308836460113,5.236556604504586,4.822639015394572,2.9414839148521423,4.578450787315766,0.2167484655976289,4.980088204145431,0.2457380510866655,3.612123038371404,1.0543515617648769,1.1165451673169935,-0.3166946686493838,1.533285440007845,4.049081548551721,3.4848838852097574,5.003451719135048,6.746186323743315,4.249067003528278,3.050398195783297,1.1557677576939271,3.5255068421363824,3.8079862336317714,2.621326759457589,2.0226101117829485,4.158084860444069,4.618998069564499,4.773054045943231,3.547732853268582,5.247617244720462,2.759269360701242,3.149703106284142,1.8175118447591851,8.774658551812177,2.6510987530151966,3.370472505191963,3.628342865904173,3.301042183240255,3.699569173157214,3.8367134538789625,4.091786045829457,4.948084386189781,5.205194591234127,4.2526695109903825,2.096965043743453,5.899884865432982,2.0470904469490074,5.507877721885842,5.2608977671247,6.0837009403854605,3.8169544234871826,2.2388785203297954,3.6477439741293574,2.6066923181215937,4.129414040346941,1.5273501485586172,3.15968339840571,2.9948429495096187,1.5252911586935307,-0.00672758122285586,4.688533984621364,1.472768614192804,6.612081703295316,0.07108926462630508,-1.3460429847240432,6.613693304111555,5.904492272188266,5.115975673620899,5.893405604238313,3.6392449100812256,3.282610919078192,5.104991741975153,2.237671773796318,4.5574269404013945,3.2324026962121306,3.233274644613263,3.100216930111249,4.042446387310825,1.832413917655747,3.509921917319299,6.101649626096091,4.229912659029168,1.3262962667892364,2.5364418397347146,2.2849501152833342,3.1713830282290787,6.004414716611306,6.880451676559941,3.574504969269037,5.022777220358451,3.2902951101462063,3.11890818675359,5.045618185897669,2.530224782677208,-1.20184783770237,5.586756054063638,1.6683938701947516,5.549788220723472,0.6682582202057034,0.7746893207232147,3.8915145977710695,5.415851964987817,2.76605055828889,5.106442597011725,5.094316312111918,3.5190702994664496,2.8737049311399425,1.5534624330699416,5.192202653984226,4.792722925543784,3.84319764971733,4.018869033952554,5.206046148141221,5.519605604807536,0.8796546449263871,1.814966749896606
2053,3.1020438741764136,2.920856620217194,5.1517893556377,6.480820244113949,4.875051657701359,4.107770112054103,4.141968166648313,2.631078930507446,2.756859483903854,3.26952988217617,-0.1424268160400734,3.702557782160824,5.00497339293361,2.758337263467499,4.481803668984048,4.305124924357596,3.7933191508054733,3.831863902228211,3.6639776620773046,1.2143914247381293,3.1597532899729166,3.844497316356362,4.629641307839033,5.240143516197284,5.780478067953013,6.530819566085427,0.9495673435258454,5.418401163071394,5.932605960245793,3.422369391239923,5.617301810918182,6.492945174269121,2.9051131377566684,3.6746452892648773,0.6424948949495273,1.6074452276887552,2.82322157842332,4.27787247145998,3.7154430147372834,3.7043275266949998,3.630151260258823,3.3779741625847497,4.310905341958177,3.3541618616416544,7.6766794961074325,-2.692586919485496,5.235950549646953,4.496978809559269,3.6510749680214927,2.1038199714545542,3.409933908232329,2.0347918719053295,4.900873787990163,4.442246975569889,4.509224301461002,3.0829537584735447,4.328355025628516,0.3557572030815575,4.388295029771741,0.5304776450683348,3.26403094005996,1.3213001875014134,1.9215784726728649,0.39335521689519615,1.686983601928786,4.185615327337696,3.6208734457092024,4.577160490484074,6.162868909959298,4.035906290442778,3.2503047672839016,1.4426419087525044,3.5252533452264188,3.9237555948182417,2.239868943547381,2.7850087940179065,4.069105678591235,4.2598236750425995,4.161851860221541,3.6840387968153805,4.379358069650057,3.006263884490937,3.620862292318509,2.125441029025563,7.274468579168977,2.8477354419642467,3.5273113913577196,3.621398921156757,3.4644246837264716,3.8285652965243027,3.9478341017303795,3.81500203821584,4.351527690758992,4.906961210072041,3.8014135600934766,2.2337287325283617,5.483828343707942,2.3195053601701727,5.105986193336293,4.884560821385217,5.490687913421927,3.41378779298273,2.50328796305533,3.2901651697425964,2.8635575951173404,3.657487494678332,1.5929729422104781,3.326982418524812,3.2665370815786816,1.8176475040341635,0.26954242792622957,4.380787175791014,2.303503208119292,5.939175625749192,0.38772849635831247,-1.169596294005369,5.972026275406625,5.14176392067095,4.811665678846424,5.48165266601176,3.1299219604196216,3.439677504629927,4.551392400059208,2.2995830650987297,4.238480241648082,2.928159139793495,3.4116588788556665,3.7460432761059757,4.167987583012415,2.192751653717252,3.7041466297774472,5.812907657104318,3.8057354551836338,2.097669590457244,3.309134505560688,1.8525884521418585,3.3239069249609403,5.285500844442771,6.319523196282059,3.69829131251779,4.688722107944819,3.4521435815198656,3.2686066539508514,4.563677597662497,3.3638775651824897,-0.9307206689283796,5.137272842742246,2.457804237974099,5.087161039483962,1.4921267163650687,0.9947858560701901,4.01510917380099,4.965845881993401,2.3407625480201784,4.771900985775324,4.75956487334494,3.6624531024617335,3.1360834693086557,1.8411573639203742,4.731977688084391,4.305738564773369,3.3456934017354016,3.5958525199314617,4.874666781261052,4.65715512697553,1.1282953280827097,2.5510719636904784
2054,1.1754225751842728,0.8325263775628179,3.6918623128841688,5.43649199039772,3.5513502795185024,2.758490826035368,2.7826407117576415,1.0457624916372625,0.5556268126800118,1.8056134489075861,-2.4487573247531373,1.9188569434757887,3.711479249699363,1.4830355065200342,3.1590235521695744,2.9575309167648176,2.1455957524735334,2.197990424674133,1.8536687560122598,-1.264514442918631,1.7242077131723554,2.04122598109574,3.3257232616687675,4.0021466510049235,4.691406916955422,5.49759784514277,-0.7626179890899821,4.061059318225959,4.845718994479756,1.6329032786768585,4.564868811903331,5.176269816196572,1.4142623682474287,1.9014649699474195,-1.5512151461223067,-0.061260711273243236,1.2617077642473695,3.129643796541697,1.9882825638713504,1.9509708752919903,2.042279696413155,1.9955919693256212,2.4674437179647635,1.880077331487478,6.785350907465507,-4.6708986201676845,4.06240106630942,2.7473512980444688,1.7965140753778912,0.1476368030597416,2.061209733630049,0.14767892324718648,3.5656590782876654,3.297634407364089,3.253155157740772,1.454268197689591,2.823505827579006,-1.9148535113139398,2.9631973022017024,-1.1334807615855658,1.6770383353377225,-0.2257541418075562,-0.3843573931733109,-2.1185741127821887,-0.42364337466304464,2.360829409926423,1.9261650350587112,3.216265760041002,5.100805696613832,2.655934315817109,1.5791222015074644,-0.23533037433336038,1.727620886317616,2.35979542084809,0.6016891696329756,0.6899165521407957,2.4147204607725152,2.6482466438720964,3.0817658294891492,1.9634629572131501,3.07368301523143,1.5566502326521372,1.7831388455012749,0.52101214435594,6.370582040804761,0.9156693687726709,1.6392240323897078,2.402556880280891,1.5411159207337894,2.1529814462209567,2.4216379320313206,2.207087206943282,3.1161496359212655,3.569931624264554,2.399934292867267,0.7960175090822685,4.189586205215289,0.7143690904666633,3.786970236435019,3.3407084952782964,4.184546805147467,1.9241880676869723,0.919544868428128,1.7322115463943344,1.302421693144173,2.2671882314928653,-0.41523972329089603,1.369598335747062,1.8062456180823265,0.12587287643089018,-2.1628640838738122,2.832470831686053,0.03478262085339241,4.767060552434672,-1.359559457363756,-3.283327768075054,4.903946250677108,3.9559491410337646,3.6381212013677295,4.18999309786435,1.7386645628460518,1.6922369781753153,3.17889412518205,0.3886300650714294,2.719591448019295,1.300352219363739,1.9008692097689586,1.7268045143834485,2.409053853873551,0.1780061702532996,2.0370843775313494,4.379181517480773,2.378478284026012,-0.12870783352389503,1.2385325344472076,0.2407996806091276,1.4694622530248622,4.104909787917961,5.400536491937039,2.0990415428733002,3.299338916766234,1.5273043761222547,1.4269471276423,3.201390631239991,1.285327835329647,-2.7810750298587417,3.8238103263850896,0.20304347317794338,3.7575226739562764,-0.8978864229444784,-0.9916473674780607,2.53190436927152,3.6876542733917965,0.7449266648498076,3.3084366506543654,3.387234895907598,1.7606099535678978,1.6135701311045707,0.24841769913147232,3.380170875325286,3.0085828699139436,1.946144270485843,2.1645468956437606,3.366784705684105,3.3547156843645833,-0.4590100005654429,0.4701674385317446
2055,2.468231195005878,2.0479762328082107,4.250991101922658,7.220855451734929,4.864517731142455,3.9790302987756365,4.076464629378808,1.7618143248917748,2.015435174621384,2.5584120444054212,-1.9472929989469445,2.5133318104620646,4.224756798867522,1.991500052141733,4.46622773645253,4.229038294019375,2.6236614006860495,2.787345456360872,2.433179593291776,0.25435301224733214,3.0391385319867554,2.701314359903337,4.893798917788883,4.475454398539271,5.522454891225388,6.686613068177271,-0.03501028362019209,4.577352146136351,5.880901922439708,2.1968164093920906,6.220100011997697,6.417664351897182,2.6773485567517095,2.39631550836152,-0.9970069854873521,1.4644087357767686,1.94276731949428,4.286261821101451,2.863463561516256,2.4992010464956005,2.8760429189122947,3.1880644898990114,3.0578423902906233,2.5053822292849945,8.749179181867635,-3.788665624269172,5.1465104476002805,3.3236106320701806,2.387137490099874,0.5817499006616685,3.3122016158083407,0.5213145973353557,4.883666474757522,5.233887711989468,3.7235629329907503,1.900327068721424,3.3327911455055794,-1.3813783038178762,3.801981508731841,-0.4024034258106649,2.68052435126798,0.45616099726537074,1.2149868281237015,-0.613026608520285,0.09770605070837728,2.87261129556031,2.424573818157461,4.51371856187952,5.9515346803116325,3.733503677207849,2.1681796135059734,0.5083217029941527,2.2843082843926457,2.9413976520299903,1.8586501500665618,2.0540959927542453,2.900921834953899,3.172066836521544,3.1055106053064607,2.5598569200855894,4.283548969903899,2.204057608698978,2.773273272760987,1.1874865694292667,8.233137617851126,1.6074223111801103,2.236091016566958,2.930310637786472,2.129907794039824,2.7382383430697805,3.0045172420555146,2.789682501348958,4.385196422194613,4.088910902625529,3.707084512594959,1.5108281764490852,5.491435881704093,1.4325171345523757,5.077321797649473,3.8587940355827097,5.046542200163517,3.2563183600532595,1.6418512039015005,2.683166673985026,1.9488496066167433,3.655533466584467,-0.0062968021194499055,1.9665621377784637,2.4293441679970975,0.901196293789766,-1.4757219780364945,3.3686315848909567,1.5733915839729662,5.8775625953386585,-0.6093799726202576,-2.6529002541933093,6.683101392511663,5.070816133685154,4.112404518343253,5.487599973020883,3.100961083995883,2.2858162576268453,4.153625890130881,0.7886266867662307,3.279183522380633,2.06158330391065,2.6734895125545313,2.89889135609927,2.947104127049962,1.0455818183977004,2.645099414576743,4.869275781743486,3.7071660381966622,1.392442547555628,2.589280573458508,1.6999720036983534,2.0684333437861038,5.222491048790258,6.248608597136779,2.6487870379511644,3.8185212044366494,2.126835470312629,1.9988686442375179,4.516282865841839,2.5976785614058864,-2.045213178570927,5.154494276655647,1.7308533520534115,5.03113575870621,0.7836018500143117,-0.3360894196024489,3.0254107375211747,5.103560422515049,2.1674151659525664,3.851735290525287,3.932170358454358,2.2207525539500987,2.302641665498757,0.9203678685529467,4.676524546639673,4.509988429217505,3.2777775356481804,3.552796516439013,3.8708269554993193,4.562991285118563,0.23975766784158492,1.878990019189901
2056,8.23056016961734,8.667033260067305,9.867079440255962,11.630736844117441,9.956304705794903,10.299627904345595,9.13617715742439,7.384547577891499,8.787077233195307,8.204591770718492,6.971233699222408,8.362902558160327,9.290278487590452,7.824449667334562,9.597367514173195,9.401425309230886,8.400370014210544,7.939556847761076,8.521667397767306,7.410175460080304,8.164045441150671,7.661332747836906,10.160807391007744,9.375988050301872,10.355216195558508,11.837729274233189,5.65962690114975,10.04092199131847,10.462603791306423,8.082505662739278,10.64389785528183,11.055004497865836,7.917754063506925,8.655666586260002,7.297823696335156,7.027196942549195,7.5684789051612205,9.717820893228055,8.144967792431515,8.449263821045555,8.632336400759717,8.373526887098949,9.233495851357784,8.021545883516474,13.077935381730404,3.206555625982582,10.336677636702857,9.260637261097632,8.441668630763887,8.759455165391167,8.512619752188524,8.695209867755572,10.008335385595759,10.603040971358617,8.622848653544988,8.466490607646607,9.073521592716379,7.170960036230588,9.872773928443591,5.564637709657359,8.348777788877488,6.356388686100641,7.918964980045954,6.679214287300903,8.02238535347084,9.255118071660402,8.159066591908532,9.609771049519377,10.592183591922126,8.917993976424137,7.736535693456733,6.168228485186897,8.939491456747058,7.7153980910778035,7.45611080229282,8.618513579169907,9.061878228435912,9.489998437960942,9.36790597438812,8.16646069015066,10.302297619978587,7.780413114279512,8.377925280605755,6.696244936684766,12.629279899597163,7.359456913669907,8.360424571235976,8.606111861268682,8.475159959867598,7.954454204936828,7.60795659224192,8.816362020373349,9.785149832318222,9.239795769564802,8.839542077978452,7.2684231559435535,10.295074739159707,7.050805596262219,10.072212378432353,10.098955806096399,10.659002393732468,8.483547431727251,7.2606280125677625,8.213230980932712,7.441271236146957,8.946295809497434,8.118686583638196,8.34697359999021,7.882085038969914,6.62713227123022,6.928153964380425,9.336999475955967,8.317162266373634,10.909732245157164,5.22642266750336,5.252418133616447,11.21926236152649,10.509114134311679,8.618864297991001,10.3152232999603,8.559198419998092,8.213562671591836,9.793831595312803,8.496913531919322,9.032078185180819,7.864722099900247,8.283974637215328,9.197243616978323,8.977337787548704,7.6561620136102055,8.437331205978994,10.372710865053039,8.838242417573928,8.0222065726916,8.878861080606782,7.145214644695321,7.973413379987081,10.538909468551477,10.487200299898786,7.847536869222923,9.257338026911018,8.265845512598753,7.914829184735814,9.778487628946703,9.513261967819805,4.52357915788889,10.253429974615575,8.51087304353714,10.083607804806284,7.521444448083644,6.841040473182992,7.912824024880929,9.987024347980817,7.583320559561252,9.61852524702748,9.317161425451438,9.125354661544163,7.970678172136344,6.495304150879385,9.820818405846754,9.429576045274736,8.716836763173342,8.705046313007673,9.827040744821227,10.615646072228751,5.9937273164590215,8.336864595860245
2057,6.602420685620149,6.8598949266918785,8.321072712797543,9.72721617733097,8.53831773212758,8.214058593686282,7.67092902624402,6.899730196929185,6.837233653613207,7.496640902141046,5.287769389049756,7.166898634959138,7.880254802005043,7.03641350927024,8.074101462831782,7.908162296910219,7.086601962174831,6.923845621532406,7.243522831848983,5.657387001889533,6.736350904058276,6.627804998565337,8.394382061051394,8.01833376493947,8.787751684414923,10.133782735873206,5.200266991581386,8.485287876221644,8.897416661846744,6.880431425468676,8.820499251628743,9.790242426868144,6.598915075433663,7.279288848926282,5.75635730629337,5.533348620451731,6.935548205827845,8.02467507740547,6.938230907094888,7.2056476574005766,7.098032158510437,7.051779566332696,7.91382824839896,7.488343466314133,10.981899962343013,2.536828238902421,8.588403320518037,7.9845829454475465,7.164074593962266,7.202667203442801,7.0291808898849775,7.135010554872708,8.551348860150783,8.24281264327724,7.313342560901598,7.457248022844055,7.565527526533296,5.551976813838397,8.025677436898496,4.9660711509400395,6.81015221569045,5.680447070763029,6.011799576467481,4.894885927952569,6.54409219430567,7.861017483575591,6.9033113833645325,8.193591057483491,9.014463304702577,7.744301510396701,6.879670434374493,5.727504959908026,7.273087349431268,6.7951614682016706,5.961963047241341,6.678005842427751,7.554389931004625,7.764845681087723,8.24325564837661,7.048609923314435,8.297614624274187,7.185491768386346,7.037510810227226,6.229895196919298,10.67991291757288,6.220003100304771,7.095825132624861,7.7385574178449055,7.13605076395746,6.9226118809190265,6.720437466070575,7.143288742879343,8.08549706792009,7.82383579683715,7.3884167102775695,6.431600362319376,8.890138504320179,6.526704066914733,8.692485695769049,8.341462610353682,8.891621699107104,7.062020998640818,6.706071512966324,6.748836446296553,6.898410976446909,7.388586313303175,6.643892161805061,7.00286536175629,7.357483489246202,6.119947185290272,5.368581939231737,7.693987099967642,6.405093354285409,9.2393343140339,4.745903118417181,3.941315009162342,9.303776056602084,8.66855145258636,7.433260155472393,8.949579562542256,6.927443073484401,7.107333524056292,8.035252201146093,7.051957471617338,7.462816985002881,6.3322571695878604,7.597046950896239,7.562460868523041,7.687252595057263,6.495175563055896,7.533767534098748,8.879450417798143,7.417465390444829,6.104535442744861,7.140051534977452,5.699433263005885,6.770666994411373,8.754899907985642,9.02007276076695,6.790823493795152,7.744029025065485,7.023114385789841,6.715114876210434,8.256156910082389,7.457729098098035,3.802050616720625,8.830456236056209,6.566951900977515,8.60617238796991,5.627134302052958,5.743687358267351,6.864954835960066,8.488603869388843,6.1452716820198905,8.008201690583398,7.845505095376023,7.59646222303654,7.373513500109829,6.022142509608688,8.362822999182194,7.796471888649051,7.116034515972798,7.214066691568186,8.170326985161877,8.580905774544023,5.457895811390253,6.366146937671018
2058,3.116087868295868,2.925719399968613,5.0941755942486475,8.011012811791797,6.059399228382468,4.39993529689723,5.33499032747129,4.029802437486318,2.7711083953236715,4.589280063992942,1.1812815880724084,3.672014581746068,4.917399942232617,4.327115460885047,5.68304606995963,5.495275250796616,3.7353981866918766,3.8333660449575775,3.6203863302181483,1.5935217237164228,4.4094002796658165,3.683614332614274,6.089454982044369,5.180088864141627,5.895776239480695,8.035709703983414,2.4298180341720577,5.348652915258347,6.066525558202431,3.401824250871493,7.1003078959625325,7.660128869244765,4.181401070111015,3.6116895536924205,1.9065170041446018,3.0186125682345764,4.0050075159504495,5.7399467401977216,3.7198690454122305,3.6679098950377846,4.016882247163046,4.602204389870169,4.259623101944556,4.653599803239618,8.636400845544088,-0.8508859569656435,5.450974082638476,4.505516815159855,3.6131991887914703,3.2942598780681367,4.5942782811692044,3.2109893515449146,6.102300681173808,6.284546287923024,4.468262911099813,4.293025381156597,4.267221967464891,1.6539793507806189,4.459674229909636,2.0256267220809563,3.928690547059325,2.7070788103958696,1.9542232155799881,0.7848797980053669,2.911162970908759,4.105527102947236,3.579650810052608,5.755620039742568,6.244733645998201,5.236635320530885,3.737427272673311,2.9118753887456026,3.4410569896471896,3.9344343219337787,3.273902415201581,2.788758319513554,3.9889328166328664,4.13431124337788,6.027167234055955,3.674159106894815,4.64431967894579,4.3146385776585525,3.618297696113586,3.485649800249212,8.310197795259544,2.8612281782873774,3.4933407889871777,5.052884795028588,3.4067462649324822,3.8315070881668882,3.9643222052475484,3.7245858722719642,5.7180844767597225,4.839123649459437,5.0218714688210095,3.53216374331507,6.650318986832585,3.70228302706001,6.244502367708704,4.759810822791069,5.560462082511392,4.641644969261411,3.8714561172889477,3.794670613032992,4.014561129412774,4.883621821886511,2.7909180798150355,3.282967496534872,4.567430297362394,3.2704153872769437,1.4963824759269557,4.267698163487788,2.321385197983732,6.163375324601756,1.9178128653559199,0.23803524387165165,7.579744342586089,5.336246730695514,4.7875643756626,6.6561222430318585,4.3895082895098065,3.691378044671029,4.830220244567969,3.4414208332911618,4.18785067647696,3.1531138697574836,4.7143268450966165,3.7372630767781168,4.104180026927901,3.077552319086829,4.341068642149711,5.728557102285839,5.010615783775679,2.130379538597732,3.3159688002076644,3.227557819699949,3.3082697077750622,5.463494098392026,6.477284562228052,3.692561878341023,4.625434272505086,3.4271796296896624,3.2448532946150848,5.787045465139994,3.3529186604608765,0.6476074565715828,6.332789673116701,2.479103922330099,6.286309254323613,1.5274574890218937,2.3644062743104723,4.005061254162213,6.242618709738395,3.67358593642712,4.652833413589617,4.667338957046642,3.566954640478924,4.4485608822312885,3.256408762315225,5.92625054768447,5.661232877201564,4.5869727674229415,4.862974432264936,4.765653301929607,4.910045881659308,2.5886875514326437,2.559236160383142
2059,4.282095842320345,4.197233215552469,6.127335993380381,7.821483636981457,6.276467965594656,5.716942298450863,5.5219181709248435,4.0090672797684,4.167486798660509,4.616177206473616,1.5242366708558182,4.658501779821156,5.879258289676284,4.050449519578749,5.8699294446871235,5.709987217753097,4.7212331477263625,4.694234332390903,4.6574300207711525,2.7330524652939414,4.569460279725747,4.5741943046450615,6.1447113643175575,6.096825096113931,6.900431855742276,7.654878995750617,2.324647150162994,6.390028147861873,7.071955121025956,4.385115260964839,6.984922041538463,7.772927988461087,4.322324637708994,4.7007936038847635,2.1803893965893777,3.1140150845307732,4.1212818770155595,5.554532265097929,4.708888239644722,4.693154965495241,4.789394471408991,4.76125384468971,5.315426836817943,4.684136418946859,8.958280525330837,-0.9953806384884085,6.5458285595322465,5.488947917610921,4.613644164184044,3.5963763980002224,4.816267958488958,3.502913817506414,6.295808640019651,6.0928707338612655,5.390140015374995,4.416677903769346,5.3288291252121835,1.9453534360589664,5.67189440850554,1.9588186721606504,4.504318217297312,2.732504562057298,3.35397576463634,1.912965656868343,3.1664132745615383,5.222306631698176,4.542895933227808,5.948575803592549,7.175630589240582,5.384841681811313,4.319462375008856,2.81833562974272,4.57798472355152,4.736532692251535,3.604590576977051,4.114129900290021,5.09669383127114,5.337365064127689,5.072682248364236,4.633554316928673,5.913054413322746,4.322935662906741,4.702084791043712,3.4467496422344244,8.633402335746537,3.7868963130589175,4.536372595306101,4.908776326939978,4.485309597233249,4.718357789105381,4.715800755271883,4.800432939981593,5.699071618503536,5.799056253050738,5.203421391289814,3.630317521506343,6.79074850716981,3.6776551958815804,6.442215286452198,5.959677350675236,6.710327175927576,4.8246721270783235,3.8527619156601114,4.45202504285483,4.131209919421837,5.101767584681512,3.0832259919622844,4.3503439066738965,4.574691434382816,3.187825565708093,1.8503120353220603,5.393730321320996,3.723479960499139,7.190685812512344,1.8043162807308397,0.39583597443034496,7.377538106179449,6.508479602377992,5.637173688745703,6.802025469726531,4.622959887930031,4.499414378969834,5.800965937561006,3.7150243170045583,5.2241720218082985,3.9951800276878546,4.771704222107756,4.995826590292417,5.165579003635152,3.5561970235972584,4.86862659210275,6.7747465962351425,5.1908800848599155,3.4899762483506347,4.61893280518466,3.3319890442593367,4.294505695330688,6.615317716680728,7.4003535430749965,4.5741863034440815,5.650639865868564,4.471357125917384,4.231976810200462,5.997966135370321,4.721512544257888,0.5930807971363445,6.53332591570657,3.8868108560684456,6.459290021195494,2.9474013468314895,2.4580125911482473,4.816752723450293,6.323900702184646,3.8115391294504013,5.7565915499781735,5.696942595058472,4.7867985607991965,4.481409863922105,3.184170354029225,6.134557798504831,5.690838644730633,4.818379079344968,4.990155285802381,5.9028414323412175,6.1826198296300285,2.531478040177247,3.832537137999616
2060,3.6546297921488664,3.484777526961021,5.699891040039562,7.907330536801606,5.713412955403326,5.692296875516575,4.972201822977511,2.744891052444778,3.4208958792189748,3.4885506421327572,0.21777083339790645,3.9454273725549442,5.4844727840895455,3.0793502335747083,5.340352605034906,5.144150617594518,4.048098298658929,4.035940790673098,3.9286176254351934,1.71010198841492,3.9907729551196116,3.943196730315685,5.845319288472339,5.71522779862086,6.801206076145173,7.613199282065033,1.032080400983489,5.97131977317234,7.02354888468981,3.6622531871000916,7.073426752164963,7.253904326974106,3.6438033421834306,3.9689243227243405,0.9113652919729526,2.4923272423446226,2.9454242018982746,5.3121943791707364,4.057280212268234,3.9683529345318673,4.251773632317782,4.111562208334605,4.614097453157105,3.4832946086923267,9.223538681368034,-2.474510364979504,6.535391262670362,4.781404285877943,3.8939652788763253,2.503877591093383,4.2498776028553635,2.4729463405441523,5.733863987525303,6.331020998954776,5.001798634231093,3.3599100296696,4.824143352111183,0.6436458014572656,5.40708024588724,0.684461666146911,3.9628657490015025,1.5095579482615,2.5556082884470612,0.8987761919697124,1.9151266238341724,4.488445125023521,3.8610269859433175,5.389070975035432,7.148820177217326,4.634754840284586,3.401580437971278,1.5248040634517903,3.922779350479444,4.089907709757488,3.0213957086205485,3.416697865383079,4.500550148263573,4.822537709772587,4.516722714404267,3.915761003270746,5.902942744394147,3.1531482060750324,4.022963220750291,2.210509835680327,8.840805960943301,3.0442965378363906,3.7714397259056573,3.946500241756441,3.7266324143856773,4.0151052581767255,4.108766613403955,4.327005600432555,5.357228983069459,5.395727561992441,4.6350212238729,2.5379774615168573,6.279718833789228,2.420858439803125,5.890728536418945,5.464779549837112,6.513931396355233,4.217728138963381,2.607328501840432,3.9308468659718807,2.9551766521607847,4.524972033500673,1.9640250511467476,3.5804625680049242,3.3876814256111776,1.9028964901963865,0.4933131833871182,4.9097951064507175,2.950649848580361,7.145717758437002,0.4847429434458405,-0.8843226393063885,7.4686771541833865,6.50134464725852,5.276893523956337,6.271691504617533,4.034614993569752,3.660699044664702,5.57276877996822,2.6339774221181864,4.774916865924995,3.5075769881407424,3.6237663835287086,4.276527399073046,4.435265589877964,2.4321325575932873,3.8831274521226704,6.298088681278757,4.621987771491212,2.7238531202077874,3.913870423721769,2.715945553779605,3.548000458627941,6.588884876668451,7.405727034867356,3.9147049161256318,5.2190025116006575,3.682219817241033,3.503120931734641,5.424755766366918,4.044232307001946,-0.7361928609510288,5.974317902326585,3.1164314088101217,5.921598616863288,2.1179208974043577,1.16993502775828,4.209318306297067,5.935855695605279,3.1914191206296296,5.304932013774912,5.2895639508962615,4.013863219817481,3.253210014104839,1.9402929320931412,5.565847753485047,5.381130708754063,4.230434816082321,4.4814144418885276,5.41524622241656,6.176974250127872,1.3056838468958942,3.1706705549110974
2061,4.577917751053284,4.593248262487612,6.521178571314653,8.251396569712409,7.137655216044401,6.168039812288918,6.451668442323291,4.562557893066567,4.540189461718345,5.298970701879471,2.2038255853514275,5.115488399205532,6.290330994231954,4.771983435441708,6.838401506687032,6.681464774855253,5.159335969337103,5.069821072678119,5.1480757141935385,3.1117615843641326,5.468139617607514,4.789713942799076,6.856044279090292,6.477632817459002,7.291700136558768,8.608410240568478,2.832698056410098,6.789080565859529,7.43486231771009,4.831975171792097,7.311168768603743,8.545272586674534,5.191551463999624,5.169044393403778,2.742607908516097,4.127566830865269,4.674402743834877,6.566241840864051,5.021406061690429,5.142255884563105,5.35568374652287,5.667381732403462,5.7837101064365495,5.241854967742133,9.206052460804068,-0.36803596371239045,6.977499797169505,5.923527613796041,5.104437357906636,4.505369680708855,5.791723862290385,4.447880819439893,7.225628998772855,6.536378007510613,5.753727942705154,5.158307312570257,5.718126161345123,2.529373753173596,6.09381093572954,2.558105291991397,5.18539904019442,3.4654121563352387,3.7353795622957167,2.2793297312896814,3.6630207315601164,5.700769189102894,4.977765230269269,6.864563700453988,7.532418905661023,6.199167916358541,4.7452275203219765,3.314104309369776,5.141729705806436,5.045940078546571,4.439578802164261,4.471698855531629,5.557280426138431,5.790000381269334,5.945851679923461,5.0429987969069625,6.341845050967974,4.965698459025085,5.013472701968819,3.9821030426898942,8.831590331448561,4.150982869082482,4.974501241897715,5.661699513551488,4.9794964027302,5.04368636769981,5.033602803752855,5.209147873623618,6.740316216287943,6.183913311824714,6.121402858499566,4.4118243643435955,7.66027911701079,4.222262073565146,7.351065197895317,6.434515700258054,7.129619616372838,5.71769937114983,4.414931306936617,5.08509614665446,4.634816983650465,6.091547198079782,3.910909381373945,4.841981577590619,5.127405383463564,3.700190955644536,2.2579266416101635,5.7881596499475965,4.092095291820067,7.5744758410186614,2.2929092378451896,1.0053176123905836,7.785247297636392,6.932730574546194,5.968901000210435,7.667754071411389,5.639808309232371,4.983203116675903,6.220967990571056,4.513479864802849,5.611811367602187,4.491495345687046,5.402122910680446,5.347298610056271,5.611988060690206,4.0228356158938885,5.354504888941502,7.140461016831733,6.104406271900595,3.8744005437555002,4.938938472805351,4.289830750946338,4.705513411554796,7.036823011677838,7.717224203820885,4.946942484584352,6.026862921193244,4.887724510554608,4.655480605903372,6.9666866413478274,5.143874734511663,1.1661621424658548,7.4406821707199375,4.273827447973449,7.390410698693379,3.30901268150272,2.981914649878079,5.1742267852713315,7.092511356904588,4.754995128974833,6.216581277549269,6.1496802540174835,5.313897646449766,5.058715479127293,3.717529218708134,7.063202661686933,6.394009181137748,5.8488869476934955,5.863523327841841,6.329427919511135,6.649948447428896,3.1382062897599967,4.209115624781057
2062,6.388916294122567,6.4608266756966275,7.738733750077545,9.954198355304781,8.278808593460976,7.707111207575638,7.4983562762238885,5.99425499757816,6.574810373115127,6.673397049564738,5.350270749936845,6.327377234553474,7.323080844438538,6.523049422379193,7.896256822321947,7.724137579347812,6.324012192158863,6.17371640495699,6.352352248183609,5.497903206353562,6.563733868043999,6.147316670623322,8.369432450625402,7.473333739258088,8.374141182622004,10.175154248059819,4.3876658639517325,7.923706426445783,8.510604961293524,6.036095872007567,9.039052464324854,9.618869250190674,6.338196103059653,6.418344442186686,5.792263961172312,5.31984771222904,6.049335722265575,7.9928033968498005,6.416662999653616,6.349132141676441,6.612342587351032,6.7482694646921635,7.029792715249389,6.627734838145914,11.027122347519322,1.5716499349680453,8.192203575167165,7.147799367020872,6.33748150706805,7.296705113402728,6.82424405885154,7.256528550951648,8.331724211533462,8.595179888195005,6.763141514540745,7.156023834029154,6.9119558108264005,5.594533235862337,7.471798949200536,4.124419440483226,6.420959929967749,4.838721413550708,5.763227175021989,4.743534942639288,6.563663184128962,6.941954885448875,6.140542676351191,7.9651003577585895,8.61059049850908,7.351709502524341,6.033069369094125,4.8854660558803324,6.421806569757135,6.088740541471231,5.658137934025507,6.427138049733536,6.776693134986121,7.104542823187238,8.805383070789537,6.233778136525435,7.811894041164937,6.336735029672754,6.556533473415363,5.394977174956224,10.66873346423281,5.438240406328233,6.236150957900903,7.221928681022133,6.264049838329179,6.173449931618086,6.0448910996060965,6.535293956255089,8.014371333836479,7.270827209793736,7.201292352429758,5.672166060720536,8.728024291709582,5.65536930643279,8.436999038504116,7.710471690471832,8.38795962775576,6.8617773104844435,5.832813799381258,6.264169140140812,6.013970355535377,7.202850667438632,6.727595312842011,6.130316355105103,6.518899738595915,5.25954604559931,5.394670564552833,7.0572638938139285,6.145076083468981,8.812050077935748,3.94016971310665,3.7389678305079177,9.571016363542656,8.220420479646016,6.909900568425654,8.750560144925942,6.7505716460532135,6.219681429451911,7.586903413629219,7.129179374732333,6.8583687276675755,5.768251770272341,6.764016236724524,7.157546014364431,6.798130926900898,6.098086051642895,6.647609530594849,8.306522674280506,7.200311010896135,5.868432972451736,6.87724389341371,5.492619534890203,5.939734596630626,8.302660398956,8.745287412970232,6.0498951778843475,7.1760207432611205,6.159566944015439,5.875020109373946,8.050390531252749,7.186151201868885,3.1047266827061257,8.581106418245959,6.310505344307628,8.449983706505126,5.392504609864335,5.4128854087200695,6.204777263875666,8.367396850138904,5.939022947167015,7.408330261707311,7.2240393554856075,6.625725397775912,6.458571000345823,5.198273962235143,8.145327910010161,7.795476735408961,6.923688436633553,7.075726515774068,7.5610972509302,8.09129143403522,4.616370371896132,6.115167286174758
2063,3.9917538520591034,3.8864585469509034,6.1293573913903066,9.088402813621636,7.0829867278707415,6.333369643523774,6.365276002678378,4.425557187918957,3.7852947650284583,5.201485028040821,1.8897948342150674,4.43507506724062,5.934118551940757,4.882052546945113,6.822505652904513,6.607345484454054,4.558312577420266,4.390773786520904,4.46144580070315,2.1813495748772724,5.348051505420228,4.097926297835233,7.253096921690579,6.122143352789614,7.248779397843214,9.163349587968069,2.5467293429477458,6.46655550907398,7.399592384053715,4.135601990438739,8.154452192870064,8.401909701445877,5.018493338263243,4.537587901705811,2.501061460067483,3.818778686996167,4.51578102414978,6.951029726988557,4.380567605125493,4.480604549934126,4.9947979614652445,5.566344605590186,5.107150941059509,5.195106442118509,9.956506569066956,-0.7089501408667366,6.956782041952527,5.313048651506163,4.399711746594,4.147263469881026,5.7095262017743345,4.068545041413142,7.163918069724379,7.720329703955817,5.387867088397515,4.845345550056158,5.295129531416402,2.252458153870601,5.973279959168931,2.3296224762653517,4.865270885157173,3.2759986715070113,2.806682446907313,1.3806345128807578,3.4533874615384628,5.08220523647193,4.356407222048989,6.778130508702374,7.415735216618613,6.157242538600129,4.272397176972753,3.1000496960919475,4.595989893222677,4.346798124498334,4.084000708214163,3.834624470179452,5.0603138657351,5.403953952008277,6.299649776714246,4.374738111578185,6.478069123522988,4.8956109768357745,4.386619776230436,3.788751777903784,9.560591957178612,3.2678373836237786,4.271229925854454,5.842320847100225,4.2838398576232395,4.349162546532424,4.3305350341673545,4.7294299608931505,6.95387899772874,5.812644925096944,6.0073780869615465,4.353829518217469,7.596166155975437,4.071719668034852,7.25156819512104,6.089019018514401,7.013537842908811,5.603967064156613,4.280810782621642,4.671281547381961,4.460655516720025,6.031773993167388,3.541605783690666,4.11770887672901,5.092698144758572,3.539222108906715,1.9212069090712682,5.379343640139521,3.2489223952951094,7.596150880229885,1.9976859955952093,0.689573827488672,8.676514721636112,7.014056989473516,5.611055446339066,7.575936840525991,5.655102251161788,4.440297208983319,6.1747297963191725,4.168306235737843,5.155307844795034,3.950991385969626,5.29993742807158,4.6850388219644294,4.9903440105503964,3.52992501957663,4.980481560502584,6.772594547991098,5.97191349005905,3.0191569367166737,4.276835780719233,4.0455159462731505,3.973332899911652,7.109928332526106,7.768015730997612,4.321415556915878,5.6703457852889745,4.143600231100772,3.9325281797811926,6.900280436565135,4.561749391000844,0.8234877969973318,7.37532886811372,3.4309265081738594,7.323434251649622,2.318630732146319,2.733218404496541,4.610209682378276,7.231825081695771,4.553300513275737,5.8551237583160365,5.768469851592493,4.694108839692742,5.005160149459823,3.5584932750669007,6.985750912592331,6.6715403150381745,5.79066737664157,5.817584664657196,5.972932910097058,6.751808427723829,2.856627442199614,3.596817751768332
2064,6.323084269464015,6.412325569118063,7.296359105252973,9.997678004205229,8.01668433789164,7.563834355926763,7.252432016562674,5.876701133946574,6.517437046021225,6.514430036644143,5.397204992113017,6.250378838895512,6.923704317832987,6.538356977080301,7.644957071061559,7.45258901839455,6.243273560112963,6.11529308830699,6.285761721432209,5.436926303058864,6.324846698654194,6.251924925049148,8.214934723513819,7.094522331158322,8.17964630325635,10.288981719625498,4.2650621948142815,7.491980750610432,8.432371710985903,5.963798606644074,9.065982829531027,9.374170958002411,6.109508331554633,6.339003112167121,5.826174775511026,5.0876159096757565,5.894981051484746,7.994810172418754,6.366632985199489,6.282846479987104,6.237806798890231,6.526904960597554,6.944585844920952,6.491379184275866,10.623238062858585,1.4458192837735022,8.113242560625077,7.05382439410314,6.257459003035911,7.256497313811758,6.561454459528131,7.237272049238288,8.064876167600355,8.630345140149197,6.399904247621699,7.106415101978924,6.542110856436191,5.643028216653816,7.139294296999774,3.9889594614505786,6.0602012729272285,4.688037412861984,5.708944770631694,4.689781024058658,6.579509195437033,6.8967359751307775,6.061433979909632,7.707486917575198,8.538778871297838,7.121521254597854,5.9366557314991955,4.750242799893024,6.255458901325861,6.028752365428954,5.367915187279382,6.378145756696665,6.542924961447721,6.619067045984167,8.998788743109133,6.1608858810116915,7.672507502635323,6.186491136749587,6.50166468322277,5.277326239148776,10.275828230381011,5.393251581490042,6.159532699733977,7.234772195418674,6.1744613377998325,6.106325467924278,5.99478278656801,6.055810149339962,7.9086491330216315,6.870666789015134,6.959934789190694,5.505489301184812,8.47588400244713,5.521175757298873,8.179802916074793,7.20863324292004,8.115727378924683,6.594196065096183,5.679520799467964,5.92631097982327,5.860144457640124,6.923622581238548,6.711342107349387,6.0492606272300105,6.382855846174062,5.114892948744816,5.406325301434844,6.599393442024786,6.086516645550728,8.728767062971988,3.8209054504831608,3.7467338737721234,9.603590567906696,8.098430110017457,6.585681108261148,8.508317968769308,6.4622323386371106,6.137920394539834,7.319716711450988,7.123213628989954,6.407726967831451,5.365867624680198,6.602597084858766,7.095002819038927,6.75886635656158,6.03638173857083,6.5611315600574,7.872012541691464,6.956862349870302,5.807873613387341,6.817244197428227,5.250370769513152,5.872415686150393,8.190844430277743,8.600900580485659,5.9869550754626575,6.745275058100615,6.095921553423002,5.81022319570184,7.783907237214349,7.123677319536608,3.02519495325784,8.312075670436025,6.25063106616338,8.184855671444287,5.319456938134195,5.387019359630843,6.132989352941514,8.187632283568384,5.688349655084311,6.939909986158217,6.8141229973174635,6.568779868880907,6.285926648167275,5.06555447677771,7.893499841727319,7.630462077756724,6.64300506436266,6.828537130355834,7.098381575072804,7.966855137546857,4.517017876791462,6.101713925398262
2065,1.9360934917269081,1.571941882885738,3.769662315282844,5.983099903012149,4.51952258317635,2.881425801022303,3.7600436775848776,1.7879956272141675,1.484086315693525,2.493851103659335,-1.2258432619273645,2.1755897176676777,3.7706592291079724,2.1798611799704632,4.109713667682535,3.9367735979372056,2.368062311205372,2.433531235178914,2.1093176664977245,-0.14473378863828035,2.7653704223961646,2.3317539071471507,4.176912895949752,4.066564847683084,4.748806251277186,6.339796340671079,0.04503455241050302,4.1243248054564985,4.950939074929417,1.89573165260512,5.0860846407454625,6.137987584421603,2.4410198585226617,2.136035935632112,-0.3808990501124255,1.1264324246038648,1.9303614445801422,3.992179091762879,2.458385582884838,2.1917939761589365,2.512601782535684,2.922412577374226,2.722254233113651,2.5526638967466786,6.930449395858008,-3.79990776217189,4.158226824188926,2.9956778257057577,2.068823954154704,1.1893655565278318,3.033229743612224,1.1451891439742072,4.550544166616326,3.8612417301227318,3.309919210086608,2.25862669790613,2.9287919885125664,-0.6873623608001346,3.055016637105367,-0.37930753004962,2.3480499808130584,0.4650087849847233,0.6187976218503127,-0.9947052374482157,0.7108797882522988,2.6035194170886093,2.166633591569703,4.211171494218814,5.096144185369383,3.5229715855214123,2.0174323042918902,0.5525284861696206,1.9303165705039567,2.5908445070401354,1.53590159837542,1.5481164457982977,2.5782460518952095,2.724718919088099,4.1749135250675256,2.202585078390509,3.181680784400168,2.207049737716542,2.3259780198849476,1.2743483041894836,6.551610790963834,1.264521328539683,1.9172577775757869,3.0352680577157893,1.8176403580040774,2.3987560857344286,2.649405234846577,2.3207986748552507,4.041320862441227,3.6335138940605614,3.414037879171044,1.4913739752152895,5.129842703327021,1.4682589029443684,4.748155995818049,3.401789381072442,4.255744290249103,3.0157511784084927,1.6632207477914893,2.255969590154188,1.9752601508436527,3.2820582872834727,0.655149576478991,1.6667662180703284,2.4725747432174368,0.9224831153606549,-0.8711448975613929,2.9248605030107093,0.9952491234088771,4.898702006209001,-0.5521651821467913,-2.210780900614017,5.4622339340697526,4.042776138618073,3.6936600429230713,5.129860905737712,2.7563127572487685,2.0510006896380713,3.3812394298869943,1.4044577931535658,2.8136988909080096,1.6256018378611292,2.637543768718326,2.4272984636241013,2.645170483095892,1.1194105410370339,2.517386228873811,4.459832500281009,3.411570895334773,0.8423592890131049,2.0760649257692814,1.4007511411247557,1.7474693799840997,4.201860796788643,5.455449261156647,2.3217642690087197,3.366954438388347,1.8205185820316443,1.701344202304711,4.195779843063185,2.1111276966744503,-1.923092848561092,4.794273490792718,1.17551116285653,4.725208359674133,0.13191717580474635,0.030190394870166212,2.759258228129353,4.54840174831193,1.9008150537466155,3.3617085495899457,3.443817905439386,2.011397188336685,2.3154062957599235,0.9866724651435316,4.372910517492683,3.8555676001926953,2.9635705411161193,3.1699247473272782,3.4453918338464287,3.4591541130994923,0.24133388235651237,1.3123316694179483
2066,4.611855521284304,4.470323887364619,6.114012800670904,8.428369525113492,6.859864448678904,5.769421242948238,5.964528352576146,4.2888213430113815,4.490482009947297,4.920378694856735,2.1463759369377446,4.719680701414573,5.832612083389842,4.5465037813410145,6.345780654970948,6.1657428142839485,4.789268733002246,4.761799100401072,4.7113492884512596,3.178803788433817,4.994962974612056,4.5791105327421215,6.755183440344083,6.057633185052665,6.871685557067394,8.50043305497745,2.662541539504611,6.339362212103507,7.049668944312326,4.441329042716274,7.517057329030904,8.281970896340654,4.715863367606857,4.7387443258073825,2.8048735479342506,3.648859659338311,4.363099367261447,6.228198388013343,4.887578904500295,4.725136158281362,4.966020089156668,5.1825268417596835,5.347584366958973,4.903974321895639,9.452570650084265,-0.5020181654856144,6.545637235077549,5.537226497870072,4.699540903872075,4.193653301946044,5.267241077690287,4.084920110052515,6.832976277146874,6.771178088825325,5.322680932951385,4.83403655604042,5.306269249525563,2.5652950218525463,5.654465094208718,2.292253467029539,4.7897531188510625,2.9485568726628006,3.6819251983843997,2.3954701798743225,3.743078873974498,5.258567543893028,4.628151871263983,6.477449943793229,7.227890471189186,5.748809208130013,4.462459822410141,3.163369065279078,4.67243567571558,4.815629755243146,4.008317147092571,4.42344931127696,5.11326454798209,5.282208630710776,6.293155621351868,4.6711882021406606,5.9299055453518354,4.583935319285452,4.906915455719393,3.7176579133254184,9.141540597610428,3.907672710459809,4.585085583658052,5.257888686554188,4.545220551562721,4.787080886163588,4.810778608417202,4.813468626860912,6.311590204208061,5.762505095066697,5.647690142793902,3.839908890811532,7.280686199472387,3.959365468664929,7.011944146762638,5.891632071599879,6.684106272741638,5.308897835941147,4.135619699698068,4.649033317149711,4.389410645797333,5.618025085021706,3.6713243081266507,4.414738566325657,4.8219013383676215,3.5373366010086302,2.479121406145137,5.359725930567445,4.059422976754863,7.253168975484786,2.1766807673306325,0.9796842375192145,7.991810943545966,6.51196125901208,5.56848610218229,7.331088643649535,5.0996146494972265,4.60477850200801,5.874875592388984,4.263049468783468,5.203186068876554,4.101041096615891,5.039082308781559,5.254792557579691,5.200191606093072,3.959377723970805,5.02175551781367,6.733705539384799,5.683745103848073,3.8164968161747375,4.937266962538505,3.86446055256087,4.361193952375445,6.62147759581948,7.3470281997117475,4.628088205282031,5.607010584709972,4.51202638190368,4.287306169449384,6.491112238888079,5.042083850194669,1.0280523341277523,7.124171368263922,4.21263476846547,6.921066146343947,3.3034554260044278,2.9825682704304817,4.885144765264,6.896377582488392,4.314290668173082,5.69938822225507,5.637489302661912,4.804856050631098,4.740939461786688,3.49068194473612,6.615687175557531,6.224016463319803,5.301382100177479,5.512273861352225,5.8442790659851,6.211564265705389,2.862911146904886,4.183263094389235
2067,4.525405277722869,4.389923357436882,5.849362780564816,7.689614111750293,6.671891395901806,5.149403982121371,5.8136826685533425,4.678985606493621,4.456148715432863,5.294279716652016,2.49787180151405,4.507407107486805,5.606277825503513,4.780572817500294,6.1845752379760635,6.002580906810436,4.569915126752237,4.549986564452912,4.471443313462981,3.2140031087629746,4.8756927156917245,4.3735245155363245,6.278139713380872,5.825479388493914,6.508717149239163,8.28167253604223,3.032348763069203,6.085296361996184,6.682807127720321,4.2228217135215615,6.761634681759208,8.156724883949959,4.673495105422702,4.5030168438779885,3.132138508363976,3.53063095438069,4.714443141016467,6.033914908252913,4.717043636744071,4.505084546475575,4.741484106165073,5.1112001767574755,5.1149064487424445,5.315765427618187,8.824651537270384,-0.07646547514816414,6.086321506006962,5.334971763707442,4.47368194522529,4.476156939720286,5.09494433680485,4.402787165395143,6.668925365019627,5.792222530163564,5.102044049586199,5.147973270926239,5.029306131961016,2.9118529047560116,5.250432493614744,2.7067557049208673,4.59610374528786,3.3818085728020497,3.657100945968052,2.4303316288980947,4.052644291314586,5.002502850417437,4.392519110235676,6.330238123392234,6.810426568933606,5.806409248953753,4.492593256563975,3.5439526752151305,4.380521511209426,4.593980701576021,3.8560623899102238,4.38733869945181,4.836256599631803,5.011640628093277,6.147663489241024,4.465322687033692,5.367683901869021,4.983972608015457,4.753792744258356,4.0919861834624704,8.450839296111774,3.6673224733425887,4.364672156757323,5.522512273092212,4.321825311872468,4.566633094615979,4.5927212962816535,4.561962982061607,6.105334238502487,5.531285057293959,5.5110133531792425,4.169627911571801,7.155716564506293,4.347382556261687,6.851992599505544,5.631802276290697,6.308433066058002,5.180789797534717,4.533290092287393,4.4386195946356315,4.716507247038956,5.450757939240029,3.9724938407026467,4.1891027240660685,5.214798127654298,3.936551728125277,2.7900198193523904,5.1022648816478675,4.01934135011558,6.776631654464993,2.556226580307401,1.3612632723204023,7.198138495971415,6.031266296603555,5.357924096543214,7.1938181457848405,4.9329336013259555,4.506867143871452,5.466633274123584,4.543936480735911,4.940048908862961,3.859057739055877,5.407041699464981,5.146952420087723,4.957649016768899,4.130539086486758,5.096590928476429,6.493766696802502,5.549045678292368,3.7853866599757096,4.86110141985761,3.726368597355381,4.133093701868221,6.1560032465174,7.008460860314044,4.4161935695286445,5.355284248575053,4.294213603282795,4.057347963853131,6.311980239918522,5.0184867958184975,1.4166166787517487,6.94428636133671,4.181649649162494,6.756399116896349,3.259009445664183,3.3338057614606,4.694539466808582,6.59066590975071,4.193559545895149,5.455838844437026,5.381923641367207,4.537308876113642,5.175633630747421,3.862475327376658,6.462292171243967,5.842101338608512,5.125191232767597,5.318113484098737,5.59843631910867,5.641202374008195,3.2282447044191684,4.101926353214117
2068,3.3266610095898286,3.1935447220380144,5.737772459785143,8.522735150158402,6.163649279127516,5.711149819691978,5.4074154275159,3.4401198128238297,3.0523898293574647,4.237992362150303,0.7375421680510066,4.067811259130639,5.545403213302295,4.2160990443080655,5.826563355047254,5.622205367187657,4.158966536819937,4.118109389394521,4.0699900880456,1.6598022642234935,4.396974223231274,3.8886844811340198,6.3963656810422735,5.756589681655171,6.807604588071504,8.649036366740862,1.6008541457355057,6.042798743039991,7.0229061708902005,3.7882839350961133,7.555621900161112,7.550816298214096,4.0732338291903325,4.092880837619303,1.3828700973962735,2.811428725595275,3.594608092059692,6.2278814405979,3.9429609571894035,4.092116463060182,4.3733070715951445,4.585392720438537,4.728848476707934,4.215439756959679,10.333259284247955,-1.762739469110968,6.50530210261544,4.924811062961821,4.0008216302221005,3.14569795529048,4.708904306031761,3.110408337910971,6.223461292994517,7.0178332189718935,5.010730771223704,3.975003294150033,4.884143773031734,1.1038202327986606,5.4690420289834325,1.357199349999429,4.12635170891881,2.2824221531550086,2.2360919022311747,0.8016530558466897,2.342958079402645,4.623014798512061,3.9555633415778475,5.840992058813571,7.272733960052334,5.188111614994702,3.7441888794923814,2.1550023838877705,4.048888196423651,4.153883369763694,3.245121831695242,3.0415057395895335,4.577005078891911,4.914183954397834,6.6138026709357876,4.037173221757015,5.916606893142068,3.9250678679285,3.8709634239474906,2.823637058213356,9.85629454193016,3.0919559801618255,3.878851198405028,5.0952067719151595,3.840283559759459,4.090409860759974,4.159521532555417,4.363529626031717,6.1127304777503,5.436287841697538,5.063710449015098,3.3056016862392417,6.697982448836167,3.08464006232098,6.34938508893053,5.574328310539327,6.555864499012631,4.610756702627985,3.293677627357345,4.091683310270306,3.584409298996133,5.021549801280098,2.5396191375951034,3.6954969632206534,4.1135893325010935,2.5528075698879578,0.8323107849806513,4.9707163373629255,2.602173769225678,7.154668485124902,1.0700239410003043,-0.34909199513494665,8.065895687788725,6.525447087983289,5.270082730054855,6.692537535975376,4.583604873716834,3.928041915223002,5.669411586721734,3.209345723870985,4.798005493978655,3.537893093625705,4.338519112765792,4.025588295360409,4.573425555663805,2.7276560449351863,4.296423637346989,6.356410202880698,5.01958549358727,2.389766237139701,3.5664568846424434,3.043795566757524,3.648191748435299,6.6130894221365475,7.3558151554316265,4.008638523519038,5.262182023624581,3.7865204200148583,3.6076755739748476,5.909128073602913,3.6379336717228083,-0.12565873612960074,6.473481165866065,2.7674461817989777,6.36240675151348,1.8117602902154113,1.691735430806875,4.296490527068573,6.392776531664037,3.5300867458184535,5.402481233576932,5.359197226663432,4.149024212236209,3.991066845754782,2.5802658557891838,6.050818664332231,5.8430764988064805,4.734938148409128,4.876933320208143,5.501887601117291,6.191481837816541,1.9621676050126604,2.811468972886602
2069,5.802146172921717,5.938128721354335,7.987577024461899,10.208591935449633,8.104674678930113,8.201269332191037,7.399483178196279,5.848742975243201,5.925094375322605,6.587777925205644,4.614721606389201,6.227080519343246,7.593721164518907,6.570256756169015,7.812820630340737,7.629858384615391,6.238997996881088,6.074290730059149,6.296088031653695,4.720471033633781,6.426835671773758,5.977980428728568,8.417295569385374,7.74521253026765,8.797329933800059,10.397413161575214,4.083214129995685,8.226807393005188,8.949245322110324,5.95196536491657,9.309310469647933,9.378473915994677,6.167640532527507,6.339736931282906,4.938619013490348,5.080769647555107,5.898110741171342,8.189621492706499,6.100313951293455,6.269742185185694,6.668239482586143,6.667837487726377,7.003346244965134,6.513630329791841,11.6102926097168,1.295897132363813,8.648202092996957,7.1270893891823714,6.228302379106654,6.584211765692152,6.741227877294194,6.537250122119638,8.196012425220347,9.131854771459798,7.040262015729113,6.738437442558588,7.144659685677494,4.8059689108430845,7.815867819919669,3.8986380994319907,6.346735593088067,4.732586411052734,5.096787264634821,3.9560415631738204,5.713737989807952,6.911316761168944,6.086195416491611,7.811111518856266,9.138901518336658,7.2525569862075905,5.91573213708812,4.622932209536947,6.467493632294497,5.990669897131235,5.482893066480755,5.8159092095648415,6.908639352062133,7.381045540345125,9.107034672950876,6.136159788174877,8.282186080669534,6.242088089986093,6.170918650539786,5.18498443169841,11.222738546544106,5.278854217765659,6.121248648405587,7.3655512270614,6.145493372247133,6.066713290674415,5.9462138354007585,6.721234767729867,8.111315904634775,7.525733423644096,7.074665712256884,5.6202370144169915,8.570681680636163,5.470058878177195,8.281570430331193,8.020268712321235,8.798311984744567,6.617323678243777,5.6682538950237715,6.351122524460837,5.855176849804561,7.052301257077993,6.03273376706859,6.005951369181281,6.3872330754288855,5.00486216604196,4.444143551498141,7.293131494605591,5.481164961154089,9.240991803592651,3.63665886839916,3.0766615571518403,9.850764192383867,8.697948956027114,7.177107262714153,8.581855454064646,6.6673484836416,6.14128615270401,7.88322610382376,6.490275804852615,7.094434892566044,5.878225341182334,6.647017836089022,6.645173198832519,6.755420527067679,5.538389985931337,6.5445185853489525,8.564429903595613,7.026425730822413,5.216854270162258,6.25399142889113,5.225359159810795,5.824047325500129,8.751937988888605,9.134983576577287,5.97052714077692,7.450342799440538,6.035718712313427,5.768433044174815,7.946833905217973,6.549345355898402,2.7610250879721385,8.421377255998811,5.650564932810337,8.332900897382983,4.699467467336822,4.7732395281822555,6.129639838790072,8.318637072783089,5.673271139120235,7.6877403896430465,7.5424174680535145,6.5945611649738805,6.316519055258608,4.965852359502479,8.036686759056712,7.750223502388289,6.829536376328303,6.88182549409825,7.831686897524472,8.572195197487698,4.468160635566918,5.522757470415071
2070,4.432205873830568,4.350321654230355,6.784891868234961,9.588768376519202,7.2334386478981045,6.930804525983742,6.431135683737952,4.8229874855485475,4.290473465004869,5.48886850039507,2.063571283658002,4.947132627319158,6.477902847374308,5.1336564045271,6.798192124428418,6.622787087641912,5.004113272169673,4.930251917448537,4.961421049553258,2.9514276816927127,5.473734542470555,4.5722910915983155,7.530947497178774,6.653917132266638,7.757028082321433,9.290709710583606,3.0748625515863814,7.015681851783704,8.00938268082923,4.66134496421778,8.630362894000676,8.630872319869953,5.223431088801088,4.9875744663435855,2.708673138813724,4.124210215848068,4.875419587988791,6.9771669085683525,4.877819282869843,4.968183285926051,5.53694042666205,5.652541332717599,5.637335145267943,5.463632113460837,11.119933646300751,-0.06882590800523673,7.5566510158944205,5.847995521821855,4.908865300488885,4.1706850605792045,5.724789267470099,4.087304004435906,7.242756348231742,8.194990349997733,5.935981641041822,5.049478359520435,5.885613810913315,2.460666106435761,6.584286674857138,2.7801482659475583,5.327629188011431,3.591889772692636,3.4824870932718786,2.1315420901980895,3.6511147387068865,5.519588902432084,4.793836940722219,6.886657470323403,8.102731986934767,6.27282930191221,4.774837018729281,3.5815873513447842,5.033553283171859,4.944587804633999,4.503039031193167,4.238573662230164,5.5458912482035565,6.0132838831893345,6.459273649443838,4.88927469916385,7.0969067292994445,5.141544925241637,4.87892415246059,4.1865976800949385,10.67373288499898,4.016700134195127,4.812643968211164,5.976739106507136,4.782246973108626,4.938783869339987,4.927194723538283,5.487165881641982,6.940856547191226,6.401926884363436,6.115184536781806,4.474025323987005,7.697238696546387,4.462443494270074,7.398821463358813,6.648434095341589,7.611044824123383,5.740633831969624,4.6497902567658995,5.232753722342374,4.836482366482757,6.0750655716863164,3.596736920804815,4.647682545513946,5.335426609577805,3.972232264434468,2.301228424277288,6.047942534602925,3.84456081559946,8.209517891936263,2.565841686751312,1.0590943788531506,9.180295276230778,7.597156854539086,6.146354429199008,7.714195462650272,5.582697142300932,4.898808680410528,6.779981715925809,4.226204249622487,5.87564245996804,4.703766618437808,5.631181255496781,5.145730428140741,5.451205319885547,4.0143225322927085,5.39810547951994,7.360614172600466,6.12124191378725,3.626756931558765,4.742154192564818,4.288170860759142,4.55195618880078,7.689946649403412,8.269115984092425,4.799791273436158,6.256155799175131,4.727145518144144,4.4874339239864565,6.933685810401524,4.861723918082383,1.358197721941718,7.503952281228429,4.017496185569927,7.36312572195612,3.0792643165793936,3.113231287948015,5.0454320278147184,7.484672976850442,4.752814611484266,6.432041894772961,6.3379890338100235,5.083213406390157,5.316992016830319,3.9227731284396414,7.053703432966925,6.965607501052576,5.767924771050056,6.0312249645076985,6.547819702275869,7.373211404372904,3.3044021592057997,4.00650857054982
2071,4.680942470785873,4.670557956757216,6.742773347887501,8.940900189866282,6.919032522316636,6.7270151840458645,6.17538314338388,4.5989366682438995,4.624969808770153,5.265447906892877,2.7430148510069703,5.061934165142734,6.463891828111535,5.010357935366961,6.552706259591822,6.376422756704795,5.088720131344324,5.026996184525821,5.081288622371083,3.2910755549011563,5.215622230336581,5.183092256558352,7.063682820262585,6.648547397219931,7.633156375124541,8.964565137240651,2.8803940584947325,7.010775192544379,7.800703904880534,4.783567976335001,8.057056803127821,8.327307257929753,4.970182753071704,5.114661079446044,3.3038451969623583,3.793063889289725,4.68010607528789,6.69076054183574,5.056532688695808,5.105584775322467,5.433353563064133,5.419695821044775,5.769768632434565,5.29741233651494,10.67084070320787,-0.3289129240759504,7.380851352523117,5.930334726027374,5.018100776035208,4.83685615409872,5.490211421431137,4.794282979235568,6.963027405841598,7.441751356076064,5.933952073084901,5.3029831144316475,5.887937223667215,3.077765164961072,6.4842824447771585,2.569895726853402,5.1580374364998045,3.3927168417079723,3.7903096380418733,2.4829161366255135,4.218235069821618,5.6429334033666,4.89229370958718,6.606387758177928,8.091333432444213,6.029877092838307,4.74384059256007,3.382474824272356,5.048873761604569,5.019965278691255,4.267816626563154,4.5676725840774095,5.5963503086361435,6.043058982953945,6.8949973781047245,5.020298605443556,6.878574308907167,4.9600733814054525,5.080167610198263,4.0188138053334965,10.318256431612477,4.142319890445676,4.924431810091283,5.831351334935631,4.9016406927257785,5.028004097013641,4.990400604711009,5.459604564540346,6.6748768019265174,6.391753146424891,5.859621247083976,4.2982008174575626,7.407253559807252,4.249492505501059,7.091433284450963,6.653941163150915,7.494766211843699,5.4756989484203284,4.427654152928759,5.114485127401765,4.659979893496775,5.776013870049144,4.27962037227277,4.766513734285174,5.183606370512782,3.755554374949688,2.853316135961434,6.0582326316788535,4.178917067831959,7.98935105831459,2.3623360611883717,1.4024718380693684,8.530439995999995,7.4025966201362925,6.149335644304238,7.410644389432053,5.332472360821381,4.938929228690164,6.610556726785507,4.843141973628824,5.862061390075186,4.660304799419029,5.389828071255109,5.4372795581303786,5.569639562259846,4.232531267635782,5.359758102046008,7.357668603224489,5.8371407461577425,3.935375448444796,5.059237479473113,3.9977771788835543,4.668546878572161,7.492584463337369,8.068521027421127,4.905805087744675,6.236579652490289,4.852952058972979,4.609789746074839,6.67827052597342,5.23957380960728,1.2889863038114446,7.194017522807777,4.343121903723685,7.113598236236081,3.36006580550095,3.326941240450429,5.121288915646489,7.082470553702323,4.476507482857538,6.424887229142518,6.335882483114461,5.2333128072064525,5.081230983138077,3.770446941770356,6.80627690024417,6.533080851723409,5.517609864152197,5.690853813598894,6.558806117752504,7.1644383303435735,3.127641885445035,4.2865236506893725
2072,3.220853952566783,2.799644657100241,4.002846481899421,6.670396586259208,4.970986020813383,3.5082239607969896,4.058076147238416,2.4978309248884534,2.8527643395277376,3.1481988615045937,0.4879063673317449,2.988492505997417,3.9599580407142647,2.816447884092727,4.422699782764539,4.221411469702919,3.145969986046357,3.201899113789358,2.942774550616738,1.4991683336595694,3.0470730045189454,2.9861264222611985,4.739689485728743,4.254263426860173,5.119401713709039,6.807145651367806,0.8267638901869458,4.3486292583117265,5.38558589691917,2.7101664073765264,5.778539619843165,6.515396107081326,2.766684973550339,2.9537658490240566,1.2303362835819511,1.5090746976435188,2.6161108043665653,4.3931650622747815,3.4283087750275922,2.989554565648236,2.793126213550568,3.282686521920063,3.5378065999597337,3.1722604895010615,7.854001339524984,-2.7826742400725717,4.641920090715095,3.756683798506859,2.923349471886951,2.6340606252352408,3.309594376881916,2.52972089499235,4.914515672003229,4.693699869513513,3.4772544662157703,3.262344216182828,3.2782008454203635,0.9741676111239929,3.4543384492397324,0.39595257248729215,2.6401018857955942,1.1203532184163727,2.0422518035396946,0.6900481393715989,2.2607133448123915,3.4660043423374516,2.9666990886131925,4.566462593774003,5.448283410817384,3.921429275969666,2.772578028837837,1.3325634655853096,2.714401745672029,3.3473134322712825,1.856362408896287,2.872836336866022,3.1560100764967514,2.9625014108916106,4.772988846401374,2.9862818600299454,3.7804387579361616,2.8540201847751963,3.394400475919245,1.9652911434570945,7.489097609370949,2.1658439677208654,2.772406732415158,3.6002234727144256,2.689672032992043,3.193836107601719,3.393179039323393,2.539879367500542,4.397313089172047,3.814888487507902,3.7165691733360315,2.021842811877529,5.47177774881323,2.1775789260864253,5.136620076000687,3.6385846205055747,4.666677254190048,3.3221718783179894,2.35870247731606,2.5354832297811907,2.662729611744483,3.6282985650002972,2.1154433538516346,2.546105531665187,3.108215233931936,1.6927992130319274,0.8689446339383732,3.159208937486014,2.4024307661709225,5.43463064134121,0.28154443403085183,-0.7984942601062365,6.159984485308331,4.573074525098004,3.8393156634022807,5.5131221317996575,3.060829902937014,2.8532990161911598,3.807190379500392,2.810325090587138,3.0348158270120646,1.8449281642834354,3.2490965606023874,3.647746860484282,3.464972779558352,2.3224099262307094,3.270031358736256,4.678678227712711,3.753186170756819,2.2126713730705276,3.4098636540273826,1.7655263756712274,2.5981945094962913,4.726207162082816,5.825043389387427,3.0673264870420085,3.59680458754301,2.6845574387659643,2.536012371629477,4.527300679435332,3.415440406401952,-0.9289083143075307,5.215946406374375,2.565242039225995,5.027685189743836,1.6265657094617687,1.28294260390103,3.4496150201497007,5.022676270517208,2.235687100607903,3.5716485410928693,3.636410507932306,2.893939362404248,2.9878215856850145,1.7083231285835294,4.69914735804001,4.340286831433573,3.265098557869591,3.5504453276594488,3.6640654953817515,4.0542769163847,1.0118394637480377,2.6669054384032873
2073,3.6768159035529036,3.3888691893682394,5.197523074031907,7.944328728677897,6.238221898723142,4.377320237200835,5.371897527755339,3.6097397936572277,3.4016899928964417,4.2867979301974675,1.1450066669233891,3.7208780977746527,5.032513940514162,3.861305774542791,5.755769062016548,5.5495193477334634,3.843472605057318,3.856213089592496,3.6750534212794777,2.074679285673231,4.408327151089909,3.4852619610469926,6.097532611508889,5.26945981743007,5.9366793443191925,7.997846051536754,1.9412125382443972,5.455999145733901,6.170246112706329,3.43020927546353,6.964011743536284,7.723289350497316,4.131239451981825,3.6930072387873087,1.8855781660511586,3.0219129077319424,3.657379956626942,5.615728581195757,3.9717712431246865,3.7156311599858878,4.089847501881167,4.5724471825464,4.304018317882357,4.261501995525484,8.545451224620995,-1.407904734385426,5.486695184276022,4.558751268151762,3.6652031940375944,3.272443885947098,4.637140686270489,3.181852257457273,6.242567391311431,6.087869684500946,4.5293212798905795,4.061189758109635,4.362169701991412,1.5962467239848508,4.511124737689213,1.5466118803055122,3.967720121915999,2.22266079703796,2.588918439658553,1.2899736270051563,2.836391850792129,4.1912192481345105,3.6705658737056215,5.880194175859977,6.230581182858041,5.156893617377202,3.6111901024806063,2.4687367145871284,3.5676645636558564,3.951148806653662,3.2963388238487563,3.401000442432946,4.09000998555586,4.243053738927024,5.670368658314495,3.701058984958919,4.639592729765793,3.939333696929929,3.949174395280669,3.0267884032479646,8.107583178014591,2.8689987798189303,3.5152723560559336,4.614645882011874,3.4562671857018894,3.8529489193561264,3.9793038632206876,3.8199010162517943,5.7040963563425775,4.944774653120286,5.0561565510157855,3.155762312998035,6.757106957057942,3.2700907921996634,6.430544891491019,4.888206983820118,5.6428030118474695,4.7006297907952606,3.458568381595199,3.8586024693373973,3.672171047985039,5.001997848523075,2.7569313100699713,3.3083929563390795,4.170123383852431,2.8304435970454405,1.477847753670708,4.3812629804015195,2.949614569030958,6.218592814266166,1.4441479185018022,0.08104752638208831,7.457586333669472,5.38320795986159,4.835748031863879,6.8029464090178795,4.462844501795434,3.6500261170982298,4.87024579210014,3.3982531191973866,4.262665416724212,3.1837816868491196,4.406180640297205,4.206854205979997,4.187353244372481,3.0496034069179467,4.178641748068658,5.833763027371005,5.089990572425827,2.756380155040271,3.9145710323134386,3.2490601673208435,3.321356996508506,5.531299948949239,6.482072534714023,3.73135622462322,4.735714063048363,3.426112809732301,3.2509757131338115,5.876133461322251,3.97176807977516,0.21373732436191303,6.529467442169271,3.1122390010618983,6.321816294470096,2.185526518857686,2.1528736076735235,4.079983290156417,6.319758248932922,3.693107021266015,4.788369858380537,4.7747979405625145,3.6556138879266284,4.084401161634715,2.798098761716793,6.030497763177443,5.657204908543617,4.645399730797088,4.910093560557942,4.8780073939861746,4.930134376575209,2.1349975510404033,3.1771746628500273
2074,6.103619230718454,6.238732615678475,8.231857927323416,9.578022556347321,7.9784001913563944,8.583803768687199,7.212606619144309,5.512925437041397,6.3056862300326095,6.198674659276829,4.144282438695947,6.308904641897997,7.77091250208945,5.792942021941316,7.590344883758451,7.434349749622678,6.257645359519739,6.153839231051256,6.360095809759764,4.985490222011912,6.258142130899015,6.089500792067627,8.004954986531159,7.9030491009611525,8.99092295097894,9.557708504898793,3.7987068205558048,8.397660137443193,9.170106373984238,6.032554183797587,8.681799911476416,9.26581066753715,5.987144676029102,6.379236440174282,4.622707447302046,4.9225662109153,5.618701497028613,7.4628641659008546,6.2837619268945595,6.336620332287817,6.809496278906691,6.426332054338579,7.0842848882592975,6.13959647252642,11.594185161179508,0.8850868407251482,8.873418746965717,7.202282024354772,6.308823803600311,6.111329329938724,6.537400742559209,6.024784112798759,8.012009886318236,8.175405243347438,7.1965819740475245,6.319606072943789,7.312904631783228,4.432916894041258,8.179741197618943,3.547292155438459,6.477254754125046,4.332989809841949,5.486067201171458,4.183918106144871,5.478704257258053,6.939168495350868,6.081595317942311,7.648404944431169,9.314662003696995,7.012636475778861,5.8314381637449895,4.29565248317246,6.500789568855843,6.07989619119928,5.48200272383361,6.163320566206398,6.995393722992519,7.666882539617604,7.235149709347256,6.224595979883755,8.683741900368881,5.835099605136906,6.401196944238295,4.8746252039383196,11.17782389693733,5.413881730930553,6.239073008041958,6.61537134005078,6.248696731082328,6.170811499758016,6.0192453277393625,7.033858162061925,7.577806244636403,7.722530559219161,6.91230535609969,5.218314352862796,8.40427457207236,5.1550297521311625,8.133279360573868,8.255773908619224,9.043692008303157,6.53464844052134,5.330643842446393,6.419307745736228,5.567765928034131,6.895902502125711,5.536018981630435,6.125301687881866,6.023207430759896,4.682386948630729,4.247698487007413,7.600234515964991,5.872131998682847,9.498195774596311,3.3163764851874324,2.656377439206495,9.152173474431043,9.001278995183016,7.305493312470357,8.415243158052705,6.43679824831157,6.1423807789025675,8.120905624895265,6.058197970020361,7.3660077128302435,6.115253869572592,6.32044845562557,6.940037576289009,6.816121216895512,5.4784798919994,6.4398584990152,8.78689485377279,6.8951107849334825,5.576331552760353,6.6047915133390696,5.101427956387917,5.935702714426769,9.05436363970412,9.362356318225123,6.015640198285213,7.647979633433037,6.16932529319431,5.882089261350959,7.7414275510557795,6.896994568407534,2.3715669651483657,8.26015765810835,6.03197903102585,8.151800440817048,5.112812303295681,4.490223833199203,6.153306733046116,8.024908450913841,5.570248240026936,7.921416108978208,7.711492188531779,6.60161786102529,5.9954230067288075,4.6480291167209895,7.848941133967767,7.433984658199142,6.619199583788627,6.72843298624302,8.090285657037954,8.934838255289302,4.071443815169661,5.8893950821019905
2075,6.2840875692922475,6.455910339951516,8.169679004377842,10.070362822505933,8.256675217429109,8.176133172265413,7.423550427987662,5.805037248558525,6.495820875054809,6.505598204660006,4.6950162642731765,6.559566023534745,7.727522181539699,6.164845120675605,7.808933214380826,7.623372195095851,6.535325984759579,6.3787295408546925,6.586024174916335,5.244755202583196,6.468892866681366,6.198505125682931,8.389394741376929,7.858018029352718,8.765852419466807,10.11010080421793,4.20706518970687,8.325345813264622,8.949806437923986,6.233550992505304,9.163898308440265,9.559867639865338,6.221708076267409,6.635104416773239,5.239330928387313,5.259940860214929,5.918565057218071,7.867075053782304,6.462653850173129,6.555315788449915,6.866813751387181,6.653018135962816,7.303700618702796,6.420622738784761,11.440951635097635,1.3372107453901196,8.610441831936098,7.393489402558267,6.587654708788313,6.588181662919192,6.71086429933022,6.580359002446822,8.276471869698886,8.741110537072705,7.153215530681715,6.701071574127881,7.315713739729131,5.032897108684067,7.926321746267634,3.9059300335316864,6.574486991968648,4.569270535789686,5.674280259115943,4.523177046200325,6.0392068663676275,7.21721298093426,6.356097526077568,7.908852796102392,9.124864619353717,7.2411906200236285,6.065265854884843,4.703461927843504,6.766260830492804,6.284140999717952,5.710442405579421,6.368114416198487,7.1388063651734415,7.546222633328932,8.037822607262383,6.427709859314154,8.291932286630418,6.135405381563417,6.581306517381095,5.207237230806518,10.978451757595462,5.604779756788552,6.487691285795181,6.8769717438724545,6.519886636335791,6.392013581533885,6.237862816144682,6.980225403552299,7.904881030321122,7.675008341027743,7.125156189347138,5.438612900545888,8.678284151222684,5.4876475876261415,8.410457663655533,8.147526906867476,8.823496177792553,6.787134632982057,5.66248767977131,6.499159422092909,5.855545183996964,7.145474135361865,6.062086544609791,6.384062179717526,6.320277230492954,5.092101781789599,4.886656236802713,7.512075457593492,6.042330005559431,9.286413061914264,3.743301792905248,3.2653246617811753,9.662942986421545,8.664891148949486,7.274232645037364,8.726440786673074,6.645861947780543,6.364668707395419,7.994167153884113,6.475418967933489,7.290996175387812,6.111715760210466,6.5889054855396,7.139746313208134,7.056416046259731,5.821811163733748,6.6992281603402155,8.71159740845705,7.147108549187923,5.790435409590857,6.7723198144471874,5.42481190621339,6.1706509466828985,8.752307139979353,9.093158923346422,6.232691113291118,7.605787333927983,6.405782273103447,6.086212584684634,7.965362824210572,7.143215181755608,2.8185786491838005,8.551035850340948,6.22234519397647,8.351561819781267,5.288056104347624,5.03143396697425,6.386212439693767,8.382786415774248,5.854404247269556,7.8350423320100235,7.642902827725329,6.903263359234251,6.285943128425497,5.009772005972678,8.078428131752998,7.797546930868054,6.820535923257988,7.02222469037977,7.986097006448383,8.562992207497228,4.396553386195466,6.0620659014274345
2076,6.1888142809271836,6.323142760371171,8.366229348133006,11.139155618101364,8.847167267898723,9.409445508321125,7.968644465009371,6.01324526915948,6.360647427042329,6.801067148211102,4.62632384300232,6.496958905458448,7.905247721572713,6.58507218162219,8.394649229943756,8.211389348904293,6.522533714771272,6.298837917546435,6.544298785179858,5.076134649912519,6.9850351373354576,6.092141016572713,9.256635034829381,8.033925455405072,9.464227845768132,10.874629509449,4.29683377444744,8.573346873310703,9.76727339675029,6.183777711540462,10.181843218952418,10.040092485149703,6.681532928347587,6.6180834280947884,5.148588487614561,5.705535749470198,6.125899342944224,8.59892413417498,6.366616145893933,6.510379038751125,7.156140538615485,7.144979120294252,7.265053150554495,6.675598632792633,13.32923899094264,1.5097333307688448,9.552146464586254,7.392649390300119,6.541592042396467,6.534763364245496,7.286128611365956,6.491175632178783,8.833457130690418,10.08230475584666,7.300731899340946,6.7839242706696155,7.4582964107394245,4.943242718776069,8.61076777478059,4.102214060227077,6.944859738523763,4.867054047683876,5.5093500355879454,4.332412479321165,5.961126461322425,7.18634771158298,6.331968636562425,8.447066063682241,9.857443319509427,7.700782107313476,6.1113654559128925,4.79978958417972,6.835248042146367,6.197865532338622,6.097841999493541,6.257613177845874,7.223307998726761,7.7836683879295965,8.392475890119874,6.353525279959044,9.451048379639785,6.396247923374176,6.475518074631695,5.373586590091388,12.868171002591652,5.495692048470175,6.430237942188976,7.35258674044162,6.483459735258174,6.305830787122246,6.146989762224257,7.188286230961485,8.598730523884296,7.842972774803639,7.662853830059365,5.823986318831642,9.20343889280533,5.677895963191987,8.942014315351846,8.404778956746062,9.509063158060115,7.303437839448451,5.870512575159468,6.774442554265261,6.053896386548882,7.752881424377362,5.981684605528912,6.34905110001564,6.562019340942306,5.246555017928278,4.764882919751108,7.731718966364863,5.892330954472221,10.161102576057115,3.8255795267721036,3.2230899166315794,10.751871729642156,9.698780208081008,7.393755275011063,9.240716970028974,7.29775608695733,6.389012061307827,8.672552896042665,6.444883539838096,7.483234929045041,6.324068583051363,6.876751648386323,7.013630735129121,7.009196445097527,5.789469041923681,6.784096027910708,8.906874900901073,7.674096419413884,5.643366590638958,6.652571904410918,5.885709433505928,6.103182212511699,9.751958175500237,9.893256416420146,6.169981922892237,7.788692692418891,6.336398282895486,6.0335931040346615,8.561563339829442,7.012524799257517,2.91046420534452,9.117654696231089,6.080998637930803,8.91765061517557,5.1081541746854775,5.01094275613626,6.34564453830632,9.040937804849822,6.331052941083906,8.041729768117275,7.827785595071812,6.897040591140594,6.562188914914926,5.166524390938378,8.636181019743287,8.531014059484006,7.450190557042759,7.595790475606916,8.22831999709209,9.72647813421985,4.604548684259258,5.993231355398894
2077,2.713569055086579,2.4019989504896366,4.617663491645762,6.732265232965862,4.569802215387077,4.4778187688568565,3.701984197158237,1.8117635289898564,2.302853788795141,2.585893271298244,-1.1806350954133888,3.102516745185028,4.538386132439663,2.063715364398625,4.059368894973387,3.8635621603963717,3.2706464082002653,3.286218014770541,3.042031564203831,0.5142307322600763,2.67375665633329,3.3154670176706444,4.528189602661237,4.803361410981621,5.826574760746081,6.283950974843627,-0.006582554301312731,4.969217870641377,6.170298478533997,2.773057448838293,5.8697942716294325,6.139553133462526,2.3669917424177305,3.088334391857018,-0.38141126314113843,1.0689885698515782,2.0442975954762828,3.865256751662702,3.2552743737810665,3.107516228381931,3.0604768743224695,2.8882985258282257,3.6809620761216224,2.6024735997077735,8.083252215011303,-3.7401683402472545,5.502324292885844,3.8905535005033043,3.0182582256865915,1.2920136906463546,2.957544395635868,1.264339045974719,4.542480502149155,4.73252909733304,4.027699401923298,2.3391828269794086,3.7863253389709954,-0.7262178387107482,4.2472021748022755,-0.37459368778970686,2.7006764726970234,0.4469590891024183,1.4328980916019154,-0.29338633680138193,0.6432449306393492,3.584254052425767,3.0762512035154077,4.194158973493449,6.3026875937036415,3.5060847190947317,2.523836201506441,0.5551461343902379,2.961735120621222,3.411140646207439,1.6792851724854574,2.324249603111166,3.507293525633628,3.657749113337746,3.5488593938021844,3.099238208960741,4.709042116485796,2.267472057506955,3.158809021243759,1.2458991665264643,7.718396089200317,2.120019499983253,2.866156463222255,2.926360624794176,2.79349164716129,3.2736903028241526,3.4449595018161534,3.207449955673054,3.95575000144991,4.407073538236577,3.347459245280458,1.4687191580647039,5.112817875751902,1.4717259638268354,4.774374588296329,4.331542240391517,5.44664669293782,2.9389835533140047,1.682267702152504,2.715385884817306,2.0702735935819527,3.2375086068079417,0.7577830034730642,2.630320073715571,2.52889230924434,0.9315452488331977,-0.8851120130255319,3.8041264193839006,1.8254723325371736,6.216469061271899,-0.556219741573623,-2.1389147433741313,6.246621413477536,5.442237321929687,4.355377559261075,5.14391163505357,2.6787788291172765,2.7687243824375063,4.425838742790552,1.4725086678718717,3.6533051641850625,2.288650332339875,2.6868498620802,3.2716486077948366,3.5771344724143375,1.3124406851571147,2.9977738274068644,5.305570810647875,3.3668798308434176,1.6174772882769872,2.877392609828502,1.3409153919281613,2.664211633775772,5.588158299183028,6.517611009967997,3.171990899047974,4.179719020323506,2.7592267449302925,2.587214117933966,4.155349633817017,2.921004759340453,-1.8736047353274345,4.832286684420606,1.9882810149213372,4.658991577296424,0.9935547403734323,0.0056323221531395335,3.547895200036723,4.768282648818242,1.823990209477732,4.230781790639819,4.247509392941819,3.0323223594961504,2.3667014040823635,0.9820278930509904,4.336660258471967,4.130308706570284,2.887963042755066,3.209162117544048,4.332653666493197,5.001186259861651,0.3138772948677174,2.1259300790984073
2078,4.670626967631535,4.693116791482114,6.353420113406051,8.172026413268053,6.673567742265353,5.886100137542034,5.733455219402393,3.9654683279323164,4.631579226460951,4.621867200552385,1.9507345166699646,5.075466956814814,6.066669431037334,4.133085340646835,6.094857853805197,5.924408482066517,5.103745349008461,5.067124359116986,5.088176672957067,3.1431655845251574,4.764970377601426,4.968062568584392,6.5071967665491455,6.287320995639112,6.999973901643832,8.100265787850168,2.339331503058299,6.576631843786817,7.184132121583638,4.797084225084761,7.298625975847246,8.070793268495594,4.485823836819881,5.107179658551672,2.588546392732653,3.4054398852689514,4.103587586304238,5.819195821881294,5.094189781824061,5.091515393349631,5.065084034512786,4.933382814557388,5.746767464639815,4.6068431551343405,9.656867549337187,-0.9404650053876485,6.656550895679613,5.870339019673653,5.050705214641216,4.0089938479379335,5.022606837595331,3.9433426715690545,6.623715909904446,6.423598927285137,5.559579284925913,4.612347958288314,5.57525807760399,2.350057778468534,5.850546128277122,1.9504029606950706,4.781195369516978,2.6317994209199136,3.8124537225170356,2.342120314683314,3.525979277388802,5.651777856694215,4.948281023522906,6.273170455776412,7.326051655257569,5.499989208990132,4.544131918970885,2.841941563027171,4.9951327556567575,5.087978950902367,3.893880558938815,4.554221728752399,5.434111522703336,5.576131489256337,5.57081423699856,5.020359502912597,6.057225259984362,4.283232700465053,5.10185403351126,3.410445053515766,9.34464917563159,4.244714567887373,4.958458436717254,4.891146397153873,4.923672226482425,5.083827989497062,5.068018415364725,5.1011663051000955,5.973221672249254,5.989020688234481,5.426507245877693,3.538736871090433,7.064716573419242,3.6360113255936515,6.829774211963705,6.160195479362177,6.855751429138514,5.08655948268956,3.8137647155029994,4.730513623562356,4.128306999288756,5.390414647244174,3.499952083774683,4.801002903231259,4.517888933773443,3.2056921216948306,2.232010484986198,5.639833494250115,4.193394136326065,7.364435726262893,1.8391958408314617,0.7327108932980186,7.724389877298782,6.624049431291121,5.791774576883122,7.1386743586125005,4.843941804696004,4.813766855168446,6.012050782555134,4.095577434219163,5.475546958342452,4.305693691211009,4.743339658939634,5.446382454757034,5.576210922979078,3.83842308819294,5.054179331351966,6.982665150843817,5.475878428796243,3.9473961374626083,5.055926545169847,3.629340039887306,4.715675023898226,6.747675752588387,7.4483320435573335,4.935182521569316,5.841962312669331,4.893780039719723,4.659287922341247,6.258907329548026,5.2318258236708335,0.6932211561321185,6.928371359690507,4.349428853084299,6.6800341584302245,3.394422965349051,2.711370897433191,5.1588570406210845,6.6956209034241505,4.081437142052015,5.952360153455158,5.8741077752462765,5.226534263776813,4.412067270099093,3.176768091667834,6.406351950661887,5.998993073044151,5.048920516631209,5.28306856751442,6.111018650249806,6.327224598908474,2.5245517517664817,4.2735907586997985
2079,5.474051628133347,5.627128194118367,7.5461279049772605,9.648581535651768,7.932299896946239,7.624367276784676,7.1749267900715825,5.654705237639374,5.548268521140367,6.295221805957887,4.7527836663969625,6.20452212734983,7.161345425607829,5.96297437260891,7.546338535845278,7.37470373614081,6.140719427887735,6.062679944110334,6.243422419539301,4.600440447186605,6.257542580430366,5.941394374737966,8.019516569530147,7.330768202238812,8.33050037560792,9.66991109233992,3.996045436324745,7.750575152065223,8.54301146763489,5.920332735853975,8.780476143134056,9.302622089676301,6.023443249118478,6.257152542471891,5.198450673243091,4.99470160426251,5.7208411274799005,7.484136266826557,5.956105021246032,6.231390763973365,6.348973740277622,6.420328057531653,6.913054520489067,6.269401888780556,10.74862397950271,1.0476169380648377,8.190799617176431,7.018737938640443,6.188374312016465,6.573183464592904,6.474329718228046,6.513789521337583,7.973135069269564,8.21759583723956,6.61554532742192,6.617656042478208,6.724339919871297,5.027244133425168,7.314433234518973,3.6893890006788865,6.135503021807511,4.4071445923683985,4.757728930048902,3.8270357040495693,6.008580061896095,6.805432220985144,5.955691809541189,7.632424544928403,8.710195890274543,7.0041848832163325,5.809683588044394,4.500557748921984,6.184903461357644,5.988785631404709,5.3756027012292655,5.4294183017878686,6.590964210059111,6.8658756258544225,7.993658412633274,6.132433176811401,7.754137813017291,5.945079967251111,5.99399801317988,5.035147973304168,10.434630977696386,5.273584070904504,6.110051577461176,6.7230414907480105,6.11711667837768,6.070696289683211,5.935258017017924,6.308090512094829,7.567482588106189,7.107203385310956,6.891175437333256,5.266035063513395,8.390750787766844,5.30618282940624,8.097311759046438,7.461849567576729,8.285410526947217,6.531771666273991,5.482989397445889,6.0630336074993565,5.685857746621659,6.831642064169565,6.0579076049656715,5.990982562303542,6.135526380710433,4.885457936995502,4.788495775822005,6.849438833265469,5.128169054101252,8.817703135054687,3.5317120955421992,3.155066479703992,9.270505634598148,8.199378606638517,6.787757734703866,8.414450680644356,6.369226224463563,6.059488717338136,7.440485703277173,6.530932612267547,6.679832076653841,5.604163942087826,6.43279789979088,6.379019391947783,6.690730017320867,5.541647785182655,6.433359172580574,8.126144155281887,6.8961825180028,4.855509899428178,5.925649646798087,5.160569683102701,5.819597338422619,8.295816660569658,8.707264805662222,5.916894972581286,6.975270658217625,6.0438873981414725,5.760842410141023,7.691416089005511,6.116242459108087,2.6224139214589672,8.212814080047194,5.2874124168322,8.098820839719526,4.369367497491423,4.902119229836709,6.058177396911999,8.042945158121915,5.6040500618260465,7.19658994777449,7.0719111379364445,6.4475658643862275,6.096684265817549,4.803241253284547,7.819075727257231,7.46441018424029,6.5567638917729765,6.7260539254237885,7.343842466329706,8.042808735646817,4.203458752354672,5.121767629837171
2080,2.852066121002038,2.618744854877392,4.726840094476943,7.699795386257272,5.54453881035248,4.226773606737458,4.753832290942474,2.965586374203366,2.4779147464782,3.7087819942583633,0.4817046388983774,3.315808656935891,4.665857611844937,3.3593450014789883,5.125965941200657,4.9341706069807225,3.4442203889290526,3.4635934022565724,3.2726285705609666,1.0023243301858484,3.7516113070771144,3.1972701717788974,5.582416294018431,4.903313018878301,5.781115894205873,7.659279871359467,1.1522008781631816,5.063662173102298,6.046744662647446,3.0085124383370117,6.714764339104301,6.999062836418552,3.4591227454443803,3.301012467717133,1.2279245669643108,2.213108807646982,3.0815649037559836,5.252524660155178,3.39609616845846,3.3407805094495444,3.4912878262102245,3.9488492362201213,3.906558085543412,3.688959920654695,7.971552508572737,-2.348543861260018,5.355044014689823,4.133452605704467,3.2149218243857214,2.816189272236083,4.03569968044758,2.759167403479416,5.583090827365718,5.856363475772863,4.131266095737614,3.552051938573522,3.9138289277752265,0.9026274617140532,4.198407219412423,0.8250112514632467,3.3110224924981617,1.6648347161710253,1.5497338325406125,0.20125977173447757,2.194439230114221,3.808539584527414,3.2281893740718552,5.225843806006016,6.136508575081823,4.565907853345079,3.094102395574252,1.715953278044862,3.1382024422287977,3.5534632722536714,2.556020591128619,2.5077346118787887,3.657895168134323,3.7806228975454967,5.200861652381717,3.329420436794558,4.501465692122777,3.3831032120312248,3.3242256780465445,2.3422513139201366,7.5409882605075795,2.3292471514393887,3.0843198128665477,4.212517737597232,3.0022865533828735,3.4425800000627875,3.578523845473924,3.3144336075056366,5.236778485806042,4.526265864074232,4.422128791113694,2.645496820410097,6.088388689622907,2.6068985603749764,5.75675114641587,4.449981911480431,5.405161198787392,3.983054004982114,2.8148872318056726,3.271843497951827,3.0770905318359514,4.329675390819712,2.234045405437549,2.842908126115799,3.592766830821829,2.0914012147734553,0.6143752863009755,3.91641492582858,1.9743694913883971,6.05780909266323,0.6206167655997008,-0.6444828512767935,7.212737077474598,5.294022930165135,4.467375362726549,6.101995227982597,3.823558505376183,3.1926403623074298,4.549101186792056,2.9074185669422143,3.760562660296756,2.6025348892435427,3.8170707870274807,3.4666622278590986,3.802292164787653,2.2882425952081897,3.6639377082387625,5.36760964766145,4.41177824648718,1.7469740930789457,3.043837028990191,2.4426821087797506,2.8726467624306684,5.430533393782878,6.380195838212968,3.34461877991756,4.292491371495026,2.985493234793347,2.797406256695589,5.233665670454499,3.172650740544002,-0.5854963787831338,5.846859296659631,2.1380460505684216,5.696640788018702,1.098027655171855,1.425497658799095,3.6806948587298374,5.721748168518146,2.9172118380665797,4.372086011370022,4.40907281662027,3.2543831417957936,3.4991435642043727,2.086982492109136,5.416340587412317,5.1254264747103075,4.00863867799441,4.232087800155083,4.4261215974887245,4.806201821565628,1.451743251954514,2.2931017951108497
2081,4.917111894436951,4.981536146510262,6.812520562574785,9.006555322557691,7.750503857587946,6.5583739738012214,6.8106077630715145,5.710630788628392,4.887524782198258,6.287825843126608,4.211434991580657,5.507619266623051,6.466713261035883,5.863615231941743,7.1936003696896025,7.02832077376159,5.578133133111585,5.4449665975467925,5.562957744403135,3.972590564525332,5.872810427484845,5.0742720583903385,7.590177711741678,6.65770663770622,7.471658165855654,9.314067876159113,4.059415787008816,7.032088751936779,7.628196135291768,5.2826728730879955,8.146967340132285,9.067935659839163,5.682553677723327,5.61114524523246,4.727968295714978,4.651883761559068,5.683238797146699,7.077838473214672,5.381504610180853,5.550913880354376,5.8208077069500375,6.122830259388898,6.2161763822981,6.24576048026311,10.325746521867554,1.1895454743042084,7.200062216869716,6.400251322008416,5.517136147309994,6.072004674837504,6.139660358428954,5.911974618725222,7.733887571713024,7.469363595391142,5.943934810058821,6.321886731632824,6.064404676250857,4.532699696205814,6.4494219788767655,3.7315484481092938,5.657667863471756,4.329543053333104,4.074028896103645,3.165787160653494,5.584310752692922,6.162665023885924,5.420720552575997,7.3697737165052315,7.757814284414052,6.752534806342986,5.491560509877987,4.600850776351734,5.563933473979608,5.437968215487641,4.935574385915594,4.82554953943553,5.95383831267727,6.138611557668653,7.592476456843578,5.432427839777462,6.696388460374596,5.952823891208087,5.39017198697246,5.0564487689528015,10.038815077008875,4.714778702834553,5.439929904287747,6.561669199695365,5.4282723570178275,5.48572990555188,5.404900718351889,5.587150631793617,7.162303765593417,6.41446103977746,6.521622099753085,5.121433479004894,8.093291575538704,5.345629834409423,7.912834590493602,6.715142836794255,7.4000727502179595,6.235925290091282,5.525692933592305,5.496838320432039,5.684042605507219,6.514342244329126,5.533210093733563,5.305642452476357,6.17061958754243,4.966998335102513,4.296291241293837,6.17226317884593,4.4620020958627125,7.861390536522561,3.621915699592952,2.785151005176636,8.597567513071263,7.1962129846215275,6.124762093327171,8.17105783162446,5.998501985831638,5.582625468486342,6.641891926783943,6.052145018145958,5.9423872636599055,4.89698784695617,6.382226916222736,5.7141512655492495,6.065112844382509,5.230018496192221,6.141443613531259,7.44598400284504,6.577096745885653,4.219927068173503,5.298533987639283,4.847236390000791,5.1840840721952475,7.289811793971673,7.873369212816306,5.331144850187263,6.296705947353921,5.374990889224511,5.132510188196237,7.384575857170697,5.451285712420943,2.608130524384564,8.030680145811425,4.610892749102466,7.7562231282735725,3.6758151434618846,4.6786277251767725,5.547214335922536,7.726140683838009,5.2836324654776465,6.447387107487384,6.3164213791746535,5.783761710956178,6.135519720613956,4.885589537435565,7.505122934596549,7.017375318975796,6.204024409939501,6.389454211654333,6.63628614462655,6.963152165171399,4.2339263733090995,4.553000520272503
2082,1.4400089198145374,0.9073221688640534,3.422665843162046,5.930529552543988,3.548272159849774,3.019775529359947,2.761276580907148,0.4869014375425622,0.8160711619360688,1.2679492115717517,-3.6883985883845343,1.5845473005982318,3.4727841091567067,0.8712386645633612,3.0984701331833304,2.9023300804326237,1.7647403545420757,1.9429426448869298,1.4988538931156015,-1.134496000820194,1.722037611850379,1.9436406320410544,3.533660620964805,3.7740073776964453,4.7847969627072064,5.5246101644789345,-1.329331521330211,3.8194379087152157,5.169391808790509,1.28594132050358,5.056407965398557,5.225560541810662,1.3625348998426363,1.4798789543324498,-2.6739528189445365,0.015590695471601029,0.7416876949337841,3.041680040480247,1.951333798468113,1.5922346842186215,1.8501864024277395,1.8767271455505798,2.1264027660263,1.3041932662499371,7.70322313339546,-5.414493907885304,4.352932242483928,2.397429175931834,1.455906985134916,-0.9589739326259183,1.9948437520913005,-0.9852465687897679,3.547338108435791,3.831819269163855,2.9944586545742764,0.6360326268035795,2.5087604870184745,-3.0794965388446007,2.8937772517574216,-1.755301812599449,1.5494956754404925,-0.8696114172966314,-0.015744936251050497,-2.0238237360428144,-1.5033943930576568,1.9336718824403007,1.5549456263282182,3.1945608001330816,5.342225832029664,2.4524237057194105,1.1642564057276161,-0.7883429537559368,1.2885417547719218,2.1430182655438275,0.5804907077088414,0.9000844843685623,2.011835245222884,2.291491505400887,2.496511523579729,1.6646996015875506,3.3450622532902057,0.9596802701467082,1.8008915637780347,-0.03311855153276805,7.2563402462622255,0.6828860563450851,1.281232789158823,1.7714998655278107,1.1611429863962641,1.8876120746135707,2.227064489547549,1.944080078396305,3.0617854475075843,3.3272037921023783,2.3809437171138574,0.23119756476632505,4.184043657163094,0.17021491596924826,3.7709006723658796,2.9904581450311274,4.220212843911403,1.929358845127043,0.3874424057530931,1.614593576254519,0.7935997097078606,2.236548310852255,-1.5414438463490596,0.9938451442225233,1.2216435768480973,-0.4130160752643729,-3.1594658951307175,2.512035829239877,0.3530333201433049,5.062888959486941,-1.9423455637076794,-4.276540522303049,5.432188513592397,4.224815142308844,3.4167579601936287,4.188367331850118,1.6633461554502613,1.2943466927470821,3.206981412809474,-0.6623290471475695,2.4509301411694495,1.1201618529599287,1.4143049918628976,1.8116128642497409,2.020990307988792,-0.2886126704257112,1.5699329812978857,4.103944718661108,2.379379827529192,0.18638895246489295,1.478255738472116,0.2888931973741013,1.138696978832114,4.390959999684632,5.600463167924821,1.8166205529765842,3.03075128986404,1.175746330927159,1.0876716606575871,3.168915263537704,1.407355758650549,-3.5016238247847253,3.8138941985651327,0.5108313902827166,3.724426023019801,-0.46303744511357453,-1.8510999679565452,2.265837468801002,3.809659315594313,0.7795251479436615,3.01216188163079,3.122876232554173,1.2374291168204712,1.063358709729952,-0.343253411095718,3.347560524555116,3.2044849133697073,1.88379830789977,2.222720452455868,3.0320804514761615,3.6359086928182633,-1.0525945599736868,0.7429708002199383
2083,3.408863219721564,3.201476175209573,5.461483285280656,7.518877494694856,5.870674726264233,5.0799383433728345,5.0919345614725176,3.033475253602553,3.1385263209070624,3.781280232914564,0.4374099787453112,3.7047837004065522,5.3225754610551865,3.4785878791891287,5.482099470393412,5.31316629065008,3.8958749925268137,3.798003863157897,3.71476749870284,1.5108349133154482,4.057492978870868,3.913705602545163,5.7553492938650095,5.551939734354102,6.392407393917953,7.68172249172268,1.247839923305757,5.800341561950488,6.544845566795816,3.410955152634918,6.6398148639448715,7.349249083227639,3.7363222437942856,3.777372895643628,1.1289205456088331,2.5077142694900796,3.188977161101226,5.422638553869105,3.8442321543035836,3.7410977692022143,4.095612689338882,4.25565166912716,4.350456744817821,3.7768558379391184,8.469116651806344,-2.213282562021552,5.975455056490569,4.5596080278528115,3.6664771185866756,2.7548473477363595,4.386260038562889,2.6895356096070393,5.896370499812318,5.762214885253842,4.824533593551866,3.614323399575617,4.631038457283686,0.8614293957321809,5.002316204638317,0.925474763944231,3.8281007897237247,1.7715448130821385,2.244652093998317,0.7078897061532929,2.120791776033502,4.293844998396678,3.709756629477286,5.5109599846704285,6.7165378857532465,4.807881334732322,3.3489282824869813,1.7787585880221997,3.7848334631015472,3.869509069056346,2.933137557501422,3.162910407216386,4.342031369260755,4.637853290500312,5.084902887256687,3.6663998917451717,5.2659499799383145,3.4592762753881265,3.7906535175339906,2.4533744641932946,8.103487879503517,2.703464289613326,3.5429039302057252,4.327650437067296,3.499108284711837,3.7901348785079754,3.8858122600820577,4.064835961522729,5.4970493018627185,5.215097287348635,4.723318320923839,2.8111449467210923,6.392633608446039,2.6923312164586184,6.048758921566711,5.320950617050301,6.114123639875447,4.270002807073042,2.8974815093237787,3.779319572037665,3.2062981705470324,4.683958178964156,2.224703131050899,3.344479059158211,3.6877652434953347,2.1540971267326134,0.6972362876323797,4.668321784136108,2.6610198939411793,6.625814867687636,0.7102388605989283,-0.6606320547389577,7.053376789750724,5.954305909830947,5.089726750835263,6.406211665992083,4.224050595328722,3.551032269823142,5.153136067349335,2.8998570702648867,4.5109934619274625,3.2224890957104746,3.8975160006305303,4.037243514225402,4.2357263046092,2.4954974476633436,3.924437244262158,6.143824534683394,4.695860846803104,2.44312493181948,3.669011098557508,2.7362092538126603,3.292288693888432,6.057346708301842,6.951000565470294,3.700328723623839,5.037400572978217,3.436979730581413,3.2230496843313348,5.603670015931131,3.7863979565043917,-0.49595810010515345,6.146800777007792,2.8262800115706592,6.070405333720407,1.7915102892137802,1.3844520554974173,4.062431167746926,5.935262965231106,3.205152073120377,5.142308331383713,5.121961576671437,3.849069256720872,3.571955285324108,2.1967326353849996,5.70786742532048,5.252981206099101,4.425152521239244,4.489650862484143,5.2509843820127955,5.568184103431375,1.584484892704621,2.92585669355146
2084,6.613353707765538,6.813555964579185,8.022474460303787,10.400746175150081,8.422492240120963,8.418012308577694,7.74296759168307,6.594395243935285,6.868579751253129,7.241146874179441,5.965864884356656,6.797136094172797,7.608717636764046,7.383396300332001,8.211501712289952,8.006821123262249,6.7581597099701565,6.600558861034609,6.902301388482255,5.869774079322815,6.7834398253510395,6.93934701482455,8.710369719627005,7.7400515230372555,8.86830621566624,10.782030833760897,4.928096974330645,8.202332200979198,8.996887224850557,6.579457807323588,9.515052154660227,9.742336278781298,6.60556772475442,6.922145984073482,6.1889645798752655,5.543103407261271,6.6202591816584295,8.60927098020911,6.759709022939202,6.8516111354033145,6.869825265059861,7.083402230218056,7.6207976145048955,7.195864226762206,11.266388140122093,2.293480664740009,8.783378871716561,7.682603539774816,6.813941703736783,7.895634124179684,7.140457119544346,7.818937613070014,8.501643576907615,9.322387060523036,7.0817812073975865,7.745385910570623,7.291789148002869,6.101223421593509,7.948100878049932,4.716075258453687,6.659193693598117,5.557836199800178,6.083437649905682,5.067121343811352,6.922665758679309,7.543655265371006,6.61441748440266,8.112000928322475,9.188832604885095,7.663120376318693,6.570296423944331,5.399530572692553,6.972543173034983,6.488896962503591,5.8694464330871945,6.7140841509293105,7.252313153228416,7.458166846384609,9.897460868457953,6.688332773745059,8.471590224405137,6.95270956903696,6.879984404395022,5.986759368578592,10.975113945702718,6.000018544495114,6.762415587281192,8.15127424473564,6.788425389677287,6.592454737289029,6.434835393913089,6.789560647557182,8.504416151065378,7.5682970183591065,7.41310435682536,6.38267848292987,8.921557533244293,6.246109179655708,8.557713513821367,8.05283389221877,8.865727710475527,7.019140176189831,6.421487052738669,6.573325729866823,6.585373117029665,7.424710069348415,7.301650847587735,6.6817750200629265,7.084465371320647,5.781199386715892,5.769207807816567,7.366583099464575,6.467697587485111,9.340521017213662,4.455457426110906,4.232265775278213,10.066969781617324,8.845179523527625,7.207346658843261,8.877405986438195,7.077537040412431,6.793341865018011,8.019364056984587,7.725350891053678,7.166327818234761,6.060066216687362,7.298726955304541,7.470165334393581,7.350154248376692,6.5548416815698145,7.222516578435898,8.562732306867835,7.3675107205907535,6.173324909061197,7.142719004147994,5.66595618575811,6.465087061623731,8.888934890522311,9.20127260374526,6.475816801718124,7.478906924525897,6.710493251712369,6.446124265094598,8.320523859560486,7.436782710254193,3.7025739664832766,8.698390119274459,6.6181289235750835,8.701073625435434,5.710757649938272,5.814847525814551,6.580251630364606,8.574102818469205,6.119408361117045,7.735018947844705,7.595756986085325,7.259889271110296,7.038394344598056,5.761187788844109,8.33456689566374,8.069259579231343,7.2598358735442154,7.258033670981727,7.882887395222982,8.774987006932498,5.28904392023881,6.43441574818765
2085,2.875134843433726,2.5805829258571373,5.140586610682758,7.756008725677588,5.46994315447478,4.82430401752735,4.633934908289593,2.2630621682980956,2.4938843358179623,3.03019018882308,-0.5002796186078006,3.17067627094943,5.003005054490319,2.7337947592524574,5.010311827320479,4.825315896036296,3.322727220967924,3.3395826318140687,3.140020447044535,0.942353210058705,3.6337120481606178,3.019728004932403,5.60681280737807,5.245651472488356,6.144900209495221,7.359585144396485,0.5111142078350364,5.44982910233325,6.378741730454153,2.895268262974148,6.8806964482726745,6.954828978098674,3.273999485476264,3.1539450924972012,0.27763059247156535,2.076675573813502,2.4554310109594817,4.973479962040641,3.3325170316444397,3.169579227165931,3.7879319149872357,3.7436984561640645,3.806732423346618,3.0000621973183645,8.800777766725115,-3.17353387810049,5.751281018465242,4.05063640274878,3.11414257796674,1.8955366435492842,3.9228619635105186,1.8392757720731472,5.454466760608143,6.106598177860522,4.494583577559939,2.8029173026824825,4.238577457337546,-0.04030374000812644,4.73434543198553,0.12672749662707944,3.523648731667422,0.9362525806344789,1.6700972629518347,0.07166845409263711,1.3122543908398712,3.680378479176555,3.141857457893165,5.1047654239268105,6.483741921597511,4.252527057096875,2.799429590589011,1.0277059145014853,3.1641291421035254,3.4524811406073868,2.578441702086352,2.51789248863171,3.8160911887113427,4.281899628968075,4.691082200099684,3.1404957738704984,5.05564342490558,2.6834443704835316,3.2533952954128913,1.7197814953738249,8.403984381207106,2.3119078789805543,2.962674580835574,3.554114238294806,2.900599654378563,3.3131358843168313,3.497206177690933,3.7780355585032486,5.0271496556956246,4.8846327704859185,4.291902887410132,2.0318442960751506,5.966690938277492,1.938070182142585,5.637071878745639,4.925576985910022,5.826290920376779,3.903957141884442,2.1368915942208515,3.4487831530899804,2.4992815587541175,4.213955453757584,1.3369143659184726,2.7613158347727405,2.9235188569231316,1.4052291810512567,-0.19517472457012464,4.402081891380507,2.0409035633864065,6.466951529527532,-0.06245766303919822,-1.570489994988871,7.293634281076233,5.725898334178431,4.782406322401146,5.98593167002827,3.7018150789984374,2.961143225688359,4.977197791995676,2.050515624469724,4.213397883906445,2.9412834089377835,3.162393616191272,3.4027678581147365,3.664166460777155,1.8393481605011808,3.268276596891472,5.803352146313106,4.301227444204786,1.8544681609592177,3.046315945941826,2.330334165101422,2.7763727414582338,5.849041500225152,6.752933736440953,3.211409116613454,4.691819656511833,2.870585024613759,2.7351734517463333,5.115946851542287,3.0819292582314577,-1.3694951047735513,5.724631716465129,2.1950032799404338,5.588633579426799,1.241205266837416,0.5941464258679013,3.576251431785782,5.6825295512018545,2.817051216959955,4.782242060221476,4.758069866690147,3.142425524648925,2.795712018706678,1.4598189972598006,5.257849877892898,5.132455098217933,3.897954227595494,4.173029870051759,4.901806156440027,5.315198692782169,0.7363786810431006,2.322624137175494
2086,4.593687490656459,4.5495621893426454,5.991570165445062,8.58537113872068,6.430983621498634,5.798409541876151,5.52651656252043,3.5827230867640747,4.509783353849219,4.307938624558781,1.5317736472292145,4.884687855839729,5.748515883396411,4.067502124684636,5.913667641580106,5.7282193197772395,4.952025680192586,4.876851906036507,4.88423626741459,2.92023001688308,4.532182997317405,4.846730754293245,6.553298681974416,5.957775979206481,6.86045451783415,8.585469218163654,1.8157454910206423,6.238136317709396,7.11165087284713,4.588925271262898,7.698651441212358,7.845866990500484,4.2378263160072525,4.919406469172705,2.26803210249235,3.178183117881417,3.7738386111269766,6.094024688519281,4.94418422017118,4.890635315200379,4.726282463762269,4.716642349444586,5.532761630570064,4.224322216071446,10.091951430871571,-1.5528708223638874,6.585529252758313,5.653985958546398,4.854773267589767,3.742214357673091,4.83214575360561,3.62249369848648,6.427502106650375,7.009840741753577,5.243255992387905,4.236414088000509,5.25711750907117,1.9476258924295156,5.613914562549828,1.4599107213575246,4.457850453797087,2.193461810720381,3.6822249539967205,2.1534732789571933,3.206431425080216,5.474162462713388,4.771159438223674,6.064896176183791,7.2632270807336115,5.238134808798223,4.280623475089667,2.391272033853778,4.807292247512218,4.913483775638301,3.606342625900589,4.45879940894143,5.175910800695421,5.190908239576324,6.196077840852328,4.8132322034959145,5.966764634732029,3.9405074977669217,4.960414385744208,2.9470994931099743,9.749107794515018,4.024144053973002,4.7575233473988465,4.810341894626616,4.720947091499793,4.907650880258658,4.894837764830428,4.700908363893112,6.077285963913492,5.666689697524599,5.204256946670599,3.1705047287817676,6.8735705978911525,3.2226892050098765,6.621022493674841,5.790374953685138,6.673994461010245,4.844163826827346,3.4338659459146945,4.423514481633904,3.7762606829918663,5.169041825458408,3.165046958060099,4.586189083317457,4.15729212349859,2.7534016961681456,1.8217486920284804,5.260554874765461,4.057551668635728,7.326410163065482,1.2978483891949577,0.2769940456953524,8.15681202658291,6.5666694014236855,5.495510931672722,6.933463305748742,4.626480010049096,4.579495807981183,5.839434603614538,3.7911636867913705,5.089576092966156,3.918414455549472,4.408313424165907,5.305102881301065,5.3872289243957105,3.5107209307366447,4.771779018293682,6.614940536433257,5.242987415592732,3.8437318848124895,4.932070487018287,3.3897393408456256,4.521113835098546,6.688394791864116,7.362316309349965,4.746727684576961,5.506854135671569,4.685225141619066,4.44071561971615,6.057618900362788,5.124738512881871,0.14907333126355604,6.722635220222436,4.226680045883207,6.483900570535455,3.2690760309583164,2.311795259215707,5.001653981876785,6.630117460956865,3.8362319461744456,5.613273133555873,5.55604501640232,5.0392410007530275,4.08002454042435,2.724992199206789,6.205579157790236,6.0389153558263065,4.839857989344105,5.125419457667862,5.740491061310838,6.260049046563174,2.048313953110884,4.1975902497190365
2087,4.320426703013222,4.260924774639564,6.150836548109639,8.618963843596907,6.788944732783173,6.146779199355633,5.928687181966058,4.578413312548195,4.180325987524,5.1568504443456415,2.855813542702075,4.772881879117984,5.86472277208392,4.763924311718035,6.294402943089089,6.113120825897007,4.872240800153593,4.807221098192803,4.795073535325456,3.0835702758410872,4.992480651539716,4.579639054064095,6.828243719606567,6.087520970995056,7.156960505703143,8.637466605881167,2.9845211891264745,6.39065128654755,7.403029012525905,4.515815186346399,7.787122624701468,8.239445210402382,4.762943185030901,4.816500935318141,3.416186796629736,3.6899451469552957,4.606440269227687,6.329404110442204,4.790344527055475,4.787350216816214,5.008119311055235,5.203468360135268,5.4343949846666435,5.144158270980777,10.063808432940778,-0.08962669506155352,6.9306392331832445,5.640622945181251,4.761255026827084,4.79020355564767,5.21703377340374,4.662703539790777,6.764642519683673,7.094793587923052,5.36961625490723,5.240501919440158,5.364228956658264,3.2365367266124707,5.884381153460206,2.612427272159476,4.816443089267302,3.214384446755566,3.371430376223449,2.3019236056455243,4.331106261253872,5.356519551048508,4.721401947678935,6.417065318834424,7.564060519995362,5.797176410411968,4.618417990875657,3.487702519986138,4.771408761883609,4.878701759309608,4.045325631211545,4.156122991381661,5.191950373094659,5.323547052155282,6.297973406725912,4.717158028952264,6.345337872875151,4.84280092763747,4.758925540180041,3.9922932656160737,9.685634578096453,3.988529758335189,4.653002861036178,5.481524658935339,4.612265724560312,4.860730787289555,4.86665235446959,4.856423160382387,6.3294440412829625,5.799516895079408,5.630127514840971,4.0347768873747025,7.234459030217143,4.248874256836959,6.938196240827956,5.920257949109734,6.941666849342914,5.281053360680054,4.418580208872926,4.709741796655901,4.621836970849284,5.545295843661863,4.281880449889036,4.4872517595388794,5.07431475985153,3.8433607443524864,3.0477664853478292,5.420752241950608,3.738983473130342,7.567624366199918,2.523432812348394,1.5340554118156464,8.21271384635876,6.89592059277769,5.614242842870541,7.278172533237575,5.021477899674711,4.726417401677061,6.110137875994732,4.8466493121894265,5.256830061304157,4.165898434753561,5.27112729487748,5.024666321881375,5.2855267899496265,4.19681285212523,5.202635450095969,6.774141430212507,5.663808439826141,3.538536792428327,4.6331423695745135,3.8928568979789477,4.4332926758918285,6.991523788150017,7.714096660244054,4.685117255510955,5.65011147653748,4.585980669691642,4.362532249812425,6.4422282106403665,4.740262359894559,1.436940024125166,7.04233149978621,3.899758108120797,6.877498814964604,2.976439753161935,3.4653676694323297,4.964053321437076,6.926296958892513,4.328257795037894,5.72705729267207,5.671949873967417,4.9036917938240645,5.000174982794402,3.788398590003109,6.575362914081281,6.309966487103497,5.239805554007662,5.517373401928565,5.88727329517233,6.60185763130671,3.160402008685572,3.9159718182194867
2088,5.414812905838093,5.583217499901851,8.246379324110846,10.680957351128267,8.291631564342726,8.376581468215836,7.50392013043165,5.998328431571524,5.468651976560555,6.623827450474109,4.143058421905154,6.260885891985767,7.768168065945309,6.52224959496719,7.989912254860002,7.739219307495902,6.210384376595417,6.1513922662784655,6.300472047676648,4.386328438855709,6.609626033405463,5.864309889823199,8.757838833828766,7.903525106795133,8.897173905434707,10.529240981861951,4.3219909956057885,8.365540192897123,9.032763957418503,5.971353482206665,9.816638322671254,9.621697059770424,6.365340898682675,6.306292541449266,4.652379411955672,5.336205992102622,5.9971348716566935,8.260251646737261,5.985979501716796,6.283112312356628,6.92522120202581,6.7662373689313755,7.014525408996268,6.618356619278596,11.460915583372119,1.5828016251325623,8.76824974256257,7.169430151457587,6.246160088852049,6.0757809244096315,6.83123595503469,5.995466058452924,8.326627782856427,9.690280178499723,7.257366128576302,6.554338758935531,7.328073250750704,4.477498440817002,8.0252766524752,4.091821380456289,6.648273673312115,4.833676700294018,4.669449613057078,3.6161578307549167,5.508582650125024,6.856373893469573,6.0558649516354,7.979638371958089,9.181351349751155,7.373923620829978,5.969491176555551,4.805913472423951,6.43750097854839,6.100225901355349,5.771274776756764,5.378980962187054,6.952505770946548,7.5714241343239985,8.390703878800078,6.200556269536416,8.476864014565946,6.302953406423333,5.994931087891262,5.3689065312345825,11.048493429025019,5.334516967460514,6.171963977130753,7.3202538082996975,6.166691733896736,6.168029975642763,6.0513335682451705,6.982480942457913,8.199910899748406,7.750042149672907,7.212121428549293,5.6725967581073435,8.777726366339872,5.638693869858985,8.415730600307382,8.165597337981067,8.923820021500195,6.881052431960899,5.791378507514798,6.60433323760517,5.9528344043841,7.217383713026844,5.518619310110812,6.0348116550284105,6.514693227161966,5.21929210027059,4.277227520445984,7.534426371256511,5.03731902887424,9.352841184039912,3.8681342159708327,2.9051600814020846,10.351636572927235,8.816356630374992,7.394780077816297,8.755706202983857,6.844444889823594,6.1799615664097205,8.142920917272573,6.0391597151756296,7.377421039342885,6.2028586834669115,6.737088702619075,6.307367142538234,6.7497999129196,5.423991958300276,6.622830087443195,8.743383841837447,7.248292247454326,4.781858531525361,5.830635107432804,5.508689398566885,5.88671433043977,8.88950878959149,9.212039630115033,6.027565145740908,7.672231828421357,6.097089889645575,5.809698541338249,8.047314374148847,6.047523873796064,2.8784754479924834,8.56731532312309,5.198548661482828,8.440855751186605,4.282610343272487,4.744352218260368,6.165663642932969,8.571937537193305,5.955274291305491,7.875487075994416,7.7237346803148625,6.495380767186487,6.4190944338838225,5.158864360613128,8.153634667396547,8.105566680431368,6.939574143694099,7.156076666836938,8.012683863441149,8.74838363925616,4.597367288948347,5.09785175335904
2089,6.648734321368152,6.7279901512224125,7.828477204359815,10.127506262911803,8.475260411613977,7.807762557062605,7.7101297368263415,6.08973602500969,6.904814271754105,6.796768974898191,5.453937895933232,6.3616427898342724,7.398634577426931,6.72332122279652,8.156171023845673,7.941008323739321,6.312803515811162,6.206348297250421,6.422061081333407,5.761696737195399,6.769497641659311,6.295342940451769,8.600014496723121,7.540039644287586,8.446801936061219,10.61671691265857,4.437038699743048,7.977800068413391,8.553166914345889,6.091934961491621,9.235998125425697,9.752720631273652,6.497229726150117,6.431950654449132,5.892070354572655,5.484092231197606,6.159726420738571,8.382674195450443,6.556271899110188,6.381557409362548,6.737451383779786,6.96644985059212,7.129809899885882,6.746708026348513,11.256631419576447,1.7474385638689198,8.243281906791806,7.244761255794558,6.405920249634777,7.280187581119868,7.036040642908937,7.2034357205547135,8.513100638985634,8.956592596810438,6.855419588500056,7.183793326390201,6.999932272680876,5.72336374801295,7.5922133675937,4.2528312167730835,6.57091388414646,5.007388212878639,6.095965436563411,5.009273872036361,6.686327504186794,7.0245526386746056,6.16481274600012,8.143187813460829,8.821989203321527,7.56213241944025,6.096304115550276,4.931817460676719,6.481376157752401,6.1238029682687625,5.805250073301383,6.770914875484749,6.851624455945247,7.2454808991530815,9.070868319992366,6.257073622453827,7.927794301304328,6.467910606028708,6.732346676546954,5.481476590745872,10.882032242314569,5.496235596722571,6.316943854093552,7.521140161773258,6.347838093494547,6.218565105878077,6.067258101342052,6.613858169522782,8.351968183085834,7.355616772290447,7.405538788964524,5.893114518502664,8.924022257761582,5.773970079319231,8.588258935523957,7.81634949327543,8.446844428585011,7.047387966821933,5.9633155562754325,6.406796328980347,6.102798634562001,7.442644587589493,6.723164184083203,6.23484799664082,6.652833775071232,5.381391165375607,5.54197674398792,7.179252832100304,6.474298630808958,8.880749098185841,4.003851290792226,3.801194330484701,9.741955603504998,8.277054647947178,6.9954218926100875,8.92442662243185,7.032475145919057,6.333798941867112,7.7246991842985135,7.17845666639764,6.961010344583411,5.882756635032849,6.877932587638501,7.395474588048874,6.895439132309423,6.2220238542248465,6.776752041524343,8.403854976054927,7.4039662048734485,6.1902162167725425,7.176181201020194,5.666841195960503,6.014067141403415,8.354168161410628,8.785712283618492,6.079442490084932,7.256764854465064,6.247265495616814,5.956315766634612,8.25170757480223,7.507170180308404,3.1834124665835843,8.747792314914669,6.641978921786208,8.652468934655193,5.715998546830547,5.497550990047129,6.20965037417823,8.54835905571436,6.11626112486782,7.512055907783833,7.330416753759674,6.694668545291344,6.589530691761396,5.290189638220031,8.334961057736962,7.974033492906338,7.164927636241092,7.244671243018117,7.678205606238598,8.1629197296269,4.709301379493215,6.470047676614648
2090,6.450708544459833,6.540775141325488,7.395232676239364,9.725586274574539,7.8366412641159435,7.395254881153334,6.9490597754203085,5.756011967001293,6.651331290281541,6.389246024962129,4.925226220539929,6.226283320502762,7.0093902524175355,6.021225322359082,7.356459808776732,7.173920510208299,6.266778947078975,6.089741706334312,6.301257975399492,5.453560341021109,6.005343579976209,6.172867942729897,7.971871931105849,7.174207892140438,8.099490253062088,9.733405715432664,4.131860616135184,7.609013313363341,8.261406732016598,5.987787422948872,8.812355752648978,9.15333590939127,5.80992917087058,6.349158520328589,5.406315245697724,4.772970676935952,5.817146616249245,7.447709087924712,6.412095424687039,6.269128516830244,6.242108959576177,6.258715060892807,6.963223289955283,6.348668086695774,11.420292387748587,1.2470802339757325,7.907579116009432,7.071233276663159,6.252728374996064,6.926450497245998,6.27843545685554,6.810330746759621,7.851006775195229,8.30935327137082,6.456227472244666,6.8248568896589585,6.67495678622147,5.185450006147912,7.150833309146353,3.8256640167071905,5.987132919502665,4.525180825128635,5.84710745018875,4.691674429281007,6.199955289219991,6.923829221006097,6.108729028560479,7.488682361512347,8.44216446784036,6.885003934261103,5.932748543548173,4.654553509220994,6.329517090115055,6.0235290763707,5.157650144963425,6.529070355640405,6.630119320133636,6.769742270482001,7.746495264357538,6.128431765169931,7.504217272174771,6.071389054173027,6.5470586331753875,5.125191801580889,11.11324209796972,5.444014799106737,6.151743413430862,6.777323769084338,6.178755256122554,6.094829794661753,5.985998787242788,6.197976051219576,7.455087414589426,6.951644516132511,6.652835442010185,5.321572350851931,8.233916497436072,5.398972650540287,8.009509955941056,7.353776523779182,8.098328741251269,6.334633976734915,5.586625191415181,5.871949650090317,5.798802970298405,6.643248855553823,6.337741186007341,6.0609506333953345,6.258789631955583,5.00424069063417,5.031044992136542,6.749265372753143,6.239237244786886,8.576657949850482,3.6806510435096143,3.3558830877059496,9.331916767975386,7.947374181757719,6.604658864181619,8.288120950925451,6.1659003511585,6.15043477585604,7.284848631969817,6.812490498839781,6.520902083351695,5.392718045875942,6.475349014432267,7.18991664463076,6.768106982111931,5.924740041191648,6.511355563998225,8.002242027621332,6.688949697980147,5.970515488550581,6.9483886273449365,4.951617774264565,5.883364575690239,8.019508571974164,8.459474767847304,5.978377130011034,6.8643157759617175,6.087616641459789,5.836940009789218,7.515784789615411,7.27200784739147,2.7862102991805,8.134648887472673,6.390713928845422,7.890044269119872,5.468751265571039,5.091570351015907,6.147209710024038,7.975574683911845,5.388620123267175,7.053791734678993,6.8851520624654015,6.5973665035361915,6.19586405546629,4.946705494975218,7.63495351753101,7.385558756132583,6.350876275225188,6.5780178169751995,7.236106307342131,7.79262047325229,4.318886058083898,6.260778812338311
2091,6.59612856586946,6.7723241705319,8.1150035000053,10.388581342224414,8.573682482386463,8.749719841598443,7.64971084173383,6.4014977206443895,6.875810848998612,7.0608520497535885,5.512735690664629,6.616546392505027,7.6725359091471,6.701061553907868,8.07360504413473,7.881014589091833,6.613669357037751,6.430122443314257,6.644054797702823,5.71999926563224,6.717451301885065,6.3187810365303285,8.703155133102479,7.796296366972142,9.027290345394409,10.455420349050186,4.707997579127553,8.302728220049676,9.364363203146336,6.313672737957072,9.452711911037053,9.811859789593466,6.525056672314631,6.7114873514029,6.002131847985862,5.566347404800613,6.418732100764513,8.127648566303579,6.643227937149592,6.624621087877913,6.9685338427922865,6.950565062848661,7.343901717971109,6.964587108328424,12.454620480537418,1.8739990339582346,9.087700364918549,7.483026666374038,6.633879971401447,7.386349862762566,6.990947398260747,7.271781378265084,8.576401973207448,9.023109713376597,7.0915380605849725,7.26607817616956,7.2951572698637355,5.786755158469598,8.155557046676511,4.394042859688917,6.7201959788799295,5.064575737663386,6.042472764753317,4.968225744006965,6.772565602742395,7.283655093661667,6.444471462019562,8.22591389664288,9.461809854055277,7.565655014702476,6.35751970163707,5.249201100785284,6.82205426744346,6.343977370909576,5.936272031723938,6.7258936832177225,7.148506284787739,7.5297167779685115,8.535386513533265,6.490917331699667,8.807914774479539,6.674841083843133,6.777291887793047,5.721315522389163,12.047600289870957,5.743211671067722,6.530687087054909,7.361304328873245,6.563792114113937,6.442879906502264,6.294708561409137,6.9661638577436555,8.179832117824716,7.63192522101875,7.372168700756702,5.894370890896899,8.938237736965048,6.026470881726211,8.743544108908754,8.118228653349496,9.089248332484019,7.082285662149565,6.204056225973985,6.608681446776307,6.369618989527227,7.401954514713128,6.815914734876876,6.435509800397117,6.858212597925086,5.6120491793443446,5.565251274355529,7.489399238136312,6.416938470869228,9.721012149905334,4.229291268206876,3.9098168858166384,9.985299006393504,9.15565517390597,7.20186364978295,9.000209735385301,6.912011402434315,6.547909706317144,8.219805046466403,7.231281988065819,7.25328961562301,6.146532827281743,7.1472452940612,7.405455349848189,7.123976269544199,6.37962681267025,7.009192379705352,8.667028837933623,7.436946020493735,6.169556469849211,7.1052780153936315,5.726636811577043,6.237577666753326,9.232388665128887,9.405769563954454,6.304526628348334,7.55504181158954,6.453051103969462,6.158067107200623,8.246991295752853,7.515061782351854,3.3414246940921086,8.876168789277814,6.598327239678277,8.583177304473418,5.659398307574208,5.680910828298539,6.452754268615406,8.695376785889527,6.1650564828566425,7.7937979763694925,7.583301985925384,6.967286047413301,6.863371361432405,5.5270732178047695,8.375775523483759,8.097203076142693,7.078150797185711,7.322978993428167,7.957573352445817,9.123206539272234,4.889562144104777,6.439656088963664
2092,4.20486833124111,4.045836828649043,5.777202147990467,8.248652728398643,6.493250685061022,5.265754953771833,5.713048023730517,4.285101602971554,4.036689759294194,4.913255288079385,2.291912978390852,4.405220842982332,5.557898610706129,4.625514147803188,6.089176511764523,5.913758474867792,4.468040688584251,4.4585722386837,4.378052029634514,2.866716700730221,4.764350829273468,4.349806761307021,6.4594414109985,5.7834252727528455,6.5631912775337655,8.43897051773965,2.607307288516315,6.040449336792026,6.7166607443243285,4.116284555693465,7.343114634354907,7.998385521272823,4.523192077378434,4.4094894262651625,2.9107850263516073,3.349013954401014,4.334439506630104,6.152792009711268,4.537821488330761,4.411978424092138,4.6249492317438134,4.952133237322173,5.03067011975994,4.957630699127913,8.698812203357617,-0.628412398695945,6.176174817979338,5.218263954172534,4.353414195155101,4.410107588077272,4.995064415941304,4.354725033044816,6.517012185789641,6.578665385643638,5.058088824773831,4.959872852265834,4.959198571741584,2.6728930159782345,5.256635647919027,2.2599163542191176,4.464072104295093,3.0015540982286155,3.242700110872589,2.0546885609626733,3.82896618437953,4.917459500829375,4.299144325405362,6.173385834197204,6.817763244360689,5.599046050260472,4.268795805176099,3.1102747569481557,4.2739392961065,4.49548515925805,3.701570247610408,3.9948767493168464,4.756719898184139,4.944822659095129,6.529074395944677,4.366722337001315,5.474149614572524,4.617081983884178,4.52648555636406,3.7149972468614605,8.368436888201787,3.5415083299080545,4.235557174434265,5.3875647097826,4.194599015265708,4.431591478983563,4.505366525379938,4.463922476768494,6.151041112591824,5.471088561710595,5.40168411831061,3.8756923537701358,7.0128713866074905,3.94312025854985,6.669098089945813,5.574980225165685,6.324028979738555,5.045149482600393,4.122029870251818,4.327361643314361,4.346762053047619,5.318885717455612,3.8800690961380813,4.06264554063479,4.853554682185256,3.4825119912624367,2.507099779695273,5.0085934082667,3.6096961463491106,6.842445142567157,2.095585613946122,1.0443862552444152,7.81496686935425,6.107155418395992,5.329460021232563,7.021616322795551,4.830026006698611,4.336831855028868,5.512308615694443,4.450638253396999,4.870270852496229,3.7616212487220753,5.038978097587826,4.832515518118938,4.864837208390234,3.8439931658407054,4.845918385560309,6.415953191245597,5.411693570514518,3.3796420673529335,4.50761153300603,3.561475104590257,4.008049182345469,6.229238592833281,7.078584171955788,4.333475391566756,5.281978721482059,4.161252242078386,3.953700915724042,6.214077104659131,4.592988187571366,0.9871658325195265,6.768806118549162,3.7635504153867583,6.670366149644063,2.844418593185641,3.0039217837154886,4.610973976925013,6.597945150236287,4.038219362994034,5.405930863320828,5.36296877016624,4.463872877260048,4.754981401159119,3.4689574132363026,6.344719498728716,6.000415237030635,5.032033377947909,5.250548138717812,5.520403184493386,5.749898969133696,2.836732871333761,3.7339345489939055
2093,4.817905845056323,4.817540461647101,6.95024871517872,9.160625637685566,6.83656757723155,7.0586233006726085,6.10190178916372,4.752384688062914,4.74391494588605,5.3256556060935925,2.879900670514027,5.3380971062478855,6.608719493174151,5.351250221760112,6.48472320571028,6.293023138917211,5.379999449476601,5.30143757010328,5.367095860941655,3.5166413266340215,5.181461154129998,5.533427824683742,7.1558118158116475,6.789709007142688,7.884851861359747,9.303160293091992,3.0870126562899602,7.161665149418441,8.099340926791578,5.071358715537294,8.368559544456422,8.315885748409123,4.950307964764793,5.403379202145954,3.4226797798584263,3.7983206361532216,4.821489773819159,6.908514378399685,5.2662846893072155,5.371624530646311,5.548400736702928,5.3715365293259145,6.067153266277808,5.373143246461606,10.998395747151868,-0.005631415751469339,7.7167530704675,6.217194098642034,5.319914234866356,4.847630072128157,5.397608647829498,4.751398414887234,6.875222877117581,7.876021803661797,6.113554603837686,5.363033894899077,6.10928435469496,3.235228845785409,6.727338169026991,2.7573690768973544,5.231582276266198,3.4833707777975973,3.9519139217405495,2.7312586384600617,4.339798376734914,5.948255253377661,5.209319658577442,6.533660003594283,8.413961818505976,6.011237856129126,4.992828519468935,3.5817629684340853,5.389770430223694,5.311156744587012,4.303569935519122,4.672622531138615,5.86390119752493,6.192999091127821,7.758647973681317,5.2777101473304775,7.222636065606413,5.0353297821551175,5.26974155535472,4.1580232893084705,10.570905890958063,4.474313860309534,5.240943370515416,6.101747135663854,5.214336780766991,5.327154373814317,5.277351363979535,5.658825124806633,6.75739070516208,6.558177519461205,5.785032777693762,4.31507023038535,7.379253571941361,4.403292702639413,7.01744018726308,6.804186116004815,7.737024514197274,5.426017661033009,4.579820788802642,5.221759469601611,4.818339933095309,5.6933921337898425,4.31824780706766,5.08559196724974,5.2696407962718945,3.973118229158995,3.0707298584025486,6.219015722259366,4.3134293109820865,8.25971311690479,2.5991416490990056,1.57807098727288,8.818312069465376,7.6971616766833035,6.316440594446815,7.36816978814273,5.250365862044796,5.203287209095111,6.8593730878341805,4.905407534205709,6.067757069550714,4.834737963846018,5.475018839769323,5.578994807498207,5.859430060561359,4.403293559921844,5.567550294871989,7.519432231205803,5.787042930465318,4.0814593711803715,5.1622654051230885,3.982935428876303,4.97884942488424,7.789541664565431,8.37513560592799,5.177482951882069,6.425007291395085,5.169613400795335,4.91657755909295,6.5761860685487274,5.310698511528556,1.51069759757354,7.1128490001669755,4.471621624611572,7.036079337242351,3.558912344180563,3.5042000249798955,5.393204484520288,7.134428034311735,4.451424253751236,6.574492688065976,6.489378365206314,5.5448880963798235,5.182390488684181,3.9121305499354326,6.697846135638397,6.634415528255294,5.412165463484568,5.696743732125594,6.709149808719241,7.490135924055663,3.295913566546198,4.417161288446395
2094,6.605104758821689,6.820347343282452,8.557223493843503,10.503651259274319,8.700882949834238,8.261461008211665,7.872163107426004,6.418953248652922,6.860973288915279,7.094710182912392,5.403660065911965,6.945421429672122,8.029086221266407,6.8981801502663505,8.369694621141619,8.116671670613622,6.8763060456719876,6.73528242486947,7.0233359675982925,5.661881200391159,6.953359257237154,6.3658513579646065,8.92128975329728,8.144729728457223,8.88866411522031,10.825353146498571,4.720467304104359,8.629948257436524,8.947475657637783,6.656849087055387,9.634485858010835,9.952978287534469,6.710559788770208,7.024428048652822,5.84622199512247,5.71836195462223,6.472841696492558,8.573795121403993,6.8126562106712125,6.952688477162657,7.274805767911253,7.153966787431771,7.752992943956932,7.046186027598791,11.762424999269946,2.097238566084156,8.63589152610251,7.839726694185156,7.002098896380131,7.22908864786913,7.202123939477167,7.139264260129685,8.726916580364621,9.428996767206442,7.508004214759146,7.297589124405177,7.702799682473312,5.69229467829754,8.177873265126655,4.54404489696026,7.006460709304644,5.272737282617336,6.031944231483448,4.9362527807082595,6.644820617961469,7.648057126279537,6.7467227932708,8.370682594912317,9.214754270582363,7.767199186158593,6.535335652787112,5.21905159744723,7.194118994577182,6.616638323870198,6.1380263127643495,6.75314048138158,7.541277980753061,7.9849831477321365,9.016596005137622,6.812521167870228,8.370967050050869,6.7512136136406395,6.933169433782843,5.767972817660533,11.342071089251284,5.996974363858843,6.923161665941111,7.678292344356408,6.973748814956896,6.743664997661937,6.552707907968552,7.349828464203869,8.549874828550323,8.012697468543879,7.571583546955015,6.131254608261174,9.13816472887993,6.06917642994687,8.810599024825066,8.549279354962293,8.975045659932594,7.25071863404572,6.244428046561515,6.921681363970559,6.404014793706356,7.644679845342863,6.652782940915948,6.851586088281254,6.934998421833433,5.66796288973299,5.5000320868245485,7.888853749581449,6.398349609097531,9.276490765463173,4.282853055616906,3.8868547173152703,10.13425174496811,8.696469279712645,7.603153456387849,9.137497214407755,7.255457259200774,6.8538065963778,8.263937848652231,7.118641354400532,7.692595999045618,6.517062673666357,7.18377499905382,7.4867020788891585,7.481483659867582,6.310509485417403,7.209898954321599,9.056443068648466,7.620067432137405,6.140943042677022,7.125240945353591,5.8858569559866,6.590625133493857,8.767892668730221,9.140348863498922,6.608623572721561,7.961477577300932,6.841114094545099,6.52017710011067,8.436473392857366,7.485446224703677,3.4385080078199235,8.974914980128988,6.588906691634446,8.806484621146632,5.634934823574693,5.609291918061931,6.723514176005948,8.812841100040181,6.328468823227393,8.214524591662762,7.987967885131468,7.348048987445128,6.88298946362117,5.575414895497522,8.525843153225965,8.256898042084526,7.3522734914360335,7.467216740522921,8.382509237733377,8.61462322442696,5.0156519448962715,6.469391589791612
2095,3.8586816510249857,3.6000627608134823,4.837937534883103,7.236877662868336,5.346379857638789,4.746012248098853,4.4600736930452545,2.983075578729142,3.6449749077959326,3.5785420592232,0.1512014226152975,3.777784507464746,4.7189528433413335,3.1565790869424064,4.806510873909656,4.634218702028537,3.884203222548141,3.905066803097725,3.739237359371675,2.0086626112461077,3.4878070823976715,3.7995973200477557,5.2471765855263035,4.983684113642586,6.013584972391354,7.219503897723965,1.3564688013545416,5.159335870424224,6.3358490554423215,3.4915755228781746,6.355566175160767,6.918978056131764,3.2329222737201375,3.7586767442267552,0.9394937910396476,2.0336053849294253,3.137248713266232,4.8091982633903125,4.102552817299446,3.7731201304443958,3.5726865524875735,3.696246928053685,4.32853211443229,3.6372696366803394,9.095289479041922,-2.205229049612736,5.699717251648167,4.513564593576155,3.729214538531056,2.3741354261492864,3.7234857755488364,2.306866931825364,5.30353701320188,5.298466098719632,4.23175826154906,3.363089991026911,4.08687353391072,0.6573233820241058,4.4922196906188425,0.9008306365074801,3.344561254978983,1.6010066342764906,2.8387425055020827,1.1718034049624513,1.9616602309818947,4.256599856219415,3.7025622365803548,4.9654255329534935,6.487350210948881,4.340675822619737,3.4083226003266573,1.852726100333806,3.5368565254170323,4.010429305859426,2.4808144327253134,3.618246294509877,3.971059617554318,3.9189362449186103,4.685309395707887,3.7493546398934616,4.962604520649746,3.2856755485308584,4.090383234722857,2.4690398634250825,8.742585102545807,2.947552662985079,3.599567223725646,3.9180255360130634,3.538888228992961,3.914432776256883,4.030219602045316,3.482395225043956,4.799545234647294,4.602650617731032,4.129703114515748,2.4705225231832486,5.849861434098849,2.677713891298605,5.524098557644881,4.548606135208034,5.6435942613873005,3.788307550266902,2.8568504947309936,3.238580302431667,3.159856029111763,4.051410269377557,1.858086462485891,3.3990477246457123,3.5666825328150686,2.214945920566418,0.6250466363472391,4.056648093050923,3.207096411236402,6.419517950379645,0.8154781262293961,-0.7993912532411783,6.7711538438332015,5.649097682073197,4.5500428522455305,5.892610758543016,3.469940693470939,3.571493030108252,4.739304303095264,2.5312736216643494,3.9069124326623723,2.7134729351462967,3.728783766771186,4.401539887719114,4.235431131232404,2.638680914802284,3.9035665418567334,5.514593866364709,4.186150550617485,2.9940438892306953,4.137351359337055,2.2757010864222362,3.3927318515448763,5.7826421795220195,6.702903725014168,3.767245945745501,4.392776297854968,3.5157228328030685,3.330585081515643,4.927464978448275,4.210288524499226,-0.5098577640179918,5.59183182181983,3.365865248030633,5.41771133655104,2.4264969092247823,1.372500336889566,4.0969573500855185,5.485819516510798,2.7404329530124003,4.433999989053299,4.443794011427411,3.7429661167592863,3.4712585713874926,2.198499558814642,5.082722611468411,4.84519637453145,3.6898117065429688,4.033395006225032,4.553080870159744,5.242953201820113,1.4907282349364523,3.3834202711566785
2096,6.1654788737495725,6.236597894628839,7.089218015549705,9.62273228801787,7.635158135741946,7.149933741490045,6.934737639129162,5.529939522345855,6.38051835174362,6.143421620130538,4.21799647795657,5.968540943336366,6.727087465176978,6.33887647396574,7.362204181402921,7.135514215628306,5.957439071095241,5.864066251429424,6.001157190402348,5.0371847757759225,6.018960422898337,6.105119779674956,7.842155859867733,6.894229623178642,7.936945060143871,10.297323866335988,3.8403720344106347,7.256982383256157,8.160367929500842,5.684986505409083,8.726447332898779,9.03233238719404,5.774474753191075,6.033664605518182,4.734369969926773,4.682080637228988,5.562427506844202,7.92032806780189,6.166645411774518,5.999045961846907,5.921909429629646,6.1996595191458885,6.668145683733745,6.157384389638901,10.704350912570957,0.9081243147452681,7.744538962530594,6.784449883798761,5.960881754135089,6.190323612590633,6.229017114142576,6.12856019288301,7.713632731139663,8.320994777480763,6.214135381082693,6.39455243895451,6.306641651690001,4.522509364504372,6.835674248263244,3.5626727212220404,5.754372475544612,4.336304857830209,5.572054020563755,4.258105629558362,5.579157474078235,6.582897115498782,5.783568630119171,7.353458119680483,8.3962965177993,6.850784139583509,5.624071227883297,4.330155569563312,5.9464989331861355,5.815351529791952,5.0015713656942085,6.254369315939643,6.24382616231839,6.320977051105974,9.022570721929268,5.8964843485892455,7.3100955511132915,5.832015215108793,6.30796643992265,4.9048834222058435,10.239733948310215,5.121963170294966,5.88105130692323,7.106692868843672,5.879114749934524,5.876372833922506,5.773828986038766,5.797479850418554,7.7362896377841635,6.674697117080603,6.6296932707230285,5.177823236460486,8.176877227301397,5.172959072453279,7.7963583479325,6.929201034704849,7.807752460365491,6.260034919499111,5.332907500738901,5.654377065102262,5.512239539871613,6.607562877982855,5.623828430970519,5.752491652965544,6.030268844465409,4.7319254770875006,4.360634822646781,6.342561583469316,5.940214574732821,8.391507475202282,3.351888403793177,2.7596131592988944,9.223474768797562,7.755107532814146,6.4160362701242155,8.156832149438559,6.191302905107537,5.848262581353384,7.032128335535522,6.143198762834071,6.199881596366567,5.108322272344955,6.263911114633084,6.912137750287849,6.467075788982523,5.499451505144439,6.2520672226945555,7.636389852687717,6.623004838327566,5.671507270137469,6.67016404072444,4.841915727158386,5.603267976890007,7.852709289640187,8.41910647203525,5.744099185864127,6.536405909030386,5.813331211606662,5.526396971940998,7.433486329019072,6.990099860293168,2.404845450321831,7.926858417193097,6.115424685048247,7.86326684430242,5.180032997221378,4.5834331942101345,5.903140647523103,7.808170733849207,5.306479973345994,6.705020473400748,6.6050818275660275,6.207083091139794,5.9576627373695406,4.67356959693134,7.548768155276777,7.2843921378254874,6.31940244684617,6.473460612197718,6.834584840635461,7.554245363175872,4.083033850921008,5.957987249145908
2097,1.7128026572152464,1.1987734867324071,3.004923453490282,5.672634538648456,3.808849572621545,1.709161654114724,2.9689423400780246,1.399463944008639,1.1793427926102844,2.081225561684577,-2.2871086962264155,1.6571294060298076,3.1090499563463796,1.7638177883265347,3.3030832481795325,3.1289827275122044,1.8574030779559028,1.9641885117724012,1.5627344478050182,-0.6148537089084767,1.943360179405789,1.6628614984581198,3.550475576314432,3.420445976714636,3.929207457550642,5.955838824429646,-0.46071792830681185,3.4329549981088485,4.095827356494706,1.3619634582307827,4.669073683434522,5.396180876113219,1.6486924282949518,1.5741558077680913,-1.3246242193312492,0.22993534045486685,1.5744801071183436,3.447090631415104,2.0845623374756035,1.6542721953371449,1.64578614033887,2.1911244068680142,2.117003987318484,2.139526254529584,6.870292883237889,-4.328402367645294,3.178634407191439,2.423902147288982,1.517035598898756,0.28864983706895747,2.220011870408883,0.244576746019824,3.8177608585563254,3.4581229691875404,2.610357587450538,1.6045594672704566,2.2239023924901558,-1.7401704626350558,2.1111807612509574,-0.8520134186436406,1.4388494605262705,0.03534423893895643,0.3170898053152818,-1.4598750680813493,-0.22488737517389715,2.0408803445511854,1.6428110532719509,3.4590410518877484,4.281003083134522,2.878294911364029,1.5533308510122619,0.1409195562631901,1.3132081893754421,2.138000160455705,0.6304939291600491,1.2554346076373388,1.915230887717217,1.8948071902168233,3.4092580868766222,1.700633888357674,2.067950344291226,1.8299016716151408,1.9712052957058483,0.8093846399208597,6.423810551071476,0.7119516334657031,1.348303630948065,2.6525599874299157,1.2449105398665212,1.8983165277489293,2.2146138937758466,1.492837054462267,3.371714744845341,2.9303326172882596,2.617653526879592,0.9893840397226384,4.395390853895964,1.0761152135914789,4.032862127854909,2.6292565002523625,3.4052526578307143,2.1600160341838324,1.3058008485441577,1.4367370126961638,1.6084741835707224,2.47237256785919,-0.2626417089125196,1.0738585273381973,2.0694771632552142,0.5265164534593477,-1.9299886967858355,2.1143515438869103,0.6860636310844558,3.934986010193824,-1.040290057916065,-3.0407435724447502,5.1094504697569505,3.071507551032923,3.022583213530417,4.421121420017606,1.8976931900813656,1.5531436107281984,2.4848654854657317,0.5198160273761584,2.0022956037829656,0.7257229110290273,2.1888581132837417,2.079596250093191,2.1138770518631786,0.5254919534099493,2.052717064475193,3.7366903193038095,2.6231039551825344,0.5416264400399977,1.802375967646468,0.5160745459383936,1.2012184467808984,3.220761921899072,4.566109864779842,1.8507647007575325,2.6610177966027404,1.2359067664064218,1.14792633711778,3.4133968188844928,1.7985332754665408,-2.4954729569305116,4.095479100942612,0.8726937128552085,3.937488133794274,-0.15221181659606103,-0.7165206714436926,2.3025052756199553,3.90338516338118,1.0041521585963908,2.618794644187236,2.731824265150675,1.3896439835943029,1.9699108878086358,0.5209127041543351,3.6343585972128256,3.1869429822625808,2.1102345400843125,2.3654303106254573,2.670453820762964,2.3682157171183604,-0.16607585441770814,1.051041244934635
2098,5.347824914188224,5.344728274078205,6.667063093872677,9.569352380160632,7.320180278913731,6.779701116526948,6.705326863339746,5.286084144079157,5.398620276101704,5.892659565369637,3.345723697851445,5.4687035854520465,6.389065804923403,5.680921239071879,7.049322314046581,6.881384231599753,5.447159694186571,5.404268776548318,5.494970363789587,4.153871128014455,5.797508818836054,5.451644603484149,7.612045160591087,6.5788947944047615,7.681048292795133,9.41152972188489,3.6515725984655587,6.916981997161076,7.921942452418392,5.205614962711419,8.64356235183519,8.816545271025651,5.573249943939778,5.503861261724398,3.9053628113249244,4.484796470095372,5.299259315405421,7.2276748263534,5.553499633382106,5.5016530957715295,5.5814743751081926,5.9703191426293625,6.147239675809599,5.926087253309533,10.214961826801305,0.6390570430406192,7.490128850885498,6.2716672776331155,5.431535180272729,5.311823708872343,5.992643134347325,5.2541075432351985,7.409348143842713,8.164188387450478,5.863965550373343,5.880002504535792,5.8880269383562025,3.6971756065713968,6.449276457058971,3.3581792496401657,5.441569437304963,4.140689311340322,4.622216800677364,3.3758335550283567,4.790121975708113,6.024899762766114,5.268703863538551,7.071427596026451,7.986915166168637,6.585798916920762,5.24327700289673,4.109762233392944,5.346277411641747,5.380880547880101,4.767117981252998,5.2710870846078315,5.757758256690254,5.904718815943164,7.348299444235606,5.423619994829439,6.957396354654746,5.596721862539131,5.62517358041529,4.707069076597691,9.843221493065357,4.614668070756154,5.353351103912653,6.475425924720434,5.3334060742937295,5.407487293769577,5.344451738071855,5.388421580709264,7.184813726821855,6.313319099232041,6.3982708520288165,4.952377160047663,7.910648793752851,4.939672213561576,7.520101012726283,6.529766034463357,7.5054238191966345,6.011569210681424,5.1034382511058745,5.322780558518291,5.2566894084729014,6.283624195333187,4.802259065467739,5.210710128961966,5.801017087338297,4.487619223522734,3.5742086228625576,5.925535812973977,4.98638127076215,8.107049897056202,3.163273382739258,2.098752793566931,9.174777337189386,7.488851340166452,6.083740896384778,7.893282996940201,5.8450951776627855,5.404546122612631,6.689009808260824,5.345165655016897,5.790693264583066,4.746708698442268,6.025060824792962,6.083524079929137,5.943798156134014,4.891741404759469,5.868145312728555,7.259916844252957,6.363497121580717,4.727403121775596,5.760886554542027,4.642038098311627,5.0903740440463165,7.575884318557274,8.184813196802963,5.279034304143544,6.160950540468608,5.291729647152381,5.037927037683028,7.163670429381829,5.9615906796835585,2.0951097466308495,7.606912520938908,5.145273747564903,7.626152666847645,4.242621940400069,4.013624718476985,5.4589294238288995,7.600982244030157,5.095330026000741,6.325145108946438,6.237322214348565,5.6254182468200575,5.698131329283628,4.4606415439268625,7.271076553019473,7.122432643483425,6.028948282630281,6.2627413927994935,6.438208915036301,7.245390992097817,3.885975139408279,4.992594514106369
2099,3.086704971076088,2.9265765745578154,4.977838551143891,7.176764050948207,5.415316480757861,4.264966938211102,4.548138885244982,3.112190105791748,2.792850288337674,3.7823077455676826,0.38591490403331086,3.707767430564453,4.859866019209912,3.3138919177240345,4.931757920389543,4.716032226088232,3.7924759380262505,3.8343178018413737,3.6542812529309048,1.2967159861120707,3.550205848147642,3.5701588063404475,5.203738623138133,5.100971631802105,5.801755043967015,7.226303501375792,1.4204638875250153,5.250849834932334,6.09381484265985,3.3920064203698055,6.217346950594719,6.963814746203095,3.305803060531619,3.6507572690988384,1.2253936143784667,2.114796965800488,3.24395341361905,4.807950791099978,3.6972772599486947,3.6973359054275616,3.641279371937033,3.7962580860174917,4.251911339815708,3.787156563380667,8.724204640450147,-2.131402419045052,5.393572768389152,4.468043846046103,3.6317406562799253,2.715214297689238,3.7996562038516175,2.669505681200278,5.4149591339559375,5.105553883416898,4.3493163130278205,3.567022382442293,4.1673818479838065,0.9028573673346957,4.328170911119932,1.013275912609593,3.392902374010663,1.7746423092381698,1.9551338491768713,0.513257049281021,2.2348744653422306,4.135178660058641,3.5753404766257004,5.058138768734605,6.1900559896282115,4.444421646153105,3.3818444924364837,1.942957685939196,3.479313081708448,3.9139428073700886,2.5602329700928306,2.7923234937519883,3.944988747095238,4.005829148251437,4.725316066166448,3.6947879066433886,4.518636489222785,3.478460505636857,3.6098650173637385,2.5422392225471,8.32275253739851,2.771472319446761,3.493875479646795,4.119767433995831,3.425398500828903,3.818134727149175,3.9380868578265464,3.636127719077574,4.860264576714615,4.758446046086989,4.215823878887402,2.661040141150871,5.9807139741706425,2.7897005895602254,5.62108233365519,4.643231214120468,5.484251250994615,3.8376722665150416,2.9874586149536335,3.381987583357841,3.245859366681041,4.155152931167135,2.1527449717295553,3.2760587201036278,3.689347874501659,2.3226463540360847,0.7038470052568047,4.172034034814589,2.311029927997754,6.140077547009649,0.8708578224839838,-0.6022821171530347,6.653375537038359,5.282092185498309,4.682541947298008,6.007644500198035,3.5791603519163764,3.5096898032031194,4.60253429093302,2.8184320371726477,4.050042672403928,2.8742003769710167,3.889115835058279,3.741142145261683,4.138775980035804,2.5201329208653545,3.908107722948853,5.6131972872234615,4.255525398935225,2.1422195229037073,3.299820919103663,2.3533602092286636,3.290610763533361,5.438179004712612,6.383580787781754,3.690303805830149,4.522177309632816,3.4045198205216205,3.209114623480832,5.03571649101274,3.402469009160999,-0.4049081249997563,5.706507275202148,2.5029319598949638,5.5097744557364265,1.5017704185226868,1.562564854991849,4.021674046870963,5.5060241720799725,2.797891188027529,4.570998134926476,4.582888012751937,3.584252469241619,3.602849163885774,2.2834910827464046,5.205041896937221,4.827308684844398,3.7786523162804797,4.0641418788582095,4.6465800044865455,4.822811730848307,1.616331168289841,2.547177422534805
2100,5.569472540764075,5.623712823308747,7.278428650300563,9.665376886468511,8.002271165364782,7.36932611465454,7.081593842631014,5.648821124100478,5.636541834936057,6.296446170015589,4.6413816974080815,5.859190236006318,6.896546563647436,6.120607321632319,7.467210976085785,7.295384087760385,5.917861658052123,5.771262580207713,5.879893754833735,4.655761966674495,6.147596023655656,5.545391333257333,8.032059301076268,7.0634186210046535,8.04974921304604,10.005170757914412,4.034005944456515,7.471486070803531,8.27299554671707,5.577379128157067,8.759750260361313,9.305636210431313,5.932612618881059,5.941954571111446,5.177369369001226,4.939514278594786,5.691866772185115,7.63889249581201,5.838184078191889,5.875869343121504,6.199491905241172,6.34682719589307,6.542486200269701,6.227228603614818,11.388868656651727,1.1321327878997227,7.87443766919575,6.704763979105084,5.877725542105481,6.506872908822419,6.408178587668929,6.4045869390127015,7.9946630374881735,8.245627554840054,6.346525564661315,6.540681395936631,6.476348910866113,4.971273360324316,7.052208151539849,3.715370292743219,6.003062390176389,4.341290218305996,4.82301146716907,3.906282425247899,5.993174715802583,6.483777748998897,5.751493955223725,7.633624804302536,8.447708133479649,6.940662726310305,5.652777528454516,4.554284985723165,5.981348249418985,5.743711671952543,5.260179438724595,5.537025869021128,6.336061915960809,6.587815724313258,8.33122697119312,5.767565583103692,7.496641617974847,5.933148538725901,5.897496542411633,5.02553759428576,11.003851865899971,5.001668439343058,5.760022781789308,6.7821264564991,5.771245799637557,5.792305978207751,5.71623790469663,6.072424765804724,7.631283955632483,6.839362248521424,6.797707536611065,5.165441289355435,8.367733591589442,5.306936905944143,8.171499473010673,7.17343883062231,8.025135310302524,6.486571610487738,5.489596685587328,5.873614985367349,5.676984932273623,6.792233657958949,5.974700049738044,5.638812445361038,6.1367179047444775,4.9226634141443135,4.778415594121504,6.594446550155514,5.19966950396012,8.605759384046342,3.577042543168722,3.1152929167809162,9.261129179905204,7.931205467931161,6.520797328188505,8.437275773492354,6.2742859703199665,5.8033876831418505,7.224306737169107,6.436293056812779,6.392612361702427,5.334456120585573,6.407942419165168,6.336702761079734,6.365909940723716,5.536762459621091,6.264552994502772,7.881415986295403,6.844927973595668,4.956582430107839,5.984277792531871,5.112989969680018,5.490868597708904,8.019878311532327,8.450918563416804,5.642606357562129,6.734025981120672,5.670978954383012,5.417444750666621,7.650498625276413,6.22922379831816,2.636132990363343,8.294512461870903,5.359223301201286,8.018852670644897,4.452656439152256,4.923961239513653,5.858750622912218,8.08017358594927,5.548872919945883,6.905225424674056,6.759538632656993,6.120492858105694,6.113818361327568,4.8224611796181795,7.778167753255577,7.448804002897493,6.4678521269354325,6.705919878493095,7.069680226260215,7.759338855486491,4.203457894510238,5.250731679771483
