Year,1,2,3,4,5,6,7,8,9,10,11,12,13,14,15,16,17,18,19,20,21,22,23,24,25,26,27,28,29,30,31,32,33,34,35,36,37,38,39,40,41,42,43,44,45,46,47,48,49,50,51,52,53,54,55,56,57,58,59,60,61,62,63,64,65,66,67,68,69,70,71,72,73,74,75,76,77,78,79,80,81,82,83,84,85,86,87,88,89,90,91,92,93,94,95,96,97,98,99,100,101,102,103,104,105,106,107,108,109,110,111,112,113,114,115,116,117,118,119,120,121,122,123,124,125,126,127,128,129,130,131,132,133,134,135,136,137,138,139,140,141,142,143,144,145,146,147,148,149,150,151,152,153,154,155,156,157,158,159,160,161,162,163,164,165,166,167
2026,11.785394750535485,10.466134281456473,12.061456006765365,16.076129591464998,12.988168676104397,11.844933908432726,11.92512665907853,10.353104399517187,10.565847320854667,10.79376977682114,9.242526473104954,10.833795234560965,12.210103470087047,11.199460991472002,12.476832666853443,12.097005089744924,11.135095933079716,11.46458721160889,10.465021464973692,9.366701285354791,11.208696496114136,12.232443857192997,13.42930064946413,12.572360521554952,13.771290022134774,15.797124791145327,8.570684379339223,12.477452939748769,13.805111944675446,10.133352807909255,15.300844246149065,14.800305044651035,11.0375663490966,10.63625679035904,9.792053326964378,10.128753903508187,10.342514592409135,13.082803484797472,11.884282949566844,10.802682134509093,10.736557453498252,11.229399320483209,10.8198692291975,10.74674799023196,17.086712741851805,5.805336101353172,13.125049442052841,11.179388974606985,10.567983422428378,11.538266843557361,11.223050811886793,11.526296988129623,12.814461446739731,14.62502316832543,11.807140004634862,11.886252200603488,10.939149441570041,9.519627231359484,11.227056981623168,8.309554319083688,10.627804651856419,8.889100247621535,9.625392270833256,8.761600076593458,10.554515619203446,10.673333379626273,11.16521863341331,12.507868803665037,14.247084558010105,11.649259589181753,10.114509785175327,9.185388635098931,10.407874746527535,11.70830783247948,10.177078267931934,10.784579582512386,10.658574255183341,10.423604013375009,14.788238430023194,11.117043405771254,11.94050390198827,10.378730762749907,11.719949324429038,9.507691342988986,16.98673980236054,9.211230098083615,10.114875727891924,11.805256281793119,9.996723566949372,11.244595015048985,11.915810823440546,10.331459557265045,12.831544595956805,12.050938344001773,11.696731573343273,9.605628567934037,13.664388835430142,9.974711533635851,13.053277793526652,11.224551173672078,12.920409229397773,11.608560399524873,10.138410573266446,10.605471710860732,10.187008446455007,11.767138308286667,11.001228798925876,9.652546811848882,10.599121539294718,9.494758868217469,9.293135406076905,10.69355257079005,10.074704901129008,13.545435905456543,8.135021486878397,7.9165951164439345,15.72472916841507,13.146982395648953,12.417815577983863,13.639407581090927,11.238035392761233,10.254676258564,11.725905133783819,11.704468783736228,10.874168485403066,9.804248657077549,11.104157460946592,11.716886305809023,10.901356249302625,10.012327668070792,10.89639142379165,12.503364467620854,11.889101621229198,9.815351997315881,11.553033652529123,10.34136104285717,9.916808995604509,13.373273167014128,14.73041690587998,11.560363370180134,11.559660348296166,9.812978353351347,9.631199928652494,12.490787474997344,11.369072043895722,7.476511627435687,13.120306190010163,10.169666179269555,12.957690933346754,9.293086263909935,9.434941613674164,11.991342967748647,13.469524791836744,10.73779755532742,11.522741732001304,11.893465811014176,10.023635171726347,10.79660940468312,9.322407527267934,12.5463733619079,13.07288229763508,11.255505925416946,11.959977417066698,11.264775843918319,12.528332362882798,9.357169377803803,11.020987072587017
2027,8.67976928278804,7.4096904814243345,9.735800716280938,12.711307770013814,9.596883964538575,8.990493224095555,8.559936742484572,8.036852244287731,7.260812947154044,8.29918856881559,5.158850248157982,8.551370349153878,10.103832919895648,8.588271884620184,9.13562195003033,8.654176953434948,8.948127629794184,9.345176097750663,8.15176605805755,5.903816962242128,7.894800886511805,9.682056507468227,9.8035451233387,10.477323001623157,11.580476731061937,12.104555416852236,6.314701273292302,10.22105855611153,11.734160304069523,7.8288202583789825,11.959716007113453,11.718345011770733,7.825336141884327,8.337331993877891,5.741643536835907,6.702574072964481,7.988623088598251,9.474139316938818,9.30754004046321,8.595286947768178,7.870142358541491,7.937099096179006,8.516996358335021,8.512805876135825,14.566764354705816,3.3768491497263313,10.874778854846955,8.899321084097028,8.108649191260337,7.77753176987171,7.6715726859867575,7.824083733186129,9.428627216815949,10.537386456131932,9.710726822912694,9.127964739501476,8.51632405221462,5.5660059789195655,8.586168135702604,6.014174507744611,7.605718496441841,6.579796570539476,6.326759934425354,5.264930787682535,6.611094999313357,8.284609024226672,8.908880038745698,9.190154603123665,12.123277187347409,8.663103699684147,7.737492856383325,6.874391423165799,7.921247094869608,9.57959051132202,6.967925454303623,7.501729807257652,8.230826501548297,7.7660368107259306,10.974679864197972,9.037299830280244,9.232809996604917,8.025793538987637,9.003274453990162,7.293584923446178,14.328058898448944,6.79904647320509,7.635653832927349,9.254184663295746,7.451319971680642,9.013141040503982,9.828913912177086,7.848045156151062,9.201151137053962,9.901197429001334,8.374765694141384,6.992873130738735,10.506747796386481,7.667724304646254,9.790741991996763,8.676337932050227,10.517528187017891,8.23719491511583,7.804637224972247,7.783357030153274,7.783058822154996,8.187655602395541,7.244519667327403,7.086331420205534,8.310439522564412,7.1237882807850825,5.419879036583005,8.197701394557955,6.816476577520371,11.217908233404161,5.871045874804255,4.491335666552186,12.256251244246961,10.681081368122252,10.466966807842251,10.40859998986125,7.610923019796613,7.888784751296043,9.066518756747246,8.063152666017416,8.475299344956877,7.206080311536789,8.682051795721051,8.668410374224184,8.612238869816066,6.815626464784144,8.59310493096709,10.206583839282398,8.581898450851442,6.491643577814098,8.336262581683695,6.900253688916569,7.493925311788914,10.972103261947636,12.6621480345726,9.5314728051424,9.273819172009826,7.321971831470734,7.220680333673952,9.03971377909184,8.079760951921347,4.974200845230371,9.737723368406296,6.846637812256811,9.677029819414026,6.016632208228107,6.095611570030451,10.006948053836824,10.187465907633305,7.276093000173565,9.147780908644199,9.672311459481719,7.495251663029194,8.42850835174322,7.017677720636127,9.199950763583178,9.709583984687928,7.626068677566947,8.62121456861496,8.772506502270701,9.87630501389504,7.247184339165687,7.699787054210901
2028,8.154192090034488,6.901404453814031,9.79136850982905,12.571634030342107,9.288439922034744,8.887636026740081,8.349500915408136,7.512492128834131,6.647046468406911,7.8594630742911304,4.294841413199899,8.287893971800807,10.160365758463737,8.116161891072986,8.792621450126171,8.431083086878058,8.72157043386251,9.046158778667449,7.931112574785951,5.249751699715853,7.667834413331005,9.341647297143938,9.592913519777357,10.542073239386085,11.515102551877494,11.675718171894554,5.798896167427304,10.299294220190498,11.58080985229463,7.595159460231665,11.81568956971169,11.313939543627205,7.559583740308881,8.108561936765913,4.91296848133206,6.458955471962691,7.502471150085329,9.059249725937843,8.873827801644799,8.352120065689089,7.910013634711499,7.688500960171223,8.32718751728535,8.029932923614979,14.603399741649628,2.7941317239776264,10.675520635768768,8.69840522110462,7.866149751842023,7.0391628671204645,7.475149956345558,7.038089381530883,9.211304959654807,10.477426518313592,9.716250325739388,8.51425995901227,8.559544155001635,4.7426021337509185,8.648502002656453,5.511344332434239,7.571063187345866,6.093429569900039,5.68066068738699,4.582398515939712,5.82780291438102,8.075967419520019,8.67166788354516,8.971424645930531,11.982085106521847,8.387996726296844,7.412631821259858,6.337928128987554,7.726852368190888,9.236926863342529,6.831219641119238,6.91012592106126,8.172219762206073,7.9502786665223555,10.525253611803059,8.759271989925765,9.14497990608215,7.553846432268612,8.567997270822527,6.798615171015266,14.34838898181916,6.542452467605472,7.3707464594394,8.799932934110988,7.211498146411029,8.675834296643735,9.493519324064257,8.0121287509799,8.82857186794281,9.914018965512515,8.167359780706459,6.541281961649657,10.156872612424198,7.137609188351777,9.576542824506763,8.826022781431673,10.510135710821483,8.038828969001775,7.290792075544599,7.746937770396474,7.314507570117715,7.948190490901473,6.477780821919447,6.871064692444636,7.831463653966788,6.572763756662608,4.622265643347055,8.364404971152544,6.20750842690468,11.0766834495269,5.331222177250314,3.712047580629592,12.15595096349716,10.57908212468028,10.427183317951854,10.093795433640484,7.315570355020464,7.601073171198374,9.070762437582019,7.324173467606309,8.567159757018093,7.2617270700633565,8.209637171030042,8.16866024611518,8.400105252861977,6.2105744712054705,8.21681249439717,10.308323829341685,8.358361559361224,5.8433750104159135,7.7701150584966,6.665561410039669,7.237699058558794,10.823729060962794,12.501763248443607,9.257167255878453,9.323864724300805,7.072512028366333,7.002889934182167,8.794649897515768,7.503403153270483,4.3703623527661,9.49373119771481,6.212238362058999,9.400447653234005,5.372781145572658,5.386188334226613,9.768247636035085,9.971842792630197,7.0581347718834895,9.230161027610308,9.71061474084854,7.291722393780951,7.905978490412238,6.514255982264871,9.001831889152525,9.516565456986434,7.375637274980536,8.40703629776835,8.921691375970841,9.74998683333397,6.719965475797656,7.127136635035276
2029,11.305518173053857,10.10567188467831,12.934737208485611,16.102569043636322,13.540112600848087,12.458896353095767,12.558038232987748,10.623720600456007,9.993828148394822,11.16852652914822,8.588914220035083,10.952317699789994,13.027334815263753,11.219861293723806,13.198635327722874,12.741142600774758,11.347416328638793,11.562419652938846,10.632771763205527,8.735847943648697,11.954153479635718,12.178567039966591,13.86291299416917,13.309952533245081,14.332389092445377,15.748197889328011,8.855159994959836,13.291992777585984,14.260217118263245,10.266221752762798,15.403948998451238,15.402213531732556,11.727775448560717,10.835474572703237,9.091142339259388,10.918634119629855,10.525063794106245,13.29644498825073,11.747940433025363,10.966290308535111,11.52084161043167,11.812207619100809,11.055411930382256,11.052278801053763,16.93353657722474,6.273455123603339,13.730534702539448,11.397305572405461,10.669196461699904,10.897308817133311,11.80547873629257,11.034369773126674,13.410454486683008,14.557019558921459,12.600706243515011,11.797913700342175,11.634576456807554,8.83330013044179,11.97237851135433,8.597796913795175,11.415071099670605,9.1428139846772,9.012290254677646,8.089153741300098,9.809554579481489,10.864190952479841,11.39580077975988,13.171204866841439,14.694081604480749,12.235918989218773,10.221693669259551,9.402230539172884,10.790748826460918,11.783179724216463,10.956513523869216,10.22252782974392,11.17147632092237,11.363428525626663,13.962924468517306,11.26247855424881,12.557818424329172,10.620106041105464,11.505391311645512,9.796585844457157,16.820999598503114,9.283803497999912,10.242713174223898,11.867739822715524,10.128654161840675,11.32310047447682,11.982621395587921,11.247262454777957,13.250685984734442,12.89127592742443,12.427901321649546,9.910305000841609,14.333519461750981,10.218589638918639,13.646144844545052,12.151314917020507,13.599091556668279,12.334219446778295,10.356481057405471,11.392202831804756,10.356617322564128,12.343169622123241,10.425064226984983,9.788570113293826,10.838983963057402,9.757147896615795,8.574140491290024,11.544757210463292,9.52094369120896,14.077989196777347,8.441709480434659,7.708784867823125,15.811042076349253,13.667140404880048,13.177140253782275,14.190933632850644,11.979012067615985,10.405436088144778,12.385284123569726,11.064588941633705,11.758506195992226,10.678754516504705,11.44354900345206,11.32203697435325,11.060202694498006,9.679475048929453,11.074950643256308,13.29952075183392,12.562531889975075,9.181942344177518,11.015945564210412,11.081934034824371,10.02906005829573,13.887854209542272,15.166432785987856,11.730271440744405,12.392295697331427,9.936530841886988,9.74662799330836,13.090271967276934,10.853235320746899,7.772681215964264,13.735825342114552,9.575910570099948,13.575951448082922,8.67745145447552,9.143995373882351,12.18210189938545,13.891152118146417,11.4717198709026,12.444465691040389,12.78841251134872,10.248131737485533,11.017489663977171,9.549445719877266,13.192378197610372,13.53735511153937,11.890787292644385,12.598868104442953,12.134734556637703,13.14491628929973,9.744189763814214,10.525314356386652
2030,10.686527016758916,9.391809974145144,11.628619588911532,13.347507995367048,11.060958119481802,10.49781892746687,10.071339599043133,9.043655835092073,9.34322188906372,9.320419650897387,6.465676274895671,10.18800645843148,11.827207189798356,9.511229437589645,10.667816787958149,10.214764589816328,10.506834476056977,10.886606991291048,9.804769896855586,7.737021746300161,9.431622971827165,11.693941974639898,10.951383597403769,12.164190977811815,12.954550677537918,13.354555028676984,7.306635151803491,12.00064789056778,12.882040876150132,9.449409471824765,12.583016362786294,13.267947220802313,9.346076306328182,9.96990195224062,7.06656226308551,8.310183786600833,9.051905942987649,10.83371599465609,11.106050549447541,10.190667440742255,9.715736955776812,9.397140398062762,10.183846069127323,9.50480981376022,14.99086453914642,4.395644934475426,12.158082807064059,10.509879502654076,9.848952533304692,9.111297431285493,9.23853607475758,9.18029146678746,10.908433692902333,11.171187426149846,11.439443334937097,10.309858250617975,10.412677951157093,6.858153888583189,10.345687434077266,6.994692352658603,9.35962713509798,7.566418213397265,8.358824664261183,7.1330526165664185,7.913121588528154,9.956329506635665,10.51483576204628,10.61623917669058,13.395527082681658,9.966737480089066,9.110080268234015,7.861836173851046,9.70060496106744,11.142007499933245,8.649482555501164,9.557077196985484,10.041040648519994,9.834607179835439,11.825194370746612,10.573930960893634,10.67988012582064,9.010714421235026,10.860616759210828,8.288054427132014,14.755203473567963,8.474693514406681,9.406272946298127,10.207924379408363,9.24602241143584,10.638059830665588,11.348736959695817,9.806879940629008,10.671237272024154,11.674259805679322,9.870529837626966,8.13424360901118,12.002396050095559,8.681137134507301,11.175447963923219,10.696171172894541,12.073298372328281,9.754095473559575,8.797157885879281,9.567498615384093,8.849316113069653,9.735482571646575,8.579600827395911,8.893945329263808,9.284151219017808,8.139391357416756,6.791587200667712,10.158496124297377,8.856604676134882,12.44671045988798,6.854791103489693,5.765808107703924,12.87275716662407,12.005219206959014,12.102525198459624,11.893595346063378,9.23135242313147,9.404519548639652,10.620088954642423,9.357580708712339,10.420366516336802,9.089401004835967,9.758088123472408,10.676615387201313,10.220454192906617,8.236713091097768,9.92016528174281,12.046669383347032,10.016633674502375,8.530030643381178,10.402263082563875,8.46619684249163,9.21250095292926,12.272634655982255,13.880177688598632,11.019919526577,11.126771159842614,9.097714877873655,8.902701254375282,10.592992008849976,10.182152929902077,6.046326035261157,11.174726998060946,8.92233830504119,11.223553340882061,8.03914011828601,7.27157288724557,11.43746784329414,11.378430091589689,8.864016399905092,11.072974267601962,11.502423710376025,9.257675765105517,9.41837520652916,7.9959724083542865,10.649134138226511,10.825564565509563,9.242702690511939,10.003713756054644,10.738229797780512,11.307231668941677,8.24621450956911,9.80318085551262
2031,10.341838145256045,9.097080460190778,12.176573714613912,15.937706452608106,12.852463712543255,12.417585500190032,11.954004968330263,10.211206677556033,8.943001495301719,10.523250167258087,7.818092815205452,10.2112766109407,12.357993656396866,10.866702249646181,12.580719911679626,12.167256235331292,10.512035231199116,10.941582581400873,9.79968837872148,7.878637508396061,11.348108033090833,11.736238038539888,13.312081262469297,12.688589572906494,14.21797696352005,15.1237923681736,8.447286472097044,12.615388734638696,14.29595667719841,9.47631882866845,15.176836287975311,14.925441241264341,11.224355433136221,9.961151443421837,8.369666181504725,10.30959317833185,10.097979896888145,12.68695537820459,10.991141563653951,10.201282703876497,10.773804264049982,11.199868453852833,10.261226347088813,10.640161945670851,16.71108567714691,5.634333646297458,13.69968527853489,10.657708948105572,9.84737681299448,10.36476465314627,11.249383711814879,10.35895720422268,12.769855051487685,14.371920791268352,11.934563833475119,11.360812020301818,10.854429194331178,8.15938281491399,11.534535680711272,8.134738036990159,10.674236919730905,8.728295601904396,7.951559866592288,7.2034767616540165,9.188097237050536,9.946578682959078,10.52219873033464,12.463893283158546,14.534277224540716,11.587516249343755,9.609516124427321,9.041739973984663,9.79513626992702,11.201816213130947,10.290259156748654,9.170743089914323,10.276835776865482,10.446136734541504,14.020394074916842,10.608746179938315,12.523747170716522,10.135052757710216,10.692613442987204,9.395948380604384,16.534447073936466,8.471020433306702,9.412723148986696,11.536087405681611,9.244313277490438,10.678969788551338,11.427380859851835,10.374937191186472,12.63011271655559,12.176041269302372,11.764667487144473,9.450965497642756,13.768388400971892,9.844817649200559,12.975697505474093,11.295638508722185,13.29081412628293,11.619348959624775,9.971422555670141,10.741995200235399,9.925963765755299,11.703006487526002,9.806778344511992,8.88504599072039,10.39853191748262,9.325733479112388,7.970046453876423,10.738242940630874,8.477167022228242,13.98395311534405,8.003103848546747,6.979649229347705,15.577482414245608,13.691957747191186,12.575864356756213,13.634672106616199,11.310078188776973,9.658583710715178,11.971765175461776,10.568242077529437,10.990342179685827,9.961280848458404,10.984604988992213,10.425196602940558,10.229442854225642,9.013855341076848,10.48712190538645,12.60618359148502,11.886164466291666,8.104081112518907,10.051521074026823,10.41366295590996,9.216884740442037,13.910883006453517,15.26096428632737,11.071282729506498,11.634733656793838,9.103105328604585,8.909173215739425,12.508980966545645,9.790048687276428,7.20239633207675,12.99240635968744,8.510530067794031,13.066306988801813,7.6511801165528635,8.519536068802697,11.488889342546457,13.403594256192445,10.800051264837379,11.642502216994764,12.04201809465886,9.22504860349,10.571420343220236,9.103602742077786,12.54432821944356,13.030012859776614,11.273196187615401,11.963000456988812,11.324169330112637,13.114294901490215,9.310359176248314,9.362205203622583
2032,10.193022616393868,8.97074906602502,11.75843356475234,14.652323347330093,11.956564075757342,11.645873943623162,11.025872286316003,9.523098296485845,8.84111962765455,9.875019704923034,6.855104500800367,10.04253531219437,11.927089765667915,10.187693541124471,11.637651924695817,11.15790832042694,10.385235888883468,10.737829047441481,9.673558111488827,7.490967330336571,10.419898457080127,11.42435000613332,12.18727871105075,12.26089290380478,13.605202054977422,14.261562794446954,7.803985776752232,12.145694907754663,13.686855918169025,9.31472050361335,13.97178280949592,14.057980483770375,10.25293581858278,9.836254366487262,7.414433044940232,9.32156293578446,9.467737385258074,11.776335981488229,10.809699559211726,10.05643446482718,10.146670557558544,10.288271666690711,10.054194336012008,10.003655407577762,15.945171618461615,4.977603304386134,13.07701371908189,10.408892002794891,9.684336495772007,9.502100674435496,10.238752366974953,9.589053557440637,11.827878384292129,12.890182622522124,11.556195154786113,10.723339710384604,10.45132317915559,7.236672095209366,10.928711660509006,7.491112475097185,9.962870640307667,8.07620069459081,7.85228509306908,6.8626398324966384,8.27007504180074,9.812580015696591,10.385476943850517,11.578261256916447,13.994727683067321,10.793522026389837,9.206114353938034,8.348531249910588,9.613237319141628,10.978383940458299,9.451515712589025,9.049902051314712,10.00811758413911,9.96723108440638,13.039449691772466,10.432859966158869,11.778157572634518,9.484048597514633,10.522898280620579,8.775807912088933,15.770669353008278,8.309228230221187,9.248533768486224,10.85441050752997,9.087125665880743,10.468434672057622,11.192834635078913,9.928130723070357,11.655619217455385,11.773417384922501,10.863475544005636,8.726483286544683,12.877690228819848,9.163353532180196,12.092000547278442,10.806228760629889,12.689226401504127,10.761642726510766,9.273947413079444,10.019071506708862,9.262509050220254,10.728117621503772,8.966161272116004,8.737823768472296,9.764401315292341,8.648068132251506,7.1159605368971794,10.29043555855751,8.35873786509037,13.373079264163971,7.355691701918848,6.204543133079999,14.324468523263928,12.984780630096793,12.20604096055031,12.747697111964225,10.305388902872803,9.395698259957133,11.308159532397989,9.737807318009432,10.51523331246863,9.358376396819951,10.27800556570292,10.250479041039947,10.084438458457594,8.383748570084578,10.063101682160049,12.156496986746788,11.008259891718627,7.999619123339653,9.901083702966577,9.48966370336712,9.054286264046096,13.220129840075973,14.633700966835018,10.887819623947145,11.23101036995649,8.94466073997319,8.755717300996185,11.521581103187057,9.677219312358648,6.566391773521896,12.097414029389622,8.41859398186207,12.087974044680598,7.5303913600742804,7.673158393800264,11.323450912535186,12.388126283884045,9.884004305396234,11.18303923401981,11.597813087597025,9.108880442380912,9.89641390792094,8.484225699305535,11.625915476959198,11.972216494381433,10.246944219619039,11.019141864404084,10.84938921928406,12.388420630246406,8.737697814963761,9.245691940980029
2033,11.489236721396452,10.311779591441157,13.115420399606226,16.492640316486362,13.50979612469673,12.999567613005635,12.525103107094761,11.55160712003708,10.22016610354185,11.918224263191215,9.672898343950504,11.147197354212402,13.228686502575869,12.035808452963835,13.053503811359402,12.72765273451805,11.42769260071218,11.755968835949895,10.794398382306104,9.220677289366723,11.847018074989327,12.091370242834097,13.978842121362693,13.534326136112218,14.666629207134246,15.818241125345235,9.753192135691645,13.526969978213316,14.587421232461935,10.460556393861776,15.80467640757561,15.212990918755526,11.769797962903972,10.960167914628983,10.140902823209766,10.811737477779388,11.390492761135095,13.418700729310515,11.935437273979193,11.138687051367018,11.626221436262133,11.925784772634504,11.26487770974636,11.912814989686012,17.567645645141614,7.149934159219266,14.032624813914296,11.641666444204752,10.85250394642353,11.989295609295372,11.879412072896956,12.025820625573399,13.385021853446958,15.12813340425492,12.744457173347481,12.58515003100038,11.845114986598505,9.890850707143539,12.33306176960468,9.498553698137405,11.453759229183197,10.099193704128261,9.243378047319124,8.592604665923862,10.85450284183025,10.997595816850662,11.44253941550851,13.079541391134265,14.986910688877106,12.425529366731647,10.765718382596964,10.36344765126705,10.869858774542811,11.98423175215721,10.92768905460835,10.435654108226304,11.315098920464512,11.543553772568707,14.714035224914554,11.473649801313881,13.04581573009491,11.535754817724225,11.700765994191169,10.64256235957145,17.4580096244812,9.476004301290962,10.432951000332832,12.723524871468545,10.29976111352444,11.538881373405456,12.172451692819598,11.401961761713029,13.24397834539414,13.05700215399265,12.326674634218213,10.723852109909057,14.155439491197464,11.119176143407824,13.617653438448912,12.365146851539617,13.939913519471895,12.208201283216486,11.297376418113707,11.539080509543414,11.248759460449222,12.383153077960017,11.454778102040294,9.955679006874565,11.729861372709276,10.64030028581619,9.582483072578912,11.767684316635135,9.74528101794422,14.425937023758891,9.323709005862476,8.620413903892045,16.212252816557886,14.102948651090262,13.33243083953858,14.127548249065876,11.876328401267525,10.732524925470353,12.704237198829649,12.105505688488481,11.956249123066662,10.840751096606247,12.221578562259673,11.5541420634836,11.20793332010508,10.429364442825321,11.609428218007091,13.516206350922587,12.482116967439651,9.429375089704996,11.241788268368692,10.973566389083862,10.212326446175572,14.300203704833985,15.477695858478551,11.865352699160578,12.574820838496086,10.129303275048732,9.928283555153753,13.08838049173355,11.066149317473174,8.56589761879295,13.650578814744946,9.802286666631698,13.516876376420266,8.930716266855597,10.125682514905922,12.263650506734844,13.991659595072273,11.363905543088913,12.605891410261394,12.981569547951224,10.37050154432654,11.923942172527312,10.462868195772172,13.170596641302106,13.629363280534738,11.904228824377055,12.543951636552814,12.332237245142458,13.613345310091969,10.453642058372495,10.671378781646498
2034,12.325011418759823,11.273332014679912,13.093234121054417,16.32420437335968,13.370930542051791,13.48571196496487,12.46220639795065,11.221981400251387,11.220418036729098,11.561676165461542,9.275554765015837,11.932768447697157,13.203805352188644,11.751414956897493,13.099697543680666,12.652696630358696,12.18502223044634,12.446966600604357,11.630193816311662,9.77669552713633,11.857196762040264,13.236641871929177,13.864449234679347,13.472868955135345,14.97644863128662,15.59198489189148,9.45499409884215,13.508290787041185,14.996414792537687,11.259472084417942,15.699740433692932,15.296453189849853,11.740966759808362,11.78845615820028,9.723325443267825,10.82005859166384,11.183718326687814,13.255445303022862,12.685495144128799,11.938245850801474,11.554649753868581,11.791536910831931,12.015664397925136,11.6365337908268,17.29165905714035,6.858562864188572,14.513054376840595,12.264981985092172,11.681837940216063,11.61706546619535,11.791796913743028,11.756362722441551,13.26879747360945,14.898499490320688,12.775062279775735,12.397496068477635,11.922098962962634,9.504466146230694,12.507900861650707,9.189585535973308,11.399421438574795,9.815591729432342,10.270740225911144,9.212311229109764,10.451022019237286,11.845690938830382,12.200283762067562,13.003865503519773,15.385916948318481,12.271956962347032,11.08422701731324,10.031574394181375,11.542393383383756,12.637725315988058,10.903577106446031,11.388637526519597,11.745883612334737,11.445330534875401,14.384707593917856,12.210594704747201,13.526167589426043,11.184882384538648,12.490117464214569,10.379525594413279,17.18966984748841,10.313086900115016,11.288126017898326,12.451242351159454,11.184807193279266,12.25434997528792,12.79541687071323,11.351045116782188,13.166466781497004,13.074494169652462,12.299423484317959,10.480009202659128,14.205262678861612,10.819041389226909,13.487678188085562,12.287669127061966,14.195477443933488,12.177103934623306,10.95669972002507,11.479746276885276,11.005605316162104,12.261142726987606,11.113711331970988,10.85968203246593,11.41511057242751,10.31561787277461,9.284737694263459,11.678425187990076,10.742342932522302,14.783631151914596,9.022837636061015,8.321993885189302,16.066172957420346,14.555945220589635,13.367776310443876,14.071178789436814,11.884836206957695,11.319269201904536,12.848277786420658,11.759230960160497,11.906998647749425,10.790415912121532,11.934198961034419,12.425962115079162,12.011483419686556,10.46678289622068,11.866473489254714,13.476449777185923,12.438588423281914,10.445060643553733,12.139599803090091,10.98292504251003,11.059643819183117,14.75767241716385,15.883507668972015,12.549426412582399,12.560955222696068,11.00575355887413,10.77914859950543,13.000957426428798,12.043304830789562,8.326134395599365,13.515115084499126,10.833368312567474,13.508375217020514,9.933005172014237,9.735824362933641,12.910847902297977,13.857931384444234,11.361226048320528,12.591607231646773,12.975866613537075,11.2861900344491,11.598217410594225,10.14552127197385,13.071638014912613,13.53691023141146,11.818643112480641,12.481122054159641,12.258477626740934,14.12556933630258,10.27441879548132,11.629151707887646
2035,11.791614669561383,10.662806299887595,13.076461619138716,15.626534688472749,13.125796150416145,13.031445008516306,12.110578026995068,11.20192772205919,10.56632324876264,11.506353157479321,8.780147264152768,11.504159530997274,13.20287684202194,11.427177409827713,12.756043368205434,12.315565261244775,11.790072838962079,12.064219503104685,11.187443053908646,9.205608391761782,11.459495238959793,12.85093408226966,13.316235808283096,13.50749759376049,14.711051481962198,15.06555891036987,9.385637106001374,13.505407097050925,14.65566885471344,10.838119898224246,14.90108144283295,15.06105748414993,11.397265912592419,11.342638470651583,9.30734749510884,10.418410354852679,11.118361861258748,12.762717220187195,12.190677442029115,11.49553515017033,11.481186759471896,11.496805115044115,11.603245291113852,11.576792757213113,16.864646625518798,6.748043817281721,14.10330137014389,11.938667789101597,11.244946423918007,11.208407103084026,11.405551654100421,11.217099528759714,12.965640421956783,13.947423028945929,12.7397192299366,12.126611572504046,11.911017318069938,9.058195724338297,12.340783659368753,9.136579295061534,11.235134071111679,9.746899903565646,9.616991577297448,8.619914657715713,10.058216968178751,11.408165346831087,11.809790393710134,12.66794445514679,15.18333465456963,12.006974146142602,10.86193585880101,9.992553487420082,11.203632849454875,12.270331898331639,10.615324485301972,10.791195325553414,11.537230303511022,11.515053327102214,13.392622238397601,11.789004911016672,13.078965308889746,11.162043996900321,11.977174341678621,10.316264170873907,16.728253674507144,9.874182942509654,10.829271916300062,12.16430358886719,10.71555258333684,11.844209566526118,12.461763563752173,11.402138360776007,12.70082140737213,13.04202757999301,11.910800223052503,10.36123318225145,13.927591216564178,10.78307333551347,13.19322914853692,12.32813903614879,13.981006553769117,11.7924070969224,10.935016843490306,11.358845347166056,10.97019849601202,11.91877112463117,10.665860883146529,10.388160564005373,11.37155186459422,10.289127939566967,8.853591020405293,11.750599298719319,10.085625335574147,14.417122666537756,8.95829041786492,7.931678384169935,15.266048359870911,14.176706476509574,13.3185591340065,13.824681562185287,11.497226729989052,10.975111284106971,12.597026020288467,11.365474738180641,11.941573379980406,10.750633613765242,11.878893081843845,11.859015628695488,11.599270264059301,10.139505141973494,11.651617624610667,13.487942934781307,12.06353293210268,9.825322646647697,11.550384658575059,10.563367943465718,10.606195638328785,14.38730243593454,15.530547606945046,12.167925485968592,12.560260970890523,10.53642915487289,10.338028807938098,12.683982296846814,11.40195228904486,8.156173697300265,13.242979400604963,10.162451097369193,13.202544865012175,9.277032355964188,9.474746665358543,12.577453571558,13.467945948243145,10.963545178622008,12.585136879980569,12.963717109709984,10.805096779018639,11.576851917803284,10.088752166926863,12.715766046941285,13.003923134505754,11.461918170750138,12.091187579929828,12.309826539456845,13.688863195478916,10.187720739096395,11.048413614928718
2036,12.022168618813163,10.942309847101567,13.15318644177169,16.190945063531398,12.996595970820632,13.374973315000531,12.07046568896621,10.736065495014195,10.90352045819164,11.151004244387149,9.056926441192626,11.420180821418763,13.245825386047366,11.425670237839224,12.670819527655828,12.210432804282753,11.774363195896154,11.937890885770326,11.18311568120844,9.472938641160729,11.489079687744383,12.787128110975026,13.656941386312255,13.50994289517403,14.861759185791021,15.407864873204383,8.972145801782606,13.57379601086723,14.839168867468832,10.80323878973723,15.574558676779272,14.769385312031963,11.307696938514713,11.350065825507047,9.49791650772095,10.418006575107572,10.683512889593839,12.959331189095971,12.233766448497777,11.469053030014035,11.51202245056629,11.392006206512457,11.585175801813607,11.150334654748445,17.594868290424344,6.428051530197263,14.438856270536784,11.868620634078985,11.168658740818499,11.338990727066998,11.346609418094157,11.461850693076851,12.904114791750905,14.894769068062311,12.738576854765414,11.990919622778897,11.912892294768247,9.26011006832123,12.515833127498631,8.756931549310686,11.259226234257222,9.371089208126067,9.944630983471875,8.891260859370234,10.193294160068039,11.41890971213579,11.785356532037259,12.717432683333758,15.20996242761612,11.916350865736607,10.618046696484091,9.529082989692693,11.230058272182948,12.107691966369746,10.60927834510804,11.099599944055088,11.565573398768905,11.633965788036587,14.212537020444874,11.70761923417449,13.409138035774228,10.752127811312677,12.06652781963349,9.896146066486839,17.5680548787117,9.83617331534624,10.763803566247223,12.108450892567635,10.665479823946956,11.715712762996553,12.28857612982392,11.510414455831047,12.813739375025037,13.09357485645451,11.962535726279016,9.991727781295777,13.76253478750587,10.311232695728538,13.199055984616288,12.435978055372832,14.171128533780575,11.841727338358764,10.460339936614044,11.320978603512048,10.485223394632342,11.843670435249807,10.841363309510054,10.35178166776896,10.94912694580853,9.802433982491493,9.003151088953022,11.820590645074848,10.442518773674966,14.729243603348738,8.549550434947015,7.9779882758855845,15.995728045701975,14.428988449275499,13.316305315494532,13.639585429802533,11.458207133412362,10.862213383615018,12.814953726530081,11.46830547116697,11.980546740442524,10.745895865559575,11.478082793764777,12.04600445590913,11.582219294458628,10.094833779265171,11.399749113619324,13.521213587746022,12.140946293622264,10.126186946034432,11.816386117041109,10.593956850469112,10.551884849369525,14.641404033824802,15.696759754419332,12.081260304152973,12.595775984227663,10.483944424986841,10.302354238927363,12.563054871559137,11.757737420685595,7.880921898782259,13.20423837136477,10.507881547510626,13.031254690885541,9.610472141951323,9.40873146951199,12.498931144922974,13.622419932484627,10.97408041059971,12.682494506239895,13.030050949007272,10.848636041581633,11.11607988821343,9.684345102310186,12.741722488403322,13.319669629633415,11.372136566042906,12.19268323406577,12.379212420806285,14.026682156324389,9.805965889990329,11.344722202420238
2037,11.054119718074801,10.071781903505325,13.162604279629884,16.036466121673584,13.235642150044445,13.196550315245986,12.30131792575121,10.336238813400266,9.868507020175453,10.854747606813913,7.992712201178074,11.091941734298597,13.240035858750351,11.146173048019406,12.950892783701411,12.42490813732147,11.541797797568144,11.664668884128336,10.87163559561595,8.47253267168998,11.736982518434527,12.211675021052361,13.697333489358424,13.520407268404961,14.75008120238781,15.55216802358627,8.628708381950855,13.556198307499292,14.724712669849401,10.449818290770052,15.384366932511332,15.114046905422589,11.475434873253116,11.066131467185915,8.421058024466038,10.673964757472277,10.284712440520526,13.07154503017664,11.708118759095669,11.181510717049246,11.596832741051916,11.523493587598209,11.253396220505234,10.823123181052505,17.424380135536193,6.125396464020014,14.291360755264757,11.560098580550406,10.794518271740525,10.350283022969965,11.550441190600395,10.554995046555993,13.108732192218316,14.609743780642756,12.813545678555965,11.476383894775065,11.838128732889896,8.22421848922968,12.464185727387669,8.407116851955655,11.41310021802783,9.009606301784515,8.919665651023385,7.868648128211499,9.150044628977772,11.07473329901695,11.582940069772299,12.931924498081205,15.164665782451635,11.975242029130454,10.192923989705742,9.143426058441399,11.024309337139133,11.859956130385399,10.81558479021187,10.069686108827586,11.40564727634192,11.664954532682895,13.97666307389736,11.447756826877598,13.262295958399767,10.358769618347292,11.415058648586271,9.570476875826719,17.345425319671637,9.420574337244037,10.384041227400303,11.807254678942261,10.275132405757903,11.411342144012451,12.03373582363128,11.527231396269054,13.01200213432313,13.096784251369533,12.198546251654621,9.695140326581893,14.070314610004425,9.94144651889801,13.38401614874601,12.439634294062856,14.057933828234681,12.113917986303573,10.083347303420307,11.393387012323364,10.07157213715837,12.05981790628285,9.896043775975706,9.93609718680382,10.592465981654826,9.459598536463456,7.983942699432376,11.842512805201114,9.428113767690954,14.647826545173306,8.214312620460984,7.230293782055382,15.79098013192414,14.271813519299036,13.369254976511002,13.910271878540513,11.730693074315784,10.488541050255298,12.772836446762081,10.525664438307285,11.967845621705058,10.808315664529811,11.16542727146298,11.17602718882263,11.244057649374005,9.323712670803069,11.00958562847227,13.541145759075878,12.365432989597334,9.09914023131132,10.809315800294277,10.850427370518442,10.16712698787451,14.474544630199677,15.58065280914307,11.894754012674094,12.610606357455255,10.081853865087032,9.911831589043143,12.783537510037423,10.729505877196788,7.537650712206954,13.420579554140573,9.470328043773772,13.264289392530921,8.593324562907217,8.614281414449218,12.315496902912855,13.707282369583854,11.240065276157114,12.682830362580722,13.031437803432345,10.500452652573587,10.703644053637989,9.316123202443126,12.953700967133054,13.377055420354008,11.59143537580967,12.382061520218846,12.41798849925399,13.83573517501355,9.577687293406052,10.305295921862125
2038,11.40233289003372,10.2038263246417,11.915789111081722,14.747773748636245,11.626632110774516,12.030846527218822,10.578630349785092,9.943383983895183,10.208563640713688,10.322363644465808,8.395279709622267,10.789166072383528,12.084168791025885,10.257648625969884,11.084643350541592,10.69663289375604,11.164374941959972,11.402888684533538,10.484259721636771,8.832287201285364,9.874223674647514,11.808100149035452,12.004125113785268,12.428486570343372,13.758951643481856,13.913116213679313,8.183722623437639,12.35793063677848,13.838375489413739,10.123355090618139,14.050754021108144,13.45382243692875,9.779228827264166,10.671603332459927,8.900679023563862,8.744835640490052,9.921186478435995,11.388512716442346,11.684738087654116,10.809169640764601,10.156223819032313,10.003371575474741,10.827948279678822,10.360659556090829,16.746190428733836,5.381275804340843,13.221538562327632,11.12836153134704,10.511403989791871,10.766498705744741,9.814826923888173,10.860613223351539,11.449523238837726,13.114065939188006,11.630835609138009,11.37598578706384,10.79233191162348,8.677868141978982,11.246318513154984,7.903815330821091,9.824630050361154,8.461568933911616,9.253473101556306,8.238462896645075,9.65411026775837,10.698542683944112,11.171943434327845,11.182885830849415,14.198654133081439,10.644066299498093,9.916117446124552,8.77004595398903,10.409058698453013,11.619022601842882,9.085448948945848,10.400632917881016,10.600386682152754,10.277899517118938,12.884499311447144,11.097406014800072,12.131176555156712,9.970726819336416,11.476753197610384,9.114658891782167,16.64967331886292,9.166059686616062,10.071473759785299,10.95697099119425,9.955721470713618,11.162864728271963,11.822316098213202,10.214485402032734,11.188377760350706,11.90100206136704,10.383512824401254,8.998625244945293,12.32515762541443,9.536590112000713,11.758905807137484,11.072453339397914,12.948630397766825,10.27856407873333,9.698417665809393,9.953259134665139,9.744293179363018,10.346561115235092,10.253502207994464,9.623103309981527,10.203299786150458,9.02128770723939,8.460055659711362,10.578421744704247,9.727260383311657,13.619332082569596,7.732832615077497,7.277172516472639,14.418492613732813,13.249801041930908,12.243158784508712,12.299543625861412,9.752548202872278,10.147935844957829,11.546967927366492,10.946028950437903,10.721445008367299,9.425651163607835,10.584574227035045,11.397516511008147,10.904404704272746,9.421279907599097,10.660371448472144,12.338684425503024,10.569775797193866,9.434100684151053,11.16525942385197,8.967569776624444,9.873321846034374,13.460182301327583,14.671170717477798,11.54426624774933,11.397546565532682,9.772465869784353,9.61340955682099,11.08594315797091,11.023698507249357,7.037289607152343,11.766844822466371,9.813219892466439,11.568688685446983,8.919121677428478,8.712101205537328,11.977254077792175,12.156349115073679,9.353661362454297,11.368625075370067,11.77027875445783,10.084074024856092,10.323954309523106,8.924000829458237,11.231795812025663,11.74173745214939,9.792594816163183,10.626744509488349,11.1027652323246,12.707484693825254,8.965502317994837,10.650177401304243
2039,11.68054486811161,10.474016646877866,12.798809841275212,15.867481464147573,12.945407269522553,12.849195328354838,12.039259103080255,10.543134166300296,10.436733737774194,10.90855133160949,9.100315853953365,11.179285126924517,12.918462073802951,11.342478483170277,12.727448082622148,12.227123638987539,11.4837591663003,11.78638907670975,10.855551843484863,9.201210807636379,11.457712241262197,12.763216322660455,13.41948858965188,13.214520055055619,14.597915774583816,15.34244279265404,8.792938508093357,13.179678747057915,14.627604734897602,10.495642032753675,15.208593118190768,14.975845181941983,11.309591549634934,11.007172874361277,9.53747418820858,10.419170427322388,10.475952300429348,12.916531070321799,12.069109696149827,11.191063441755249,11.194377171620726,11.329499114863577,11.25996668934822,10.995922715216867,17.340742492675794,6.157277062535291,14.108608964085585,11.561484243936146,10.879676115512854,11.445724827051167,11.332254339754586,11.555529374815528,12.85951143670827,14.454619202017792,12.536270809173589,12.041519606113434,11.528857085108752,9.319048951566224,12.069362097978594,8.528201845847068,11.03856735602022,9.153086468949912,9.465879167616364,8.588904015906149,10.26453547626734,11.027964174002403,11.506304380297665,12.605797828361393,15.067793369293216,11.794188303127887,10.323397439718251,9.356650389730932,10.84312061667443,12.021611845493313,10.519190573692319,10.634150458872316,11.166676239878871,11.097031738609077,14.780396884679783,11.514614251255994,12.9645010188222,10.505962978303433,11.839858794212336,9.743971925228838,17.255740559101106,9.518136594817042,10.464626208692787,12.018213418219233,10.338625939190393,11.56929073035717,12.201033890247349,11.011737868585623,12.82045960556716,12.780903953313832,11.890057548880575,9.816413979232317,13.863500174880034,10.158741418272255,13.089716810733083,11.933093114942315,13.777896858751774,11.77442422192544,10.279529605060818,11.126126240193843,10.283852565288537,11.814118330180651,10.94047509729862,9.998488172423091,10.750042928755287,9.658488896489144,9.073519235104323,11.363142207078635,9.955050428455428,14.335337162017813,8.368350296467542,7.988719528913494,15.574539333581924,14.090005129389468,13.14933022260666,13.697086060047146,11.471052280068397,10.542370738089083,12.432537069916728,11.586984950304029,11.586076025664813,10.456725483387705,11.29711358379572,11.718533352017404,11.235480917245145,9.92645526379347,11.132313083484766,13.156593415141103,12.03449931237847,9.62699652463198,11.447122436016802,10.568383562564852,10.251712539978328,14.299695760011673,15.502629768848417,11.921346724033356,12.26487105190754,10.170827781409018,9.970952185243364,12.569804950989784,11.265545437671241,7.769252268970017,13.10704794768245,10.028633746446573,13.106272136420014,9.146742318570613,9.338623689115044,12.312323820590972,13.466959212347868,10.946869862079621,12.258081013895573,12.674386167526254,10.402586569637062,10.886400797218087,9.456116506457333,12.662271069735292,13.108130690548572,11.362939265370368,12.082469582557678,11.931355266273027,13.564527823030954,9.689869378507138,10.872373267635702
2040,11.390719941258432,10.246590523421768,13.057939434051514,15.869747495651245,12.778096903860579,13.148766967840492,11.740109847113493,9.858484867215157,10.091840893775228,10.30881799012423,7.6403663612902175,11.245214128494265,13.143316397815948,10.603521250933406,12.42609021738172,11.883121425844738,11.599926454573868,11.827051475644113,10.942528624087577,8.53690677024424,11.135821377765385,12.620060288906103,13.30610585585237,13.422641611099243,14.732472792267805,15.212405997514727,8.095112738758324,13.442852979153397,14.73102125823498,10.566717424616211,15.276414316892623,14.692189407348632,10.893246118351822,11.129897035658358,8.163201650977127,10.068462352838832,9.862895536422732,12.665511454641823,11.943637827038762,11.259311659634118,11.319376980513338,10.966472211107611,11.352087794244282,10.302500898018476,17.382115709781637,5.328252327442168,14.334936590865258,11.631368629634386,10.979129963275053,10.134677531570194,10.979252600669863,10.266571404878054,12.596810380741953,14.40624336139299,12.712669262289996,11.10654743909836,11.772257509827611,7.942143676057457,12.377786047384149,7.817199197915036,11.037600256502627,8.402187944762414,9.11105241402984,7.952567382901911,8.931781080923974,11.16269656829536,11.648103328049181,12.381130427122123,15.1577527821064,11.403966528922322,10.094513609260327,8.66340153664351,11.070700710266825,12.048239549994472,10.337076624482869,10.320304155116899,11.398290787637238,11.511791150271893,13.746274411678314,11.552013020217416,13.234999157860889,9.86447905898094,11.671577709913254,9.052994500100615,17.314540493488316,9.573570863902564,10.570158330723643,11.271496248617769,10.458164273202424,11.608320380747323,12.229691314697272,11.39126390516758,12.526130583882335,13.004147524945434,11.606883699819445,9.150706725567579,13.585267767310146,9.455374308489262,12.871326657012105,12.298864342272289,14.008122985064983,11.521061329357332,9.577298563346263,11.102665494382382,9.664623047783975,11.530051806569098,9.621156605985018,10.120618490502242,10.099302645027638,8.92401439547539,7.786277445033195,11.710472748428584,9.603847730904821,14.58404076322913,7.642439915239811,6.813783333450554,15.647210514545431,14.255207413434988,13.275176215171815,13.452408522367483,11.155830276012423,10.466364401765167,12.676867104880515,10.314249141328036,11.856644314527518,10.60918846232817,10.665241536125537,11.461475805938244,11.345379601977765,9.1312564406544,10.84768373221159,13.43148210830986,11.781518421415246,9.303450550138951,11.108508619666106,10.24899406279437,10.347737491037694,14.478005926311019,15.609345310926443,11.976283624768254,12.510170936211939,10.271526774391532,10.065405315160753,12.25600939923897,10.945202977955343,6.901984189683572,12.931405377946797,9.674739515781404,12.746647125482557,8.773743450269105,8.24322073983494,12.395654416084295,13.260760712623599,10.638094611465927,12.55395176410675,12.930528136342769,10.57330805584788,10.214855920523416,8.81288626529276,12.383421769365665,12.971938192099335,11.037936311987874,11.84715612703003,12.272732092440132,13.820062997937208,8.967360265925524,10.603217378258703
2041,11.18381799384952,10.070615793764594,13.034241920709613,15.622476720809942,13.210415593348449,13.303428278490902,12.282263325294482,10.65306451953948,9.879182723164561,11.052708019968126,8.19044115170837,11.325409515202049,13.120048975944528,11.229455518722533,12.957516083074731,12.444011997058992,11.640921351313596,11.928115540742871,10.997658064961438,8.557991018146279,11.701488013565543,12.376518297195439,13.46358632147312,13.415334767103198,14.873030531406405,15.226312142610547,8.908524421602488,13.417176577448851,14.918186783790592,10.642326552420856,14.927133125066751,15.158502417802811,11.517561047524215,11.175058612227442,8.679782594740388,10.662769517302511,10.603753525763747,12.892980233416898,11.91633711457253,11.332250839099286,11.453678837791088,11.556184305995702,11.416524012386795,11.118584880232806,17.542405652999882,6.327169188670806,14.454085314273831,11.718874739855533,11.049264094233518,10.641831110417838,11.58096283748746,10.686274774372581,13.092276777885857,14.097321349382403,12.74371799230575,11.694106554985046,11.756298978639103,8.47770470678807,12.404059209954,8.65255470983684,11.299560386501259,9.278147582709789,8.91101134060882,7.9696513947099445,9.456087393313648,11.191335215605793,11.695973904430868,12.87804477512837,15.23123158216477,12.019626111537223,10.470999508351094,9.47451431006193,11.063237533112986,12.163063484430314,10.767870798334485,10.093107309192408,11.381549047678707,11.39714098516852,13.828994804620745,11.646575921773914,13.360314768552783,10.634962104633455,11.619296513497833,9.85255832001567,17.473989033699038,9.640756243141372,10.64775839596987,11.921654640138149,10.518256067112093,11.725353205204012,12.3382000207901,11.280589619092645,12.898632036149502,12.995620423555375,12.15208462923765,9.969019830226895,14.074213656783106,10.277649402222591,13.345084033720203,12.205244939029217,14.075285744667053,12.046699485927824,10.407073636166755,11.356680780276657,10.429395629977812,12.071416634507479,10.101784536242482,10.17969366386533,10.873091913014653,9.787516220286488,8.280286219716071,11.62775425836444,9.39163610599935,14.69419847726822,8.494968492910267,7.421131468191737,15.305423855781552,14.429643732309348,13.32555249929428,13.921266694366926,11.737527965009214,10.693597300536933,12.685808445513254,10.806579326093205,11.830828882008799,10.700988518726088,11.425992310047151,11.348133590817449,11.38961033150554,9.554444739967586,11.272177919000393,13.397946593165397,12.317278339713814,9.093608327489346,10.918780964612962,10.82180134877562,10.42125046215952,14.664727395772932,15.816121602058411,12.071640092134475,12.50396962314845,10.34638425968588,10.129860245436436,12.792941464856263,10.707848432846365,7.750530083850028,13.379117833450437,9.46593511402607,13.289041784405702,8.590871768444782,8.894766104966404,12.45203028917312,13.56381341293454,11.20027594268322,12.5013147642836,12.908505141735072,10.587192098796374,11.012872283905747,9.579156030714513,12.920315976440913,13.127454129606482,11.608272188156851,12.269501221179967,12.19941185563803,13.971936684101824,9.827640185132621,10.356681640818714
2042,8.616687457449741,7.225436297059059,9.248690034821625,12.330302230641244,9.017930606752634,8.185310104116798,8.01191550362855,6.557778833806516,7.130404289066793,6.979119199141861,4.1559592038393,8.196523881983012,9.619794818293304,7.210374026745558,8.474992708116776,8.059204080328346,8.61745690777898,9.028832715004679,7.767413069307804,5.577916820347307,7.318506254535167,9.680095172300932,9.229829032719136,10.038587161898612,10.973558606207371,11.540722018480302,4.879702674224971,9.71532619580394,11.128856354951864,7.435801823437217,11.54580300301313,11.185847992077473,7.111224913876507,7.961641053855422,4.841658928990365,6.056698107114061,6.631905112788078,8.771419153362517,9.126325950026516,8.2139458661899,7.36221607327461,7.253580766916274,8.09879840426147,7.094279547594491,14.216221857070925,1.6638174181804122,10.190887673199175,8.461315966770055,7.77558599431067,6.880977913085372,7.056897298619154,6.948070383816955,8.848193323984749,10.076642495393756,9.260167852789168,8.109264507889748,8.07292516380549,4.667733894288538,7.963015282526614,4.526491752266887,7.053205743804571,5.029905696958305,6.177749131619931,4.947516374848783,5.773495159670708,7.911389319226144,8.60963430926204,8.606502023339278,11.522217631340038,7.855169846303757,6.918020473420621,5.416076540574428,7.535330903530114,9.301705280877645,6.378701432421802,7.383466773852705,7.822708635544407,7.257170430943367,9.968092232942581,8.664159750565885,8.451564326509834,6.59281748207286,8.835685349255801,5.892481702566146,13.959167510271078,6.433873748779293,7.271542441099882,7.822438651416455,7.09169947654009,8.704413525015116,9.562902157381167,7.33609810844064,8.5500587278977,9.39997110515833,7.8106010510586215,5.593219875078651,9.924366778880364,6.221381172537803,9.21035919636488,8.157718002423646,9.876126436889175,7.673543539643289,6.33652920201421,7.201821967959402,6.41812654808164,7.567441328614954,6.348676197975872,6.720250193215908,6.9130033496767265,5.650240684393794,4.644259240478276,7.720947146043187,6.682550135254862,10.577071774005894,4.400863468647008,3.3861022966913916,11.859247288107868,9.948272454459223,10.022118601202964,9.85672485488467,6.919342624954877,7.265558798448185,8.478629939258095,7.211374541930854,7.969748609513043,6.653532853722576,7.330274808360267,8.53478869507089,8.256149571761483,5.968631502985955,7.692842935770753,9.744600006937983,7.999930150620638,6.336555051803583,8.25549333244562,6.279523468483238,7.133287680149076,10.258290451765061,12.089352548122402,9.211048517376184,8.799915422126656,6.943803942762315,6.845090797543525,8.455652115494013,7.969645164906973,3.5529635578393965,9.158462614379825,6.7077023878693565,9.11016253307462,5.867818660289052,4.948104146122931,9.714510136470203,9.632171657867733,6.671110428869729,8.617573352158065,9.129996890574692,7.094417616724968,6.94703990463167,5.61962269209325,8.637766955234111,9.17615573331714,6.985488756047557,8.034383029490716,8.288634766638278,9.088355335593224,5.839326996728782,7.594976058602336
2043,10.157634344696998,8.919078061729673,11.306889110058542,13.899548551440237,11.073050135001544,10.441178518533706,10.162438766658312,9.136102203140032,8.805966778472065,9.4580790434964,6.940098713152109,9.890136604011058,11.534724471718073,9.902723862975835,10.755795477936044,10.278968631103629,10.274330151081092,10.583992979954932,9.557568516279577,7.482149745151403,9.568803298659624,11.401304437220091,11.265624870359899,11.876127454638475,12.827226708829405,13.791478982567792,7.439475143328312,11.712262036837636,12.824500995874411,9.19155079983175,13.16087898612023,13.302181787788868,9.450219373962323,9.728121399227529,7.448119783401485,8.436434260196982,9.110004333406682,11.165143573284142,10.704448974505073,9.9341032743454,9.545352527359505,9.490409217588603,9.913492737989868,9.628855340182783,14.868048620224002,4.564004579186446,12.098209056258202,10.247441031038766,9.535296993330123,9.480936635285618,9.322019039466978,9.63271091282368,10.953129755379635,11.891951841115954,11.164954415708785,10.542731834948059,10.084439737908543,7.269369610771544,10.14909673258662,7.120403998903926,9.28038416206837,7.710775129497056,7.84972305595875,6.843085120804609,8.263703846931454,9.712256406433879,10.260124756395811,10.714998180791737,13.242753237485882,10.09599875106942,8.970072692632671,7.966991826146845,9.428215364366775,10.822641952335832,8.670814747922122,9.013017915375533,9.761282524577116,9.492144634574652,13.098076117038726,10.294191000564023,10.638717540539798,9.12204383891076,10.424873130396008,8.420540271513158,14.637971997261053,8.17353303991258,9.075536835985256,10.57727773338557,8.926473454385993,10.29972181543709,11.031578318774702,9.506577453203498,10.909195012226697,11.36408367604017,9.99572797678411,8.256071111885833,12.071937675774102,8.784496784210203,11.219913137517873,10.340919948369265,11.91953608244658,9.888163861446083,8.900066244043407,9.41018389360979,8.889897865103553,9.798864172864707,8.985015562921765,8.576819315366452,9.406381355971098,8.234283377602699,7.09600474704057,9.842543302848943,8.346179446857423,12.3896743811667,6.972857416793706,6.120751816779377,13.49259495548904,11.962282004207374,11.825970363616943,11.929459317028527,9.33836039751768,9.221669883653528,10.543382699787617,9.702550207078458,10.079071092139932,8.841498797014355,9.837293693795797,10.181122377514836,9.982428596602405,8.255833435058594,9.81646332293749,11.724474465986713,10.15736753637903,7.998868964612484,9.862567591667172,8.61039169142023,8.892873896285888,12.218912359327085,13.761206901073454,10.757275311648847,10.815600069612263,8.772362855821848,8.621272568404674,10.641306049190455,9.636692796647553,6.253752271085984,11.221313758986069,8.397027651965615,11.27737139388919,7.535908950865268,7.531786209717391,11.205519595742222,11.55491755753756,9.001407996774656,10.741249975934625,11.166695979982622,9.015368963405491,9.512576603889464,8.116950206458565,10.744639104604722,11.138621199131013,9.30129642465618,10.164691124111414,10.40368710942566,11.260208426415923,8.376007568836217,9.253816374391318
2044,11.166993223130701,10.221145854890345,12.540694793034348,14.960350885987287,11.867294195666911,12.244228261709214,10.953433845099074,10.566998429596428,9.944965040683751,10.965892173349859,8.66201373189688,11.498802565597002,12.69135285019875,10.993681056052447,11.393137310445306,11.071419464796781,11.935721153393397,12.010617717169223,11.284939008951191,8.64471179321408,10.327946215402338,12.801385116577155,12.338173431903117,12.987211629748348,14.058409571647653,14.030314290523535,8.872498983144757,12.957786168903118,14.013298022747046,10.850845116376878,14.355875331163407,13.620329579710964,10.265302161127329,11.49060635864734,9.028177154064172,9.18913954496384,10.501825497299428,11.679878503456724,11.907729267328978,11.576066161319613,10.668764301389462,10.437284010648725,11.604627254605294,11.007316282950343,16.845717215538023,6.241916737798603,13.403337404131886,11.842326039727773,11.22579737305641,10.845617985911678,10.19503229260445,11.1427370019257,11.783081924356527,13.439632876217368,12.242934080958372,11.728649362549186,11.459916754066942,8.80858393087983,11.679580709710716,8.574258261919022,10.32047566063703,9.15742269158363,8.999363573640585,8.090137575566764,9.661993321776395,11.530446958541871,11.950350599735975,11.563973241299394,14.606414437294003,11.126158312708144,10.53090696036816,9.382013440132138,11.241119116544727,12.182499222457409,9.557913777232173,10.16170217692852,11.369247277081012,10.948948550969362,13.695453509688381,11.803090289607649,12.328638727217914,10.590759801864625,11.617389445239676,9.77252280265093,16.771114432811746,9.830130133032803,10.820113044977195,11.7194767953828,10.721071410179142,11.772755236085505,12.343572568893432,10.882133190333843,11.480557097494607,12.538525293767453,10.824284092523161,9.61316001415253,12.562457308173178,10.131013474613427,12.112880037259316,11.745043788105246,13.344441429269503,10.662098893150695,10.290271414071325,10.551416597515345,10.274126908183103,10.658343422412875,10.450961857289073,10.395848327875136,10.815196003019807,9.610884556174277,8.461061367392542,11.195211612945425,9.49245049506426,13.789000254869464,8.414681372046472,7.763642814755441,14.711332879960537,13.461346579715604,12.829362052679064,12.528119083866482,10.082311305403715,10.858889603614802,11.935009637475016,10.975429114699361,11.369296034658326,10.049971899390226,11.197418389096859,11.345715907216075,11.677137824893002,9.619251030683523,11.317037829756737,12.932270875573156,10.972948845196509,9.194996954500672,10.906042292714123,9.37011606991291,10.595717421174053,13.66385593265295,14.827819180488584,12.217669529467818,12.051327279582619,10.525562125444406,10.34506665170193,11.418408302776509,10.794936592131858,7.730016914010045,12.06572299182881,9.540580499172211,11.905350124463437,8.676580586656929,9.058442795276644,12.646043092012407,12.480083072930578,9.752905958890912,12.046705475822092,12.416243156977002,11.001346787810327,10.905216656625269,9.557982093095777,11.647418664023284,12.087905567884437,10.147001031041148,10.997270412929357,11.735246322304016,12.934371814131733,9.62427966557443,10.400100045371794
2045,11.718201366066934,10.701275179535154,13.755336598679426,16.316078957915305,13.297890374064442,13.145486843585967,12.428789159655572,11.193964280933148,10.46946688890457,11.490797863621264,9.097657113522299,11.963518501073116,13.815224461257458,11.90242366194726,13.032189944386484,12.61341073811054,12.226792212948203,12.498614349961281,11.660312543809415,9.268373806029562,11.850422836840155,13.054317826032644,13.853835783153775,14.085328751802445,14.959666818380365,15.837571170926102,9.415333478897807,14.127611526474363,14.748566934466359,11.279308702051644,15.687910220772034,15.235988277196885,11.72563164979219,11.812940667569638,9.6004836216569,10.800990844261833,11.146809220314026,13.4063224107027,12.453463879227634,11.970274965465071,12.01514205224812,11.755477055907255,12.117977529764186,11.590674492716792,18.24112511873246,6.783586716651913,14.250915762782096,12.39486408978701,11.69035944491625,11.478373417258265,11.735369518026712,11.473817545175546,13.210410788655286,15.013553074002271,13.35168974250556,12.265028078854085,12.513130936806558,9.364055255800487,12.760104502737523,9.135118655115367,11.716283920314162,9.757900498807428,9.502337818033995,8.642352335155014,10.33900424838066,11.876023640565107,12.25587574504316,12.958573789894587,15.406784880161279,12.240818592906,11.083663938939575,10.011545713245871,11.705956810154026,12.706880670785905,11.048197797685853,10.673741096258166,12.080590857379143,12.226368068903689,14.981109806895256,12.256442476809026,13.210254687070849,11.132599848485551,12.176850306987763,10.331381478905676,18.233096253871917,10.289278300665321,11.316212886571885,12.585213753581048,11.191146887466314,12.308122518658644,12.87053080797196,12.082279994338755,13.23235252201557,13.680909033119681,12.283729360997679,10.407784149050713,14.147738540172572,10.790068162977702,13.433789524436005,13.030005458882084,14.330648572929203,12.148186630010612,10.935372707247735,11.878278944455092,10.974863944202662,12.195443351380526,10.92491787075996,10.861795644834642,11.360280995070934,10.279211055859921,9.123024451732633,12.40280191153288,10.004064173996445,14.542060426808893,8.979472556710244,8.122673425078391,16.090763336420057,14.279877361655238,13.904198735952377,14.013271865621215,11.816339986305682,11.319793697446585,13.021146582812074,11.627240732312199,12.610078676789994,11.36418756991625,11.913504007458693,11.94771478176117,12.046139799058443,10.260383121436458,11.870003707334396,14.115582127124068,12.411107368767263,9.673739155568178,11.492023565061391,10.943042992171831,11.080454305931928,14.486413078010088,15.637053942680359,12.617783880233768,13.203508198261261,11.029613589867953,10.780568434111775,12.955005419254302,11.313972371816634,8.22473604481202,13.45171225965023,10.058254053816196,13.468834752961996,9.192116568982604,9.65886807506904,12.982799071073535,13.86021141856909,11.33490163274109,13.280201952159407,13.635975262522702,11.284142464771872,11.555018603801726,10.085110129415996,13.043813890218734,13.520755651593209,11.763199542229996,12.463513372838495,12.974473727494475,13.805534483306115,10.216718412935737,10.903452217578891
2046,13.276990413665775,12.315395863354208,14.592403018474576,18.90363883972168,15.025110341981058,15.92985096126795,14.023383838776505,12.727702084183697,12.204873442649836,13.18808567672968,11.159017181396484,13.044384652376184,14.548974281549452,13.44015850573779,14.779054984543468,14.193552582710975,13.357380262017253,13.47437772750854,12.823222531378274,10.927791435271502,13.469905664026731,14.299468147754675,16.213981363922365,14.779383307695383,16.570769202709194,17.361262226104735,10.941939226537944,14.955098876357079,16.60116670131683,12.415521125495438,18.41753350496292,16.67143145799637,13.269230361282832,13.010212860256427,11.498932231590157,12.490241023898124,12.603852301836017,15.032318985462192,13.703504818677908,13.068622379004958,13.123619900643822,13.382812955975542,13.193866512179383,13.117846687883135,20.000184535980218,8.720003974251444,16.406133973598493,13.446009124070411,12.877047657221556,13.192018263041977,13.378845928609366,13.399338394403461,14.869284937903284,18.1698566377163,14.165090113878259,13.807177203893664,13.371672298014165,11.212775739748036,14.463269732706248,10.766149532049898,13.056195083260539,11.429895431827756,11.25505251437426,10.338655112683771,12.052106173336508,13.083325367607177,13.43988742381335,14.698628167063003,16.92230378389359,13.89222318939865,12.359214410185812,11.485381817445157,12.98723336160183,13.652424973249435,12.53853343576193,12.395587061345577,13.16965411826968,13.140934059768913,16.049727463722228,13.257776063680655,15.854240698367374,12.735777191817762,13.479047548770907,11.821735185384751,20.119823527336123,11.453993752598766,12.5121521404013,14.125612807273864,12.446499904990198,13.310204231739045,13.776677072048187,12.957401985675096,14.920031915232542,14.469049638509754,13.95172336995601,12.10150071233511,15.729467594623566,12.272977495193482,15.124445223808285,13.899796643853188,15.988654285669332,13.879516345262527,12.427747428417206,13.032066848874091,12.43670969903469,13.943172529339796,12.763231896981596,12.125669446587564,12.89848846197128,11.81610391587019,10.80868618963287,13.262666743993762,11.729889675229789,16.825240492820736,10.542900772800209,10.082247900962827,18.92923277616499,16.56567796766758,14.645591241121299,15.561102899909022,13.716134352982044,12.577882944047456,14.81116031706333,13.243547838926315,13.426084476709372,12.354995961487294,13.441247849911454,13.408097392320633,13.177397244086029,11.88478425443173,13.157252776809031,14.896280339360235,14.120034180581575,11.440333156287668,13.086226260662079,12.663683056831358,12.229732910532043,16.705762320756907,17.353672027587898,13.610578364133838,14.045098428428181,12.215907106548547,11.963569357991222,14.552930599637332,13.042787861824038,9.985809811949732,15.22382713370025,11.819919050484895,14.914661234617233,10.906817316263915,11.417366132605823,13.949276804924017,15.720590487122541,13.052570348978048,14.104000793397423,14.455303543806076,12.639270384609699,13.077152582257991,11.627937583625325,14.715746068209409,15.680520465970044,13.494169078767303,14.279904033988709,13.829610204696655,16.388548323884613,11.76888197660446,12.742555767297745
2047,9.833204233646391,8.576406740397218,11.065272773802281,14.463272824883457,11.453673565806827,10.919663488864902,10.529330353066324,9.092574945092206,8.505995766445995,9.445168149471282,6.651271234452722,9.441098430706187,11.337275913357738,9.83960131034255,11.08140695691109,10.68797365427017,9.78368303924799,10.129258169233804,9.064472585543992,7.157930245250465,9.8801223821938,10.692271602153777,11.803744422644376,11.685520285367968,13.00810780823231,13.896920330822471,7.339568386785688,11.555437490344051,13.090572097524998,8.739848949387673,13.724074354767803,13.433631767332553,9.745573780685666,9.233550174953413,7.132610465586185,8.787162747979165,9.020675441622737,11.360232906788589,10.250739241018891,9.453771240636708,9.554064162075514,9.797999370098118,9.502234655991192,9.532263447344304,15.990855014324188,4.504808051884175,12.34887863993645,9.87135051116347,9.068758314974549,9.233639054000378,9.749221566319466,9.326021111011508,11.373608322814109,12.729517928510909,10.874585232138639,10.292761904001233,9.819960122182971,6.957105861604214,10.24925327003002,7.054499205201864,9.388035526871683,7.652114748954771,7.551912274956704,6.53611150160432,7.946753844618797,9.235118874907494,9.76413915287703,11.09556363634765,13.400586107373234,10.308662877976891,8.722712519764901,7.908387934416534,8.958431503176692,10.326404640078545,8.89032697081566,8.720179250091316,9.385651201009754,9.303932024538515,12.716777928918601,9.832996011525392,11.07560286521912,9.068343119323256,10.00900675654412,8.291674616932864,15.807893610000615,7.741619360446928,8.60131020098925,10.503174051968383,8.457992871105674,9.817093043215571,10.562190592288973,9.291537854075434,11.20557031137869,11.128429813683033,10.342670039087533,8.268027526140212,12.31807058751583,8.698215636610987,11.641438344120981,10.158519481122497,12.071334238536657,10.205990810692311,8.843387037515646,9.45563185811043,8.852940285205841,10.244813767075541,8.702658677101134,8.120484307408336,9.31421962678432,8.164703930914401,6.767692352458833,9.648618340492245,8.032653652876615,12.709527664259074,6.891228504478927,5.8490935713052785,14.087733380496505,12.349828517436986,11.548031779751188,12.214022634364662,9.747923365235327,8.850928386300804,10.703243786096575,9.436767547577626,9.868771284073585,8.749010278284553,9.847151491045947,9.814652547240255,9.518999043852094,8.00458328872919,9.566411875933412,11.52310986816883,10.49863589927554,7.716837099939586,9.532958894968038,8.954910749197012,8.444791191816336,12.56653559356928,13.986405715346336,10.287752272188666,10.559420464187866,8.305147492885595,8.186426009237769,11.04312016665936,9.33231694325805,6.09001557547599,11.632053345814352,8.100183675438164,11.61292633432895,7.232507202029227,7.312211817875505,10.742947435379026,12.028672380000355,9.331889802217477,10.527329975925385,10.968766218610115,8.509059004858134,9.475506854057318,8.036027275770902,11.141016642842446,11.61404731888324,9.745251044631006,10.56218200959265,10.207997152395548,11.678194460272797,8.236595419049262,8.936789878457784
2048,9.410966697335244,8.206437079608442,10.744621041417124,13.119980462640518,9.926361975912005,9.894791816920042,8.90030677951872,8.63050979293767,8.063328876346352,8.955759771168228,6.416888433694842,9.2004300147295,11.032230742648244,9.133160183578735,9.402164494991304,8.996625257283446,9.558567163348199,9.906456173956398,8.83455455992371,6.79664264749736,8.202417631819845,10.541344412043694,10.217891301959762,11.391451662033797,12.319614386092882,12.313244996964926,6.8880691620055625,11.22800320312381,12.327882169187065,8.505304511636494,12.399928233958779,11.89996657688171,8.156878424435856,8.996390497684478,6.929596405103804,7.01648507788777,8.5879278562963,9.72801226666197,9.936674927175051,9.232604414969684,8.725097154080865,8.331737472116945,9.26443245979026,9.098122450709344,15.312950742244727,4.0277602471411225,11.541785006225108,9.622939560562374,8.827411938784646,8.997103819157934,8.036039298400286,9.087715309858323,9.787673652917146,11.081481364369392,10.583913367241621,9.949870580434805,9.52561507755891,6.753412213176489,9.587666659429676,6.63087377846241,8.312645385414367,7.212187859416014,7.093845958262688,6.152042976021768,7.76801450997591,8.994305726885797,9.535006665438413,9.537160576018513,12.805084638297563,9.095559778437018,8.412854702770712,7.437316725309941,8.68110281676054,10.101023271679882,7.47783327698708,8.275789430364966,9.108485630713407,8.949101768434051,11.656227143108843,9.620107910782103,10.083163989894091,8.67942784614861,9.67876923531294,7.856807482801375,15.127005267143252,7.499922037124627,8.348478422313928,9.798754537291828,8.200951433181762,9.580894757993516,10.345758208632471,8.950568501651286,9.45391286984086,10.831099929101764,8.700616433471444,7.606079353392124,10.741838203370577,8.231146657280624,10.144330054521566,9.820378012210133,11.410977818071848,8.584792735427621,8.382442827988417,8.533503256551924,8.42478889701888,8.552507979143407,8.465196274593467,7.862358206510548,8.922178678214554,7.711722599901259,6.560195143520829,9.298697922006248,7.609944075718519,11.913578248769047,6.450232047587629,5.542982363700867,12.730533141270277,11.427272737398745,11.272708985209466,10.682500966638324,7.947739367187022,8.56505913436413,9.923563240468507,9.214031853526832,9.53801240846515,8.128390228375793,9.245511767081918,9.428791668266058,9.287680837325752,7.679540588147939,9.220937142148617,11.225354296900331,8.900531840696932,7.259146343171598,9.103828869014981,7.219353498518473,8.194061316549774,11.686743286252026,13.251940447092062,10.07255444228649,10.261371570825574,8.050744497776034,7.942385406792162,9.37751574665308,8.914249478280542,5.653919664025308,10.095884602144357,7.644450179114935,9.966826348751788,6.784286104328929,7.019139861501756,10.537463078647852,10.53773493235931,7.6170921246521175,10.199874956905841,10.65050133615732,8.246815561130642,9.020186200737955,7.61700653861044,9.543829704471868,10.083109456300729,7.987556196749215,8.965000000223517,9.882700132299215,10.703331121802329,7.768673920258884,8.462961085885762
2049,13.494873905181887,12.652288669347765,16.05172777175904,19.490922129154207,16.012312114238746,16.873689180612566,15.05382789969444,13.199889396666558,12.4755905508995,13.673630018159747,11.238443796336654,13.651695120334626,15.90264050960541,13.674044841527945,15.715273386240005,15.267179763317111,13.981293350458145,14.036067837476722,13.494675961136815,11.159815411642196,14.485645949840555,14.340775227546692,17.084465420246126,16.08388942480088,17.510402333736423,17.838368678092955,11.378614908456807,16.365888756513602,17.350689470767975,13.070349930226808,19.01079753637314,17.491098785400396,14.26570137739182,13.664169701933861,11.568651821836827,13.54351423382759,13.102899210527548,15.670304769277568,14.102795493602759,13.703902104496958,14.536290424317126,14.350281119346619,13.931020009517667,13.569794607162478,20.19739189147949,9.162180683016782,17.24745202064515,14.182718834280962,13.489931283891199,13.353374916315076,14.490077269077307,13.51041110157966,15.896557259559632,18.90173674225808,15.403484946489328,14.051533836126328,14.713535229861733,11.31588823199273,15.741748395562173,11.203868750669061,14.324770599976187,11.862292306870227,11.528755099698907,10.595202120766043,12.189322501420978,13.763670843001464,14.07340227067471,15.697489207983029,17.641528296470643,14.707552114129067,12.948275958746672,11.963016116619109,13.842168169841164,14.190446090698241,13.690491162613037,12.656439319252964,14.223013186827307,14.855018356442454,16.063761258125304,13.857677048444746,16.76199834495784,13.158486157655716,13.853036808967593,12.267170255072415,20.33146413564682,12.060797534883026,13.140656050108376,14.391194516420374,13.086448713729629,13.868850690126422,14.315251481533053,14.567514809593561,15.748046100139618,15.828060889244085,14.965967139601705,12.646103952825074,16.600743925571443,12.751338353194294,16.12333636283874,15.549723659828306,17.117444574832916,14.866152432560927,12.904032586258836,14.354580511152747,12.937017345009375,15.012403367459777,12.891736948490143,12.775688084959986,13.324152562767267,12.298676876723768,10.98443211391568,14.848547920212155,11.98822109848261,17.59638898968697,10.990303611825228,10.26295652762056,19.533390748500803,17.420199060440066,15.818273675441741,16.49493921995163,14.737742233276373,13.188885083794593,15.952819305658341,13.41212859749794,14.93392297923565,13.780379464849833,13.989123122394094,13.743550384044642,13.817057961225519,12.188694313075395,13.71415695548058,16.32395115494728,15.118683290481574,11.727838346711357,13.341226333379748,13.684929054975512,12.853519334457818,17.559361261129375,18.10677605867386,14.193481701612473,15.441569322347641,12.853211680799726,12.609534618258476,15.608381801843649,13.3057487487793,10.359207104519013,16.20266450047493,12.092724962532522,15.921850037574762,11.175919089838867,11.628927285969258,14.537720227241516,16.63411388993264,14.076816502213484,15.64193029999733,15.872610038518914,13.352373628318308,13.55553022623062,12.05511709153653,15.755266231298446,16.50127875208855,14.600528368353846,15.23548533916473,15.400835451483726,17.315793308615692,12.17523139640689,12.915422052145004
2050,8.848272596299656,7.37934841960669,10.359713025763629,12.584769048355529,9.937223133444785,9.407372767291967,8.905268514156342,8.135880054533484,7.241727241128684,8.467833878844976,5.504266825690871,8.481759838001748,10.650882948352958,8.631228205561642,9.434817579388616,9.002034589648252,8.905864766612652,9.289631968736655,8.080915029346945,5.992688974738122,8.216334271430965,9.97867567539215,9.922963637113572,11.027835218608384,11.971498093008993,12.261801272630695,6.41025813296438,10.794662045268348,12.045298770070074,7.747077447175977,11.851412993669515,12.039665578305721,8.110425280034539,8.267420825362208,6.141771335899831,7.0297545224428175,8.066651320457463,9.65167428851128,9.381652231886985,8.508736485056579,8.445872639864682,8.259648948907852,8.478374436125161,8.598260998725891,14.45569597482682,3.415767253935338,11.258803630620248,8.915632657334209,8.062578253075484,8.144081772863867,8.031437472626562,8.229605707898731,9.763261714577673,10.367282888293268,10.26249509826302,9.379258225485685,9.039124558120964,5.940955545380709,9.144829675555233,6.106193032860757,8.112247236073019,6.634641093108803,6.231464611180124,5.323679992184039,6.991576367057865,8.229346664249894,8.883914223685858,9.488224306702618,12.568518805503846,8.925807923078542,7.737147384136916,6.983639218658205,8.02821793705225,9.550413354858758,7.394305127859118,7.525590655952691,8.509736566990618,8.475576482154432,11.349267677590243,8.935357680451126,9.64386256933213,8.15730748921633,9.071775190532207,7.386674574017522,14.197490692138668,6.695692023262377,7.56198156177998,9.305869373679164,7.385662708804013,8.948491987213496,9.820555907487877,8.516649087518454,9.434709557890896,10.457324911653998,8.69412616342306,7.134678640030325,10.816775289922953,7.7568629845976815,10.086718437075614,9.342996622622008,10.973156284540893,8.584217470884328,7.909309785068037,8.27002627234906,7.870914411544794,8.53170122392476,7.625429698824886,7.0122530001215635,8.427937018871306,7.227374567463994,5.785537927597761,8.887293488904835,6.769233025982979,11.559685969352724,5.957774913869798,4.811315109825225,12.148659258568658,11.025572603195908,10.981084471940994,10.74486448019743,7.946411734819412,7.85657031619921,9.524847232177853,8.41544426679611,9.110153795033696,7.780590234696864,8.804695641994476,8.733706917613741,8.548206012137241,6.973089253902434,8.595537655800578,10.819294320791965,8.870954030752182,6.395502631366256,8.436756419390438,7.236645025759939,7.407776886969804,11.308453917130828,12.99865594506264,9.470518512278801,9.870867799222474,7.238577757030727,7.129628949146719,9.387732434272765,8.103168412297967,5.0956278137862725,10.07189193665981,6.789796179533011,10.004287391155952,5.934806801751256,6.366140298172832,9.980273078382021,10.366374930553148,7.6288765549659745,9.765110341086984,10.246958002820614,7.423253928124905,8.515792560577397,7.144464523345232,9.510344591736795,9.82843082430772,7.9783952731639145,8.887653118371965,9.440225657820697,10.268929882161325,7.295875471830375,7.824920115247375
2051,11.442483050748702,10.280747140059253,12.742639772593979,16.062405300140377,12.946531760692599,13.169532630592588,11.971238209307199,10.963717233669012,10.170649199932814,11.316983286850162,9.114363670349123,11.101130542159082,12.85479076802731,11.5646547831595,12.581053143739704,12.138250189274554,11.438465252146122,11.690798491239551,10.778742943704128,8.983308418840174,11.365426481887692,12.679489028453828,13.464332578890026,13.165370267629632,14.67909020185471,15.291319537162787,9.204629467590717,13.150682340562346,14.749563264846799,10.416249150037759,15.377628636360166,14.8898795247078,11.251051502954219,10.96258294135332,9.575649003684518,10.298166654014492,10.858487756922838,12.85069422274828,11.84016785919667,11.109255853295322,11.203186799585824,11.346529743075376,11.158557553961877,11.378647866658863,17.625286173820502,6.59985067695379,14.248938286304474,11.516844921559095,10.791771266236905,11.445194280147554,11.255814326927068,11.57220936268568,12.80740937292577,14.601999220252043,12.422153708338737,12.205574172735217,11.523069018870594,9.333676479756832,12.188074460253118,8.9366421058774,10.989566419646142,9.535025613009932,9.21437088474631,8.408773133158684,10.276028714654966,10.992925748042763,11.450363704562188,12.53756717592478,15.188564646244052,11.884012471139435,10.477005868032576,9.777696727216242,10.816379525512463,11.900180292129525,10.432324496749787,10.411312511563303,11.147866467479616,11.143711174279455,14.424932801723482,11.41069571822882,13.215588101372125,10.932771912217143,11.61452766209841,10.12923156004399,17.554312062263488,9.436903173476455,10.383313393592838,12.248345828056332,10.262037799321117,11.457673887908461,12.094037723541268,11.04730721414089,12.689928933233027,12.692269584536556,11.811741609871385,10.152313388884071,13.747871339321147,10.565479586087164,13.045517602376638,11.939220212772486,13.879430003464226,11.68778450693936,10.710299907112498,11.051129268854854,10.68277752380818,11.752110571041708,10.944491625577221,9.916005708277222,11.162178921699526,10.07859208993614,9.050459572672846,11.381170333176852,9.700639721751212,14.569961243867875,8.77887928336859,8.147016973793507,15.78355895876885,14.289519336819648,13.005439108610156,13.653499627113337,11.324726582691072,10.58628393691033,12.524794878810642,11.570585146546367,11.561420753982386,10.400781524926423,11.647321170521899,11.47595288455486,11.200665674079207,10.010402061231433,11.313188656046988,13.127495494484908,11.954881032183767,9.432459264248612,11.176063540205362,10.454857655894013,10.1725551739335,14.499186897277827,15.613790988922123,11.824569681286809,12.207933201444394,10.078762457333506,9.894035358726978,12.507788856327535,11.032191054522993,8.10519591849298,13.076419094204903,9.759174922108658,13.006153124570849,8.88496230840683,9.546846370398999,12.254495394229888,13.47094481140376,10.849110129196196,12.217079281434415,12.567793680727483,10.380110133439308,11.333041352406148,9.888039331138131,12.596498414129023,13.128623047471049,11.286885204527058,12.0252799551934,11.935438974946742,13.824815884232532,10.04189027585089,10.676622194051745
2052,9.571332276612521,8.177339302003386,10.944370813667778,13.660126191377639,11.08996469434351,10.251657190639527,9.999670488573605,8.342270342633128,8.097513676807285,8.797773268818858,6.076550448685885,9.010851123463363,11.208296307921412,8.945763815194368,10.576851261407134,10.11956156638917,9.448667185753585,9.780442929267885,8.625835299491884,6.783923418447375,9.319334242865441,10.639077883958818,11.1118707165122,11.560561773180961,12.54497692584992,13.409994387626648,6.618706581741567,11.37428731024265,12.609086102247243,8.272338362038136,12.904232305288318,13.13181863427162,9.115859261900193,8.826337864995004,6.704734110459688,8.174186425469813,8.30711754849181,10.752029480785133,9.989031126350163,9.035800884850326,9.251439092308283,9.242317621409894,9.036326825618747,8.804058191832155,14.84577567577362,3.6490123733878135,11.895769262313845,9.429574969641177,8.61885770112276,8.730658283270895,9.12475440278649,8.816148756281478,10.886531976610422,11.58650164082647,10.82384506762028,9.788748455047614,9.649133031070226,6.494226179271936,9.85964028537273,6.297187238559122,9.007211874425417,6.814583227271219,7.111546001024543,6.125761708803475,7.562640841864052,8.801492869108916,9.434747434034943,10.598677599057563,13.031424522399899,9.75222953930497,8.109653484821326,7.1715389184653775,8.658897508308291,10.045658478140833,8.402472063899037,8.340298824012281,9.131147082149983,9.173542387038474,11.81933591365814,9.431138988584282,10.43906441135333,8.360149167478083,9.724293116480112,7.595382373034961,14.625142312049869,7.262872790172702,8.148409226536753,9.594399372930635,7.975910983188075,9.477544921636577,10.290635538101196,9.167310548480602,10.60990986847319,11.022521674633026,9.796703988313679,7.486838267743586,11.909843224287036,7.983271207753575,11.179451327538114,10.018162421882153,11.620005537942056,9.703679114952681,8.112698741257192,9.077753407135607,8.090517561882733,9.686878128349779,8.198627315089109,7.6161270050331975,8.624154830304903,7.454126127064224,6.375248376280068,9.505345197860148,7.642883545020591,12.28819347023964,6.154664926882832,5.291951366973808,13.242252719402307,11.725454722344876,11.49316660761834,11.828532630205153,9.147323339246217,8.32699395641685,10.275423575472086,8.984714461490512,9.716216908395293,8.495213612169021,9.121884615346787,9.485870071593665,9.091502347588543,7.49507085196674,8.977129257656637,11.3968078777194,9.957636064104735,7.264535561762754,9.224802348762754,8.364366260729726,7.978633283823731,11.995053982920945,13.541938138008117,9.958926618099216,10.47025396544486,7.826988643035294,7.691190332546827,10.51881280206144,8.966052256524566,5.3848705977201465,11.221792861726135,7.6645539268385665,11.091912410408261,6.8079069390893014,6.785225561261173,10.469208845496182,11.42284786175005,8.757374408096078,10.403416397236278,10.816501274332404,8.04784221369773,8.75415358170867,7.333361914753915,10.610170996095977,10.943028542306276,9.15424558259547,9.993540343502538,10.079500669240952,11.040342982858423,7.551267198752609,8.589343881607054
2053,12.759227502346047,11.737619041907607,14.082751613855365,16.33917002677918,13.825100493431089,14.255203044414523,12.75439017415046,12.296546623110771,11.651824607886377,12.614021337032316,10.388100517541172,12.59432721734047,14.10965828895569,12.443119126558301,13.32818145751953,12.957278889417648,12.867314517498022,13.070499247312544,12.339388821460304,10.383711228519681,12.089164346456535,13.562159037590035,14.086544638872146,14.378894352912903,15.630248034000397,15.747257435321805,10.466199819371107,14.457532614469534,15.533897268772128,11.951961546763778,15.656352007389074,15.523052310943608,12.058396273851397,12.50075615663082,10.778956104815004,11.051737916469573,12.181913793087002,13.460676598548895,13.241169893741608,12.618512845039367,12.371506075561049,12.239887392520917,12.74082186594606,12.626126211881639,17.6386314868927,7.984116585552693,15.110598552227021,12.999197852611541,12.36852092593909,12.580158370733264,12.081502749025825,12.659807109832766,13.654783815145489,14.83839910030365,13.659928727149966,13.216753709316254,12.905015315115453,10.52073364928365,13.454593893233687,10.216310745477678,12.06609028875828,10.806887063384057,10.694237600266934,9.809250251576305,11.42790428102016,12.577900845417753,12.892835184931755,13.366713297367099,15.932105958461767,12.830370217561718,11.929868440330026,11.078696668148039,12.382611326687039,13.265256708860395,11.35641631931066,11.81722177118063,12.629160608351235,12.621358560025687,14.666312932968145,12.844464170932772,14.25360765582882,12.250247457623484,13.01272474527359,11.345797362923626,17.58222037553788,10.979713701456792,11.994730039697606,13.174202394485471,11.900974071025846,12.900778537988666,13.408248186111447,12.445529628684747,13.350140964984893,13.979575186967853,12.575072234869008,11.3823674460873,14.4463724732399,11.849562525749201,13.887434446811678,13.392509581893686,14.992389631271362,12.45342603325844,12.01265597939491,12.193543213605889,12.032403570413598,12.629803606867783,12.080931276082985,11.575391057133679,12.4186756014824,11.374059292674069,10.195830872654913,12.800891854986551,11.155781351774927,15.417932623624802,10.04651978164911,9.342269608494826,16.031359529495237,15.222623860836034,14.193796145915986,14.407406330108639,12.14859729073942,12.098306362330913,13.626423054933548,12.670395457744595,12.927262908220285,11.686811158061035,12.925019925832752,12.926919442415246,12.707526975870135,11.347169658541677,12.727990877628326,14.445123279094698,12.739805907011029,10.895213772542776,12.58288826346397,11.207411763072011,11.741923909075561,15.41498340964317,16.36644703149796,13.174358129501343,13.5207384288311,11.706001669354741,11.471557942032813,13.340008503198623,12.464024977385998,9.326851081289352,13.95952491760254,11.254528232663864,13.758339393138888,10.374451319128273,10.802183812856672,13.53118335008622,14.132202625274658,11.609307831525808,13.599370914697648,13.926444929838187,12.068417866714297,12.671030831336974,11.138215418159968,13.416067570447918,13.708988004922867,12.15088633745909,12.754974687099455,13.339579580724239,14.843339580297473,11.17962056100368,12.081909178197384
2054,11.049633467197427,9.829186695488175,12.423299783468247,14.684919565916065,11.722448994964367,11.635785438120369,10.802313864603645,9.32114074821584,9.681139717251062,9.684700690954925,6.954436441510916,10.899222111701969,12.583954936265947,10.1204401422292,11.334357777982953,10.936457266192878,11.218546369671826,11.525690817832945,10.55911751911044,8.092787000909448,10.173880945239214,12.481802296638495,12.018542247824378,12.906038993597026,13.723342144489289,14.296917587518696,7.583064230531457,12.809526848793038,13.62299580574036,10.202823970001187,13.989340376853951,13.801374018192291,10.01067083105445,10.736163867637512,7.559891319274901,9.043244078755384,9.391553437709813,11.711869694292545,11.599161928892132,10.901533178985122,10.552160541713238,10.073169898986816,10.958748262003066,9.761403288878498,16.533245551586155,4.662351075559849,12.964471817016607,11.260358951985836,10.598773133382204,9.533366408944135,9.999892297387127,9.570619499310851,11.600216800346972,12.885574933141479,12.133939528465271,10.560319874435665,11.252550031989816,7.330962407588956,11.324811740219591,7.256374779343609,10.159974052384497,7.810450428351764,8.698802617937329,7.5083587393164635,8.380538944527508,10.765660386532545,11.224371072649962,11.318969086278228,14.293589818477631,10.562747815996408,9.695862331986435,8.16645245924592,10.546752512641252,11.75508483052254,9.410413713753222,9.928684188425548,10.875815412774681,10.78183168396354,13.557583725452426,11.223500311374668,11.753287257999187,9.289174229651696,11.323041284084322,8.533919874764981,16.391770350933076,9.197782711405305,10.176703693368468,10.758653583750128,10.052731282263991,11.287634235620503,11.958869552612308,10.690202583745123,11.516391669958832,12.410973864793778,10.62042276132852,8.466246084950404,12.598812115937475,8.950653010606764,11.861163405794652,11.593076533498248,12.956572836637495,10.48586317375303,9.096846954920327,10.379680556803942,9.18360297586769,10.482031658012422,8.992989542335277,9.70241725407541,9.561641003191474,8.41613764464855,7.235574383335186,11.04433917999268,9.18776663988829,13.33530808091163,7.126227331534032,6.139611880481246,14.319901773333546,12.929811266064643,12.745992732048036,12.504709263145926,9.9868615180254,10.073814803361898,11.601299754343927,9.752536347508434,11.256225250288841,9.920243105292318,10.082097725197674,11.098505878448487,10.98662100285292,8.644701484125108,10.430459903925659,12.828388667106628,10.744111894257376,8.901981974020597,10.742283022403717,9.208854366093874,9.955647234432405,13.165402859449381,14.532466912269594,11.642682623863223,11.911498194932939,9.865317010506994,9.676622910052533,11.308850442618137,10.533877140283588,6.305011819303035,11.850595651566989,9.25055352598429,11.882824115827678,8.377139388769866,7.685761950165028,12.062449240684511,12.226450193673372,9.600877267948812,11.90320763587952,12.30019637346268,10.130990444123746,9.7066426742822,8.282526567764577,11.405143085122106,11.832779355347155,9.999142118543393,10.787166290590545,11.601615013927224,12.343095326423652,8.42625206485391,10.220650498569018
2055,13.286173638701442,12.371388646215198,15.286982887983322,17.771080434322364,14.827162712067363,15.728401765227318,13.826985733211036,12.208447800390424,12.24436378255486,12.672549510700629,10.417414864897728,13.005999261140825,15.227299088239679,12.957864505052575,14.492922288924456,14.049702644720673,13.394370424747473,13.432199883461001,12.812694235146044,10.813398084789508,13.210292412713176,13.917626225948334,15.477643221616749,15.438349354267114,16.719526958465572,17.466312849521636,10.384119620174173,15.65018020868302,16.58184220790863,12.369177107140422,17.21864702701568,16.48502160310746,13.042089540977036,13.022973428666594,10.822798065468668,12.234783267322928,12.173458299785858,14.955642378330236,13.658586114645004,13.051369544863695,13.62787170037627,13.133414274826652,13.252446933090685,12.545841044187544,18.965017914772027,7.965256447717543,16.415938198566444,13.498871704936036,12.81660446375609,12.560435342788702,13.173436263203627,12.719880682229995,14.725681803375489,16.71769201159477,14.71189237833023,13.220447522401816,13.98998247981071,10.554486318677665,14.827161542046815,10.155231609940527,13.28662750087679,10.733529241383078,11.26252217786387,10.178054422885179,11.470257618278266,13.131686263531453,13.455352208018306,14.46295718215406,16.974561119079592,13.559468705952167,12.145320066483693,10.972617337107659,13.139023414906124,13.606295537948608,12.525808787345886,12.424962033145132,13.525219916552306,14.082614605873818,16.228700089454655,13.2015445291996,15.696133339032539,12.166320618242024,13.480313390493388,11.276687058061363,18.989054656028753,11.44607230853289,12.474996633827688,13.582484772801402,12.402797059714795,13.2690265238285,13.74855052232743,13.816995959635818,14.786859193444254,15.116447895765305,13.697814672626558,11.498046489804988,15.512825381755826,11.766719261184338,14.945750245451924,14.802973124384883,16.238671678304677,13.584324781969192,11.93035017848015,13.330536300688985,12.024692895449704,13.692218019068244,12.095043464004997,12.091397187113762,12.342137435078627,11.324946955591443,10.27041564527899,14.112741565518087,11.797390623483809,16.716933912038808,9.984642384946351,9.389264869689942,17.66051388978957,16.45460672974587,15.17709379196167,15.380893921852111,13.384358953498301,12.451655565004335,14.961303241550926,12.659647393226622,14.177438896894454,12.91982514315751,12.98597545921803,13.447249761223793,13.212539251148694,11.522462280839683,12.931252594292166,15.647528344392772,13.817666226718577,11.424951794114884,13.124147123098377,12.362936373613783,12.209376424865336,16.626649105548864,17.399844360351572,13.58932737708092,14.685984861850741,12.19224776551128,11.926333058252936,14.4017813563347,13.131376602686942,9.316917547583577,15.05742243528365,11.8429375375621,14.803494858741757,10.923400378227232,10.807586512807756,14.001445615291598,15.300738370418554,12.744415657967327,14.916829887032511,15.129283916950238,12.668930695950985,12.616950297355658,11.07949363440275,14.48597303703428,15.015834599733362,13.277680701389917,13.926551260799172,14.690282957255842,16.24840223044157,11.163456887751817,12.672690826654433
2056,12.120724865794184,11.14104474633932,14.133885350823396,17.109312617778787,13.501109260320671,14.632308274507528,12.560298742353913,11.080432003736496,10.948800542950632,11.422507715225219,8.383031513541935,12.290748864412308,14.144568711519241,11.648321314156055,13.259530054032803,12.743836604058744,12.603992235660552,12.794233697652817,12.037172914482657,9.349897800385948,11.990201479196548,13.449124163389211,14.39856894910335,14.404720306396484,15.935878127813345,15.964272779226311,9.302583768125622,14.506724596023556,15.925731241703042,11.629147010296586,16.58906115889549,15.434707844257352,11.82222390100361,12.207641604728996,8.886456158012155,10.971783971786497,11.056549206376074,13.532051953673365,12.80274651050568,12.319965467602009,12.324416444823141,11.858876798301935,12.43927945792675,11.47576414719224,19.261480963230138,6.686689371615652,15.62080339193344,12.696555973589428,12.060519295930861,10.850990203022956,11.890727145969871,10.939499665796758,13.374359205365181,16.090382966399197,13.714064753055576,11.953458741307252,12.876753755658868,8.668886028975255,13.65832379292697,9.031154088862241,12.002377228811383,9.654340224713087,9.981110107153661,8.795984357234552,9.635750224068762,12.267937356978656,12.616056321561336,13.148010107874871,16.408431851863856,12.301876757293941,11.232817535102374,9.873164844000716,12.17575548328459,12.995168042182922,11.26805009692907,11.153122013434762,12.491993471980097,12.637894585728642,14.352608662284913,12.548468440771112,14.664197894930842,11.012583710253235,12.518405303359042,10.21833309084177,19.326405286788948,10.639751511812213,11.678643529117108,12.358163303136823,11.58613407574594,12.607526835799215,13.152805352210995,12.466232091188427,13.402263912558558,14.02725331783295,12.432435560226443,10.337344126170498,14.353043194860216,10.657738232612612,13.618736352026463,13.423016391694555,15.258356250822539,12.326969811320307,10.796538472175602,12.152269377745686,10.874043148756027,12.370386179536585,10.32234990671277,11.255407164990903,11.239123044908046,10.153539791703226,8.517375608161093,12.806723827123642,10.45738365128636,15.760418879985815,8.865107907541095,7.675950389355421,17.001790535449985,15.631903580576173,14.233282709121704,14.20108693651855,12.04615067094565,11.589399960823357,13.888889804482465,11.014885985851285,12.971306504309183,11.690589155256749,11.826974112167957,12.326042623817923,12.415614268183708,10.086897966265685,11.984195180609825,14.470508351922032,12.584779436886313,10.17672169804573,11.903925644606351,11.121149940788747,11.426045298576357,15.849368500709536,16.777580213546752,12.914535576105118,13.577392418682587,11.384362072870143,11.153281870856881,13.0887330710888,11.78164277747273,8.060325763002037,13.652844440937045,10.543322729319334,13.581583335250617,9.64948949571699,9.178932352154515,13.28813756108284,14.20793025568128,11.513876482099299,13.634843402355912,13.991500166058538,11.750117533653981,11.41055252254009,9.970394443720583,13.192651988565917,13.975938416272403,11.92442080080509,12.71635917425156,13.358789556473493,15.286449706554418,10.12678883075714,11.404232855141164
2057,11.242400616407389,9.933522471785544,11.593255735933784,14.387724851071837,11.194210261851547,11.745292492955928,10.185140156000852,9.120342681556936,9.972956684976815,9.489732141606513,7.159838358312849,10.406168521195655,11.796376170217991,9.78647416681052,10.720590726658699,10.317829032242297,10.731802459061145,11.06395642496646,10.042411997914314,8.364119924604891,9.508330252021555,11.760790652036667,11.571079410240062,12.15786403864623,13.649444708228108,13.719396658241749,7.368339736759664,12.035811877250671,13.7944705247879,9.69499901682138,13.711605755984781,13.229406899213789,9.38652495928109,10.215703877806666,7.7338272029766815,8.354524343460803,9.138145639374855,11.093025776743893,11.412744122906588,10.401339175179606,9.766001931764185,9.524470609007404,10.41360283046961,9.567773161828509,16.55996406078339,4.475105496682226,13.184666283056135,10.729832666367297,10.084163865447048,9.68705335408449,9.35888377726078,9.744415819644923,11.045937326177953,12.679955406486993,11.35830542854965,10.513800844550133,10.44303664565086,7.5041596021503185,10.911684007197618,7.059512718021871,9.410833498090508,7.593354400247334,9.00346822440625,7.77279442213476,8.550020453333854,10.239918617904182,10.748733842372898,10.762123099714522,14.162716835737232,10.106221324205398,9.309823979064822,7.9387167327106,9.939356647431856,11.293231046199796,8.69370284676552,10.201046906411646,10.184089165553448,9.866967787593605,13.0240165501833,10.747180140018463,11.88050298020244,9.110138192400335,11.223250761628158,8.3359584223479,16.40687854290009,8.73857699036598,9.63632448911667,10.4230517834425,9.499491435661913,10.80100379213691,11.517356997728355,9.793842376768591,10.858788267150521,11.58897798731923,9.98035396672785,8.180863524973393,12.032694389671095,8.740932472050188,11.327894110232592,10.695973091572524,12.702495166659356,9.866984658688308,8.875163722783324,9.584263075888162,8.962143349647523,9.879764647036788,9.162493848055604,9.14974774792791,9.373621346428994,8.229248122498397,7.396515095978977,10.181879653036596,9.488581409305334,13.416275754570952,6.916061573848131,6.1879332304000885,14.047999259829515,13.10098341405392,12.003498649597162,11.954009993560609,9.33836173973978,9.625190630555153,11.222454823553564,9.899980354309083,10.38587989993393,9.071405558194964,9.831898694112894,11.174498184025289,10.483529494702818,8.68879160900251,10.073577466607095,12.011917673051357,10.147730649635202,9.19197481162846,10.988578167557716,8.554079297184945,9.437632335722448,13.346433480083942,14.718093019723895,11.19180255234242,11.067751324176793,9.327108685672286,9.161406913306564,10.702542579825968,10.814371802657842,6.158600571285936,11.335537206381565,9.562135044671592,11.276947598345581,8.676350278127936,7.710671777091919,11.626123091578481,11.764633493125444,8.937060842663056,11.021631659567356,11.433105935156345,9.564361049979926,9.510887468885633,8.083510095591192,10.80412986762821,11.341205944120883,9.357451441884045,10.220483541861176,10.731597951054571,12.512604045122867,8.228800712898375,10.438927637040612
2058,12.294971388578414,11.075084620714183,13.0395879548043,15.165415406227112,12.692569793178704,12.689788468927151,11.702580878138544,10.100567466765643,11.117140498757369,10.517364668846133,8.372798541188235,11.496025837957857,13.135784968733793,10.663846915960315,12.23791530951857,11.879788312315949,11.825947958976036,12.060307958722117,11.199172675609589,9.465522676706312,11.029775568842883,12.862992584705356,12.863728895038369,13.453580003976821,14.457514655590066,14.793351200222968,8.315540638612589,13.44520569294691,14.360722899436954,10.844832217693332,14.463385906815535,14.536192944645885,10.86785226911306,11.381129842996595,8.921234146133063,9.954727260768413,10.153242763131853,12.343551900237797,12.408750262856486,11.504170478880408,11.34221217632294,10.986637773364786,11.595046159625053,10.50693749040366,17.041952776908868,5.50419672317803,13.783619081974027,11.872577023506167,11.25487315952778,10.763553843647244,10.98986201286316,10.75504872277379,12.56427705809474,13.54394430071116,12.647790816426278,11.405975431203844,11.864591859281063,8.676584186777465,12.184140445291995,8.028442342579366,10.987435762584212,8.594318886101247,10.18950402699411,8.94850648120045,9.695523554086682,11.433873477578171,11.845576985925439,12.277111448999495,14.827934390306476,11.423486621677876,10.424079710617665,8.922293174266821,11.24042279217392,12.262430182099346,10.267277856543657,11.347097492218017,11.53228809945285,11.535345560312274,13.988403877615923,11.76399879902601,12.759348086267705,10.096269366145137,12.24739059507847,9.258994984452148,16.940547156333935,9.918220372498036,10.827474242448805,11.331719926185901,10.722788606584079,11.853387163579466,12.453592365980153,11.397914950549607,12.281811822950841,12.96361028552056,11.50930915176868,9.307047142088418,13.419912932720033,9.71442511305213,12.809802386537195,12.322893477976326,13.761847244016826,11.384534442424775,9.861689816229049,11.111388411000366,9.972116759419439,11.48875529691577,10.214237929880614,10.395207490306348,10.321316738426692,9.186765727400779,8.533871571719649,11.750579588115217,10.627702373266217,14.158038510382173,7.872793613374237,7.275503990054133,14.819630154967314,13.837269264459618,13.213496035337451,13.365391492098572,10.967663934826856,10.767285436391834,12.394020777195692,10.946431632339955,11.876744503527883,10.598057667911057,10.878913792967799,12.247172298282376,11.616436669230461,9.779898165166376,11.128179444372654,13.450044815242297,11.667627936229112,10.41951668411494,12.071152128651741,10.135696479678156,10.60760164260865,14.043731157435104,15.231339609622955,12.173328173160561,12.49087054263801,10.534787990152838,10.357461673021323,12.245175655931233,11.930869975686083,7.127422195672987,12.843863759934909,10.724687324464325,12.738223949819801,9.852145308256153,8.800962407886978,12.583976554870608,13.052142690867182,10.520041857659816,12.548342934250835,12.87419809168205,10.853716978430754,10.500582373142246,9.027769137918948,12.330822170246398,12.565789065137505,10.995350052416326,11.660061797697562,12.29590631313622,13.331032564677297,9.098456288129094,11.61828844994307
2059,10.33238767683506,9.0107911689207,11.620365256071093,14.499969303607937,11.205688910186293,11.225421209726482,10.220316953212023,8.59897409081459,8.928518898040053,9.037610270828011,6.68210358098149,9.824992261081933,11.797439455986023,9.586442074179649,10.725638639926913,10.337144955620172,10.187343792570756,10.504766860604287,9.445702924579384,7.489383663982155,9.563226853683599,11.334579473733905,11.640220779366796,12.142752623558044,13.261331933736807,13.889678382873536,6.881534887850289,12.015028664469721,13.30798164010048,9.103259946405888,13.83461040258407,13.200543016195292,9.373197167925538,9.628522626310582,7.299597945809362,8.41240021511913,8.626789972931153,11.196108256862502,10.69514827132225,9.81808140985668,9.790211053658274,9.477255944907668,9.845022603124379,9.075868280231948,16.295552039146422,3.904438157007101,12.647523379325866,10.201359653507827,9.468812514282765,9.223381091654305,9.40443642027677,9.315254665678363,11.063163574039933,12.796411246620126,11.374881458282474,10.105705212056638,10.33308074469678,7.070593020319938,10.669083213247365,6.54896411597729,9.436640475317843,7.080470871180296,7.931565508991481,6.867534078273456,8.124390652775764,9.636561892926693,10.1886134441942,10.803155525028709,13.844670152664193,9.981361630558968,8.743984095472845,7.453462830185887,9.46815252862871,10.73570306301117,8.729957420378927,9.180255232006317,9.871503007411965,9.904628400504592,13.387858414649969,10.18013219237328,11.358807519078255,8.616084026964378,10.458255723118778,7.848730146884923,16.167791688442236,8.111467406153679,8.990856766700748,10.186213853023949,8.848981792549608,10.21863750219345,10.96882977485657,9.851993600651621,10.947214921936395,11.61469083428383,10.037066604802387,7.752163592819123,12.015319001674655,8.23784012943506,11.362788675740013,10.720491950027641,12.390259596705436,9.902417645417154,8.365605749934918,9.592349419230596,8.423531346023086,9.89463691860437,8.710682116448874,8.488627775851636,8.89174218177795,7.7171370372176185,6.950277130305759,10.197546393051743,8.464177808910609,13.02261599302292,6.430135213956238,5.76848948970437,14.18981928974389,12.557493315637114,12.023284709453584,11.954366552829741,9.334781593084346,9.042052838206294,11.022575797606262,9.462174696661531,10.401767613273115,9.082253101468092,9.375794814527037,10.273774397373199,9.891957133263352,8.04647527243942,9.508651968836784,12.025097036361698,10.200414369255302,8.108410969376564,10.014422506093982,8.597916801879183,8.82074158936739,12.801207548379901,14.218502986431124,10.647593659162528,11.08607902526855,8.67683889679611,8.551452727615835,10.706917126476766,9.792909278883599,5.680078595504164,11.358739382773644,8.494946750998501,11.268521388992664,7.619191901758313,7.24022649526596,11.128764563798903,11.80783539265395,8.9802763953805,11.056495058536523,11.449430885910992,8.936882176995276,8.992476477660237,7.598587851226331,10.848019389063115,11.420630386471755,9.37173401013133,10.259666240587832,10.7604015791323,11.954377973079682,7.752777162194251,9.474434504657983
2060,9.036831335723406,7.77243694290519,10.620233309455223,12.965672091022132,9.78754322081805,10.033341756090527,8.845568481832741,7.439356169849633,7.592855197936307,7.884693023562427,5.319649445265528,8.814813592005521,10.899830528348689,8.242668086290362,9.320039810240267,8.892184904217721,9.305114427953955,9.551227255165577,8.498042808473109,6.1714491582883015,8.196162422373888,10.216761671379206,10.086506136134272,11.247290052473549,12.344806408882143,12.535080403462054,5.72437255708501,11.063024302572003,12.457592836022378,8.112666524201632,12.280546299926943,11.817361163720491,7.9786500029265905,8.706986254453664,5.9373667448759075,6.980428129434583,7.450458021834497,9.777069987729188,9.601269806921483,8.900533704459669,8.604428572207691,8.099037161096932,8.892091089487081,7.934315819106999,14.813424956798553,2.6316802463494233,11.75486490568146,9.231619217246777,8.408230653405194,7.953175663203001,7.929252605140209,8.06934787649661,9.661744448542596,10.939680457115182,10.489807993173601,8.975098010152575,9.337384568154814,5.730062194168567,9.572162302210925,5.386565469205383,8.221031074365609,5.896379014849659,6.607999344822026,5.518468157947063,6.767882936447856,8.679617033526302,9.270428605005145,9.4592677436769,12.918940401077268,8.717428889870648,7.641697827773167,6.248499019443986,8.455772399378473,9.770889771822842,7.416761147975928,7.8307770669460295,8.89215796813369,8.794902563840148,11.529676607251162,9.256463496014474,10.231702992459766,7.45727877765894,9.312531042844062,6.711336521990593,14.60198338031769,7.081254679989077,7.937990267574795,8.864753323420887,7.775615175021817,9.216873137699436,10.015107140690084,8.828593006730078,9.50099012851715,10.70494484063238,8.700584842078383,6.480408925469971,10.65303677618503,7.045574767980723,10.034036474442106,9.656802861392498,11.401859129313381,8.575247841142124,7.171714896522462,8.397266819700599,7.245305729657413,8.4427865691483,7.430553394462914,7.424828364513816,7.754708376899359,6.4824457526207,5.594955010712144,9.156347718555478,7.15177262425423,12.079875053465368,5.2433764159679415,4.477550009638071,12.577593770623205,11.558783668908294,11.165854215621948,10.55980162806809,7.8600370168685885,8.011376137845216,9.918855827301744,8.211049154121433,9.380160466209054,7.991658251488113,8.195037266053264,9.009021905064586,8.956537136435514,6.762888607010247,8.445225641131392,11.064534439146518,8.86599766165018,6.765537837520242,8.680939243733878,7.2109687820077,7.778935205936435,11.839252433180812,13.369819122552872,9.787643633410335,10.143429134041074,7.62737554488704,7.526230517029758,9.267477490007874,8.472755882283675,4.45905556231737,9.968918387591847,7.1646535016596316,9.859735108725731,6.2964421849697825,5.935244399495426,10.289374050032345,10.40470416173339,7.59851560741663,10.05589750688523,10.50789701547474,7.93102806210518,7.800974719785155,6.462105932086703,9.497279154509307,10.002934640645979,7.875702758878468,8.909959799051283,9.71766218692065,10.86809321343899,6.6187225058674795,8.078629702329641
2061,12.588783258199696,11.580476934462789,13.799654118902982,17.748828321695328,14.341506735980522,14.625651428103453,13.384672420471906,12.26092591881752,11.478111398965126,12.731340402364728,10.754589311219753,12.276625989377504,13.808813080191623,13.002595677226783,14.107784318923944,13.565305386483669,12.659066945314404,12.755844904016707,12.082348914444449,10.311837891489267,12.821076886355883,13.607057455182078,15.256281425058848,14.084253892302513,15.781624698638916,16.93413336277008,10.498246404528622,14.196530733257532,15.852921867370611,11.666851576417688,17.237721219658845,16.082426315546037,12.657018446922303,12.269453991204504,11.065701226145029,11.821015015244488,12.101711633801465,14.539435902237893,13.01362078487873,12.341866008937362,12.368004384636878,12.757956409454353,12.433238603733475,12.673833867907526,18.897983360290528,8.270067047327766,15.563491749763495,12.702466925978662,12.06035953904502,12.753034517168999,12.740860399603843,13.00142168030143,14.229774545133111,16.858684650063527,13.391150209307664,13.365126907825474,12.57210407704115,10.797023342177274,13.450754170119762,10.330699139833447,12.30924595594406,10.989984153211116,10.536601794883612,9.72848951369524,11.62786017954349,12.311373260128311,12.749591012299067,14.055786616355181,16.241002911329268,13.307965280860671,11.696275903284556,11.045215070247654,12.182380269467831,12.929176393151286,11.828160974383355,11.663223183900119,12.372456779622013,12.27397609353066,15.684963182546202,12.551892299624154,14.647268542647373,12.290297925472263,12.782965011894706,11.391969427466393,18.95370815992356,10.676345723867415,11.679150503873824,13.691391224041586,11.606751926988366,12.551894361153249,13.069677448272703,12.11251541487873,14.32813889202662,13.681130310893064,13.288369600474832,11.590407177060843,15.114187167584896,11.811879739165304,14.485700943320996,13.0439163915813,15.090956735238436,13.210448324680328,11.977271944284436,12.287674976885322,11.921679404377938,13.2524378836155,12.340714350342754,11.284245574474346,12.457741075754168,11.368377014994623,10.354136538505553,12.452217544242743,11.006344294548034,15.760861830413342,10.105180046986792,9.648318688198918,17.69827038049697,15.574761192873126,13.915993046760562,14.950292217731473,12.997882369160658,11.871591880824424,13.850844847038385,12.807509897975251,12.601988410949708,11.540985786169772,12.967419561743734,12.672530617564922,12.428848472237586,11.348309999704354,12.540272492915388,14.11167218834162,13.486755891144284,10.724592458829283,12.379840995371342,11.989849421381953,11.425860975123946,15.789124865829944,16.67776229381561,12.951326151192191,13.232132363319394,11.386328728497023,11.17150392383337,13.903485967218879,12.312221863679586,9.548017266020182,14.547891601920133,11.091046258807182,14.320301316678524,10.195786682516339,10.991886783391237,13.315352231264118,14.97451643347741,12.368250364065172,13.278699173033235,13.667174510844054,11.82602338418365,12.608511836826803,11.188264214992525,14.062263096868994,14.789295209944248,12.800092852115625,13.558961255848406,12.997699031233784,15.256155377626424,11.323120602965353,11.930178043991328
2062,12.561296418122954,11.586520727910104,14.06100624799729,17.606275886297222,13.812958945333964,15.12557096555829,12.845780777931205,11.996821434423328,11.446341281197965,12.410102365911005,10.447402259707452,12.635709354281422,14.071415996551513,12.775879162549975,13.455411274638028,13.010906765609985,12.991233491897583,13.11790500879287,12.420440411567693,10.235541150625796,12.241197115182873,13.969519245624543,14.811027088761326,14.335603630542758,16.059987556934363,16.218097361922265,10.247585040330891,14.458411210775386,16.126530456542973,12.011976897716528,17.1105812907219,15.506420946121219,12.115308431535956,12.607630299311136,10.74895909130573,11.202621692419054,11.931809099018576,13.855445896834137,13.236777305603033,12.684973970055584,12.390281589329247,12.265549884736544,12.785614521754901,12.443013168871408,19.29457359313965,7.963023497909302,15.821431058645254,13.02391784340143,12.44739668201655,12.563105244934567,12.166791155934334,12.824289470911031,13.689959682151681,16.66878876313568,13.619352453947064,13.23089616894722,12.90080100744963,10.538839171826833,13.838009339570998,10.055569195747376,12.13834347873926,10.718940630555151,10.506329059228303,9.657520586252215,11.391868513822562,12.656021520495417,13.071499109268194,13.478492207080132,16.51617494821549,12.866527078673247,11.802900077402589,10.789443388022486,12.51057379543782,13.322730606794355,11.450028905272488,11.611299276351934,12.672014170140034,12.599693817645313,15.820689278841016,12.887749245762823,15.100548380613333,11.998210997879509,12.953553813695905,11.162016470450903,19.38350001573563,11.01071645058692,12.069742160290474,13.471909546107053,11.994015359878539,12.951969999074942,13.451870971918106,12.436158422753211,13.642690847814086,13.95975306630135,12.731095147132873,11.27863785922527,14.505752176046377,11.57980721965433,13.95034558773041,13.365237687714407,15.425906783342366,12.621769048273569,11.729330515116454,12.231167979538444,11.742455880716449,12.681854528188707,12.14478747844696,11.66840490493924,12.202254389226436,11.115566423535354,10.199583784490823,12.774337070435285,10.958971693366761,16.135704433918,9.848994003236296,9.407980036735534,17.569181174039834,15.961081734299663,14.148700547218326,14.403146542236206,12.30168121308089,12.09481422007084,14.098737308755522,12.653485066816216,12.903181883692747,11.67332621365786,12.675046506524088,12.768148369342086,12.77245225859806,11.168582627549773,12.590200199931859,14.397527897357943,12.88418959528209,10.6706801654771,12.372149384394284,11.385575354099277,11.801375004649163,16.13659420609474,16.88923226594925,13.288266825675965,13.522275292873385,11.775021755695345,11.532541090995078,13.361605354864153,12.24007301982492,9.323673616349701,14.00937361735851,11.065420252829792,13.775013969838616,10.177765034884217,10.648017743229868,13.633050155639648,14.52844713255763,11.771121948957445,13.571339043974882,13.922544336318975,12.17263000365347,12.357786041498183,10.92439654022455,13.521505536884073,14.38099734559656,12.214144119620325,13.032159531861549,13.304803125560284,15.686190454661851,11.131703033298255,11.88082389459014
2063,12.614083063602454,11.323497623205185,12.745371139049535,15.220768129825595,12.599857234954836,12.176292622461917,11.455466240644453,10.634351065754888,11.486187207698828,10.939498999714846,9.919621300324799,11.458318585157395,12.856603360176086,11.312474864721292,12.111351567506796,11.647614771127705,11.737431418895717,12.037200224399575,11.117415651679043,10.104206982254984,10.746700012683876,13.279765892028815,12.748225533962259,13.184126436710352,14.124523437023168,15.095414578914648,8.816620980203156,13.129543173313147,14.043229794502258,10.777530673146245,14.442044544219971,14.518101906776433,10.688120710849764,11.27817133069038,10.3875974714756,9.69032743498683,10.633714103698725,12.491704910993574,12.558598124980918,11.425296312570577,11.006929537653914,10.847084492444997,11.50465492010117,10.995061981678006,16.759487867355354,6.098557901382444,13.448570990562436,11.812710809707642,11.20441932678223,12.166056400537501,10.724136070907116,12.213805502653125,12.37987442016602,13.399064552783972,12.441146278381346,12.321052253246311,11.60179148316383,10.122458083927633,11.763080866634851,8.556998967379334,10.69370468258858,9.152858457155526,10.53792001307011,9.564562234282494,11.080926656723026,11.339352786540987,11.791910541057593,12.054739728569988,14.692991554737095,11.40014696121216,10.593474638462066,9.448587635159495,11.108136031031615,12.264235103130337,9.98066158741713,11.700900346040731,11.345794636011128,11.1538130518049,14.811212992668143,11.722281920909877,12.264188015460968,10.607892245054245,12.422913312911986,9.753393748402594,16.616491246223454,9.861155197024349,10.788634800910947,11.945703780651096,10.670578359067434,11.831858217716217,12.45988241434097,11.021569342911246,12.264187854528437,12.692545139789585,11.225542372465137,9.74424249455333,13.349372994899749,10.243948507308968,12.627354180812834,11.968491485714917,13.362689733505249,11.136044380068782,10.396763575077056,10.820067754387859,10.45728477835655,11.282847319543363,11.653257995843893,10.339678431302303,10.816112959384924,9.750634557008746,9.852813145518304,11.393811571598054,10.967314600944519,13.81080011129379,8.394725641235702,8.475875800102944,14.835819423198695,13.403952634334559,13.026057577133182,13.279271805286408,10.811665687803181,10.815918585658078,12.043343394994741,12.2807481944561,11.566029882431035,10.296529842913156,11.305032736063001,12.504713451862337,11.531723040342328,10.558600521087644,11.366777443885805,13.172692763805383,11.400263527035708,10.772184610366818,12.413785982131959,9.83759160339832,10.5643568277359,13.6461077451706,14.97912087440491,12.131660819053657,12.22309950590134,10.490730232000352,10.291969561576849,12.045860457420343,12.281993079185485,7.817168602533639,12.713088792562488,11.093156486749658,12.534339725971222,10.185649761557583,9.87887283563614,12.53789716959,12.898159116506577,10.243337836861606,12.21401956081391,12.584089136123662,10.728638421557843,11.062390780448919,9.532005721330645,12.070269817113871,12.437665480375289,10.777090843021869,11.45729022026062,11.970046672225,12.848097872734076,9.610857290029527,11.952585017681125
2064,10.97092608809472,9.728135022893552,12.087438857927923,14.219532811641695,11.244586558640007,12.136194321326903,10.228837834298613,9.593434531241659,9.618551617860797,9.909654120169582,7.646683175116772,10.75994427800179,12.239413876831524,10.144000440556558,10.756284682452677,10.365229952335353,11.087726058065892,11.392240402102471,10.407836579531427,8.240383580699568,9.543353555351505,11.979503184556966,11.489195202291008,12.583527711033817,13.935443568229672,13.80084429979325,7.83546383973444,12.490687695331875,14.023998540639884,10.064158219099044,13.545969671010974,13.299627020955086,9.471226837486034,10.591498836874958,8.254820835217837,8.39364659413696,9.615634642541412,11.184297305345535,11.485993269085888,10.750134338438514,10.121711673215028,9.631862922385332,10.78736718595028,10.022963710874317,16.800451731681825,4.945111124962567,13.431512978672984,11.094945563375955,10.456280645728118,10.158272520452734,9.414983412995937,10.176566651463512,11.074502219259745,12.399748200178148,11.823066078126434,10.961496213078505,10.927113928832123,7.999637246131902,11.370595423504714,7.499882917350621,9.675673364102847,8.049072084948424,8.641264492273327,7.62187565118074,9.051261200197036,10.609385067969557,11.096079945564274,10.77675873190164,14.439084935188296,10.26799988746643,9.725038444250826,8.42674971856177,10.364415424689652,11.625397193431851,8.851790439523757,9.853570804093035,10.631066401302814,10.420681926608081,13.127181673049932,11.070482160151006,12.240010361373427,9.564647534489632,11.227974310517315,8.786483042314652,16.68016781806946,9.06877880468964,10.031143112014977,10.795474540442225,9.901175490021707,11.164136168360713,11.832135957479478,10.341340384632348,10.913195228576653,12.069019508361814,10.017951422184705,8.600413383729753,12.069505045190448,9.224034073203804,11.34168272130191,11.226988470554351,13.073251334484663,9.90147692263126,9.35194411166012,9.894006874784825,9.427470593154437,9.931351729994635,9.620847419649365,9.550961412489414,9.826839345693593,8.70913463011384,7.843598927557463,10.70775174349546,9.118807730078696,13.736670681834216,7.382223045639702,6.680626619234678,13.841104963421822,13.40154914781451,12.436437153816225,12.009005253016948,9.365461814589805,10.024743665382273,11.567870494723326,10.360363885853442,10.898961115628477,9.49646789897233,10.252537858486175,11.014843669533729,10.83692069649697,8.971198081970217,10.487609761953347,12.496065878868098,10.172410436719654,8.82705492340028,10.678385801799594,8.596455540508028,9.823234682343903,13.631274724006655,14.916352856159213,11.513468247652053,11.570401087403303,9.724276363663378,9.547396307438614,10.748322927951811,10.445481030456722,6.6320463235490035,11.356412234902384,9.196537496894598,11.313437339663507,8.309702519961869,8.207944976398725,11.940270298719408,11.718071183562284,8.98889576205984,11.53524172753095,11.914991102367646,9.969703225791454,9.988626424968242,8.541109879314899,10.83399958759547,11.27386579681188,9.405297519266604,10.22124285399914,11.258409750647845,12.849827428162104,8.677593263238666,10.116069507971417
2065,9.90159931480885,8.615060031856407,11.054160885512827,13.083953791856771,10.422132625430827,9.615213395981124,9.409850092604755,8.234411530196672,8.504764297045767,8.606098257005218,6.372780785337088,9.570995943248272,11.306604325771334,8.873621708154673,9.928761423379182,9.513646569428964,9.939917444437734,10.28724194839597,9.198429545760156,7.110162769537416,8.716311573237181,10.97372746169567,10.435132831596999,11.668716329336164,12.23783622980118,12.847249959409236,6.523956256732349,11.473482845723629,12.154739058017729,8.844373869150878,12.315800230205054,12.484091809391977,8.567150875926014,9.376063310354954,6.932082127034666,7.532509574294093,8.250798372179274,10.215904625330593,10.416412607580417,9.593633810430761,9.1122196495533,8.717649622261526,9.560554206511014,8.718603771924979,14.383676314353945,3.522285525500775,11.316951856017116,9.902160061895852,9.183596507832409,8.947962839156382,8.575815761834388,9.07873667348176,10.259966295212513,10.93245233297348,10.89933006465434,9.850024238228809,9.841525183618078,6.740607845783235,9.647684161365035,6.19939573481679,8.721476008929312,6.74455117606558,7.536023849248887,6.486252735182646,7.760823114216325,9.355612792819743,9.917932075262069,9.98461761567742,12.673472034931189,9.299748896807433,8.413742147199816,7.082756876945496,9.106618284061552,10.53709354400635,7.939951404929159,8.731354984082278,9.458822752535346,9.272123933583506,11.913616477698087,9.974581477046014,9.828337469324467,8.249157011508945,10.136756698787206,7.505128043890001,14.135360920429227,7.8375800586771245,8.728744706884024,9.528506115078924,8.564932917803526,10.00692382836715,10.763184538483621,9.258385703712703,9.999275301396855,11.116081252694126,9.201253776997332,7.3180624678730934,11.275562119483952,7.864853342063727,10.575320126116283,10.117898554168645,11.380482989177105,9.07350295595825,7.984165436215699,8.91851241029799,8.050595692358915,9.060437764227391,8.44321530060843,8.201921765878797,8.529240537434815,7.324908150732519,6.601362057775257,9.62353000640869,8.039000359736383,11.72446521371603,6.058161444682624,5.438860278576615,12.62787755709142,11.19484279518947,11.575725048780443,11.21170447282494,8.472932220809161,8.740178813226517,9.984717398881912,9.187714038044216,9.835625945031644,8.464265431463723,8.953383452072744,9.886381825804715,9.643675947934389,7.678067893069242,9.204620041698217,11.503782279789448,9.37360248696059,7.693721559643746,9.584028767794369,7.725385520607235,8.553519912064079,11.455008339136839,13.0759969830513,10.442382813990111,10.565386697104994,8.41292035672814,8.272650305181749,9.900228286534551,9.349269406497479,5.334324488416317,10.558288926631212,8.085514157265429,10.478958448581396,7.222895997762679,6.850050479173663,10.89807828068733,10.825739867240193,8.120265164226293,10.493480003625159,10.933434118330478,8.631271464377642,8.595654636900871,7.24476162195206,10.030562946386638,10.307479575276382,8.512379961647087,9.361634237645195,10.17846495732665,10.4321325480938,7.4305733926594275,8.964473459124566
2066,10.446040773391722,9.18107877075672,11.618031969666482,15.100163409113886,11.775993312522766,11.453885877132418,10.75794379301369,9.332497189939023,9.081602068245418,9.781699278950688,6.713977004960182,9.900436341017482,11.835536375641826,10.040913296816866,11.28073680438101,10.894320181012157,10.298025954887272,10.556060457229616,9.55504257567227,7.60458924025297,10.071204496920101,10.976523286104207,12.278143539838496,12.160664844512937,13.340677052736288,14.507199954986575,7.562872880697247,12.054440350830557,13.413545167446136,9.186935554444785,14.464894169569018,13.656587052345277,9.904722859477625,9.738868702203035,7.322748598456386,8.94065199866891,9.257639826834206,11.821342178061604,10.762904784083368,9.908021560125054,10.007206237316137,10.051151688396933,9.946042267791931,9.747823635116216,16.571081471443183,4.704461853951215,12.760663959383963,10.313469427544621,9.566222654609014,9.229443655535581,9.956639470160003,9.32054639504058,11.623140988498925,13.535330643039202,11.36762849390507,10.394649583101275,10.364678610116247,7.077906794473529,10.808079779520638,7.257662497507407,9.75364402122796,7.796676639840013,8.07954238578677,6.978912789002061,8.114696611464028,9.762400069087745,10.286473637074232,11.346642645820978,13.776896351575852,10.563256291951982,9.091475617885589,8.139881377853454,9.593045932799576,10.780444079637528,9.145708733424545,9.33856235444545,9.958885185420522,9.961862107366326,12.901801693439484,10.240254031121728,11.576518864929678,9.336621524393562,10.538429678976538,8.505668978393082,16.467575287818903,8.214264452457428,9.103651098906997,10.691826273128388,8.969208754785354,10.280430822074411,11.005464690923695,9.923678746446965,11.559307465329773,11.637308418750766,10.572480091452597,8.459458046965306,12.524899549782281,8.92165281772613,11.913220904435724,10.770053229480983,12.525681507587434,10.415637362282723,9.06260315924883,9.830181653797629,9.069113019108775,10.464957842230794,8.71802893348504,8.621105873864149,9.570158219337468,8.402546750009057,6.929590367339553,10.253027309104798,8.62993416339159,13.196305045485502,7.1115916363894955,6.012199438363314,14.844290888309477,12.730854508653291,12.016309493780136,12.455215106904506,9.922770481929183,9.263454483449461,11.230670330300928,9.453886038810017,10.419466245919459,9.217419820651408,10.072926323115833,10.370706090331074,9.997748732566837,8.312237916886804,9.898404401168222,12.04698996841908,10.713882939890025,8.27435025312007,10.12532871300355,9.118389111012224,8.92053419351578,12.946029366552832,14.264606571197508,10.705515789985656,11.095470454869794,8.796438591927288,8.644247259199618,11.276699238270528,9.965459653595463,6.265567317605014,11.936763856932524,8.640124352276327,11.806626444682479,7.767226592451334,7.558610566798596,11.201479655504233,12.369456816650928,9.502537037432198,11.100646391883497,11.489400103688238,9.092677817866207,9.706436320394278,8.279187160357832,11.393078707531101,12.012750585004682,9.959851811826232,10.813752799108626,10.790624178200956,12.162577136396429,8.40537181794644,9.60490709058941
2067,12.441233301162722,11.29059250056744,14.083283162117004,17.44227499961853,13.936477680131793,15.548141266405585,12.94917732996401,11.457992441952229,11.258790276572118,11.925343084335328,9.544844594341706,11.990657651424403,14.079989004135134,11.903196884319186,13.46941651590169,13.13057883530856,12.329136827588083,12.51596515774727,11.730202928651126,9.858833405375481,12.292868965119126,13.501270532608027,14.749323271214962,14.34896431565285,16.27843043804169,16.192167091369626,9.637880191951991,14.471769249439243,16.387230849266047,11.352957628294828,16.89853101372719,15.5776665866375,12.132128275930876,11.902738656068687,10.036636744439601,11.262371381925186,11.368091146647929,13.762821067869671,12.754001814126978,12.00472366362811,12.434276253124704,12.277874131500715,12.152737433463338,11.818208902888001,19.355744123458862,6.973908984661101,16.183440804481513,12.478242778778078,11.7694836974144,11.785281846672301,12.286468735337262,11.870943392254416,13.80789113435895,16.420660188794137,13.61881323456765,12.446620076894757,12.814091884344814,9.773237682878975,14.031066419556733,9.37762482017279,12.162207861058418,9.936964335665106,10.307548835873602,9.30280414968729,10.73820681869984,11.978328587114813,12.348346343636518,13.529571145027884,16.63200886249542,12.711084820516408,11.25652298033237,10.245851478166887,11.948141865432259,12.725218719244008,11.497351614385838,11.482322010397915,12.341038017719987,12.676071067899468,14.844573712348938,12.2331084728241,15.49827830977739,11.467796879261735,12.541555273532861,10.54395952671766,19.426058721542354,10.372377808392049,11.357267298549415,12.585393979400408,11.267097848653794,12.320116192102434,12.901781022548672,12.493118147552014,13.66249905638397,13.955462944507605,12.789247407019136,10.682234741002322,14.549819821119314,11.009635289013385,14.055226425081504,13.412665861099958,15.599203005433088,12.654165405780082,11.174147874116898,12.286426335014399,11.208804984390733,12.782432221807536,11.296485648304223,10.939090777933599,11.653633736819032,10.507765466906129,9.507294824719427,12.80136523321271,10.75153682306408,16.514586627483375,9.194236672669648,8.504165327548982,17.32890549898146,16.279496246576304,14.127263569831854,14.5052832186222,12.310332683473828,11.447040241956715,14.238995452225206,11.924837615527212,12.930184908211228,11.714288598950954,12.206109232385648,12.471395707130432,12.133135925233365,10.662949196249253,12.013093262165778,14.41796891093254,12.919421704113486,10.531919842958452,12.2103175163269,11.41098906844854,11.1145718164742,16.44773082733154,17.202321195602426,12.632803213596343,13.53670003414154,11.058145159482956,10.866124676167964,13.50455848798156,12.075481677055361,8.419579773396253,14.10103846241255,10.856021946668633,13.911197790503502,9.96249239444733,10.024025507643822,13.043954378366468,14.576556252688164,11.801778897643088,13.603480577468872,13.901719874143613,11.442929432168603,11.8160973623395,10.374983574822547,13.61034762971104,14.311327738128607,12.327955216378914,13.054020816087725,13.356475406140087,16.05464669317007,10.30058145523071,11.775321306288237
2068,11.167807197570806,9.921044544130563,12.53316700570285,14.775540041923524,11.94114882126451,12.18751304894686,10.94625171869993,9.56573246512562,9.831575664877894,9.947187644988302,7.528676003217699,10.87557270713151,12.67198027968406,10.165693594515322,11.562300734221939,11.098397698998452,11.199915938870978,11.496477749943734,10.551515703648327,8.318944480153734,10.312381255533548,12.35592793822288,12.229172460734846,12.987100630998617,14.059352207183839,14.318233662843719,7.81045370660722,12.937328246980915,14.010129988193517,10.191449083387852,14.09692212343217,13.951235437393189,10.166108791437006,10.713945087045435,8.10367661193013,9.217649435438217,9.58697756482288,11.785032807290552,11.628652948141097,10.88210817798972,10.684240311384205,10.240190289914603,10.951564090698957,9.988203347474336,16.632824945449826,4.903225693479178,13.41025736480952,11.264027175307275,10.576218909025195,10.00128328613937,10.172533154860142,10.046707908436655,11.783931525051598,13.049557942152024,12.233549413084983,10.851684153079987,11.319565814733508,7.8519825860858035,11.64419216215611,7.487157454341644,10.31249979734421,8.038296674937007,8.84815000146628,7.736721401661635,8.886628194153303,10.754788843356073,11.209686828032137,11.530557579547166,14.554394531249997,10.741839166730639,9.785440286621446,8.402584620192652,10.5699820112437,11.72535154223442,9.557903306558732,10.071377618610859,10.919057318754493,10.914700523763894,13.617924576997762,11.198562967777253,12.280114725232133,9.554464673995973,11.378449130058286,8.74380154232495,16.5060488820076,9.198829889297489,10.15443740151822,10.828437107056383,10.022287079924713,11.262427076697346,11.927970552444457,10.816071927547453,11.644035838544376,12.517287631332875,10.773572702705872,8.702685270458458,12.788710272312155,9.17885863408446,12.070568256452683,11.725094763189556,13.292415989562874,10.655946504324673,9.325094779767094,10.501521619409326,9.389423049613837,10.680784844793386,9.479369272291658,9.682144249230628,9.809728221595291,8.645973837375637,7.687438292056323,11.175148932635786,9.323705131933092,13.760125730931758,7.353626361489295,6.584539323300126,14.430460864305491,13.409307757019999,12.838892728090283,12.684257482923567,10.220346476137637,10.112121065333488,11.87838416099548,10.208177985996011,11.353805997967719,10.027358671277756,10.308375991880897,11.180671310424804,10.973873280175027,8.935890813777219,10.536408786475658,12.947086428105834,10.934442976210267,9.051213193684813,10.879698488116263,9.367178661562509,9.94165327074006,13.626388095505536,14.896674311161044,11.614443111419678,12.019141407310965,9.852653287723664,9.672349081188436,11.463576850295068,10.64342708513141,6.565999742969872,12.070019367337224,9.407613795250661,12.0121603898704,8.52052779300138,8.10314537957311,12.048014909029007,12.406944161839787,9.765868884325034,12.013828898966315,12.3863106910605,10.12245041131973,9.942458118498319,8.514366117119792,11.578628246486188,11.970894947089255,10.188774303300306,10.962309639155867,11.727006939053535,12.871881394088268,8.60482206810266,10.34485006537289
2069,9.4161362528801,8.131485855579376,11.07661249749362,13.976459413766865,10.3509280152619,11.526984414458273,9.307062991335991,7.982168379798535,7.96395286656916,8.395369806420057,5.79199180752039,9.270855107903477,11.30973884239793,8.715340226143594,9.873565126955508,9.406529964506628,9.675124084949498,10.03394729588181,8.883587714284658,6.60353789888322,8.630481585860247,10.748029781878,10.880166570842269,11.675878205895417,13.360276269912726,13.023517724871635,6.282441265136005,11.532203063368797,13.601837944984442,8.535030777752398,13.32907505333424,12.490000022947793,8.45061008371413,9.079904922097924,6.428622849285605,7.441500548273329,8.027815875737003,10.264422903954983,10.067953342944381,9.294581186771392,9.060282362997537,8.584298762492832,9.297948866710064,8.47360159829259,16.954899585247055,3.2870878614485264,12.982546299695972,9.653064703941348,8.908102700859311,8.424754147231578,8.437773421220488,8.488541655242448,10.166799882054326,12.241765424981711,10.94659429714084,9.498738656938077,9.788301813602452,6.20987712740898,10.514471817761661,5.964945827738844,8.674029318615798,6.502219182252881,6.9896111011505155,5.95784255824983,7.2745513554662455,9.048127256333832,9.684899339079855,9.906720578670498,14.009761857986456,9.165364330261939,8.146866775304087,6.827958151698115,8.881703267991544,10.288336324691773,7.872070439904924,8.199039576947689,9.314367781765764,9.250853588804608,11.56755995154381,9.693554626777772,11.679711579158909,8.014956641569741,9.755500482022757,7.267377473786475,16.867254030704498,7.533811547467482,8.445138551294804,9.348713128641247,8.285223844274878,9.730770395835872,10.525260493159294,9.228643894940612,10.008785007894042,11.132503480883317,9.116062178462737,7.084858547826293,11.248969953507189,7.640142535604538,10.484590791165829,10.10834070444107,12.34666927680373,9.007338259741669,7.764894845522941,8.846158923953771,7.815462792292239,8.953227576613425,7.894146402925256,7.9292626426089585,8.298559087654581,7.102253703400498,6.0905979350209245,9.610005199164158,7.507417764514689,13.262570470571513,5.820653854683043,4.975817216932778,13.67433824688195,12.875739953666923,11.615665182471274,11.152689917385578,8.399049958959221,8.46112431101501,10.821344712376597,8.676615807414054,9.83048970550298,8.444378515984864,8.726113898307085,9.43484086915851,9.338267510384323,7.281634236499661,8.943975938111542,11.511239469796418,9.293934425711633,7.14401590153575,9.072681368887428,7.649191157892346,8.266413804888732,13.127656519529415,14.544176816940316,10.212110185623166,10.585501855611803,8.131172412633894,7.982723587378866,9.798905891552572,8.808679892681546,5.058858358673753,10.48924008756876,7.538304000347857,10.400593847036358,6.681844727694992,6.473159593343733,10.673929959535602,11.048987208306789,8.047555759549143,10.482159972214138,10.944501525163652,8.322398540377616,8.400205508992077,7.006424476206307,9.926318273693326,10.670165146887303,8.403256129473451,9.415988963097334,10.172456794977188,12.269888737797745,7.246648410987113,8.442997120320797
2070,10.053451751172547,8.726866407692432,11.052421025931832,13.324145704507831,10.856654223427174,9.864724062196908,9.788715631887317,9.001846457272768,8.675690652430056,9.334722110629082,7.081339934468272,9.53506064340471,11.284800390154121,9.528594122990038,10.372918915585617,9.921564469113953,9.854405584745102,10.266428992152207,9.12193786739372,7.476354613900179,9.082076524267908,11.14580590426922,10.771724864095443,11.651876647770404,12.366019487380985,13.191228258609774,7.255053869076077,11.433646334707738,12.341569763422005,8.798006678605455,12.51627287268639,12.99151902794838,9.005427297577263,9.284990633651613,7.711298767477272,7.931696213781829,8.972957395017145,10.59358797706663,10.442750288546085,9.53021641373634,9.235083954688166,9.160506696067753,9.530251244828099,9.443321469053622,14.480137312412264,4.289441936463119,11.511910584568977,9.909330728650094,9.165522658824923,9.624988842010492,8.952924782037732,9.657821933086964,10.655737635120744,11.122969069331894,10.907841087132693,10.470952337980268,9.841035623103377,7.469961953908209,9.718448318541046,6.9348423041403295,8.907644987851388,7.487402801774444,7.718003423511986,6.82499465048313,8.54321266040206,9.27814249545336,9.847972956299781,10.353759098052981,12.855575275421145,9.776292758155616,8.727099512144921,7.8440693281590965,8.992599498853085,10.511317603290085,8.235684452950952,8.902234965562819,9.408041649684307,9.229259797930712,12.446155446767804,9.936370591819287,10.037228436023,9.001042002439496,10.199126751720907,8.219114434719089,14.227546453475949,7.8226419426500815,8.70228921584785,10.17409187331796,8.541239023953679,9.973046010732654,10.747858375683425,9.210158379876527,10.397536088898779,11.111049563903372,9.552476643986306,8.042137650772933,11.729418012499819,8.644952820800247,10.939343515504154,10.086531855165962,11.456986664980652,9.450665275705983,8.77506480962038,9.073292933497573,8.787106023728851,9.494983069971209,9.075089435279372,8.186457943171263,9.266065640002491,8.12059749364853,7.32167984992266,9.576531892828646,8.213474985212095,11.932240810990335,6.796056494861837,6.129924119636419,12.830607509613037,11.398772475495935,11.577143746614455,11.657901078462604,8.934245542134164,8.881667488813402,10.086645153909924,9.84845092073083,9.833474017679693,8.523245269432666,9.666535453498364,10.011042897403232,9.578191639482977,8.258023393154147,9.570471279323103,11.488138631731273,9.738586025685063,7.881342818960549,9.746341468393807,8.125926618278031,8.527828374505047,11.676403759419916,13.285254931449888,10.39805829524994,10.57569213099778,8.39126693308353,8.240424551069736,10.313968109060081,9.51033329926431,6.042528768256309,10.961058732401579,8.259690783172847,10.917375922203068,7.404145415127277,7.638369327783583,10.848180903866886,11.161986866593361,8.5175150545314,10.470208912342787,10.896337084472176,8.525111734122039,9.411870489269498,7.980533122271301,10.380862618982789,10.629611168801784,8.949890901148319,9.723075319826604,10.154942482057965,10.653899877518421,8.133109758794308,9.123902610503142
2071,10.776095201587303,9.549011265859008,12.56170089840889,14.92706807851792,12.061609160713854,11.669452938437463,10.996816700696947,8.984056280553343,9.391163752228017,9.43886804133654,6.712622627429669,10.701596805453303,12.68752022981644,9.828461502492422,11.635892290621994,11.128290846664456,11.041895849816504,11.355411949753764,10.362837147712707,7.815975299105043,10.349529503704986,12.09621862769127,12.36140236593784,12.993254613876346,13.797418981790543,14.36412456631661,7.267527807224542,12.923471587896358,13.69850093126297,9.984898461820558,14.208354341983801,14.040132129192363,10.125275731552396,10.53947446979583,7.2293178897351025,9.257935736654327,9.04581130631268,11.765890553593632,11.448825806379318,10.712862566113472,10.695618499442935,10.195314189419154,10.773916816711424,9.470356319658464,16.574169540405272,4.404834706708787,13.079373610019678,11.076314915716647,10.396569266915325,9.289477220177657,10.21008221736411,9.46920124609024,11.857335305586455,13.195480212569237,12.299407798051833,10.398198783397671,11.303388961590827,7.059199486672876,11.411462667956947,6.96837657195574,10.340603212267164,7.553226916864512,8.387720541795712,7.207766588777309,8.06681414258201,10.551632817834614,11.08573928102851,11.59616384059191,14.269273257255557,10.60136599866674,9.390166923869407,7.806087666284287,10.45248407311738,11.60414568185806,9.592761678248651,9.601496075093744,10.838077034056194,10.936397215351462,13.083732736110685,11.050771343708039,11.787369052320717,8.996275845915083,11.141584363579744,8.24202278107405,16.442263114452366,8.962665550783278,9.977452782541514,10.488883313909172,9.844044957309965,11.111820176243784,11.803987354040148,10.841010516881942,11.684416009858253,12.556180220842364,10.809615634521466,8.268341015279294,12.86950207948685,8.623588204383845,12.13724674507976,11.73973950222135,13.04624894708395,10.715277721080938,8.733089470118282,10.510694817453631,8.809473842382436,10.758581485226753,8.798870161175723,9.492116952687507,9.26302949227393,8.062821346521378,6.973649705946447,11.16949305366725,8.894999575614936,13.403012329339983,6.800567242689432,5.944217893481261,14.604484581947315,12.991217201948166,12.889722716808325,12.774537733197214,10.30304787987843,9.825414372235533,11.71076393593103,9.522034053504466,11.376342587172989,10.052387481182816,9.814439158048486,10.850687723606828,10.772985984385013,8.297993908356876,10.159043330326673,12.957148316502568,10.993063518777493,8.547639162559056,10.472590430080892,9.422502739820628,9.751959706097843,13.24538799226284,14.613056468963629,11.506021514534956,12.063565854728214,9.661471345275643,9.46663619759492,11.527256468869753,10.227662065252662,6.069393180310728,12.164841273054474,8.967958025634285,12.054880511760706,8.068024037033322,7.317088703438645,11.91396292448044,12.488519546389579,9.819154734537001,12.043793279677637,12.434344023466107,9.898988076578831,9.364562534471048,7.973491946049037,11.614839856140316,12.058925625681876,10.253306653397157,11.026825806871058,11.746563394367694,12.404458824917679,8.220126196742061,9.903512333706022
2072,9.429670845717192,7.977473810128869,9.84369056895375,11.857961916923522,9.268861635774375,8.182452492136509,8.225847632624209,7.35269974693656,7.937215350987391,7.727187197655442,5.011040636152026,8.622759253159169,10.178053329885007,7.861367524787786,8.729937342926863,8.274521775916222,9.016118794679638,9.41128263063729,8.202981902658939,6.352807162329555,7.519618476927278,10.240942752361292,9.105885711312295,10.579155477881425,11.119829922914503,11.589109840989115,5.671389688551427,10.263893214892601,11.130164206027985,7.869293871708211,11.050748735666271,11.466282024979598,7.380627181753513,8.37723629139364,5.6784356663003575,6.268042471632363,7.401037194440147,8.940431975573306,9.70458682402969,8.626938353478915,7.841886631888336,7.564759865927049,8.559899158310149,7.862139075994493,13.406134808063504,2.535872764140367,10.184024554491042,8.936157284304493,8.214752816036341,7.69483300745487,7.285753617063169,7.797202892601486,9.070973133947701,9.367977467924364,9.801606312394142,8.870150756463406,8.64939062520862,5.470593232102689,8.292666389048101,5.328244730085134,7.4580707885325,5.842983216047287,6.935089658945799,5.734246782865376,6.551249627768992,8.352007304131988,8.992109529301523,8.802166057447902,11.556378400325775,8.23894038181752,7.508589174039661,6.218687003105879,8.026703862613063,9.683749594539405,6.695340703148401,8.191401459276678,8.332091578794643,7.915666439884805,10.608566039800644,9.054362532496455,8.440513837337496,7.396420101821424,9.46486513018608,6.670079731568696,13.093555653095246,6.888865088857716,7.720735057070854,8.524439854174855,7.544491243362428,9.094461070001119,9.938898254930969,7.977996538393195,8.717269609449435,9.969212818890812,8.00035717859864,6.34332710802555,10.180910693667828,7.01054457081482,9.420679652318363,8.78292046263814,10.124890001118185,7.879967345669864,7.146666576829739,7.6647865826264026,7.192770670354368,7.810768508911134,7.16525403894484,7.1793879080563725,7.699467147141696,6.4564040230121424,5.419277933239937,8.338795341737567,7.48480285257101,10.586087679862977,5.199005518853662,4.2742461219429995,11.320765185356148,9.950115880370143,10.54750099182129,10.114412818849086,7.165322152525188,7.785735664144158,8.68804635247216,7.977608413249253,8.591958358883858,7.213328329171054,8.044728643447156,9.271562843024737,8.670292538031932,6.72151153534651,8.29031874071807,10.30831605605781,8.189513428881762,7.106108933687213,9.074766644835474,6.50339840240777,7.568506591022009,10.257396239042285,12.109024715423583,9.568797702714804,9.372791214287279,7.4005424335599015,7.285753765702251,8.686994172260167,8.820573811419312,4.379595828056335,9.379980178363628,7.493650597333914,9.338084239512682,6.635545605234801,5.773918633535506,10.072948746383187,9.640042149089275,6.891082618013025,9.2426741593983,9.735409441590312,7.558396833576261,7.751577439159158,6.400091480091217,8.831230796966711,9.083530780175353,7.228301917761567,8.156183410063388,8.897857370041319,9.073484181612736,6.604445499158466,8.454618601873518
2073,10.82691647531465,9.719959992915394,12.168010046333073,14.44386513829231,11.335907140374186,11.658628859370946,10.372803062200546,9.364279455132785,9.548994789272554,9.704457216337325,7.071959084272388,10.83043841607869,12.32559656500817,10.059117183089262,10.971061888337129,10.487384442985059,11.19053618088365,11.44551640376448,10.528659253939981,8.017423282563687,9.748580216430131,12.096730610728267,11.751968330144885,12.630088314414031,13.738259544968608,13.896780689060687,7.651517184078696,12.561906572990125,13.699889850616447,10.152586943656209,13.776347905397419,13.390832448005686,9.610922939702869,10.70973063223064,7.584242406487464,8.609142748638984,9.428192190639674,11.320155673474082,11.467826507985595,10.872232160158463,10.190761566162115,9.704531466029577,10.883955696411434,9.834051561355595,16.445084357261663,4.837570141255851,13.112976004183299,11.15195483006537,10.51757499838713,9.600730428099627,9.572071893094115,9.701383748743682,11.209648595750332,12.76003206819296,11.89752368330955,10.622347041964536,10.950872776750483,7.403279657661912,11.19149117637426,7.3380738645792025,9.79599599130452,7.9267970561981205,8.589794781804082,7.437783087231217,8.392070746421812,10.710520710132553,11.196918867528437,10.979737804085016,14.175726103782655,10.32350427508354,9.662340757995846,8.200072954222557,10.437624964118008,11.653468731045729,9.006127091730011,9.748516669496894,10.702581947692666,10.480736157856878,12.885254415124654,11.18634952483699,11.804037795215844,9.329544122889633,11.190987066924574,8.615704038110565,16.28842004537583,9.1421422034502,10.089926110953098,10.727291548252103,9.963205227255823,11.196732532233,11.846136403083802,10.426413486897953,11.094625291228295,12.174265521019695,10.209823579899972,8.463228040933604,12.229819358140226,8.9995176255703,11.510491299256689,11.302991034463053,12.92877202555537,10.103016329370446,9.142086976580325,9.9990223005414,9.210619670152667,10.067827917728573,9.083257795870306,9.619099043309685,9.607918239012362,8.476557547599075,7.275394014455375,10.748069688305259,9.081664951518178,13.353895936161274,7.2067923605442035,6.256762730702755,14.115168910473582,13.03135319519788,12.520280194282524,12.113664145395163,9.60338661074638,10.043129324167968,11.451699657691647,9.804520162753757,10.96216881591827,9.597162291593854,10.072248135507106,10.927485245838763,10.923348476458342,8.62640672177077,10.407561011612412,12.558062783628703,10.396423918381334,8.754600839316847,10.558762736525392,8.802126009389756,9.884520492888981,13.25922697782517,14.626148563623426,11.605140398442751,11.634804469347001,9.790775405988096,9.617119065672158,10.857255131006243,10.378866612166165,6.4492665261030195,11.498100136220454,9.139821765944358,11.427212344878356,8.26934561133385,7.717547412216662,12.022110143303873,11.918781732767817,9.184569355950227,11.637865858152505,12.04354740008712,10.087982945889234,9.759397725015885,8.328949959576134,11.003990709036591,11.513574571162462,9.55148531496525,10.42769950553775,11.316792082879688,12.434710949659353,8.545507565047597,9.982134062051774
2074,9.12162452600896,7.862867166846991,10.797706837207077,12.687642526626586,9.974284363538022,9.88260869733058,8.939209883660087,7.636920078285039,7.583138472097924,8.054722049832346,5.02406960725784,9.256871169060474,11.066121698915964,8.386925462633373,9.510653739422564,9.004105726256963,9.692186327464878,9.99588796198368,8.902668935060499,6.103864285349841,8.284940277785065,10.704813200235366,9.988050597161056,11.420708709955212,12.268191626667976,12.550110381841668,5.952110136579721,11.223649748414758,12.291978055238719,8.527331436239184,11.94003613591194,12.183692979812616,8.088661190681158,9.096969482302665,5.671444179117685,7.069635596312578,7.681783287227155,9.819685668125747,9.914178720116613,9.301922889053817,8.772762620355937,8.214559009671206,9.258071963489058,8.157723272219307,14.633749139308932,2.9180951535701767,11.539672711491585,9.600736859813335,8.865688956528901,7.694930072315036,7.999742018152031,7.849916173517703,9.760506835579871,10.463351484574382,10.674643013626337,9.054131311178207,9.565760293626223,5.4723455794155615,9.60449693724513,5.606690492480995,8.344736126065257,6.1366647560149445,6.573740690946577,5.456017303653061,6.536931844800709,9.072373742982744,9.694709600508222,9.525373858958487,12.755021089315415,8.829034601151946,7.967495363391931,6.473441701382404,8.850381104648124,10.25371571779251,7.518001972697673,7.845255165547132,9.196175732091065,9.009254315495493,11.507156020402913,9.685150776058439,10.078582759201524,7.65840602081735,9.564597590267661,6.947896363982002,14.406231117248542,7.466280176490542,8.399428950622676,9.026955733820795,8.233334835991265,9.69277420341968,10.488778594136239,8.998194791749121,9.585814476944504,10.869714539498096,8.76046078689397,6.712600100785499,10.909643341600901,7.28774730723817,10.095204151654618,9.853743571415546,11.35595431029797,8.639823924750083,7.392221295274785,8.527298632264142,7.465165648655963,8.548990098387005,7.198474634950981,7.862195874750611,7.966388660669322,6.725986124202608,5.393438122794033,9.347834266722197,7.1355631092097624,11.958343530166891,5.479296340979639,4.412436592578886,12.230271476507182,11.367237187922003,11.351433891057969,10.794065162539484,7.9975383538752824,8.369811470806598,9.893830116838222,7.975570683460683,9.562130721844733,8.14362600632012,8.381282209604976,9.158885853365064,9.349353696592157,6.769298121146858,8.75844529643655,11.238019055500624,8.928467334015298,6.732510306686164,8.731848652660847,7.288821330480275,8.22438005546574,11.63265109639615,13.208986598253253,10.191631336510186,10.312271832674742,8.074719417840246,7.942943261377522,9.401609330251812,8.477276719361543,4.678559656720607,10.088536392152319,7.13322710315696,10.042561547085642,6.271225178800525,5.877715148869908,10.676223325729367,10.374386460753156,7.676750970631842,10.239588306844242,10.670966645702716,8.334677338600164,8.010509061813355,6.667406979575752,9.542427883669735,9.885282174870373,7.985752708464868,8.92101639471948,9.918708576861537,10.668773887306454,6.946533576771616,8.130789161659777
2075,7.591946818493307,6.132977391500028,9.412906675040722,11.590029278397555,8.288037186115986,8.674447141960261,7.309742208197713,5.650487882643946,5.855292836204174,6.056663772277535,2.581331801787021,7.62244002688676,9.780925014615061,6.362351829232649,7.809509917907421,7.33904127613642,8.044030544534325,8.506192505359655,7.163086475245658,4.2631532065570354,6.642356411460787,9.280032819509506,8.458756657945923,10.18840569853783,11.374062836170193,10.665212610363964,4.010609054192899,9.880992771685127,11.57001327872276,6.8284256938844905,10.895381411910062,10.658969001472004,6.431436286494135,7.3480711305514035,3.340027268975972,5.373147874325516,5.75379930362106,7.916260505747056,8.395104379206895,7.647172315418722,7.206021108292047,6.492742144316442,7.559702299721539,6.219383298791948,14.300105941295627,0.6472207868471778,10.703794458508497,7.950475010171066,7.136025020293891,5.506576695293186,6.304774823336628,5.5881499167531725,8.110787083301695,9.342756343074143,9.421979635953905,7.111128091812136,8.08825055707712,3.1729361541569228,8.258513689506797,3.6005561441183103,6.736065934132787,4.089339305460458,4.836064568953595,3.600180643517524,4.315109804272651,7.265475068520755,8.003036068007349,7.867569950781767,12.049819910526276,7.080016492307185,6.164197576418519,4.526331955194472,7.020493342564447,8.790288311243055,5.8905510604381535,6.152289934456348,7.524776966869834,7.39329278022051,9.371934889256952,8.140568133071067,8.94475954249501,5.669338458031415,8.026381677016618,5.04111930094659,14.059402394294736,5.7815588770434285,6.611614800896493,7.005128289386628,6.401884622126815,8.149698857776817,9.07194124460221,7.475646829907781,7.750065826857464,9.56696985960007,7.1047528889961615,4.6778728823177556,9.31612276956439,5.332938532531264,8.483762239571663,8.292147200740878,10.224292528629306,6.973639367986474,5.4386142320931,7.012177640199662,5.517891562730071,6.797185238404198,4.964467248180883,6.01050318107009,6.026276388391854,4.747929736971851,3.2123991057276724,7.842468164581808,5.41454319991171,10.96710276901722,3.517713157832626,2.1254875503480415,11.1435458034277,10.43833655137568,10.197422784566887,9.218450441956524,6.159200780093672,6.577273131883705,8.611548070050773,5.872225092444568,8.137464108318088,6.660596289858221,6.445865069702269,7.52969271605834,7.633110242895786,4.775404812395574,6.934516480006279,9.888230475783349,7.277091466262933,4.978785517998039,7.1247865013778195,5.586099860817192,6.498170679621403,10.735457427799698,12.576655852794648,8.697414486110215,8.948741342872388,6.282028434053062,6.196918087126685,7.731747568884755,6.754801290109755,2.5867884243838475,8.407938329875467,5.386370201036334,8.45597708672285,4.555858324095601,3.6914234947413185,9.21546405851841,8.94297129511833,5.974519496131689,8.794443041831256,9.306743686646218,6.387765844166277,6.02611829806119,4.722325143218039,7.887201641872521,8.442476107180116,6.219449716061357,7.325763322133575,8.423154102242547,9.599396695569165,5.015552854910491,6.4405667397659325
2076,10.193086837232112,8.711437000334262,10.732644864916802,14.272178208827967,10.837940467055889,10.383429744839674,9.726879457384353,8.689219287782908,8.781674294173715,9.044831168651587,6.716062168404458,9.182199081778526,10.995698177814486,9.44204682782293,10.301217160373925,9.847022022306927,9.537365279346712,9.936006861925126,8.76160189919174,7.3832733534276445,8.99393031634391,10.786993891000753,11.211376429977825,11.373361039161683,12.584188354015357,13.65948776006699,6.951419939100745,11.172440555691725,12.727323973178862,8.431050427258015,13.49349073171616,12.902183848619458,8.870122301392254,8.935913122072822,7.357770308852196,7.837126517109577,8.675787213875452,10.864185914397238,10.330147171020512,9.158880596049126,9.005366508662702,9.06025046184659,9.143176924064761,9.108992995321753,16.42339806556702,3.9533653512597082,11.982765674591066,9.562171272933488,8.812827032804488,9.311477862298489,8.892476533353324,9.341215959191318,10.618307572603225,12.30824783779681,10.61702262163162,10.1679253578186,9.504795151948928,7.124618269503118,9.792367577552799,6.6194884896278365,8.732923880219463,7.159463725984098,7.779728370904918,6.768010623008013,8.20267157070339,8.924143788963562,9.549200059100992,10.31695956140757,13.244509923458097,9.636588769778609,8.37900110972114,7.533184338361023,8.69723637942225,10.202399984002117,8.101086770370596,9.035590681433684,9.083381907641893,8.905893826484679,12.897387576103213,9.56644498864189,10.557756944000726,8.684859605506066,10.122310680150992,7.90501345992088,16.282073152065283,7.4532499215099985,8.332873770594599,10.05189267629757,8.170673398394142,9.64188395179808,10.451604309678077,8.900531061738729,10.537132504174949,10.802099639177323,9.48972822865471,7.735859467089176,11.652041873335842,8.338884441833946,10.91281554629095,9.756036213506015,11.591275313496599,9.395968055911364,8.482316502556209,8.840113009698687,8.466610926017168,9.441459052264694,8.77563823647797,7.804483235627414,8.949909572675825,7.817728814855215,7.007174029201266,9.269272950291636,8.280749133974314,12.39247668385506,6.484724341332912,5.780447690363504,13.866574400663378,11.847604355216026,11.301496624946603,11.595961469411856,8.860647958517077,8.541509524360304,10.266244489420206,9.553344919532542,9.496921997424213,8.236121590435506,9.390008906275039,10.008904000371691,9.220940346829595,8.014922443777317,9.241265721246599,11.179518896341317,9.67567636277527,7.97125394791365,9.866265195608142,8.050821535475553,8.16369216144085,12.112293654680242,13.679364490509041,10.074228987097749,10.25875308811665,8.013220348209147,7.8656369145959655,10.251371001638477,9.632476369244973,5.710364115983249,10.9480221234262,8.348131826519964,10.826323351264,7.4451370172202616,7.302372090518472,10.556142708659173,11.378064447641368,8.445858644694088,10.14978967346251,10.592901736497877,8.155508175864815,9.141717399656773,7.681014402210714,10.328057035431266,11.00096125304699,8.881948977336288,9.779980491101743,9.833829975686966,11.15548043847084,7.818851530924443,9.294585257023568
2077,10.200307111069565,8.901557338703425,11.664667922817172,13.901199224963793,11.496389915421604,11.046076872944836,10.601362466998392,9.092398189567028,8.777277152240284,9.46385966003872,6.7167255274951385,9.934863570332528,11.875417190045114,9.77341978084296,11.138273962214587,10.732233127858489,10.280671199411154,10.628129167109728,9.56658581569791,7.448083464521912,9.970928220078353,11.364589673280715,11.540169725567106,12.211474168300622,13.256993734836579,14.036372941732413,7.358795043826106,12.08472807407379,13.24734300673008,9.227286088869915,13.164052046835423,13.584605934657159,9.79398045130074,9.728528926149014,7.333585412800313,8.840114317089318,9.086441736668354,11.451381608098743,10.719305777736007,9.948947756737468,9.944328325986861,9.859743138402703,9.969522091373802,9.547094521764665,15.830038750171662,4.421763227880002,12.559279704093937,10.327936714887622,9.565802009776236,9.312331341207031,9.80634272024036,9.368112280219796,11.394070330634722,12.012115035951142,11.45840257517994,10.389665316417814,10.389073448837737,7.117377540469173,10.62803864255548,7.036836004257204,9.67913946323097,7.595328591391447,7.809686499834067,6.807506831735377,8.170041222125292,9.72118740826845,10.250404448807238,11.124504653178159,13.780415982007984,10.360332898050551,9.019613209366799,7.929278176091609,9.506050750426954,10.864196312427524,9.077366625145078,9.009068371169272,9.929225220996882,9.916678438335655,12.743468421697623,10.323674395307904,11.214033486694097,9.06633346602321,10.45234884172678,8.326350808888675,15.661942327022558,8.234095625951884,9.103595088794826,10.421815322339539,8.95136383585632,10.34559925561771,11.088985416293143,9.890940523520118,11.276698599755766,11.698393506556755,10.424124569818376,8.247468793578443,12.39588402807713,8.736323455139065,11.657487620785833,10.749657296668737,12.369498682022092,10.290937869623308,8.862161672301589,9.819367113709447,8.903161986172204,10.273779271543024,8.780926762521267,8.60035289078951,9.341583221405743,8.207107760757214,6.992449680715803,10.230364248808474,8.314044730411844,12.837853064760562,6.8987728562206,5.925763800740238,13.510791984200477,12.465127509832381,12.112661650776863,12.286927843093876,9.779323635250332,9.229705761745576,10.946362162008878,9.551785316446331,10.46424984484911,9.246998365037143,9.850849874876445,10.19385003820062,10.002940660342572,8.223132979543884,9.814673208817837,12.091468514129518,10.556211054325102,7.964575701206927,9.874970500171184,9.025373439490801,8.931039229827007,12.702412958443166,14.182462656497952,10.76643012613058,11.142948717065162,8.805409821867944,8.663607698120178,11.092940355837346,9.602927927765997,6.092644208204,11.645154634118084,8.354633966414259,11.676220436394221,7.502757351659237,7.452149636298415,11.226637428998947,11.875616846978668,9.416687490046026,11.1203930452466,11.536231219395999,9.013306985050445,9.48163641467691,8.05558612011373,11.200272326171403,11.355478411912914,9.779170737043025,10.524231608211995,10.796865580976007,11.817163487151264,8.233744958788167,9.255519647896296
2078,10.30679279714823,9.00102634811774,11.369790869951249,14.169681233167656,11.158969507366418,10.468212720751765,10.26261255573481,9.138264403562061,8.95485329588409,9.399433765187856,6.928869571397084,9.76878266260028,11.602292805165053,9.895633202791217,10.853168389387431,10.391852639243004,10.090008581243456,10.497725062817334,9.372074632439764,7.654070754349233,9.660281191021205,11.509281277656553,11.429500599205493,11.94780215620995,12.883492353558541,13.920757865905765,7.415358029864729,11.780012878030536,12.85818587839604,9.038256665319205,13.373999780416488,13.43279978036881,9.56287326067686,9.530862680077556,7.529191754572089,8.523741342127323,9.101344320923092,11.265595480799675,10.692692880332466,9.78049398958683,9.610722025204453,9.554148638714112,9.80845452696085,9.611218540370462,15.16066545248032,4.444755484163764,12.128490378335124,10.157967413589354,9.38458672091365,9.587020762264732,9.420959002780728,9.632065869867798,11.025344631599733,12.196692930907009,11.201928022457285,10.584959769248965,10.103286562673748,7.3256716534495325,10.19312015576288,7.05799029245973,9.337974526733165,7.617158966511489,7.986538553610449,6.999204280227417,8.386559036001561,9.511621727049349,10.064622152969239,10.7554034832865,13.351877886056906,10.123136824369428,8.902826862595976,7.984012207621707,9.225935758976263,10.737196746468545,8.753776999376718,9.180047161877157,9.652822526916857,9.546160897053781,13.22003841400146,10.198555122688418,10.668402257934213,9.069342933595186,10.458202004805209,8.389869229309259,14.923954844474784,8.069080610573293,8.932492645084853,10.543294195830821,8.758136868104343,10.207330288796221,10.964080815017228,9.539125807164236,11.020219647884371,11.420768073946233,10.081174762919545,8.211185437440871,12.18006982803345,8.801803327910601,11.285947966575621,10.409504076372833,11.949984517693519,9.944799974933272,8.90543204252608,9.497364187892526,8.902528658881781,9.877840642817322,9.031910142675036,8.408373050950466,9.372879696078602,8.247334168851376,7.226295487210154,9.897654108330613,8.499319882690903,12.429318004846573,6.949376600980758,6.081049920618535,13.746969613432885,11.97894409894943,11.88394560813904,12.027182492241261,9.426066726073625,9.083454927057025,10.602969983965156,9.825955826416614,10.160134310275318,8.92799791023135,9.8536584161222,10.284367831423882,9.805744753777983,8.32548453994095,9.75320429280401,11.794866503030065,10.192739351093774,8.143166922777894,10.025847409106795,8.663944917172191,8.75405780430883,12.249918527901176,13.838646602630615,10.647965919242418,10.861464310437446,8.634612551331518,8.469106222130357,10.752678852528334,9.79297576919198,6.184374998509892,11.277764408290391,8.53353285193443,11.400567541643975,7.685593251278621,7.574802049621942,11.076899866759776,11.695163966715338,9.065599890612067,10.805985632538794,11.237483491003513,8.774776154011487,9.51429192814976,8.083237134851517,10.821413629502057,11.277441580593585,9.40474762506783,10.249563495069744,10.47291286289692,11.278781489655376,8.335991812124849,9.366568467020993
2079,10.397789122164252,9.09900411628187,11.364009472727782,15.588701730966573,12.078113228082662,11.103456723690034,10.962185224890703,9.48249733615667,8.990763323288412,9.921384949609646,7.078078215196726,10.139073034748444,11.594671130180359,9.943454557657244,11.535896664857871,11.135213485360154,10.511240077018744,10.819379097223287,9.784025680273775,7.626778508722785,10.210252386331561,11.016474646329879,12.651366169005636,11.945453947782509,13.169960218667986,14.521087747812269,7.732361135794784,11.81105685830116,13.265126895904539,9.427199588716025,14.861235100030902,13.924767807126049,10.053174936771391,9.968959171976893,7.7213754266500505,9.117207665368909,9.471828550845384,11.861654892563823,10.918445637822147,10.13911998793483,9.899007239565254,10.25497341528535,10.12713146694004,9.893761616945273,17.259415268898014,4.835747241973879,12.60575684309006,10.486687384545801,9.823024013265973,9.612711159139872,10.219555713422595,9.632182845100758,11.88670070767403,14.113223383575676,11.17589820623398,10.615316412225361,10.229340665042402,7.471870486438277,10.493523308634758,7.41771048605442,9.744074432924391,7.967416018247602,8.00463382266462,7.018562498688692,8.5616901576519,9.981476525962353,10.527227046620101,11.562651777267451,13.69398374557495,10.728757536411283,9.304085981845855,8.321541744470599,9.708803499303752,11.066375923156732,9.235560835711649,9.242172738909726,9.9605389777571,9.651934537570927,12.598023271560672,10.475424265861506,11.253650499135261,9.489813425391922,10.640901811420923,8.677776152268049,17.189052224159244,8.421893585473295,9.376968983560797,10.612487407773731,9.23625595220365,10.564807203412055,11.294057703018188,9.5976547639817,11.690510252118113,11.404464644193649,10.729247704148293,8.646815331280237,12.777338461764156,9.106155290931934,12.147024190425872,10.487340228445833,12.266627399623395,10.633139429986471,9.25972373560071,9.759935764595863,9.284331767447295,10.774021933227775,9.074679059907796,8.881338272243733,9.739654721319674,8.595062525570398,7.345086364448062,9.949107510223985,8.488545203208925,12.976605832576752,7.282508094608784,6.271553829312327,15.34173513650894,12.49899260252714,11.830240255594248,12.733866654336456,10.208347189426425,9.505383512750267,11.029054794460533,9.848954903986304,10.165001824498182,9.025781977921728,10.230451472103594,10.39498615562916,10.229960863664747,8.518813472799954,10.120086343586445,11.817984381318094,10.903713449835783,8.193358054384593,10.077214208245278,9.325168239884082,9.179302706569436,12.750936311483393,14.191452121734619,10.953505420684815,10.885170437395576,9.063053612411025,8.890765286236995,11.530594114959246,9.818726838502336,6.435329674929383,12.216239169240007,8.564555895328525,12.024423478543762,7.6758729793131355,7.847824545204643,11.41614830493927,12.657954003661873,9.714354178309444,10.83039922136813,11.23838787376881,9.296178326755763,9.901623427122829,8.466264550760396,11.593615844845775,12.298129329457883,10.237609838321804,11.04101618230343,10.527489732205867,11.866366815939546,8.535765194520357,9.524672677367928
2080,8.608960219100119,7.183235314488416,10.475828351080418,13.16139584779739,9.224851424386731,10.237018965557217,8.256822257488968,6.805690660700206,6.998704362660646,7.1769252360798514,3.498158352449534,8.42760643921793,10.752006535232068,7.615840579941873,8.803000727761535,8.303770337253816,8.816550610959524,9.252409351617105,7.997678513079883,5.29833187758923,7.637916333228357,9.959194973111149,9.81494225002826,11.122409597039221,12.488892906904223,11.903909330815079,5.135420205444097,10.903316742740575,12.684091925621027,7.655404533259576,12.533651547133923,11.499748070910577,7.44555895086378,8.179593806713822,4.206724582612519,6.415251824446019,6.862555248662827,9.149155544489622,9.272454247996212,8.437820657156411,8.266430071089413,7.489510910958055,8.428105455636985,7.351474722754213,15.587712442874917,1.9522345453500765,11.957316696643833,8.819766823947429,7.999855554103851,6.3359682600945195,7.311396976560353,6.377796335890891,9.066149015724656,11.207243964634838,10.405604422092445,7.977442725747825,9.120985493063932,4.042263792455196,9.582205673307186,4.771149127185346,7.798223987221725,5.30144694745541,5.989755957573656,4.655665248259902,5.175027046352625,8.137737446464595,8.810039256513122,8.844145528413359,13.161196601390845,8.092166900634775,7.117379866819829,5.656354407407343,7.989053113199771,9.53582411855459,6.926351559162141,7.272087127715354,8.523760815709831,8.574107044003902,10.52537554502487,8.887910721451043,10.440837032347924,6.818757797777652,8.944305486232045,6.157672857679428,15.398066651821136,6.625385516136883,7.516972767561683,8.256681178556759,7.328037658706305,8.935644443333151,9.790341582894326,8.603299275785691,8.892712232656773,10.567122454196214,8.088438263349236,5.876312446594238,10.22052724231035,6.471528096497063,9.413835034542723,9.447762376070024,11.442519060149795,7.970392494276169,6.567765670269725,8.065038952522439,6.62188101485372,7.809081287682058,5.788278093188995,6.955457171052698,7.132992983236913,5.89904002472758,4.071935047209264,8.967525582015515,6.529560239240531,12.239471152424816,4.652844029664992,3.0624007347971185,12.815958227962252,11.776251700520515,11.106758433580394,10.10794091522694,7.248758712783454,7.4907797224353985,9.919052894413474,6.67875044345856,9.21208949387073,7.747611614316708,7.572912756021831,8.551262047141796,8.462860408425337,5.804934968799358,7.923231134936216,10.910600256919864,8.268424688186496,6.156659375131133,8.195455446839334,6.614041163958609,7.3626575924456095,12.047605518437921,13.649064779281616,9.421518606320026,10.001422719657423,7.1958468306809635,7.064342685462904,8.68288076072931,7.8645644493401035,3.698057317361235,9.36314828805626,6.543341062217946,9.353013525903219,5.69009911604226,4.692401994764803,9.906435347348447,10.032165132462982,6.9965008020401,9.872090105712415,10.353529635258019,7.328788901865482,7.178929567942399,5.840408021025359,8.857814579084513,9.725040610134611,7.242868146300315,8.386478635575617,9.538617849349981,11.065487301349645,6.112703415378929,7.550305359950286
2081,12.66822057813406,11.545955456048247,13.814368312060825,18.593597531318665,14.445603564381605,14.61670546233654,13.417251700162883,11.954774498939518,11.521087584272022,12.395814107358456,10.648411203175785,11.943159532546996,13.87263996601105,13.039497485756872,14.07751332223415,13.622282761335375,12.340656437817964,12.477834603190423,11.684319761395457,10.325249418616291,12.793770185112958,13.625257706642149,15.62290746867657,14.14023269712925,15.754906982183453,17.517176187038427,10.178237185999752,14.228144574165338,15.798923778533936,11.301895372569556,18.05700939893722,16.164944183826446,12.63992590010166,11.891608649492262,10.97884266227483,11.7860022767447,11.823587586730715,14.860581576824194,12.85352718830109,11.970775154978046,12.469409459829334,12.755012493208056,12.111578902602195,12.355478389561176,19.314729762077327,7.767786309123039,15.486676311492923,12.426512324810028,11.712887695431714,12.78143194243312,12.759889473766087,13.017633305490017,14.301836162805554,17.798904579877863,13.411426717042918,13.317584627866745,12.563434287905695,10.724400128424168,13.483611463010309,9.962172085978093,12.33367872312665,10.581456372886896,10.546948134899143,9.701891942322254,11.58285698499531,11.945455035567281,12.422132597863676,14.04586256295443,16.221341800689704,13.200014823675165,11.385036897659301,10.725690852105618,11.883105812594298,12.673774945735932,11.83172979950905,11.729099375009541,12.19165267348289,12.42548206988431,16.8595801949501,12.213757030665866,14.613039502501493,11.937411688268194,12.687914702296263,11.078940443694595,19.373888635635375,10.362958258762955,11.322523780167105,13.65805777609348,11.227751129120586,12.2705375559628,12.84029390215873,12.229869030416015,14.53841066360474,13.731148853898059,13.272780047357083,11.255475184321401,15.1392245054245,11.533207468688495,14.539439672231675,13.180530023574832,15.06591078042984,13.161727337539194,11.676518630981436,12.284493893384939,11.651157052814959,13.292581672430973,12.358682499080897,10.90113714858889,12.130200967472053,11.061189137399198,10.348521621525286,12.551283743977562,11.062056124955422,15.824040412902836,9.76709822230041,9.520964534580717,18.597734093666066,15.51813690960407,13.941488283872602,15.037104922533036,12.92965438440442,11.51874235868454,13.933546598255637,12.85754826664924,12.669465449452394,11.60028318166733,12.699705474078659,12.66024495363236,12.09392617344857,11.211770564317701,12.24909277893603,14.20566957741976,13.429998141527184,10.727677837014198,12.451174911856654,11.931715570855882,11.084601241350175,15.707825303077692,16.64671993255616,12.661500447988505,13.2568598613143,11.02922347262501,10.8109109915793,13.986743587255484,12.383373358845713,9.231010450609029,14.611839106678966,11.118823032081135,14.411794084310525,10.199018776416775,10.760523089766505,13.072299438714984,15.249240970611575,12.330405010655522,13.391911944118329,13.676747704297307,11.40879621505737,12.33126085065305,10.85569424554706,14.078965011239053,15.105636996030814,12.849252439755949,13.638787618279455,13.13667340874672,15.196938729286193,11.033756429515782,12.02116983085871
2082,10.37387450411916,9.20521769523621,12.135787484049795,14.258039641380313,11.038768617529426,11.82098133005202,10.069858716987074,8.718731440044941,8.968816095963119,9.066859683312941,5.955410823225976,10.577230601757766,12.322330659627914,9.387973260134462,10.660059069376434,10.205330782011151,10.913227030634879,11.223576688766475,10.238866941630837,7.335947825014594,9.42106382884085,12.170957392454152,11.427259610593321,12.649358934164052,13.81332242488861,13.442045363783837,7.014324784278877,12.55872794985771,13.803909486532215,9.871483281999826,13.59915844798088,13.174589312076577,9.282991593889893,10.402644483000044,6.5772754840552805,8.274977493844927,8.802761238440874,10.894518503546708,11.147100126743318,10.589682957157496,10.082178856432439,9.348745782673362,10.626784517616041,9.18977154996246,16.35089325904846,4.089265763014556,13.173118507862096,10.914459148794412,10.265930744260547,8.636360600870109,9.250766894128176,8.661178313195707,10.891260264813898,12.473944956064226,11.91576262116433,9.906213942170144,10.923763331025832,6.379997007548815,11.267190869571644,6.6903977639973204,9.62276149243116,7.25546139143407,7.986522111296651,6.74970690570772,7.43318672850728,10.413615599647166,10.928576356172561,10.626064255647359,14.371799576282507,9.864168380945925,9.239420052990319,7.565430834889414,10.236171830631797,11.460111910104747,8.754871483333412,9.218083435297014,10.558166036009784,10.454200284928081,12.024534683674581,10.929488009214406,11.941911379247909,8.71056094840169,10.826330518722536,7.979795460822066,16.18421279191971,8.844457104802133,9.845316163203096,10.068428160250189,9.705602732300765,10.983412986993795,11.664923816919323,10.388343143463135,10.714502352476126,12.15229411125184,9.875101505964995,7.866814090497796,11.963059292733668,8.363672937639059,11.178698179870842,11.276567548513416,12.972967050969606,9.724405666440727,8.486145008262255,9.883779001981022,8.593031566590073,9.725490689277647,8.078062717989084,9.358854090748352,8.986189736239616,7.820598607510325,6.329672975093126,10.75981187671423,8.490124285075586,13.436044538021093,6.553754504397508,5.312219592928884,13.903410956263542,13.138681640662256,12.547919011116026,11.84438375327736,9.221448102593424,9.672558381315316,11.475934877246615,8.888843958079816,10.945703859860076,9.533945579268039,9.46856017131358,10.499074283614753,10.644433757103984,7.905891637131572,9.969180300086743,12.553145563602452,10.02965345829725,8.16634632796049,10.059671008586887,8.445675818994648,9.632217497937376,13.358900518715387,14.719959318637844,11.366708606481549,11.61872780323029,9.537652923166748,9.350706316065041,10.57545072874054,9.817777319252489,5.703492188453671,11.168802973441784,8.540486744605008,11.197780541889369,7.673318247497089,6.865217205043881,11.78385510444642,11.638131675031033,8.830390967056157,11.601936706155538,12.030496227741237,9.766624672710895,9.1006098004058,7.70483754575253,10.662976063229145,11.21583708748221,9.22526788488031,10.099553273245697,11.305445304699251,12.561479364335545,7.943484936282042,9.468883292376992
2083,13.091991263628008,12.148900301195678,15.088996735215193,18.4668009519577,15.444669246394188,15.840598250180488,14.49745036996901,12.94763012826444,11.983215232752261,13.455989672243595,11.397296322882173,12.986799731850624,15.033153724670417,13.514427316561342,15.120962602645147,14.689022301509974,13.446151298284533,13.449288815259937,12.82581929340958,10.835329744219779,13.939054404268976,14.215747892856603,16.22088191658259,15.269304764270782,16.713482773303983,17.738219428062443,11.134632666036492,15.432991126179697,16.6370780467987,12.392006539367141,17.882891213893892,17.039354729652413,13.740401232987647,13.052207552269099,11.728815567493436,12.971831242740151,12.785550345480443,15.39449989199639,13.618277448415757,13.07387454509736,13.740556328278037,13.822863768786192,13.238534976542002,13.314352947846064,19.508569240570072,8.927625688537955,16.418014496564865,13.501115065813062,12.809332752227785,13.3406234651804,13.817386122047907,13.604597741365435,15.35750470068306,17.5593217343092,14.554984974861142,14.002614969015127,13.811468262970445,11.435932144522665,14.751322663575412,10.935237033665185,13.586082930676636,11.516446363925938,10.985772454738623,10.196713674068448,12.282809764146801,13.130503484141082,13.539028432965285,15.14146855752916,16.97738344669342,14.312976374849674,12.394752276502555,11.693571074306973,13.143126332759858,13.638943862915042,13.04563090503216,12.179810466710475,13.438638139842078,13.865230130404239,16.04399176836014,13.223288309574134,15.780275686085236,12.888338476419452,13.37910600900651,12.010989570617685,19.56483089923859,11.3964186154306,12.432049485482278,14.17273398190737,12.365852802991876,13.270914810895917,13.780269932746894,13.602217476814982,15.301081626117227,14.90510006546975,14.422662149346431,12.236708345264196,16.094455999135977,12.494234862178567,15.565699102729562,14.54761432930827,16.18428569734096,14.334989984706056,12.641420520842072,13.50423690602184,12.612131540477275,14.35614351481199,12.96660137176514,12.044640732556578,13.045929676294332,12.080159227550032,10.994789172708987,13.89714123904705,11.513154652714727,16.83722728490829,10.75674672164023,10.341290864348412,18.37347860336303,16.531263777613642,15.006960666179662,15.957593187689776,14.065555433183906,12.614282499253752,15.01518280655145,13.408512660861016,13.956454525887963,12.888607660960409,13.725409196875983,13.23839317560196,13.202647316455842,11.98350529819727,13.267001989670096,15.420870211720466,14.529137105494744,11.172989273071288,12.887172886729246,13.120296820998195,12.161563755199316,16.676075178384785,17.441909289360055,13.659857332706457,14.486793448030951,12.132704936526714,11.903771151602276,15.033918491564691,12.857744710147376,10.219177997484806,15.692484146356588,11.573882593214515,15.397124609351161,10.633128459751605,11.657105050981045,14.066734296083453,15.93491770029068,13.497642661631108,14.690102064609533,14.901943838596349,12.676396324019876,13.320222619455311,11.780870465934285,15.172993821371353,15.744813802838326,13.941885073482993,14.637939957133488,14.463499327749009,16.311752774752676,11.9750943236053,12.468467201292517
2084,10.772587206959718,9.597074719518428,12.501056849956516,14.632927554845812,12.110540498048078,12.772472760081287,11.114433585852382,9.763996021449563,9.415032963454724,10.090561550669376,7.48239026889205,10.792345948517326,12.625032192468646,10.273884521052244,11.734553167223932,11.262497666478158,11.116163159906872,11.468471461534495,10.443282934278244,8.08630360066891,10.482834799215198,12.352089494466792,12.230143488198525,12.951351350545888,14.425624728202814,14.224905961751938,8.028804544406015,12.894727006554607,14.494663858413698,10.078640978038319,13.943230909109113,14.194180959463116,10.335618761926888,10.608285984769466,8.036415696889158,9.379906406998632,9.740969304740435,11.76009952872992,11.49118944182992,10.811213043332097,10.672211787104608,10.408199238777161,10.880648095905782,10.231720378994945,16.58489587306976,5.222825851291421,13.953947681188586,11.183921821415424,10.468710297346128,10.088210194697606,10.310894092917447,10.079950578836725,11.938861645013093,12.813965091109273,12.254986464977259,11.035563427209862,11.24222563058138,7.837401130050418,11.854284428060058,7.705999537557358,10.36483925771899,8.296784365177158,8.420516568794845,7.453775016963481,8.864447980001566,10.612578707188366,11.137527704238888,11.67227895706892,14.852724754810335,10.935123333707448,9.761170563101773,8.598156381770972,10.441076573356991,11.722562882304185,9.682260318100456,9.63493223488331,10.814904382172978,10.812559776753178,12.928747648000723,11.174329379945991,12.83477760702372,9.717553750798114,11.18199251294136,8.984628993272782,16.43810775279999,9.06596915051342,10.054014888405796,10.965172358229761,9.900471561425361,11.230872821807857,11.919236093759537,10.712635067850346,11.680985280050667,12.473942160606395,10.931355515867475,8.932260625436903,13.00062774121761,9.408506294339894,12.188982572406525,11.63378999656997,13.554310524463654,10.83036714307965,9.514751093462118,10.510495255887509,9.537271437048915,10.82724829614163,9.512444533407692,9.550882635079324,9.991618096828454,8.871322324126961,7.703787304461,11.075133485719565,8.931824938021599,14.25366231799126,7.578154371678823,6.641166840121146,14.248182308673853,13.94927298426629,12.859273290634153,12.880220209062093,10.40128333643079,10.047580545581878,12.056351443007584,10.284424044564364,11.302542256307785,10.025632686913015,10.50182498544454,10.902585405111314,10.848396423459054,8.893245558440686,10.581071073934442,12.89020960927009,11.078356628119948,8.590732430107892,10.495518997311597,9.544252820312979,9.832127796113493,14.17724180817604,15.42071197032929,11.621653544902806,11.978335827589031,9.746007554605601,9.538550608325743,11.629837124422192,10.262499032635237,6.818920145183799,12.246480025351051,8.984394642710685,12.194001837074762,8.112212596088654,8.137508088629694,12.010860610008239,12.45103638023138,9.941289790719743,11.94429762363434,12.337258458137509,9.956939391046763,10.121104617416858,8.693644800409674,11.705131355673073,11.992331513017415,10.338963757455348,11.085146674141281,11.654556995630264,13.431400630250568,8.92767589613796,9.851913266628983
2085,9.83788036182522,8.356805767677724,10.760947137326003,13.788126280903821,11.44630916416645,10.113142280094324,10.471790096163748,9.107050234824419,8.33716650260612,9.459152694698421,6.665321262180808,9.057930276542907,11.024276250600812,9.820498089492318,11.06001116037369,10.615068848431111,9.41432340517641,9.82416525930166,8.641068159858694,7.084043385833501,9.827820106595754,10.673645544052128,11.42051031547599,11.390897083282475,12.48066054582595,14.29386624693871,7.363634039461613,11.18888475773856,12.542824417352683,8.31806770972908,12.987637101858855,13.582602544128898,9.692890775203708,8.806837958935647,7.307792581245304,8.709301089867953,9.007899744436147,11.564066924154762,10.100636845827108,9.054245195537808,9.283439440280201,9.748480360954996,9.029528456926347,9.554406094923616,15.328560674190523,4.438840009644627,11.778442231565709,9.46027557477355,8.65640334710479,9.23629294112325,9.66014077514411,9.287532378733165,11.287907131016258,11.787599933147428,10.634553515911106,10.34931107759476,9.493690306507053,7.078141739219426,9.675174251943828,7.055341277737173,9.163505960255867,7.610560944583265,7.337585447728631,6.44508187621832,8.147629100829365,8.777125948853795,9.400861734896905,11.005252631008629,13.028905552625655,10.258397426456215,8.476673760078848,7.9459606888704055,8.553628059476612,10.082465854287152,8.744013292714957,8.603828545659784,8.993074308708305,8.904538551717994,12.954516464471826,9.472478862106799,10.300296058296224,9.096303675696259,9.871360578015452,8.330300684273242,15.119573974609386,7.326273157447581,8.171740177040922,10.464072152972216,7.9956010095775145,9.523799529671667,10.331887763738642,8.908627672307192,11.303596696257593,10.850848679989578,10.268859160691497,8.244947639852763,12.361204718798398,8.751101914048194,11.55014279857278,9.770757276564835,11.494318141788241,10.148767939954995,8.875830517709257,9.205669931322337,8.821216844767328,10.149649045347903,8.709721429646017,7.630561389029029,9.363359379768374,8.220143116265538,6.928241396695374,9.262821406935107,7.852762155607344,12.105746237933625,6.908917607925831,5.897484636679291,13.339350067265329,11.635095413029202,11.3365992307663,12.250750822946426,9.665476899594069,8.521741856820883,10.153757017012689,9.485450552403924,9.53293192051351,8.426850197202297,9.842323932051666,9.682476338744157,9.089102959819138,8.020129095567246,9.370299741625788,11.201015025004748,10.418375477194788,7.524486808665101,9.477529987692831,8.86845668489114,8.015118669532239,11.887232537940147,13.518143391609192,9.968533626198768,10.28645037971437,7.858109254017475,7.723486227542163,10.987255451083184,9.191545456647868,6.0906030133366595,11.567336742579936,7.8978427805006515,11.590350310504443,7.0283992867916805,7.449694175273177,10.44719412624836,11.787139919400218,9.265510339080356,10.19322994891554,10.632975682616236,8.000580909848216,9.510614937171344,8.076601402275267,11.048054479062559,11.23966137766838,9.658244344219572,10.403326866030694,9.84388726502657,10.914807403460143,8.244726159423585,8.914870306849487
2086,9.860463388264183,8.45949995517731,11.02500877082348,13.670962497591972,11.125957913510499,10.639105810225004,10.152137598022817,8.686997387930749,8.419390469044448,9.006797662284233,6.277441946929327,9.20347550755833,11.253020106256015,9.277609620988365,10.714647271484136,10.286369488574564,9.572685893625023,9.963754489272835,8.792102224752307,7.076091219671069,9.50978384055197,10.714655834436423,11.147797065973284,11.610157765448095,12.8264623105526,13.463985097408294,6.954183227568867,11.422514633089309,12.94729372262955,8.448140224069359,12.908310580253604,13.283154785633096,9.368218829110269,8.968382701277731,6.908434510231021,8.388898938614876,8.639537602663044,10.876132574304938,10.194388128817083,9.218049552384764,9.34197944444604,9.406999703962358,9.197695848718286,9.139189001917845,15.182590472698218,3.9497702635824665,12.218257519602783,9.58887275643647,8.802942600473768,8.931135112047192,9.329485194012523,8.991743712127207,10.984700640663503,11.604340043663981,10.883843062818054,10.054406471550472,9.707634405046697,6.697668105736376,10.068737746868287,6.614594878256321,9.111841360107066,7.13858179003,7.434127400815487,6.419146928936248,7.771328752906993,8.923997753672309,9.53965688310564,10.690266043692832,13.28261258602142,9.909113469719884,8.357387575134641,7.522101180627944,8.714479251205923,10.209126946330072,8.571503625810148,8.656429294496773,9.186070729978388,9.169128368794917,12.349225777387622,9.643734279274938,10.814760111272331,8.628315856307747,9.968165442114694,7.933792031928891,14.970523369312286,7.466600455343723,8.326838709320871,9.902847692370415,8.14546340405941,9.66017455123365,10.449399483203894,9.187384606339046,10.746243599057198,11.086661670776085,9.950397158041602,7.7740096576511775,12.038946004956959,8.33971081133932,11.248132540285587,10.026069715060295,11.855043115466845,9.845025203377011,8.461600363999604,9.219693542364986,8.437350086867806,9.8266696959734,8.396854347363114,7.787188211735338,8.92663225159049,7.806899153068668,6.59699558597058,9.542450045049195,7.9596490173600625,12.548914554715159,6.496783158183104,5.522005857527259,13.225683049857619,12.090911434218292,11.565600109100341,11.946274946397173,9.296892019361255,8.529560507298445,10.450950811803335,9.1815856218338,9.7811460930854,8.585779980570077,9.451766849309212,9.773401030153043,9.235968071967365,7.78225782895461,9.225978596578356,11.446228547021741,10.101811455190182,7.5780866295099285,9.536996196955446,8.553091646544631,8.161973026371559,12.35586573556066,13.881856727600098,10.128108130395413,10.516495266184204,8.021062612533573,7.858755758404735,10.666325075924393,9.276136326044796,5.6892251163721115,11.25153924301267,7.9879653581418095,11.2698792565614,7.128771761059758,7.047479099780325,10.59276312589645,11.519336420670147,8.949570437206425,10.436328852921722,10.87420195043087,8.157901518046852,9.080326635204255,7.652419284172358,10.74191810609773,11.019837366044523,9.322098950762298,10.112934255599985,10.098695740103722,11.412552614510057,7.869343067146842,8.884304040111596
2087,12.733264136314398,11.5962748080492,13.439510560035703,16.92307416200638,14.029933746159083,13.707456959178671,13.00923154354096,11.82442365214229,11.59395049810409,12.24999489635229,10.049134480953215,12.111712408065802,13.507992589473721,12.418531690537929,13.549919514358049,13.21563809961081,12.421145212650298,12.619418418407436,11.832329377532012,10.224655460938813,12.32101982235909,13.31954709291458,14.519935475289833,13.823041588068008,15.083683931827542,16.39675093889237,9.98614548742771,13.84831854104996,15.043162953853606,11.470836701989176,16.27932062745095,15.658886462450024,12.202979312837119,12.004687546193598,10.550518801808359,11.292135722935203,11.737021171301603,13.962827692925933,12.915073609352111,12.105901265144357,12.075031434744597,12.387776925042271,12.198944357037545,12.147364452295012,18.135858571529393,7.380239884927872,14.542480945587167,12.502089869976052,11.889071625471116,12.214915502071385,12.348396969586616,12.255195593833921,13.90296361744404,15.720072154700759,13.029244679212576,12.774314051866533,12.309746783971786,10.2502301722765,12.880631946027282,9.736297457478937,11.914846462011337,10.300305899977689,10.631151874363422,9.656649403646593,11.221004657447338,12.083215209096673,12.443198102712634,13.597735567390913,15.49554239511489,12.852049607783556,11.498344015330078,10.617540971934805,11.886209455365309,12.813631427288062,11.382424232363698,11.816619259119033,12.086562912538655,12.010189659893511,15.803214418888095,12.334548085927963,13.702350997924805,11.80686467438937,12.741838634014124,10.872258870676154,18.087656593322755,10.5234491661191,11.481424693763264,13.07054209113121,11.389359911717477,12.423932892084125,13.000324857234954,11.84096119329333,13.790533723682168,13.330645644664767,12.823272156715394,10.988887408375737,14.630867490172392,11.382021449506286,14.14240876697005,12.76508662700653,14.413399285078043,12.68590405583382,11.55552181787789,11.92731801271439,11.584904437884685,12.876789598911998,11.713416516035796,11.065926029905674,11.978084873408084,10.90073981806636,9.955456493794916,12.209396270662548,11.098772358894353,15.000962978601459,9.560469799488784,8.935916830040517,16.72237523198127,14.680708137154582,13.567838287353519,14.595455667376518,12.405120961368082,11.621769256889825,13.21653359979391,12.330536174774172,12.289960642158984,11.215256926417347,12.53504624553025,12.73675562143326,12.23011535704136,11.059171591326592,12.254329788684846,13.859497141838077,12.960124416649341,10.854777985811236,12.517083621025089,11.437288618832827,11.24536758810282,14.85535724163056,15.883838272094726,12.720662486553191,12.883056163787845,11.18572928011417,10.998974521458152,13.59074516296387,12.417833667993552,8.79696726053953,14.194651331007483,11.191485852003101,13.995952400565145,10.28635791540146,10.493142107129101,13.1287044763565,14.491935463249686,11.83523185625673,12.939750590920445,13.254908329248428,11.551135611534114,12.222074916958814,10.706130637228489,13.67816995233298,14.096979469060894,12.421036236733192,13.028264610469341,12.744573139725262,14.264152373373511,10.63716026321054,12.107986509799963
2088,11.188154867291457,9.89143733046949,11.907954492419957,15.199612033367154,12.478549271821974,11.83227797560394,11.535229641199113,10.33180735874921,9.895331452041862,10.592709410376848,8.806042990833518,10.50241834893823,12.095371124148368,11.213188090920449,12.106089535355569,11.72544506192207,10.787671116739515,11.182795784622433,10.122226664423943,8.787421846762303,10.907120093703268,12.404040014743812,12.68759194910526,12.432084301114084,13.763197672367095,15.21101086139679,8.569788984954359,12.314399585127834,13.837301695346827,9.777633653488003,14.422483170032502,14.563558900356295,10.811961588263518,10.27997606135905,9.263828597962853,9.829909074585887,10.222523151338098,12.607604062557222,11.491694369912155,10.50928347446024,10.441917502321308,10.856054037064313,10.534716358780862,10.752769835293291,16.286950135231017,5.751678702235222,13.196058464050292,10.86487478148193,10.145245163142677,11.234308242797855,10.785596545203592,11.30723267644644,12.340885019302368,13.379036042094231,11.703320214152331,11.848557066917419,10.677877792343503,9.062878266721969,11.102575136534869,8.239357070997357,10.299812408536672,8.817268889769911,8.925280052050953,8.144815358705825,10.039404931664468,10.269413581490518,10.778097286075354,12.031640201807019,14.292569661140444,11.34307004660368,9.812358992733063,9.15384604642168,9.971557531878359,11.42264614999294,9.877392401755795,10.098274610191586,10.318952009081846,10.142236231267452,15.14386794567108,10.897381527628752,11.943424559757108,10.246288115996869,11.284146224148577,9.510378652613145,16.10344307422639,8.820187486382205,9.724119560793042,11.8540461152792,9.558170393295583,10.935538712143895,11.624464511871345,10.108119304478166,12.367917481064802,11.920654758810993,11.345214906334872,9.453060626983637,13.35164991617203,9.958356090635068,12.558739772439004,10.984854318480938,12.838399535417562,11.204663573205465,10.077917635627092,10.360671869851652,10.033572410792113,11.267398951575158,10.710104021430013,9.21078142169863,10.514993347786366,9.412985291332003,8.831398278288544,10.469753628224133,9.42371448781341,13.522072160243994,8.10991500215605,7.679301171191037,14.803687036037449,13.146697515249254,12.35070361495018,13.247568672895435,10.800532005727296,9.922830945020536,11.518368608504536,11.394283503293988,10.70363594591618,9.6324762458913,11.045892287790775,11.175089123845096,10.530232040584092,9.599090925976634,10.691870285570623,12.332047449052336,11.45740249454975,9.080448422115298,10.94207220748067,9.955358948744838,9.522303166985516,13.383877986669546,14.78155182600022,11.317829947173596,11.378540426306431,9.429149293154477,9.220213370770221,12.092744633555414,10.722614128666468,7.442045533657071,12.58287920355797,9.48322456018068,12.645700412988662,8.621680824458595,9.071116349846125,11.716866716742517,12.869127911329267,10.360982395336032,11.347867747396235,11.757134098629473,9.579744885116822,10.696194914588698,9.238427941941156,12.13526384234429,12.44149335026741,10.815079844091084,11.482840667665007,11.030830444395544,12.547357107698922,9.4146404727595,10.303950198180974
2089,10.517817765474321,9.279327957704663,11.375885279476645,14.983705669641495,11.73015850409865,10.57560066878796,10.730839796178048,10.066820196807381,9.160549971507862,10.338201111555097,8.133333369717004,10.303684831224377,11.612124028801919,10.876468308642503,11.314208061061802,10.883950258791451,10.582124394550927,10.967064152285456,9.915891277045016,8.044517495483161,10.070431765913968,11.578021749854091,12.181079596281048,11.976157045364387,12.90868149399758,14.600415575504305,8.316177977295595,11.812207946181292,12.901891422271728,9.590065759792921,14.265290355682373,13.757612794637684,10.00698667615652,10.069135145470499,8.64134766608476,8.9677760437131,9.980269157886514,11.964290517568589,11.041201029717923,10.286190529540185,9.821593601256614,10.135134825110438,10.295259396359318,10.488999180868266,16.13090859651566,5.5340918432921145,12.15212762653828,10.646820396929984,9.957507048919805,10.622688707709314,9.960507936775686,10.695551597326993,11.573052652925252,13.338576054200534,11.191525587439543,11.409363122284422,10.230251505970953,8.428250865638265,10.264357438683513,8.022158375382421,9.635824912041425,8.61842427328229,8.200220510363579,7.410730681568387,9.4041398704052,10.084194766543803,10.579709102772183,11.287836412340406,13.51180100440979,10.748081468138846,9.62334563434124,8.888598346710207,9.716853381693358,11.188386908918618,9.097822646703575,9.386322810500861,9.988676267210398,9.623152191936969,14.335567766428003,10.667987652122976,10.755554654821761,10.031153410673145,10.786722100153565,9.25424037873745,15.937931203842158,8.607978426665069,9.528565980959685,11.536742392554881,9.384958156570791,10.702947618067261,11.40163612216712,9.594425115021291,11.616523040086028,11.409736844897266,10.532737264037138,9.143181409081453,12.56861802861095,9.686255905032152,11.8448076106608,10.469168204069138,12.015293436869976,10.418519806861877,9.820552115142343,9.71434062418994,9.796124100685123,10.464044663310052,10.095934835961094,9.039377768337726,10.277864108979706,9.160668769478795,8.182972638309007,9.951004317216576,8.6815565623343,12.513387393951419,7.869727057218552,7.177106738090517,14.63410353064537,12.057665437832474,11.849420857429504,12.4813724151114,9.957579203695058,9.732290936633952,10.77228186368011,10.787590941414244,10.167483022063966,9.02119081094861,10.71505818404258,10.555153262615205,10.34679496288299,9.09465490281582,10.473507182300093,11.825395725667475,10.69041690677404,8.372425552085044,10.217866007983682,9.14313335716724,9.342526219482535,12.310263575613508,13.850526702404029,11.074026968516412,10.866375006362794,9.233762498293075,9.052558183670047,11.254482660116631,9.984687421098352,7.155365836247801,11.863013867475088,8.74530992433429,11.806053571030505,7.875968457758421,8.621571849286566,11.504130145907403,12.300392674840989,9.532473538815982,10.823072559200225,11.257007761299617,9.385235274583097,10.44678104817867,8.997361518442633,11.342842107266188,11.941870457865301,9.95443411618471,10.786788257956502,10.518416410684587,11.357970508188007,9.176102878898382,9.619049087166783
2090,8.635662492178382,7.195952472509821,9.34623199738562,12.771997666358947,8.826237518526618,8.464386340603232,7.861094867438081,6.760936261154717,7.066883777081971,7.134533084556464,4.754007799364631,8.200579626858236,9.719186787307263,7.868088890612124,8.36140179000795,7.880509759113193,8.593297029286619,9.017072477936741,7.7648813989013465,5.68009241372347,7.21026456654072,10.083655065298075,9.355236589908596,10.113459952175617,11.196784251928332,12.121127548813813,5.136610785126685,9.806530915945775,11.367794099450112,7.425241956487301,12.0659402191639,11.093823555111891,7.033824813365935,7.935655405186114,5.4082272425293905,5.949488036334515,6.830658875778317,9.156159643083807,9.121045637130736,8.222097057104111,7.356260292930536,7.1414716832339735,8.091512061655525,7.30882259327919,14.387324213981632,1.8860872313380228,10.477905629761516,8.462836368195713,7.727203208208083,7.477315016090875,6.882009901106358,7.556519052386288,8.65615876726807,10.664111292362218,9.388034185767173,8.508445326983928,8.135512689920144,5.21876501888037,8.130828870460395,4.743712753057483,7.015698343515396,5.244716534018519,6.071410699188708,5.035091677308079,6.294816997530872,7.871865548193462,8.547169563639908,8.45671498253942,11.883656316995623,7.817082622461027,6.969275145232679,5.658453314006332,7.486270037293437,9.276455117017036,6.3126057878136645,7.334381202608348,7.831592077016836,7.3314283706786245,11.881316673755645,8.693708719313141,8.742399418726569,6.795541276037693,8.843397597968579,6.142681505205106,14.152205932140351,6.4146095924079445,7.234362095594408,8.470117837190626,7.031446355581283,8.676077796146275,9.534873910248283,7.447835918515921,8.70091523528099,9.52668784502893,7.677556689083573,5.7501356363296505,9.821805686131118,6.446813540672887,9.04450862668455,8.221727634593844,10.088256615400311,7.56305432468653,6.571665653958914,7.217366676591341,6.588904362730686,7.367097787745294,6.946557880844914,6.660219796746968,7.127049928903586,5.877140716463324,5.127028802037236,7.7766522999852885,6.61610485352576,10.83456879835576,4.647213947772981,3.8908915892243385,12.380693745613101,10.237215811759237,10.147193023562437,9.722555158101018,6.772805561684072,7.293570829927921,8.65831862706691,7.769561132788657,8.072242831904443,6.715827747248111,7.496909846342165,8.523724312614656,8.226725623011593,6.203094415366655,7.779004917945711,9.81480064690113,7.869821684807542,6.2287210188806075,8.23540169596672,6.168353880196809,7.1071219585835905,10.520001904666428,12.337014383077625,9.194643867015843,8.899309992045165,6.91870329678059,6.813011015951636,8.265373099967837,7.94240739536472,3.8573256317526075,8.976619212701914,6.623629222810266,8.95458636153489,5.771627579629423,5.369658139534297,9.705612228810791,9.644910581037403,6.5550617106258855,8.737335718050604,9.238204785622655,7.038569432869551,7.162411297019571,5.840172529220583,8.4625570917502,9.315132953412832,6.790040776878601,7.979262047726662,8.35347298309207,9.379850478656591,6.060682191699742,7.588844523485749
2091,11.504019069671633,10.293045915663246,12.778833997249603,16.57231060266495,12.960952953249222,13.012759280391043,11.99269661679865,10.497296184301376,10.221050348877908,10.921087518334392,8.371963902935386,11.127050364017485,12.876030892133716,11.211126226233326,12.496723520383238,12.171831952780488,11.467044833302493,11.725430667400365,10.809153854846961,8.820860351994636,11.331497019156817,12.393212729692472,13.710694407857957,13.214007592201227,14.56210615038872,15.50245452821255,8.707474206387998,13.175990897417066,14.619079005718238,10.455622235685588,15.92396971583366,14.761789268255239,11.18368837460876,10.997817207127806,8.933943088352681,10.269622839614748,10.425440394319592,12.954561237245803,11.893560886383053,11.13683878928423,11.270860224589702,11.306651522964238,11.20195481330156,10.884113387018445,17.85215570926666,5.9512047994881865,14.020781689882284,11.545006611943247,10.848065085709093,10.740166918188333,11.277176447771492,10.834317401051518,12.84425704330206,15.337052878737452,12.422041147947317,11.603741506487129,11.611313159856937,8.666556741297246,12.181504886969927,8.41190796117299,11.020631181634965,8.951276692375545,9.240446346998217,8.2334788993001,9.674499075114724,11.04886076003313,11.487378290295602,12.537095341086392,15.015455901622781,11.7598066976294,10.319971172651275,9.305755105614661,10.871205177903178,11.948232096433646,10.438535949960354,10.458040913939477,11.200422264821826,11.244363987445832,14.831166255474098,11.417406949400903,13.066359005123383,10.474170373938975,11.654793012142171,9.62631880901754,17.787452387809754,9.462885123118758,10.403902119584384,11.840727698057893,10.290164080262182,11.492899686098099,12.153922593593599,11.1069799086079,12.767473557591444,12.698948776721952,11.814332119375464,9.668036352097985,13.651970382034776,10.084712315164506,13.080767563730479,12.006743644177918,13.80316350460053,11.669603330641987,10.233046391233806,11.103720113821327,10.252087653428319,11.775639982521536,10.244942970224654,9.94329613596201,10.682300197705626,9.595119324419649,8.449621737003328,11.477693135943264,9.72423709630966,14.424094927310943,8.2741772659123,7.472058391384776,16.342314341664306,14.130742157995702,12.989319086074834,13.606279766187072,11.258622986450785,10.526940039049084,12.564582829177386,10.925570419989528,11.618176367878913,10.440389067493381,11.255000068061054,11.513030201196669,11.239428314380344,9.648978426121177,11.102399678528316,13.18318355679512,11.929113122820858,9.454574018716812,11.225176167488105,10.418031861446803,10.192960155842593,14.318660619854928,15.450640523433691,11.842215627431873,12.254403945803638,10.092485961318008,9.935538413375614,12.536831841804084,11.06311039663852,7.49979363018647,13.116701316833488,9.798886069282895,12.995346373319629,8.90380157493055,8.988755182083697,12.27589651346207,13.621432895958426,10.808841508626944,12.248603691160676,12.565086823701865,10.439229105040436,10.859568478725857,9.399128156155346,12.634469503164286,13.352307280153036,11.303055790811781,12.075165340304373,12.014274101983759,13.641721543669707,9.47295007817448,10.744784443825486
2092,10.819842702150346,9.397496680170299,11.3333499789238,13.88531940579414,10.738805854038217,10.556231722235681,9.633025491982702,9.016478556394578,9.42645823657513,9.289588791131967,7.5757259383797635,10.005643570423127,11.531740158796316,9.889363898709416,10.20679906215519,9.756890694051988,10.34041613340378,10.732885545492174,9.608747730404142,8.080611321330071,8.919213185459373,11.790685486793512,10.961876480281353,11.902526777982718,12.84055712223053,13.745890176296234,7.268470719549808,11.721590721607202,12.854544746875757,9.270715391263366,13.114604660868645,12.880857008695603,8.854832535982135,9.785500565357507,8.173008875548843,7.765186986234037,9.032230208627881,10.91492699775845,11.076746737957006,9.991123825311657,9.38426549956203,9.02490202486515,9.976235186308628,9.4628237452358,15.848454785346984,4.316899120807648,12.088859963417056,10.330623018741608,9.675278963148598,10.082916938699787,8.793642595328857,10.089945255964997,10.504529587551954,11.863144883513456,11.149717795848844,10.705762249231345,10.160207632184036,7.942192448675632,10.198990616574886,6.960160595178605,8.970866066962477,7.511079256236552,8.439376804232598,7.466147325187921,8.999060136079787,9.785024014860392,10.366251102089887,10.202554527344175,13.44113527536393,9.672843328164891,9.011842410080138,7.8600524519803,9.51701605618,11.015417218208317,8.180413643829528,9.664871165901424,9.820643097907313,9.558597070723774,13.582092046737676,10.369512051343914,10.705374410003426,9.019015806168316,10.854677575826646,8.246304707229134,15.6784886956215,8.311874956265093,9.224255713634193,10.493804707005612,9.066177873406556,10.492033725976945,11.23384211063385,9.507821238972245,10.517286335118119,11.369102436304093,9.395217654854056,8.024809418618677,11.591274169087413,8.670883633941413,10.801274978369479,10.397192298993469,11.933698210120209,9.308921941369782,8.796806486696006,9.163727006455883,8.83178421705961,9.326914514228708,9.545737656950951,8.706382589414705,9.278676893189544,8.139686054736375,7.779822494089603,9.876522720977665,8.920512202754624,12.485730129480363,6.816349763423202,6.4235836436506375,13.458525291085243,12.007968279719355,11.81506628990174,11.533419981598858,8.744680694863193,9.26435573920607,10.533092128485446,10.300265069305896,10.109424309432502,8.719418500922622,9.666560826357454,10.713803312182426,10.055310545861726,8.64987691007555,9.819686068221927,11.774437522888187,9.581281973049053,8.633724490925665,10.509964358806613,7.950443716626616,9.03360622460023,12.260716795921322,13.820904576778421,10.859662491083153,10.846170440316198,8.909477842226627,8.7301792640239,10.16553855142556,10.263295467570426,6.128778183087708,10.8265664678067,8.999526587873696,10.758444453030828,8.10745530524873,7.916698272526267,11.29865539669991,11.222102780640125,8.361115280911328,10.758542120456699,11.173652815818784,9.07328755035996,9.425333317182965,7.982061363663521,10.231868113763628,10.781615698337557,8.78076809514314,9.662442816607655,10.461061962693929,11.308826135564598,8.15889217145741,9.94922013375908
2093,10.61933166459203,9.317779874242845,11.5955967515707,14.480227500200272,10.923274421226221,11.054954527691015,9.99451895086095,8.980922025814657,9.278981684520842,9.316660338267685,6.937485173344614,10.047821608930828,11.795896089076997,9.6782394235488,10.476493735238915,10.077541670575739,10.403336208313704,10.72587890028954,9.685598523542287,7.796081736125058,9.357116301171484,11.767298519611362,11.450915518030529,12.14095571041107,13.21831486225129,13.458779734373092,7.272379805892712,12.003989723324773,13.24344469308853,9.327468317840244,13.83092010617257,12.991316574811938,9.231699862587265,9.858541953936225,7.477701593190433,8.172893494367596,8.972612162679434,10.881812609173355,10.964756903052336,10.059934115596118,9.668687497079368,9.328322555962952,10.07962046973407,9.46039339639246,16.13782505989075,4.3452975332736985,12.550279772281641,10.40459200637415,9.69316384270787,9.495644326508046,9.144093093276028,9.652823822811479,10.803487076237799,12.73935626372695,11.386732864379887,10.465847357362508,10.354266547085722,7.295836795121433,10.583285637944936,6.932513657957318,9.290811257436873,7.487772362679242,8.30637701377273,7.209168820083141,8.293606569245458,9.848130260780456,10.406917364150292,10.547146170027556,13.782964324951166,9.94270677306922,8.995819807797663,7.819408382475373,9.601845917105678,10.943051294982435,8.547086752951147,9.500080594047905,9.962413456290962,9.84169626478106,12.826645386219024,10.425260258466,11.207130589289589,8.951108315587042,10.73147474527359,8.242569093964997,15.973989486694336,8.359424848854546,9.242023229785262,10.342977178096772,9.098104475811116,10.436700938642025,11.162266078591351,9.812636807560917,10.625685110315684,11.62497270405293,9.806446202844386,8.04543994367123,11.787940867245194,8.613011156767604,11.113058178126812,10.672098792437463,12.335568036139009,9.682363036461172,8.732212203368544,9.512148346751935,8.756387002021075,9.628223332762722,8.989826783537866,8.748385919490829,9.23882513642311,8.083622350543738,7.174492948874831,10.16262619867921,8.800770890712737,12.879756751656533,6.8118291016668095,6.088760685920722,14.177196133136746,12.47738265879452,12.048044639825827,11.723514919728041,9.064255663752554,9.302918553771446,10.940251744911073,9.718355576461178,10.380958917690446,9.039974546432493,9.693599670007824,10.565062461420888,10.109281148388986,8.316548798233269,9.797753733396533,12.00707113146782,9.965189850330354,8.480395551770924,10.321701496141035,8.362574824690823,9.059753432311116,12.71984279975295,14.163129317760475,10.887566764652732,11.078364363312723,8.940096227172766,8.779660312086348,10.460586472228172,10.112574741011482,6.09020793735981,11.061799936927851,8.860217023640871,11.051849313266574,7.986499165743591,7.476303227368048,11.329479943588378,11.623675023764369,8.75121941268444,11.041108555346725,11.45232209563255,9.15702481865882,9.353149449825288,7.95939610004425,10.607510538585476,11.278975391760468,9.111267250776292,10.05129390656948,10.719816146045929,11.82892362708225,8.157420466095209,9.75037985220552
2094,10.891238908469676,9.565470404736704,11.737498685717586,13.720613527297976,10.984585247561338,10.982286211103204,10.05492889881134,8.950794103741654,9.553414857015015,9.279132108390332,6.781827476248145,10.22257747743279,11.922914320230486,9.458966346085075,10.623834878206255,10.163924966380003,10.538610870763662,10.921359655261039,9.83491312749684,7.965767506510019,9.435208171606066,12.086785817146303,11.135338986851274,12.256405305862428,13.239569127559667,13.166694262623782,7.248925486579542,12.120740157365793,13.233039426803595,9.475562129367608,13.002630835771566,13.171449422836304,9.308339724875989,10.002779490675305,7.352994959801441,8.279807747155429,8.977173055987807,10.684538557380439,11.217189764976503,10.21773571968079,9.791951658204194,9.362716141715653,10.231531581282622,9.43102741073817,15.26812762022019,4.338618869706986,12.56783483028412,10.55547526776791,9.871536195278171,9.373256242275236,9.19811587641016,9.451517832279208,10.848078278452153,11.778676497936248,11.536630231142052,10.381649070978165,10.491960369050503,7.1461483590304855,10.619447011128067,6.93329908326268,9.400349611975257,7.496538539230825,8.580459011904901,7.378647698462006,8.180162978172302,10.000561669468881,10.546182355796917,10.602172967046503,13.720505046844485,9.951323017105466,9.091309750080107,7.803640219569208,9.762952363118526,11.189447426795963,8.655718697234986,9.782977679371832,10.10409970236942,9.965214907377954,12.202305620908735,10.595752499997618,11.149566908925774,8.944128894805907,10.982655802369115,8.212850692123174,15.08305100202561,8.519449351355437,9.447695400193336,10.148203348368407,9.286783411493534,10.680926591157919,11.395927977561946,9.923639806360004,10.561902487650519,11.76545878648758,9.872939579375089,8.063715603575105,11.945989809557798,8.600673526152965,11.131091126054528,10.803153030015531,12.349545252323157,9.756683485396206,8.719301418960097,9.603761730715636,8.761810238659388,9.685855639073997,8.845686356723313,8.925122068449861,9.217692972254008,8.065125259757039,7.0535846896469625,10.284199472516773,9.073874163627625,12.834056043624875,6.794576198607677,5.939743219316005,13.322926494479177,12.417560064792635,12.194768416881558,11.817061962932348,9.202636650949717,9.406922380998731,10.899746201932427,9.59985048919916,10.522596663341394,9.169065987877547,9.67153605455533,10.842952177673581,10.257809359580282,8.368023450672625,9.881317053735255,12.146996745467186,10.030574429687118,8.768303161906074,10.60981576144695,8.452987985685464,9.245154049247505,12.680895048379902,14.185159134864815,11.053663557767868,11.22363111227751,9.139066882804034,8.93451931886375,10.538926234841346,10.392111548781397,6.044589447975162,11.116475390642885,9.135078122466798,11.159695275127886,8.265331351943313,7.4074009530246245,11.480425709486006,11.446592769026754,8.845986109226939,11.174023969471461,11.590834096074099,9.296081528067587,9.332468074187638,7.931130369007588,10.648506351932879,10.984550869464872,9.187180554121728,10.02952542765997,10.848517068475486,11.771525880694387,8.163106592698025,10.021172371506694
2095,10.230416205525398,9.099648702889683,12.762291475385428,15.01370047926903,12.383597732195634,12.918786174058912,11.457080356031659,9.765358700882643,8.835247518122191,10.218168745934964,7.629461841285232,10.52822017557919,12.860388216376311,10.504392548277973,12.059782758355139,11.58150490280241,10.886320120841265,11.193086735531688,10.183046514308083,7.683187008649112,10.86649122461677,11.945277899503713,12.670529107004409,13.159420406818395,14.578008031845098,14.482338213920588,8.087570922076702,13.142622480541467,14.611616873741145,9.828510240837934,14.410914957523351,14.358828312158584,10.657001546770335,10.373837163206186,8.04671073853969,9.777496957033874,9.728903756290673,12.092545666452498,11.124914674460891,10.556949593685573,10.969311379641294,10.719350515306,10.632375089824198,10.27154134884476,16.815338039398192,5.418015178292995,14.143988525867467,10.964708881732081,10.20394664779305,10.051095143146815,10.698374166339633,10.281858350569381,12.258231380954385,13.421829989692199,12.475518116354944,11.116284836269923,11.377385885268447,7.897434534132479,12.071927412971856,7.813068277388813,10.697699859738348,8.423128747567535,7.862068544141948,7.0398849301040185,8.815906096529217,10.353402193821967,10.930124181509015,12.046732462337252,15.022428345680234,11.20592029136606,9.59923827499151,8.602500209212307,10.314297249913219,11.438405919075016,10.037772757560015,9.050892928987746,10.797218851558865,11.106964136660098,13.326310217380524,10.909630072116853,12.998653431329881,9.774584872275595,10.771316736936573,9.035625661537056,16.703896689414982,8.790358395874497,9.77433411106467,11.192542775627228,9.639793109148744,10.948371355235583,11.624352413415911,11.00568413378205,12.03210977986455,12.721061606705192,11.317464395612474,9.061235798895364,13.231751791387794,9.400246110465375,12.536787863448264,11.9136460416019,13.760581015050406,11.214956337213522,9.531402657786384,10.805114715918894,9.517933208867907,11.195922257751224,9.592626665532588,9.28224042095244,10.042152302339677,8.895430359244342,7.656410652399062,11.345236421469599,8.377812215872108,14.374261456727988,7.649865499883889,6.83512676949613,14.71729294657707,14.089014548063279,13.063836795091635,13.116924125514927,10.770519881695515,9.850718607380989,12.315702586714183,10.23351925462484,11.542765172570943,10.29422745853663,10.543339531123639,10.394195197522645,10.580600114166739,8.713092186301948,10.415066584944721,13.12603943645954,11.488669589906937,8.002671671472495,9.923623891174797,9.953655463270842,9.57227853238583,14.31895040869713,15.51377431154251,11.363677008636294,12.219320826232432,9.462084917724132,9.276916464045643,11.934772204048937,9.685117314755916,6.990294571220876,12.545157209411268,8.41762688150629,12.457324420288206,7.5553501070942755,8.150838080048562,11.770160408318048,12.807237850874662,10.341068228706714,12.21620129048824,12.62620920436457,9.705293758958579,10.12947607331444,8.764810836315158,12.088976327935228,12.405026831477883,10.698528278060257,11.460647709667686,11.912720992602413,13.615387719403964,9.042168083786967,9.312065289076418
2096,9.585133561212569,8.121719230076994,10.388719332218171,13.16310197114945,10.186018463969233,9.289425456523897,9.186739538237454,8.647156808711589,8.136094690114259,8.919193617254498,6.546001673489812,8.700111320242282,10.685630974173545,9.31907322304323,9.72307443022728,9.27317702919245,9.06215428672731,9.477171865571295,8.266794723307248,6.950901901908219,8.512787859141831,10.280325222015385,10.320116965100175,11.058093434572223,11.923014992475506,13.026373100280765,6.924879425391554,10.805093729495999,11.978506463766097,7.948672931268814,12.387291979789731,12.405975598096843,8.434479615092277,8.426436633337296,7.159385069366543,7.310936728864911,8.550613625813277,10.299614785611627,9.789096837490801,8.694423858821391,8.552946082502604,8.57466309964657,8.666949432715777,9.116654468514028,14.714546692371371,3.917642982304096,11.145394617319113,9.087208957970143,8.26021410094109,9.178491690754896,8.2801828186959,9.257818481326101,10.003675959631797,11.038944991305472,10.32914009690285,10.141774606704711,9.089233136363328,6.96143867187202,9.106789533048865,6.578702183067795,8.249977490305898,7.133198599517348,7.173552135750656,6.296618016064171,8.022744676575531,8.381788345426328,9.022771837748582,9.726433862745765,12.449016964435577,9.27238837629557,8.041328369081025,7.489314927533269,8.116632322315132,9.723103900253763,7.611384605616325,8.379309696704151,8.588584939297284,8.469483691453933,12.525055813789368,9.14575203210116,9.533135896548625,8.622990791499618,9.579529442638156,7.9044955477118535,14.490714037418371,6.964332659076898,7.765503265243028,9.974747375771404,7.582311490178109,9.148211383819582,9.977387122809883,8.520894184708599,9.93945633522235,10.488612428307535,8.973735606670385,7.621005463041362,11.122585287690162,8.299044939177112,10.307511072047053,9.335998493246727,10.931244108080863,8.843756763637067,8.410985110513867,8.396767540648579,8.347940615192064,8.804240147955714,8.641393310669816,7.2233059391379415,8.909587396681307,7.752939169853926,6.83002873659134,8.878223127126692,7.689423653110859,11.486206099390987,6.461434692144392,5.693037811666725,12.68816730380059,10.94179007671774,11.049384963512427,11.029551227390764,8.225641686096788,8.114143144525588,9.550546737015244,9.424790649488571,9.136607521027324,7.856114913523198,9.27993585295044,9.427396157383921,8.718908130563793,7.7360479753464535,8.948171404236929,10.834184521436693,9.132075594365595,7.32655384391546,9.255482478439802,7.519754065573219,7.629205172136423,11.22843967825175,12.933924305438998,9.636049680411812,9.90212565213442,7.460209803283216,7.3397078570444165,9.668078687693924,8.985348309250552,5.696682159602642,10.295088198781013,7.713722290471203,10.314526095986368,6.864744397811597,7.165844433382152,10.139453761279585,10.673521422967324,7.910728339850907,9.78711607828736,10.25669527202845,7.57459255903959,9.030406290292735,7.619442426785828,9.768882052600384,10.217360885068775,8.25442482475192,9.167899673432114,9.434992480417712,10.156525443494319,7.827717988938088,8.62270985431969
2097,12.25063135027885,11.169950570305812,13.447558203153307,16.53366738557815,13.475931116938593,13.415799762681129,12.445817393064496,11.366599923372274,11.067939338088046,11.839219439029689,9.76279043070972,11.669299890100953,13.507318583130836,12.140028202533728,13.107090154290194,12.577999371290208,12.101009128987787,12.194594946503646,11.463591684401042,9.766643078252676,11.868450799584393,13.229585772752767,14.081603157520288,13.7768196940422,14.910563689470289,15.999026605486872,9.600294111669061,13.824295777827498,14.863460820913312,11.040905214101075,15.911263242363926,15.217532128095627,11.70039377063512,11.65596385747194,10.099089340120553,10.816909328848125,11.223421660810708,13.502677436172963,12.5481085985899,11.73418522849679,11.847122567892075,11.817875585705039,11.810498134419323,11.778816157579424,17.644000840187076,7.214964823424813,14.455281861126432,12.11581637263298,11.405430577695371,11.922325389832269,11.708416382595901,12.23252144008875,13.307450029253957,15.181222270429146,13.078132331371304,12.636118504405028,12.209793786332018,9.847854941338303,12.726250544190416,9.368446514010428,11.636890694499016,9.9511008143425,10.05558429434896,9.117415229417386,10.704506485164162,11.702294822037226,12.162453463673591,13.131226822733879,15.327118152379985,12.416244523227213,10.947253028303384,10.119951365143065,11.641066832747313,12.392318481206894,10.989476556815504,11.267138846218588,11.901946097612385,12.015777741372585,15.433674019575122,11.954707749187946,13.466752448678022,11.354152358835565,12.336822617053983,10.50654595308006,17.60020409822464,10.034169896319508,11.007883780449628,12.804548018798243,10.909843493252989,11.971418951451774,12.562213480472572,11.840397372841839,13.290115603804585,13.370754417777064,12.35458049476147,10.551159903407093,14.197744385804977,10.923962716059759,13.60981891006232,12.764988541603088,14.276286933571104,12.260115391016004,11.065459004230794,11.649481207132348,11.020987070538107,12.248145646415653,11.523450182378296,10.568829605728387,11.545201638340952,10.446643774118272,9.498457033187155,12.150017097592363,10.63143832609058,14.835002095624807,9.183279874920844,8.780482515506444,16.35685242712497,14.43322068080306,13.59456008076668,14.065238632261748,11.900051047652958,11.183688917383556,13.0503528341651,12.018375013023611,12.271213611587878,11.084900456666949,12.083859153091916,12.265108479559421,11.836293620802453,10.542217239551253,11.796933705359695,13.804880353808404,12.524047279357907,10.221227702870966,12.016165341809401,10.978043024986988,10.773467146977787,14.643276143074042,15.684003394842154,12.391247093677524,12.908567965030667,10.69968139755656,10.511005403846502,12.945802609622481,11.988286912441255,8.6362285008654,13.665672990679738,10.645245203375817,13.374471899867052,9.730528181791303,10.008419449254875,12.823851311206818,13.964991918206223,11.369003326352685,12.997357351332909,13.316012877039611,11.16959020569921,11.732121858000756,10.267909191176297,13.130640742182734,13.69957773108035,11.765075989067553,12.57451643943787,12.72042310684919,14.036581671237958,10.468049450218677,11.589416316151615
2098,13.817377603054046,12.927010971307755,16.203834819793705,19.3773205280304,17.082870912551893,17.662602627277376,16.103893113136294,13.921352720260623,12.8494701564312,14.491592013835907,12.160175162553786,13.572485506534582,16.059851264953615,14.12702513933182,16.87254940271377,16.32122434377671,13.870125591754919,13.94372851848602,13.371548575162885,11.635783165693287,15.573779928684242,14.41528704166413,17.74390063285828,16.231777155399325,18.043815636634836,18.51894280910492,12.045384275913236,16.55635188817978,17.986237120628356,12.99312242865563,18.882106411457066,18.423901700973502,15.278940999507904,13.551012885570529,12.476606076955793,14.702070248126981,13.720574283599849,16.495757019519807,14.124889850616455,13.585517990589135,15.00563902258873,15.368113112449644,13.858522236347202,14.205034947395323,20.62087044715881,9.82529080584645,17.977729225158704,14.17245359420777,13.439336407184594,14.089758121967318,15.606117689609537,14.239438629150388,16.98181655406951,18.72697074413301,15.605334830284121,14.579187977313989,14.832128173112867,12.173088759183889,16.192492991685874,11.864125430583957,15.026325762271885,12.480980527400975,11.914643752574927,11.101521512866022,13.005361336469647,13.683276236057278,13.894097518920901,16.835468757152565,18.190450334548967,15.677210628986359,13.240198898315436,12.668082892894748,13.8053421318531,14.089219105243682,14.604551017284393,13.02920064330101,14.267689645290375,14.989259409904486,16.28720262050629,13.71975396871566,17.547547841072095,13.897717440128332,13.970998716354373,12.88573291301727,20.77700357437134,12.062947827577588,13.080176031589511,14.846151411533356,13.03109627962112,13.801367211341859,14.231569278240201,14.712236964702603,16.728743755817415,16.007968163490297,16.06803964376449,13.403152644634252,17.636803340911865,13.415499639511111,17.193928110599522,15.696201771497726,17.62223293781281,16.012248289585113,13.604252970218658,14.922470504045492,13.609003496170043,16.153035688400273,13.636209940910343,12.735866165161132,14.014426243305204,12.992622995376587,11.720927780866623,14.988515186309815,12.360017636418346,18.208050787448883,11.652371066808701,11.063926380872722,19.385843646526325,18.159711527824406,16.009639334678656,17.486167120933526,16.014523303508767,13.284473931789403,16.401335120201118,14.098578596115113,15.09467206001282,14.146093922853472,14.73548698425293,13.990795123577119,13.763251495361322,12.813721221685407,14.027422356605523,16.47660411596299,16.25023164749146,12.142611040174959,13.686654961109166,14.84293103814125,12.802391302585605,18.301535880565645,18.720551085472103,14.028019726276394,15.630003452301025,12.805866062641147,12.566063779592525,16.650265049934394,13.664778023958206,10.968887573480608,17.331551980972296,12.466686877608302,16.88047473430633,11.565175716578961,12.485486906766898,14.402095651626587,17.340242254734044,15.225911760330195,15.800149965286257,16.069446551799775,13.273617127537733,14.272092747688294,12.760706567764279,16.843300676345823,17.111902511119844,15.742970883846283,16.207867527008055,15.550601387023931,18.101488459110275,12.659820854663852,13.258279055356983
2099,11.83028244376183,10.790232335031032,13.624622410535816,16.344792079925536,13.24677612856031,14.181248889490963,12.310185253247619,10.86833045780659,10.635038261115549,11.254897479712964,9.756688065826893,11.793993194028735,13.686720186471945,11.541897779703138,12.994899343326683,12.456661094725131,12.085325848311182,12.37707819342614,11.481173259764908,9.533240873366594,11.76167324781418,13.353788596391672,13.844030404090883,13.954865276813502,15.520891618728644,15.54836937487126,9.11362559609115,14.025393021106723,15.546353638172153,11.118611138500274,15.737676739692693,15.19503846764564,11.575383557379249,11.64495751336217,10.100853893160817,10.717966242134569,10.828626973927019,13.148881349340078,12.511132666468622,11.807287403987718,11.848623749241234,11.60175145715475,11.938113927841188,11.32954687476159,17.824877965450288,6.612875379621983,15.170425719022756,12.198106268420812,11.52744077146053,11.992484207451342,11.579458671808244,12.175246073678142,13.115635803341869,15.0082135245204,13.29622423052788,12.484824047423903,12.333564029075204,9.912386316061014,13.130476490408181,8.88908667564392,11.60249276310206,9.537395048141484,9.659021822735673,8.887805666774506,10.786798207461834,11.661607601307335,12.16040353551507,12.910180411487818,15.943909835815429,12.114830796793104,10.82452814429998,9.676986748725177,11.568254555016756,12.60789982676506,10.94589618444443,10.811784151569006,11.913602223992347,12.039748428016901,14.593606209754942,12.125300857424737,14.20790409892798,10.852800731360913,12.221024568239228,10.060888037085533,17.78148955106736,10.136482848785814,11.160957077145575,12.23579667583108,11.040303443372249,12.181532639265052,12.761462748050686,11.907282186672097,13.06314484477044,13.583070415258408,12.199281464517108,10.17892432510853,14.108520405739545,10.48075851500034,13.361207900941372,12.846196771785623,14.78982389271259,12.09283362329006,10.605324846506116,11.730080999620263,10.642334753274918,12.088544816896325,11.520824010670182,10.70295066256076,11.081695476174364,9.999567484855652,9.602160775661464,12.225912731885915,10.167967353947462,15.369066542387008,8.7071423817426,8.5435623055324,16.10715507566929,15.199144792556766,13.85634925365448,13.943448839709166,11.778385037183758,11.10497321002185,13.36296830177307,12.101016653655098,12.44984590932727,11.232217741571366,11.612262251973155,12.007315596938135,11.846937592327599,10.345654979348181,11.606763309007516,13.968399649858478,12.356461836397653,9.79967863932252,11.615831851959234,10.86985788568855,10.913484455272556,15.412772095203403,16.413769459724424,12.528765326738355,13.086706846952438,10.863673949427906,10.617264040932058,12.821772710606457,11.472664596885448,8.200236865133046,13.403618681430823,10.227792891021828,13.31147111281752,9.347354175243524,9.797380617260938,12.872535771131515,13.776182135567066,11.257537763006988,13.131668463349348,13.546406126022339,11.08508362174034,11.21734866052866,9.78209508806467,12.953234544396409,13.500901285931462,11.633726409077639,12.400087954103949,12.80957512371243,14.813476717763118,10.048397257924083,11.027121277153496
2100,11.188430162146691,9.990572202391922,12.545144545286892,14.896798503398902,12.18823019862175,11.461825917661193,11.184161528944966,10.318790586106479,9.890102865546938,10.628307580528785,8.446085143089295,10.947609796375039,12.67393921613693,10.824562603980306,11.745795242488386,11.343595781177289,11.230864001484587,11.577262543141845,10.591978644579644,8.632704171864315,10.502858715225013,12.386155712604523,12.394116562604905,12.996998220682148,13.654604423046113,14.323873227834705,8.548530176468194,12.916923373937603,13.496869540214536,10.233589172735808,14.168582791090014,14.132959949970243,10.423096726933728,10.758573102951054,8.893786722421645,9.403116920590406,10.258181454986342,11.919217205047607,11.744464951753617,10.948125357180832,10.765572093427183,10.561776270717381,11.006401875615122,10.738963671587417,16.964186894893643,5.814268666505815,12.797619235515592,11.322157458215951,10.63949225842953,10.91398873329163,10.440021328069273,11.04328170558438,12.044355496764187,13.188786924630403,12.242353162169454,11.667345632612706,11.332742440700539,8.712477292120457,11.319565421342851,8.264095018617805,10.422977275401355,8.865829790011047,8.900205895304689,8.012623593211174,9.664520363509654,10.770820119604469,11.257645273022352,11.733941226452592,14.115369355678562,11.130579497665172,10.098710837215188,9.125673671811818,10.574261339847004,11.819395127892488,9.716096976120024,10.076736839860683,10.920205643773079,10.905922751873732,13.772258841991421,11.287953904271129,11.567780967056756,10.286088507622484,11.475366424024106,9.493075164593753,16.827820146083845,9.253815531078725,10.239128606184389,11.510530136898158,10.096657627448442,11.363824437498993,12.003379365801814,10.818407114595171,11.782253596186637,12.514000958204266,10.970059422403576,9.437150003761058,12.974208821356303,9.924647031724454,12.29525953233242,11.719201251864432,12.926009237766271,10.851733392383903,10.056904924474654,10.581119629740716,10.085033320076763,10.95002444498241,10.39972423026338,9.751019204407928,10.52212587445975,9.402357992529867,8.505261624231936,11.181111742556089,9.394830654561517,13.201391762495035,8.104367409143748,7.470581879094245,14.531489616632456,12.781851942837243,12.841564089059835,12.903088003583258,10.432316850125792,10.292446288466449,11.618615687638513,11.068470125272874,11.37068041190506,10.072174697741868,10.988291947450493,11.259230509400366,10.993325722217563,9.467492183297875,10.907973642647269,12.942137034237394,11.128760868683454,9.046867792308333,10.919059267640117,9.581192929297684,10.020111439935858,13.022057521343225,14.423498463630683,11.701760582625862,12.01505948677659,9.940559262037278,9.718476471118631,11.736142344772817,10.717336603254084,7.41066482276656,12.313473750650884,9.471913169324393,12.258204131340607,8.585529270768163,8.849250650592147,12.085031047463422,12.606104981899264,9.974919153377412,12.003778618574142,12.401103976741437,10.130204292386773,10.678176148608328,9.24835415780544,11.803243421763183,12.138950747251513,10.453456573933362,11.157982058078048,11.721510253846647,12.15424647629261,9.412628684192894,10.309505669772623
