Year,1,2,3,4,5,6,7,8,9,10,11,12,13,14,15,16,17,18,19,20,21,22,23,24,25,26,27,28,29,30,31,32,33,34,35,36,37,38,39,40,41,42,43,44,45,46,47,48,49,50,51,52,53,54,55,56,57,58,59,60,61,62,63,64,65,66,67,68,69,70,71,72,73,74,75,76,77,78,79,80,81,82,83,84,85,86,87,88,89,90,91,92,93,94,95,96,97,98,99,100,101,102,103,104,105,106,107,108,109,110,111,112,113,114,115,116,117,118,119,120,121,122,123,124,125,126,127,128,129,130,131,132,133,134,135,136,137,138,139,140,141,142,143,144,145,146,147,148,149,150,151,152,153,154,155,156,157,158,159,160,161,162,163,164,165,166,167
2026,16.833307743072513,17.9875627040863,18.58432539701462,19.630192899703978,17.338850772380834,19.42260011434555,17.885738563537608,16.455946958065034,17.92811204791069,17.04219909310341,16.727593439817433,18.115031814575207,17.556967318058014,16.47263020277023,17.657427197694783,18.199163448810577,17.448603802919394,17.1454381108284,18.025028890371324,16.76810878515244,17.01422496438027,16.45041464567185,19.44261152744293,17.48920468091965,18.750506377220155,19.038883209228512,15.21797186732292,18.40782525539399,18.127366375923152,18.022331255674366,19.92196388244629,17.715933704376233,16.86843535900116,18.320005840063093,16.690268856287005,15.55791829526425,17.272405135631566,18.491849756240846,16.94582141637803,18.152193474769586,17.18267528116703,17.282986563444144,18.263192296028144,17.061415678262712,20.723380327224735,13.801952067017563,19.004553234577173,18.364684474468238,18.181790906190873,17.292082011699677,17.392345237731938,17.160271537303927,18.14830448627472,21.86331366300583,17.563765776157382,16.627829813957213,18.376400780677795,16.678200465440753,18.52314051389694,15.1712053000927,16.822751751542093,15.937154504656792,17.188585937023166,16.18939503133298,17.510373139381414,18.534998869895936,17.335146021842952,17.753885966539386,18.298465776443482,17.85822275876999,17.744812661409377,15.861498200893408,18.3613127052784,16.626965105533603,16.032493641972543,17.772614389657974,18.569368714094168,18.257244330644614,17.59863429069519,17.960057687759406,19.337634497880938,16.927760869264596,17.381458318233495,15.995035052299503,21.089615988731392,17.440867877006532,18.465000599622734,17.309769558906556,18.64459238052368,17.408478045463575,16.24974495172501,17.270011427998543,18.32833989858627,17.84366356134415,17.580994975566874,16.56310838758946,17.55204377174377,16.4322135925293,18.065869224071502,18.799283143877986,19.212155449390412,16.663507252931602,16.897696608304976,17.11820164322853,17.345229065418245,17.268833398818963,17.101765942573543,18.637431716918947,17.16876713037491,16.41122795939446,16.446589219570168,17.644344377517694,17.529428678750985,18.696435558795933,14.988708150386808,14.633936172723775,20.466883111000065,19.09671796560288,17.164052963256836,17.554309320449835,17.229037430882457,17.858120608329777,18.34978293180466,17.257902026176446,17.911826395988463,16.62992963194847,17.364523702859877,18.259531748294837,18.392959403991696,17.189793241024013,17.890505623817454,18.61732861995697,17.09153254032135,17.382412451505658,17.847244846820843,15.531724262237551,18.038280022144317,18.918786025047304,18.284296798706055,17.076263594627388,18.337982213497163,18.49071862697601,18.006591945886612,18.178413987159722,18.491732949018477,14.339696720242506,17.993784505128865,17.648835128545763,18.574210047721856,16.869806185364723,16.30901514887811,16.407730424404154,18.78910872936249,15.978900262713434,18.281232064962385,17.7542304456234,18.951360422372822,17.495753556489944,15.893948924541473,18.335921025276186,18.18711388111115,17.477887308597573,17.236250132322304,18.329799246788024,19.66236574649811,14.92372656464577,16.884196805953984
2027,16.39490844011307,17.589306855201727,18.625078368186955,18.978326249122624,17.397304224967947,18.84163744449615,17.875257706642156,16.59073666334153,17.391366147994997,17.159282302856447,16.29639053344727,18.10551149845123,17.634674513339995,16.685222518444068,17.63811205625534,18.178165805339813,17.47511475086211,17.119514048099525,18.0085086107254,16.226482319831856,17.028429687023166,16.3454966545105,19.151877069473265,17.55569761991501,18.462832033634193,18.974789118766786,15.339676976203922,18.443016648292545,17.776459956169127,17.987614190578466,19.2770310163498,17.708677780628204,16.903992891311642,18.327249312400824,16.308741772174834,15.604551583528519,17.38715206384659,18.404055500030523,16.746306002140045,18.124258828163153,17.228580951690674,17.29524966478348,18.223605966567995,17.185100519657126,19.92146377563477,13.907503712549808,18.498864185810096,18.33729096651077,18.19755511283875,16.8826513171196,17.387419360876088,16.698611235618603,18.173378300666805,20.997897279262546,17.582532584667202,16.471298384666447,18.407124733924867,16.270695662498476,18.29188449978829,15.273245114088061,16.861110633611677,16.04454590082169,16.63038362264633,15.659071427583694,17.138423073291776,18.532004249095916,17.35536803007125,17.792872202396392,17.85220625400543,17.912420237064364,17.76342414617539,15.997798866033554,18.457358914613724,16.60719923973084,16.067082250118258,17.25031397342681,18.61309280395508,18.301213073730473,17.820235085487372,17.918098533153536,18.769412422180174,17.040690445899976,17.13556122779846,16.116090571880335,20.195897674560552,17.363241684436797,18.455162465572354,17.47313703298569,18.650862050056457,17.395835661888135,16.222466182708747,17.335693264007567,18.27173981666565,17.895737993717194,17.580965399742123,16.65379911661148,17.539067995548248,16.568680667877196,18.1184439778328,18.858751386404045,18.95272653102875,16.699018037319185,17.036867582798003,17.163332426548003,17.461806368827826,17.280462503433228,16.703626406192775,18.643042325973518,17.282966291904458,16.55109477043151,16.02978549003602,17.717999482154852,16.99221493005752,18.228758001327513,15.105316340923306,14.40676282644272,19.79227225780487,18.643044769763954,17.17100061178207,17.557135939598083,17.213742905855177,17.867574667930608,18.09099348783493,16.85757596492768,17.943638801574707,16.656816267967223,17.476618075370787,17.879505658149718,18.373549008369444,16.948258078098295,17.94000521898269,18.64632866382599,17.123363864421844,16.824168348312377,17.358341372013093,15.59442124962807,18.024514877796168,18.487321293354036,17.9308818101883,17.047626876831067,18.380666089057925,18.471867489814763,17.989294695854188,18.166211879253392,17.99893286228181,14.34875788092613,18.035320675373086,17.098996651172637,18.54049156904221,16.304957288503648,16.16324428319931,16.41204482316971,18.61923578977585,16.021079862117773,18.34431295394898,17.816702342033395,18.966797286272048,17.61947907209396,15.99192591309548,18.34262462854386,17.94244188070298,17.469234472513204,17.19044147729874,18.38982701301575,19.130934858322146,15.020334732532508,16.392698550224306
2028,16.024850177764893,17.169394969940193,19.14041175842285,17.753296184539796,17.137345778942105,18.219062423706063,17.522363317012793,17.022507059574128,17.015467357635504,17.476608562469487,15.766338181495666,17.635374975204467,18.060923933982856,16.366624879837048,17.280422210693356,17.805279076099403,16.97038134336472,16.7168586730957,17.496139764785767,15.819787132740021,16.71225682497025,15.463322544097903,18.35499241352081,17.96804196834565,18.266781282424926,18.133055067062383,15.724196171760559,18.86308648586274,17.442100214958195,17.49011704921723,18.092973423004146,17.42276775836945,16.697312355041497,17.787580490112298,15.842701959609991,15.326051199436185,17.68314552307129,17.692367303371434,16.35562679767609,17.644643187522885,17.431657719612126,17.057744836807252,17.818903350830077,17.581282079219825,18.838957190513618,14.376713746786118,18.088792562484745,18.037707209587108,17.678582191467292,16.32077651023865,17.03066064119339,16.171324491500858,17.845420539379123,19.31941004991532,18.063080048561094,16.379090237617493,18.75150880813599,15.771444642543798,18.261236739158626,15.673995792865753,16.904580175876625,16.432373011112215,16.24331139326096,15.238968288898473,16.659917140007018,17.975802230834965,16.845340967178345,17.469534432888032,17.346939420700078,17.816553187370296,17.600432169437408,16.391912937164307,18.061211371421813,16.234385347366334,15.94338818788529,16.871111774444586,18.537380504608162,18.84113677740098,16.146522951126098,17.49468727111816,18.144835090637205,17.43908122777939,16.76000158786774,16.503879237174992,19.00614116191864,16.84029570817948,17.90810356140137,17.227977824211127,18.079434943199164,16.979126071929933,15.860276389122017,17.811723875999455,17.636988425254824,18.353304314613347,17.240803241729743,16.95579773187638,17.224130702018744,16.96781107187271,17.829125070571898,19.38614856004715,18.86236968040466,16.383650696277623,17.425144851207733,17.31702333688736,17.72629967927933,16.947291207313533,16.17176394462586,18.05467026233674,17.66763249635697,16.92131503820419,15.550217676162726,18.18808416128159,16.613593518733982,17.758759903907777,15.490096640586852,14.219735813140872,18.542824029922482,18.134091210365295,17.624516153335566,17.281905925273893,16.8180632352829,17.550141716003417,17.90092990398408,16.339878475666048,18.465618085861212,17.005293262004855,17.82490289211273,17.47845871448517,17.88393654823303,16.75719537734985,17.89629683494568,19.124980258941658,16.804846954345702,16.4315864443779,16.987004613876348,15.313790071010587,17.50029430389404,18.023259258270265,17.59200003147125,16.63841252326966,18.883549857139588,17.912655186653136,17.437227129936222,17.783373641967774,17.616210508346562,14.632548689842224,17.751210224628448,16.70680606365203,18.17343568801881,15.921762168407449,16.05716687440872,15.987801218032843,18.078306221961977,15.70627492666245,18.835677170753478,18.298016357421865,18.336197817325587,18.021694493293776,16.379045176506043,17.984096455574036,17.252873218059545,17.07980390787124,16.77552547454834,18.884139120578762,18.563567113876342,15.392230451107029,15.934151816368104
2029,16.460085761547084,17.666896778345116,19.199518930912017,19.561923813819885,17.789059096574793,19.782662951946264,18.245371979475017,16.753403016924857,17.50564269423485,17.32669904828072,16.036011362075815,18.08298447132112,18.171324157714842,16.615838390588763,18.0309185564518,18.559272861480714,17.453397536277773,17.126959061622617,18.009649318456656,16.288353505730623,17.417509281635294,16.25148396492004,19.686794483661654,18.08870774507522,19.157502639293675,19.22328678369521,15.491306678205728,18.995711183547975,18.426941692829132,17.98401603102684,19.880114316940308,18.040475332736968,17.280785411596305,18.31702709794045,16.10113631486893,16.022622739523648,17.528436118364333,18.732735347747816,16.770038759708402,18.12132810354233,17.737051349878318,17.665200984478002,18.272243714332582,17.334977626800537,20.14543578624726,14.081343975663188,19.264122915267944,18.418660891056067,18.18016493320465,16.56020792722702,17.804978474974636,16.440330755710608,18.537452572584165,21.778777801990508,18.146545124053965,16.38921525478364,18.904097563028348,16.049018129706383,19.023892390728,15.40705925319343,17.331324285268785,16.157578151207417,16.763897365331662,15.708061052858833,16.93463727235795,18.535992485284797,17.32966313362121,18.160014623403548,18.531807088851934,18.21513038277626,17.840342819690708,16.1520636945963,18.58227159976959,16.622153925895695,16.504939931631096,17.341111230850213,18.896652346849443,18.93430542051792,17.300223135948176,17.90410817861557,19.668014794588103,17.177190709114075,17.169092667102813,16.269577562808983,20.469318890571586,17.38908236026764,18.442062056064607,17.46079722046852,18.630753093957903,17.3932240843773,16.249011206626893,17.893535923957835,18.623315930366516,18.443147456645967,17.963578599691395,16.830393691360953,17.88935055732727,16.72800946235657,18.479823762178427,19.486258929967875,19.63241829872132,17.073995676636695,17.201005622744567,17.677917325496672,17.602299338579183,17.69429439008237,16.427994567155842,18.62274349927902,17.445325452089314,16.692928943037987,15.861985319852831,18.2713034272194,17.11520693302155,18.933579778671273,15.25082475356758,14.294499621167782,20.394675421714783,19.44299963116645,17.69841988086701,17.915948504209517,17.660795302689078,17.90599305033684,18.774868220090863,16.576520609855656,18.514617645740515,17.193219077587127,17.675887441635133,17.946955728530888,18.383029115200046,16.970098650455476,18.01142832040787,19.15616863965989,17.48715175390244,16.949375540018078,17.440338647365564,15.991518810391431,18.016440325975417,19.255532181262964,18.613466811180125,17.0491384267807,18.95694569349289,18.461094981431962,17.979624241590503,18.530005526542666,18.083490431308746,14.441308909654623,18.42630130648614,17.21777886152268,18.87624921798706,16.439014676213265,16.10776937603951,16.39577406644821,19.05474753379822,16.41378671973944,18.929815697669987,18.41332924365998,18.962915056943892,17.787242209911348,16.156730139255526,18.718281126022344,18.4163235783577,17.87554314434529,17.59364408254623,18.957420641183866,20.017704391479498,15.124495375156409,16.476845103502278
2030,16.18536928892136,17.24433178901673,18.181435799598695,18.35993058681489,17.481406199932103,19.032395291328424,18.1103684425354,16.933271825313575,17.131045234203338,17.53416088819504,17.108410030603416,17.560388016700745,17.189155793190004,17.06896077394486,17.915351724624635,18.43310497999191,16.83756594657898,16.637778484821315,17.39043225049973,16.192358005046845,17.23700331449509,15.661940503120423,18.932479262352,17.12074131965638,18.486884641647343,18.982049298286448,15.673494106531146,18.019733250141137,17.921382713317875,17.41844472885132,18.726524901390075,17.877613520622255,17.117671847343434,17.667158567905425,16.989169347286225,15.757867902517319,17.632458639144897,18.62967851161957,16.38939745426178,17.558163237571716,16.941635656356816,17.560668301582336,17.633979153633128,17.559103786945354,19.688309836387635,14.343420941382638,18.771686553955075,17.82181607484818,17.58346872329711,17.76536115407944,17.64938268661499,17.59020639657975,18.35904138088226,20.157123982906338,17.219893431663518,17.092736220359804,17.92855609655381,17.015057140588766,18.098121070861815,15.674088466167452,16.717523062229162,16.55511179566384,16.35025073289871,15.64872934818268,17.799866008758556,17.828477144241333,16.71226831674576,17.95767450332642,17.847226810455318,18.16337043046952,17.554789113998417,16.320610386133193,17.62447409629822,16.15324370861054,16.085659700632096,17.01858485937119,17.969986534118654,17.752992475032812,18.347873377799985,17.434915089607248,18.979618561267852,17.44553937911988,16.803273081779487,16.47452911138535,19.93737719058991,16.755606341362004,17.835985982418066,17.99904614686966,17.999444580078137,16.90071498155594,15.771372318267812,16.811050653457645,18.513655769824982,17.48378504514695,17.799242150783538,17.145279783010483,17.75780133008957,16.89910774827004,18.24600269794465,18.32333284616471,18.869564759731293,16.864223229885102,17.37327374815941,16.964975476264954,17.703686463832856,17.49000653028488,17.539944815635685,17.97550339698792,17.66696654558182,16.857550454139716,16.67154569625855,17.161882603168486,16.711446261405946,18.415700578689588,15.433869522809985,15.004705238342288,19.168667984008795,18.79620004892349,16.845394825935365,17.726312839984892,17.496028679609303,17.455402278900152,17.901354134082794,17.710060727596286,17.500868678092964,16.318388259410852,17.789253234863274,17.583509278297434,17.765725457668303,17.144085288047794,17.799350428581242,18.223271524906156,17.30099390745163,16.54605889320373,17.12961262464524,15.743243998289111,17.422143971920008,18.63186066150666,18.08670766353607,16.54866021871567,17.958395469188694,17.850212073326112,17.36689788103104,18.40755676031113,17.763818919658668,14.803626459836957,18.16293022632599,16.822724699974064,18.791508591175084,16.019815993309027,16.654903227090834,15.886441206932068,18.55360010862351,16.192380523681646,17.869990515708924,17.362346017360686,18.156667792797087,17.939703762531277,16.353256326913833,18.558655285835265,17.792234480381016,17.74474323987961,17.26802841424942,17.87591854333878,19.33042315244675,15.433563822507859,16.119860875606538
2031,15.376430809497839,16.25299361944199,17.339735496044167,18.217197823524476,16.521222710609443,18.090559756755827,17.033966577053075,15.975785142183312,16.177710914611822,16.496857815980913,15.328910177946094,16.524866497516634,16.409256803989408,15.741642904281623,16.75840283036232,17.2788652062416,15.849127608537675,15.756817448139188,16.321990388631814,15.007509416341785,16.235262036323544,14.850365626811975,18.260793828964232,16.361271846294404,17.836230862140656,18.089836764335633,14.706246459484106,17.177375352382658,17.37095890045166,16.34257366061211,18.585240364074714,17.023741424083713,16.147873061895375,16.567464810609824,15.3801926612854,14.760967126488685,16.67437717914581,17.462744116783142,15.565722501277929,16.503188788890846,15.990055751800544,16.462808448076256,16.57781164646149,16.599285435676574,18.68060472011566,13.181635195016861,18.10328453779221,16.82290996313095,16.519522488117225,15.914122939109808,16.463998067379002,15.705347156524663,17.337127161026,20.036066162586206,16.469815146923068,15.707316660881043,17.015492218732838,15.338778030872357,17.180437266826633,14.62971895337105,15.735742563009262,15.383521836996081,15.396383231878284,14.497973436117173,16.196728944778446,16.713878738880158,15.71212806105614,16.97808503508569,17.11188519001007,17.165424907207488,16.537246692180638,15.360578083992001,16.52531114816666,15.36142940521241,15.099645110964781,16.092455828189856,16.955782598257063,16.752868705987925,16.413906872272488,16.44011934995651,18.127842324972153,16.413878387212755,15.962394297122955,15.504865598678583,18.881977319717407,15.689260780811313,16.72806331515313,16.591354644298555,16.85550560355187,16.020186173915864,15.01434673070907,15.92022600769997,17.30800423622131,16.70222936868668,16.775268256664273,15.960227477550513,16.787978613376616,15.952775192260736,17.324712741374967,17.343506854772563,18.077446722984313,15.857214033603668,16.430999213457117,16.059846180677415,16.737258857488634,16.36062999963761,15.748680496215822,16.806856006383903,16.68002901077271,15.915485560894016,15.060541534423825,16.22688398659229,15.750414627790454,17.769311916828162,14.459949100017548,13.558752506971365,19.03953149318696,18.080095243453986,16.144866788387308,16.799960601329808,16.261536639928824,16.406576585769663,17.10948637723923,15.9686139702797,16.631301122903825,15.423965910077104,16.86588968038559,16.65795241594315,16.713155353069304,15.937452518939972,16.816700577735908,17.381400716304782,16.31474229097367,15.60087662339211,16.25518159866333,14.753158783912664,16.345412629842766,17.934462046623235,17.58635549545288,15.654650664329528,17.12716619968415,16.707049322128295,16.260385543107983,17.25486824512481,16.80466846227646,13.66843559145928,17.198747926950457,15.864015418291086,17.665179634094237,15.054786264896396,15.352133214473719,15.056485402584078,17.862335360050203,15.167025971412667,16.981040954589844,16.526185965538016,16.9167638540268,17.01051794290542,15.371333169937131,17.505923593044283,17.160618770122525,16.513575798273088,16.37896903753282,16.93714861273766,18.490415459871294,14.396422785520553,15.202239966392508
2032,16.364881026744833,17.554990851879133,19.373253238201148,19.702511906623847,19.078241717815402,20.577097785472866,19.74611123800278,17.40556658506393,17.332688748836524,18.093828237056734,16.291381859779356,18.214632141590116,18.317880690097805,17.31061937808991,19.62421065568924,20.13415480852127,17.54804414510727,17.265769696235658,18.089666581153875,16.179652941226966,18.817628419399263,16.02255964279176,20.62723398208619,18.237459969520565,19.653846299648283,20.401203465461737,16.173708069324498,19.169846999645227,18.984440040588385,18.095305228233347,20.033414554595954,19.270310020446782,18.54178988933564,18.412283217906957,16.34036605358124,17.382080137729638,18.166534662246704,20.271812176704408,16.84992210865021,18.235477781295792,18.272548925876617,19.08504736423492,18.33225419521332,17.98428688049317,19.286417484283454,14.98239523172379,20.121715581417092,18.49581044912339,18.277866959571842,16.823626089096066,19.428734219074254,16.675998115539553,19.924512028694153,21.9567883014679,18.34911844730377,16.855270457267764,19.05266712903977,16.27462568283081,19.449435889720924,16.177686965465547,18.139110779762266,17.014501523971564,16.574926304817204,15.611832332611083,17.14323822259903,18.56617448329926,17.449559211730964,19.48100955486298,18.502526378631597,19.388674461841582,18.153472304344184,16.856126332283022,18.645913302898407,16.784832239150994,17.57591267824172,17.219913911819454,18.98134179711342,19.08643068671227,17.374010586738585,18.06094275712967,20.44497765302658,17.89890486001968,17.197262728214266,16.908609187603,19.516000699996944,17.42974046468735,18.55910093784333,18.16417412757874,18.736567199230194,17.539545941352845,16.38942577838898,17.998202663660056,20.270670247077945,18.62923299074173,19.420512020587932,17.825700616836542,19.243637466430663,17.40690155029298,19.702833449840558,19.65002058148384,20.08138322830201,18.4234460234642,17.900528192520152,18.29993191957474,18.223745846748365,19.213775277137763,16.677557957172397,18.720291340351103,18.11465454101562,17.41239196062088,16.031385028362273,18.394888651371,16.922541856765754,19.556618154048927,15.972622764110568,14.724794054031369,20.55985853672028,20.102371454238895,17.909327673912042,19.18882566690445,19.36453124284745,18.119431328773498,19.22098704576493,16.804854393005378,18.688626801967622,17.578058129549028,18.383327960968025,17.864735817909242,18.432900631427778,17.219046914577483,18.367340302467355,19.31380138397217,18.824365913867954,16.77870844006538,17.317872452735905,17.33655450344086,18.118712389469152,19.90994220972062,19.18434884548187,17.210166358947763,19.12972828149797,18.569720411300665,18.067586338520055,20.07847781181335,17.935852360725402,15.143333125114438,19.736809408664705,17.037850970029833,20.40733165740967,16.24401524066925,16.555186760425567,16.531489527225496,20.00603070259095,17.79938844442368,19.111258637905127,18.5860771894455,18.98154096007347,18.468116343021396,16.822631490230563,20.16829433441162,19.260554838180546,19.51739394664765,18.79220476150513,19.117389827966697,20.80083500146867,15.896870791912079,16.337993121147157
2033,16.983271920681,18.273726797103887,19.17616400718689,19.40678100585938,18.16954098939896,19.837303608655933,18.78358347415924,17.386724460124974,18.142786610126496,18.031793522834775,16.82992272973061,18.572717070579532,18.126666426658627,17.41600773334503,18.620916700363164,19.160680592060086,17.894532638788228,17.536857831478123,18.482413280010228,16.951993858814237,17.899543535709387,16.630520808696755,19.879976034164436,18.039857637882243,19.153373086452483,19.85588443279266,16.166950750350953,19.004821014404293,18.412383186817173,18.48569422364234,19.73607778549194,18.426894807815554,17.737854933738706,18.810030627250672,16.776440221071248,16.44360442161559,18.15265221595764,19.518383562564853,17.231762850284586,18.606157660484314,17.89557715654373,18.223656904697418,18.73527113199234,18.022507810592657,18.608770346641542,14.956479542888705,19.361684489250194,18.820163774490357,18.661946856975554,17.387686574459075,18.39607214927673,17.29220296144486,19.03470113277435,21.562056231498733,18.082958209514622,17.15038440227509,18.930089551210408,16.755993920564663,19.07593252658844,16.18204591274261,17.60700162649155,17.05365542173386,17.415406155586243,16.35898674726486,17.580103397369392,19.015105098485954,17.794961798191068,18.620632266998292,18.280086040496823,18.76198115348816,18.396683192253125,16.80646026134491,18.93203004598617,16.996537673473355,16.861079615354544,17.9604562997818,19.120267659425735,18.954939934611314,17.823666322231304,18.38202842473985,19.752191144227986,17.924446797370912,17.64453346729279,16.954365658760075,18.87802324295044,17.89347256422043,18.962565857172006,18.357475018501287,19.160319590568548,17.80742650032044,16.5981186389923,17.908840161561965,19.357213294506074,18.388873457908637,18.47717500925064,17.69634060859681,18.36393806934358,17.364758574962615,18.879777657985688,19.489060848951347,19.693623292446134,17.56023311614991,17.82483081817627,17.82207868099213,18.231557250022888,18.239665567874916,17.218405997753145,19.166349881887438,18.146403110027318,17.32359920740128,16.51753284335137,18.29736238718033,17.75077159404755,19.006526613235476,15.938616615533837,15.013936918973922,20.231537675857545,19.455482316017154,17.646038401126866,18.330614876747127,18.271182703971867,18.423311227560045,18.828380966186526,17.3670526266098,18.509423995018015,17.290961569547655,18.266521716117857,18.508785212039946,18.83574135303498,17.61537808179856,18.558480095863345,19.210361158847817,17.970718836784364,17.601347255706788,18.019330215454108,16.421297013759613,18.519802349805833,19.263573765754707,18.56785016059876,17.47615591287613,18.89634653329849,18.99950922727585,18.492696309089663,19.132710409164428,18.710258376598357,15.2061638623476,18.821036565303803,17.87666569948197,19.4933419585228,17.087704175710677,16.743084472417834,16.789842653274544,19.298691129684453,16.891574883460997,18.920769500732433,18.36381850242615,19.491572922468194,18.411211228370664,16.84917029738427,19.25529918670656,18.627385377883915,18.51418310403823,17.987765467166895,18.983228671550744,20.05626038312912,15.902088785171511,17.111644196510312
2034,17.617812979221345,18.939185887575157,19.985766613483428,21.247465896606453,19.369183683395384,20.811643552780154,19.987703037261966,18.70934615135193,18.744894570112233,19.438758122920994,19.455822110176086,19.457732069492337,18.881236588954927,19.813964951038365,19.932012057304384,20.400060057640086,18.771668577194216,18.34234830141067,19.3642330288887,17.991353875398644,19.010627698898315,17.55714197158814,21.54827888011933,18.789842748641966,19.88046135902405,21.586920261383057,17.53060762882233,19.786763167381288,19.047931122779854,19.37734608650208,21.506957006454478,19.506871008872984,18.861591577529904,19.751073837280284,19.082621043920522,17.609715199470525,19.447199440002446,21.41040947437287,18.031049430370327,19.492593348026283,18.828245496749886,19.486894273757944,19.589333808422094,19.34864801168441,19.954735398292545,16.70808630585671,20.129561448097235,19.657649731636045,19.583996844291686,20.22068066596986,19.676767241954803,20.028862965106967,20.22043651342392,24.060640871524818,18.898880565166472,19.17812422513962,19.793000400066372,19.170323163270957,19.942445838451388,17.722817260026932,18.613249731063842,18.81580337285996,17.9885372877121,17.415739756822585,19.806337189674384,19.940793275833137,18.72035979032517,19.75762963294983,19.005478334426876,19.972709083557135,19.44309355020523,18.165231859684006,19.962685406208035,17.793557679653173,17.91988009214402,18.588564419746405,20.057206010818486,19.86581340432167,21.649951291084292,19.231136560440056,20.634591424465178,19.389588177204125,18.39221795797348,18.27600457668305,20.257999014854434,18.75284239053726,19.947389340400697,20.69023418426514,20.159823703765863,18.643121957778934,17.353620815277115,18.690426719188697,20.99951779842377,19.179180228710173,19.64496052265168,19.365904176235205,19.498977541923516,18.69543054103851,19.984507608413708,20.39526634812355,20.483533728122715,18.682065212726584,19.185297274589544,18.75346820354462,19.533885288238523,19.521181488037108,19.84505484104157,20.176900100708007,19.520559024810787,18.689500749111172,18.713773870468145,19.12096193432808,18.325196540355687,19.72902126312256,17.33860094547272,17.15005977153778,22.149197101593025,20.26036031246186,18.406559240818027,19.457252550125123,19.706208562850964,19.407569909095766,19.747239851951605,19.955006206035613,19.317930865287785,18.15353572368622,19.530820214748385,19.19504390954972,19.68886314630509,19.027663350105293,19.612803697586063,19.950476419925696,19.077668094635015,18.187804728746414,18.655916726589215,17.563769662380217,19.45083943605423,20.043595600128178,19.204585433006297,18.29917670488358,19.720339143276224,19.996871614456186,19.412177634239207,20.382556533813478,19.326562130451197,16.873994719982154,20.04082319736481,18.465056395530702,20.674159502983095,17.671756786108016,18.611616051197057,17.563852965831764,20.640044450759888,18.0445170044899,19.765907037258156,19.202579212188716,20.53767349123956,19.739218306541446,18.227343940734865,20.433408534526826,20.051250767707824,19.847634243965153,19.212205970287325,19.823797774314876,20.964653754234316,17.481969034671785,17.74144312143327
2035,15.485340178012853,16.52765797376633,18.318167543411256,19.773883032798757,18.136521267890927,19.11895869970322,18.871060788631446,16.901195180416106,16.218253850936897,17.62042865753174,15.774626754224306,17.553767013549805,17.337288171052933,16.993649625778204,18.751238381862642,19.23697648048401,16.765741503238683,16.658476185798648,17.33946075439453,15.14656379893422,17.908685415983204,15.757539546489715,20.071357202529903,17.262625265121464,18.588070726394655,19.7124995470047,15.699446925520899,18.153389054536824,17.99891905784607,17.397483271360407,20.054453444480902,18.54534956216812,17.6895988047123,17.607211285829546,15.72795842140913,16.40825894773007,17.612666666507724,19.524778139591216,16.129953265190125,17.54209982156754,17.240180709958082,18.2341016471386,17.64695925712585,17.586632269620896,19.3670504808426,14.417192070186138,18.928653419017785,17.823034411668772,17.56083196401596,16.37774304151535,18.47626941800117,16.175246798992156,19.076252233982082,22.03867721557618,17.395509314537055,16.482261824607853,18.012076145410543,15.751861360669142,18.23484486937523,15.747724390029905,17.15540861785412,16.670180130004887,15.415599837899219,14.640495296567684,16.557196834683424,17.770083415508285,16.66206618547439,18.625486868619923,17.803198981285092,18.647758507728582,17.5412449836731,16.320000952482225,17.53279311954975,16.21119359731675,16.61167667806149,16.15939530432225,17.983114174008374,17.932635681331156,17.508196067810054,17.453121006488807,19.08260543346405,17.49168014526368,16.434527230262756,16.493545544147494,19.653458786010738,16.703271406888966,17.85024551153183,17.96814191341401,17.983488249778755,16.947471463680273,15.821809339523321,16.926996237039567,19.43880977630615,17.628648018836977,18.531073099374773,17.36541876196862,18.459680724143986,16.89082037806511,18.866292619705206,18.507456830143934,18.960477507114415,17.52785467505455,17.351710855960846,17.300208836793907,17.691942542791367,18.288029718399052,16.223878741264343,17.95258038640023,17.709585261344905,16.859446179866787,15.423002870380879,17.323790811002258,15.771786712855103,18.52355926036835,15.467867445945739,14.148393622040748,20.624789929389955,18.875425314903268,17.03053073883057,18.380332028865816,18.41171083450318,17.417173141241076,18.187849175930022,16.43265888690948,17.642888939380647,16.579397797584534,17.853733664751054,16.96710140109062,17.709423041343694,16.45730905532837,17.772977423667918,18.37778893709182,17.95925745368004,15.628960234671837,16.337935036420827,16.38249446153641,17.426140779256823,18.719903302192687,18.1986609697342,16.558641517162325,18.081500250101094,17.863599544763566,17.345385277271284,19.20979380607605,16.86248262822628,14.65130855590105,18.84275053739548,15.890516496263448,19.56988073587418,15.084688348323107,15.948648750782022,15.869393110275274,19.407970452308657,16.854610919952393,18.040000474452977,17.534161496162422,18.077667073905474,17.92689865231515,16.40893210172653,19.302866566181184,18.756612360477455,18.600745636224747,18.011083400249483,18.045302993059163,19.42296566963196,15.517597931623461,15.27084144949914
2036,16.396781229972838,17.542596340179447,18.647419023513798,20.38579022884369,17.839450812339788,19.75411170721054,18.456882894039165,16.72468036413193,17.372800636291508,17.350091862678532,16.533314919471742,18.04606955051423,17.656964564323427,16.88270553350449,18.267622709274292,18.801909923553474,17.377840971946718,17.099903631210328,17.926939678192138,16.23619701862335,17.583713173866272,16.19392107725143,20.173539447784428,17.576092302799232,19.00748512744903,19.790760135650633,15.490868318080905,18.452518916130067,18.428070855140692,17.92014201879502,20.676319313049316,18.160465836524963,17.401226913928987,18.23353706598282,16.535379791259768,16.13175586462021,17.514325451850894,19.314930224418653,16.75527108907699,18.064814853668224,17.382537436485297,17.848102200031285,18.14814877510072,17.35209287405015,20.527981567382817,14.109064769744872,19.326690149307257,18.27763439416885,18.111787724494928,17.039514613151553,18.050960576534276,16.92507497072221,18.69523764848709,22.94933314323426,17.664834892749788,16.64109351634979,18.407046449184424,16.493641316890717,18.67451319694519,15.43194714784622,17.130387336015694,16.23277299404145,16.60524264574051,15.678623890876759,17.344040942192073,18.42126311063767,17.279726922512058,18.29903606176377,18.34716308116913,18.340670669078833,17.77929986715317,16.137874352931988,18.338366007804872,16.60798114538193,16.46502428650856,17.237900042533873,18.55424526929856,18.27185163497925,18.273126959800713,17.89242198467255,19.6630862236023,17.196884596347815,17.13831577301026,16.270366847515106,20.84034097194672,17.294090735912327,18.382131135463716,17.731187784671793,18.56417610645294,17.36398822069168,16.227424645423895,17.299702078104023,19.092601585388188,17.94475951194763,18.153956568241124,16.95041750669479,18.056622791290284,16.71143584251405,18.56459742784501,18.83283418416977,19.382765233516697,17.22261898517609,17.17791403532029,17.373347806930546,17.583432602882397,17.86483701467514,16.900193333625797,18.55461856126785,17.451600730419166,16.691129279136653,16.220709466934203,17.646586024761206,16.960820460319518,18.95262703895569,15.265441608428958,14.616355419158939,21.275332140922554,19.416756796836857,17.27376245260239,18.02949354648591,17.877505719661713,17.83377031087876,18.584463346004476,17.03346245288849,17.95228132009506,16.753267616033554,17.66310222148896,17.847569310665143,18.291260802745825,17.062653350830082,17.96958953142166,18.607522022724158,17.65465651750566,16.80048688650131,17.342498874664308,16.111125206947328,17.950270164012903,19.23173093795776,18.597440910339355,17.028711163997645,18.411590373516084,18.392583155632025,17.906955742835997,18.752729868888856,17.96363538503647,14.551278984546661,18.505030214786537,17.076414585113525,19.13691937923432,16.26352813243866,16.351379108428954,16.364369177818297,19.367598438262945,16.55939121246338,18.36557565927506,17.864142966270443,18.82172436118126,17.757376515865335,16.149362587928778,18.911860728263854,18.8286209821701,18.114280867576596,17.810074007511144,18.346391874551784,20.0089465379715,15.165941822528842,16.372683775424964
2037,16.10415287017822,17.224548220634457,17.89384021759033,18.38014581203461,17.36644443273544,17.690020775794988,18.039766550064087,17.043716704845426,17.057219362258905,17.688101506233217,16.57741552591324,17.680219364166266,16.92818711400032,17.14249556064606,17.843133425712587,18.367379021644588,16.930610758066184,16.79036508798599,17.502393609285356,16.020444476604457,17.159838771820073,15.721027362346655,18.8929214477539,16.867044794559483,17.72800270318985,19.21458382606506,15.836968111991885,17.69633087515831,17.071999752521524,17.544879972934723,18.70366191864014,17.83189063072205,17.050794672966003,17.777075541019443,16.50365674495697,15.634975427389145,17.765636336803432,18.83819575309754,16.474687504768372,17.6825575709343,16.67611884772777,17.52284229993821,17.736517584323888,17.733457517623904,17.87099688053132,14.570091367885473,17.789064824581153,17.894939255714416,17.70444045662879,17.14874235391617,17.56832164525986,16.95997095108033,18.290485060214998,20.202189040184017,16.995530462265016,16.873673582077018,17.69489423632622,16.500969862937932,17.344026684761044,15.87120116949082,16.5136677980423,16.791563993692396,16.29997406601906,15.467805647850037,17.300778651237493,17.931368720531474,16.81434047222138,17.875373601913452,16.794997847080225,18.170503807067877,17.694664096832277,16.4730291545391,17.629261943697934,16.337926876544955,15.913419407606133,16.928905808925624,17.892924362421034,17.42964776158333,17.87009673118591,17.572041475772867,17.738761854171756,17.630615431070332,16.843986678123482,16.623913896083835,18.028397727012635,16.89346794486046,18.00097725987435,18.104330801963805,18.14624187350273,17.07469699382782,15.95089467763901,16.480315831303603,18.593393671512608,17.23001085519791,17.730000507831576,17.320723742246635,17.692905509471892,17.0338871717453,18.15585634708404,18.005320861935623,18.10411080121995,16.764162981510164,17.507448768615728,16.745772701501856,17.84984451532364,17.405484139919277,16.95480130910875,18.11578983068465,17.848903656005863,17.016892468929292,16.168420171737672,16.852802130579953,16.658883666992192,17.47857401371002,15.61466626524926,14.725499188899999,19.176546168327334,17.706765353679657,16.65198767185211,17.643751788139348,17.431178987026215,17.57290745377541,17.28420719504356,17.117441153526304,17.213015168905265,16.060274022817605,17.892376947402962,17.558170592784887,17.858483433723464,17.027055549621586,17.908726346492774,17.958082485198975,17.2158361196518,16.498062980175018,17.051715004444123,15.624745196104055,17.567893016338356,17.582552373409275,17.290065741539014,16.685772418975837,17.67564599514008,18.00397875308991,17.4993455350399,18.338845527172094,17.66862263679505,14.888544049859055,18.070411610603333,16.76015738844872,18.72684687376023,15.973790878057477,16.46741189956665,15.992499363422402,18.493561530113222,16.08102702498436,17.578784519433974,17.094493359327313,18.27979952543974,18.06365250349045,16.511807847023007,18.490202081203456,17.748184108734137,17.6721838414669,17.185570538043983,17.579778790473945,18.09456245899201,15.63972787857056,16.035412871837615
2038,17.211410665512084,18.409449100494385,19.965339863300322,19.85581786632539,18.302122288942346,20.192503893375402,18.914594459533692,17.033701193332675,18.26544709205627,17.66633439660073,16.61921634674073,18.742686629295356,18.932806849479682,17.045226061344145,18.770491707324982,19.22374601364136,18.068263602256778,17.738274502754216,18.6044042468071,16.943383860588074,18.062579119205473,16.95354351997376,20.18571754693985,18.84398195743561,19.68599152565003,19.5245474100113,15.754140084981918,19.714364874362946,18.833273696899415,18.601894140243537,20.191615557670595,18.657321786880495,17.86132751703262,18.96982071399689,16.577913749217988,16.60088294148445,17.864208686351777,19.30642122030259,17.58046174049378,18.75135366916657,18.374151349067684,18.31454183459282,18.842167830467222,17.607210218906413,20.644313859939565,14.502506989985713,19.730127954483034,18.931906461715705,18.817082190513617,17.27093950510025,18.529305523633965,17.091096639633182,19.121773469448094,22.21584169864654,18.973930263519286,16.907918059825896,19.66211615800858,16.561498355865474,19.571916234493262,15.79044569730759,17.93362436890603,16.676626068353652,17.514623546600337,16.402527713775644,17.384706771373747,19.10746011734009,18.02727928161621,18.69426430463792,18.922814702987676,18.752312362194065,18.28340984582901,16.434207171201713,19.315296280384064,17.25782864093781,17.076873594522475,18.1280436873436,19.60509027242661,19.69883297681809,17.48618278503418,18.554456543922424,20.059273529052728,17.525112032890323,17.90442175865174,16.499264544248575,20.922018337249764,17.962937045097352,19.128361463546756,17.92372510433198,19.323841261863713,18.013477993011477,16.84272310733795,18.60118961334229,19.294152843952183,19.240673303604133,18.63185424804688,17.36807035207748,18.534218990802778,17.0100543498993,18.96246148347855,20.267680168151863,20.13940470218659,17.612314528226854,17.509229397773748,18.31933972835541,17.90741406679154,18.342223423719407,17.062269592285155,19.308909761905674,17.728650975227364,16.986451816558834,16.343795037269597,18.944918859004975,17.86793050765991,19.28114769458771,15.543161320686341,14.75664992928505,20.746406078338623,19.845757317543026,18.49616281986237,18.49482181072236,18.44278868734837,18.44184203147889,19.271943914890294,17.218744051456447,19.26487175226211,17.870317518711087,17.98617621660233,18.678763842582704,18.92213139533997,17.409417140483857,18.420760047435756,19.79897232055664,18.03507025837899,17.70572674274445,18.203035140037542,16.56097563803196,18.661178541183478,19.659133863449096,19.039124774932866,17.708142971992483,19.75367016792298,19.141268491744995,18.60578974485397,19.161085420846938,18.887899279594418,14.828852623701101,18.982317173480986,17.98723586797714,19.51163779497147,17.195095098018648,16.4916470170021,17.017302179336543,19.54614259004592,16.97877554893494,19.744799208641055,19.236694145202637,19.586516559123996,18.07161232233047,16.414348334074017,19.33575217723846,18.864006352424628,18.5677956044674,18.12093358039855,19.68632432222367,20.4326935172081,15.584746736288073,17.29656420946121
2039,15.872394931316373,17.15720902681351,19.559886229038252,19.860240340232842,18.223920333385472,20.81659315824509,18.757378733158113,17.269322907924654,16.81767661571503,17.97413411140442,15.823624229431152,18.25249553918839,18.463482081890106,17.255149197578433,18.665195453166966,19.113491833209995,17.569361627101905,17.272511017322536,18.107649040222167,15.676845067739492,17.80579528808594,15.988107049465185,20.11495379209518,18.375663888454437,19.76308567523956,19.672687315940856,16.074096989631652,19.39592193365097,19.052070140838616,18.127373969554906,20.20709176063538,18.469543123245238,17.632706785202036,18.443104732036595,15.848191708326345,16.383575183153148,18.010580086708067,19.403228187561034,16.600026261806484,18.265130662918097,18.13925905227661,18.185328793525706,18.406744170188908,17.936661577224733,21.240111470222473,14.85218864008784,20.144244527816774,18.549462056159975,18.3312995672226,16.33399137258531,18.34317688941956,16.24510055780411,19.042595708370207,22.159559416770936,18.45080380439759,16.645647704601284,19.179018259048455,15.817465287446973,19.73146997690201,16.118825250864028,17.781285035610196,17.048049652576445,16.051615905761718,15.119766199588778,16.68041557073593,18.610671460628517,17.479208183288574,18.609930145740513,18.999152421951294,18.69978510141373,18.131198430061342,16.69625288248063,18.70276393890381,16.77231285572052,16.906517916917803,16.68450518846512,19.09430272579193,19.410617172718048,16.96533457040786,18.084769737720496,20.646720075607302,17.877986204624186,16.924610412120828,16.87896068692207,21.653725123405458,17.4793571472168,18.65051048994065,18.250050842762,18.817610728740696,17.565978348255168,16.384442651271826,18.27223083972931,19.288318300247195,18.750755429267887,18.42418910264969,17.696607112884525,18.398553729057312,17.258603507280352,18.88979841470718,19.938715064525613,20.319660913944247,17.519479829072957,17.71771268248559,17.9779923081398,18.08878979682923,18.253054261207573,16.238449406623843,18.810022401809697,18.072748315334316,17.205375784635546,15.578870850801462,18.72213432788849,16.400293153524398,19.731906747818005,15.833748877048492,14.344267541170122,20.733995914459225,20.26425232887269,17.980352711677547,18.37276746034623,18.314296072721483,18.086286175251,19.412776684761056,16.392868375778203,18.88780504465103,17.581782686710365,18.144513523578652,17.51182472705841,18.445309245586397,16.884018313884738,18.30103796720505,19.5905644774437,17.919024848937987,16.252565610408784,16.812879002094263,16.35995507836342,18.18708028793335,20.046875810623177,19.176455688476572,17.198231589794162,19.27712188959122,18.67457115650177,18.131865489482877,19.13255494832992,17.406437003612524,14.981803688406945,18.874103820323953,16.513879787921905,19.47430645227433,15.721085780859003,16.17709100842476,16.520264589786528,19.430932796001436,16.83331135511398,19.336650335788725,18.765665030479436,19.05310225486756,18.279537630081183,16.77845977544785,19.225482451915745,18.788128101825713,18.512520974874494,18.009928393363957,19.405739474296574,20.981195211410526,15.859802025556565,15.797291529178622
2040,17.88010491132736,19.23712809085847,20.525900971889506,19.772927403450016,19.24844199419022,20.69078071713448,19.862976503372206,18.52413785457611,19.127297103405006,19.235987782478325,18.421272933483124,19.447006249427798,19.382563686370855,18.405528140068053,19.79514539241792,20.28842083215714,18.751818811893465,18.330298054218296,19.373221558332457,18.07817986011506,18.925415658950808,17.264370560646057,20.7437843322754,19.269417691230778,19.92581799030304,20.00356204509736,17.307857382297513,20.335220158100135,18.947215747833255,19.371442246437077,20.058752083778383,19.341255152225504,18.75915092229844,19.75867941379547,18.195660233497623,17.517768847942353,19.23966276645661,20.11951611042023,18.122619020938878,19.49852623939514,19.206271195411684,19.35036423206329,19.67698787450791,19.174021100997926,19.44145271778108,16.31905006244778,20.005915665626528,19.75071097612381,19.592207872867583,19.162886309623723,19.560634803771975,19.00314552783966,20.11332309246064,21.98652415275574,19.35027701854706,18.545410501956937,20.249081540107728,18.261609065532678,20.279587751626977,17.431009405851363,18.87477589249611,18.495589709281923,18.39325284957885,17.500654006004332,18.998076677322395,19.97322942018509,18.686376392841332,19.67334625720978,18.7170206785202,19.839389204978946,19.339146506786346,17.93322142958641,20.082765805721284,17.779935979843142,18.012105447053912,18.92396737337113,20.3206893324852,20.559282582998286,18.25797085762024,19.225284326076515,20.535004079341896,19.156335330009462,18.533938086032865,18.108759534358985,19.73202722072602,18.786320370435714,19.977565538883212,19.491339230537417,20.185308212041857,18.648459196090695,17.343790781497955,19.319251471757898,20.20749015808106,19.66676453351975,19.5282876610756,19.11789976954461,19.34898068904878,18.485384786129003,19.903309798240663,21.07913764715195,20.70289239883423,18.620418566465382,18.953707075119013,19.026694369316118,19.30906022787094,19.41818419098854,18.862727332115174,20.19443263411522,19.309478437900534,18.4311460852623,17.973168170452112,19.78921243548394,18.721981000900275,19.598213613033295,17.07961187958718,16.396935808658604,20.57733147144318,20.147651767730714,18.831974017620087,19.31463325023651,19.537970274686806,19.360627412796024,19.86062053442002,18.97889697551727,19.89121342897416,18.625275987386708,19.357018053531643,19.464888286590583,19.709826219081883,18.758924937248235,19.52425439357757,20.558301973342886,18.994859182834634,18.583837771415705,18.971754205226905,17.4904180765152,19.453290480375287,19.926624703407295,19.07802448272706,18.27802588939668,20.248638820648196,20.016767984628682,19.40465677976608,20.280486238002776,19.70311933755875,16.471190094947822,19.91579407453537,18.867664372920988,20.57698663473129,18.078479731082915,18.0056789636612,17.52743898630142,20.13191630840302,17.97345387339592,20.36278200149537,19.749070942401897,20.562595182657248,19.516620314121248,18.01956626176834,20.316486668586737,19.407155668735506,19.74084215164184,18.978534710407253,20.489501976966864,20.84759119749069,17.167973744869233,18.091916465759276
2041,16.247245776653298,17.399159169197084,18.64368031024933,19.647714424133305,18.28868520855904,19.5691352903843,18.777214217185985,17.28477522730828,17.1836697101593,17.973402792215346,16.17106152176857,18.10946515798569,17.63021388053894,17.366185891628266,18.703668069839477,19.14186946153641,17.455362260341648,17.167288458347326,17.96439138650895,16.00184317231179,17.802061712741853,16.21310579776764,20.08150672912598,17.553607082366945,18.875927782058717,19.77003507614136,16.067781680822375,18.495519411563876,18.255209636688242,17.959529292583465,19.96591944694519,18.53177304267884,17.634459209442138,18.317815780639645,16.13606515526772,16.38652085661888,17.981834715604784,19.48819242715836,16.721015715599066,18.12598880529404,17.511922717094425,18.20360993742942,18.20351111888886,17.920076763629915,20.060269927978513,14.869217866659161,19.19360707998276,18.30841404199601,18.218576216697688,16.822769856452943,18.375272417068484,16.70044720172882,19.09361410140991,21.874661362171185,17.629220211505892,16.8788358926773,18.39146015048027,16.128768396377563,18.65088519454003,16.1227354168892,17.34628974199295,17.026392811536798,16.39221016764641,15.449899005889899,16.97110894918443,18.495264500379566,17.381673043966295,18.650193655490877,18.072327017784126,18.690597069263458,18.020355647802354,16.685819786787036,18.43388259410858,16.69543229341507,16.67939656376839,17.05450134277344,18.603177309036255,18.344571924209596,17.550375819206238,17.934815454483026,19.468242949247355,17.869195115566257,17.08227005004883,16.867026913166047,20.361943244934082,17.33776507377625,18.545660579204565,18.32300446033478,18.708265411853795,17.463063812255868,16.317152905464173,17.30180042386055,19.35904133319855,17.937232172489168,18.435647237300874,17.68272716999054,18.43860985040665,17.24865657091141,18.93949190378189,18.90645449757576,19.322637295722963,17.5407118678093,17.718297666311265,17.424330067634582,18.046975910663612,18.317268329858784,16.664943373203283,18.695872986316694,18.06012470722198,17.201707005500793,15.889866971969605,17.739657449722294,16.733875370025636,18.8389231801033,15.825264036655431,14.560921746492383,20.55687720775604,19.233525443077085,17.22992722988129,18.43149960041046,18.36765196323395,17.976879006624223,18.503413289785392,16.82712687253952,17.945099174976356,16.80589153170586,18.154917812347414,17.76858062744141,18.304633891582494,17.02146294116974,18.221368968486786,18.70290949344635,17.944937509298335,16.598274213075637,17.184740936756135,16.381553387641915,18.05241870284081,19.059484541416168,18.421633338928217,17.105406165122986,18.397474372386945,18.55419375896454,17.96074277162552,19.158888888359076,17.7820255279541,15.047220078110701,18.948118805885326,16.87735651731491,19.504911947250367,16.0568398475647,16.32645434737206,16.428736197948453,19.418364071846007,16.847402834892275,18.399362754821777,17.8715868473053,18.92888570725918,18.276202130317696,16.79845385551453,19.251028203964236,18.71357645988465,18.551678907871253,18.013113003969192,18.43713205456735,19.827069854736326,15.875875324010849,16.213570094108583
2042,17.012663555145263,18.282907581329347,19.520412635803215,21.027588820457456,18.762618744373317,21.62945798635483,19.18511803150178,17.72363458871842,18.02470103502275,18.415194523334506,16.617980933189394,18.99422566890716,18.439434885978713,17.881851243972783,19.17061200141907,19.602885270118716,18.444092714786528,17.957209622859956,18.86333830356598,16.756149983406072,18.25603225231172,17.308570837974553,21.089785337448113,18.35597679615021,20.185515546798705,20.361667966842646,16.508112668991092,19.415526497364045,19.59556789398194,18.864443910121928,21.32760218381882,18.91733872890472,18.087934267520904,19.336122250556947,16.58272067308426,16.86521755456924,18.48350340127945,20.10181667804718,17.569939374923713,19.02512022256851,18.304239821434027,18.645553469657898,19.11807271242142,18.350422906875615,22.07771389484406,15.430227470397949,20.791560173034675,19.16114785671234,19.167167627811438,17.207660555839535,18.88626670837403,17.09310984611511,19.538892376422886,23.858483147621165,18.45638949871064,17.267352914810168,19.308521115779875,16.56038316488266,20.099600648880006,16.588351380825046,18.043029427528374,17.552953803539275,17.265197217464454,16.19158800840378,17.39596379995346,19.495430982112886,18.403286814689643,19.102317869663242,19.56736381053925,19.114134645462038,18.7558078289032,17.15229206085205,19.599829518795016,17.469968700408934,17.252163350582123,17.895898461341858,19.608649802207943,19.431713914871217,17.90575189590454,18.759321010112764,21.410620009899144,18.298459458351147,17.86385447978974,17.295208275318153,22.480376553535464,18.300943791866313,19.559408855438235,18.84654332399369,19.742534101009362,18.291350269317633,17.048793458938604,18.272613644599918,19.934438145160676,18.727243888378144,18.861045372486114,18.20412410497665,18.84211096763611,17.688551771640782,19.389783871173854,19.946436381340032,20.709079003334047,18.005091559886935,18.17140728235244,18.176673364639278,18.6067519068718,18.806811666488645,17.027813255786892,19.756217861175546,18.469604313373566,17.678119492530822,16.333293735980995,18.710191738605506,17.59668431282043,20.33853647708893,16.29348167181015,15.003495705127715,21.97742990255356,20.95139018297196,17.97190136909486,18.85710211992264,18.894234406948087,18.768860304355627,19.851230871677398,17.18825060129165,18.852406239509584,17.63257324695588,18.583415484428414,18.561172246932987,19.18439027070999,17.643427348136903,18.87238792181016,19.579673719406127,18.397616207599647,17.4795775771141,17.96803233623505,16.852199923992156,19.02903866767883,20.717534947395325,19.6961555480957,17.92813818454743,19.240493261814123,19.587003040313725,18.942684483528133,19.62234472036362,18.60345237255096,15.51795561313629,19.42891302108765,17.744343042373657,19.91436861753464,16.933501124382026,16.78707897663116,17.295645546913146,20.174125468730924,17.317465555667876,19.319563031196594,18.748685276508336,20.076153492927553,18.718648004531858,17.18463232517242,19.680850756168365,19.574591231346133,19.048281884193422,18.600068449974064,19.40974264144897,21.757419466972358,16.376696050167084,17.15076907873154
2043,16.627484524250036,17.84730229377747,19.55313534736634,22.685392880439753,19.313850688934334,21.88853415250778,20.014052629470825,18.210366106033327,17.598212873935694,18.913371253013615,18.45220186710358,18.62365220785141,18.511358273029327,19.079290246963506,19.96047222614289,20.423661017417906,17.931297278404237,17.621400618553167,18.51513603925705,16.893034374713903,19.055740880966194,16.800308156013493,22.309014582633978,18.421048367023474,20.42224779129029,21.531383514404297,16.984528529644013,19.432641100883483,19.87741494178772,18.525652861595155,22.941716909408573,19.506793737411506,18.835359978675847,18.85040516853333,18.248643076419835,17.63351011276246,18.90074570178985,21.339553785324092,17.161237502098082,18.647339344024658,18.533595812320712,19.44470162391662,18.79383249282837,18.81522338390352,22.87176930904388,15.984630036354071,21.05079097747803,18.93487644195557,18.739348399639137,19.120630693435665,19.732165277004242,18.932925581932068,20.207630014419557,26.13670694828034,18.520548236370086,18.347829842567446,19.2890726685524,18.24896702766419,20.169476521015163,17.081490278244015,18.41994462013244,18.06962114572525,16.82371058464051,16.314708387851717,19.01798343658448,19.049849617481232,17.84900850057602,19.756335663795483,19.918375897407536,19.82038908004761,18.744105720520018,17.639147090911866,19.046815991401672,17.11703507900238,17.831830990314483,17.474393475055702,19.351143968105323,19.376560521125796,20.86513721942901,18.44259696006775,21.669338691234586,18.78742411136627,17.50761870145799,17.73361740112305,23.28367922306061,17.900278067588808,19.050986957550048,19.89320285320282,19.23807710409164,17.915875840187073,16.709826278686528,18.254194450378428,21.006170940399173,18.797880983352663,19.678240656852722,18.77947916984558,19.515148925781254,18.182394099235538,19.955623579025268,19.92377738952637,20.81932413578034,18.692892193794254,18.67329604625702,18.51109336614609,18.984602928161628,19.531275951862337,18.815274214744573,19.242824947834016,18.958140683174133,18.178438258171084,17.831072843074796,18.652897727489478,17.165592920780185,20.549160218238832,16.78089858293534,16.347564506530766,23.71972267627716,21.20990698337555,18.070827794075015,19.45036723613739,19.735513031482693,18.620221984386443,20.12582499980926,18.912058424949645,18.90155173540115,17.821284544467932,19.100108027458184,18.17489439249038,18.85857280492783,18.24160914421082,18.954648900032055,19.55300343036652,19.09103453159333,17.036855459213257,17.58712502717973,17.58262890577317,18.58168549537659,20.972642874717714,20.05197143554688,17.542317152023315,19.309882652759548,19.075669479370124,18.5332268357277,20.380729079246528,18.187977814674376,16.20385451316833,19.999585914611824,17.29821619987488,20.69534566402435,16.498944401741028,17.94829044342042,16.82727303504945,21.079575586318974,18.065613174438475,19.342250525951385,18.8022870540619,19.529094755649574,19.240202999114995,17.661174416542053,20.43988230228424,20.6647894859314,19.869322943687443,19.388796925544742,19.37616499662399,22.003573536872867,16.831798827648168,16.626866018772127
2044,15.680053341388703,16.851615321636203,18.251548588275906,20.517567682266236,17.19948801994324,19.8194962143898,17.706465363502502,16.252302384376527,16.545183575153356,16.813210499286647,15.663299584388739,17.793659520149227,17.256885051727302,16.67741625308991,17.465105187892924,18.000307631492614,17.088230860233306,16.863127470016476,17.64689204692841,15.43790774345398,16.880694973468774,15.917352652549738,19.84336813688278,17.193951344490056,18.89917387962341,19.586996173858644,15.003112995624543,18.098345506191254,18.427099823951725,17.65240347385407,20.828577208518983,17.5700757265091,16.73746829032898,17.92443311214447,15.730765604972845,15.435984015464788,17.053899133205412,18.79433619976044,16.287309098243718,17.783028328418727,16.890110397338866,17.090805172920234,17.906855142116544,16.856136977672577,21.397744536399834,13.52958078980446,19.350903248786928,18.025289475917816,17.8503009557724,16.195130240917212,17.200443994998935,16.039976155757905,17.991852152347565,23.171040439605704,17.299521565437317,16.00740194320679,18.00899492502213,15.67018421888352,18.487424170970918,14.941117203235624,16.58695307970047,15.68624740839005,15.779951834678647,14.873411130905154,16.563056075572966,18.117464601993568,16.98096109628677,17.61626580953599,18.48883044719696,17.69679836034775,17.428032112121592,15.650239109992986,17.932894289493568,16.389216387271876,15.854222869873052,16.444125759601594,18.168185496330263,17.85433518886566,18.45428063869476,17.631260621547703,19.70703258514404,16.69555733203888,16.617831778526313,15.775234186649323,21.781694078445426,16.999022746086126,18.12049955129624,17.440137648582464,18.29006830453873,17.141292297840117,16.01005325317383,16.899677336215973,18.422814702987672,17.54870312213898,17.42757726907731,16.31398912668228,17.37835661172867,16.23161722421646,17.940940570831295,18.411188244819648,19.25269356966019,16.520692157745362,16.70338541269303,16.874072027206427,17.121701192855834,17.08062374591828,16.057635855674746,18.269018936157224,16.950357413291933,16.213023579120637,15.416427791118616,17.26887876987458,16.14021847248078,18.99384162425995,14.767872691154485,13.892735314369205,21.507935452461247,19.449969422817226,16.942431664466856,17.396390342712408,17.01234929561616,17.525108623504643,18.416173636913303,16.238795912265783,17.567889201641087,16.327741992473612,17.1771023273468,17.211956059932703,18.02058874368668,16.41020534038543,17.614565348625185,18.297369241714485,16.96212692260742,15.976429295539855,16.582916831970216,15.418452727794648,17.695593345165253,19.268262147903442,18.591099333763122,16.777439832687378,18.010650479793558,18.13029477596283,17.639660346508027,17.97457799911499,17.152591073513033,13.976143121719366,17.85130454301834,16.2384780049324,18.368779098987577,15.44792332649231,15.693191123008734,16.112882399559023,18.959495186805732,15.849304533004773,17.929837286472328,17.428307533264164,18.46872360110284,17.284966206550607,15.669018006324768,18.17837384939194,18.4800585269928,17.267975866794586,17.22569110393524,17.966920244693757,20.052167093753805,14.695797300338743,15.562554824352267
2045,17.712910628318788,19.12219527959824,21.032363533973687,21.007553124427805,19.78355544805527,21.952252984046943,20.30291279554367,18.882025027275084,18.923555552959446,19.578938579559328,18.633946263790143,19.59828916788101,19.86597983837129,19.18684751987458,20.27606955766678,20.73932529687882,19.011975479125987,18.461005043983466,19.569513177871706,17.989667618274687,19.347679448127742,17.551992464065556,21.675284123420724,19.74359041452409,20.71172907352448,21.39090895652771,17.652141058444975,20.8662258386612,19.760426211357125,19.541104924678805,21.28590195178986,19.73077929019928,19.17057025432587,19.998686683177947,18.38924964666366,18.007105445861818,19.5752714753151,21.28324844837189,18.11561714410782,19.66560467481614,19.762035894393918,19.784272289276124,19.86079646348953,19.477246487140654,20.6600310087204,16.707263293862344,20.951679515838624,19.95449237823488,19.788301753997807,19.4253958940506,20.02657778263092,19.267298388481148,20.58305794000625,23.68959536552429,19.785227060317993,18.771832275390626,20.70981199741363,18.449805366992955,21.129325997829447,17.73455219268799,19.40332998633385,18.75683295726777,18.18235976696015,17.37238140702247,19.201964592933663,20.212281668186197,18.95627419948579,20.134789061546332,19.771855139732356,20.226169204711915,19.586946451663962,18.30407997369767,20.53433215618134,17.90351604223251,18.50611057281494,18.743133223056795,20.742614305019377,21.188174408674247,19.5375892162323,19.33853883743286,21.696775352954877,19.456751370429995,18.496836876869207,18.443012583255772,21.020535469055183,18.948338317871098,20.16824625730515,20.144019651412965,20.39226114749909,18.79150359630585,17.470347130298617,19.912525093555452,21.107708311080934,20.127597761154185,19.97084583044052,19.435574102401745,19.77026823759079,18.834554171562196,20.373971259593965,21.68466928005219,21.516418039798737,19.09159607887268,19.312963604927067,19.521883380413062,19.663056361675267,19.933439171314237,19.084116017818456,20.415841090679184,19.60871726274491,18.796130549907687,18.150121581554416,20.368662446737297,18.516412425041203,20.50728149414062,17.425629746913906,16.664297354221347,21.896456480026245,21.19404481649399,19.204534268379213,19.75912034511566,20.077224934101114,19.58210370540619,20.703044736385348,19.188764762878414,20.394366979599,19.134136795997616,19.702534687519076,19.332371127605438,19.888982725143432,18.933169722557075,19.770617496967315,21.036699748039247,19.442635583877568,18.38084483146667,18.77019212245941,17.975283133983613,19.626572215557097,20.93757618665696,19.855970120429998,18.42856289148331,20.73210314512253,20.201997923851017,19.593001365661628,20.74877187013627,19.48891842365265,16.788371646404265,20.423242771625517,18.65915615558625,21.004805183410646,17.860140335559848,18.27206696271896,17.724460649490354,20.82373504638672,18.45086226463318,20.904265296459208,20.264992237091057,20.86400544643402,19.864658367633815,18.33049581050873,20.777886223793036,20.186976122856144,20.249178886413574,19.534452414512646,21.054898166656496,22.011800944805152,17.455311131477362,17.94161213636399
2046,16.434980833530428,17.668440294265753,18.635784339904784,19.10631005764008,18.321801674366007,18.074501609802248,18.77110899686814,17.248393678665167,17.485180783271794,17.892983996868136,15.379187554121017,18.270943057537078,17.592667520046234,17.154670524597165,18.631848430633546,19.092826211452486,17.54829068183899,17.259441673755653,18.14696996212006,16.059276926517487,17.862588000297546,15.980706763267523,19.77233058214188,17.52127138376236,18.06458215713502,19.731043004989623,16.0081062912941,18.39963254928589,17.302141070365906,18.15903763771057,19.35215518474579,18.44331576824188,17.682938337326057,18.444287872314455,15.43792173862457,16.518432724475858,17.984894514083866,19.33092956542969,16.810487365722654,18.28628109693528,17.535500693321232,18.165457439422617,18.35355919599533,17.85758050680161,18.136300849914555,14.714736470580103,17.979131126403807,18.475040435791026,18.331263160705575,15.874653315544123,18.328751111030588,15.737850272655487,19.06961677074432,21.094065546989448,17.57631138563157,16.33325902223588,18.405118548870092,15.380380034446716,17.937957441806795,15.99403331875801,17.379602694511412,16.82761358618737,16.727739787101747,15.501569598913202,16.253857564926157,18.63448708057404,17.43499873876572,18.670012128353125,17.02029876708984,18.69495072364807,18.130866205692296,16.659700751304634,18.444955980777742,16.725434041023263,16.777874004840847,17.330511081218724,18.63669587373733,18.280902767181395,17.3154627084732,18.104962575435643,18.039463639259335,17.760323905944826,17.222508859634402,16.8054752111435,18.337505316734315,17.516796004772186,18.622766363620762,18.083988428115852,18.802417492866518,17.529661691188803,16.336510825157166,17.291341030597692,19.23106813430786,17.87271534204483,18.470761919021605,17.5215599656105,18.365397572517402,17.220973205566406,18.95953679084778,18.83156430721283,18.574666929244998,17.604611158370968,17.68539155721664,17.4813297867775,18.04887508153916,18.282265317440032,15.77669327259063,18.79703983068466,17.973468399047857,17.171813619136806,15.205680930614468,17.6816886305809,17.06974133253097,17.71775113344193,15.765449792146677,14.030458253622058,19.903473687171942,17.99399604797364,17.17966854572296,18.387515044212343,18.27164058685303,18.126789915561684,17.854483699798585,15.957998502254487,17.939892065525065,16.82386088371277,18.11894682645798,17.979384338855738,18.499593877792364,16.86427118778229,18.32438445091248,18.664702224731442,17.985707914829256,16.915972286462782,17.431568515300746,16.503482985496525,18.1866573214531,17.884042763710024,17.450725579261775,17.183591938018797,18.369109082221986,18.654593706130992,18.138315224647524,19.11350040435792,18.0540277004242,14.815067720413207,18.933693122863776,17.188217198848726,19.45476202964783,16.39920464754105,15.926649200916298,16.48875210285187,19.246536064147946,16.95466367006302,18.32681195735932,17.787699007987978,19.06481368541718,18.271466076374058,16.697999966144568,19.248661816120155,18.52035856246949,18.49917558431626,17.99912962913513,18.373276674747462,18.431500983238227,15.680263328552243,16.419493949413294
2047,17.785694229602807,19.11956281661988,19.89417617321015,21.1427726984024,19.26317077875138,20.622534948587422,19.779248392581945,18.13498898744583,18.979909932613367,18.762698686122906,18.217022132873534,19.40928988456727,18.77998085021973,18.56240520477295,19.67822502851487,20.15629353523255,18.73900592327118,18.27450873851776,19.343487739562985,17.885706931352622,18.890439987182617,17.3761579990387,21.457590579986572,18.636208510398866,19.7590126991272,21.2668220281601,16.802891600131993,19.63177622556687,18.958439445495607,19.313272345066068,21.424365448951722,19.14337735176087,18.69875774383545,19.73144845962525,18.101607823371893,17.591951286792757,18.844907081127168,20.908158814907075,18.0156732082367,19.474186587333683,18.73510385751725,19.227312707901007,19.550649964809416,18.691982400417324,21.243459582328803,15.665381991863256,19.9226687669754,19.60769671201706,19.543270778656005,18.887308788299567,19.50545614957809,18.7666775226593,20.0558543920517,23.988739323616027,18.704492497444157,18.132517170906063,19.711517727375035,18.072108912467957,19.77817237377167,16.834844303131106,18.522084605693824,17.71202641725541,18.194422399997716,17.326958352327356,18.888248002529146,19.923968565464023,18.64851771593095,19.668320369720465,19.15027859210969,19.65284632444383,19.086972332000734,17.47961467504502,19.989151430130008,17.683242535591127,17.86943278312683,18.771228742599483,20.01063853502273,19.659126180410386,19.92183248996735,19.203306126594544,20.476376223564152,18.61240576505661,18.466483211517335,17.578716135025026,21.56113715171814,18.706256592273714,19.882724881172173,19.361262452602382,20.104268693923956,18.550212621688843,17.26417419910431,18.584085941314694,20.63304917812348,19.07331852912903,19.477610456943516,18.496676719188688,19.201378619670873,18.0615436911583,19.914402711391443,20.219044959545137,20.342094409465794,18.614170646667482,18.51850209236145,18.60627547502518,18.857131302356727,19.377930426597594,18.64010593891144,20.11954406499863,18.786431491374973,17.976170802116393,17.82588589191436,18.98302851915359,18.551361715793618,19.59852983951569,16.575254797935482,16.15155606269837,22.09001240730285,20.138435781002045,18.219624996185317,19.230240833759318,19.3913521707058,19.23005820512772,19.63628540039063,18.735604679584508,19.211315560340886,18.000898551940914,19.028100550174717,19.355048429965983,19.6726472735405,18.527386021614078,19.326112079620373,19.794129574298864,19.003967738151548,18.405298084020615,18.84673140048981,17.600865697860723,19.378494870662696,19.912457656860354,19.127116894721986,18.22700257301331,19.62110189199449,19.90809074640275,19.339058506488804,20.11843636035919,19.605615270137786,15.96774728894233,19.884005343914037,18.694916343688966,20.438799703121195,17.8805410683155,17.76675311326981,17.488572311401374,20.537168836593636,18.020567870140074,19.653358566761025,19.06684082746506,20.507282769680025,19.099107229709624,17.462809097766886,20.25053679943085,19.9623797416687,19.646385765075685,19.122145807743077,19.681934309005733,20.79302419424057,16.491752254962925,17.935607278347018
2048,17.85343632698059,19.3089004278183,20.588994812965392,19.237944698333738,18.05491883754731,19.98086895942688,18.514872193336497,17.514837908744806,19.125397253036507,18.05678733587265,16.013783472776414,19.778559756278995,19.465538287162776,16.89624024629594,18.33926591873169,18.83003799915314,19.085996389389035,18.626028656959537,19.710706043243412,17.46445603370667,17.67791273593902,17.73873741626739,19.707545304298414,19.34628245830536,19.6412887096405,18.89378380775452,16.272785604000095,20.310750341415403,18.62390918731689,19.700256252288824,19.585921835899356,18.30656147003174,17.585812592506414,20.10074195861817,16.067527890205387,16.302783477306374,18.4096419095993,18.653203725814826,18.264464116096494,19.828543496131907,18.754692220687865,18.017437672615053,19.946550130844113,18.068833923339845,19.899184894561767,15.07087620496751,19.50230252742768,19.953517460823058,19.911223864555364,16.51382787227631,18.096628904342648,16.35385192632676,18.77128872871399,21.376095890998847,19.450795507431028,16.73623675107957,20.370459055900575,15.988246583938599,19.911567854881294,16.264571094512938,18.12290580272674,17.11000190973282,18.407024288177492,16.920805549621583,16.88668636083603,20.300015544891366,19.031351590156554,18.392910289764412,18.693595147132868,18.630872964859016,19.156705570220947,16.948411643505104,20.43830180168152,18.040517807006847,17.037614929676057,18.928085494041444,20.557002949714665,20.528003430366518,15.986829423904414,19.548620295524596,19.84076986312867,17.97989399433137,18.64024481773377,17.017035615444183,20.162449836730964,19.110075950622566,20.282261633872984,17.796735048294067,20.511594200134283,18.896150350570675,17.60985660552979,19.333130383491515,18.683598041534424,19.761791229248047,18.229274773597723,17.681352317333236,18.155302214622495,17.499352979660035,18.693642115592947,21.060567259788524,20.330673003196715,17.3091359257698,17.994637310504913,18.5657774925232,18.484574913978584,17.96636812686921,16.372747015953067,20.539869332313543,18.190020167827605,17.50864354372025,15.901018977165233,19.730909299850467,18.727948021888732,19.080483818054212,16.05697581768036,14.562321418523798,20.082148051261903,19.630536723136906,18.922099757194523,18.176824069023134,17.984566569328308,19.413475990295403,19.438608264923097,16.52165412902833,19.917400097846986,18.385313391685493,18.365981864929203,19.495574450492867,20.03408513069154,17.730560553073882,19.214874696731567,20.50086274147034,17.736661982536322,18.596586322784425,18.948078465461734,16.270678532123565,19.78458847999573,19.46141860485077,18.803938031196594,18.59862818717957,20.330103969573976,20.334757804870613,19.76045916080475,18.785449075698853,19.683587908744812,15.162602019310006,18.68303713798522,18.86284209489822,19.13667240142823,18.09044694900513,16.443969464302057,17.845358490943916,19.151682996749887,16.672878873348235,20.41013236045838,19.818661403655998,20.928854560852052,18.554644656181345,16.917085027694704,18.965806412696843,18.425878858566282,18.148999285697943,17.768301033973692,20.443823552131654,20.216410350799563,16.01108795404435,18.033635830879213
2049,17.272666645050048,18.497735095024108,19.904202055931094,19.152233123779297,18.524325680732737,20.165448999404905,19.146350049972536,17.345233058929445,18.40247161388398,17.934332311153415,17.269683533906935,18.62443261146546,18.828310036659246,17.54215313196182,18.985735285282136,19.476984596252443,17.925955307483676,17.60150809288025,18.506094300746927,17.193730008602152,18.293362319469455,16.980285000801093,19.96448867321015,18.720759940147396,19.632214379310618,19.981407260894777,16.05171500444413,19.66761577129364,18.80103318691254,18.514973723888396,19.49297466278076,18.769177746772773,18.091514599323272,18.840898835659033,17.18279221057892,16.86022156476975,18.113744187355046,19.713329076766975,17.482268834114073,18.66914134025574,18.460014510154725,18.559519863128664,18.810811185836798,17.895071923732758,19.909757661819455,14.810494434833533,19.771917605400095,18.941336178779608,18.678200888633732,17.91001242399216,18.78981230258941,17.697878932952886,19.34549746513367,21.199717593193057,18.84586079120636,17.30363476276398,19.604178869724276,17.1040111541748,19.57332885265351,16.063506841659546,18.08454178571701,16.893339562416077,17.621442103385924,16.60388031005859,17.91384446620942,19.028053414821624,17.821240603923805,18.924353814125062,18.852064394950872,18.984768152236946,18.33121637105942,16.727455937862395,19.145357155799868,17.07226555347442,17.277481651306157,18.200313365459436,19.507702231407166,19.702528977394103,18.455967664718635,18.474026250839234,20.041105484962465,17.788245344161993,17.884809327125556,16.794605171680452,20.144225573539735,17.872241127490998,18.958891403675075,18.31126835346222,19.15131506919861,17.860661292076106,16.664389872550974,18.5937581896782,19.638087487220766,19.135566639900212,18.84241149425507,17.627792489528666,18.69887309074402,17.30879106521607,19.183702611923216,20.255091297626496,20.13605725765229,17.854766142368316,17.79581923484803,18.417999422550203,18.1520415186882,18.569276022911072,17.631251537799837,19.14151873588562,17.99591350555421,17.286787462234507,16.80085583329201,18.974481129646307,18.014482820034026,19.235024094581604,15.837309312820441,15.313693773746488,19.96256530284881,19.827162742614753,18.368311142921442,18.664294195175174,18.66149296760559,18.425246095657354,19.22016046047211,17.764154517650606,19.246419286727914,17.93582974672318,18.28052694797517,18.72481036186219,18.87322361469269,17.75014947652817,18.55316655635834,19.826815700531007,18.273230898380277,17.81261048316956,18.293261075019835,16.831117844581605,18.51250199079514,19.646020340919495,19.019200444221504,17.551425313949576,19.66774232387543,18.973331356048583,18.481979894638066,19.416541004180917,19.02166063785554,15.171885538101197,19.191474699974066,18.111496067047124,19.772295570373547,17.3034514784813,16.975960123538975,16.839351654052734,19.47820677757263,17.23433146476745,19.678328514099128,19.125178241729735,19.486418128013625,18.356823313236248,16.6873435139656,19.558064103126526,18.70465624332428,18.828053021430975,18.239054512977606,19.692029857635504,20.432461428642274,15.805065572261807,17.317790186405176
2050,16.257334327697755,17.35945343971253,17.651662194728853,19.39198296070099,16.560558092594146,19.742233574390404,17.112653279304503,16.440429043769836,17.25742089748383,16.943345177173615,16.633174896240238,17.62762653827668,16.702894556522374,16.542843031883233,16.839980721473687,17.37831581830978,16.918639588356022,16.71055167913438,17.4845130801201,16.213106155395504,16.304074060916907,16.063213562965394,18.867836046218873,16.652472555637363,18.699760270118713,18.730309271812438,15.17287350893021,17.53277623653411,18.34272181987764,17.497950160503382,19.792060947418214,17.08202223777771,16.24724688529969,17.74489156007767,16.611735618114476,14.813638091087341,17.197261238098143,18.006551456451422,16.44674148559571,17.630274069309237,16.237355732917788,16.605353569984437,17.6706016778946,17.056524181365965,20.91346502304078,13.71104193329812,19.350218939781193,17.803526294231418,17.681585943698884,17.223537671566003,16.566001415252693,17.059199810028076,17.386723494529726,21.640797257423408,16.715741086006165,16.563613247871395,17.46782077550889,16.60380426645279,18.07354145050049,15.113222789764396,15.928908622264865,15.893452262878416,16.487902379035955,15.64298607110977,17.441362750530242,17.928770351409916,16.79264854192734,17.0353159070015,18.217809343338015,17.3730729341507,17.415802609920508,15.821565568447117,17.60766843557358,16.219451117515565,15.228261518478394,17.111658978462216,17.76639730930329,17.123577761650093,18.193179678916927,17.4925384759903,19.64109336137771,16.893242084980017,16.873548030853268,15.96715108156205,21.26966905593872,16.881347346305848,17.924136042594903,17.383092522621148,18.09574239253998,16.97280799150467,15.85149490833283,16.247202479839327,17.6517577290535,16.98415775299073,16.841984963417055,16.40954324007034,16.85421507358551,16.416573023796083,17.358442723751075,17.70743758678437,18.94296801090241,15.924572372436526,16.879380786418913,16.263313508033754,17.26890648603439,16.421389067173003,17.0432841181755,18.08082487583161,17.146942496299737,16.375519597530367,16.32410374879837,16.57541840076447,16.8490562915802,18.927740883827212,14.928369867801667,14.554766905307767,20.293675136566158,19.35146360397339,16.385475504398347,16.845344412326806,16.333825826644905,17.42205991744995,17.952483046054844,17.189412069320685,16.940076339244843,15.683858108520507,17.264592349529266,17.678509974479674,17.856816852092752,16.92356766462326,17.619550383090974,17.696292984485623,16.38651758432389,16.67062443494797,17.229784202575683,14.805222189426427,17.52436327934266,19.176234722137448,18.492762422561647,16.611327576637272,17.405037474632262,17.943261003494275,17.464841711521153,17.34380419254303,17.86102238893509,14.266360855102537,17.23097604513169,16.956859302520762,17.768553566932678,16.162402343750006,16.256907069683074,15.960790026187894,18.224952745437616,15.235371160507205,17.307067489624025,16.82541130781174,18.268655431270606,17.462236797809606,15.840281105041509,17.578985095024112,17.679010033607483,16.593048644065856,16.569506514072415,17.292694330215458,19.983626019954688,14.835557675361633,16.20581682920456
2051,18.223593115806583,19.738324415683756,21.15142052173615,22.24310059547425,20.087372899055485,22.957839822769177,20.79881167411805,18.32877979278563,19.52918984889984,19.09708302021027,18.117124593257902,20.281051397323616,19.998701643943797,18.656455183029188,20.779673838615423,21.24467535018922,19.621962141990664,19.07597866058349,20.25593225955963,18.305337774753575,19.82294297218322,18.670661234855665,22.561489248275763,19.8877835035324,21.424841260910043,21.50295882225037,17.09119944572449,20.95471150875092,20.625528836250314,20.232704710960387,22.531407833099372,20.180145335197448,19.525650358200078,20.69095051288605,17.971343660354613,18.417352032661444,19.189264774322517,21.591890907287596,18.70356497764588,20.356940007209786,19.87780877351761,20.151166677474983,20.50191674232483,18.91992063522339,22.634026432037352,16.116174221038822,21.958060240745542,20.490575599670414,20.471558809280392,18.77638647556305,20.569191193580632,18.617378568649293,20.98217196464539,25.428406906127933,20.021411728858954,18.259015417099004,20.971279454231265,18.001472663879394,21.567447888851166,17.188471412658696,19.577253782749175,18.16164125204087,18.811405897140503,17.739336490631104,18.77680275440216,20.904631376266487,19.590579867362976,20.49939363002779,20.81800558567047,20.36173658370971,19.786050677299507,17.746706604957573,21.10066063404083,18.493012857437133,18.79131357669831,19.322196364402775,21.197842741012586,21.211090779304506,19.005016565322883,20.0176265001297,22.664200496673576,18.895989644527436,19.06743845939637,17.845228552818305,23.038221883773804,19.648363494873045,20.8980259180069,19.548023509979252,21.13109843730927,19.407720422744752,18.030813622474675,19.89554641246797,21.549351620674138,20.319629669189457,20.45706300735474,19.00569341182709,20.227699923515313,18.29622192382813,20.680899953842165,21.72275447845459,22.003230857849125,19.4231523513794,18.780909371376037,19.74422240257263,19.247897338867197,20.371438813209533,18.520354866981517,21.162855648994455,19.06246240139008,18.29295002222062,17.771186876297,20.349676489830024,19.122710895538336,21.346305823326112,16.899409377574923,16.166906213760377,23.247566437721254,22.11766686439514,19.450595021247864,20.147668886184697,20.63782553672791,20.01879107952118,21.230669999122632,18.61589019298554,20.501624083518983,19.26011329889298,19.31153008937836,19.930943584442144,20.554211568832407,18.812769699096677,19.858422827720645,21.024840307235724,19.826140236854556,18.99608908891678,19.33182480335236,18.347986650466915,20.336869406700142,21.855859756469716,20.760163140296935,19.054136419296263,20.909401869773866,20.9451336145401,20.314056611061098,21.200765967369087,20.07932772636414,16.24654597043991,20.782875990867627,19.276030945777897,21.469721484184266,18.492128503322608,17.83933852910996,18.27597205638886,21.457996392250063,18.82384042739869,21.01740095615387,20.43723788261413,21.619016146659845,19.360727429389954,17.768428993225097,21.226821422576908,20.91671013832093,20.733098292350764,19.9930764913559,21.06191430091859,23.013769316673283,16.92427477836609,18.49152413606644
2052,17.36288135051727,18.80196644067765,20.820165348052974,20.22871081829071,18.511164414882668,21.918485057353973,19.093175613880156,17.787756419181825,18.457830452919012,18.378632140159606,17.25739723443985,19.731751060485855,19.695588147640226,17.733317732810974,18.933029937744134,19.451610231399535,19.066601586341857,18.62325780391693,19.66663794517517,17.230733084678658,18.22081764936447,17.972991275787358,20.512303113937385,19.57663325071334,20.737461113929747,20.152827405929575,16.54122694730759,20.593759429454813,19.841241097450258,19.66424782276153,20.59027042388916,18.689827084541324,18.071689093112944,20.069269347190858,17.207690858840948,16.79481439590455,18.643922734260567,19.853438806533823,18.1314120054245,19.798352408409123,19.0736402630806,18.5682535648346,19.89887998104095,18.361439299583434,21.67776477336884,15.37279353141785,21.020550656318655,19.929130578041082,19.846401405334472,17.799069786071783,18.738267040252694,17.647355747222896,19.344699752330783,22.723518037796033,19.720624041557308,17.460777735710145,20.587392568588257,17.174731183052067,20.901301681995392,16.545749139785773,18.519452536106108,17.39972665309906,17.69391698837281,16.672223114967352,18.01072762012482,20.24260618686676,19.01989037990571,18.93663034439087,20.005220556259154,19.098230147361754,19.228120422363293,17.219936954975132,20.45807245969773,18.07896363735199,17.488061201572418,18.28284306526184,20.649842929840087,20.77758288383484,18.150805163383485,19.52698473930359,21.699570691585542,18.278899574279784,18.398831963539127,17.290177226066593,22.02416453361512,19.00798537731171,20.217877316474915,18.612660336494443,20.430144715309147,18.909469914436343,17.638373732566833,19.54587302207947,19.673269212245934,20.004572772979742,18.79701628684998,18.041088891029364,18.641365361213694,17.76605396270751,19.2091234922409,21.31199826002122,21.355382144451145,17.879564416408545,18.256416106224066,18.90956739187241,18.703966069221508,18.563537108898164,17.59925086498261,20.44489910602571,18.4842248916626,17.750724744796756,16.92589379549026,19.955365777015682,18.050065171718593,20.49714281558991,16.32700124979019,15.439593923091888,21.1099769115448,21.22328298091889,19.181403756141663,18.620456409454356,18.618922448158266,19.433968091011053,20.399261152744295,17.70233705043793,20.17024883031845,18.673218476772313,18.65674068927766,19.03370127677918,19.97379114627838,18.044598126411437,19.30712361335755,20.702461647987363,18.274883925914768,17.88416019678116,18.368784022331237,16.79199287891388,19.717380499839784,20.958910036087037,19.988771939277655,18.609478950500495,20.58201532363891,20.249599409103396,19.6978345155716,19.41466157436371,19.07018537521363,15.580168354511262,19.169063770771025,18.173399007320405,19.754617810249336,17.35934212207794,17.178741693496704,17.872224998474113,19.78496484756469,17.23059896230698,20.6532460808754,20.08301535844803,20.846438550949095,18.82261588573456,17.194042789936073,19.550962042808532,19.149388909339912,18.826409614086153,18.371169865131385,20.675398492813116,22.01930361986161,16.22179777622223,17.44005262851715
2053,15.550128066539765,16.694490164518356,18.142709815502172,19.429784989356992,17.491580224037172,19.500192725658415,18.079312443733212,16.466143482923506,16.40148761868476,17.076589310169222,15.133465832471847,17.649015188217163,17.18413964509964,16.27014726400376,17.864099228382113,18.385659170150753,16.92749686837197,16.746105468273164,17.46923736333848,15.162628400325778,17.230647450685503,15.700950813293451,19.466191554069518,17.123951029777523,18.751922821998598,19.261198186874392,15.213394701480869,17.98220303058624,18.26432886123659,17.497103923559187,19.816532754898077,17.87083292007447,17.064884859323506,17.758349454402918,15.207788813114167,15.758847528696066,17.235317546129224,18.77424104213714,16.17368252277375,17.653304636478424,16.899249613285072,17.475548338890082,17.711758166551594,17.086050307750703,20.38318545818329,13.793741537630567,19.156755423545846,17.85660575628281,17.669331002235417,15.670821714401248,17.621543556451808,15.512049341201793,18.311244046688085,21.66803184747696,17.219331216812147,15.875910222530365,17.90447754859924,15.14816076755524,18.262008225917825,15.165769094228741,16.670455509424208,15.970354148745532,15.628464752435681,14.6212960511446,16.033018255233763,17.92518500089646,16.81155558824539,17.90591343641282,18.036771059036255,18.012637972831726,17.412547862529756,15.859776437282568,17.724673843383794,16.275021910667416,16.051371449232104,16.30128860473633,18.020149117708208,17.688071179389958,16.65189368724823,17.539303410053257,19.433065986633295,16.938995957374573,16.499559104442596,16.00183306336404,20.652842187881472,16.796351069211955,17.92891150712967,17.191327512264245,18.079681712388993,17.0060758471489,15.893138110637661,16.758512496948242,18.577656292915346,17.47214499711991,17.777446365356447,16.651811754703523,17.720855605602267,16.442276716232293,18.21575890779495,18.258369231224062,19.04984477758408,16.840707874298104,16.914104449748997,16.929417479038246,17.298820370435713,17.457126563787465,15.562570226192483,18.05393722653389,17.18403853774071,16.41544777750969,14.906669211387637,17.10120885372162,15.987276190519339,18.76984522342682,14.9817018210888,13.620508322119713,20.326223063468937,19.19849274158478,16.850642073154454,17.712639260292057,17.446379840373996,17.42372260689735,18.151519560813902,15.758694219589241,17.439413726329803,16.263504505157478,17.397053265571596,17.0707750082016,17.84692512154579,16.213526761531824,17.62448823451995,18.12825368642807,17.25250809192658,15.820628982782358,16.453422057628636,15.728295844793326,17.510679221153257,19.017844927310954,18.4343034029007,16.667648363113408,17.916273760795598,17.935676425695426,17.446493011713034,18.337756180763243,17.014931142330173,14.101658290624622,18.15247702598572,16.084439945220943,18.72357059717178,15.296823075413704,15.484745311737058,16.00089601278306,18.86458134651184,16.165908771753315,17.83333712816239,17.351996505260473,18.262804734706883,17.491541314125065,15.875853377580645,18.502135622501378,18.22544624805451,17.673648321628573,17.368385159969336,17.806418776512146,19.764813804626463,14.934930312633522,15.388557529449468
2054,17.00254812240601,18.510883116722113,20.763369321823124,21.866730785369878,20.20535994768143,22.458358216285713,20.870358371734625,18.6146073460579,18.20134558677674,19.365758109092717,18.196235609054565,19.296227550506593,19.616504549980167,18.96114232540132,20.945799899101264,21.342860579490672,18.659778165817265,18.165760564804078,19.27931578159332,17.377892780303956,19.854012727737434,17.339486193656924,22.45476040840149,19.50298883914947,20.98343842029572,21.71232714653015,17.362661206722258,20.6169953584671,20.14768085479737,19.272316956520083,22.127052879333498,20.267032647132876,19.578519105911255,19.63099255561829,18.083857464790345,18.46562852859497,19.310066747665413,21.792421174049384,17.57359886169434,19.366103053092957,19.69453611373902,20.221578896045678,19.55090100765228,19.205791401863102,21.604249238967903,16.404320967197418,21.433454298973075,19.68460023403168,19.42975909709931,18.829308390617364,20.633018672466278,18.71990611553193,21.121244072914113,24.930104660987848,19.607276892662053,18.418063330650327,20.469511175155635,18.081928241252893,21.15366318225861,17.481228518486024,19.484103536605836,18.475798618793494,17.48364629745484,16.756166553497316,18.873732852935785,19.859423971176156,18.55384540557862,20.619228959083564,20.234750604629518,20.47325878143311,19.320634269714365,18.01560208797455,20.1077840089798,17.569146084785462,18.762286853790282,17.999072623252868,20.406842875480653,20.82719736099242,19.648387312889106,19.072167539596563,22.180887365341196,19.182394051551817,17.94408869743348,18.133638119697572,21.965841555595397,18.61546211242676,19.748443889617924,19.903133034706116,19.98258650302887,18.43236463069917,17.156275224685665,19.561738979816443,21.764891314506535,19.911563181877135,20.516733336448674,19.286057162284855,20.348837232589727,18.557938170433044,20.807881474494934,21.33568915128708,21.64290990829469,19.516970360279092,19.034267640113832,19.543392920494078,19.384407424926753,20.491863107681276,18.579807043075554,20.003798079490668,19.348845958709727,18.534852361679086,17.754172050952914,20.006856679916385,17.836894249916078,20.90899839401245,17.151832211017613,16.32444732189179,22.843640279769897,21.647648048400875,19.047822833061225,20.27641193866731,20.823610019683844,19.312318110466013,20.844170713424678,18.666764831542974,20.11883080005646,18.974330449104308,19.537619972229006,18.697728633880615,19.62525713443757,18.541465687751774,19.516391181945803,20.746048712730406,19.917962372303016,17.65927832126618,18.050035858154295,18.413554215431212,19.2819879770279,21.380581092834483,20.284085440635685,18.129157185554504,20.512070417404175,19.787871193885813,19.284727597236632,21.34513278007507,18.769490122795116,16.488864803314215,20.916929745674132,17.931048774719233,21.57340943813324,17.16855025291443,18.003919613361358,17.431334209442138,21.431979966163635,18.899048030376427,20.62067115306855,20.01138961315155,20.439200019836427,19.611455464363097,18.04933551549911,21.33911633491517,20.817668461799624,20.895184338092804,20.041888284683232,20.69742891788484,22.51006798744202,17.18803889751435,17.11645720005035
2055,19.67154204845428,21.28856652975083,22.237650227546695,23.477046585083006,21.779016137123115,23.97721509933472,22.39625129699707,21.370738673210152,21.114368462562563,22.220918273925783,21.548739504814154,21.65639753341675,21.010971260070804,22.67751202583313,22.599748420715326,22.930766439437868,21.01017260551452,20.303083491325385,21.6101836681366,20.29428982734681,21.33193197250366,19.382529616355903,24.27131321430206,20.860360479354853,22.19436838626861,23.754937934875493,20.227794885635383,22.071551203727726,21.231487369537355,21.61581144332885,23.691706180572524,21.536306285858156,21.16801598072052,22.17324290275574,20.986852383613588,20.02382249832154,22.024495697021493,24.115135574340822,20.14542257785798,21.737158608436584,21.221541571617124,22.03917129039764,21.844411420822144,21.98318166732788,22.813592386245727,19.991631424427037,22.71499664783478,21.804759788513188,21.912142896652224,22.44368355274201,22.338376545906065,22.29753451347351,22.638889336586,27.18153080940247,20.95749685764313,21.575516581535336,22.12039008140564,21.162880969047546,22.708868432044984,20.617487359046937,21.047669458389286,22.006180810928345,20.375472486019135,19.726879739761355,21.69878759384156,22.354403400421138,21.071951150894172,22.101346421241757,21.461739063262947,22.398616313934337,21.782072901725776,20.836205697059636,22.686613249778752,19.69882829189301,20.289026546478276,20.870401096344,22.539702391624463,22.5229532957077,22.876402068138127,21.331061172485352,23.623644733428954,22.221093153953564,20.471313238143928,20.961434435844428,23.239260721206666,21.03371564149857,22.44875910282135,23.629426336288454,22.700933575630188,20.682870054245004,19.172121882438667,21.08769258260727,23.74402234554291,21.303024959564212,22.005018210411073,22.586760759353634,21.746995258331303,21.338067317008974,22.23559973239899,23.031816029548658,22.98064258098603,21.053792309761047,21.812742733955382,21.00325264930725,22.079627799987794,22.191152477264403,21.992444801330567,22.75704562664032,22.201786661148077,21.291911411285405,20.754493761062626,21.60094397068024,20.680999135971078,22.092534303665172,20.060491347312922,19.406322360038764,24.48917665481566,22.927821588516238,20.31426324844361,21.689712405204766,22.606465411186225,21.725625896453856,22.363151884078988,22.010798978805546,21.619259119033813,20.468924307823183,22.065703153610233,21.417414832115174,21.86339242458343,21.291634583473208,21.957448410987855,22.16183121204377,21.380459690093993,20.58269064426423,20.84237518310547,19.966796803474427,21.785306000709536,22.642688941955566,21.33335645198823,20.32493114471435,21.953135013580322,22.519166183471675,21.73941471576692,22.939502906799323,21.67957694530487,19.643289971351624,22.459869337081905,20.87828739881516,23.11635479927063,20.05706157684326,20.77874035835267,19.520757722854615,22.951623988151546,20.469478273391722,22.182613635063177,21.50836458206177,23.253331303596497,22.33516621589661,20.939941263198854,22.841521978378292,22.395178222656252,22.625269889831543,21.576458549499513,22.320936918258667,23.953291678428656,20.369222784042364,20.129548931121832
2056,14.867331886291504,15.815440726280212,18.7910694360733,21.048826885223395,18.012363219261175,19.97954516410827,18.48123667240143,15.427764761447909,15.55726597309113,16.080446112155915,14.725751316547393,16.669049239158635,17.826225399971015,15.561920988559729,18.248206233978273,18.80332291126252,16.077549195289613,15.855606746673583,16.49168648719787,14.38689707517624,17.621618437767033,15.00579295158388,20.562251710891722,17.73882758617402,19.190773272514335,19.998936271667485,14.115611708164215,18.581129598617565,18.616630578041082,16.46428806781768,21.347394347190864,18.18220636844635,17.302343106269834,16.771064090728764,14.911314582824707,16.25210182666779,16.168986940383917,19.263528704643257,15.348581027984626,16.63720946311951,17.491487622261047,17.653866434097292,16.812154960632327,15.973695170879376,20.359053754806524,12.427802258729931,19.43264491558076,17.079322338104248,16.686003589630136,15.262679266929627,18.069980001449593,15.13787287473679,18.764235544204716,23.83110954761506,17.84471485614777,15.0915657877922,18.326377987861637,14.796234810352322,18.7874204158783,13.93142029047012,17.205611419677734,14.531998121738429,14.768639791011818,13.836352193355562,15.751965093612672,16.918010079860693,15.941149735450756,18.3678519487381,18.446761155128478,17.90916318893433,16.37901735305786,14.791223955154413,17.208625066280366,15.438517475128176,16.552552592754363,15.503644037246701,17.824995160102855,18.34694051742554,17.509662747383125,16.526627421379093,19.843518805503855,15.751445555686953,15.695376777648917,14.899109280109409,20.628331112861638,15.792096590995786,16.844157981872563,16.24605157375336,17.00817322731018,16.10960013866425,15.099146652221686,17.413210153579712,19.12713570594787,18.11406722068786,18.189122366905217,15.511065006256098,18.058012318611148,15.38822606801987,18.681691551208495,18.935601472854614,19.529641771316523,17.288996791839605,15.858171880245209,17.463801360130315,16.23888189792634,17.92897641658783,15.141633772850037,16.960139608383177,16.059919679164885,15.349150979518896,14.544503152370453,17.714539706707004,15.128351080417636,19.121940159797667,13.852812266349796,13.00819656252861,21.995027160644533,19.63618531227112,17.429261422157282,18.110396718978883,17.884824800491337,16.4173516869545,18.74320969581605,15.33888645172119,18.081085896492006,16.825833463668832,16.525578737258915,16.216900205612188,16.88742067813873,15.495026862621307,16.623765206336977,18.674949097633363,17.703785157203672,14.969572198390958,15.670700025558471,16.22288300991059,16.484495830535895,19.447557234764098,18.789670586586006,15.779389405250555,18.59699714183808,16.818249654769904,16.415749406814577,18.757010030746454,16.178973531723024,12.997564780712128,18.646351718902586,15.237798130512246,19.097326564788816,14.402808392047884,14.874173927307135,15.226402688026425,19.637228417396546,16.639707899093615,18.49692509174347,18.033248424530022,17.152304911613463,16.45838731527329,14.755799114704137,18.93299450874329,19.156866669654853,18.131695330142982,17.95418653488159,18.434719657897954,20.198503971099846,13.6892523765564,14.67841219902038
2057,17.441689217090616,18.732147252559667,19.35577219724656,20.83399631977081,18.975171947479247,20.746721541881577,19.543419563770296,18.241103291511543,18.610121977329257,18.92271547317505,17.879874372482305,19.08060601949692,18.28750343322755,18.540425157547,19.44115574359894,19.924605226516718,18.33776097297668,17.983677983284,18.97734633684159,17.533424580097194,18.613581824302674,17.162051558494564,21.12932875156404,18.202195191383368,19.690786397457124,20.669680380821223,16.9996250152588,19.215548419952402,19.047170448303227,18.987078928947447,21.094016599655152,19.059290385246282,18.440334022045135,19.31830253601074,17.675046217441565,17.23101480007172,18.947714352607726,20.40801465511323,17.723280990123744,19.104141056537628,18.309427690505977,19.011074256896975,19.209165370464326,18.874580204486854,20.544491481781005,15.93273479044438,20.114574003219612,19.278336060047145,19.202966403961184,18.586565327644355,19.18192030191422,18.42923270463944,19.805426836013794,23.534722328186042,18.24913902282716,18.105054223537454,19.165001332759857,17.73436757326127,19.583314764499665,17.085768038034434,18.160819792747496,18.100912481546406,17.847185444831847,16.95085326433182,18.4997532248497,19.520594918727873,18.281928825378422,19.383762526512157,18.921165466308604,19.542723667621612,18.99738601446152,17.63143914937973,19.373936915397643,17.43483538627624,17.511323487758645,18.427938961982733,19.48774929046631,19.183510231971745,19.262973284721376,18.869168543815608,20.590279853343965,18.83478724956513,18.123661994934093,17.80380420684815,20.891193985939026,18.36826996803284,19.54273501634598,19.527804207801825,19.746260488033307,18.28720266819001,17.006759226322178,18.09261786341667,20.2198597431183,18.560926103591925,19.23013693094254,18.738972878456117,19.04834445714951,18.196859097480775,19.633494246006016,19.715794610977177,20.201074445247652,18.330052506923682,18.6660752415657,18.20594153404235,19.004309988021852,19.081164717674262,18.322757375240332,19.758038806915284,18.99960703849793,18.1335286617279,17.460901713371282,18.517609465122227,18.19576910734177,19.695824289321905,16.759966415166854,15.9283642411232,21.75127794742585,20.219146502017974,17.809461057186134,19.036892569065095,19.143050491809845,18.988901925086974,19.426911008358005,18.459390032291417,18.682429373264313,17.570203411579133,19.066528201103218,18.99724062681198,19.308214545249946,18.305577313899995,19.196253275871282,19.404281520843504,18.709440314769743,18.030859696865082,18.493469274044042,17.212065696716316,19.04590052366257,20.01064250469208,19.184538578987127,17.917656075954437,19.080250644683836,19.587101006507876,18.999597680568698,19.931067216396332,19.17976933717728,16.102879256010056,19.620893359184272,18.330187022686005,20.25739183425904,17.527376836538316,17.576561975479123,17.178067457675944,20.26469340324402,17.689101707935333,19.115195453166958,18.532553470134737,20.06230245828629,19.239308333396917,17.715349268913275,20.01468268632889,19.67033619880676,19.367520606517804,18.847578847408293,19.206830286979674,20.916307461261756,16.790103268623348,17.576300930976867
2058,17.215074872970586,18.671300184726718,20.089096117019658,18.818411278724675,18.55221562385559,19.89982783794403,19.15261516571045,17.763687634468088,18.376036632061005,18.375218617916108,16.27913235425949,19.459235191345208,18.960695087909702,17.11089887619019,19.013695931434626,19.513186740875238,18.765253329277037,18.32178571224212,19.383885669708256,16.95825699567795,18.248301374912273,17.156297898292543,19.81722309589386,18.84956665039063,19.42721457481385,19.175792336463925,16.49767050743103,19.847591710090633,18.502156543731694,19.376393485069276,19.144978570938104,18.76536078453064,18.098939752578737,19.76963720321656,16.261580872535706,16.83897532224655,18.555586028099064,19.15623004436494,17.81263525485992,19.500610136985777,18.671648311615,18.596112489700317,19.632059049606323,18.362325215339666,19.143975806236263,15.337726652622223,19.402383351325994,19.67474501132965,19.595216941833502,16.92488863468171,18.767379498481752,16.742479407787325,19.386016011238105,20.723881602287285,18.947515153884883,17.069418525695802,19.878744673728942,16.237562429904948,19.62592520713806,16.553248083591463,18.254396033287048,17.47393285036087,17.63209307193756,16.403192365169524,17.078345584869385,19.971377658843988,18.691791534423835,18.969843554496762,18.323447728157042,19.11588654518128,19.03950321674347,17.150550723075867,19.975531578063972,17.75494465827942,17.37797632217407,18.20549929141999,20.119724535942083,20.02030792236328,15.932539868354798,19.223476958274844,19.783692705631264,18.281488668918616,18.157415843009954,17.27527694702149,19.414574646949763,18.76543830633164,19.957858920097344,18.118462371826187,20.177501416206365,18.62508428096772,17.31994957923889,18.854626548290256,19.307900166511537,19.25202617645264,18.835037517547605,18.110113096237182,18.704161667823797,17.717223119735728,19.222912025451663,20.530003297328953,20.105225133895868,17.901732385158546,18.183893489837644,18.514251828193668,18.615107035636903,18.621266841888428,16.723283720016486,20.201295185089116,18.477524185180666,17.67398184537887,16.060736584663385,19.270232212543487,17.973835372924817,19.014970469474793,16.27479765415192,14.782503330707556,19.587138080596933,19.53568272590637,18.446319556236272,18.683098793029778,18.704351484775543,19.20676631927491,19.20826263427735,16.900975036621098,19.42982728481293,18.121705663204192,18.643092250823983,18.90669105052949,19.717582798004152,17.634902441501634,19.178310585021972,20.070385265350343,18.308103060722352,17.820326149463654,18.26484282016754,16.7985888838768,19.469090485572828,19.352325916290283,18.678045058250433,18.270788979530334,19.812771260738376,20.014591646194468,19.429904675483705,19.490553283691405,18.968610715866088,15.417822718620295,19.21256935596466,18.10429840087891,19.82526724338532,17.312147998809824,16.609588634967807,17.523557186126713,19.380692076683044,17.265525460243225,19.870273959636688,19.295249581336975,20.570253324508673,18.76894993782043,17.18157366514206,19.601475524902334,18.5953533411026,18.89618667364121,18.235112977027907,19.95506262779236,20.129999017715463,16.29238836765289,17.3298538684845
2059,15.781744694709781,16.862485325336458,17.95090143680573,18.822175359725957,16.98114327192306,19.27321306467056,17.46310492753983,16.136599910259246,16.669093203544612,16.659270381927488,15.162529301643374,17.44391758441926,16.99524618387222,15.831132864952092,17.247958278656,17.75261681079865,16.746410918235775,16.541107439994807,17.256292855739595,15.364233922958373,16.681516444683087,15.710718297958374,18.842704749107366,16.918326675891883,18.6325598716736,18.267960739135745,14.856901705265045,17.7991765499115,18.184559106826786,17.2746165394783,19.19652240276337,17.356172275543216,16.557581031322474,17.551425135135656,15.24172691106796,15.228949499130252,16.89292830228805,17.709698808193206,16.153006958961488,17.429780066013333,16.572210121154786,16.874459195137028,17.511417067050935,16.715870499610904,19.707165026664736,13.338183712959292,19.06847491264344,17.664960336685187,17.46116645336151,15.731139647960664,16.974439167976378,15.560962569713592,17.775041377544397,20.843908059597005,17.016682767868044,15.69082807302475,17.699494862556463,15.18826358318329,18.040292537212373,14.755235970020294,16.283434689044956,15.47535252571106,15.902198040485388,14.829526615142816,16.055066072940825,17.716117608547215,16.61739165782929,17.406362318992613,17.939561462402345,17.489941596984856,17.140603113174436,15.521101498603821,17.532863593101506,16.074970316886898,15.602013075351724,16.560989773273473,17.810678780078888,17.454395419359205,16.537406492233277,17.312829208374033,19.223846876621245,16.534862899780276,16.53666214942933,15.638271045684817,19.909180903434752,16.612728726863867,17.700344467163085,16.659686541557313,17.86092214584351,16.804008793830878,15.699030995368954,16.559217202663422,17.700054812431333,17.276637792587287,17.201075041294096,16.10830609798432,17.186810839176182,16.093697953224183,17.740181386470795,18.044875502586365,18.894182109832773,16.311695992946625,16.572481191158303,16.603921318054205,16.95839117765426,16.850635719299316,15.599126195907598,17.828203725814824,16.79827256202698,16.077513694763187,14.960643857717514,16.87488386631012,16.261693298816677,18.625084686279298,14.621246063709261,13.523461806774145,19.671196866035466,19.070851683616645,16.655083227157593,17.19976378679276,16.773711711168282,17.18005487918854,17.897986769676212,15.789680254459384,17.258385431766516,16.015922212600707,17.04283026456833,17.210915613174443,17.641980469226844,16.151806282997136,17.355966567993164,17.961977410316464,16.746588158607487,16.099299287796022,16.692133164405824,15.220841395854956,17.29717156887055,18.910156130790707,18.406844067573548,16.44728438854218,17.721275722980508,17.70195029973983,17.231325960159303,17.7199889421463,17.296491312980656,13.760614752769474,17.639732456207284,16.363674759864804,18.123754894733434,15.564924788475036,15.354778277873994,15.80375509262085,18.337453424930583,15.637116622924808,17.634195411205297,17.146533179283143,18.0371615767479,17.151841533184058,15.507323694229132,17.94475229978562,17.664091455936422,17.02066785097123,16.848183166980743,17.60362263917923,19.59790701866151,14.491566908359534,15.66364450454713
2060,19.258901333808897,20.70206949710845,22.1784569978714,22.280915093421928,21.574527907371525,23.883557033538825,22.219264531135558,21.118024659156795,20.502868795394896,21.9766939163208,21.40856916904449,21.172966289520268,21.005966222286226,22.224443650245675,22.323360657691968,22.68286290168763,20.5489021897316,19.995459437370293,21.07649618387222,19.737166976928716,21.1734094619751,19.544785451889034,23.483482503890993,20.88907945156098,22.230540466308593,23.146070551872256,19.99984838962555,22.008393597602844,21.262211275100704,21.087865102291108,22.546082282066344,21.49948370456695,20.970712733268744,21.64391767978668,20.85042226314545,19.793191993236544,21.787441611289985,23.576336908340455,19.86568996906281,21.24638605117798,21.062090015411382,21.866279554367075,21.334441828727723,21.72079191207886,22.674940800666814,19.749358105659486,22.720971393585202,21.27772815227508,21.40801327228548,22.256919002532964,22.113867878913886,22.111659121513366,22.40867595672607,25.44927582740784,21.058170771598817,21.375493478775027,21.971153962612153,20.95201828479767,22.632952713966375,20.391658425331116,20.878182113170627,21.70917122364044,19.71344435214997,19.151311087608335,21.504300427436824,21.801913499832157,20.638232505321497,21.887594676017763,21.515466618537904,22.25151369571686,21.39435992240906,20.628861522674555,22.23753746747971,19.4877640247345,20.086925661563885,20.29340062141419,22.20431329011918,22.422991132736207,22.355618906021128,20.892395496368408,23.561138725280763,21.98199636936188,20.098407816886905,20.701448440551754,23.139594078063965,20.490900421142577,21.948973917961126,23.201056122779846,22.15970507860183,20.333984732627876,18.99946768283844,20.939110767841335,23.25883054733277,21.36784296035767,21.860563445091252,22.254302811622622,21.62760758399964,21.109651851654057,22.03917334079743,22.931464445590976,22.908175039291386,20.841664409637445,21.63698422908784,20.849443340301516,21.825308227539068,21.9559679865837,21.810694003105162,22.200909209251414,21.980350828170778,21.11452181339265,20.46251175403595,21.486695754528046,20.046394944190986,22.02357091903686,19.844542694091793,19.28142566680908,23.231165003776553,22.914013624191284,20.443750858306885,21.562157607078547,22.35339552164078,21.249914646148678,22.198010516166693,21.822113585472117,21.51236698627471,20.32387231588364,21.832942008972182,20.92888062000275,21.311835169792175,20.934336304664605,21.544514226913453,22.049199604988093,21.175662088394166,19.925481390953063,20.348506665229795,19.740296828746803,21.281846594810496,22.65048744678498,21.38538961410523,20.047767710685736,21.94727585315705,21.995164763927466,21.208995628356934,22.648914146423333,21.095643591880798,19.44844417572021,22.264285039901736,20.244705259799954,22.828574919700632,19.378816795349127,20.633257293701178,19.27333613634109,22.47199563980103,20.249211394786844,22.125847983360302,21.546822416782383,22.58479332923889,22.121639418601983,20.7395471572876,22.618678164482105,21.762135624885563,22.315935790538795,21.246225881576535,22.209570527076725,23.92521748542787,20.139733672142036,19.623552942276003
2061,15.41994706392288,16.405213558673864,17.890312254428867,19.29909865856171,17.12951844930648,19.489363038539892,17.62629224061966,16.034135794639592,16.277839553356177,16.594878518581385,15.734208679199218,16.81606930494309,16.92491538524628,15.985746431350709,17.418312132358558,17.94120671749116,16.182672524452215,15.99057666063309,16.65201426744461,15.240197813510893,16.78225935697555,15.274758696556095,19.170289051532755,16.869344758987427,18.637869179248817,18.69861011505128,14.746663337945938,17.756016147136688,18.190389466285705,16.6521356344223,19.643234014511105,17.527077198028575,16.622534584999084,16.918053579330437,15.799306488037109,15.317252296209329,16.747608244419098,18.100508260726933,15.671716547012338,16.801657676696784,16.608313661813735,16.999396979808814,16.903511679172517,16.622026312351228,20.899958252906803,13.204739513061938,19.048036074638368,17.132388842105872,16.840466225147257,16.230504345893863,17.146474432945247,16.118253576755517,17.912206506729138,21.49358319044112,16.91038038730621,15.897422540187838,17.534165573120113,15.74377133846283,18.127528411149985,14.636595302820215,16.34671007990837,15.342924743890766,15.521798622608184,14.661570358276368,16.617263984680182,17.08078633546829,16.04306993484497,17.52148468494415,18.12283964157105,17.549832129478453,16.752169358730324,15.411177378892905,17.009643399715433,15.55497584342957,15.673443156480792,16.1803363442421,17.422606420516967,17.416524690389643,17.17234847545624,16.686449849605566,19.40463047027588,16.442370629310606,16.081741237640383,15.538038229942321,21.266984963417062,16.024943745136262,17.028733122348786,16.807088601589207,17.18323192596436,16.24959905147552,15.211729705333719,16.50954512357712,18.013400542736044,17.19935592412949,17.33346239328385,16.046604287624366,17.335598480701446,16.003792333602906,17.85257405042648,17.99337601661682,18.94234268665314,16.428984153270722,16.476171755790716,16.593852299451843,16.806539225578298,17.017011690139775,16.10911973714829,17.152649831771857,16.71558483839035,15.963939523696903,15.453172492980958,16.877178710699088,15.874019742012035,18.769252502918242,14.498408603668219,13.849753087759026,20.173543429374696,19.168217527866364,16.549718666076657,17.344675278663637,16.952297717332833,16.676300895214087,18.007761597633362,16.27191848754882,17.18173164129258,15.96989860534668,16.962120294570916,16.7660959482193,17.044272375106814,16.20680992603302,17.002241849899296,17.925518047809597,16.86425790786743,15.706455910205843,16.315682315826425,15.300454145669937,16.65907955169677,18.97888848781586,18.34601378440857,15.90572308301925,17.65207341909409,17.023818552494053,16.600942862033847,17.910171627998363,16.88133498430252,13.737898826599121,17.775099277496334,15.97599374055863,18.31347107887268,15.17445117831229,15.625729691982272,15.321833729743975,18.55785216093064,15.735801386833192,17.563439548015594,17.074181926250457,17.338063859939574,17.061083877086638,15.408475559949872,18.085069108009343,17.917491292953493,17.202346050739283,16.992087733745578,17.56257930994034,19.73111163377762,14.389309638738633,15.28706398010254
2062,16.3589744091034,17.843760967254646,20.55157556533814,22.658859944343565,19.612074685096744,22.63095941543579,20.185989069938653,17.782568299770364,17.40440683364867,18.480674266815186,17.295400404930113,19.10832757949829,19.362184691429146,18.459636735916135,20.10268638134003,20.58095774650573,18.442095232009887,17.98268828392028,19.06176283359527,16.520014786720278,19.257443261146552,17.204221749305738,22.442315173149108,19.228071093559272,20.998443698883055,21.78970911502838,16.49817323684693,20.350539684295665,20.28610453605652,19.03002629280091,22.907022643089295,19.574920129776014,18.97951481342315,19.40710406303406,17.23237336874007,17.92489559650421,18.547965121269225,21.433605146408077,17.16831738948822,19.169733691215527,19.353433144092566,19.5213484287262,19.35803439617157,18.339583325386048,23.765918207168585,15.288244390487677,21.530435395240783,19.462279486656197,19.207525682449337,17.94025403261184,19.91100106239319,17.820406770706185,20.420631074905394,26.06175155639649,19.272531819343573,17.51930181980133,20.213181686401377,17.20961246490479,21.078179955482476,16.48578823804856,19.063512146472938,17.342105221748355,16.657594633102416,15.92958829402924,18.036158323287957,19.627936148643492,18.334751701354982,19.994000506401058,20.59438185691834,19.793650221824652,18.82285084724427,17.17232024669648,19.832737553119664,17.390182542800904,18.301968216896054,17.25998513698578,20.140870380401623,20.49122564792634,20.390205454826354,18.90308954715729,22.371678447723394,18.239535927772522,17.504189229011537,17.264847338199623,24.22514514923096,18.30587626695633,19.532360148429877,19.248412859439853,19.74946746826172,18.260449051857,16.973837280273436,19.317854332923893,21.153995752334595,19.653138709068298,19.86867632865906,18.224563086032873,19.624636936187745,17.73326458930969,20.221483373641973,21.01561461687089,21.604546022415157,18.951831269264225,18.21732152700424,19.174072289466864,18.596742773056032,19.767784476280227,17.720439839363102,19.74727094173431,18.45131453275681,17.689536333084114,16.906183314323435,19.74586364030838,17.016718029975895,21.095259714126588,16.26324076652528,15.450508892536163,23.6972939491272,21.800001168251043,18.73399250507355,19.617213702201845,19.86963505744934,18.958149456977853,20.863463377952577,17.839861249923707,19.895912957191467,18.671550965309144,18.764092659950258,18.110086965560907,19.406663012504573,17.751109814643858,19.02348487377167,20.474314975738526,19.322994971275328,16.852540266513824,17.340714931488037,17.893283784389496,19.047336697578437,21.51557674407959,20.411220335960387,17.940709996223458,20.260412859916688,19.559502840042114,19.020947551727296,20.55825629234314,18.01950423717498,15.537593257427222,20.24226405620575,17.12041773796082,20.85471713542939,16.337256908416748,17.157830452919008,17.224293279647824,21.221875548362732,18.34748737812043,20.347227263450627,19.716435575485228,20.171931004524236,18.79292583465577,17.16502536535263,20.642326402664185,20.78594176769257,20.07030843496323,19.59993295669556,20.425295186042785,22.658728599548343,16.149530625343335,16.391854500770567
2063,16.65738213062286,17.878641927242285,18.932669186592115,21.30121269226074,18.760031199455263,20.66558120250702,19.246118330955504,17.536002159118652,17.790634465217586,18.177199649810785,17.82756422758103,18.064294600486765,17.881754064559935,17.794723367691045,19.107694196701054,19.64639353752137,17.426966130733494,17.062268257141124,17.97544704675674,16.946448087692264,18.364118337631233,16.22640728950501,21.202581405639656,17.809350776672364,19.4796938419342,20.679716038703912,16.268911683559416,18.801519918441777,18.914589691162114,17.973080527782436,21.55424864292146,18.818611669540413,18.17090063095093,18.28404335975647,17.720147371292118,16.985786557197574,18.211686205863963,20.254296588897713,16.80131487846375,18.084357762336737,17.950658547878266,18.65200877189637,18.222046756744394,18.120783662796022,21.602978229522698,15.03579496145249,19.891285085678106,18.39607250690461,18.154309046268466,18.447380757331857,18.91195895671845,18.33328185081482,19.53645260334015,24.194298863410957,17.826036477088934,17.64901688098908,18.657965695858003,17.717803788185122,19.287048149108887,16.260093402862548,17.813022923469546,17.09521971940995,17.063520681858066,16.346099007129673,18.52171521186829,18.504365682601932,17.300261104106916,19.135723900794982,18.733145451545717,19.109194540977487,18.131978893280028,16.933590769767758,18.487603056430807,16.532440257072444,17.211814379692086,17.618141698837274,18.736330127716066,18.69021118879319,19.330593061447143,17.865463805198672,20.492155599594113,18.02584202289582,17.254284024238586,17.047570919990545,21.99097578525544,17.35917781591415,18.399518048763284,18.666249847412114,18.604723131656648,17.329378628730773,16.153823566436778,17.682960700988772,20.000973701477047,18.139517617225643,18.946805572509767,17.83760250806809,18.777721548080443,17.491878604888917,19.41409499645233,19.22681584358216,19.972905659675607,18.076471257209782,17.959792351722722,17.907780098915104,18.28784589767456,18.78699302673341,18.204656291008003,18.602135717868812,18.231140661239625,17.440175056457527,17.38982009887696,18.06392973661422,17.40481406450272,19.603118824958802,16.038482582569127,15.697358870506289,22.252644515037538,20.121834397315986,17.385826778411865,18.788039851188664,18.799604117870327,18.056172561645504,19.2131560087204,18.33083002567291,18.257253956794735,17.180899322032925,18.436051774024968,18.12682723999024,18.357637512683873,17.852574396133427,18.377596879005438,18.967239189147953,18.46605830192566,17.24662533998489,17.68347175121307,16.97346608638764,17.977034199237817,19.902252578735354,19.032335019111635,16.989120125770572,18.65883750915528,18.420111167430882,17.954491209983825,19.63087038993835,18.36376311779022,15.424691927433011,19.387984585762027,17.51590555906297,19.966081047058108,16.735003423690795,17.33316411972045,16.359615015983586,20.22638339996337,17.421481382846835,18.650231850147243,18.078008449077608,18.933634364604952,18.552143621444714,16.939999890327453,19.7288147687912,19.708487677574155,19.036804819107058,18.669925618171685,18.72457826137543,20.806877613067627,15.930985450744625,16.71595193147659
2064,15.625845360755921,16.60296065807342,17.492203426361083,17.700386691093446,16.185138428211218,17.71595631539822,16.530528736114515,14.895353108644485,16.529444718360896,15.333342152833941,14.334878349304205,16.820937323570252,16.574965059757233,14.213065016269686,16.238883984088904,16.74884647130967,16.18789486885071,16.017185640335082,16.622468388080602,15.058487540483473,15.765198856592178,15.02601594924926,17.718501400947577,16.521604061126705,17.673773336410516,17.45791034698486,13.556903058290478,17.283006107807164,17.207417893409733,16.6148178100586,18.032894015312202,16.63333728313446,15.64610993862153,16.913624680042272,14.550376802682882,14.36744773387909,15.733370804786684,16.638941788673407,15.775547456741336,16.802311432361602,15.941748946905133,15.850118511915213,16.85902156829834,15.417443478107463,18.40243897438049,11.770549082756045,17.779623925685893,17.031679928302765,16.83496614694594,14.858594596385961,15.939615857601172,14.733610212802882,16.89109867811203,19.21318914890291,16.611059379577643,14.68217210769654,17.22967596054078,14.419853389263153,17.028674131631853,13.34929832220078,15.549868470430372,13.921253457665438,15.764855051040652,14.509295672178272,15.383158040046691,17.054798746109007,16.060194802284236,16.54795914888383,16.80561940670014,16.46255918741226,16.269132542610173,14.240301895141608,16.94036971330643,15.581728267669678,14.813025438785553,16.420205712318417,17.25025205612183,16.87604739665985,14.852548336982725,16.713638854026808,17.705428051948548,15.15085613131524,16.19718849658966,14.328282874822616,18.56583700180054,16.017380285263055,17.02310575246811,14.959857177734373,17.177007532119752,16.251635622978217,15.24395015239717,16.06509453058242,16.64135743379594,16.858310544490813,16.272797703742974,14.638157457113271,16.35050594806671,14.865102088451398,16.932951700687408,17.47663357257844,17.90333143472671,15.409348767995837,15.342942309379577,15.975104367733001,15.782002699375159,15.891309815645212,14.775564908981332,17.1370942234993,15.460512733459485,14.836870694160467,14.272007727622986,16.34230816960335,16.124572885036464,17.442421483993524,13.310317111015317,12.593552431464193,18.490527725219728,17.785432851314546,16.278980541229252,16.42227946519852,15.706819763779645,16.405319070816034,16.9003962635994,14.97844760417938,16.77652872800827,15.43693739771843,15.883088314533229,16.940835452079774,17.025745165348052,15.448086571693427,16.45067361593246,17.445212888717656,15.879955041408545,15.959523808956153,16.53677461147308,14.349177879095077,16.65472869873047,17.694473230838774,17.406905317306524,15.934213304519663,17.29284596443177,17.0073670744896,16.573559093475343,16.72559871077538,17.141624617576603,12.472038835287094,16.81839710474015,16.229713177680974,17.138334500789647,15.421686732769013,14.461223322153092,15.33248889446259,17.4169884800911,14.735448062419886,17.125913190841683,16.67867718935013,17.307921910285952,15.947897303104394,14.16955881118775,17.02051689624787,16.67145010232926,15.967968904972077,15.932918655872351,17.05559906959535,18.137973654270176,13.172115778923038,15.517826747894286
2065,16.237888157367713,17.362821561098105,18.885678470134742,19.926382446289075,18.25619841814042,20.32193661332131,18.74228230714798,16.75098671317101,17.152876663208,17.423096072673797,16.270724356174476,18.01243363618851,17.872132575511934,16.88313522338867,18.63577553033829,19.117858159542088,17.36821750998497,17.073895633220676,17.8773929476738,16.006368535757055,17.860855531692504,16.22803303003311,20.186724734306342,17.79913758039475,19.341746079921734,19.813593792915345,15.517773014307025,18.763142102956778,18.75776326656341,17.87357508540154,20.255168700218196,18.48009901046753,17.646903741359715,18.20662679672241,16.196127694845195,16.46473172903061,17.529212439060213,19.38960531949997,16.68716381788255,18.0144045650959,17.711205774545665,18.0827253818512,18.147495186328886,17.365266013145444,20.522669768333436,14.17762355087325,19.740177416801455,18.277783358097082,18.112139731645588,16.856953275203704,18.36522814035416,16.713713061809543,19.03585559129715,22.286860203742997,17.854441583156593,16.580418539047244,18.593397367000584,16.206796967983244,19.106187117099758,15.494722610712055,17.478131771087654,16.316998612880717,16.391345870494852,15.450710791349412,17.003396046161658,18.39151938557625,17.273914861679074,18.630489504337316,18.70003697872162,18.52068246603012,17.777491313219077,16.172123008966448,18.399483305215835,16.60227072238923,16.79155111908913,17.051928293704986,18.656850582361233,18.62290217280388,17.8733268737793,17.827180635929107,20.178768885135657,17.248788058757786,17.042253029346465,16.312072253227235,20.84260313510895,17.25691452622414,18.390252554416655,17.74049556255341,18.564775329828265,17.362533557415013,16.218365657329564,17.598668015003206,19.31527382135392,18.1391850233078,18.443314445018764,17.067257428169256,18.375906562805177,16.73530366420746,18.930008959770205,19.1775864124298,19.800125885009763,17.559847509861,17.21808985471725,17.636707609891896,17.61933120489121,18.2509119272232,16.712460815906528,18.554754859209062,17.475317943096158,16.71796935200691,15.92557179927826,17.996956694126137,16.731774538755413,19.36408936977386,15.281818872690199,14.415710967779157,20.821361470222477,19.874244773387908,17.433074033260333,18.375801467895506,18.283445632457735,17.80938084125518,18.922383153438577,16.874786007404325,18.21035453677178,17.040346837043767,17.70582672357559,17.71056071519852,18.236603790521627,16.88446527719497,17.946730160713194,18.93685435056687,17.97011679410935,16.590139985084534,17.175532925128937,16.457323211431497,17.942311662435532,19.67211970090866,18.89841451644897,16.997293877601624,18.63457246422768,18.401273602247247,17.884940123558046,19.106224203109743,17.743514561653136,14.529675185680386,18.900395131111143,16.86380027532578,19.440545058250425,16.04922800064087,16.149020493030555,16.340755867958073,19.50198936462403,16.891367381811143,18.628403222560877,18.09125036597252,18.81094831824303,17.777539646625513,16.185978615283965,19.217257654666906,18.847031867504114,18.485391020774838,18.06378687620163,18.682289862632764,20.524567437171935,15.269735985994341,16.20335052013397
2066,16.213939166069032,17.451655018329625,18.860069215297706,20.966310191154484,18.60538831949234,19.78419406414033,19.183490943908687,18.02181910276413,17.194860279560086,18.657350170612336,17.731196808815,18.28750828504564,17.82065241336823,18.336455690860753,19.037251043319714,19.57599008083344,17.572984480857848,17.285435593128206,18.14621787071228,16.42284087538719,18.282690000534064,16.04267513751984,20.934626245498656,17.7465869307518,19.050919008255004,20.60556302070618,16.789826035499573,18.715809583663948,18.39712624549866,18.174925398826602,21.188893151283267,18.760260224342353,18.1428488612175,18.463937318325055,17.588364267349245,16.86751267910004,18.678952932357788,20.256943893432624,16.78215141296387,18.29400951862335,17.84374895095825,18.66528869867325,18.411258161067956,18.642017090320586,20.630883312225343,15.682038170099258,19.27447009086608,18.557910370826725,18.361478531360625,18.330715477466583,18.81904269456864,18.21531065702439,19.449420619010926,23.67446410655976,17.82249557971954,17.895157790184015,18.63011915683747,17.61085630655289,18.86472973823548,16.841704928874975,17.709204316139225,17.80560604929925,16.435678595304488,15.854533618688588,18.37976558208466,18.653829324245457,17.477971911430352,19.03584417104721,18.300453948974617,19.215887629985808,18.434194493293766,17.428368663787843,18.515648722648624,16.78742966651916,17.11849558353424,17.05926225185395,18.776490533351893,18.598167443275454,18.98489582538605,18.11571276187897,19.677380442619317,18.57811081409455,17.126406502723697,17.584679400920873,20.948569703102116,17.513015747070305,18.67163525819779,19.27848238945008,18.852200651168832,17.584318101406108,16.37837083339692,17.56762763261795,19.951805067062377,18.10372091531753,18.87777616977692,18.402203631401065,18.71704556941986,17.978927481174466,19.303408408164984,19.139283335208898,19.54507772922516,17.965736079216008,18.450295138359067,17.820315778255466,18.74048994779587,18.680891072750093,18.127408683300025,18.845548117160806,18.77915552854538,17.934745764732355,17.23459802865981,17.969667637348174,16.764711362123485,19.000933575630192,16.563590210676193,15.806616079807288,21.873895335197442,19.421836304664613,17.40075551271439,18.703390049934395,18.723210227489474,18.296093261241918,18.820483696460727,18.23979343175888,18.195543944835666,17.11445219516754,18.835438537597657,17.786722123622887,18.502534353733065,17.800993227958674,18.686142504215237,18.91619435548783,18.378495717048644,16.62468566298485,17.17423700094222,16.857467746734624,18.219575464725494,19.226380562782293,18.553890299797065,17.208719778060917,18.609640634059907,18.70066576004028,18.16304918527603,19.555379056930544,17.785806679725656,15.887345397472378,19.26881375312805,16.89959599375725,19.884753346443176,16.10195322036743,17.46016381978989,16.512825107574464,20.04159288406373,17.313146901130672,18.596577095985413,18.042443561553956,19.100128293037415,19.029012250900273,17.480976951122294,19.663362002372743,19.501162409782413,18.960975658893584,18.535149192810074,18.650754868984222,20.00680055618286,16.563658952713013,16.15852104425431
2067,17.780536556243902,19.125650310516356,20.128492999076848,20.724451637268068,19.261124086380004,20.938931167125713,19.81739535331727,18.69693813323974,19.021157240867613,19.331416440010074,19.490804958343507,19.23354120254516,18.98305897712708,19.166479146480565,19.7422558426857,20.22175620794296,18.572822999954223,18.090437674522402,19.17916963100434,18.28075149059296,18.913277101516723,17.379072594642636,21.21221313476563,18.870627498626714,19.957954096794126,21.18012671470642,17.434343254566198,19.93244047164918,19.113128781318668,19.18438675403596,20.980525636672972,19.287240076065054,18.78169130086899,19.547595071792607,19.189131641387934,17.541691851615912,19.368121623992927,20.96861736774445,17.900824236869813,19.275239086151124,18.945129919052132,19.33258109092713,19.45859227180481,19.275299966335293,20.683515691757208,16.4204570055008,20.16762421131134,19.567727160453796,19.358610320091252,20.289802002906804,19.50969440937042,20.076849174499518,20.083670258522037,23.328815078735353,18.923946070671086,19.07996518611908,19.880028891563416,19.26972695589065,20.104009187221532,17.49806852340698,18.674043560028075,18.47785394191742,18.303269481658933,17.67160143852234,19.96005277633667,19.780759072303777,18.473625826835622,19.65127850770951,19.143341445922847,19.854782354831702,19.310727548599246,18.101379752159126,19.845980954170233,17.50669820308685,17.919861721992497,18.823438119888312,20.022627592086796,20.05839011669159,20.267820048332215,18.988426566123966,20.751055908203124,19.226695024967192,18.34367151260376,18.218823790550235,21.057831478118892,18.599021387100215,19.67967846393585,20.050193977355953,19.914988875389103,18.367533135414117,17.086332654953004,18.9213690519333,20.67809592485428,19.25539538860321,19.507262468338013,19.095547401905055,19.30948150157928,18.63940789699555,19.897946548461917,20.57206151485442,20.628781604766854,18.59627398252488,19.113565611839284,18.81825748682022,19.457728362083444,19.386867547035227,19.90859508514405,19.93329882621766,19.4028039932251,18.603810870647436,18.876857197284703,19.310994935035712,18.639595556259156,19.777857184410106,17.217047154903415,17.145145225524903,21.56682205200196,20.362217926979064,18.4127474308014,19.29313231706619,19.48507648706437,19.258857297897343,19.822608375549304,19.995743846893316,19.486786317825324,18.285410869121563,19.487193274497987,19.303144502639768,19.54406774044037,19.130754256248476,19.51138198375702,20.11628367900849,18.97291802167892,18.47806768417359,18.85946221351623,17.496657562255862,19.214588570594792,20.13356873989105,19.265217518806462,18.04631190299989,19.83379907608033,19.728183770179758,19.210380840301514,20.214609682559974,19.60315463542938,16.699398851394655,19.908237409591674,18.765513515472417,20.49843058586121,17.981414067745217,18.64241964817047,17.337421464920038,20.405717873573302,17.968057107925418,19.90506851673127,19.287071585655212,20.354009294509886,19.68285171985627,18.1015273809433,20.286638486385346,19.78888304233551,19.684814155101773,19.078635084629056,20.00380797386169,21.074408483505252,17.18936969041824,17.975885391235348
2068,17.01307048797607,18.378242397308355,19.77421566247939,22.438744640350343,19.447231674194345,21.748179769515993,20.07381877899171,18.707130849361427,18.138599419593806,19.461224019527442,19.304999530315406,19.0555218577385,18.701336443424225,19.764344632625587,20.071887302398686,20.49140347242356,18.378672444820403,17.994366002082824,18.946384954452515,17.540982282161707,19.044029104709637,17.170307993888855,22.249973177909848,18.617371857166294,20.264134263992307,21.839153695106504,17.511283397674553,19.649821591377265,19.611704874038693,18.97123868465424,22.626645183563234,19.57626230716706,18.866815841197965,19.325361931324004,18.94632949829102,17.640877389907835,19.371273553371424,21.617246127128602,17.54055004119874,19.089863848686228,18.731102526187893,19.55969011783599,19.21570987701416,19.35519405603409,22.531006646156317,16.63669103384019,20.860625147819515,19.323968541622172,19.179729783535002,20.05590562820434,19.765090024471284,19.90116522312165,20.303239095211033,25.773300266265874,18.712674510478973,19.102610230445865,19.548480772972113,19.04494295120239,20.26331595182419,17.677898037433618,18.58330307006836,18.7589347243309,17.40393080711365,16.929404544830323,19.69190993309021,19.517989850044255,18.324843609333033,19.825601994991313,19.806266474723817,20.00107426643371,19.199272346496592,18.145220637321472,19.53261549472809,17.468536388874064,17.915044808387766,17.97229619026185,19.71899383068085,19.69030191898347,21.664158630371098,18.850301671028138,21.492540657520305,19.382316291332245,17.88262392282486,18.289444196224217,23.01139550209045,18.36497213840485,19.537632751464848,20.6795269370079,19.724822652339938,18.305720770359038,17.048516964912416,18.511155331134812,21.2079518198967,18.98472505807877,19.707341837883,19.376464223861696,19.59091432094575,18.669401454925538,20.04584628343583,20.215196466445928,20.828621137142186,18.750028812885287,19.13835716247559,18.634798014163966,19.46935518980026,19.63727988004684,19.705728232860572,19.739642536640172,19.51450235843658,18.638141882419596,18.575605630874627,18.97030553221703,17.73766958713532,20.429460716247554,17.313123703002933,17.042171394824983,23.46608107089996,20.983444714546206,18.241282033920292,19.537754166126255,19.8420178771019,19.065225028991712,20.14103990793229,19.80686676502228,19.12885376214981,18.01535311937332,19.514828741550453,18.637539768218993,19.279044973850258,18.82113285064697,19.395559465885167,19.82153568267822,19.134558057785046,17.589920091629033,18.038332009315486,17.604168593883514,19.046317422389983,20.74888825416565,19.715698766708385,17.93960881233216,19.518107032775884,19.579731130599974,18.99928727149964,20.499531257152572,18.701888072490686,16.82017492055893,20.11167365312577,17.866525661945353,20.79082107543946,17.078894495964043,18.525804305076598,17.230107021331783,21.041726040840153,18.103129589557646,19.569526565074923,19.012323009967808,20.064158064126968,19.709951555728917,18.212323427200317,20.52143763303757,20.571464014053348,19.979964697361,19.405269396305087,19.66388075351715,21.821626555919654,17.44136970043183,17.111237418651587
2069,16.982418847084052,18.30411396026612,19.58641197681427,20.5236290693283,18.486122810840605,20.295817947387693,19.216045093536387,17.896925926208496,18.004626536369326,18.535156309604645,17.97986180782318,19.122175979614255,18.554746437072758,18.544519627094267,19.06048827171326,19.54823367595673,18.42113063335419,18.07781641483307,19.01580607891082,17.046537995338436,18.33500609397889,17.28816506862641,20.664081072807324,18.46378140449524,19.63672277927398,20.619022345542913,16.67428776025772,19.35589439868927,18.891229248046876,19.039238858222962,20.813941216468812,18.83917019367218,18.171973371505736,19.381744432449338,17.825907766819007,16.84792807102204,18.728408765792853,20.3691151857376,17.671180272102365,19.171641802787782,18.22095340490342,18.717271959781637,19.181024003028867,18.484050679206845,20.93598282337188,15.633865892887119,19.866966485977176,19.23756551742554,19.18455905914307,18.594050240516665,18.857643687725066,18.402925658226017,19.373564898967743,23.110560369491584,18.60124974250794,17.95979473590851,19.415191590785987,17.773683369159713,19.428419125080115,16.767822599411012,17.92924005985261,17.73697209358216,17.229504883289337,16.46637419462204,18.54669389724732,19.52325677871704,18.37384521961213,18.953196012973784,19.08968274593354,19.23398857116699,18.905115246772763,17.35493098497391,19.50210423469544,17.56762471199037,17.20755770206452,17.866373467445374,19.62496935129166,19.30718687772751,19.749728417396554,18.95395133495331,20.17936427593232,18.46820303201676,17.93849928379059,17.39048854112626,21.225317001342773,18.339183437824254,19.521690154075618,19.350950551033016,19.718701028823865,18.335941553115852,17.13896758556367,18.22014901638031,20.002843236923226,18.86345415115357,18.91898121833802,18.3208615899086,18.764366984367374,17.901236915588377,19.177185440063468,19.867382717132564,20.044355440139768,17.879468321800232,18.42020486593247,18.21396732330322,18.751564764976496,18.619623935222616,18.311917114257813,19.715772402286532,18.644941222667704,17.907207500934607,17.37677783966065,18.586634933948517,17.596118152141578,19.381722807884216,16.47942076921463,15.976269769668585,21.42666409015655,19.925346851348877,18.147567677497857,18.68824632167817,18.763694095611566,18.959503698349,19.24514434337616,18.42433860301972,18.889585375785828,17.638784253597265,18.761054563522343,18.57463343143463,19.333666062355043,18.096755075454716,19.042597556114202,19.469077110290538,18.30804197788239,17.424019443988804,17.96458320617676,16.80726628303528,19.054040384292602,19.730447268486017,19.097296500205996,18.07328200340271,19.365724587440496,19.548793220520025,19.0299666762352,19.475078296661376,18.625328969955447,15.869996321201327,19.182947707176215,17.713118624687205,19.82619514465332,16.893978428840644,17.592298328876502,17.35797266960145,19.875263953208925,17.253481781482698,19.347313892841346,18.840244317054747,20.023493301868434,18.962746357917787,17.334074354171754,19.625162220001222,19.283863258361816,18.897475934028627,18.41687178611756,19.308363461494444,20.543207871913914,16.5264995098114,16.993901336193083
2070,17.62715404033661,19.15509181022644,20.408052635192867,21.11798577308655,19.054806733131418,21.587463474273683,19.6243426322937,17.96001980304718,18.813183879852296,18.584095525741578,16.974367594718938,20.16380870342255,19.370471119880683,18.1397144317627,19.473793363571172,19.964731144905084,19.49195117950439,19.017251753807063,20.069813323020934,17.42828274965287,18.711910605430614,17.74980630874634,21.235585117340094,19.267848443984985,20.570389890670775,20.430476093292235,16.744924473762516,20.127849125862134,19.805666136741642,20.080682229995727,21.42900104522705,19.171644902229314,18.540290117263794,20.50322024822235,16.984965765476225,17.342013549804687,18.901543641090402,20.30355308055878,18.440708136558538,20.23340868949891,18.885908222198488,19.09957933425904,20.18642327785492,18.47823302745819,21.314201140403753,15.731645500659937,20.845174193382267,20.157603621482853,20.238051891326908,17.60791068077087,19.340567064285285,17.446213316917408,19.812015056610115,23.892488121986396,19.440777850151072,17.505766987800605,20.327710247039796,16.88905376195909,20.396902644634242,16.80907952785492,18.493229675292973,17.69619201421738,18.061368393898007,16.879869496822348,17.75991735458374,20.614533209800715,19.464213681221004,19.383270788192753,19.760752701759337,19.4881448507309,19.53936548233032,17.429299187660227,20.754879522323602,18.43921294212341,17.738844859600064,18.630115699768066,20.670186662673952,20.130536067485806,18.397973895072944,19.976806569099438,21.373238372802735,18.47315139770508,18.701663494110107,17.422424340248106,21.620245718956,19.387601637840277,20.610617923736573,18.88978116512299,20.8418948173523,19.24083046913147,17.99614207744599,19.01397755146026,20.160114526748654,19.70588667392731,19.291512894630433,18.375045061111447,19.121351385116576,17.98258316516877,19.632811880111692,20.69598664045335,20.94994635581971,18.30533971786499,18.489842891693122,18.82174041271209,18.904126167297367,19.116779518127444,17.365063285827638,20.86537816524507,18.637499690055847,17.9844738483429,16.682602488994604,19.350595855712893,18.403396320343024,20.321650624275204,16.56424711942672,15.384798204898834,22.037815403938286,21.02756006717682,18.95076363086701,19.138360524177564,19.19986981153489,19.80002634525299,20.121795535087582,17.50121775865555,19.693595600128177,18.33090655803681,18.85735337734223,19.348859357833867,20.37542309761046,18.12878733873368,19.612307500839236,20.149706506729125,18.73942165374757,18.266474974155425,18.666646242141717,17.30611169338226,20.115349555015566,20.813974857330322,19.997447323799143,19.05525982379914,20.228846621513373,20.651614069938663,20.11227192878723,19.867891764640802,19.403315591812145,15.792833971977235,19.689936327934266,18.538261580467225,20.188727164268503,17.73317954540253,17.151229238510133,18.331288576126106,20.389817214012158,17.70706017017365,20.185389780998243,19.710114479064945,21.225734233856194,19.045190668106066,17.357484853267678,20.008400154113758,19.77524445056916,19.36588546037674,18.855690884590146,20.094124650955205,21.735090398788458,16.56538767814636,17.764759159088143
2071,15.50257295370102,16.623446464538578,18.85317302942277,20.854399228096003,17.460296821594238,21.62788579463959,17.97358303070068,16.273860454559326,16.375072968006126,16.868050479888915,15.70899760127067,17.41695765256882,17.845238363742837,16.404494333267202,17.744447374343878,18.276420378685,16.81467116475105,16.54842543601989,17.294006305933003,15.322861582040783,17.128059923648838,16.0271253824234,20.15852410793305,17.776915848255165,20.056760418415063,19.170007729530333,15.016392296552661,18.74303466081619,19.645149636268616,17.27799164652825,21.244638276100158,17.824057960510256,16.966006976366042,17.595850068330762,15.801257896423348,15.696179080009463,17.046093118190775,18.583764684200293,16.023073124885553,17.4291137456894,17.365130305290222,17.34420549869538,17.572014343738562,16.857351350784302,22.614656805992134,13.577934829890726,20.817096757888798,17.77638014554978,17.470938938856115,16.117880475521098,17.49555833935738,16.03332352638245,18.23497006893158,23.601277303695685,17.837190270423893,15.988474535942075,18.477798080444348,15.72757752537727,19.619239878654476,14.940404877066618,16.97739800810814,15.661768501997003,15.623480373620993,14.748502185940746,16.623514139652258,17.772884374856954,16.686813342571256,17.84271578788758,19.699624705314637,17.869949138164532,17.23764247894288,15.692215114831928,17.866401559114458,16.09441093206405,16.163989400863645,16.268407189846048,18.29524346590042,18.517918148636817,17.77907638549805,17.272737944126135,21.415455949306494,16.715350717306137,16.38125721216203,15.780047470331198,23.070260190963744,16.64259303212166,17.70703040361404,17.17674210071564,17.86831679344177,16.81358046531677,15.733961510658261,17.514835366606718,18.42580327987671,18.123080074787147,17.675144076347355,16.35403349399567,17.647412824630752,16.26039487123489,18.162292289733887,19.077668148279194,20.370785152912145,16.75287238359451,16.753793543577206,17.322205835580835,17.11849412918091,17.36250004172326,16.044248151779186,17.848716467618935,16.96734686493874,16.2604875266552,15.465526437759399,17.888313311338422,15.969313168525701,20.3190126657486,14.79233965873718,13.93784996271134,21.851857304573052,20.944749927520753,17.419561755657206,17.65426719188691,17.32934759259224,17.2369612634182,19.406910979747767,16.188630616664888,18.1738316833973,16.850172728300098,17.22280043363572,16.9800115942955,17.674998646974565,16.382087957859046,17.43649985790254,18.847776031494135,17.182549977302553,15.815100151300442,16.406679105758677,15.667174202203757,17.307800924777982,20.71321583986282,19.799197554588314,16.474114191532138,18.61467324495316,17.70659658908844,17.252946901321415,18.244670712947848,16.971274530887605,14.008898651599889,18.107322049140937,16.0719391644001,18.632399702072142,15.280870050191883,15.757629781961445,15.862082600593572,19.230497372150417,16.08008541464806,18.57018358707428,18.049025201797484,18.11074945628643,17.315245658159252,15.672235220670705,18.423599183559418,18.76698571443557,17.552722948789594,17.468797147274014,18.58961653113365,21.739531505107887,14.702027899026868,15.381805980205531
2072,16.76608552932739,18.08832483291626,19.916287207603453,21.54837064743043,18.86696094274521,21.965049242973333,19.33020938634873,17.356342446804046,17.84901518821716,18.00475796461106,17.28623455762863,18.734919381141665,18.821778798103328,17.464817023277288,19.234734642505643,19.702094531059277,18.114744234085084,17.67797031402588,18.628594899177546,16.83280977010726,18.40136536359788,17.04623985290527,21.396864759922032,18.711554098129273,20.5249037027359,20.545580816268924,16.081190848350534,19.781639266014096,19.8913381099701,18.608031702041632,21.823804903030396,18.911809802055366,18.17004411220551,19.007005119323733,17.209497869014733,17.06813315153122,18.110372316837314,20.18356246948242,17.232520437240602,18.74519577026367,18.624644744396203,18.685738599300386,18.897579312324517,17.92221645116806,22.282376432418832,14.836813738942151,20.98145172595978,18.997847247123712,18.88463330268859,17.935664963722232,18.968195080757148,17.790843760967256,19.636986255645752,24.517155027389528,18.735743379592897,17.335616612434393,19.584665727615356,17.194101727008825,20.429250109195713,16.076823127269744,18.3063891530037,16.934759604930882,17.107669246196753,16.23566201925277,18.015763652324672,19.185019254684455,18.034518933296205,19.21942639350891,19.98581020832061,19.072579288482665,18.412684631347663,16.74205241203309,19.39572132825851,17.154346537590026,17.501915645599375,17.697134590148927,19.608072185516363,19.797475600242613,18.20337100028992,18.493161177635194,21.71899321079254,17.815318286418908,17.611607551574703,16.865569937229157,22.672757983207692,17.965674507617955,19.160434412956242,18.34661051034927,19.376628446578977,17.97992823123932,16.74297580718995,18.682741951942443,20.02564967870713,19.095828723907477,19.01332387924195,17.69635252952576,18.886538958549497,17.29913415908813,19.48997037410735,20.34012823104859,21.028554797172553,18.130100607872016,17.785616564750676,18.43120971918106,18.187849259376524,18.903765177726743,17.699808740615854,19.37981452941895,18.027615499496456,17.27538965940476,16.917006456851958,19.102116262912755,17.449799716472622,20.559135413169862,15.85083065032959,15.295958316326145,22.52452096939087,21.273388409614565,18.244985032081605,18.899985182285317,18.945026350021365,18.519898080825808,20.18217537403107,17.83027949333192,19.246103870868687,17.986606085300444,18.278196108341216,18.33777670860291,18.968310737609865,17.680906438827513,18.588877749443053,19.901584506034858,18.530205035209654,17.295220518112178,17.759066224098206,17.055609440803533,18.675548839569093,21.009388828277583,20.02563951015472,17.61828174591065,19.64331727027893,19.174576044082645,18.63169391155243,19.712703096866612,18.43808617591858,15.188435888290405,19.499958348274237,17.57065677642823,20.016048288345342,16.775688874721528,16.967597281932825,16.952274131774896,20.354234385490418,17.49442712068557,19.71695768833161,19.114863228797912,19.708570647239682,18.349812114238745,16.74533913135529,19.813877618312844,19.8483195900917,19.156415188312536,18.759588038921358,19.789556705951693,22.045895957946787,15.815626347064981,16.855291175842286
2073,18.62747416496277,20.146377384662628,22.099686288833617,23.607643985748297,21.56145145893097,24.03926126956939,22.02336728572846,21.004496431350717,19.933224177360536,21.78533370494843,21.696634626388555,20.667254114150996,20.913380122184748,22.358588480949408,22.163809537887573,22.444465041160583,20.013246643543244,19.431854939460756,20.644645321369175,19.504556810855867,20.96102464199067,18.869489622116088,24.178222370147715,20.78537826538086,22.255961370468146,23.919670248031615,19.784871923923493,21.950177574157728,21.332700848579417,20.637960386276244,23.78473279476166,21.06607601642609,20.77043812274933,21.1076303601265,21.163481497764586,19.81717629432679,21.595389485359185,23.85963311195374,19.12652008533479,20.73497489690781,21.098994874954222,21.592560338974003,20.898301708698273,21.56617236137391,22.77705435752869,19.34724805355072,22.729301190376283,20.957558226585384,20.89688634872438,22.748522567749028,21.809267497062685,22.586021947860722,22.304068446159363,27.40225982666015,20.82662377357483,21.425313544273386,21.810142683982853,21.239643692970283,22.65524835586549,20.09188302755357,20.909475159645087,21.374802219867707,19.173323941230773,18.859124231338505,21.891295886039742,21.306049132347106,20.02233605384826,21.84259886741637,21.442623019218445,22.02197117805482,21.0616527557373,20.431581091880798,21.753021621704107,18.852289414405824,20.14791972637177,19.70897246599198,21.885682284831997,22.361427068710324,23.518349766731262,20.364390218257903,23.679872560501103,21.76031818389893,19.473864889144902,20.527074408531195,23.235697317123417,20.006020081043243,21.320843207836152,23.30474152565003,21.565493655204772,19.762224006652836,18.37979400157928,20.962062835693363,23.37025218009949,21.204936933517462,21.67586832046509,21.960500478744514,21.323832511901863,20.95486500263214,22.004454636573797,22.87688176631928,22.95940303802491,20.835133504867553,21.447769665718077,20.740518164634704,21.619194865226756,21.860562872886657,22.263655638694765,21.607114946842202,21.769347143173228,20.889396595954896,20.78388676643372,21.479425096511847,19.509261345863344,22.151365327835087,19.572585344314582,19.3749834060669,24.665834283828737,23.026678729057316,20.20513589382171,21.31950976848602,22.074667978286744,20.903757822513587,22.33823509216309,22.228876924514772,21.456955862045284,20.31155250072479,21.688140916824345,20.353908085823054,20.914002299308784,20.883620476722715,21.290968513488775,21.997437644004826,21.119582676887514,19.38266704082489,19.74900753498078,19.809615230560304,20.72702980041504,22.72280333042145,21.439277672767652,19.427642381191255,21.831376552581794,21.371429002285016,20.70709879398347,22.52628185749053,20.523988127708424,19.195641708374037,22.128238344192503,19.672973656654356,22.735467839241032,18.86081604957581,20.725051832199096,18.640539753437054,22.736666011810307,20.294070148468027,22.06077599525452,21.41941432952881,22.060997307300575,21.9865843296051,20.508950710296645,22.505005002021797,22.268473911285405,22.204691290855408,21.363445067405703,22.161337184906,24.010524344444285,19.767741131782536,18.952683162689205
2074,17.86960091590882,19.17455503940582,19.83891377449037,20.187451338768,18.576657259464277,20.755202150344857,19.033902919292462,17.467008173465736,19.15781792402268,18.081839323043823,18.576336014270787,19.07462198734284,18.7455897808075,17.631822085380563,18.8968631386757,19.41671291589737,18.41813613176346,17.965738630294815,19.024693477153782,18.157802808284757,18.143412709236145,17.64393014907838,20.524599146842956,18.650276482105248,19.79144806861878,20.344615960121157,16.208386278152478,19.687353873252867,18.99482991695405,19.008307206630697,20.52320091724396,18.686506509780884,17.96958248615265,19.37270284891128,18.36756535768509,16.76806694269181,18.264110779762266,19.909067273139957,17.854665875434875,19.118657314777373,18.486747324466712,18.445507752895367,19.28312939405441,18.029902255535127,20.69302341938019,14.964930483698842,20.01078774929046,19.34819439649582,19.205305135250093,19.31162350177765,18.672706890106205,19.18285413980484,19.333061254024507,22.658606433868403,18.698553943634032,18.028221023082743,19.616698849201207,18.396659433841712,19.876073479652405,16.185991215705876,18.111755895614625,17.00446521043778,18.422886693477643,17.548938524723052,19.15922544002533,19.602561318874358,18.31821542978286,18.940998947620393,19.20110430717469,18.927912497520456,18.717893040180204,16.879677468538283,19.653688406944276,17.385660052299507,17.258564746379854,18.93904694318772,19.79673174619675,19.75319284200669,18.94827718734742,18.84261920452119,20.57514524459839,17.935716938972483,18.34082576036453,16.992954695224768,21.03533625602723,18.446260333061222,19.516814994812012,18.468767094612122,19.744227206707013,18.241325175762178,16.976485800743113,18.624529111385346,19.7102810382843,19.01562172174453,18.730922257900232,17.712494397163386,18.611553525924684,17.425742268562324,19.229854989051816,20.28006407022476,20.434284138679498,17.86918469667435,17.901137268543245,18.346750867366787,18.331573379039764,18.5575447678566,19.00443452596664,19.756662940979005,18.14334584474564,17.39341070652008,18.113991653919225,19.04313578605653,18.763920533657082,19.629070186614992,15.976978957653051,16.150481843948366,21.090869450569155,20.21590974330902,18.205418729782114,18.632889950275416,18.571255457401282,18.871987354755408,19.548648643493657,19.102261292934422,19.19641367197037,17.90268294811249,18.356939423084267,19.374630558490754,19.376853203773496,18.488632714748388,18.852308273315437,19.874575853347785,18.265061891078958,18.607617318630226,18.98091757297516,16.761986637115477,19.049016439914695,19.990084028244024,19.135401725769043,17.913323414325717,19.56722651720047,19.55686883926391,19.037501800060276,19.40681015253067,19.726581788063047,15.474380409717563,19.20997087955475,18.89505733251572,19.742315888404853,18.108251392841346,17.67581514120102,17.20730587244034,19.783580183982853,17.199963283538825,19.630237340927124,19.03632508516312,20.15558314323426,18.484460246562954,16.878465336561206,19.515548634529107,19.12871482372284,18.79471611976625,18.355788946151733,19.728051745891573,20.902421522140507,15.887625789642328,18.094715487957
2075,17.11686477661133,18.346091353893286,18.854148232936865,20.335866689682014,18.75131180286408,20.3698000907898,19.366444587707527,18.103669512271882,18.273276472091677,18.7541305065155,17.81424596309662,18.56420130729675,17.810862267017377,18.55772275924683,19.284976255893707,19.751337397098546,17.838787281513213,17.518646168708802,18.469517385959627,17.27075227499008,18.406545448303227,16.81685965061188,20.708986032009122,17.72896654605865,19.289417266845707,20.797473073005683,16.858900392055514,18.703355646133424,18.692039179801945,18.477339756488796,20.60971169471741,18.9233351945877,18.251588761806495,18.76668590307235,17.658079230785376,16.997423362731933,18.769149279594433,20.51758579015732,17.271321582794197,18.58990933895111,17.892046093940735,18.827066135406504,18.686407971382142,18.732806015014653,19.852410101890573,15.760051387548447,19.72718758583069,18.805348300933836,18.670706987380974,18.47381958961487,19.00543478727341,18.292927050590517,19.61666768789292,22.79147019386291,17.774566411972053,17.977391076087958,18.654720270633696,17.69923752546311,19.110041332244872,16.921800327301018,17.788653051853178,17.89890850782394,17.51707118749618,16.681309449672696,18.474220335483547,18.980549740791332,17.732858860492712,19.18229089975357,18.4384768486023,19.351025116443633,18.639991509914402,17.50116599798203,18.802119624614715,16.96955666542054,17.219464397430418,18.095846593379974,18.942606091499332,18.59222794771195,19.827464294433593,18.374642848968513,20.22294729948045,18.665657007694247,17.719126129150396,17.652842032909398,20.18500156402589,17.855571031570438,18.963856828212737,19.49970548152923,19.159162628650666,17.803844738006593,16.56940336227417,17.57440276145935,20.220226454734807,18.088047778606416,19.038328766822822,18.527395546436303,18.907976233959204,18.061475455760956,19.424491989612584,19.126968109607702,19.773719763755803,18.119515347480775,18.518293893337255,17.847488021850587,18.843261396884927,18.887351810932167,18.214083528518678,19.166945970058453,18.857450819015515,17.998383331298832,17.391836655139922,17.962162506580352,17.85820028781892,19.36198685169221,16.624479079246527,15.863456654548646,21.190906524658203,19.844493055343627,17.36279056072236,18.86846444606781,18.982536673545848,18.566582608222966,18.969592869281772,18.33986971378327,18.175425636768335,17.126816546916956,18.92468645572663,18.616115379333504,18.820207071304317,18.14540086984635,18.893543851375586,18.892852306365974,18.509597337245943,17.70408548116685,18.15813708305359,16.977144134044647,18.507392776012423,19.630617380142212,18.830582880973825,17.437624561786652,18.574391114711766,19.005505049228667,18.466948843002314,19.763858020305634,18.84346439838409,15.957820439338684,19.40793104171753,17.988805973529814,20.092813158035284,17.192931687831884,17.532290017604836,16.730750751495368,19.949217271804816,17.466431832313535,18.587522280216227,18.026291131973263,19.45498526096344,19.107807934284217,17.552658104896548,19.836244356632236,19.332023930549624,19.191750216484063,18.59510493278504,18.643518507480625,20.524616861343386,16.6409188747406,17.208192217350007
2076,15.972810220718387,17.150488805770866,19.083498060703285,20.900395536422728,17.708717417716976,21.346817922592162,18.144133746623996,16.30304738283158,16.940277659893034,16.863121545314783,16.203102970123297,17.81028797626496,18.019404649734504,16.54501662254334,17.92181639671326,18.44984450340272,17.19907703399659,16.85552248954773,17.7215388417244,15.87146377563477,17.31287086009979,16.131533145904537,20.352829098701477,17.939704430103312,19.973295092582706,19.747357511520395,15.017225039005282,18.958272254467015,19.482140040397645,17.694054520130162,21.276662421226497,17.925304174423225,17.12981057167053,18.027829575538643,16.262303149700163,15.928784132003788,17.081593239307406,19.013126063346867,16.390482163429265,17.8296288728714,17.651354086399078,17.483801615238196,17.984266424179076,16.84956649541855,22.180847835540778,13.510454338788989,20.544310569763176,18.14806118011475,17.899291205406183,16.783544182777412,17.674107336997984,16.668684339523317,18.449698781967168,23.747707581520082,17.958907186985023,16.265017676353455,18.751444494724275,16.19023224115372,19.658561205863954,14.8973232626915,17.258547723293304,15.591953921318051,16.186235451698302,15.278368246555335,17.083144378662112,18.232406497001648,17.069431066513065,18.079844331741334,19.507700562477112,17.979463756084446,17.48499100208283,15.693545341491708,18.296856141090394,16.353020501136776,16.429651558399208,16.81015008687973,18.658803963661196,18.818276858329774,18.354609608650208,17.626048088073738,21.152315592765817,16.667733979225154,16.774713706970214,15.800519502162942,22.537212824821477,17.069359230995175,18.132004761695868,17.245828175544737,18.327767539024357,17.11615111827851,15.981768107414243,17.80080274343491,18.766208505630495,18.282195198535916,17.86427074670792,16.334831821918492,17.77883760929108,16.26281492710113,18.410054326057438,19.36687338352203,20.373085689544684,16.996435415744784,16.738114809989924,17.558525073528294,17.15701004266739,17.587425971031198,16.630075836181632,18.322790288925177,16.935194778442376,16.23884642124176,15.940015435218816,18.18846051692962,16.530876326560975,20.104681181907655,14.779089629650116,14.258696234226232,21.89788746833801,20.759313011169436,17.507462906837475,17.81835973262786,17.5126605629921,17.58586398363114,19.447774910926817,16.765049767494208,18.414441680908205,17.097696018218993,17.2488535284996,17.46106662750244,18.10285742282867,16.719760477542877,17.653870928287503,19.08536051511764,17.41370849609375,16.37122558355332,16.920657646656032,15.920828604698182,17.72788885831833,20.52304556369781,19.640346169471737,16.78645703792572,18.81760488748551,18.148766422271734,17.688038110733032,18.435084676742555,17.517904162406918,14.04107732772827,18.337770330905922,16.648583185672763,18.78582787513733,15.845914101600652,16.012240993976594,16.16567492485047,19.413946008682256,16.334708678722386,18.798677146434798,18.22033169269562,18.631119966506965,17.33324338197708,15.667399764060985,18.62154552936554,18.93455438613892,17.765376496315003,17.687745499610898,18.864036273956298,21.487780404090884,14.632965278625495,15.92283674478531
2077,16.314516401290895,17.581907463073737,19.206738686561593,20.25635561943055,17.4160260438919,20.08115215301514,17.927571070194247,16.624577879905694,17.275852298736574,17.137013936042784,16.243557143211362,18.368765044212342,18.148760783672333,16.521867656707762,17.702988815307616,18.213097798824304,17.74192271232605,17.375299048423773,18.279207670688628,16.153477323055274,17.079572999477385,16.503562450408943,19.82693279981613,18.043564867973334,19.273546338081356,19.088311862945552,15.324360501766211,18.990126895904538,18.583993840217595,18.252901244163514,20.574101305007943,17.73909482955934,16.96767671108246,18.618853795528405,16.303524661064152,15.66203598976135,17.417017602920538,18.523101258277897,16.845913648605354,18.402689886093146,17.602527928352355,17.340020406246186,18.51801526546479,17.19016914367676,21.908797025680546,13.898765581846234,19.472001552581794,18.623617768287662,18.462468910217286,16.849217820167546,17.437974059581755,16.695459890365598,18.207614982128145,22.799421286582948,18.133863353729254,16.451226043701165,18.933787667751314,16.22374855279923,19.141556990146633,15.250639796257019,17.12721194028855,16.006180298328406,16.523616552352905,15.559184551239008,17.114685726165774,18.805072760581975,17.625668931007386,17.822761893272407,18.638009166717534,17.930029678344724,17.911713385581976,15.987913882732403,18.826103770732878,16.859855556488046,16.229788255691528,17.147718751430503,19.038099360466003,18.912086665630344,17.48134024143219,18.189105439186097,19.950100088119502,17.01806308031082,17.212678837776185,16.09799866676331,22.28471004962922,17.61093761920929,18.73748495578766,17.326944589614875,18.933602809906013,17.64777307510376,16.47040009498597,17.878289806842808,18.37251595258712,18.435459399223326,17.632667911052703,16.654494917392732,17.566774761676793,16.574859392642978,18.14672421216965,19.462347745895382,19.786806607246408,16.724063456058506,17.042795491218573,17.504431295394898,17.472351181507115,17.3135470867157,16.648098719120032,18.924338257312776,17.273565745353704,16.530019092559808,15.980366313457495,18.240566051006322,16.895751821994782,19.17141435146332,15.086206960678101,14.398893201351177,21.19405598640442,19.660833096504216,17.690884900093074,17.58506406545639,17.262921130657205,18.078934836387646,18.90391521453858,16.81022154092789,18.51876010894775,17.114755749702457,17.518980145454403,17.868594145774843,18.639123606681824,16.952808773517603,18.08691048622132,19.169307851791388,17.15868698358536,16.72035428285599,17.256096100807195,15.645430958271024,18.29571077823639,19.46049830913544,18.72734382152558,17.311546826362612,18.9406150341034,18.75235583782197,18.252683961391458,18.1982850432396,17.89613099098205,14.345471251010895,18.06633025407792,16.985760438442224,18.57863128185273,16.195244753360736,16.160621380805974,16.64261524677277,19.028338289260876,16.061931681632995,18.934504115581518,18.392562806606293,19.258303582668304,17.62676162719726,15.972803306579584,18.377622854709625,18.492030000686647,17.517111444473272,17.37435429096222,18.946413278579712,20.273835515975957,14.998604953289036,16.29281821250916
2078,18.693026065826423,20.126295852661137,21.409048199653615,23.76551661491394,20.3516506433487,23.558527600765235,20.95812964439392,18.993822264671323,19.92072079181671,19.772973442077635,19.06140940189361,20.653205084800735,20.23714594841004,19.966642856597904,21.01788172721863,21.42313308715821,20.041084790229796,19.439944911003128,20.597947454452516,18.78422482013703,19.977166986465456,19.14379572868347,23.53822531700135,20.124174785614013,21.817417836189282,22.445278525352478,17.790276134014135,21.263128018379213,21.032315421104425,20.58258035182954,23.98391706943512,20.374959039688104,19.73158261775971,21.108132052421574,18.776722955703747,18.59315017461777,19.78390023708344,22.40663623809815,19.178510832786564,20.72362995147705,20.16037483215333,20.403651809692388,20.8506355047226,19.618419599533077,23.33388931751251,16.9526124238968,22.43289558887482,20.818227291107185,20.893461799621583,19.804384279251096,20.7570573091507,19.675492215156556,21.20703885555268,27.731344723701483,20.24908039569855,19.112129592895513,21.23136625289917,18.859822523593913,22.043532705307012,17.955388975143435,19.868838453292856,19.0518517613411,19.19139777421952,18.2261396765709,19.540946054458622,21.284012699127196,20.047919178009032,20.722629904747002,21.331834554672234,20.709232020378114,20.25172841548921,18.4261108160019,21.534867262840272,18.8924884557724,19.018069982528687,19.748222064971934,21.539687299728392,21.57087626457214,21.48485250473022,20.366103434562685,23.234934759140014,19.642096161842364,19.49717266559601,18.562795019149785,23.784433937072755,20.03374681472779,21.39300730228425,20.866905021667485,21.61122882366181,19.82822592258453,18.40728230476379,20.19601913690567,22.093564057350164,20.55753688812256,20.61547338962555,19.783488011360173,20.443023037910454,18.952477598190313,20.908505511283877,22.07659494876862,22.431272149086006,19.654896926879882,19.424256682395942,19.96569159030914,19.871187615394597,20.603681945800787,19.485303235054023,21.646196627616895,19.776632142066955,18.91364736557007,18.566678535938273,20.70007526874543,19.491617560386665,21.804980611801145,17.579847967624673,16.99009538888931,24.823522591590876,22.635593414306637,19.666546034812924,20.384925317764278,20.903393185138704,20.406914520263676,21.792221307754527,19.588031578063973,20.76453609466553,19.52480936050415,19.89221971035004,20.339095067977905,20.870976352691653,19.4023253440857,20.322829174995423,21.355717086791998,20.027771139144907,19.391947758197784,19.765830421447752,18.541184258461005,20.770341515541077,22.36223142147064,21.167734217643737,19.420985198020936,21.14999516010284,21.43781142234802,20.701057863235473,21.40548667907715,20.47152047157288,17.01869425773621,21.037344646453857,19.670834755897523,21.63460562229156,18.864258682727815,18.539660382270814,18.661349368095408,22.096737337112426,19.02964626550675,21.315120887756354,20.717193651199334,22.059595513343815,19.993131732940668,18.484250950813294,21.41188552379608,21.69306704998017,20.95902383327484,20.379780650138855,21.413751983642577,23.590431356430067,17.708279013633735,18.990509557724003
2079,17.72367715835572,18.95828750729561,19.184494924545287,20.037450528144838,17.788291299343108,20.589277601242067,18.318690311908732,16.95364302396774,18.996759271621706,17.519905674457554,17.711667001247413,18.732878065109254,18.114142012596133,16.91659557819367,18.099779629707335,18.64114350080491,18.059015715122225,17.66459128856659,18.65897747278213,17.846468383073812,17.465908598899837,17.24314825534821,19.951986157894133,18.01651124954224,19.498694944381718,19.439384293556213,15.684432446956635,19.000007176399233,18.859049463272097,18.637998354434963,20.39067215919495,18.035158276557922,17.332101666927333,18.989454233646388,17.621891307830808,16.05493355989456,17.761129355430604,18.966160333156598,17.62176351547242,18.77952148914337,17.757288777828222,17.74119430780411,18.898721659183508,17.53876128196716,21.66870214939118,14.307095047831535,19.828280258178715,18.97097814083101,18.82814365625382,18.306336379051206,17.881636011600502,18.166039633750927,18.603785181045538,22.439115214347844,18.0638991355896,17.28918433189392,18.985733258724217,17.619195020198823,19.362744545936586,15.634450483322144,17.36849136352539,16.406484854221343,18.289814978837974,17.2625301361084,18.421862971782687,19.207981085777284,17.94821845293046,18.224627780914307,19.042221355438237,18.315918231010436,18.277567780017854,16.352890038490298,19.1400360941887,17.09922323226928,16.545619666576393,18.798970925807946,19.244352769851687,18.89535403251649,17.87499351501465,18.546722280979157,20.42396647930145,17.393930268287658,18.12527965307236,16.462125563621516,22.054555773735053,18.07856630086899,19.124267268180855,17.71145889759064,19.33765540122986,17.932801103591927,16.70018393993377,17.897130560874942,18.79492655992508,18.390033864974985,18.02992285490036,17.066885781288153,17.90290966033936,16.916252720355985,18.536707663536077,19.4471321940422,20.01637573242188,17.143899655342103,17.387203264236454,17.660721468925477,17.838271486759187,17.752439212799082,18.077956104278563,19.338438808918006,17.628798151016237,16.897234570980068,17.391784369945533,18.250398647785186,18.613487386703497,19.500960898399356,15.453075456619269,15.421911370754245,20.933158516883847,20.056739544868474,17.621116518974308,17.929784119129174,17.71379857063293,18.45782989263535,19.09311074018479,18.19693992137909,18.50605884790421,17.18540488481522,17.84878191947937,19.151569354534157,19.026448953151704,17.993830311298378,18.443814575672157,19.154580557346357,17.563696336746215,18.476839578151708,18.818746650218973,16.039403891563417,18.67651057243347,19.829241418838503,18.991152644157417,17.605420470237735,18.914305186271662,19.15298732519151,18.640946674346925,18.6131562113762,19.555797421932226,14.865659779310231,18.446354794502263,18.74090076684952,18.975744104385377,17.981041139364248,17.041258144378666,16.912175464630128,19.229999971389777,16.47845376729965,18.89832055568695,18.333978605270396,19.70864835977555,17.96835525035859,16.33155090808868,18.79015160799026,18.654957866668706,17.969735240936284,17.710626626014708,18.942071461677564,20.727735376358037,15.328807723522194,17.926490038633343
2080,15.316039073467255,16.30962377786636,17.223692297935486,19.758439397811898,16.33989230394364,19.051135873794564,16.68575772047044,15.658009636402136,16.13227721452713,16.1042516708374,15.620609009265905,16.90339045524597,16.30800215005875,15.916438829898834,16.397727835178383,16.9273475766182,16.2419282078743,16.081588387489315,16.74494597911835,15.06599314212799,15.901878380775461,15.539409756660461,18.863781499862675,16.266080212593078,18.222618961334227,18.60744225978852,14.345395350456235,17.081262063980112,17.900379014015197,16.744242560863494,20.07233176231384,16.775563025474547,15.83111867904663,16.992581832408906,15.71669809818268,14.47791051864624,16.413787674903872,17.64573605060578,15.68512015342713,16.894519484043123,15.816657185554504,16.10195217132569,16.95286056995392,16.211680960655208,20.87734208106995,12.69222266674042,18.67050759792328,17.136779117584226,16.92948271036148,16.106561231613153,16.108173203468326,15.99791779518128,17.034206271171566,22.08641202449799,16.32651529312134,15.633698892593383,16.988942790031434,15.636100196838376,17.494000089168544,14.180116105079652,15.511050176620486,14.843893945217136,15.344114267826082,14.512122476100922,16.544153666496282,17.165258479118354,16.10645146369934,16.685315155982977,17.827413558959968,16.821693134307868,16.637843549251564,15.022345709800721,16.90340625047684,15.648151326179505,14.850462412834172,16.03663487434388,17.145171320438376,16.591440629959113,18.34369688034058,16.79097295999527,18.988849127292646,15.994213140010828,16.070371246337892,15.132204520702356,21.207013440132148,16.08138597011567,17.12557117938996,16.623204708099365,17.27696354389191,16.344190692901613,15.294455981254576,15.793105864524842,17.256938087940217,16.577408730983734,16.422399294376376,15.434264719486245,16.484617638587956,15.623130905628205,17.078779923915857,17.182546794414527,18.428911733627324,15.569585108757025,16.100703895092014,15.879093885421753,16.46846269369125,16.041020035743713,16.01105643510819,17.241458046436325,16.28402526378632,15.579321753978732,15.359263002872472,16.078701078891754,15.702231585979467,18.425051760673533,14.09163868427276,13.659221529960629,20.664491724967952,18.80065329074859,16.005245518684383,16.554024028778077,15.869115304946899,16.67650893926621,17.49216507673264,16.155120563507083,16.494502580165864,15.244563245773318,16.546085488796237,16.6988350391388,17.137754654884343,16.00927684307099,16.87224440574646,17.23076113462448,16.013682723045346,15.535935699939728,16.196403551101685,14.469958543777466,16.75024745464326,18.629057240486148,18.056999158859256,15.98477493524552,16.99914680719376,17.113875937461856,16.683769202232362,16.914034831523896,16.750439202785493,13.356140685081485,16.970122325420377,15.810072767734528,17.332561182975773,14.996957743167874,15.422978675365453,15.37782157659531,18.118923783302307,14.87309645414353,16.841841053962703,16.384091842174524,17.410542380809783,16.69788309335709,14.990858268737796,17.160925614833832,17.61096913814545,16.133492481708526,16.30249960422516,16.787068784236915,19.313241219520574,13.958781528472906,15.143292295932776
2081,18.434412157535558,19.882753199338914,21.053688788413996,21.485135126113892,20.855931818485267,21.7469447016716,21.540453028678904,20.071516239643106,19.707549566030497,20.842072057724,19.435364019870757,20.239973878860475,19.923047041892996,20.56239974498748,21.61796612739564,22.020852291584013,19.52687895298005,19.04231789112091,20.187999880313875,18.71687765717507,20.555325388908383,18.21565562486649,22.64734604358673,19.78004310131073,20.707765758037574,22.198532485961923,18.87125371694565,20.827285575866703,19.733921360969553,20.189557719230656,21.70249571800232,20.7671912431717,20.343157291412354,20.600481271743767,19.12256809473038,19.17854821681976,20.727647972106933,22.527961730957028,18.830696225166317,20.317653119564056,20.050930070877076,21.094313287734984,20.393268895149234,20.674583339691154,20.91519038677216,18.28856731653214,20.895426225662238,20.447272384166723,20.3837662935257,20.18390159606934,21.40885949134827,19.957963657379157,21.72975633144379,24.376429080963145,19.88843870162964,19.797957813739778,20.85480905771255,19.16640906333925,20.973765587806703,19.13598183393479,19.956973171234132,20.34392440319062,18.922650307416916,18.109660547971725,19.851580452919016,20.77051149606705,19.504810988903046,21.23573458194733,19.72124254703522,21.433012628555304,20.409853053092963,19.51479153633118,20.987426859140403,18.454384934902187,19.34387254714966,19.485197925567626,21.048381900787366,21.031996428966526,20.322115397453313,20.010743343830114,21.542178952693938,20.778621470928197,19.19199751615525,19.596920728683468,21.289049792289738,19.519501805305485,20.773650944232944,21.571308112144482,21.002217674255377,19.33276609182358,17.996980905532844,19.77911229729653,22.413704538345332,20.22131065130234,21.19731400012971,20.9811636209488,20.906245827674873,20.03494049310684,21.398586964607233,21.58654725551605,21.390114855766292,20.19809548854828,20.51822209358216,19.98943630456925,20.77089239358902,21.215523481369015,19.800646197795864,21.02650084495545,20.849302935600285,20.008015632629387,18.784930694103238,20.211154586076738,19.29952557682991,20.43170540332794,18.691773450374605,17.615130901336677,22.37090003490448,21.07854523658753,19.340923464298253,20.826063275337226,21.511585211753847,20.337788426876063,20.703495025634773,19.89790871143341,20.402077329158793,19.302138578891757,20.869570386409762,20.066081547737127,20.478244626522073,19.756750714778896,20.65462696552277,20.953581511974342,20.560006475448596,19.118704265356055,19.534066116809836,19.13964900970459,20.22185269594193,20.827613687515257,19.906463336944583,19.0414553642273,20.80066149234772,20.816586959362034,20.20457843542099,21.999493300914764,20.312734448909758,18.06804900169373,21.53129647970199,19.43585795760154,22.224671649932862,18.6072235673666,19.207450938224795,18.254474031925206,21.740610432624816,19.608730888366708,20.9199345111847,20.313408803939826,21.4312600851059,21.064371323585515,19.547852945327758,21.974075078964237,21.04761917591095,21.613373196125035,20.57842750549317,20.948160755634316,21.860331726074218,18.87177093029022,18.647442531585693
2082,16.174201583862306,17.202600979805,18.044725275039674,20.252871465682983,17.31458539962769,19.51991412639618,17.744723129272465,16.36358752250672,17.164501428604126,16.915873646736145,16.57575278282166,17.26266078948975,17.05897784233093,16.5197182893753,17.501250660419476,18.042562162876127,16.67835674285889,16.39018335342407,17.13353489637375,16.11790405511857,16.929525589942934,15.815890669822693,19.762233400344847,16.993286728858944,18.71401937007904,19.31059179306031,15.085057151317603,17.88748195171356,18.284701061248775,17.11888470649719,20.567771005630494,17.602501583099365,16.788651025295255,17.436525583267215,16.606732738018042,15.510467088222503,17.091269886493688,18.583598518371584,16.227480745315553,17.266075658798222,16.779216837883,17.153677916526796,17.375821995735173,16.93133020401001,21.434518790245047,13.593518269062049,19.083253908157364,17.566728568077078,17.322797727584835,17.12189561128617,17.262866890430452,17.022951149940486,18.054959464073182,22.793756771087644,17.04888505935669,16.46656969785692,17.7595524430275,16.53041278123856,18.218147265911107,14.983315819501886,16.512790572643286,15.69605833292008,16.398908531665803,15.528086507320404,17.409175205230717,17.613252854347238,16.536481142044074,17.69255267381668,18.186817049980178,17.763527882099154,17.157108151912688,15.769634950160986,17.55667569637299,15.924808216094965,15.843341135978704,17.017400383949287,17.81493434906006,17.59675055742263,18.21225101947784,17.108305668830873,19.419433069229125,16.772632098197942,16.677860951423654,15.854272341728208,21.78385164737702,16.533090424537658,17.529231548309344,17.27156393527985,17.705871200561525,16.637658095359807,15.574296855926516,16.690405380725874,18.314351034164435,17.33651494979859,17.469284152984624,16.36751906871795,17.41536090373993,16.331054902076723,18.035688591003414,18.16514155864716,19.01735270023346,16.59096019268036,16.816093564033512,16.77423479557038,17.16611317396164,17.147309684753417,16.9707699418068,17.68627963066102,17.021539425849916,16.330862534046176,16.253526973724362,17.02686157226563,16.74868466854096,18.761411905288696,14.85224159359933,14.520787423849104,21.185759139060984,19.233744049072268,16.677161860466008,17.45301434993744,17.057127118110664,17.135948967933658,18.180451345443725,17.086768639087673,17.340923011302948,16.127857220172878,17.263186740875245,17.489936256408697,17.52902698516846,16.867670607566836,17.402430224418634,18.04865534305572,17.023645031452183,16.59316253662109,17.12104465961456,15.498804032802582,17.14634524583817,19.06207485198975,18.453511142730715,16.317255234718324,17.799060964584353,17.530402851104736,17.088112819194787,18.022318804264067,17.75900809764862,14.16626874804497,17.949709928035727,16.862883424758913,18.401801061630245,16.061443448066715,16.242509388923658,15.724900531768801,18.945917248725898,15.914442121982574,17.714563167095186,17.20597248077394,17.930162489414215,17.38855305910111,15.727913379669184,18.224698793888084,18.424778151512147,17.317019808292393,17.264012587070468,17.71814192533493,19.778908586502077,14.714409303665173,16.152952527999883
2083,18.809292244911187,20.208822631835933,20.977941513061527,21.306708288192745,19.487687468528748,22.20046384334564,20.015132582187658,18.932924771308894,20.030979394912716,19.619556307792664,19.228803110122687,20.600960898399354,19.813380169868474,19.10673226118088,20.009752655029295,20.422328531742092,20.011843585968016,19.402838754653942,20.567400693893433,18.889321029186256,19.063144040107723,18.959164452552795,21.69434485435486,19.706807827949525,20.907081437110904,20.68064203262329,17.716790401935587,20.78662419319154,20.058123850822447,20.531760287284854,21.585813641548164,19.560312914848325,18.923491358757012,21.06793506145478,18.932014024257654,17.699197411537174,19.717039978504182,20.70742084980011,19.217586350440975,20.680327057838447,19.578725481033324,19.545355522632597,20.77673730850219,19.547809791564944,22.09716718196869,16.845259386301045,21.249977850914007,20.714126944541942,20.839545416831974,19.95391285419464,19.715351998806007,19.812550413608555,20.287473976612098,24.227234053611763,19.78814091682434,19.11137311458588,20.83824725151062,19.016333353519443,21.167464303970345,17.856332075595855,19.17494045495986,18.925690901279445,19.27675491571427,18.350501728057857,19.70204013586045,21.263633298873906,20.022581100463878,19.829212486743938,20.289297914505006,20.067029535770416,20.189645433425913,18.351523816585548,21.437917327880868,18.85886368751526,18.24029364585877,19.84812989234925,21.309247183799744,21.045557928085326,19.362738466262822,20.315965461730954,21.942474675178534,19.556963407993326,19.54907174110414,18.498705828189852,22.508100914955143,19.984428024291997,21.34091370105744,20.124038076400762,21.555983471870423,19.778238010406497,18.379065370559694,19.762557160854342,20.614290833473213,20.112631058692937,19.692701554298395,19.516508281230934,19.550906896591194,18.886108279228218,20.070427048206334,21.568267524242398,21.570795035362245,18.77783445119858,19.35686776638031,19.31451667547226,19.79421439170838,19.623051893711096,19.62246646881104,21.581913161277775,19.69308608770371,18.844976043701166,18.713792049884795,20.236189389228826,19.584328973293303,20.76636106967926,17.50378686189651,17.05400956869125,22.256014871597294,21.453582191467298,19.227939248085026,19.533737993240358,19.78997857570648,20.374039411544803,20.786167049407965,19.719390177726755,20.323707771301276,18.996258318424225,19.730792152881634,20.4267168045044,20.838666844367985,19.445113492012034,20.275449228286746,20.91869435310364,19.146008288860326,19.49392538070679,19.872447204589847,17.66721802949906,20.722382283210756,21.206682395935065,20.164112591743468,19.39576528072356,20.697435617446903,21.386559700965883,20.64492557048798,20.422892677783977,20.599563670158396,16.96690847873688,20.13528231382371,19.776816368103024,20.697846913337717,18.953456950187682,18.588165485858916,18.64818367958069,20.745757031440743,18.141224515438086,20.840541791915896,20.244694638252255,22.025532138347632,19.92192299365998,18.40942479372024,20.48524452447891,20.13145887851715,19.907592904567714,19.303666234016415,20.936325633525847,22.288547301292425,17.597722005844112,19.140819692611693
2084,19.39502472877503,20.848339617252357,21.70808227062226,21.228260278701786,21.40173027515412,23.056031298637393,22.04497077465057,20.291469156742103,20.71705534458161,21.139817488193515,19.897563028335572,21.042449319362643,20.525612890720378,20.401695549488068,22.207157397270205,22.554760169982913,20.424163246154798,19.78006451129914,20.98521282672882,19.561409664154056,20.951137435436248,19.320116972923287,22.86708130836487,20.417361140251163,21.56639263629914,21.812346792221074,19.1456179022789,21.56678662300111,20.602442455291747,20.98755556344986,21.484709692001346,21.402457523345955,20.706814408302307,21.52380329370499,19.490275394916534,19.566461539268495,21.043129682540894,22.48272194862366,19.764742183685314,21.104905962944027,20.722523713111883,21.55719261169433,21.208396923542022,20.914128041267404,20.794032430648805,18.668975770473487,22.03940346240998,21.16499824523926,21.288035428524022,20.66716783046723,21.943894076347352,20.486452484130858,22.282757592201236,23.999956154823316,20.549543786048893,20.16734914779663,21.556432497501376,19.590110516548165,22.015418303012844,19.44713413715363,20.574079573154457,20.71101486682892,19.9731275677681,18.978940618038177,20.221556568145758,21.68333069086075,20.476738870143894,21.745910692214974,20.666840052604673,21.807252025604246,21.029976773262025,19.78937945365906,22.000562047958375,19.234151673316955,19.832175683975226,20.499049925804144,21.911667394638066,21.96360539197921,19.189188647270203,20.720298945903785,22.735067272186285,21.0675050854683,20.0734558582306,19.854270112514495,21.144824051857004,20.433837652206417,21.776104831695555,21.512283992767333,22.01499726772307,20.15744292736054,18.729073572158814,20.5122810125351,22.653794717788703,20.83545097112656,21.658249485492703,21.35648031234741,21.515257358551025,20.28469494581223,21.896088147163397,22.45176403522492,22.336547350883485,20.6657532453537,20.79061033725739,20.531077277660366,21.109290504455565,21.788658046722418,20.25496938228607,22.056180357933048,21.129587888717655,20.274309420585638,19.24361704587937,21.06737118959428,20.29250110387802,21.391047954559333,18.978974366188048,17.988906610012048,22.07443869113923,22.143294692039493,19.949981832504278,21.437447786331173,22.252079200744628,21.016552948951723,21.54174957275392,20.340660238266,21.082872152328495,19.962762963771812,21.123807549476624,21.008720016479487,21.23888211250305,20.281644284725203,21.128022146224982,21.72569930553437,21.01564439535141,20.16878685951233,20.51556513309479,19.49692548513413,21.14691292047501,21.885481524467473,20.726795291900636,19.795314645767213,21.44845242500305,21.830201530456545,21.110840570926666,22.548115110397344,21.283381497859967,18.41593236923218,22.12412295341492,20.47683312892914,22.71587519645691,19.641676509380353,19.512459504604347,19.035999202728284,22.058705186843873,20.030069530010234,21.644158422946937,21.027593529224397,22.492411184310907,21.313367748260497,19.83930598497391,22.479021573066706,21.227821826934814,22.18595441579819,20.9730174779892,21.777653872966777,23.093545722961437,19.221006572246555,19.811623489856725
2085,17.63578853607178,19.04093291759491,19.61666176319122,20.023789262771608,18.929918670654295,20.417508494853973,19.474650108814238,17.94862718582154,18.92637437582016,18.591615271568298,17.85707626342774,19.18790268898011,18.524569642543796,17.51099525690079,19.34666229486466,19.87348401546479,18.535791742801667,18.058780074119568,19.140267753601087,17.862697768211365,18.569721627235413,16.89147398471833,20.65765480995178,18.42882821559906,19.551191186904905,19.651257157325745,16.69304003715515,19.435948193073273,18.802379393577574,19.119343185424803,20.319813132286072,18.99314367771148,18.399526691436776,19.50539662837982,17.792769336700438,17.201105070114146,18.701081192493444,19.581255698204043,17.822138476371762,19.22847204208374,18.471145701408386,18.90939466953277,19.37541546821594,18.538991832733153,19.725003790855407,15.580585670471189,19.754166889190675,19.42604713439942,19.324908351898195,18.425434255599985,19.143459546566014,18.33931620121002,19.73001687526703,22.38932285308838,18.462896406650543,17.873833441734323,19.450490140914916,17.768300914764403,19.56174095869064,16.73450919389725,18.219148766994483,17.609024333953858,18.21223372220993,17.23806734085083,18.598387014865864,19.728731513023384,18.444502508640294,19.315166246891025,18.50505063533783,19.378951644897462,18.97528020143509,17.360338759422305,19.692095625400544,17.478285217285155,17.528460896015176,18.697214961051944,19.754855346679687,19.449389195442205,17.401205158233644,18.938076114654546,20.249141728878016,18.4637588262558,18.254533576965336,17.467249810695655,20.0003434419632,18.546614491939543,19.641550779342655,18.478601431846617,19.873261880874644,18.332759666442875,17.065122723579407,18.36426831483841,19.71598168611527,18.7915007352829,19.157347488403325,18.296821820735936,18.96976605653763,17.906073689460754,19.573193728923805,19.98205304145812,20.142725718021392,18.261940932273866,18.384147691726685,18.366794288158424,18.764786708354954,19.008142542839057,18.20954871177674,19.888401043415072,18.661023449897776,17.878234589099883,17.54413439035416,18.77047356367111,18.561885428428646,19.405535626411442,16.47823264598847,15.876840472221378,20.874253988265995,19.93656216859818,17.982883763313293,18.968423819541933,19.04750399589539,19.058901727199565,19.302784597873693,18.30242624282837,18.96348998546601,17.775820374488838,18.82920347452164,19.20417373180389,19.491084384918217,18.412404501438147,19.142987370491035,19.625829195976255,18.648837995529178,18.387907373905183,18.72730777263641,17.180960679054273,19.167376196384435,19.738746857643136,18.93926486968994,18.015986657142644,19.34650835990906,19.6865074634552,19.153009772300724,19.85063318014145,19.491560554504396,15.827101862430572,19.567122745513917,18.672955250740056,20.17893087863923,17.907429504394536,17.56573779582977,17.307484650611876,19.969488072395333,17.628514003753665,19.378853154182433,18.79170547723771,20.299263322353358,18.951532721519474,17.36473796367645,19.930238604545604,19.293014931678776,19.283992016315466,18.68596020936966,19.44725555181503,20.594702422618866,16.434255135059363,17.85651832818985
2086,18.10647909641266,19.821263456344603,21.90509562492371,23.390942573547353,20.879607224464422,24.094305658340456,21.516331267356872,19.712275362014772,19.41325573921203,20.47741541862488,19.003963804244997,20.922536897659295,20.73042721748352,20.637971901893614,21.59025390148164,21.99951932430268,20.279636454582224,19.64554824829102,20.9149539232254,18.49732141494751,20.50480840206146,19.21029567718506,23.669147896766656,20.575433588027952,22.233520627021793,23.01326019763946,18.468417310714724,21.747728300094604,21.389641213417047,20.87554864883423,23.611900639533996,20.776173615455626,20.259439444541943,21.39665937423706,18.80973916053772,19.15689883232117,20.457228183746345,23.095071578025824,18.979415655136116,21.012934041023254,20.69385085105896,20.99316704273224,21.187672400474543,20.296935987472533,23.818697071075437,17.75068036317826,22.843656516075146,21.167151594161986,21.14986867904664,19.64520230293275,21.360074615478517,19.51107735633851,21.73340749740601,27.128928112983708,20.68534669876098,19.322334122657782,21.731448936462407,18.8142288684845,22.53660093545913,18.654105663299557,20.400489044189463,19.760528922080994,18.702829027175913,17.878049194812764,19.571703672409065,21.609046292304996,20.264252233505253,21.24023225307465,21.72037935256958,21.28685381412506,20.676216840744022,19.128206014633182,21.951841497421274,19.03257501125336,19.562144339084618,19.217338585853575,21.96624000072479,22.106655275821687,21.64832100868226,20.62707343101502,23.743138933181775,20.339897418022158,19.27725045681001,19.23193819522858,24.27667019367218,20.21300671100617,21.574129676818853,21.536631345748905,21.832925653457643,19.975897121429444,18.549110245704657,20.725688445568085,22.74322996139526,21.028043198585525,21.168197774887084,20.517019462585452,20.899749374389646,19.657081627845763,21.40709202289581,22.622487783432007,22.904958939552312,20.190679907798767,20.146502947807324,20.46703648567201,20.52084627151489,21.203474044799812,19.354032707214355,21.867038917541507,20.445982837677,19.625297307968143,18.516108191013338,21.203912591934206,19.03501617908477,22.20719285011291,18.269853258132933,17.207145464420325,24.439421081542967,23.077531456947334,20.07020492553711,20.84655096530914,21.512024831771853,20.830487585067754,22.183237767219545,19.423045206069947,21.28648928403854,20.034645998477945,20.55889244079591,19.994027543067936,21.21105349063873,19.57392148971558,20.833764648437505,21.82807412147522,20.550738692283623,18.907441091537482,19.22326390743255,19.106245183944704,20.980860042572026,22.77994577884674,21.52415652275085,19.645080876350402,21.653815937042253,21.620570015907287,20.951679563522344,21.976754903793342,19.996336984634404,17.59804781675339,21.55284254550934,19.160002064704894,22.185318827629086,18.399282729625703,18.866092133522034,18.841162562370307,22.31842246055603,19.596224594116222,21.845573902130138,21.210848593711862,22.400429439544677,20.69314250946045,19.157693457603465,21.959166836738593,21.829149723052986,21.58662290573121,20.79169647693634,21.925353324413308,24.07878932952881,18.324107408523567,18.355994200706476
2087,17.136179864406582,18.284476745128632,18.988153159618385,21.720329856872564,18.370659792423247,21.36555849313736,18.87732493877411,17.256304788589482,18.30588803291321,17.908041071891784,18.259892296791076,18.178803038597113,17.939818716049196,18.06695692539216,18.750653564929962,19.25712739229203,17.531685745716096,17.189941179752353,18.0751908659935,17.409583997726436,17.95110729932785,16.9702748298645,21.183990001678474,17.869656205177314,19.879811906814584,20.73646912574768,16.01411074399949,18.8825611948967,19.388058042526243,18.07003685235977,21.99212529659271,18.582047605514525,17.78305225372315,18.399590146541602,18.06881110668182,16.561585676670077,17.98014645576478,20.19131762981415,17.10528823137284,18.202247321605682,17.803566706180575,18.26389985084534,18.329055595397957,17.85532125234604,22.511356830596924,14.754517200589182,20.588453817367558,18.46276677846908,18.279639172554017,18.950087714195252,18.475246500968936,18.827838540077213,19.168561244010924,24.80205442905426,17.92112531661987,17.81457260847092,18.719182348251348,18.117963683605193,19.62243381738663,16.017932331562044,17.574751526117335,16.89471213817597,17.55239075422287,16.82034152150154,18.85690242052079,18.59249701499939,17.427386832237243,18.73875603675842,19.560769987106333,18.74372617006303,18.0946824669838,16.67084226608278,18.573173677921297,16.671944081783302,16.891778844594953,18.12513248920441,18.813467824459075,18.760785019397737,20.29385905265808,17.99493365287781,21.143516647815705,17.768294692039486,17.572088110446927,16.789350712299346,22.992372775077822,17.51662036180496,18.55874173641205,18.84637855291367,18.745330643653872,17.466192960739136,16.29076924324036,17.70743768811226,19.816292071342467,18.213342809677126,18.56127265691757,17.556802785396577,18.48587930202485,17.221353054046634,19.03050802946091,19.294683742523198,20.31244595050812,17.643776297569286,17.69562628269196,17.743951129913334,18.06739047765732,18.383973681926726,18.676830410957347,18.74468693733216,17.97551174163819,17.20872215032578,17.783173036575327,18.107360213994987,17.88529853820801,20.14619226455688,15.789456617832181,15.872727394104,22.754072070121765,20.685957109928133,17.490062916278852,18.487647509574888,18.43676660060883,18.071048653125764,19.507758057117467,18.786348569393166,18.331064486503607,17.16517639160156,18.158651149272913,18.547326874732978,18.434887933731083,18.019725668430333,18.2864126443863,19.04003357887269,18.059525251388557,17.744741380214688,18.18486646413804,16.528719210624697,18.122724819183365,20.462711882591247,19.507499980926518,17.128211021423336,18.72987917661667,18.586150515079517,18.06802105903625,19.262191772460945,18.875069856643677,15.282322508096692,19.02020024061203,18.027884554862975,19.590585505962373,17.224268746376033,17.411244630813606,16.467137503623967,20.097204089164737,16.976527535915377,18.72463599443436,18.16186280250549,19.043054628372186,18.27700622081757,16.690165197849275,19.359172689914708,19.6316323518753,18.646149718761446,18.349550247192383,18.79820657968521,21.482033526897425,15.779346942901611,17.248870408535
2088,15.683357095718382,16.656950712203987,17.603344047069548,19.796615099906923,17.018512773513805,18.741053926944737,17.54009609222413,15.806659305095678,16.489725971221926,16.367922306060798,15.468914186954498,17.174322009086605,16.65548532009124,15.942120444774627,17.28851956129074,17.8209682583809,16.50045384168625,16.32799150943756,17.00263564586639,15.306902885437012,16.70803356170655,15.719074082374576,19.356177103519435,16.597742950916295,18.201230788230895,19.15971457958222,14.538910132646564,17.43610472679138,17.762557697296142,16.997167527675636,20.135646748542786,17.424980664253233,16.53788874149323,17.26455833911896,15.573929142951968,15.25228143334389,16.595508539676672,18.387975275516506,15.994184637069713,17.153372299671172,16.341014325618744,16.883168828487403,17.232013022899633,16.396508860588067,20.888234114646913,12.948673713952303,18.554240012168883,17.397833418846133,17.20269879102707,15.950384902954104,17.019224226474755,15.83621799945831,17.829735386371617,22.133964979648592,16.673141503334044,15.64929982423783,17.34815303087235,15.498450124263764,17.584400534629815,14.41292507052421,16.131029462814336,15.090033304691321,15.70616401433945,14.749386513233196,16.41189488172531,17.439337241649632,16.370345735549925,17.460912287235256,17.740179443359374,17.43478856086731,16.860506653785706,15.217214572429668,17.229977941513063,15.892591214179992,15.537512761354446,16.40896216630936,17.478369975090022,17.02899513840675,17.66450443267822,17.045785450935373,18.705419659614577,16.195709311962126,16.385819959640507,15.317035996913905,21.19269618988038,16.34834145307541,17.42288368940354,16.717829620838167,17.57786195278167,16.59607992172241,15.53170499801636,16.17608298063279,18.121244740486148,16.936135435104376,17.25860382318497,15.79098737835884,17.24703961610794,15.79245522022247,17.787302374839797,17.62578809261322,18.46690366268158,16.352397513389583,16.280550158023836,16.41394287347793,16.670710647106183,16.89706704616547,15.853395664691927,17.537101364135744,16.47948122024537,15.788644826412199,15.258203673362733,16.484831297397623,16.060705125331875,18.236684775352487,14.294943088293078,13.620623236894602,20.70991780757905,18.577611708641054,16.338753104209903,17.253101766109477,16.826225137710573,16.907948362827305,17.60926917791367,16.01332147121429,16.89294196367264,15.708485150337216,16.766422593593596,17.032928657531745,17.3905060172081,16.13672552108765,17.07645071744919,17.612394189834596,16.797887170314795,15.901339101791379,16.561727547645567,15.246352285146717,17.02707767486573,18.431860172748564,17.948524570465093,16.232565975189207,17.36503814458847,17.40656814575195,16.950130665302275,17.792232668399816,17.122427225112915,13.518443793058395,17.68289663791657,16.176640999317176,18.187993025779733,15.363903260231018,15.433177590370173,15.604222965240485,18.629238033294683,15.672795844078063,17.240744161605832,16.769195806980132,17.71676429510117,16.843293964862827,15.182187557220454,18.01365549564362,18.08810443878174,17.077229803800588,16.989517581462856,17.205647563934328,19.068006861209874,14.15631250143051,15.54401922225953
2089,18.194420266151432,19.69497125148774,20.668219256401066,21.477046203613284,19.888497066497802,22.701048493385322,20.536148524284368,18.834647750854494,19.524967980384826,19.62808896303177,18.817575132846834,20.055753540992733,19.499167346954348,19.164038026332854,20.53608185052871,20.997295355796815,19.392331576347352,18.849752521514894,19.987351822853093,18.468414914608,19.507499730587007,18.400829744338996,22.03981938362122,19.390876221656804,21.061337447166444,21.103966808319093,17.64545731544494,20.541582465171818,20.32789664268494,19.990093398094178,21.787390589714054,19.956776905059815,19.290292322635658,20.431607460975645,18.550992083549502,18.10268898010255,19.578415834903726,21.249758052825936,18.587595367431646,20.104504752159116,19.53030967712403,19.974019086360936,20.269124269485474,19.49333536624909,22.53025021553041,16.784167921543123,21.69944999217987,20.2849472284317,20.24184563159943,19.494869875907902,20.272195863723763,19.362712955474855,20.790800476074217,24.3838800907135,19.52088098526001,18.874794983863836,20.489268445968627,18.631697225570676,21.23878674507141,17.81635879278184,19.29060989618301,18.900435590744024,18.79676846265793,17.868993282318122,19.329527068138123,20.643615531921387,19.362801194190986,20.29933084249497,20.464370822906503,20.343788850307465,19.840531897544864,18.260588812828065,20.73234899044037,18.284805154800416,18.486903858184814,19.28847768306732,20.787627196311945,20.764506733417516,19.45231788158417,19.77506072521211,22.402954387664792,19.522036039829253,18.954338526725778,18.43123997449875,22.964175820350643,19.42750656604767,20.66879181861877,20.172997903823855,20.90030660629273,19.194717216491703,17.815366172790526,19.476735806465157,21.216383481025698,19.79693086147308,20.1745844244957,19.576097381114963,20.00416510105133,18.793795585632328,20.511091756820694,21.258574438095103,21.72377750873565,19.212204396724697,19.251921856403357,19.353637409210204,19.65653954744339,20.15899924039841,19.181715154647822,20.932096219062807,19.645480978488923,18.742666482925408,18.33124545812607,19.956626296043403,19.131102776527417,21.08860552310944,17.440510213375095,16.76868577003479,22.43919932842255,21.844493627548218,18.985393834114074,19.952469456195836,20.362693762779234,19.91477286815644,20.866240358352673,19.302376341819762,20.042208123207097,18.857312333583838,19.696878170967096,19.860070371627806,20.315430808067326,19.13813610076905,19.97963199615479,20.722232723236086,19.5914628982544,18.964420068264012,19.30125906467438,18.062788653373723,20.120680928230286,21.59495406150819,20.444728684425364,18.82000365257263,20.382654905319214,20.72494103908539,20.074775910377504,21.010568082332618,20.07875034809113,16.86731597185135,20.58727860450744,19.269555115699774,21.271223545074474,18.47793518304825,18.345273005962376,18.081314349174498,21.0911875963211,18.56768039464951,20.500254845619207,19.900231790542605,21.338767433166506,19.831534969806675,18.345399725437165,20.993713986873637,20.483517730236066,20.523625373840332,19.73260258436204,20.649509263038645,22.763212227821356,17.550240337848663,18.468610048294074
2090,18.22377490997315,19.630996441841127,20.441880130767824,22.387619900703434,19.324410557746887,22.47646334171295,19.81920330524445,18.097944617271427,19.578234577178954,18.728612399101262,19.242828869819636,19.527298617362966,19.282593607902534,18.666028761863707,19.72407834529877,20.229931569099428,18.95800666809082,18.349688196182253,19.512149667739873,18.68220938444139,18.90363233089449,18.092360258102424,22.130353331565857,19.172919750213623,20.82063591480256,21.343593025207515,16.814967322349553,20.306982159614556,20.078061151504524,19.47909226417541,22.605037450790416,19.32197885513306,18.725190663337713,19.93363375663757,19.026854968070985,17.56991524696351,18.87386269569397,21.00072822570801,18.238861203193657,19.601547241210945,19.216631984710695,19.230193614959724,19.738627195358266,18.639405250549316,22.566379117965703,15.699344468116772,21.236519193649283,19.793200206756595,19.6938071012497,19.89781322479248,19.499253845214845,19.80314705371857,20.111250472068786,25.671603059768678,19.194015145301826,18.611332321167,20.211712384223937,19.058444166183474,20.995395135879512,16.83178244829178,18.856244349479677,17.704568362236028,18.869485390186316,18.053464329242708,19.782998275756846,20.139878630638133,18.870207500457767,19.675269269943243,20.1885540485382,19.634599852561955,19.242563319206237,17.49906401634215,20.347148776054386,17.749302268028266,18.01268582344055,19.34988820552826,20.41517889499665,20.475748634338377,20.44175102710724,19.261704015731816,22.194241333007817,18.56555154323579,18.711425924301153,17.58523583412171,23.006381106376658,18.926906275749207,20.050215864181517,19.443937921524057,20.288309097290043,18.645052480697636,17.32505495548249,19.30130791664124,20.712268066406256,19.54194839000702,19.496307802200313,18.45915548801423,19.322810602188106,18.04421920776367,19.939479923248296,20.966151380538946,21.49977581501007,18.627419066429145,18.528793978691102,19.02768821716308,18.928743672370913,19.40171720981599,19.604532456398015,20.31398432254792,18.748146724700927,18.007269644737242,18.751785063743586,19.73398015499116,19.2121468782425,20.900528120994572,16.60052181482315,16.78940980434418,23.418158435821535,21.621863079071055,18.632203221321106,19.326170253753666,19.49425450563431,19.381114459037782,20.734788560867297,19.67770619392395,19.799688148498532,18.550622224807732,18.986111974716188,19.758880090713507,19.8458991765976,19.06400485038757,19.382987403869635,20.440692424774177,18.989645099639894,19.05475460290908,19.347436213493346,17.53372666835785,19.549452328681944,21.330177474021912,20.145009922981266,18.337635803222657,20.156241750717168,20.093720984458923,19.53166890144348,20.23383009433746,20.134303617477418,16.12216935157776,19.955183887481688,19.334954845905308,20.51863079071045,18.558821976184856,18.293473076820387,17.660153460502627,20.93456926345825,17.989740514755248,20.247629404068,19.608190798759466,20.790698099136357,19.11070287227631,17.47591383457185,20.297170376777647,20.47474410533905,19.68976023197175,19.280126404762274,20.380555868148807,22.467820143699647,16.507329583168023,18.515778756141664
2091,18.97230229377746,20.49710513353348,21.85989217758179,22.837099957466126,20.975502836704262,23.014129710197448,21.585338258743292,20.0324770450592,20.23285839557648,20.808507204055793,20.716550230979916,21.13315327167512,20.66017808914185,20.7959576368332,21.653231608867646,22.04479393959046,20.529576206207278,19.843137121200563,21.114288687706,19.416136062145235,20.590845465660095,19.10297369956971,23.428981494903567,20.536215507984174,21.557180833816528,22.865917444229122,18.823802924156194,21.720987486839295,20.53915050029756,21.088563430309303,23.007012104988107,20.79701864719391,20.35039666891098,21.637006235122684,20.23740198612213,19.288218557834632,20.77050702571869,22.97409574985503,19.566788220405574,21.207846808433537,20.7815861940384,21.112121260166173,21.35703299045563,20.63430116176605,22.451704978942868,18.167777395248425,21.83374042510987,21.30111339092256,21.40879602432252,21.639260983467103,21.418314647674567,21.45310919284821,21.78174473047257,26.30817930698394,20.544461894035337,20.406834721565247,21.69393798112869,20.333917832374574,22.102472972869876,19.021067833900457,20.52169601917268,20.203522717952726,19.46172335147858,18.813814425468447,20.97664155960083,21.843440079689028,20.549478673934942,21.318870103359227,20.708224296569828,21.44345185756684,20.95931460857392,19.458578789234167,22.14345027208329,19.272609734535216,19.678711080551146,20.02642704248429,22.054913961887358,22.159982728958127,21.414489769935606,20.7995952129364,22.70568712949753,20.70744922161103,19.861868023872375,19.58428688049316,22.872866058349615,20.51077188253403,21.898255491256712,21.779258108139047,22.14113430976868,20.235417008399967,18.7724393606186,20.76994732618332,22.667039632797238,20.92514334917069,21.248247158527374,20.89610439538956,20.947716283798226,19.978695559501652,21.469348025321967,22.64803183078765,22.385760974884043,20.310213601589204,20.462015557289128,20.484152722358697,20.837666988372796,21.301869678497326,21.181501674652104,22.18955364227295,20.804838323593142,19.929716205596918,19.932355904579172,21.288929295539855,19.791775345802307,21.348519539833074,18.62236175537108,18.40129363536834,23.84858968257904,22.116616678237918,19.92541286945343,20.883604001998897,21.543148148059846,21.04988415241241,21.751444423198713,21.21305885314942,21.248051905632035,20.059168231487277,20.830702590942384,20.698517298698423,21.372038626670843,20.357908010482795,21.071725153923033,21.84344022274017,20.634507358074195,19.66397629976273,20.062579023838047,19.23999781608581,21.264884972572332,21.84111099243165,20.65876722335816,19.83822164535523,21.566271591186528,21.955730485916142,21.214570701122287,22.048209643363958,20.814034509658814,18.17822238206864,21.596576273441322,19.969210863113414,22.282887101173394,19.136607933044438,19.79178788661958,19.075712609291077,22.1847686290741,19.73506778478623,21.806156516075138,21.120691061019897,22.681669402122502,21.028460144996643,19.516559529304505,22.020660448074345,21.65892250537873,21.660062849521637,20.823089790344238,21.965494728088384,23.012604761123658,18.739923143386843,19.30992183685304
2092,16.808267927169798,18.083820271492,19.00162789821625,19.86466145515442,18.108644175529488,19.86248714923859,18.62200832366944,17.237222874164583,17.918912982940668,17.855329906940458,16.18538055419922,18.51498241424561,17.940357983112325,17.106317067146307,18.47725471258164,18.968021714687346,17.837283599376683,17.481969249248504,18.4174440741539,16.595180630683895,17.732547152042386,16.465076184272768,20.04826608896255,17.86310452222825,19.11506567001343,19.410271859169008,15.951151645183563,18.826562869548802,18.45487241744996,18.418636131286625,20.146926236152645,18.333276927471157,17.593909823894503,18.75679429769516,16.20037128925324,16.322631376981736,17.975535523891452,19.111916720867157,17.155917000770568,18.545809984207153,17.724663507938395,18.06325055360794,18.66789191961288,17.837557661533356,20.51094143390655,14.700060764700174,19.356817054748543,18.758610904216773,18.603972434997566,16.79262758493424,18.216556876897812,16.620724749565127,18.91910572052002,22.161689984798436,17.943634092807773,16.751647973060606,18.79051740169525,16.15449390411377,18.96575410366058,15.983903759717936,17.448227453231812,16.844153261184694,17.15990388393402,16.019152629375455,17.0138026714325,18.955648624897,17.74503530263901,18.50959427356721,18.355957722663874,18.590585100650785,18.26675956249237,16.605864584445946,18.825808775424953,16.952726340293896,16.719928556680678,17.751166641712192,19.016566205024724,18.769315981864935,17.321155667304996,18.326340675354004,19.750010430812836,17.749029195308687,17.535652124881743,16.744935238361364,20.81782085895538,17.821043002605435,18.92276400327684,18.013168799877167,19.113717651367182,17.763105976581574,16.547225284576424,17.72109408378602,19.05817661285401,18.21926045417786,18.323854470253,17.496892172098157,18.235187435150145,17.1795294046402,18.80411219596864,19.299607372283937,19.61294301748276,17.42211338281632,17.636693525314335,17.679069769382473,18.042933905124677,18.118257856369024,16.605471849441535,19.122586524486554,17.946638381481172,17.126121783256536,15.963358426094056,18.104508757591248,17.509730589389807,19.02199783325195,15.724204808473596,14.54064769148827,20.701841497421263,19.48048096895218,17.508387017250065,18.240462529659276,18.122356665134436,18.335290098190313,18.768422651290898,16.779906618595128,18.3340771317482,17.12680850625039,18.124237239360816,18.3427393913269,18.77674826383592,17.25772761106491,18.445713531970974,19.037770485877996,17.83343420028687,17.34458326101303,17.818101978302003,16.288263106346136,18.474867856502545,19.28891870975495,18.60810041427613,17.432327961921704,18.73904179334641,18.96211078166963,18.429562056064604,18.965469563007353,18.500493860244763,14.918592572212225,18.76621938943863,17.63566958904266,19.29471192359924,16.834349477291106,16.330518209934233,16.736959290504455,19.36569457054138,16.750335538387297,18.720780861377726,18.15628224611283,19.441418576240537,18.243511056900026,16.636734843254096,19.114551520347597,18.729260587692256,18.350568300485616,17.92913237810135,18.804399096965792,20.078069365024568,15.717843031883238,16.88409101963044
2093,16.735638129711145,17.91961743831635,19.546485722064975,20.688109254837027,18.53249315023422,20.812176382541658,19.045501172542572,17.070646810531617,17.71739528179169,17.757734775543224,17.43096340894699,18.495504653453825,18.480099856853485,17.359676373004916,18.915948224067684,19.431324207782747,17.841698312759412,17.473844146728506,18.352377021312716,16.736124312877653,18.153038918972015,16.652204155921936,20.748528206348432,18.392558646202094,19.847248315811164,20.175660538673405,15.832204151153565,19.37507685422898,19.198430800437933,18.354731822013857,20.980777359008798,18.704841446876525,17.92720454931259,18.729122853279115,17.296468830108644,16.743787264823908,17.852507793903353,19.797507107257843,17.12251198291779,18.503935205936436,18.23179632425308,18.423153936862946,18.64346590042114,17.68738019466401,20.99463095664978,14.521899500489235,20.269777369499213,18.738896584510805,18.601798450946806,18.1235747218132,18.708681893348697,18.014978528022773,19.311210513114933,23.346637809276586,18.48868942260743,17.306727349758155,19.23910380601883,17.31982119083405,19.71842945814133,15.803037106990814,17.94088546037674,16.642281568050386,16.939110600948336,16.16684148311615,18.135781145095827,18.90489963293076,17.764508783817295,18.90354287624359,19.213260340690617,18.832377874851225,18.18948048353196,16.490057170391076,18.997419476509087,16.972789311408995,17.161241316795355,17.582631921768186,19.28153609037399,19.357061874866478,18.93436429500581,18.293283414840694,20.67102001905442,17.56917631626129,17.48500909805298,16.616601383686067,21.353162980079652,17.76498273611069,18.926781094074247,18.24736962318421,19.11050338745118,17.77943909168244,16.568744516372675,18.240332937240602,19.662295067310335,18.779673671722417,18.740509271621708,17.41283349990845,18.627679300308223,17.034384381771087,19.18250652551651,19.896268665790558,20.30806926488877,17.836245548725138,17.515724205970766,18.112345492839818,17.94191182851792,18.564579725265496,17.903353226184848,19.10755361318589,17.795076048374174,17.019118094444273,17.03747876882553,18.669617557525637,17.27992278337479,19.792307972908024,15.59995912313462,15.27900576591492,21.603056311607364,20.331938004493722,18.028833603858956,18.626293599605553,18.60319390296936,18.240151071548464,19.505220925807954,18.013135528564455,18.850603854656224,17.604029476642616,18.010558199882507,18.226060891151434,18.703194034099578,17.57871606349945,18.329747164249422,19.531494140624993,18.239258432388308,17.14690985679626,17.685978412628174,16.73026854991913,18.453379535675055,20.128812932968142,19.365496945381164,17.419252777099608,19.28521286249161,18.953074002265936,18.386011540889747,19.403276598453523,18.315010929107668,14.983423286676413,19.173471474647524,17.42229167222977,19.742490458488465,16.610749459266668,16.90667396783829,16.75090583562851,19.90987663269043,17.174501276016237,19.315591716766363,18.765353167057043,19.39303650856019,18.08679864406587,16.495699799060827,19.51044836044312,19.32083312273026,18.801911294460304,18.396172642707825,19.370359516143804,21.02797670364381,15.542147338390354,16.78405346870423
2094,17.23174864053727,18.392930269241337,19.286006271839145,21.627863860130315,19.243485951423654,20.969735419750215,19.82133004665375,18.362136483192444,18.306211435794832,19.126307797431945,18.956722259521484,18.701735615730293,18.2257479429245,19.357952177524567,19.81665489673616,20.219169914722436,18.00534155964852,17.653041231632233,18.559269601106656,17.544731783866894,18.812864148616793,16.992325556278228,21.707226395606998,18.147367036342615,19.808216130733495,21.590299534797666,17.181612879037864,19.163255810737606,19.208909368515016,18.570052325725555,21.886878776550294,19.374495887756353,18.619935035705566,18.93434818387032,18.618073451519013,17.424543130397797,19.01171859502793,21.316997325420385,17.459062504768376,18.708136618137363,18.321069908142096,19.274314916133882,18.817099368572237,19.033677399158478,21.838735055923458,16.221154671907424,20.35500674247743,18.91911009550094,18.8153340935707,19.767289781570433,19.4725900053978,19.638826775550847,20.091282904148112,24.683267569541936,18.20746879577637,18.794119083881384,19.05700426101685,18.732139086723343,19.64087779521942,17.325107932090766,18.226110780239104,18.379395288228988,17.513217175006872,16.971961343288427,19.422010755538945,19.110532248020185,17.961994773149492,19.626241385936737,19.248051190376287,19.726210355758674,18.802578604221345,17.805673998594283,19.07484747767449,17.148922657966615,17.63234337568284,18.153609287738806,19.251971161365507,19.111629295349125,21.167496323585517,18.48218152523041,20.78797391653062,19.03714305162429,17.87332749366761,17.97286204099656,22.26593322753906,17.953776228427888,19.169565761089324,20.2829152584076,19.344715654850006,17.97718760967255,16.724209439754485,18.012854480743407,20.90487346649171,18.503662693500534,19.469455409049996,19.005608379840854,19.3786257147789,18.332072460651403,19.85118932723999,19.652620863914493,20.287295067310332,18.530408251285564,18.800460362434386,18.209846353530885,19.089987683296204,19.407714867591856,19.460702955722805,19.345533931255353,19.181411850452427,18.294618964195244,18.353435862064362,18.440013706684116,17.848530226945876,19.919312953948978,16.95289889574051,16.68257569074631,22.617069029808043,20.403148317337045,17.7620409488678,19.350058782100685,19.56393929719925,18.68870382308961,19.56440522670746,19.55395551919938,18.622430551052094,17.560780501365663,19.18988957405091,18.73185172080993,18.883388197422033,18.57309993505478,19.030640923976904,19.348257553577422,18.920465350151062,17.727144342660903,18.248246681690215,17.390292870998383,18.656312173604967,20.200177860260006,19.346198606491086,17.599356210231786,19.025026607513432,19.192727708816527,18.575633680820467,20.23752360343932,18.89805617332459,16.454265046119694,19.919029724597934,18.013178074359892,20.541958272457116,17.184379041194923,18.176037037372588,16.88940420150757,20.676555347442626,17.883054554462436,19.06294475793839,18.49130959510803,19.618139329552648,19.345637357234956,17.895664870738987,20.280349636077883,20.130510532855997,19.715213859081267,19.13531560897827,19.13833353519439,21.149010479450226,17.08299077749252,17.341494071483606
2095,15.974154186248782,17.207290363311774,18.72274367809296,20.61282613277435,18.236963486671456,20.02360890507698,18.792471766471863,17.208267617225662,16.968529844284056,17.83658338785172,16.326434612274166,17.991832709312437,17.72155054807664,17.455221056938182,18.634278106689454,19.16550226211549,17.331034874916078,17.02782958745957,17.858672297000886,15.89945693612099,17.900676131248474,15.848700618743887,20.53588558435441,17.642575562000268,19.19056633710862,20.20427095890045,15.962118381261828,18.554793226718903,18.606639504432678,17.877208578586583,20.91462340354919,18.447747492790224,17.724763023853303,18.19009397029877,16.338550764322285,16.48277091979981,17.93766617774964,19.763508951663972,16.502539825439452,18.013716900348662,17.56317963600159,18.217469310760507,18.08712426424027,17.810797870159156,21.410259199142466,14.699724773317575,19.529508304595943,18.242362713813783,18.04832007884979,16.85334752798081,18.42874623537065,16.687747192382812,19.067816781997685,23.209602725505835,17.715419101715092,16.75383760929108,18.458826351165776,16.287984222173698,18.84932214021683,15.947656452655792,17.382955634593966,16.77681474685669,16.22423485517502,15.346446037292477,17.142552304267888,18.342273616790774,17.225254106521607,18.67204700708389,18.521338558197023,18.69025861024857,17.9522188782692,16.615924322605128,18.306684499979017,16.525654089450835,16.76552070975304,16.833672559261323,18.556737565994275,18.357537388801582,18.454764366149895,17.838282191753393,19.928667283058154,17.697707450389863,16.859424507617952,16.748427534103403,21.766947388648987,17.228094339370738,18.328780639171605,18.290306293964388,18.5104104757309,17.282815957069403,16.145551037788398,17.37533508539201,19.49822103977204,18.00120798349381,18.483083355426793,17.495562273263936,18.373347234725962,17.18753008842468,18.943861269950872,18.934233695268638,19.55706181526185,17.582258796691896,17.65562007427216,17.53703799843789,18.002778458595273,18.269887924194336,16.685747623443604,18.50495425462723,17.909719085693364,17.155473601818084,16.00254467725753,17.745469093322754,16.554067897796635,19.17886420488358,15.737583839893343,14.627515929937369,21.543615317344656,19.654330909252167,17.30250726938249,18.372302043437955,18.277572470903404,17.883172321319584,18.78197020292283,16.846979320049297,18.02966818809509,16.872327190637588,18.10175555944443,17.505117368698127,18.214298045635232,17.039491009712215,18.16137191057205,18.700036096572877,18.00949537754059,16.415539407730108,16.922261083126067,16.474061036109926,17.908069086074835,19.451451587677006,18.78576683998109,16.970443999767305,18.48249675035477,18.349650323390968,17.861304378509537,19.127273941040045,17.537441289424898,14.935995405912402,18.89506927728653,16.676767075061797,19.487156176567076,15.88939615488053,16.433081024885176,16.32013380527496,19.701500678062438,16.9240993142128,18.448604285717018,17.913256728649138,18.75671824216842,18.2311643242836,16.61555410027504,19.265789115428923,19.136775970458988,18.52166368961335,18.154937899112703,18.44509457945824,20.249036920070655,15.667332792282105,15.921487879753112
2096,17.024563217163085,18.343707442283623,19.347085809707647,19.85286076068878,18.445871686935426,20.448124873638168,18.863679039478303,17.391220605373384,18.226576435565953,18.041644573211677,17.327106356620785,18.61462060213089,18.282603490352635,17.47050551176071,18.738966822624203,19.207609272003175,17.972785151004796,17.594960725307466,18.497736561298368,17.11992528438568,17.957551479339596,16.7693674325943,20.22558300495148,18.19422491788864,19.5205325126648,19.845517444610596,16.147982716560367,19.143901860713967,18.885486030578615,18.492620217800145,20.14942984580994,18.581036186218267,17.794491291046146,18.86827219724656,17.236900949478155,16.610563862323765,18.15289359092713,19.53259863853454,17.30240483283997,18.642179679870605,18.057393670082096,18.305706512928012,18.725250661373146,17.97710829973221,21.426761484146127,14.951719766855245,19.785255718231202,18.825854039192205,18.724636220932005,17.960460126399997,18.483061718940736,17.8600899219513,19.16350462436676,22.175582242012027,18.27027922868729,17.436366760730746,19.095872831344607,17.231883823871613,19.382691431045533,16.17672349214554,17.747986662387852,17.067181146144865,17.486039769649505,16.545740294456486,18.05292888879776,19.03621500730514,17.90273137092591,18.749887299537658,18.878862786293034,18.809300744533537,18.385261058807373,16.797244167327893,19.09566653966904,17.07147188186646,17.00528863668442,18.019037938117982,19.249722397327425,19.094449853897096,18.151982188224785,18.422532939910887,20.26933944225312,17.908197677135476,17.71528007984162,16.923516190052034,21.814372825622552,17.91773850917816,19.050379753112797,18.377104008197797,19.23859909772874,17.876331043243415,16.678759288787848,18.04874781370163,19.37779430150986,18.577562761306766,18.557283794879915,17.74212380647659,18.475055742263798,17.36193302869797,19.050918877124786,19.633796751499176,19.99345717430116,17.66395562887192,17.828433620929726,17.91733496189118,18.23419865369797,18.41514842510224,17.7498309135437,19.24192732572557,18.096278512477877,17.344069826602937,16.97411713600159,18.423344087600707,17.82473841905594,19.45401148796081,15.927748143672948,15.343340075016027,20.698326635360722,19.970145511627205,17.818422913551334,18.511011552810675,18.414366710186002,18.42115231752396,19.13032958507538,17.87166012525559,18.65056328773499,17.407446968555448,18.257335555553432,18.586859202384957,18.83932281732559,17.795286786556247,18.55266386270524,19.29967963695526,18.067062532901765,17.67390055656433,18.08515868186951,16.589102840423582,18.575295233726507,19.78747625350951,19.010459136962893,17.54950004816055,19.087151587009437,19.083667445182797,18.510648488998417,19.19932509660721,18.803784823417665,15.269319868087772,19.06505792140961,17.956447613239295,19.52299308776856,17.157403576374058,17.020887732505802,16.88262364864349,19.56645507812501,17.02245951890945,19.090015709400177,18.546700906753536,19.53099988698959,18.410772907733914,16.81641768217087,19.32534584999085,18.88271070718766,18.607917773723607,18.154360926151277,19.11107805967331,20.620185804367072,15.945506823062903,17.128578472137455
2097,16.9385733127594,18.128564345836654,18.80585104227066,19.34638605117798,18.44582804441452,19.14989632368087,19.070246887207038,18.051718461513513,18.012510347366337,18.715691781044,17.752009081840516,18.459498322010035,17.76896913051605,18.28437595367432,18.962465834617618,19.455191373825073,17.788059282302857,17.454367697238926,18.33722183704377,17.026110446453096,18.128073477745055,16.84965798854828,20.050700640678418,17.70037993192673,18.711622381210326,20.030982518196105,16.849478048086162,18.629143595695492,17.997793865203867,18.359182202816015,19.670594024658207,18.727859067916874,18.021160149574285,18.68800008296966,17.55756580829621,16.67799285054206,18.740648853778843,19.891206467151644,17.23481924533845,18.482243156433103,17.678318434953688,18.573369693756103,18.570678436756133,18.687607324123388,18.73260202407838,15.815178990364075,18.939401936531063,18.69635239839554,18.567835104465484,18.38958851099014,18.68011928796768,18.244976019859315,19.325803732872,21.502176332473756,17.82881880998611,17.985586678981782,18.62210420370102,17.619751572608955,18.529620385169984,16.949839121103288,17.532328927516936,17.956781136989594,17.25184282064438,16.467820954322814,18.353904640674596,18.860671031475068,17.71503933668137,18.87600405216217,17.833776235580444,19.14227122068406,18.57719968557358,17.47946002483368,18.712354093790058,16.96955356597901,16.93208798766137,17.86326467990876,18.867722606658937,18.5029591858387,18.85361206531525,18.26948665380478,19.090907430648805,18.670585274696357,17.61742423772812,17.63239916563034,18.93115906715393,17.761003696918497,18.89217207431793,19.25016257762909,19.076308238506318,17.771798872947688,16.553665482997907,17.452437973022462,19.69179692268371,18.06626356840134,18.73565289974212,18.502899360656745,18.66137905120849,18.02655019760131,19.137169992923738,19.057708632946014,19.19916203022003,17.773126196861277,18.50873521566391,17.698440170288084,18.822065663337714,18.54775565862656,18.1666418671608,19.07799456119538,18.829709243774406,18.004197549819956,17.287595808506016,17.838955432176597,17.585106730461128,18.524036478996283,16.63029200434685,15.814545553922656,20.191550207138054,18.885163736343383,17.42027200460434,18.626087474823002,18.65641595721246,18.455653214454657,18.37378308773041,18.299058890342714,18.147035765647892,17.023197829723355,18.866154789924618,18.422564959526067,18.684685373306284,18.017406105995185,18.792541360855104,18.85542978048324,18.19428775310517,17.448212850093846,17.942523670196536,16.638581484556198,18.430258083343503,18.728129434585572,18.184883642196656,17.39582644701004,18.570523786544808,18.927323997020718,18.363885021209718,19.438627076148986,18.591769623756413,15.984955781698233,19.136018347740176,17.723848700523384,19.774029743671413,16.921792566776276,17.452413022518165,16.717994189262402,19.49339208602906,17.10721376538277,18.5275904417038,18.00657141208649,19.325575274229053,19.071462678909302,17.540273344516756,19.52030903100968,18.7503963470459,18.849107599258424,18.201592755317684,18.57064247131348,19.447255110740663,16.723922407627104,17.00826017856598
2098,16.089272642135626,17.271032834053045,19.422724294662476,20.160414052009582,17.67364802360534,21.885382485389723,18.050478160381328,16.29163860082627,17.044967389106755,16.83419951200485,15.85752522945404,17.908653354644777,18.35151172876358,16.165726161003114,17.859565329551703,18.35755273103714,17.325978946685794,16.971074795722963,17.810766446590424,15.85538502931595,17.172864437103275,16.209144639968876,19.9054933309555,18.259107077121747,20.26954035758972,19.02758619785309,14.998408067226418,19.305355131626136,19.74410247802734,17.772736680507666,20.514049029350286,17.883882117271423,16.996044719219217,18.134067165851597,15.975095832347865,15.815727031230926,17.085932409763338,18.429446792602548,16.48999588489532,17.92132873535157,17.85456479787827,17.38661775588989,18.101963138580324,16.826669001579287,22.692190337181092,13.51800539493561,20.816643404960637,18.249420666694636,18.01136944293976,16.407459998130793,17.57351512908936,16.310945415496832,18.367273879051204,22.61990458965301,18.248288738727567,16.08378372192384,19.029963004589085,15.886387741565702,20.091940724849707,14.901943361759184,17.369928979873656,15.585107958316803,16.278046572208407,15.27472270727157,16.80657830238342,18.33087654113769,17.200426459312443,17.975305056571962,19.74376425743104,17.887096190452574,17.509261178970334,15.673772203922272,18.538643193244937,16.4709662437439,16.42144117355347,16.90242600440979,18.876242709159857,19.211383354663848,17.44633629322052,17.724912691116337,21.632779288291935,16.658133149147034,16.887205696105948,15.76804902553559,23.125973629951478,17.149215304851527,18.250687181949615,16.94783968925476,18.442107832431795,17.234863615036012,16.105480980873114,18.16941325664521,18.395665895938873,18.607856094837196,17.751181411743183,16.301234054565434,17.72880734205247,16.255527830123892,18.31171021461487,19.76291303634644,20.750277924537663,16.89438148736954,16.73684148788454,17.648262107372293,17.145108735561372,17.52083789110184,16.247514200210567,18.424468290805823,16.91413471698761,16.231931102275848,15.68049247264862,18.569153153896337,16.638208293914797,20.484203433990483,14.766976976394659,14.056159472465518,21.075983047485344,21.14140620231629,17.792105722427372,17.76924004554749,17.44113404750824,17.646965801715854,19.725926244258876,16.401861929893503,18.745583176612858,17.350704848766327,17.23168201446534,17.579013919830327,18.181911206245424,16.64845604896545,17.689915204048155,19.425102317333224,17.29873805046082,16.467168056964873,17.018628287315362,15.809992039203644,17.82524083852768,20.889145088195807,19.82674682140351,16.904094696044922,19.14804099798203,18.253711414337154,17.771904480457295,18.36208870410919,17.64816617965699,13.99754747152328,18.27568898200989,16.75038230419159,18.73300976753235,15.935199666023252,15.85637251138687,16.271228241920475,19.10952022075654,16.226257920265205,19.177015948295594,18.596188509464273,18.729665029048913,17.315285170078273,15.648052930831918,18.52191743850709,18.541500186920157,17.67744476795196,17.501599931716925,19.244073116779333,21.9304663181305,14.647236013412472,16.09828009605408
2099,18.359069609642034,19.639370417594904,20.012084674835215,21.274162149429323,19.01660518646241,20.9311011314392,19.542260408401493,18.71495422124863,19.569752788543713,19.4079934835434,19.375999724864958,19.73135991096498,18.878363764286036,19.265226829051972,19.507356393337254,19.95423307418823,19.097578310966494,18.58319237232209,19.63602555990219,18.61060656309128,18.532158553600315,18.270732331275944,21.373423326015473,18.77772518396378,19.893021178245547,20.946735477447504,17.545689404010776,19.81109274625778,19.10173180103302,19.646076083183285,21.50425257682801,19.208849573135375,18.440377378463754,20.082817733287808,19.035858500003823,17.12485054731369,19.426151871681206,20.752806627750402,18.511540341377263,19.771648275852208,18.673250687122348,19.087571346759795,19.87613332271576,19.36747131347656,21.012298941612247,16.66053860485554,20.27587358951569,19.90256896018983,19.90357050895691,20.134102845191965,19.20791311264038,19.995372271537786,19.85808418989182,24.134445714950566,18.941131162643437,19.124633789062504,19.851962912082683,19.151780366897587,20.033518970012665,17.67675880193711,18.372474706172948,18.735375106334693,18.818866789340973,18.044208002090453,19.813565683364864,20.247417175769808,19.047294509410854,19.376610040664666,19.194331765174876,19.64602998495103,19.573674952983858,18.1548890709877,20.271716737747198,18.039111542701715,17.553300249576584,19.38743633031845,20.2419899225235,19.93028012514114,20.29895417690277,19.480993008613588,20.721852028369902,19.376699614524842,18.91745738983155,18.336172795295713,21.3690034866333,19.094473445415506,20.330698585510255,20.195205342769626,20.534073925018298,18.93581941127777,17.582626175880428,18.711677348613733,20.43590755462648,19.19588198661804,19.174214875698095,19.27602412700653,19.160388648509986,18.67434648275376,19.64384332895278,20.442428159713753,20.54680771827698,18.26550147533418,19.126682591438293,18.565223264694218,19.51247352361679,19.113347625732423,19.785077333450328,20.555140686035166,19.515517938137062,18.62274532318116,18.824436128139503,19.164143979549415,19.138388156890873,19.82853727340699,17.334982252120973,17.091766071319586,22.21480131149292,20.318646574020384,18.454772019386294,19.148750925064093,19.280789971351624,19.602836573123938,19.779523861408233,19.88710510730744,19.35074479579926,18.08797655105591,19.475787186622618,19.87312016487121,19.947737944126132,19.23824959993363,19.73785849809646,20.046628904342658,18.65013419389725,19.017768979072567,19.432952523231503,17.08226010799408,19.781216108798972,20.118593645095824,19.23024353981018,18.545512247085576,19.735321581363685,20.37745279073716,19.71541931629181,19.97694832086563,20.133815884590152,16.86274671554566,19.705086255073546,19.313793742656717,20.262588083744053,18.49440531730652,18.56147692203522,17.824818038940442,20.415904879570004,17.57604755163193,19.79860281944275,19.23880952596665,20.89922990798951,19.69061735868455,18.239182186126715,20.00267230272293,19.815546178817748,19.41458289623261,18.85420219898224,19.88885649442674,21.08236923217774,17.44636654853821,18.621073687076567
2100,17.235066020488745,18.67213163375855,20.2458890914917,22.415006685256962,20.121162366867075,21.69936256408692,20.7024383187294,18.486659896373755,18.414997255802163,19.248356366157534,18.10913270711899,19.41074868440628,19.151989507675182,19.035801434516912,20.72958459854125,21.051010775566105,18.69910576343536,18.27845741510391,19.346986716985704,17.46053175926209,19.713148486614227,17.42001926898957,22.644735956192015,19.02850623130799,20.454863286018373,22.025508332252507,17.232691162824633,20.05759963989259,19.688324213027954,19.331596255302422,22.62424106597901,20.055629825592035,19.38633222579956,19.697086185216914,17.945107650756835,18.407906603813167,19.20586842298507,21.855454230308528,17.75277619361878,19.463999378681184,19.306340929865833,20.084336352348334,19.53115781545639,19.074958634376525,22.486060452461242,16.179876950383196,20.778782665729526,19.606398975849153,19.53570872545242,18.794345450401316,20.409750491380688,18.646861767768865,20.898064088821414,25.753279304504396,19.0721449494362,18.277314245700836,19.978214561939247,17.971834301948554,20.517627876997,17.292272758483886,19.199921172857284,18.25698053240776,17.644507658481604,16.86548365354538,18.741037559509277,19.883694708347328,18.612868368625648,20.458715522289275,19.852510809898384,20.360664105415346,19.28391529321671,17.882986927032466,20.01264075636864,17.701842796802527,18.5832639336586,18.206585276126873,20.150255507230764,20.14195565581322,20.19939978122711,19.193703866004945,21.502055346965797,19.04847096204758,18.145283186435698,18.024179041385644,22.912425827980037,18.651740998029716,19.888534760475164,19.918745541572576,20.106927937269226,18.560245978832242,17.279964852333073,19.006721705198306,21.624973201751704,19.436778354644783,20.383556401729585,19.118185007572173,20.14892737865448,18.442127692699437,20.62639600038529,20.69293490052224,21.018292558193206,19.418784523010263,18.919625055789954,19.117614889144896,19.24065655469895,20.34688310027124,18.51274516582489,20.11920608878135,19.21232651472091,18.387243425846094,17.65734530687332,19.436961293220524,18.000067186355594,20.403484642505646,16.996159261465074,16.1919838309288,23.429180645942694,21.03795444965363,18.584160530567175,20.100127208232884,20.53635138273239,19.326915848255172,20.411082315444947,18.62271556854247,19.56348962187767,18.47961682379246,19.38652645349503,18.937165665626537,19.647830903530117,18.477331149578088,19.47530126571656,20.188152933120726,19.770507311820985,17.84885983467102,18.292477619647983,18.391998147964472,19.376908838748935,20.783102262020115,19.833948302268983,18.23614846467971,19.97748950719834,19.923843157291415,19.34429779052735,21.046865606307996,19.01403155326844,16.304392015933992,20.73577761650086,18.124567520618434,21.34707477092743,17.330697941780084,17.85202263593674,17.48850189447403,21.4415593624115,18.851799958944333,20.072688490152355,19.47991110682488,20.456837415695198,19.481112885475156,17.93121871948242,21.120571959018726,20.944014954566953,20.617474269866953,19.97341496944428,20.117775088548672,21.79973921775818,16.965972006320964,17.36238187551499
