Year,1,2,3,4,5,6,7,8,9,10,11,12,13,14,15,16,17,18,19,20,21,22,23,24,25,26,27,28,29,30,31,32,33,34,35,36,37,38,39,40,41,42,43,44,45,46,47,48,49,50,51,52,53,54,55,56,57,58,59,60,61,62,63,64,65,66,67,68,69,70,71,72,73,74,75,76,77,78,79,80,81,82,83,84,85,86,87,88,89,90,91,92,93,94,95,96,97,98,99,100,101,102,103,104,105,106,107,108,109,110,111,112,113,114,115,116,117,118,119,120,121,122,123,124,125,126,127,128,129,130,131,132,133,134,135,136,137,138,139,140,141,142,143,144,145,146,147,148,149,150,151,152,153,154,155,156,157,158,159,160,161,162,163,164,165,166,167
2026,1.9933965596659435,1.7135038859499914,3.774051613334951,6.045208484448238,3.9979448637058015,3.2641314304080504,3.1763141594570277,1.276471219057665,1.548041809735629,1.9728328321000619,-1.6088617283465543,2.573906564089502,3.7792944892727105,1.5847654462117584,3.51462109091467,3.3171549557290723,2.709150633935272,2.7853710564046077,2.4938565600534957,-0.27805828842623787,2.152852012679496,2.5913627620401045,3.819320002795553,4.057377571753902,4.952104374766351,5.796183667948532,-0.441910264820889,4.129173383373637,5.281108736734967,2.2547006678992285,5.12650576079714,5.664759014187188,1.8428757175289365,2.499284081417939,-0.6974266032720422,0.5502121591105557,1.5154212315020876,3.370511265407352,2.659259886416639,2.5620504609983525,2.2955143613548135,2.3458976969122887,3.0786515345861183,2.0220401153482266,7.47730984050652,-4.346230635355258,4.488519683994096,3.283978721704979,2.4726228564977673,0.8473540593324056,2.4032707198940466,0.7968744341412494,3.977465941088981,3.8180642713760515,3.3002561789391374,1.8627022462415304,2.9793439032188784,-1.0542357779140061,3.214246437724295,-0.8855465901052118,2.014829665165521,-0.07199896204060607,0.6648716340804927,-1.103212771744563,0.3927383163365827,2.977990639363898,2.4858531176016228,3.6389238658072096,5.375728941040822,2.9477679385193465,2.012783584666663,0.057225677987621903,2.2311286977652838,2.9066251349988703,1.0735651167302314,1.6164478235717497,2.7522639257769117,2.706486737997884,3.184265526718106,2.576476032235501,3.5492217044891947,1.6822926280056618,2.5091448483410574,0.7765808064040958,7.099240367782529,1.6020587260096215,2.3103310003362867,2.433519303284842,2.232839601820916,2.735266724023324,2.9611233511361585,2.3101245863684308,3.411899968596369,3.6467134194641306,2.8146658309510535,0.9069999281702379,4.602275467638315,0.969828967069244,4.199087146541166,3.3873354977574808,4.463185700876962,2.391969868849063,1.1673241921796875,2.0117773119488693,1.5510684719373466,2.6719509404281094,0.3053553879004108,2.07395940299692,1.935271165494262,0.43764843637573175,-1.238665590640801,2.9181454093677233,1.0358596639386528,5.260893282191509,-1.0356508505988269,-2.5889585878828485,5.500425405543426,4.4005747067517245,3.6905795284386356,4.616468879426352,2.08762718377442,2.225362536208383,3.4865763995732197,1.077907333857027,2.802514544848737,1.4939698912845623,2.111197871380837,2.5572145370573804,3.01678785630341,0.8842129422159033,2.4469119220458224,4.454930090184871,2.83980703508032,0.8899741655793703,2.1295066023695064,0.8085410782489272,2.131140069714909,4.568062652319929,5.708589549529657,2.6544744744896898,3.367226251240435,2.207798583754179,2.0744000539697445,3.5987019050737907,2.195404203415946,-2.392736273592916,4.250840316536629,1.2368093889592031,4.140983739289744,0.15484544994502122,-0.34570735436061323,3.053820819690308,4.145380637640587,1.2852986796662738,3.376607473040452,3.4472272592628794,2.379492028584253,1.7962502405561274,0.47544429875139244,3.778206903230529,3.5145781443550677,2.310831946031797,2.651380182565029,3.4306798988375156,3.8459684047205718,-0.23083253307589205,1.3778594612497193
2027,4.751194424156487,4.6178991100911455,6.334609354878298,7.77910145937369,6.39113546753752,5.674028701116812,5.640148410509368,4.023284840172735,4.70157729693014,4.586965858679394,1.5359383669585525,4.706224830371552,6.063930778667846,4.0980237326745295,6.007459941095317,5.806256371325461,4.7513768663308795,4.73582974178235,4.698621477289446,3.184345817514532,4.728652070822391,4.829843088984493,6.176452817588019,6.262739944303856,6.923369398533272,7.969386056322482,2.411024292995189,6.546642859048889,7.100433466891792,4.413092283339337,6.915848134021308,7.945180979537267,4.46768864051535,4.7135613596644905,2.233336292721076,3.37287146251263,4.10285495054619,5.744139187294859,4.9297561295459,4.718587251058942,4.987236912651308,4.857121957273318,5.380029856644827,4.65073490630964,9.134005139613974,-0.8979900587221676,6.535643061944126,5.5566828794424135,4.662448704499625,3.5604141066814305,4.889966039308186,3.50631948586168,6.429972176407945,5.968438605296196,5.546803379238684,4.422036851403016,5.4617152101007,2.0106139059724484,5.756377609639333,2.0024444440315508,4.714915671096789,2.676208528979067,3.9127140266114298,2.4025099858127765,3.209369547408204,5.233861645490965,4.577593683489954,6.090827028299199,7.312642494152336,5.471631780266764,4.29587735184308,2.8765574041111734,4.631011594986095,4.765539622769271,3.8451835844537317,4.6136166491899,5.171472440248932,5.524181695076931,5.2906056548356375,4.668879165474713,5.881163277759637,4.2679782422452135,4.98117398342182,3.490345574658494,8.739805459976195,3.850657444575736,4.564025538299104,4.852506744964368,4.521533421401317,4.733436002685079,4.751364806602741,5.04963197880264,5.865874332600625,5.99145084722289,5.331991793780493,3.52817992352206,6.963158743134859,3.704420293713435,6.5962307738332955,6.137835992821334,6.760704247730556,4.996774025004483,3.859074601325496,4.680121624264226,4.081909853322756,5.240916175575096,3.0874745845794713,4.3883287711390135,4.540739423242109,3.2577797400540294,1.977449155059354,5.594071549588234,4.273841968641197,7.231737640172501,1.887454530288433,0.47905482505929997,7.3131683885023495,6.478429404312161,5.7923583660660105,6.972983269470523,4.739902972725443,4.516153248219654,5.887273781515397,3.708673485394181,5.443783566869538,4.266545807493147,4.758805934725141,5.391947628609065,5.196649733802367,3.7145122027602695,4.883143174622594,6.954535670610595,5.354468327144099,4.027310929807096,5.108785106736267,3.5615750299445494,4.320708088833709,6.603390598476959,7.375588458159872,4.611573129571204,5.816962719445345,4.49182466340476,4.251147325696619,6.10128556808521,5.258809618394948,0.6683017015457153,6.671815939761443,4.433907491379771,6.577939085469678,3.527149616644299,2.535157793426308,4.8691944181357085,6.435405951635589,4.015322012891031,5.955599625819719,5.890508563418326,4.771443564316318,4.433964461088181,3.2098512694817662,6.245329583513324,5.768308771709945,4.911911820800141,5.146394869890707,6.084347646811911,6.141724777247375,2.5659918964936836,4.342010927547154
2028,6.4115155136212705,6.595570773879685,7.929930121482661,10.113480731099846,8.341909728517445,7.988211012383303,7.521981507912277,6.1880880848892685,6.653653438637657,6.874903958166642,5.469079494973026,6.657992714891836,7.48708850598584,6.608590647205712,7.935932244174181,7.729101223126057,6.664693374435113,6.457130958636603,6.71183548457921,5.588417092959086,6.5919055762390295,6.397652828445039,8.483469928304357,7.634903701394804,8.566479199131331,10.216665948927407,4.575035092358787,8.098385135705275,8.720346996436517,6.378785192407668,9.227333133945162,9.654537283008297,6.360635575962565,6.780435411383704,5.941309867054224,5.361262846986451,6.262960638850927,8.030592366059626,6.566925177971521,6.691337174425519,6.774248388657964,6.800052493376038,7.397166424368821,6.808426095421117,11.007220252354937,1.8893349265058856,8.385285498574374,7.514783651630086,6.700356448938453,7.27363873546322,6.8065074017892275,7.238893863062063,8.375049885362396,8.831607010588055,6.935316152994832,7.221105470259983,7.148949481981494,5.758471960139772,7.726153206080199,4.350419409448901,6.5468874809642665,5.0178422123814626,5.832111634748675,4.8754510886967175,6.711299896240236,7.3385963970174375,6.495321296124411,8.00427044968431,8.882623902956649,7.437087277214351,6.311040347690386,5.083477957158661,6.806282459199431,6.347311002140241,5.7417953282284255,6.511081432054442,7.095981886982922,7.316413321097695,8.596856412539877,6.542516982058689,8.10844421833754,6.530696853871147,6.684928041913859,5.5686503772934355,10.614313610394797,5.770214033623541,6.584315470606091,7.3367591644326815,6.635495460654301,6.455717394252618,6.2972249526530515,6.765199210246405,8.034738028546181,7.453327199444175,7.231489964077867,5.818102146685121,8.780872628962003,5.852283174296219,8.470446094870567,7.90314997384945,8.60064524966292,6.897660527192058,6.032915242016316,6.403600246707602,6.212262250234682,7.252962475953006,6.756900997832418,6.52090102210641,6.711378396799168,5.475970369080699,5.575035047903655,7.293811488275721,6.210094260703776,9.05601253273586,4.163251712297403,3.8991045718391772,9.719193333014845,8.450490545233091,7.064417494833473,8.810727266718944,6.783792047699293,6.560812045633791,7.8401661232113815,7.161996680249773,7.074376574430305,5.96259025147495,6.943569559603931,7.271417796735957,7.184966930747029,6.236974589775007,6.961340653973946,8.514557550599172,7.248400852084159,5.941797932842746,6.928112743794919,5.5430580524106805,6.289349010152121,8.518656990925468,8.920343066255251,6.343035793552798,7.3823397083207976,6.5170516980811986,6.2279889993369615,8.069908176735046,7.256919790556031,3.3338753441969495,8.628251637270058,6.383416027761998,8.465533870458598,5.461296526094279,5.592507891232772,6.491509676848843,8.443380713711184,5.977248713622496,7.580938973650341,7.384366146847606,7.042583411931995,6.670019404838484,5.3861412447256365,8.178314944232504,7.881172001113499,6.94196748510003,7.113601432740691,7.7688434210916375,8.339020884037016,4.825115154652551,6.191880037883916
2029,3.8794944579231325,3.915331354942813,6.467701482104846,8.791348705260921,6.582314306805871,6.752196045271282,5.805656251722363,3.974988284532848,3.696026885432416,4.6948904935912825,1.1749934958743617,4.96187711892457,6.200057794468412,4.453942863077956,6.212212569240865,6.014935069685353,5.020557391746292,4.95845803207365,5.0037226039787805,2.249513968183049,4.826107969828722,4.736411954308375,6.805696710430345,6.3845264464616776,7.591247129286157,8.598429232578852,2.244598489383165,6.730579380716744,7.833713752442391,4.70811101794243,7.959095077268012,7.97457254703703,4.525177910795503,5.013887766363293,1.82601452323383,3.3536399911189902,4.136502973992248,6.3322959298846015,4.6638728755301475,4.99534012916787,5.085337388104404,5.014355399999124,5.675548178625518,4.682607511508052,10.869464673166135,-1.0034867529275617,7.414740323506552,5.819606413101326,4.933387164668789,3.4146814246116017,5.12643747336777,3.3649962491773326,6.6112515715689515,7.386305553132091,5.681240220778976,4.337940026973856,5.660949073218065,1.569633395250498,6.326805055655282,1.944320498355503,4.785704506946529,2.776471138257402,2.870110065772619,1.4293789325346173,2.802154413071173,5.577999480068683,4.8460528301396275,6.260698844486016,7.997839038870459,5.591200478631875,4.5028932459395525,2.7512506107831802,5.014861535409404,4.970685019446856,3.8495671481921776,3.6551352825401158,5.449174288082226,5.702507341216349,6.268314636729913,4.910389617053344,6.91271133566725,4.380941230546814,4.5774985125352625,3.3954524518600904,10.429147890929526,4.054479668751873,4.8390211660800295,5.331655487418171,4.816025842430777,4.953310835464246,4.95902414452927,5.147431564228293,6.319946040495715,6.117609681754276,5.474658535986115,3.7554683852298543,7.073584871045474,3.638764963985087,6.749290466308593,6.344549763305435,7.400986935814902,5.076092929675664,3.824744679130099,4.752958480654092,4.148258729998406,5.429455898445228,2.853255884914562,4.682005379220531,4.59119552630803,3.1451710693795096,1.3996866522678004,5.725870315370886,3.2398678449721197,8.007626264773567,1.7233418185135412,0.16147355231102914,8.399123558710361,7.452927523132028,5.899458645553939,7.080609414028006,4.971575914785777,4.762848359500545,6.450320929031949,3.4960198859716263,5.563755859139152,4.292773188188159,4.79940750783887,4.714984103009615,5.496011671064233,3.3183095485999643,5.01699569821358,7.048638558079457,5.476065994850518,3.022701231184704,4.1697425610417955,3.5761821434415655,4.593979344285767,7.533210569157679,8.128903724445863,4.837459728892511,5.988197373418976,4.7577546739886545,4.54975483977589,6.308954919206687,4.28187083363019,0.4991985788119283,6.853228267924543,3.405974987508924,6.748858309126108,2.454043645797104,2.2181964564169268,5.0669898537212426,6.803474459668686,4.053440452649673,6.1306796958991185,6.054008690672449,5.150892325002572,4.468068107320314,3.1497070007347343,6.439668343884167,6.261804616656792,5.147601167446578,5.3423909753047205,6.238741332087022,7.216408258368228,2.514618857025073,3.407919019203764
2030,2.248217928512345,2.007792942482851,5.090756084384591,7.133850905401956,5.491425816355082,4.258801989514252,4.681701321797125,3.018663014959674,1.7500201895921335,3.684966051886823,0.36311070338405166,3.144520325907349,4.95955260354897,3.4050706845933005,5.04542868404553,4.867013205742012,3.3154902374050734,3.318680590596693,3.114629984712869,0.42984235389479386,3.705678831657459,3.395153166918917,5.3173890607110375,5.20432543805961,5.824709697417787,7.4350990881693795,1.346382142654782,5.3925978248489335,5.974265614717175,2.8653982988205455,6.231625369139786,7.012031577720211,3.4267674568912097,3.151584325165586,1.103779882963359,2.175569765012837,3.1046277554384605,5.080290222990106,3.0510403164501834,3.1624877314115403,3.7863612395936044,3.8948508024472623,3.776853835274438,3.711484228549847,7.681999775870099,-2.1861201077699697,5.307885490871709,4.044314122405546,3.0906296506010262,2.560584672277085,3.9741084303321483,2.507898110510976,5.495450713511171,5.26366508212583,4.443746819835285,3.4849979757042306,4.189348070978608,0.8326783289426348,4.438961497154728,0.939083114330624,3.544405294261103,1.6960317478996951,0.82638226500873,-0.35569534014011056,2.1116584223084898,3.6551230367401555,3.1406740947658665,5.159273113798474,6.094160941750583,4.524868230367529,3.053351294120836,1.8414160866161866,3.132316159534042,3.4283959521301837,2.6376001143763785,1.8356757689717003,3.774644811091753,4.230183970825425,5.458382779025827,3.1374022919556204,4.502156024349147,3.379927616052588,2.894633922083624,2.4864689381472025,7.29058722612159,2.1923873023740175,2.939423568065052,4.187062953566686,2.8790072629164,3.2948221086428076,3.4674703494870482,3.7322343849288,5.074841386285322,4.84047192951729,4.357826071052714,2.6306258409187713,6.017762370664497,2.7072662543505426,5.690708751822342,4.872911690509526,5.531442206398114,3.9754159407497487,2.882438727423691,3.454645590535527,3.119834762451977,4.259934167152848,2.047653671996346,2.7291485800825335,3.628249421201902,2.197520591061691,0.5943965911865239,4.34713723125129,1.2368790481624934,6.021436988922028,0.7873657064367834,-0.6911436033571647,6.648258614257495,5.251937869037019,4.737231490828484,6.034321247503676,3.736351543459402,3.082393949144873,4.664715688804099,2.72590487463207,4.159259499147021,2.9154508894887474,3.7981609398948724,2.8869946249600136,3.6356544427830615,2.121168720311133,3.6074747971162715,5.749949214787315,4.379987904223902,1.0557614376061968,2.376192575127913,2.4198500072133946,2.7360712845392263,5.39022524560328,6.353954236569073,3.2079975748884246,4.637312826925314,2.836333964919221,2.684342076552327,5.155576070321018,2.412846701412367,-0.49360133270765555,5.752335494962231,1.4109817634111859,5.630243905659382,0.36178082343319273,1.4249915611641135,3.5822246259656443,5.563948237561978,2.906764730297282,4.731704245353569,4.7047060801936675,3.12356090442888,3.506530576738816,2.219660077629418,5.3165848961678055,4.907369107521813,3.943722540448449,4.168844978871018,4.851971424345311,4.794845999314868,1.5339780809550454,1.629541999564088
2031,4.061856047346676,3.9378432075509076,5.677428378884136,8.60945022401625,6.371280474395593,5.40683399346368,5.612165924290131,4.326036535460376,3.9185924460661834,4.881963523811306,2.384353140818661,4.3494404407121765,5.4703575127982855,4.775963735734596,5.972090929232793,5.787004549441664,4.3717196415467505,4.424770443090079,4.330731994119187,2.819348758600395,4.67850793992844,4.362192143613859,6.55450951397933,5.6938973626699925,6.6091297453847435,8.520835883658506,2.745819135215778,5.949883525484599,6.823081226441367,4.086168337484885,7.702298821817182,7.899151539751169,4.449579893322338,4.33595959893588,2.9804091813235476,3.30648376972511,4.346319362521171,6.185109451991217,4.455866659252809,4.367228018569535,4.551281687514536,4.89298105163998,4.970433931283908,4.9571777621789925,9.444486451560056,-0.4265294396157893,6.273452147584538,5.161762326955798,4.2934342302895825,4.357423289582646,4.886795385628296,4.2883230154884275,6.383984057810798,6.9881770384722754,4.990021083375504,4.984595978439877,4.881332503310565,2.7741359670100545,5.273002412940924,2.3865716734836853,4.390168619566952,3.074199644656016,3.1364225478650187,2.0163665619389772,3.9151506206855697,4.835896643071342,4.198929418392224,6.045735720416598,6.965249038461979,5.523711435496809,4.255614924758417,3.2160496362324413,4.14073638354653,4.481372411555511,3.641889384594455,3.8510055478726515,4.660165654174216,4.8318478629506885,6.876954976405047,4.3436386067548725,5.610006144655679,4.6149023617136065,4.442926065418227,3.795151026823139,9.102603768994069,3.531909697143169,4.201164603233331,5.4943774047082865,4.138344022734411,4.427749455745875,4.482549354305557,4.346308424041189,6.097981660402032,5.395001559743077,5.300827350595901,3.870116726334752,6.90329720285432,4.0085903054167495,6.525348509822429,5.450770729574663,6.360440128258078,4.925206084446664,4.174753302644045,4.2602982063745625,4.365215248075027,5.1941116045646645,3.8671720837210812,4.008375998714874,4.848600906544719,3.5816081294083393,2.6206618167203066,4.934520087879281,3.4975407678505457,6.9676765614542475,2.2550193204961966,1.1465358601818822,8.192370676660333,6.24739578391971,5.264280515369671,6.912487744771202,4.691818774260324,4.30637147560202,5.571817469494096,4.452453409289492,4.782906035410945,3.683476088375878,5.01474615186453,4.734451131060205,4.809214296590149,3.8614541831715368,4.837126233229606,6.322720903285042,5.310568513284473,3.248754634939392,4.373208882929437,3.51572009715541,3.9779588189618313,6.360596903519513,7.172635938586858,4.2818390693001716,5.215271737041147,4.143299107921536,3.9196772400675135,6.0800636701028905,4.461593804688287,1.1319475444997213,6.628059933797038,3.646935602613916,6.555802927159801,2.7427919322046743,3.110498333285597,4.53169216474133,6.602255311634007,3.9620836562123793,5.297954113351119,5.26423859771277,4.353379020660088,4.742702375712062,3.5424859344895046,6.208626249740865,6.084486722143302,4.895698321148238,5.1901652186723615,5.4179178281077025,5.894066501280361,2.9449451910010698,3.5756351406332763
2032,4.004096436500551,3.881168815741937,6.452536339312792,9.293414881328744,6.8153539713472115,7.099660633256036,5.990290180842078,3.7354691691696633,3.809092523654302,4.491690422059036,1.0939841213325627,4.373273204402843,6.171210834872912,4.233407794284476,6.432630902280417,6.231975556164984,4.494118541975812,4.426012109965088,4.390742545078199,2.331152809907992,5.003190996218473,4.245109049944827,7.18297797441483,6.370104841267066,7.745869754006463,8.935318277776243,1.9829513246814416,6.723756843626811,8.046439098791843,4.102425023044147,8.442154531677566,8.196741382280985,4.6760004657631145,4.433583958943688,1.763319803774358,3.574269927603508,3.8507353357970735,6.571980765461924,4.419288574842117,4.407707577198745,5.16815244232615,5.12746244613081,5.098094121390021,4.418444224074485,10.902910510202249,-1.359720742702482,7.664820032566786,5.306127992024026,4.3323553923517455,3.3359954894209927,5.324307732780776,3.246734085182345,6.837488751610125,8.03130133462449,5.653554534415404,4.153840182224912,5.541537299845368,1.4790258139371864,6.49333393375079,1.6460409423336373,4.929704880652326,2.415071703493594,2.9798188560952754,1.501936998715004,2.7149115021030097,4.9733536377549195,4.316289236644903,6.479562576984368,8.096302343904977,5.606374886787187,4.04884648794929,2.5148923023448635,4.5127090295155865,4.476718775679668,4.024009623751044,3.7892196959505497,5.127535828699669,5.699953098098438,6.358113318185014,4.333594859639805,7.234815269211931,4.116527517636615,4.400961361080408,3.1287528095146016,10.487351673841472,3.5103452091415743,4.219029740492502,5.014310327668984,4.176291565845413,4.4316412704686305,4.479321729019287,5.164897921184698,6.586760026216504,6.0915059960136855,5.668284171439394,3.469993154207866,7.2934281554073115,3.3779526254783057,6.9790084334711215,6.328059092866417,7.53865286651999,5.2888036676993,3.565619921808439,4.8354577660560585,3.857376409570378,5.656035390806694,2.7751232812802007,4.0418292269110685,4.33769743827482,2.883232361637059,1.3205628673235603,5.745730485767131,3.374535760904351,8.276540760199232,1.4620328950385237,0.016592955954063272,8.906590067346892,7.706348062368733,5.860957868707681,7.296307407567896,5.2058674727876975,4.23858807471891,6.653186506871136,3.4160126940036837,5.5548537880027045,4.345297739406424,4.617028189986015,4.662522173921266,4.899553530849516,3.203276689723135,4.603432842049129,7.053469928105673,5.685777029395106,3.148961189637582,4.288788366069397,3.7889384454116226,3.990312242383758,7.786077524473269,8.332492552697659,4.310268311823407,5.960835782065989,4.14344188775867,3.9356010605891556,6.5448043604691835,4.39958765891691,0.23321025172869353,7.092286658287048,3.5142583480725675,6.962637313206987,2.5776473054662374,2.0824256766587537,4.600737662365036,7.10209353069464,4.260147104163965,6.096178504576288,6.012077929545198,4.5173182984193145,4.241974077560007,2.902613885203998,6.649227162698904,6.613845575849217,5.3907461867978155,5.602664529408017,6.244628421713911,7.5200745150446915,2.229973815133176,3.5532710742205373
2033,4.184500327783413,4.038413282098441,6.00067687034607,8.70851894185461,6.607993394650263,5.803081148657307,5.788791248253709,3.9852088206800937,4.02614295739552,4.657661595221224,2.039708543440393,4.407598897300921,5.796308145954694,4.381738714103042,6.174002019367341,5.983646136419532,4.447618072916722,4.4672669703140855,4.36818384507607,2.7719618667816315,4.835133688717057,4.271413546103727,6.735179955974735,5.989613475021105,6.93303788003737,8.491415731351953,2.349156887366855,6.278007134730962,7.160885826010128,4.106116794049743,7.802493931918309,8.053244313289376,4.556772419090929,4.38438609614968,2.7042763125279863,3.4591359958566468,4.059898221287234,6.148589623385464,4.530762759519035,4.403943415859652,4.821524151440326,4.990260812742955,5.05212316790531,4.653669658406027,9.746335579403516,-0.9643548801541326,6.628381853216681,5.249157333393293,4.34806232873736,4.128629461701574,5.089982739810286,4.094312494684909,6.635953640501047,7.125322506859389,5.255997701708613,4.688979396018488,5.1563929761278215,2.4560775065569795,5.63328584245053,1.9766105079445382,4.61478486862676,2.698836965293717,3.223202106253854,1.9696091305592944,3.63479303992514,4.9165989247889375,4.2710986214465105,6.291905243527788,7.229525753907089,5.570948692175144,4.1411542152536365,2.8313515011606603,4.316746707620294,4.519161684875646,3.825264959499751,3.96735585455237,4.852963303183693,5.192272238176444,6.439977588324716,4.373393807046372,5.995811023588838,4.316924932188003,4.532670082331735,3.4407199477327293,9.35111519360337,3.5447466805063463,4.228399946065295,5.135936637890748,4.17246399768468,4.463070445019621,4.521137439356796,4.6953754908052,6.205390116521003,5.7002790616504075,5.477475969185091,3.61672823670609,7.12027789549581,3.658536359153946,6.815209068614863,5.823769363863714,6.7247940610195,5.136084599741572,3.8306985816051236,4.52124197113103,4.059525891624648,5.4212044374696156,3.603098912293029,4.04286773477135,4.550049588598052,3.207770771507558,2.2886459566150954,5.263356680500096,3.5867157645266614,7.323674714256975,1.8306426092468493,0.8044406586679942,8.284890078265086,6.617829684168103,5.515071342370056,7.14645504900094,4.924163671403097,4.257729421915681,5.8839596939626455,4.1997948699984065,5.087921767527686,3.9514541890600627,4.770513451561847,4.826584518854988,4.8772009130695775,3.6730964773430945,4.70983488343913,6.643020372452409,5.516040701290655,3.3538154191498104,4.481657930746158,3.667944242214337,4.013756207351023,6.733898952089508,7.429639936778051,4.333109592440827,5.5290898324857505,4.158602285102524,3.9476688093473666,6.294072190749232,4.595397136784321,0.7082068334365732,6.897618862061666,3.746361847581533,6.7314267423132375,2.8208145509506095,2.7845935723904884,4.592896270854721,6.825507201190141,4.130958607484554,5.659477167345324,5.590310694734116,4.421615853680875,4.441488596899756,3.199075572963418,6.447387019878834,6.257434387209601,5.098659979886022,5.390701595308456,5.759973006515667,6.292674212234801,2.541215279235926,3.726945683873931
2034,3.3065777847800293,3.113782725457488,5.210470059693888,7.082182177952653,5.362986240664429,4.532369165584959,4.723169049826161,3.28032428130572,2.969982081189241,3.8815401495145307,0.5177760699699698,3.98615015889036,5.079162348447176,3.6078299957102744,5.054147561048639,4.884792869460994,4.012176298118873,4.105994787324092,3.9237799685576835,1.6592675087780784,3.773530770221665,3.8536839218617485,5.2113064867283745,5.31596785912226,6.074481735712495,7.322399501656665,1.6572897012891417,5.49486010624417,6.2624673916605,3.681260680265979,6.186036646879949,6.987554072049158,3.5187589415702316,3.9196899746512517,1.264619823159843,2.2757925064913156,3.402991840423183,5.0735275146776235,3.932172859986794,3.9727083701511905,3.862087066317428,3.972808120065721,4.556404434401412,3.96246952435066,7.755074954752267,-1.8371711962310437,5.626520797610283,4.723435449831445,3.922118366792285,2.6948228514881722,3.994089728285529,2.632386430584153,5.427244315630404,5.150392767170379,4.595115439645178,3.6804468590637764,4.406320322176509,1.0191732305904895,4.609601328342127,1.2482760795231531,3.6114017845227853,2.022159911435226,2.187168755793366,0.843858880986427,2.2968472722789346,4.4088001107347425,3.842487813583733,5.0968539375683335,6.394348891259268,4.617671522600898,3.6287685252469153,2.125038078119017,3.720772568521831,4.188530048612376,2.7530220785531503,2.9619488830774485,4.206290171064183,4.301580836033002,5.393307847195659,3.974385637147673,4.792304519949289,3.6211430124681567,3.8516093229489594,2.774625580886318,7.385784183404055,3.11959781523409,3.807959920887291,4.414631701748949,3.733833484351634,4.1082337019515425,4.205792398288333,3.8671319196964125,5.0644961467076985,4.977253893326067,4.388601159227304,2.8924953855317246,6.008041558851457,2.9723794568201596,5.582550837048171,4.9383026402572145,5.749621209913291,3.9839731711765847,3.1513700973371006,3.5892570355328997,3.43806951639146,4.237206233472662,2.1910230284877876,3.598464531631305,3.8566116742018988,2.506390114282739,0.9437504945130196,4.413642523617581,2.5422112443323797,6.264897321286641,1.1095857486642657,-0.48973762648629215,6.585439156323415,5.545747398816308,4.912290670619958,5.98526622958738,3.7374345619103013,3.7583625089248702,4.814174096549636,2.853635367648356,4.310735428898498,3.1183641594031766,4.016959664122811,3.9544882244302024,4.3901386900708586,2.7109119735401266,4.127713462145161,5.850237937322977,4.368905549419337,2.328385478206751,3.5115130147414995,2.48787507170747,3.597290207214396,5.674195178238483,6.6542548765588965,3.952322022732475,4.750152887904951,3.7380065718858386,3.525604895990467,5.140934025933004,3.5022441647176095,-0.18613107451077143,5.632963075976952,2.6947941496197516,5.660874798380096,1.7959427877232963,1.6589087905554907,4.2347717490689485,5.482748850280869,2.9711933430155835,4.8365934502718755,4.8464115447332645,3.89349293503268,3.7302124867665376,2.494546216880454,5.286663733294299,4.877264370563733,3.953491395660516,4.166848617806581,4.917582929648201,5.0891347671377245,1.8260045416396216,2.7439728104991143
2035,4.626954783139559,4.548513269116139,6.125872066236452,9.374139718464498,6.921049612349476,5.601810433227439,6.123473590304112,4.607854425778675,4.529429935894109,5.279503828685344,2.9639047305260218,4.910736901749826,5.876090237549669,5.302860943921682,6.545048330878389,6.349847675140559,4.972241302085077,4.922142178719415,4.924463147498218,3.371745773944365,5.128168398193245,4.6878504126236376,7.249355954535565,6.092329295376184,6.827326460645118,9.407683970599338,2.958660026562626,6.379831670687113,6.986530684576982,4.627059600733478,8.386510886508843,8.320273218531934,4.883529866949238,4.940900936722755,3.5505296614197728,3.7769010460068424,4.678723548249952,7.00456320070501,4.973701717139319,4.921163322468259,5.00782808661461,5.371209365283621,5.554929605781518,5.24481007315476,9.548391490147026,-0.1534846554799324,6.43874173071878,5.723259705664782,4.8843532854626925,5.038402962273564,5.4408779128390385,4.9990323364477725,6.95205292619508,8.015722946617107,5.350591360495009,5.418993124674109,5.363373457357804,3.3194074149018737,5.613162965610112,2.6386783247620937,4.84248390613959,3.3994634082091264,3.7234769018431133,2.5748805823768026,4.442369587462523,5.4924936363923145,4.799041820497347,6.5857603578218065,7.0960289017650595,5.961083594067345,4.692879128045046,3.463071458170125,4.88258059836667,4.946485445802579,4.0915260420277235,4.4862460639199275,5.248878865406432,5.330232900792153,7.72720798952826,4.847226340195226,5.806576339849113,4.967492073260503,4.9823542016333535,4.031236629290828,9.127078437085812,4.045500398581401,4.7601431970452435,6.063222888214833,4.733087190266317,4.925197317682461,4.9443348964740474,4.8367118958769195,6.855764536508193,5.781256367420328,5.789739398606894,4.277427811047132,7.427895649817996,4.279475661958087,7.082769480244871,5.950827747711846,6.667691025304902,5.400404094493594,4.465928616323348,4.713099195525565,4.680415372396337,5.783219447166751,4.475502230997744,4.589716816240728,5.155548735040013,3.8363915915633044,3.0944664764763976,5.3831621277435096,4.081523240897162,7.170159894073833,2.4581501596960518,1.6244048929676909,8.942360911903709,6.422594608674787,5.58995870834795,7.430152993585013,5.3203229426309955,4.829016397225445,5.935659438114742,5.028332642440138,5.216806654272405,4.128542592299398,5.361040172391925,5.317719538535539,5.418124421531783,4.325159609317778,5.277145065367228,6.7506753607042915,5.805670723319055,3.8804940317982206,4.963879708072234,3.964649460342686,4.519306308750442,6.530908522958833,7.283502163558173,4.788901795344104,5.632377697861404,4.672675428333982,4.457019269081023,6.663737708124624,5.114571548934128,1.4320249045267721,7.203351606582771,4.251396824461244,7.093566224235917,3.3211095204641103,3.522202676900763,5.032645448785406,7.195410496715841,4.4065900049332924,5.755447867615471,5.690334583375733,5.049145635345885,5.0762775717303175,3.8030596990780583,6.76829589119759,6.688249741134975,5.505975870736714,5.717914204145299,5.881887338798619,6.087835009755761,3.2004225119418526,4.241621208987361
2036,4.665249304225046,4.788402658569004,7.547531973322235,9.855191695069276,7.545258528801303,8.015347164869308,6.69265220463276,5.047205223639809,4.584966379155715,5.739584769805276,3.0190589169661237,5.8474405501037845,7.167964922388401,5.322971553976335,7.121618170042828,6.924794781704741,5.847842611620821,5.733083144823709,5.882548644517859,3.389482901245357,5.759827172756193,5.345474395404263,7.860422714923823,7.319789226725694,8.539681028326351,9.366357705990472,3.2911353595554824,7.7640402987599355,8.814892528702819,5.554291669279336,8.967361300686996,8.882773026917134,5.49730933010578,5.921728172215324,3.56674299168711,4.387563598652682,5.137287121017776,7.1206469501058285,5.414435391748944,5.860348468025526,6.1794527322985235,5.9260058626532555,6.58448550508668,5.707005759576955,11.868432418505353,0.19164893652002293,8.464003184686103,6.716063106805093,5.846913524903357,5.069015369812646,6.0254385103781996,5.001809153705836,7.538877157618602,8.567047422627608,6.624884680161874,5.601358994841582,6.691526772081855,3.345946208884321,7.509884511182703,2.9959434776877365,5.86870906452338,3.788096904257933,3.7604487166429563,2.5710594974458187,4.449697545170786,6.495698587596413,5.6824073407178135,7.187739901492997,8.932015787810089,6.526873242855069,5.387010316550732,3.801354516173398,6.003176824748512,5.69452393651008,4.909696664412817,4.523935191261994,6.450351378818351,6.89364184886217,6.874746499955654,5.741804533700147,8.129014453540247,5.392022716005641,5.366559100151066,4.41635369708141,11.428651738166813,4.879252666234968,5.757678646408023,6.12337953448296,5.760114931066831,5.75311854481697,5.65002338563403,6.336504603922367,7.162333324520537,7.108725851774211,6.400022751030822,4.721849675895646,7.981791372845574,4.678506983319918,7.680129485949875,7.511827833826345,8.4871893102924,6.0637332290411,4.8505321731169975,5.8083486467599865,5.126116276780767,6.383851800362268,4.511666768789286,5.633367960155007,5.5810283477107685,4.195492574075859,3.103988981557391,6.881013808151085,4.132736504947147,9.069327415029214,2.7674716522296268,1.7313612967729595,9.456856464842957,8.543092596158386,6.7737219467759155,7.997636471440396,5.932206986347836,5.660939922928814,7.5932138686378785,5.067964454491934,6.677321842561165,5.4275351117054615,5.84353318835298,5.559038297304261,6.363681498666602,4.525747215747833,5.966466544071831,8.112111503692967,6.431694416205091,3.9008229309227276,5.005437575808417,4.604433592160546,5.472575439264377,8.624408905208107,9.012181236594916,5.608885189394156,7.0221158546395595,5.683749212262532,5.413084811965623,7.237328360478088,5.1498943428198505,1.6883589786166915,7.8126920633018,4.300965542222068,7.638306472885111,3.3542089067399483,3.6605695745597258,5.780727386971313,7.762426406051963,5.064491472641625,7.207858315979441,7.064832957275213,6.136258392594759,5.5123541057109815,4.187758581588666,7.358719815313811,7.273880746712285,6.083288562297823,6.326635689102119,7.374802539745967,8.42161065687736,3.551201764494179,4.280642356071621
2037,3.174100209155987,2.751923208221279,4.351684068554435,6.471459054484453,4.361158873500495,3.734389059117133,3.5657320623767768,1.974838441302036,2.8447234373668184,2.609185974916508,-0.9387730601532682,2.8362149889099206,4.278467444711014,2.221975188573888,3.902088527021737,3.6974596925850602,2.9610271474410728,3.08840382791641,2.776544986742323,1.1640379214338201,2.5623275352449233,3.1817671151767537,4.248019075856127,4.542421738006943,5.359668748132114,6.20179416778786,0.3538283819718091,4.626128575668254,5.660599051878366,2.531845659017564,5.538220970795074,6.03820204824723,2.2910851175928904,2.7544524808382174,-0.03663409578389166,1.0501716383572288,2.147015701080192,3.805295451704797,3.355313915117036,2.8351927600030242,2.8221207343298804,2.7803063952717313,3.379833677205546,2.639158097513276,7.984956901648949,-3.396311313299265,4.89879639498119,3.6087552946189345,2.758927050094796,1.4244152945305777,2.7860637802213177,1.328824753648249,4.351338537602585,4.393834739538102,3.7824243402172804,2.4305341909157807,3.473028359741999,-0.3593341580367309,3.7452077228447487,-0.11316770212403653,2.5326432330084225,0.6099939428526787,2.0570855454124244,0.3153381942418131,1.0594592323719423,3.2202449093958183,2.7692500413636325,4.010793742434734,5.858194692509954,3.4214718819281997,2.435463086284438,0.8339506880990416,2.5896199900528494,3.251583428924967,1.5924261965114512,2.8350891712410684,3.141250561023582,3.2890502954351506,3.61929956027146,2.869001039657101,4.0262369785843255,2.313574248475249,3.3196669226062685,1.4755837408633083,7.504686663633789,1.993220738295851,2.6061907575048213,3.02172059540091,2.5119265862580042,3.0700580685816963,3.3031243191678716,2.940250180918597,3.8137130007661626,4.15825903852438,3.2085389715643475,1.4796679636527745,4.996459959909828,1.6783187253208,4.569439017310224,3.940756333285365,4.915598885252556,2.801240490171413,1.86337404055842,2.553790098634256,2.168984368700408,3.093972435542221,0.8647960003080052,2.359778790638365,2.5727780093920622,1.2062038434990519,-0.3819414472271683,3.4837420685537954,2.40699896781609,5.644273067214367,-0.21126072083053976,-1.8635342500718484,5.9350510311537805,4.803935473495775,4.1542858042200255,4.999332304144729,2.4911554322160554,2.58105766464924,3.990097409692303,1.6309566831794262,3.401881678351041,2.1193699107087887,2.738862185128806,3.5722870425931363,3.2659348254573755,1.7315808236598962,2.903902912962023,4.978099600379833,3.2381170991294335,2.212482164132185,3.35438045024358,1.2795179784297925,2.421250548856013,4.962832724482855,6.0646938162631,2.9459319417846626,3.894000204472708,2.50294637371754,2.3455103789937897,3.9737341604356127,3.3993183847131423,-1.5723823190763084,4.621959455054381,2.5731544073285706,4.51271951481186,1.6373513279290033,0.39697644525560805,3.331399158221382,4.554822289095871,1.7399065355802414,3.9206833592776573,3.965620721208637,2.603717197631968,2.453834831971547,1.1888536882811591,4.1399204905690805,3.935379564248284,2.707779919150573,3.075365708305915,3.97445729272119,4.287746192425775,0.5049840037165022,2.635314289865823
2038,2.999671779829881,2.728632477890893,5.1514090541107915,7.212238995422579,4.935879892059442,5.1476335341119865,4.183731976414808,2.3364820516314997,2.660391692457528,3.020363855207791,-0.5040976976783073,3.3110878277441547,4.997272738737279,2.7211730272091654,4.544285563206108,4.351505654510753,3.4091361048149627,3.48040041012754,3.2640551246445764,1.0893332241424185,3.2076032300447577,3.4898235415076377,5.032080471258744,5.234848042115054,6.360819369586634,7.011871153039154,0.5999203468191211,5.441436855411481,6.65752113995881,3.0267225370324895,6.401573915419903,6.533526134645114,2.9047840124574167,3.268582777216516,0.26701428253074927,1.6220368850847753,2.5131495223733853,4.618472241507522,3.476933759091231,3.3182773266373036,3.620904376794552,3.3746568853485184,3.934012087768524,3.0645334436718734,9.067455461312987,-3.06671317075861,6.092509980859429,4.152478003938649,3.2202218961099116,1.893368355801393,3.460126581890829,1.8925726718012381,4.953451725429505,5.457217259653683,4.534092520331513,2.8636451265935268,4.264992711294829,-0.04572426193747125,4.841614924371245,0.19592866609836007,3.259010550276988,1.016190734145971,1.8512450847132464,0.2301760683285778,1.2922153791476931,3.7702660005668123,3.2211648236060975,4.620199251020775,6.782321491246591,3.974370619603269,2.8862057066169275,1.1026629510110866,3.1849342583967686,3.601581834513568,2.2398464212129876,2.6741214589826012,3.845590747507484,4.217204578991597,4.508077108718714,3.3164128614910706,5.368817325296075,2.7197038762528325,3.4031282575993713,1.7985451082731128,8.643424906607333,2.456294642054829,3.109537802379709,3.5823738422116325,3.018828662305045,3.4837729000839706,3.626266473069271,3.773136245793313,4.5975342171973175,4.906556650225459,3.8436822544397993,2.0095714770000557,5.53270358283972,2.0043124905948,5.140302986420432,4.854602974550475,5.9983773783876995,3.4276793691618734,2.1922470063998776,3.298401579003912,2.5523893941868216,3.6996567629534653,1.3597382653247683,2.8750439031884563,2.9745556421834856,1.4757339974929538,-0.17855453850893985,4.3437231573565285,2.216818110696202,6.718851011374903,0.02944583394404327,-1.5155528213443437,6.78235895623421,6.031165983656359,4.846129036283698,5.531040026196122,3.187070507427743,3.0668013959095397,5.009840523374493,2.0569380632248424,4.235098181613562,2.9165041905281894,3.164169705248087,3.5655878403320393,3.779464885592459,1.9009620801481453,3.361287724869003,5.7853478228288004,3.8371892663939215,2.016291927160886,3.203360441429862,1.8709360052799346,2.92183586749537,6.158402507032814,7.031678889974436,3.3453580408260746,4.6992809821305634,3.028543922921703,2.8574313048658704,4.615489886495577,3.220720310599125,-1.2691038754479635,5.201274930403148,2.369651645100834,5.1327364308566885,1.4322333528563902,0.621260729072425,3.6738647833980367,5.187631049803618,2.359161376182377,4.750203533419248,4.757935010924421,3.2194621871257656,2.843054990316258,1.5149910038915175,4.778196040669393,4.634473258051381,3.389029494647321,3.69646111336248,4.840045362710952,5.652653954451469,0.8245981515481556,2.446001824376913
2039,5.4869294902630905,5.539986515610384,7.102514776561794,9.063695130163222,7.288565861510816,6.979700584606878,6.4861770819487266,5.1153147004801705,5.524590176695771,5.741730093442157,3.2515058638206824,5.850645816017842,6.748849951373088,5.2588612385864915,6.845056469969706,6.674246255179933,5.871720189935178,5.7529140949763065,5.891777954224882,4.180198248604248,5.545145948321141,5.6921976768765,7.331001675848303,6.925014264672866,7.820698908176919,9.097811805790874,3.470016585598731,7.322853365720351,7.998439972513707,5.574497471595635,8.17675677250172,8.678049659934532,5.314971202920223,5.9304555654525775,3.798195012684528,4.23803154481896,5.196397100286237,6.856706570962384,5.801558620392766,5.879690374536763,5.843582316205419,5.752543491407714,6.543906397989085,5.722616305895919,10.260392304638334,0.44557385390688853,7.576424149089844,6.663712388225671,5.853841355712762,5.156526611025991,5.772319533701597,5.059222628201905,7.317011052292998,7.56030497391676,6.2058516647666675,5.6649826505574685,6.330161073084537,3.595217977361432,6.786420499456337,3.1460357476668106,5.556237027835866,3.8524921798500533,4.7216178109419795,3.393629114946412,4.6702339397422215,6.490181946420461,5.693078465888214,6.9691529741575,8.134276069572259,6.37120133509924,5.417841989418557,3.971403749852344,5.901565808674386,5.706301873999423,4.696446708050271,5.417804383512204,6.240812309600158,6.407568989899658,6.517800091669478,5.761962131625205,7.1154911635636235,5.412649338101522,5.851539630571317,4.505455460656304,9.91179836644181,4.991495381141534,5.753431187621481,6.048472910605625,5.761150932517549,5.754051439142948,5.673496324568987,5.882630386999965,6.895279505257976,6.690424205157264,6.1920904676462065,4.656494013900899,7.741113782442852,4.762262453549891,7.476028002284724,6.997920925761097,7.768028494612919,5.834920201835963,4.939943217768754,5.4864177313986575,5.1602111385557174,6.116342209022623,4.643123184812486,5.633004480908657,5.621995324718539,4.330394907372781,3.4526316569796935,6.430419024336958,5.1030794911343484,8.235314193470721,3.0002091437064378,1.9730804631936134,8.643917190617532,7.612421534746757,6.389654465790451,7.78457831295914,5.628958538046175,5.684552767153445,6.897185732706871,5.208053206446875,6.226834107575744,5.063483428908512,5.8540559339112255,6.266815426020789,6.376865895929674,4.858787896818124,6.003228094958671,7.7050615343554245,6.189717472121442,4.839232501798663,5.892621101988158,4.4168955144183375,5.477528320304279,7.700487044864686,8.223060160634468,5.6181092824112495,6.5668545392309765,5.678431738039544,5.423759203532647,6.995441953169888,6.099071304345954,1.9267521952760647,7.576043895606337,5.255760940048714,7.422256180952337,4.335431558304822,3.879066910209326,5.808533761008032,7.4168488033244335,4.875604299250351,6.740202221762518,6.616540382006048,6.125775580262313,5.550130346211888,4.293503345728952,7.137701254466487,6.811083738146154,5.821257312525193,6.05073126945002,6.898677942054027,7.404413797732061,3.6630387042873913,5.165826179600993
2040,4.899185447891556,4.866014130568755,6.712299277385074,8.036208246205938,6.521956074237823,6.161457250018915,5.8911950831611986,4.328325768311817,4.843110885843632,4.976167776187261,1.8261289817591522,5.221798431981979,6.428685687482356,4.7530835300684,6.257652778675161,6.083688541253408,5.234648846089841,5.1992942192902145,5.247137361268204,3.3590388566876483,4.946463080247244,5.136773958305522,6.398657629142208,6.6121281765090885,7.321062777315581,8.37874293855081,2.6346906036138527,6.926157931486762,7.405036708991967,4.955774046977358,7.166677054017784,8.044574843316033,4.692288854718209,5.249766670664155,2.451736937773724,3.536834995945294,4.4279833853244766,6.272720976670588,5.24910072820882,5.241273874292774,5.297692472177247,5.147729994853336,5.94056857836743,4.995083338022231,8.919182233015697,-0.5216092834870026,6.935603613778952,6.069871145704145,5.188924907209972,4.048680079945672,5.208168102304141,3.9886426766713496,6.585402856270469,6.389198359350363,5.9244695832332,4.853663991888365,5.903237658739091,2.2010959625244158,6.196165594210229,2.357849078377088,4.973001229763032,3.184376737816879,4.050620059793195,2.525174552202223,3.402113410830499,5.806516588603461,5.072705321758985,6.236846328650913,7.6098934106528775,5.740931429465613,4.748218700662256,3.099402846395973,5.244283636411031,5.208554950853188,4.056641008704898,4.7653848875314,5.684162625918786,5.970365049441657,6.244151924550535,5.167563072506649,6.344852668295302,4.678909351925054,5.260472290217879,3.7485311644772707,8.55448480322957,4.391873648700615,5.104006001849967,5.561356168488659,5.074257174134256,5.2102599725127225,5.190463593966951,5.429007614652316,6.283752616991601,6.358470029508071,5.5653874590992904,4.062630734841033,7.1149831719696515,3.978175202384592,6.688764770825703,6.586048783858619,7.185128293186426,5.11966786980629,4.1553434650103265,4.999310405055684,4.418829063574475,5.448010317484536,3.4871650202820708,4.944065278768539,4.8766248355309205,3.480241889258228,2.117875407744823,5.972797788182894,4.428035342693328,7.542031754553317,2.1234179846632,0.7286919817328458,7.5786453773578,6.914064038793246,6.150027970224617,7.084349325547618,5.007979112863541,5.023839472234246,6.251885214572155,4.123567553112907,5.851217613617581,4.619440716008348,5.090694061915082,5.61621037994822,5.726836784978513,3.96045203407606,5.298730689783892,7.311129521578552,5.5224092533191005,4.177844027988611,5.25310839166244,3.7099808077017515,4.8551590641339635,7.000596628089748,7.719730555017792,5.059729620814326,6.214508155919612,5.036769888798393,4.79865187505881,6.341591749091945,5.399340421458083,0.9700858493645979,6.791356504956883,4.572356387972832,6.824008168776833,3.669055727294952,2.7412665359675885,5.269179863793156,6.565082927265516,4.17137025247017,6.370778267582258,6.299821096037824,5.385966771592698,4.7541786332925176,3.4965959807237015,6.448272305478652,5.952339891421924,5.206882275765139,5.29611196567615,6.4921173691749585,6.616824308037757,2.9480911237498133,4.52678296839198
2041,3.7979055244218696,3.574791406763013,5.408823695676079,7.928154410344773,6.158808289416906,5.38544258834987,5.3387348942201704,3.588289447642604,3.600370459772387,4.2496123606788725,1.3527296586283315,3.786697235793389,5.222142746736266,3.893316136351947,5.723984918203847,5.54293864734214,3.91495383697851,3.8930379684757566,3.754790780359302,2.2735540560639373,4.367065353050089,3.8296716064214698,6.1032193477811525,5.454684883420322,6.536744915013166,8.134295504925584,1.9087615257193307,5.708180381563202,6.788671379194373,3.516652531664946,7.037312086639478,7.640170588704021,4.101872371445445,3.8005119336062454,2.0254619869178767,2.9534387688698436,3.6870140276592345,5.794067707041216,4.051395047520257,3.7991751478663804,4.245306987186962,4.545282294395669,4.4124293039585005,4.248541206967461,9.012737350217233,-1.46371439613145,6.247957515305482,4.647721193325386,3.7279697646354797,3.519047728129504,4.647226694714406,3.458518051895603,6.168277234352871,6.2274040173867675,4.72366557042275,4.176371750646624,4.565004327430805,1.7758411693161922,5.109513635522335,1.5240769978484194,4.085865441067471,2.235867223349108,2.7966225733017116,1.4512769651181774,2.9860749572258567,4.313514327180796,3.717239486760106,5.824263527989389,6.8767895778191495,5.128363588246804,3.6739210352815475,2.4239079828920027,3.736593159108329,3.971829666916668,3.305862871608855,3.5687170439753033,4.270146363254254,4.519132366211248,5.351184578162841,3.757751645299794,5.589471210693494,3.9132491021963016,4.049596360483176,3.017048824514292,8.618720642210722,2.9428853783114204,3.5971444680772984,4.640977977678697,3.5456246795325455,3.885862795957201,3.9922762472054063,4.0717728908719675,5.788997328486935,5.128346228650929,5.019358553634637,3.187232409057948,6.677577177118829,3.2656227761301504,6.349698353173406,5.167593443702004,6.236131789805046,4.659548010034808,3.4491958127453426,3.940115955883063,3.6983476473853467,4.95918673125963,2.9901159538020328,3.40097245779531,4.154026502743366,2.793935279650934,1.612817698511584,4.636741210674419,3.170688016789739,6.921276629484931,1.3874707219415703,0.16866078664516662,7.467112556372867,6.223608210554412,5.000503818022794,6.692863790639515,4.4398076913223194,3.724058923022501,5.353744818732658,3.6076730640027024,4.485832760560103,3.3450536211502926,4.402392237093942,4.369237075078078,4.275801320592394,3.152986072260759,4.214539370788582,6.040278101853769,5.042442224919793,2.941167226125454,4.081220941553855,3.1739946400810948,3.394836637480504,6.3274239828360495,7.162852485021897,3.771670181882279,4.952636115542,3.5119551132465205,3.342848827098978,5.8312801587684415,4.181226164375526,0.19105925179760916,6.438296675682066,3.321236668475745,6.290395322609054,2.389909120553562,2.2096819186518957,4.092140751922951,6.274749884189203,3.639069049522793,5.013825332039392,4.978152472365262,3.815604743001789,4.0979541892121585,2.755447480699112,5.972958369501709,5.6486071995298905,4.6380252087938345,4.883644798192487,5.131327263240158,5.877283603723707,2.0953736377173433,3.3085223271928994
2042,4.407474880716927,4.412485417235515,6.705221807648394,9.690917069028167,7.108933788049841,6.974128101920258,6.333955030502943,4.458338150176511,4.282013693760181,5.130031717234648,2.487129631741294,5.199340228521232,6.404882044113917,4.972051638724473,6.717284289413485,6.5292982258673335,5.230647491355395,5.188172052614392,5.2080985132990225,3.104129141774672,5.382903099573888,4.964487775903323,7.526158324860288,6.5921734917652,7.801330353743558,9.09129453167833,2.841600469377789,6.930311397103402,8.08598236713944,4.907112453454015,8.804954021574991,8.57417722483134,5.105539113796995,5.221251585424463,3.103642460601085,4.082089262018945,4.569718696947757,6.793455654305629,4.999871011951876,5.212153376015866,5.474492413473541,5.533331259571276,5.878844511020796,5.0809687499743745,11.153694218602677,-0.30238860524420275,7.668732791625227,6.028892008459262,5.178504210093924,4.531440766720941,5.623085174838019,4.461654047513833,7.126393828412581,8.373290485863025,5.885304092590151,5.104740518450354,5.870582777364501,2.893086291592698,6.557045671796322,2.4939783256629426,5.251539474481651,3.181029723892952,3.49730345915104,2.305671777961583,4.028179479265134,5.7569833525039025,5.050197154925816,6.768537682705915,8.208523145226502,6.047535344059097,4.780691769102527,3.325422611729852,5.19575719227051,5.195885441940408,4.465734104657996,4.226765592165034,5.637791287282422,5.929444832727312,6.897321473293267,5.142564778954819,7.15159305313538,4.770445383314428,4.970313137204484,3.90000071093954,10.730664799953335,4.3071233817729455,5.082834181215227,5.707612378201605,5.055988273487011,5.202912032989595,5.177946938009095,5.443425240701641,6.8095085135307825,6.338709557846442,6.013881084669764,4.101336279691291,7.620756286100067,4.139835553950279,7.272380103196566,6.531168548711415,7.607214996687553,5.633812415188753,4.315471534071301,5.20245583201277,4.55655170874349,5.970343661205522,3.99904672544578,4.926281049462229,4.985817562788722,3.715082253875405,2.7329570825757648,5.971414877679845,3.8537755361918764,8.26927353082032,2.3590399784774627,1.281831705236228,9.336959239480823,7.657533417616426,6.11122982306727,7.635654749798362,5.4818081747869005,5.014020084403455,6.784893282207438,4.58327238929683,5.823007958459442,4.714269593647071,5.254306635466115,5.189740835785354,5.687521938234565,4.09934827839506,5.347641547563777,7.280023866365181,6.018668150593495,3.6300204123916298,4.716604933849184,4.248794463302556,4.835710478850224,7.752319561189105,8.318411527008848,5.05230968188623,6.183027999282909,5.007964872690883,4.758358744583255,6.838602051042539,4.83245818573853,1.270215045108768,7.376056465785949,4.016740207243734,7.2798892519725795,3.1038971476513773,3.242491171277802,5.273202543114795,7.449988704174759,4.684693131916996,6.334835623487319,6.257856479942287,5.317660214829036,4.926893390201289,3.6512274351613256,6.9321376188047985,6.969130087001569,5.677155350495517,5.960914527355084,6.454759028965027,7.429121099412445,3.062266641649706,3.9756326566225484
2043,5.929079470706399,6.076393289812682,7.355452501054467,10.259141828286753,7.779431061369591,7.594460858867088,6.930856073853271,5.557425136196201,6.104974557099669,6.25410499526509,3.440649662038373,6.217371022489307,6.9852464492593365,5.851617973940127,7.367344049030341,7.145871897709781,6.194556181543862,6.074711260161013,6.257332880692239,4.603551370188083,5.970437819073938,5.762265535938589,8.183994722263567,7.143726141673739,8.26543019750509,9.842072186798893,3.828927207609704,7.53997596995584,8.53575112799118,5.9036990959068865,9.316072235333506,9.099208646550261,5.744556401310294,6.278485462583344,4.084935381494716,4.700091927472888,5.660114759924532,7.549379382667871,6.133511707828985,6.227282084010799,6.0888886960416055,6.1975586077776486,6.89555481179007,6.192369787343616,11.682899995096802,0.8935505093139551,8.124816727021646,7.001561050014247,6.238743572142615,5.504443729745935,6.231059511160028,5.4545766086927765,7.817311065853575,9.036402185672317,6.411997783672196,6.031547851603604,6.546705843174252,3.837077755962726,7.194201700646301,3.5839071159475835,5.878636052896234,4.368075500788361,5.256761463615912,3.832004568186301,4.966004716938941,6.829906052299612,6.0095846347253925,7.450408954301785,8.639214908768388,6.858476680799807,5.740397190803598,4.339414718336071,6.281663189674246,5.982694650261567,5.07902002931926,6.013371980395809,6.517969754749329,6.598795282333319,6.989907173486027,6.113468777902168,7.736755148860916,5.896554580536382,6.222285902579234,4.899310249192958,11.204726728899722,5.227701784207903,6.12525041247237,6.674974888563155,6.157058065307553,6.053166405008789,5.944342742706167,6.10268039333409,7.517757346789386,6.920246741445415,6.630181079023871,5.1845393766617,8.244346520381756,5.1993525264592035,7.950680744802126,7.230149715625007,8.186778359628958,6.276365692887838,5.381905378966495,5.7948965204173115,5.552297799237847,6.652761149509201,4.914587465725074,6.026517732390044,6.082730094420499,4.751914068028848,3.6976969827865727,6.622671092892518,5.635549895304803,8.780315385039511,3.3468573438967097,2.2988303610733896,9.858625012738953,8.1865088338482,6.598815361587812,8.263324233478514,6.175179993541078,6.063028320156297,7.381774372067944,5.446178999568883,6.449996252897488,5.3125718785771054,6.360792263828473,6.740578664787883,6.709220187931225,5.192125756165075,6.395588219422718,7.882697251015182,6.675412534382834,5.385330321459934,6.3847655582016944,4.86894926627905,5.813295043748001,8.273310905900498,8.711199641998475,5.9474152157018905,6.793433531091133,6.0316616327598185,5.743174424459195,7.480111940796005,6.769137606024742,2.2972533129926345,8.086863325587634,5.824006217307055,7.870431681645329,4.8535588645729515,4.239438865205335,6.103285525989684,8.069990102587077,5.308393020953598,6.988712306166517,6.857551308541468,6.487783718211898,6.0653524388205895,4.66761065197402,7.622696712613107,7.572357131489395,6.326187215488532,6.589484874608701,7.107657112903763,8.01782621661651,4.079542776248579,5.762514246435001
2044,4.090526478985945,3.871632761259873,5.766998760153849,7.821292350068684,5.820675301551817,5.386439642061789,4.956439030418795,3.5663169949005016,3.863442000374198,4.2084230291346705,1.1337348420793836,4.343713067223628,5.55328652734558,3.6186651751399035,5.309255311451854,5.113171149666113,4.4159405748980785,4.406774280468625,4.326052833806413,2.392711233471833,3.9639112052818133,4.408865267162524,5.760737692564729,5.78876152560115,6.6208603235427335,7.353943789350649,1.8590765217939995,6.020369859163957,6.885504012554885,4.021780696449179,6.877318141795695,7.372726178914306,3.718953565756481,4.333742860456309,1.8496514942497002,2.534795391311249,3.7094747568170243,5.075456510080647,4.446172103409965,4.343156309767318,4.318521886815632,4.202604480832814,4.962417439868056,4.243496478286882,9.203775902589168,-1.5358742176244642,6.291870330646632,5.145836904148259,4.310766848875208,3.230123319725196,4.187481927995882,3.186259997387724,5.777394678692022,5.891125866491348,5.0382988159855175,4.056095485389233,4.937390177696945,1.6103978083779429,5.280398140319933,1.4991285080711059,4.0170108345647675,2.265059336026509,3.0411274383465425,1.6252892679224413,2.8005936363091073,4.842796261360246,4.220582041268546,5.425031262884535,7.039681804925203,4.870647936562697,3.890479694446548,2.345438976834219,4.251398233075935,4.464675119519234,3.0830746384958405,3.8338278097411016,4.706529402236141,4.873220659295715,4.832055040200548,4.301874403655529,5.5825868546962765,3.902706089243289,4.445906417568525,2.9994705794689582,8.84135674436887,3.3738487561543784,4.183638146395488,4.4407217947145305,4.144439774254963,4.41218436559041,4.462585916649551,4.445954729119939,5.160092622538412,5.464647059142591,4.620754365995526,3.1222886217137185,6.340081705401342,3.2382366634905346,5.964825868854916,5.5076270836095,6.3732020219167085,4.246154517711448,3.4150637969374684,3.9859543134768813,3.677299738675358,4.5550308766464385,2.749314936622975,3.9992802709341064,4.139967913428939,2.7497294875482745,1.5370669600864266,4.984158197045328,3.403282674215734,6.998405129214131,1.326422329246998,0.05237412620336038,7.315537794896714,6.2369470010201145,5.312808667992552,6.369508467738829,3.998895885298651,4.135943400114775,5.460178573181232,3.371423306067784,4.860850575690468,3.601822800934317,4.347736765762479,4.708542547623316,4.809866337602339,3.157684623263776,4.479949595779179,6.393390902380151,4.648545486355823,3.185888495296239,4.359658662140527,2.7609941924611707,3.935497284432251,6.374328860392173,7.167512543499473,4.275399022394171,5.282734009064734,4.0900324801603976,3.8515406534075742,5.432896690070627,4.4424317042032895,0.1291497101386406,6.05883797916274,3.575631873309613,5.916110786050555,2.635535458599527,2.083066568399467,4.565894698475801,5.940944255143404,3.2206030117968707,5.363007560993236,5.321793416204551,4.361843218157692,4.076495621353387,2.7168202636142595,5.572155246511104,5.335558173432947,4.1947994679057325,4.4968329484884935,5.474698675672213,5.878331144526602,2.087689400961003,3.63624655927221
2045,4.244464406101352,4.075665186448343,6.076155608070307,9.908705604254623,7.329464535774861,6.429297065426562,6.412449162581871,4.48310169108726,4.053310851951867,5.173044544098705,2.649014164661539,4.489117353512293,5.815313265241426,5.064060264620288,6.804836128292418,6.605591718492839,4.582220906327514,4.555665683282283,4.486909598625939,2.953774200688149,5.452129092067477,4.070511246035838,7.779625098253117,6.0286089402848315,7.273531791143887,9.674497703090305,2.8628914153267573,6.314459258393412,7.628457551115542,4.203204621882017,9.038898927962471,8.699657055452981,5.156236121880593,4.501700911606694,3.2831818045213277,4.168069654882982,4.525238367022367,7.115908957247076,4.600349979924744,4.499006749997877,5.077306595855747,5.59431838321275,5.136398995118538,5.104028981307455,11.190611115817369,-0.2595041938896831,7.135991140814695,5.368709419701443,4.466897432146405,4.640862491624107,5.687977726603378,4.540528565259845,7.293897014239736,8.746269801567344,5.292680389922242,5.141894804859728,5.219074405649483,3.0634283062456005,5.956463890342879,2.5051532685756666,5.010485624958729,3.151479035744379,3.2526131473032063,2.1870427527304366,4.203820832330602,5.025006674487013,4.408409556438183,6.938935231032042,7.69601447957343,6.137627717492906,4.388964117344084,3.370680159792815,4.468277351352677,4.616725916492528,4.374943339876057,4.030541637462788,4.948719947502535,5.229472915160244,7.405865421582915,4.450804615457509,6.612795251710663,4.7900686809022375,4.588489490850217,3.905241996949091,10.72683746239235,3.6067116309985,4.337907481810143,5.74252022571605,4.299173529291975,4.5593742393599515,4.621644597629022,4.763725570563607,7.064797451783868,5.731738867944689,6.104666859168429,4.0626147949490035,7.730892108881782,4.163959378376601,7.474509094809665,5.84594546618133,7.023911984059318,5.773970681852822,4.339929099098365,4.821614089197122,4.508370306599761,6.111310593013104,4.1159228853367535,4.161615149728181,5.018662077149956,3.7540156368551587,2.890629263016683,5.3212579185592705,3.605035233600385,7.842711549894562,2.3890956497654843,1.4057631614650108,9.5687590223448,7.132728787974038,5.550260925087438,7.792173637912188,5.589466572064781,4.465885708558147,6.3243075097943215,4.712616561815658,5.158730289545553,4.14432808910978,5.297020530906221,4.865373825269012,4.989589125303363,4.029475115143278,5.007960895526,6.688973582510287,6.160258141121475,3.4075511096944604,4.521860573312332,4.353428775123479,4.09894892611894,7.240323831937438,7.899897207216969,4.427179700084805,5.562034998249646,4.243652190370805,4.029570090616572,6.943077419338556,4.6291247424509,1.296521401610868,7.591656911475909,3.7767902720912274,7.35276946425438,2.8571465405924585,3.3621835336089116,4.724576450370509,7.671656051072585,4.795341173122672,5.670253126079154,5.607625860592414,4.539783080076351,4.962268985101378,3.6721850399184848,7.077830562303806,7.152667274762841,5.759597287866576,6.105032056056218,5.806615869803675,6.869752194347047,3.0491244192395746,3.8026308414108794
2046,3.440204936882546,3.166025880081902,4.48908710287049,6.367481819000736,4.849141735968917,3.6848269035590135,3.9689397082246596,2.709222358410601,3.164134715908559,3.313465841564125,-0.10130442694985543,3.443745013968697,4.378024497551144,2.810418551338132,4.313453347518525,4.134112349358102,3.5544255157483047,3.615136147573079,3.4097759187349994,1.590566799044609,2.9726906413661993,3.496005910609303,4.528779975299177,4.655562076910303,5.310766836435634,6.364259785619272,1.0260707915856924,4.770299835387488,5.542393039783528,3.1757026633311938,5.4841378063991195,6.424985319632909,2.733854063625993,3.4168364477568627,0.6814376845442008,1.446104289899615,2.850440599795046,4.085860235423883,3.7596077470686917,3.441888237307814,3.1216856261779524,3.246519244693478,4.020767691834223,3.3931853170024917,7.6118278452034644,-2.5456119381405147,4.796776340182483,4.2097511507313845,3.4070303512030633,2.1664005341971784,3.2355537825617264,2.098511575624859,4.799012061850778,4.305323228753848,3.917088714612901,3.158074304461478,3.736046966807597,0.3851131502025117,3.7868749191021123,0.6210543691855082,2.86615530786843,1.3574557725725511,2.359051033340653,0.7458409696560476,1.714784251269084,3.934906028853411,3.399800897672261,4.468813047326846,5.700216429886123,3.9332865939058133,3.134889147148051,1.5298793600422542,3.1863985466289133,3.7522946915043303,1.959349148360822,3.1493629736119306,3.632454731919128,3.482748875330236,4.31933313274178,3.417461372655013,3.939042962766413,3.05384735917223,3.7283732474877906,2.1844367964257434,7.271659394083865,2.663371581455757,3.280594950606083,3.6215534292418377,3.2046600629029602,3.6353296098010324,3.778184983991728,3.105101532720284,4.147556819278618,4.2778773327069075,3.62403507029702,2.2235661892557586,5.365848883532852,2.388181575670322,5.027138477640936,4.114240670769378,4.935835616341953,3.248640780561958,2.5735262668338326,2.8292414546012874,2.904348437128397,3.5298044501707464,1.6458791553460317,3.0755255376470494,3.3105085394505793,1.9053036433740917,0.3219261252931438,3.658377063942367,2.7265136930449256,5.596373704294196,0.48284786888237496,-1.1009346840196594,5.8480153936764285,4.713870702118708,4.2624069408609975,5.398624765461887,2.95106087470877,3.262179624417731,4.041557607851153,2.3539530362548513,3.562814428888512,2.3412208000262256,3.4293399817984676,3.980328863037042,3.9196269183323316,2.3249995992679557,3.6064986211472525,5.1601575944444225,3.6809630869277608,2.50859370005542,3.680925511080646,1.7086492787147405,3.0873324536589974,4.873771451670546,5.93980946154173,3.469480460060052,4.0480155680200145,3.2040592059653674,3.0337136660156547,4.420634026221675,3.7209528982960496,-0.8324858130052171,5.08747487695053,2.882324912938578,4.922144061018679,1.9443402996864803,1.0741785137817776,3.8147304507678967,4.874935544128044,2.1755890414632626,4.046214642195867,4.077497073031705,3.397771585861156,3.1822110413220472,1.9003519541744542,4.586411761312648,4.1669877094441485,3.1667272582136348,3.454373712812003,4.145799461109885,4.216997789925542,1.2157566734300636,2.912124233513042
2047,3.865637419295723,3.585459694780152,5.719529249223657,9.188944767261376,6.589347201688539,6.472250199523463,5.630539769242553,3.758512555075615,3.6417850029879637,4.483918867106067,0.3977301411073799,3.7559605399467824,5.506186227603207,3.9558186477114443,6.022268609753972,5.828923262912651,3.8876347066192265,3.881901700948848,3.7220925191610013,2.051323952474473,4.6238560546189555,3.464543851060343,6.927077746596831,5.73637512300549,7.1624418646097165,8.496123184931692,2.0576485269542397,6.033002625829704,7.566958835605407,3.458515065240449,8.279701889588914,7.972649029102819,4.324016078022021,3.7499194713630546,1.1822764220936515,3.23043181515973,3.7994324490427984,6.037176516870488,4.0803175452968174,3.75982658064057,4.557426083704523,4.817314016921766,4.388794015193809,4.416980223087915,11.18981006381841,-1.234830569604346,7.086574612891881,4.661815489160604,3.6965274576996916,2.597546335149171,4.908907786011698,2.5218100043712184,6.538207729314934,7.706500185203965,4.982190633385346,3.8193972683672257,4.802466970579377,0.8861815523484663,5.779694485253301,1.6995270380686065,4.378724171298334,2.3822342558153733,2.83064799109506,1.2453034728733379,2.186973017479842,4.255647698353076,3.7063966449992423,6.184217122094383,7.569456786816488,5.374280061966194,3.6823048246703296,2.591838740711583,3.776336456681123,3.9736314595773283,3.585149280469995,3.632812939070419,4.386708341025075,4.886384593900932,5.16532935343426,3.7337108262140175,6.615894594069188,4.115594404203624,4.074859979851495,3.1640142702080056,10.827235432534387,2.8772928681353034,3.5582330772845925,4.702642042318299,3.4989557162184126,3.87848409856188,3.997278230200553,4.408423864700156,6.081580598710172,5.415117879494511,5.312574811793606,3.3461100132814794,6.995856475727307,3.4112898763911472,6.729645663294303,5.514739487416533,6.881494332843556,4.951857642366966,3.6009619821762233,4.233157377593733,3.8156333547727823,5.312033194920108,2.085650096679553,3.3489396019742426,4.346241186661964,2.971554628091639,0.8533577170094507,4.986909813817655,3.199189965581073,7.8160468535176655,1.5609492656839044,-0.3557222444435638,8.779805723963113,7.1254398563298675,5.232509686129873,7.059165195658292,4.759507790721695,3.719996220785481,6.049817142301588,2.753473629532703,4.787718670121557,3.637728686476577,4.566767916083336,4.393500393834609,4.239961861279505,2.91452133809698,4.278975776171889,6.361842080276331,5.374732256192586,2.9924073459516327,4.131164626957014,3.4708880125705557,3.3466802596532075,7.231736246367976,7.824252754449847,3.7613314710043593,5.249187522535695,3.459375271252518,3.272399197107761,6.16875123977661,4.217683834645991,0.23426460179275488,6.848476665801015,3.357774147057327,6.594218428664165,2.417641024715429,1.8183308586735156,4.094329267740247,6.888147067407083,3.918473790592421,5.330207794133962,5.264840892419732,3.7318768845549966,4.2411474678023104,2.9511684282072688,6.321590370659174,6.348478418228961,4.950992907301103,5.290550237714218,5.473526235284478,6.880457289902299,2.2933293023499943,3.414291220877706
2048,7.552106516435744,7.723985760472715,8.34547626028458,11.27933922211329,8.941017702594397,8.98081376204888,8.219193664938208,7.049532383928695,7.93409503897031,7.7486004638175165,7.084293528493924,7.174107016126322,7.835932444905241,7.9113707488402785,8.66205143891275,8.434224360684555,7.088525941471258,6.931946764886377,7.254002298414707,6.877655505699417,7.30271439353625,7.069122905035814,9.427480469519898,7.960151442885403,9.216663815826177,11.427140682935715,5.359402115146319,8.445105194797122,9.427250517718493,6.894656998415788,10.357569541533788,10.203808664033811,7.086272798975304,7.277096336583302,7.38769375616684,6.0640940627704065,7.063748909036317,9.190957425162198,7.346424644688764,7.1942694246148085,7.233740671972435,7.538385882973674,7.955689536035061,7.702098060523474,12.041568454106649,2.914154384533566,9.196838760127621,8.027629028990244,7.228688930223385,8.856735881169639,7.527489764491721,8.776702424883839,9.01339267169436,10.328486714543159,7.307414217169085,8.394330164169274,7.552555624209348,7.270238919680321,8.38088219066461,5.246189285193882,7.071788230662545,6.023561513020348,7.107667090968851,6.132845637698965,8.097364384432632,7.891287350157898,6.95065207903584,8.634533946216104,9.59940342058738,8.22495864232381,6.916355810811127,5.859610228861368,7.33639700024699,6.805252398542748,6.350257486291227,7.781169973065454,7.554876320809125,7.726279562913502,10.776130768656731,7.0418910245100665,9.05006564805905,7.431587524215382,7.578607284774391,6.3925007753074174,11.630717843770984,6.283860728641355,7.167933451756838,8.7143768504262,7.217285779118542,6.956930930664141,6.724618498980999,7.106349066893258,9.028445876203476,7.817706725498046,7.9186117351055145,6.819157393587132,9.403324891626834,6.6970705245931965,9.07336007126918,8.304830792794622,9.222219395575427,7.5520160665114755,6.874969586823135,6.926420752207439,6.975458577771985,7.9536167025566105,8.245365615437434,7.1007393762469295,7.584715247519001,6.30771028796832,6.980701872023448,7.653893637657168,7.489497556289035,9.825859213372066,4.9557979976137485,5.220739808926974,10.93451841076215,9.296582591285308,7.435058619454505,9.398973920033313,7.557674488270036,7.173234677066405,8.520562796186038,8.634121634066105,7.471080589542786,6.409049372747541,7.802211388448876,8.339384869237742,7.703992510959508,7.295701786006493,7.636662250943481,8.85137826515517,7.900176828106243,7.19394408551355,8.139744800825916,6.2045085892081255,6.827487944066529,9.362496133272847,9.610994125405949,6.808377925430732,7.7409890152514,7.096561870227258,6.759706746538481,8.755342237185687,8.572468957925842,4.312262250855562,9.235980143894754,7.665757906064391,9.144582454922299,6.72094174592445,6.753967027956,6.8890056554072885,9.196911419664199,6.653583916400875,7.9893838834017545,7.795778833453851,7.618391271432239,7.538012034446002,6.2083293825387935,8.83749407827854,8.751515470352018,7.676435205340388,7.822764547665917,8.154463489788272,9.283927811185515,5.692576723049085,7.496610985199609
2049,1.6272879290105453,1.1658928104644204,3.3280537282598432,7.73254312600555,4.8738084414909615,3.243554655590963,4.064523086465638,2.078578185547014,1.0641292808898566,2.8723043799400347,-1.2519740344121588,1.9282405940687348,3.3816414737495872,2.9000653059318156,4.43503597070431,4.224764590633327,2.0641515540151785,2.2172725588918265,1.8168930629717868,-0.4173480087313148,3.011015196298732,1.5361920752209302,5.209100002358702,3.6688894344301075,4.8947836750283376,7.744790231102501,0.2366499092815237,3.7161397872299995,5.291008987817271,1.606428774683897,6.798164642833433,6.402420724517316,2.6945039939520647,1.7908669003638726,-0.3559950441122067,1.4360128711780613,2.210344538606445,5.048343373719471,2.1547180759110334,1.8983826742603886,2.2176074452441323,3.2356613124239053,2.350077709889618,2.824445820108442,8.998202815908812,-3.457421049154527,4.502993667434001,2.6815821168751546,1.8017592394146411,1.2630679008775716,3.3115614399570856,1.2055255588272502,4.884709814499166,6.143955557510777,2.886347340098742,2.380457690531581,2.4768166470116593,-0.741433216836948,2.9545993331562856,-0.1033541573018852,2.187555187735064,0.7794421041255882,0.21164400756744456,-1.231021087616679,0.6964970501460909,2.2445902623846354,1.8464087633223367,4.518242010782508,5.313978166849318,3.8288520918837907,1.9597616487279,0.8307431048617273,1.5423316053789249,2.3780260605031063,1.6073912830445267,1.1440429099161045,2.1360032098560477,2.168853942168364,5.298210935346013,1.9711521996249401,3.5776963588492605,2.5430651790109193,2.0189052434830845,1.470848248950363,8.465691798719867,0.9486106973269887,1.6138257204458628,3.726100661631288,1.5122414072012087,2.156437405738337,2.45293463972108,1.8018972465190355,4.819123361741421,3.2196655576599102,3.6963570485341166,1.7821129200787356,5.461617149284177,1.7528218326383638,5.073051762991941,2.881176194754139,4.303361457355065,3.2365650015658347,1.9883727783272998,2.105159313321629,2.2192855079112346,3.6242062243922026,0.6803258196290191,1.3423324324961337,2.7529166438456256,1.2372007211991405,-1.0120368792900183,2.3900880916365246,0.5809116706508998,5.233712868957683,-0.318743771006321,-2.090825957856302,7.268304069237462,4.431183774923457,3.313341485143737,5.4691592293052835,3.087410876206282,1.885105721331362,3.4951365772506287,1.4193782636831542,2.325325190892507,1.2461794134357893,2.949485457405964,2.0453731192211646,2.324847925069004,1.0475369883251593,2.4962753000958218,3.950618245927938,3.689400133644713,0.43403103176889685,1.6854029543184001,1.6662260355620566,1.4630241969536066,4.564509009011091,5.695447109896564,2.074805715474589,2.937050163360506,1.5034853633621652,1.3919531813469426,4.524814928400105,1.665191927089774,-1.691782978074306,5.163637190029541,0.7574717448060883,5.017506264920892,-0.24095499888062513,0.14112697795418844,2.5075269636922863,5.2555608376218315,2.136288546282671,2.909765785319154,3.0484540516446383,1.572216958835208,2.6717698723077774,1.2027666144843776,4.695888750512029,4.744764967725198,3.2735860645771013,3.5961299780113936,2.916427179657183,3.8574277183105163,0.5468964581217206,0.9681208316108287
2050,3.8890166824747796,3.82475664286778,6.675811288043343,8.933106587172066,6.536173293495478,6.923453429649618,5.876415267586711,4.174035892661275,3.6948722622774803,4.815238838919022,1.4516269689233134,4.637897281811157,6.375864007863505,4.7015331769040944,6.212304282901358,6.038227116753314,4.657709833941071,4.680984887069671,4.631134212530895,2.4192211311310543,4.931672647595408,4.535703311449494,6.847769237797833,6.552510181120757,7.748382490385194,8.758437064187282,2.4715575136501204,6.882135868650575,8.021768814627212,4.353831934517827,8.096370164048055,8.038651999471517,4.658697924737271,4.622234632228979,2.1640102863311768,3.5365350975109098,4.242206760007759,6.462437047012922,4.505628762830945,4.643500161838944,5.2542972219144515,5.0845203594914805,5.337113866518282,4.837306755113188,10.38234715626158,-0.8731981952642599,7.609573234514946,5.527821916958381,4.60540976555183,3.616653965464953,5.152000578826873,3.5139603364313463,6.6010070653825,7.556595323414636,5.876025832482971,4.486605918998348,5.722291580176559,1.9045112672550941,6.50429039885258,2.114563468972156,4.9447698808949605,2.928157940763856,2.894536287748609,1.5881219903440706,3.156215979621328,5.155062287018218,4.487435744336709,6.25020443879325,8.116919414878923,5.676314978763976,4.337441070904507,2.9653227529649095,4.672703849858253,4.709550507623577,4.036504672519093,3.6449056324259965,5.2824391424655905,5.878869206740939,6.679869191078795,4.6012837726879745,7.094911707757878,4.500965710343987,4.452776270693744,3.6023993921016517,9.909722126378067,3.7324697591107503,4.495682112358767,5.516156239691993,4.457922845051208,4.665683863491847,4.708602891656859,5.371680445712192,6.393256269652265,6.311550658115922,5.553641769392736,3.8290103688065353,7.113635316234211,3.8268547389527883,6.738422506713665,6.500826005534879,7.544511457712487,5.143887967898925,4.002008905184683,4.939313533491103,4.227384197750484,5.439475420220144,3.053631605259304,4.328783782391713,4.72485047020018,3.3457151616056438,1.7658800049845498,5.9193457596260926,3.25695418232474,8.168256602282154,1.9288871351565242,0.4217514594181857,8.554395829038375,7.5953472904090225,6.106338019643365,7.095427478695739,4.958629204795274,4.512302467021448,6.639089802215844,3.71376789027247,5.778997554347433,4.538061256038728,4.952118942128688,4.62800591079325,5.115104924052439,3.496379591267686,4.909154292838325,7.221165957346815,5.520434182265707,3.034705851740878,4.164252217473656,3.7087470344428377,4.25686521211575,7.6957345278612515,8.282181757534374,4.544190355865607,6.154516719024761,4.4171258642755715,4.195017209340787,6.325377220287925,4.250129739593328,0.6814560899832128,6.821034584451335,3.4145591690622497,6.803369900789754,2.503731273114683,2.5365762381718078,4.786947328918452,6.8521292343221845,4.173896924319583,6.3041569744718515,6.239764320696219,4.6755268537792665,4.6143191386142695,3.3265165355184987,6.443857199672999,6.351423920100102,5.1544111877165975,5.420299892795493,6.41530536012403,7.37177498998313,2.665330401011582,3.412151954554276
2051,2.1898649350322534,1.7334296153537172,3.459259940375543,5.787036696400748,3.6476769288038415,2.757848718556861,2.805147552991221,0.9120533949342268,1.7199306189050463,1.6349362937797791,-2.13516999318682,2.15141561396163,3.479908787099456,1.177238302498027,3.192115519324256,2.975274112332486,2.325403168283661,2.4346352540727314,2.0740350500263007,-0.14202962584536571,1.7537328364520257,2.515304604894481,3.5267788469791403,3.7811006383713455,4.603456559751566,5.5274079275028445,-0.8278081658585313,3.8435481051946523,4.844653632877203,1.8499714393040234,4.8830560327603925,5.287653124024129,1.4380847688378926,2.0748201177037995,-1.2682514470712938,0.05726152838303964,1.1537241514386802,3.077353246381571,2.5431396980480914,2.1483166839542047,1.8943282739612575,1.9901007187777555,2.6729103931836,1.6758635890637998,7.211031616183709,-4.701688988198496,4.047596977188669,2.904696179489636,2.0365528999988376,0.32879181720059397,2.0629745197707186,0.288350447578805,3.625582646514321,3.686982147652529,3.012574783430017,1.4662943605718928,2.650561651054384,-1.5959867942949841,2.7932663125724613,-1.2420918062200825,1.587596189616053,-0.4384770516691549,0.8748310174921476,-0.9507123442559394,-0.16957726689248176,2.5586763029468464,2.128659752936199,3.267711815649065,5.040650575882397,2.5957558820473743,1.6602459832512098,-0.30773376159627047,1.8358432018551318,2.5998933197095484,0.6112437155740038,1.7791740759115289,2.39331309889154,2.342280663148468,2.8100800514863495,2.1868323570695423,3.051854892344824,1.3512616206345895,2.4504224715176317,0.3977279812097568,6.817755519059196,1.274176180238259,1.8762990646064284,2.0366557135471495,1.7675797290586208,2.394306959905503,2.671531442970294,1.9468677471680866,3.1135005645197027,3.339406446361078,2.4231902777120964,0.549502292840647,4.266104754060503,0.597135488843098,3.855805216164423,3.0553087742421132,4.078736451679264,1.9743093283012003,0.805007121686279,1.6215457756971465,1.2125660386578807,2.3171226438777235,-0.19375971242271836,1.611220092352095,1.60819267044807,0.07950520618208747,-1.6875608603887522,2.549617723786622,1.240508387057945,4.807703180045915,-1.3914256912880913,-3.0735643218303554,5.26519786386654,3.9435496728481922,3.4098581737228537,4.273722133567108,1.7574247707580704,1.8348750117523935,3.0743757342470084,0.5923840061215488,2.4611700346757637,1.08829674021951,1.7570850222275185,2.597192309732583,2.611572122522471,0.5706745108653761,2.0758698793320813,4.149883311466664,2.4334469016256013,1.075007043008148,2.3144258558750135,0.3431404166180537,1.7183855303145696,4.098168052090652,5.341933244746981,2.3081852991519285,3.070679265363462,1.7772158271279817,1.660645765477211,3.2393822595477095,2.3202242094638033,-2.760546439833104,3.904830498299722,1.4140338577843956,3.7830044031143215,0.42815392429875965,-0.8397777219270823,2.7339766107756525,3.835325887105588,0.8236547253769042,3.038063641862364,3.1368782158041815,1.92301910935805,1.4385684934155705,0.11335073173816909,3.409996546772791,3.1693831294261163,1.969586649845383,2.2578956239439276,3.0936166179077413,3.343998405440096,-0.549774124897247,1.564522301750098
2052,5.8333581127226335,5.841206349680821,6.929199635858338,10.048527430494632,8.591203165426851,7.073634894657877,7.585632875561716,6.161800177519521,5.9559885417421645,6.842579816437021,4.995031619071961,5.658118778963881,6.598883237433621,6.540837727300822,8.023374628523985,7.851417953272667,5.7049594223499245,5.575358220934867,5.681988754620155,4.966652885545046,6.64699892302354,5.086404496772839,8.558672435830033,6.789175792535147,7.7952177951733255,10.411736961205802,4.464752317716678,7.175678101802871,8.056251355012261,5.395966655264299,9.063893630107247,9.793660384168232,6.433536138137181,5.730825889110566,5.4893592928846635,5.44746618742744,6.134947389860945,8.085636810710037,5.864784301988162,5.670694667970143,6.182163174698752,6.858205734193327,6.340922042975823,6.75776778930643,11.259749744335808,1.6532537330562878,7.62419456442197,6.526173778623344,5.674934630965197,6.937348051865896,6.957471930483976,6.885886945327128,8.556522457301613,8.636212863524758,6.055824146854382,6.999648514886699,6.162328188866375,5.273703340192634,6.741332027564452,4.19889270141721,6.161605229973794,4.902727004264788,5.133642241607109,4.164322157607728,6.292027937745057,6.283970050513744,5.553622527917226,8.198265093813342,8.112847966514531,7.464889324704807,5.762770126635832,4.995387447221825,5.692198929128552,5.563024063656722,5.581491162503759,5.835053069020311,6.063883440196516,6.261970082918803,8.362409854928655,5.564100813865665,7.183818171421688,6.478874804824591,5.97744508783023,5.50316550508142,10.909118356307347,4.855054222544036,5.570927157128854,7.250268324092034,5.570865814760329,5.611237742006782,5.526877521226803,5.717399525487175,8.132562221710883,6.531609842305383,7.31161607503891,5.764602244397002,8.882426551977792,5.797840311626596,8.727109630343817,6.850511923680703,7.738427126221361,7.056294969717659,5.987383155028024,5.8795263906319954,6.120367617408433,7.37785297334194,6.37578037728866,5.445641903579235,6.655105312416953,5.385709302375715,5.0334150988608615,6.27929518992702,5.525088736104468,8.347879678010944,4.00081954986478,3.492934961089244,9.629043845335639,7.67151217038433,6.243256291498738,8.957951230804127,6.884188292920592,5.773074889679747,7.022715075314044,6.8002008100350695,6.042169761161011,5.128823484775306,6.921066172669329,6.549832367400328,6.163294580392539,5.861462528010211,6.422654857921101,7.576272172232474,7.391414903601009,5.2521879447003235,6.293243688050038,5.64175110061963,5.307820721591513,7.7721261753390225,8.22640415132046,5.451332758972422,6.418230452636879,5.500743669023119,5.2392645612359035,8.21296209376305,6.552705399692057,3.0843224311868345,8.879464243538681,5.678713751335942,8.536416530609134,4.7538401483247705,5.284800210595139,5.664361827339357,8.572877236207326,6.0910625826567415,6.575623305079839,6.446858384087679,5.90482317954302,6.650293908019863,5.3130036253482125,8.329799136519437,7.927267618477349,7.054838682959475,7.244914458692075,6.758053907503684,7.479700018465521,4.6940369729418245,5.554786958793798
2053,7.045747163737646,7.25989267907651,8.353234199614361,10.821537957109253,8.399538212809075,8.539686288299238,7.588679138892168,6.067275389515123,7.3632344547338,6.802829042077065,5.18165770789673,7.099382192859876,7.8854726853555634,6.752745802032541,8.006552136920652,7.813451620011493,7.034336874165155,6.843447541625337,7.189431950449943,5.972118285195584,6.636711576375468,6.496639457884533,8.837356686592106,8.002958831088302,9.013738239119792,10.823164791896433,4.298360538636816,8.496554806314668,9.187047751813097,6.7861938583182875,9.861983005085897,9.646905946320503,6.3993322638602095,7.206761737964277,5.678248785179233,5.360146632482266,6.236009550505673,8.51995010006017,7.052259068293816,7.1226438808030075,7.010646597064772,6.837424187053896,7.857397538063858,6.725992045525846,12.154642741741808,1.4955502322007892,8.851240211262786,7.9189025384598795,7.132754257783811,7.124084265067659,6.896444782100875,7.0709282920278325,8.44670982581788,9.72227025648643,7.292217734301916,7.065569917960412,7.549640411446837,5.480347021129626,8.21181883894164,4.113217915954258,6.711881643418093,4.949619191987768,6.53146045886237,5.195490848658417,6.4973013624548885,7.802634304710502,6.853275589901828,8.0690143648535,9.372624456095672,7.481923326593021,6.459998259256626,4.82136458852168,7.325304514632143,6.6840472627302745,5.814987989078306,7.253728794126676,7.513937051118964,7.7725149824701525,9.127749469356036,6.964641492171533,8.653577943300379,6.442093766454993,7.227949605130687,5.3913148996131195,11.650548574225658,6.084589289693996,7.038080321335845,7.591847782504969,7.102605706401941,6.820046886544803,6.619938150048255,7.1480835236223585,8.36331087504995,7.829928249056479,7.287038727053283,5.812680800413265,8.82561882354062,5.715154459250383,8.55465267238946,8.367928358501404,9.080623187381644,6.915619403123858,5.913837898394161,6.651672127881442,6.106495289966982,7.3266353268047855,6.510890727798491,6.974604577853759,6.597719865626301,5.266309016737445,5.274474040894165,7.696045721399375,6.911752402782442,9.52927344472244,3.821750483379282,3.5927350781617147,10.429722165239271,8.988103231479382,7.404652484788973,8.848283628451414,6.864146809639598,6.898725406363096,8.289288039865168,6.989924420056674,7.469272261036861,6.252358230280466,6.912195188218152,7.876610393154213,7.638626855252119,6.25984244716578,7.117968971487783,8.872661213583214,7.294623050196419,6.621955587946134,7.589103978255702,5.517715805563429,6.688412588218163,9.05372736834246,9.351413646263298,6.729185415753003,7.755918543400439,6.941396727130335,6.625599656944514,8.141771508428942,8.044689180522129,2.98094183026717,8.711496666587637,7.091479184812511,8.517234570507343,6.1293432337456775,5.344750044160874,6.829485149219116,8.659634206058648,5.963699394515875,8.042343581544944,7.819224525949564,7.5238668440744805,6.617317996148405,5.166092082344251,8.25229575330841,8.177753334234229,7.02011189969449,7.2185624092817315,8.195342408685848,8.903793270217964,4.576264702811322,7.010033869537819
2054,6.1578719921667,6.3430527972764015,7.985909657424379,10.409426261317625,8.333798069892262,8.159014584689304,7.575505108925799,6.2641070479495005,6.329312525689604,6.93606237835926,5.400787540037055,6.550404043161661,7.544838237865218,6.8831478046446,7.976798263603241,7.802426938866748,6.570582069456581,6.362471483133993,6.633955425614939,5.324486644553216,6.60968725822549,6.227167915167483,8.638816766858353,7.686674018872194,8.68160724485743,10.465401095306051,4.591859048521467,8.168869051247322,8.822635747106943,6.29418733221447,9.502697011520123,9.591160940070601,6.3890696555247635,6.691952777576858,5.791497459699366,5.330606852112142,6.313470422964676,8.291781568321685,6.414022821804574,6.6008607140774425,6.7923878784580465,6.872728692945737,7.328744257318558,6.894186141290542,11.374121071963476,1.8800311170775377,8.549604017608639,7.453381002270454,6.563684527922807,7.300402003115623,6.9220099678455815,7.241498470306395,8.379600695494947,9.27448425467672,6.988870859210349,7.249487391127085,7.204449776688524,5.635826011902878,7.824197008178156,4.392091049202555,6.556855619210619,5.167471553744943,5.522638130098067,4.532243399013736,6.57947981537416,7.2748968671236565,6.391601589026637,8.001578357134912,8.954729950890464,7.484698307989484,6.293418850878187,5.094175059733717,6.76299299363946,6.26939166671243,5.721894092600923,6.210703893371956,7.091597184795755,7.379331888181382,9.01448605389431,6.438183897656614,8.253893247966104,6.622757336189013,6.501955339107023,5.634744364639812,11.035698945152353,5.68489656134926,6.479983261433142,7.650565403288808,6.5056268986443015,6.365997004868655,6.2179519945177555,6.782280621857479,8.211454986498282,7.504710743492797,7.263315939183893,5.990182432891997,8.74480813741684,5.913672070051064,8.463449260797994,7.979075245045382,8.72704161061295,6.884530876217218,6.107923056544926,6.457496026466635,6.272907561397759,7.262249493136491,6.716678022567575,6.38999427167763,6.781014604221005,5.502726683328893,5.357240986978186,7.34425592534886,5.9077363524200575,9.152998561746086,4.137497475434998,3.7976895945853197,10.035033332890478,8.621887796911706,7.107420552008116,8.753342357175105,6.838390463385088,6.517092075455803,7.935882476897073,7.142726828312055,7.123304361349041,5.985375330365939,7.015926072823589,7.008980912509664,7.1156642425741135,6.155710264141192,6.947000532828524,8.52457147130165,7.236011030730501,5.639640051550392,6.630159100453404,5.4958332007558175,6.187094643904733,8.672389748795279,9.01652647901712,6.2510824785848795,7.43583703657677,6.415615540768564,6.138329008529924,8.129097106127906,6.937248295751108,3.310325946514336,8.616501378602,6.060062260977155,8.51780079960309,5.142822566217389,5.488570278510452,6.395888426180542,8.504073631146857,5.950431802663309,7.6549007556047926,7.476105816662312,6.98053100936372,6.733058665975414,5.43459714126998,8.206697419157319,7.986845339937456,7.0203971724058025,7.131256842407686,7.822555829160687,8.531722312086622,4.8781909182153935,5.9526501033969
2055,5.238587659703377,5.191073228829892,6.811804030989779,8.917208397696761,7.185559465453543,6.391729380678514,6.31485025096556,4.641059778373818,5.2387175910046375,5.3621674794061445,2.7635461914128276,5.3390704298327725,6.4687795942199635,5.007744583273146,6.804784501549498,6.5164867139196625,5.316529213515081,5.30725319670706,5.344370848145982,3.831785794475981,5.333900693033278,4.918465227595179,7.190465035366601,6.651554320649853,7.43325419081696,8.996526974927763,2.9599281374750466,6.958941203477826,7.603707976382358,5.02614749300069,8.028077291003589,8.55146822436103,5.028621473381744,5.32028709300633,3.406384900051708,3.9464980520564943,4.782958601569306,6.685406246575819,5.41799078252295,5.3124314289668515,5.473523945242549,5.5379340823354415,6.016952936762362,5.331947624683379,10.541163966573516,-0.10372906974677937,7.076032624852941,6.14538640194926,5.36962696601605,4.817551983263474,5.575281802179486,4.732954940919217,7.198791413278933,7.457612559970084,5.965094182768772,5.323407825724833,5.944107937915574,3.1878174856818986,6.34291610430027,2.720595471304041,5.24258371930698,3.480845454437978,4.428422755208512,3.067175241379903,4.335769743754942,5.89012830498917,5.162402594397806,6.84061294691316,7.767326749861244,6.184198044433164,4.910614736892022,3.450606577483745,5.364661874442264,5.289104312208706,4.386917458526019,5.175512314998895,5.757253148432436,6.019923123820076,6.683395271928144,5.251837787073878,6.57714753283252,5.042352972359492,5.494167364106099,4.0591622182521325,10.068851581935228,4.378658756099899,5.253500706162945,5.858258450339579,5.256899692888923,5.3113233390553205,5.276279351280617,5.533412413350465,6.777900251848945,6.407481564273093,5.982707844360666,4.379052992524772,7.688431209274413,4.330732297280741,7.3167369977153545,6.626786506381524,7.284357736336776,5.636891475525396,4.519776847855791,5.146003782749176,4.7358499683182815,6.048972490789566,4.235704206187153,5.12378021355333,5.231151772984143,3.916404288390591,3.075640820223708,6.040108248077593,4.785447220350132,7.794561417323765,2.4818659743358333,1.5354861634109052,8.48155289759924,7.086856822001523,6.184096863975045,7.694818627474643,5.596726428588917,5.180293579553732,6.510610553596552,4.841017509585823,5.915720480526316,4.710012347533782,5.452767223697795,5.923294554625096,5.8043474552446375,4.429762484168571,5.512675311544846,7.368381698069902,6.057234975958947,4.55711322611776,5.603083959941208,4.149850807827099,4.966677513615842,7.21944389517965,7.899810655941738,5.1555710725229345,6.2800834078566545,5.163081386993673,4.881511897876347,6.841620663630551,5.857482902063377,1.4094861065326583,7.454326555518244,4.962854636897299,7.253967147962801,4.02643366594767,3.490775313870662,5.377834583536307,7.26647366856321,4.619370355688291,6.418876303681014,6.284749963417135,5.462954361890926,5.1689545280974505,3.8306740278956206,6.977037263327632,6.6463131503812205,5.688121474765505,5.858049402206108,6.552777388486374,6.820883012023461,3.2079373168726937,4.931774989541236
2056,5.832700618108116,5.8543758033464375,7.196843414381147,10.322087540725866,8.706286141959326,7.10057063127557,7.8487124955592025,6.586680634195608,5.942401754297319,7.285284416005014,5.711589209983746,5.794279721130929,6.813450352094758,7.1945290622611875,8.248383575926223,8.076312852402532,5.798186074073114,5.732993507509432,5.817807056630648,5.126549702758586,6.893071039021016,5.733638659274827,8.783875944217044,6.99299274260799,7.891628930469354,10.650447880849246,4.944200343638658,7.379353825375444,8.099432918429375,5.531812009836239,9.354881456152848,9.96792024138073,6.677766777078315,5.835427871719,6.166240847141792,5.703558818002542,6.529392183323703,8.44008104011106,5.948490291088819,5.809739501525958,6.408871702353159,7.135003436108435,6.478986278673015,7.193628148734576,11.14131031831106,2.2883703395724293,7.725228951250514,6.687472714051546,5.787141627073291,7.545684372757873,7.166599948207537,7.469506241877877,8.730387713946405,9.034285386403402,6.287573746343457,7.510856748496495,6.4009091630578085,5.9874218203127425,6.8738820229967414,4.728829300873135,6.369609995931388,5.4364467371099945,5.128564319511258,4.40114142547051,6.923612236231565,6.382898933688802,5.644667403648297,8.357366872827212,8.40213833451271,7.786483262541391,5.983904540538787,5.452858056376382,5.823633997390669,5.713276878992718,5.834602215886119,5.834111446763074,6.230085244417816,6.503563570727907,9.648430638511977,5.729894841462377,7.227718028053644,6.9299343312508395,6.037863814334075,5.929049799342952,10.804834059874215,4.963519324858985,5.694188317283986,7.878527661164603,5.682728186412715,5.750404949765652,5.687852283070486,5.977668733522295,8.418324520935617,6.771862059086561,7.558055253854639,6.225772278631729,9.083690759787954,6.236003904292982,8.861876450727388,7.0790442485362295,7.849406687170267,7.234068004290261,6.42052939583858,6.12983282798281,6.459402819474541,7.617648627360662,6.984960769194491,5.547742888145149,7.090261574462059,5.8462843825419775,5.725940887940427,6.509030196194849,5.501471790609258,8.3994950418671,4.514742673188448,4.191222915177547,9.933001687129341,7.694228844717144,6.475448296777901,9.145311303809288,7.126896188330529,5.965236040453118,7.18018429291745,7.399945556124055,6.320336380437949,5.419022027651471,7.329374024271962,6.566344215472539,6.291454208145539,6.18988878913224,6.68979856946195,7.797981029997275,7.581835532933476,5.251443506280582,6.2821840879507365,5.877349947641295,5.427732874328891,7.786526989346991,8.273721366034197,5.593265336503586,6.665020394084661,5.616621199995281,5.354479163512589,8.432873086445035,6.534647112339736,3.670730140898378,9.008148950027923,5.6713812274237485,8.789557999869185,4.7487993766864145,5.87705655544996,5.789237313717604,8.769984437028569,6.312283107141652,6.8128277321035675,6.67755471157531,5.991968200790384,7.074371436859172,5.767720734576387,8.524689661090578,8.154189598870778,7.3051205545663835,7.443443942566707,6.981939975668985,7.5108186562856085,5.1971296064555625,5.551648869489635
2057,5.640487757864696,5.855956711645784,8.14102012073172,10.24740112054258,7.905452867520262,8.408041249061453,7.171797977053916,5.588070075316678,5.725983880717177,6.24341920833906,3.735269794433282,6.467600818338065,7.763019288087201,6.028226208776746,7.5926914821411025,7.422940873380364,6.462685172157046,6.301871655573106,6.5795562837658235,4.484302643686532,6.190527735888187,5.782695862239802,8.283635646104814,7.884913167057176,8.922324207836185,9.799172030858177,3.9365999801405565,8.358628520677831,9.065387775414983,6.225381353741572,9.317789273529224,9.25618775779831,5.946235749067675,6.583283990709885,4.178261991076427,4.926639956133122,5.694286522937232,7.6589157842099675,6.147665904770636,6.50218022794559,6.773078245849449,6.423804878032411,7.267517132363443,6.19864901617683,12.273509177668341,1.029741386915075,8.779668137431146,7.3554340513615815,6.5266483693287345,5.816124504496308,6.522351356672828,5.691979656574025,7.9586749110242465,9.033148186217094,7.2053196944039435,6.247509776004428,7.35015011219115,4.016052140757953,8.038395863564302,3.674368238654627,6.399621661238626,4.444159883877327,4.941925562853955,3.6736131944083423,5.035079428880194,7.186176415147455,6.334001504527082,7.58307413422856,9.243523331551721,6.96312095263395,5.980937798989229,4.425219583357203,6.745325752501859,6.222321473832789,5.440915165019448,5.62449868537229,7.166184123220117,7.64767110964348,7.599119515254584,6.338064266176058,8.477373841507681,5.923553346688378,6.170442349839441,5.0062337566231365,11.898971183546655,5.612375357798463,6.441261130995276,6.794862072272553,6.473710714743057,6.3096566287608,6.182757229030389,6.957393593829255,7.697890453811353,7.696983237590254,6.844227992768947,5.313079915426932,8.365118536070504,5.24841433496953,8.059433154890254,8.23726159231416,8.939611545410651,6.441356164628062,5.432294482686398,6.386047808003843,5.691445234006847,6.847824009167484,5.237403500696708,6.367916131327891,6.101502547201148,4.7975423634052285,3.8176232917427004,7.507091051545641,5.3211037409973585,9.380268832219055,3.456417815180713,2.411589086569593,9.878345439146308,8.872670063941644,7.326736600106133,8.365321558868064,6.427931535346752,6.3234586047072865,8.03095432126831,5.781559844212287,7.304526990600701,6.0556165945941025,6.347170318508973,6.547812057466344,7.022212700597171,5.277137159594691,6.576626336651632,8.742780992697025,6.829583919767676,5.067456077077778,6.074121372838477,5.070069013227674,6.1442176427326896,8.931375721790666,9.269966017454864,6.169381793074565,7.631188338172851,6.38448275221062,6.096743827749947,7.731776486183039,6.291209145352754,2.42473275958689,8.181959231351987,5.464253413523068,8.134243935346609,4.562157471632137,4.2654473592752025,6.312412920183146,8.15873394649604,5.518942992042364,7.905189319610081,7.731552509912127,6.904379034864494,6.037751971647657,4.7747083152162615,7.784140528918338,7.652365987156995,6.639567909055745,6.740136350537172,8.056278105439821,8.769079738392913,4.23678581108307,5.372577871741919
2058,5.671044466567451,5.7328928226026985,6.59282692059361,9.17941739557889,7.172747514563902,6.186752936064172,6.2177105201729415,5.113396927200517,5.784264033820864,5.777977153401948,4.1696156628172965,5.887899821303012,6.2796126157045435,5.457304919202783,6.6150322428037445,6.431990654047189,5.8867330417550905,5.778381105383921,5.904316783465188,4.623755589641371,5.240367327013919,5.647135898984713,7.259300103218392,6.4895025346556645,7.232901803378405,9.159329915868822,3.4591673512076015,6.799441703177729,7.453842673225905,5.581761015386418,8.19272235883721,8.511122543750137,5.032972351230424,5.946560094325709,4.671981837985843,3.8809205568556155,5.255187049765011,6.793430318349395,5.891811249071156,5.894831384050436,5.373130419901733,5.519088329554631,6.532733324272879,5.766395538017669,10.4042173829572,0.45399929480306356,6.9199786304399895,6.617922727468199,5.876604432175899,6.091093546871482,5.512401852628279,6.041525983990266,7.126426786184313,7.5771203297993175,5.751168461875654,6.1550028818370475,5.884627911551243,4.485706260524179,6.119514296794761,3.180605278639442,5.155142932873348,3.8934790308362426,4.984574967931062,3.8333096609547206,5.512203870148493,6.508968839357645,5.691579236038801,6.770223654549697,7.609803083641774,6.217743445187809,5.437129427389852,3.966605931263547,5.7947791403737545,5.732394221527818,4.314080665209171,5.6632955199557165,6.002379410225769,5.805010920197803,7.232316082793065,5.788511591786838,6.3444223328782545,5.472033036166222,5.979174061068175,4.520489862060241,10.031254815644234,4.973771458170538,5.773822596360893,6.239755304401805,5.775264020366913,5.78572444103915,5.695782477742643,5.36132672289386,6.738591680656475,6.199422886916276,5.916215230486004,4.680344752967359,7.557728184451319,4.789844101359107,7.306235866299992,6.417544102617378,7.128518908766319,5.575631222527089,4.985060802307623,5.032912811071713,5.2239344472001354,5.934108167372905,5.532851222966768,5.643926135553373,5.658763190795636,4.380929795061716,4.2720436114047144,5.874447216247694,5.354206821527979,7.66230437724755,2.996361061352598,2.6171627923332426,8.72963358924307,6.926103611894214,5.962779846885403,7.617065873767794,5.396123436681032,5.697486134695595,6.346075137370622,6.043558583177369,5.692881202903287,4.550776245265172,5.868990440563907,6.455766286315585,6.383339023699281,5.2229028477750985,6.022536642961844,7.186979273783751,5.975849225860215,5.0877569035209484,6.124778115286908,4.117335149568731,5.493600954783374,7.052654575042684,7.689711965877432,5.633669120741302,6.0705586350683545,5.697442465815053,5.424403030296854,6.768829793765626,6.3669065062342,2.0765463817736203,7.433568062967271,5.517558953355484,7.16861595830013,4.599218131653194,4.405077704581721,5.814383458024981,7.290689085064268,4.558600518980932,6.179293530768363,6.081577410086478,6.132858706959361,5.617647532951727,4.294343796012736,6.9046162398660496,6.692828801685364,5.582998015243434,5.839323841806113,6.350364972291324,6.6480043807934015,3.680107982764984,5.379151522984793
2059,4.9409197977390775,5.000551885090257,7.284082772852536,10.264246258499295,7.992003925915426,7.839652715315077,7.277305478358578,5.6121003404901995,4.917216254333997,6.232435814522469,4.668772827223716,5.47210829698577,6.931579208065725,6.306562626220543,7.6598258407722275,7.4788716377676385,5.472601044409234,5.420975316187432,5.486932026671952,4.071213499739253,6.379975855864329,5.555183410516074,8.343350816132693,7.104559877694682,8.352993097541662,10.370236970227344,3.9853724906670625,7.525064649124596,8.59609412710214,5.204682874846561,9.337056511948846,9.390231063139849,6.124150980392414,5.520353469162666,5.07010736997271,5.119162127375603,5.601282944581632,8.0220890913544,5.394526616332988,5.490865564551846,6.237190152325764,6.512939601911812,6.21231109035554,6.227986169465146,10.99383499499025,1.0710955800424382,8.320163049060726,6.3899581113765995,5.446674041193105,6.571602782041858,6.590203371862404,6.519264748191525,8.0384123109538,8.9769080209321,6.411855448679677,6.617296623001838,6.410375318907454,4.918558165944858,7.282599055561529,3.674905264814352,6.085954546061315,4.384513152056727,4.114358159488647,3.281165294092277,5.878987305637064,6.072018873074959,5.3271943925526655,7.689532251450523,8.571217308784354,7.054448780571589,5.410896720043545,4.46910010124075,5.557165728560813,5.413646672563305,5.392011625499564,4.85507112022104,6.104504697024822,6.61975828230638,9.094134937072624,5.399226566327031,7.942265708898675,5.889619011303474,5.401805767339882,5.018722966257163,10.704937815152372,4.6349153914328305,5.365771565987757,6.988450178812294,5.340634441709722,5.435275879913364,5.386861309409141,6.046180694396119,7.944986321802796,6.874665069425928,6.9907504371528,5.260877108008699,8.490362984353101,5.271974486106175,8.143902498522191,7.21852574189161,8.267318261080776,6.608804112621423,5.428533225866229,5.937057266718356,5.581899354009535,6.911500590628591,6.045070720386915,5.221079338727327,6.109743568403968,4.838610133477325,4.600575596029906,6.616987103018271,4.491811746153335,8.897693602689383,3.512815234989955,3.079592644140641,9.888655534592166,8.343815288570681,6.58869908284396,8.488967550725768,6.48241421785848,5.483141004605673,7.469398392428613,6.498934479044943,6.417648711530812,5.379647816948846,6.36775318578143,5.74689135905998,5.967716253523171,5.289482198655606,6.050164887360457,7.876246729030695,6.960342326040928,4.257702436555047,5.3333687485147525,5.276308910600071,5.11501924847734,8.411010989855077,8.78895592946431,5.2931077732094405,6.759253043552927,5.31049555687812,5.0543384508326135,7.788144110991009,5.500126084569714,2.6107289395455666,8.271120746234631,4.647236377418299,8.21292740999368,3.711436877990593,4.8079855767046595,5.4799233000597045,8.249654574897788,5.723060383108154,6.943424633222409,6.826133762454166,5.688311051705788,6.041930327384643,4.786966293022551,7.888746918628697,7.756924753302129,6.657879279219901,6.8730348075643715,7.105397278892587,8.23091595221696,4.21772999136612,4.5580717936671995
2060,6.741480058431628,6.894299448033171,8.230884127318856,11.894007242129497,9.777577900389833,9.12664802869161,8.825857042769591,7.339463344216352,6.986525485416253,8.094668991367023,6.664565935234232,6.774248047048849,7.786831113696098,7.8714360071967056,9.347347125411035,9.112707585096361,6.795891038933768,6.602882305284343,6.846911313757302,6.112367409095166,7.846961926917234,6.3508695985035395,10.145997720956803,7.9217655448243,9.29912269627675,11.697404190897943,5.617495872080328,8.424538718909027,9.613490372647842,6.507212346295515,10.778751615683234,10.879627207666635,7.62256698012352,6.899376184741654,7.059497225781279,6.717307762801644,7.3289858743548395,9.481420834859213,6.810812110329669,6.808943349619704,7.4223569052914815,8.075907109181085,7.538616390029588,7.961147223847608,13.53886079788208,3.1019163399624334,9.352142458160715,7.698441680272422,6.815255890289941,8.522682789961499,8.182483594616258,8.474301469822723,9.803982537984849,10.893213401238127,7.226719592635829,8.314787401258947,7.417452136070156,6.898123137233784,8.38010245412588,5.472466994573671,7.397642449165386,6.219871226698159,6.162926189384113,5.375738081336024,7.778578340510525,7.478927599638701,6.643893224870168,9.408210257192453,9.631556368122498,8.712746019661429,6.848490916440884,6.1534525092535945,7.032839711879689,6.519216613968211,6.834142652122924,6.8569468837891066,7.3109868962317694,7.621667981271942,9.854789575934413,6.658193760613601,9.187376056611535,7.703168397645154,6.940837056686476,6.638456794992087,13.00314126610756,5.883786384761336,6.703376069199293,8.586314519743127,6.750080221681858,6.609828766932091,6.470755820597211,7.038778202235702,9.521222781141597,7.736776065081354,8.535310576607783,7.072515985618035,10.101837426424025,6.982509092489874,9.903392753501736,8.222945661842827,9.317043382674454,8.247052857279774,7.176188328862191,7.136290221102535,7.233040528496113,8.736265811324122,7.916921634227042,6.613376654684542,7.835882013787825,6.58717327465614,6.588268107672531,7.5523337498307255,6.542417872448762,10.026719834903876,5.181001714803278,5.0675203798959645,11.470820160706841,9.469181551535922,7.354059461131696,10.145862460136417,8.30302052274346,6.931170519068839,8.612759380290909,8.282257886727653,7.356888355093544,6.438271636702122,8.15402552795907,7.549394317468008,7.3051557758202135,7.030250056833026,7.557477052633962,8.7713021852076,8.61050094142556,6.279567485799394,7.24083443234364,6.87125405619542,6.400553473395606,9.53947200655627,9.744358501334988,6.495132611567775,7.672313178206486,6.61209387909621,6.324583835154772,9.488390927513434,7.628180072208244,4.412499334042272,10.096384283900266,6.716685260025164,9.775236180424693,5.780262456275523,6.687695544461407,6.641404633503411,9.921655681729312,7.299412578344344,7.899237962067125,7.7137468648453575,7.166160196065908,7.88015012939771,6.464973534892005,9.570043164491652,9.3629736798505,8.410853128569821,8.520301991701123,8.048529885460933,9.457157061994076,5.899997020171333,6.603729323142518
2061,6.856922821069521,7.333773517660023,9.641760313200987,12.255572436184725,9.93275218277142,10.138209305061348,9.252805704186702,7.625543757947963,7.188945804947413,8.412251816227519,6.5084790073592105,7.981692610354691,9.080250615189813,8.128349660060787,9.715345786097622,9.533994717330767,7.936008329021518,7.602971265028261,8.163439353478369,6.155278568380869,8.276805043991272,7.253954695730376,10.511793729431671,9.13671856621634,10.231767929319677,11.868359150557684,5.838971482011778,9.767150349192452,10.29177626761897,7.737403096310025,11.268665298819547,11.035283456588616,8.043271654076745,8.208381483267093,6.745425845143092,7.084423068525465,7.69300281590429,9.93101705456602,7.364880343995472,8.054546684669006,8.471170739367091,8.527360357215693,8.886828972412081,8.255874766101098,13.117492421947683,3.4851502997094217,10.177949359704712,8.937119110262598,8.056889963818005,8.324832381359467,8.649744278976117,8.261820355044874,10.024069973042813,11.564771473022372,8.47771711185061,8.382526270274457,8.844794108179112,6.651455021623911,9.67306625483365,5.771906071053499,8.221750808173216,6.677866809648173,6.359986419307773,5.37903650779004,7.475962443469923,8.849308236598455,7.741665648489166,9.623897166601541,10.380951289472907,9.071950448355798,7.603085935115817,6.345023237425706,8.487776741642376,7.397221914653119,7.4133665592506,7.059610396109777,8.732334507179672,9.250317479002062,9.72129281096417,7.800967010958446,10.144235662859067,8.0222290176256,7.452281902576315,6.906360499014881,12.746754097334788,6.961562883173079,7.991190654450447,9.002028753274475,8.09140265232016,7.610460028694624,7.294639859733912,8.482699811458586,9.935430303729811,9.043076593942681,8.939415608500617,7.574895067975439,10.317536081861832,7.2535013972685265,10.036659923093072,9.84347711606273,10.444324416847069,8.507531491718417,7.443987365169772,8.137784558894309,7.562618828796111,9.00898794804154,7.721996901621081,7.977122431428268,8.122051832490953,6.767058777398074,6.276055019091945,9.047062078683542,6.760155024938285,10.750451462536018,5.403818288143591,4.935039924714582,11.923707930692315,10.36200962857954,8.496984428886707,10.300241365001117,8.685550352622721,8.00007869727139,9.671627646890181,8.128322727721313,8.806885799714207,7.666189550325786,8.472899851485575,7.940862529236697,8.60180559651605,7.144573943882158,8.373196483172222,10.136773018487567,8.877875342451294,6.476374394420922,7.408439984866255,7.198308080434799,7.619604437515649,10.365981504578016,10.415002044932596,7.491261104571408,9.047425260960022,7.914573324137719,7.586639603342991,9.854108484140761,7.835369559711422,4.651808039927542,10.235183449140909,6.921115808445831,10.19262873355685,5.963852825606692,6.545695785818427,7.532183024903828,10.147573673519595,7.632055383304074,9.411538596810967,9.152667940176771,8.68828064383104,8.160532103787206,6.713660558236061,9.883558593947313,9.706867149163939,8.837013637968182,8.790991823734908,9.578304732667984,10.423446894446712,6.268035928493948,6.767054947799649
2062,4.369152436996326,4.35954100728549,6.166277130744583,8.527161357731655,6.234776167006327,6.032330855213368,5.394839032970625,3.8981141257902685,4.262013661450356,4.56373258859947,2.0062321230191116,4.871074589418954,5.897564127109946,4.290310678000013,5.792027952021052,5.594722314641393,4.914100187991204,4.875258259732146,4.8547042854901035,2.829422980033118,4.422250307068743,4.848852643036638,6.441162393267815,6.108413023938395,7.075737892545696,8.14973849559139,2.182530327218362,6.401016693498037,7.307263167639232,4.572963982306677,7.655706517012982,7.703754793852573,4.171448810604112,4.899875398339894,2.647532366986932,2.988944466771751,4.062890292755489,5.84091690696519,4.841707147962965,4.885577004402877,4.772635755739334,4.641026788005796,5.505508460104467,4.56902730657623,10.043066462566113,-1.1536217457293718,6.826478261885973,5.6411177885943475,4.832564764993331,4.207774915571871,4.700803407821161,4.175800427280624,6.251554228879254,6.999310651729849,5.393108661655851,4.660324796905804,5.360596752172069,2.39043017476797,5.824053492910904,1.82164776318803,4.465409296468416,2.5707690248201627,3.428417548344569,2.0123602144163226,3.565387929821839,5.418274217638476,4.7343772118158505,5.904507040720564,7.541928875549085,5.284611974104211,4.389636710286139,2.703233959859815,4.782422801543923,4.882351838566105,3.5260288874650874,4.223758828023386,5.220772686703457,5.35714869663633,6.322473965649465,4.8230278719345065,6.220934867601967,4.2446689138124745,4.827187746377852,3.3033063709735866,9.65976666582042,3.9616265189031075,4.729541660125916,5.049370548334613,4.697181629723514,4.873379600202216,4.876400275348586,4.880612678328083,5.836939762282217,5.825362682984821,5.075474987577262,3.486962386246381,6.745256207112605,3.559357615380452,6.43226038022288,5.969193785868841,6.875729684814295,4.719296985273731,3.745436663257664,4.429696094758549,4.063859483805196,5.024098969225227,3.661699600646211,4.557488645972878,4.468962927766398,3.0865393126833016,2.1853377813922945,5.427850882554875,3.8212944122737853,7.48858938623092,1.6569367891241757,0.716588397221322,8.10428155547586,6.785185307392786,5.64187515026023,6.768276346911642,4.514114396325474,4.627757725506576,6.005816793390391,4.237225533045571,5.258486327426186,4.0288003170541655,4.702018930159255,5.123272937433471,5.339692622884819,3.6989037566657728,4.905038144311004,6.773264082084445,5.104129521240446,3.579403055446416,4.711723223071674,3.204028549893147,4.478998444717507,6.887113243598363,7.6065301329925195,4.747173775661863,5.661631417685543,4.649351131813281,4.4157860926513015,5.9007774057059486,4.884273940633083,0.5470817289475749,6.519896093306357,3.976395359840884,6.348191271568172,2.9928147664357887,2.6743816300375527,4.9830404953581535,6.498762881447525,3.6836682681379624,5.780415833767118,5.7105314513218834,4.991408096305256,4.417550150433488,3.0552339523003025,6.05542481138275,5.936532487129341,4.705201407958723,5.002958992431903,5.914880868304396,6.49513661758653,2.3916371372239347,3.9791189198350074
2063,5.382258891722128,5.646244300850506,7.962989500924499,10.187728415789275,7.836127923994232,8.3735605247383,7.157552504333955,5.867003043150079,5.440370166353111,6.525127405878798,4.169750832053348,6.6025564367401195,7.5586311236537735,6.290308431304736,7.577008080154911,7.4061568654302885,6.589566933183835,6.418363428835214,6.700252508294989,4.316771674772788,6.190500091086941,6.058181687932591,8.247678765962867,7.704721292031226,8.852931340385613,9.72643680253933,4.145190527726866,8.188007723411609,8.979870229156626,6.352603662630611,9.312112997318142,9.178481142582566,5.984272741808973,6.730151389179561,4.560145285430139,4.884616889316457,5.95389007288834,7.683666236441716,6.101679152182851,6.6529845646743135,6.622479595243932,6.474555666590559,7.385722237028952,6.490157937823701,12.122175940151873,1.2964568261442513,8.749201658470877,7.446202591190049,6.6232479420201535,6.232820392168802,6.533025595648535,6.147468504206888,7.919084904201582,9.095856954311504,7.012290857346927,6.555427047327677,7.203137344841303,4.4024883570342235,7.921149640247743,3.9087494338123943,6.286480261847898,4.773911491389677,4.633093969318372,3.495427645999811,5.400224670253947,7.321141756814105,6.423044777122039,7.544097459007956,9.062093645334244,7.060492285880549,6.14803134123313,4.641618856068316,6.795852669354145,6.322027151183831,5.359311918246337,5.336807246352067,7.12194405547504,7.416826673622788,7.920540090264949,6.490898643845113,8.429903681422108,6.221121578380986,6.085645437754434,5.236675559575186,11.75198817535721,5.671421384117728,6.552272396868677,7.136036737211822,6.583779219409519,6.416309936293238,6.27162438637481,6.7343669122662995,7.6845635730644775,7.500936067695248,6.830870136104783,5.620206996284683,8.321539739596428,5.502040575804381,7.998793727365037,8.020258436942925,8.84531798008187,6.437947911948997,5.681606449700635,6.257700716113222,5.912357073405691,6.799107349991542,5.626344755163482,6.465158513008522,6.380523019566614,5.010570508909636,4.0728895926270035,7.3129192919566695,5.008973435338202,9.281407314641726,3.6511058984645466,2.765887116563732,9.865040792216515,8.827461282754772,7.136491770888198,8.314376434118586,6.417537952933848,6.470106507169791,7.920665216086243,6.139158554118258,7.1011451508464525,5.8686433711956285,6.6119474979310215,6.371868905322307,7.147067306370574,5.405498085607744,6.763403319079305,8.543185951894733,6.7932802849802485,4.754608351094972,5.801348887897771,5.04445463136352,6.2475762233651935,8.873475187040608,9.208794373890449,6.294312605859134,7.429116720269465,6.4861122575299515,6.208247595306102,7.707668691359716,6.025921262800697,2.690082581521107,8.124819953379964,5.1738440774638095,8.111819842894533,4.240670103065926,4.575285100345981,6.417941367093088,8.102402938337162,5.499514752420886,7.682589331063734,7.524877532288945,7.0403300960516155,6.320963595447871,5.005697099042353,7.770094863299666,7.628312702836661,6.6097264839657415,6.709689291258309,7.847997596551636,8.735828980289655,4.459602306243675,5.060975769984312
2064,4.575472403566048,4.440770625850806,6.175310471529758,8.658833862685912,6.182292696585258,6.14661309073369,5.409467881421248,3.7263576289095606,4.480058588584266,4.379221300097805,1.9380647550026575,4.574558660387993,5.93960051313043,4.468722251616422,5.810406515498957,5.6153797835111625,4.669219321012499,4.591177542880178,4.5900508103271305,3.038223587969938,4.389780326125521,4.619781795516611,6.500058793524903,6.134261556466421,7.1733256567890455,8.487423353145521,2.1323550581932085,6.4253555343175925,7.332698708338041,4.291207347686092,7.793557561933997,7.689750212058425,4.120625983892633,4.611754274492464,2.4958246207485573,2.9840570370356234,3.910489663978417,6.139200907448926,4.7685660302639015,4.58007036993901,4.743766200542452,4.625023352106414,5.229256805405021,4.3723605182021865,10.309693453709281,-1.166526163866121,6.829221266011397,5.391505719721317,4.5578414133439455,4.063197353978953,4.7017405204474905,3.9680460621913256,6.198349100848034,7.332261154552302,5.447616331768223,4.569908969600998,5.348814456661543,2.327246732264759,5.887835494211564,1.7500877959032866,4.449894396215674,2.486912077168623,3.6685649315516153,2.2382632461686947,3.4408045252164214,5.143308204427983,4.4904856771230675,5.830703011900187,7.60377586182828,5.192116002614301,4.151389202723899,2.611581496894362,4.639222615957262,4.628896737967929,3.492720353603361,4.430840656658012,5.123114936798809,5.402486537769436,6.874836882948876,4.494676748414835,6.272943165836237,4.0769970388462164,4.801370944579441,3.2142898510675844,9.916550147036707,3.724909037848316,4.429801289985581,5.18028980915745,4.408934774870674,4.590136595287674,4.630485079685848,4.848248259226481,6.0238516559669115,5.854477558168586,5.045453665653866,3.392774506409964,6.722435339043537,3.442340332269669,6.346776337549088,6.032531553506848,6.913609206086648,4.660993876618644,3.6350086669127157,4.3770273180057595,3.919655633593599,5.0192462084194025,3.519242035100858,4.2806966731945675,4.303157960313062,2.9785230642805525,2.163497209673127,5.4192803536852185,4.043030118197203,7.509174590309458,1.613067411018228,0.6160771871606511,8.256187973916534,6.862887703875705,5.673434764146805,6.717616575211283,4.545847964286804,4.396386932209137,6.015195517490312,4.141209523379804,5.261544361648462,3.9826411758859965,4.509643263633675,5.186886178702115,5.0685194246470955,3.651469831665357,4.693793069322905,6.811543866246934,5.053659285108247,3.813935581222179,4.903196967548378,3.1778226474920945,4.196135452762246,6.947006331632537,7.737670457114776,4.468575526401401,5.709950081321105,4.353622743114828,4.138014632960163,5.922366277128458,5.067267861465615,0.5061167260011031,6.434887040158115,4.203235836947957,6.383146765300384,3.265822962919869,2.5518580183386845,4.752053369084995,6.491214472303784,3.6429544081290572,5.840848557325079,5.77672617645003,4.720616866151493,4.243870854129393,2.9476685235897695,5.99548463386794,5.97367291784224,4.7510891437530525,4.989152655502161,5.968617628018064,6.547255356858174,2.358333622664213,4.200456551214062
2065,3.0529293012002414,2.696688999646695,4.155651773775703,6.29923553169095,4.4577120316439665,3.612604176176008,3.7666102909836248,2.4859853848265003,2.7207327121547573,3.0760309459834287,-0.07687240376554877,2.960193416167952,4.147554137069602,2.679198766833751,4.077161241579673,3.8880546763539314,3.058749450434894,3.1655637247744823,2.880217978666568,1.2116633674194086,2.7959532026073037,3.2072574274036385,4.274546429514885,4.421823050377187,5.306867370446183,6.284374130889772,0.8270867724485443,4.5180176144530035,5.587464448193026,2.6517947922492864,5.424344473871692,6.161561703622537,2.551568048267526,2.8760345146573854,0.6962919577570807,1.2474053687062747,2.596834841987179,3.99793879546482,3.3345647147005613,2.946626344631458,2.7754228073975176,3.0272362540508144,3.4949723618618864,3.178189032550512,7.5070501833126455,-2.8321097759080343,4.841584485409589,3.7122780490538188,2.8652306712906976,2.140135829304827,2.980900267588683,2.101583314609939,4.480762599485702,4.246348345587993,3.6412523063260984,3.060965869704199,3.3625061152310227,0.44198077454649365,3.6076610486569076,0.39911690550246215,2.543531097568058,1.1764517467597444,1.9170032410786044,0.39406446996947886,1.732402121198587,3.360616257478453,2.8557607582930875,4.1564259593342925,5.704956032143072,3.736005380139526,2.6968826343273284,1.2961108946594704,2.604679951380042,3.2915108116536316,1.6945193055374868,2.7287667369277324,3.1362045612828493,3.1408824735674368,4.086656370039644,2.970993938502569,3.91802956567523,2.8232173735982387,3.292678632099054,1.9798620647012173,7.092348267585198,2.078075495259516,2.7273334562778504,3.516100308247681,2.639258168380834,3.1430028067773255,3.333524301648141,2.734464441907819,3.98896545374461,4.002267669500977,3.4169535914371725,2.004587345082183,5.125176753206506,2.181226986620961,4.689267036729849,3.813395082950591,4.834460882132811,2.99622734713143,2.351197665653611,2.516092721758218,2.6049828632124545,3.244453678357188,1.6430505781338143,2.4876627103457687,3.0796094351801373,1.6726836116085306,0.3275000771571839,3.3136910580355554,2.273432333118701,5.530408091778902,0.26158883551071654,-1.1404240683748808,5.785678571668162,4.738012336965268,4.014765117702814,5.107597781409474,2.696879900734999,2.7795221014269478,3.873430588122071,2.3463362860252497,3.2082952754250913,1.976532895760286,3.217584865874259,3.536810071946218,3.394712077903338,2.0773542053226786,3.2264269425951215,4.826369883813732,3.4192439040233356,2.0867719020822957,3.262287346453504,1.4632115826524517,2.545173181028198,4.884869720401436,6.0119098377381945,3.0246427146525217,3.7290523487689176,2.643130782863188,2.4741144894525915,4.15037550623047,3.313381619622995,-1.0225781967927687,4.711211970573741,2.4368547989890477,4.696753384866593,1.4797689552451005,0.9898577250283365,3.386308626183469,4.622692019774996,1.9419665079692294,3.7789495124899135,3.842417980576383,2.7678213353381205,2.9574451066296668,1.6651683424053545,4.312762902599984,3.981850273136433,2.908330706494125,3.2155752860266578,3.838507556709751,4.198113252376687,1.0083762470889726,2.503326006233693
2066,6.057173435287229,6.20682857005761,7.777843618123182,10.784428086774106,8.09697830131085,8.48509793343215,7.31281240978118,5.773637464334229,6.199440805048779,6.459243456351347,4.81028889132471,6.428859676073854,7.3619794390357,6.374512707364968,7.705175564014192,7.5578492340342756,6.470160478147969,6.2465121427807855,6.506048118374472,5.0533153961958615,6.338314750071228,5.790924415827314,8.663712440893567,7.522967462652714,8.825323386182045,10.202103020045262,4.0938126865035755,7.996055180977648,9.037636804169622,6.178993997517327,9.850663293538425,9.372403460843813,6.0869847125020495,6.584124830390876,5.193445693123445,5.028244007764193,5.8858268150481665,8.012905364085373,6.298389517027759,6.4716772320198555,6.548861953847365,6.588598605887643,7.193360622137268,6.381257948176614,12.057262292709844,1.2641132594696378,8.792292109614337,7.289606322566498,6.460168722888521,6.794227907369875,6.67777233288206,6.660563165900012,8.117639071211732,9.802670819235257,6.826361210567171,6.775506617758292,7.039386191244786,5.050056483211192,7.857640393335244,3.8500369047296505,6.2851265622624055,4.62381016797033,5.384119059505133,4.256086002521472,6.00614711128432,7.170275460543301,6.307058538599261,7.732659033146399,9.079393152597136,7.139431146712142,6.046099552820472,4.610969878476241,6.672103237489172,6.158957188499385,5.424133784812074,6.094310116665118,6.979802474379546,7.179992807322542,8.485606443779218,6.305349414461644,8.533221749396159,6.13033329926688,6.386517856141615,5.139852434717889,11.711015663270292,5.576290438272833,6.376948135166335,7.140743954428314,6.411878007753142,6.264864091151235,6.110585419782279,6.5314310805807825,7.942424091028757,7.306083452984179,6.996207950444057,5.5243709989149,8.481968982819598,5.436019703488922,8.231910884251882,7.781047827210924,8.809245890327569,6.586074592224482,5.6391115869427555,6.2168222206548345,5.8645128304588425,6.988587220681126,6.190968394664856,6.288491875703991,6.282057361356145,5.0079649634145476,4.799540603469156,7.121174353592358,5.770193603403606,9.408852000495997,3.628509988044867,3.2024064788530624,10.425816701660898,8.899904394458087,6.952878122410642,8.51907213469004,6.553446993231775,6.318268792382604,7.960296611333714,6.67514869673499,6.905079951060229,5.724102961605995,6.5412732979346995,6.878139940186822,6.985591410049077,5.773511198317181,6.633955146475084,8.346051392498715,6.960386477667712,5.507418553377018,6.508018500846007,5.213373422622681,6.080696919625865,8.930802163122031,9.220939421383983,6.1388464215500615,7.252910892768153,6.303313290636091,6.03897395318952,7.872666395558365,6.792848504308998,2.7423889225926894,8.380207896746438,5.929804125222665,8.262671382262788,4.9966292559843675,4.945028021931648,6.294548562374609,8.425410534801152,5.648308906061893,7.451764197827413,7.292211752770275,6.888637816083845,6.24817622016216,4.935557311834311,7.941923345985088,7.967681178501975,6.748114995208796,6.923269818569051,7.626103164820836,8.822270438010836,4.360838252537211,5.821255612476118
2067,6.947717043603287,7.178664798623533,8.431654401637362,12.237883018008594,9.872536542086765,8.784849365209713,8.914844639856241,7.298390286492889,7.253026262182614,8.076898406291836,6.921102073878561,7.133068873065297,7.953745285884064,8.042069004334767,9.38786328686722,9.193393720121222,7.135803348802285,6.8680747192481455,7.198742852193014,6.337044981211942,7.953136168934148,6.716158190164071,10.362987115979195,8.081024843043293,9.142781946808102,12.151211551037326,5.647315889596938,8.618645042807248,9.377749647816705,6.839281829266717,11.12495592544819,10.953840752613951,7.733920502765425,7.284425122807894,7.278271172966421,6.850053430117411,7.366748661445127,9.792813591402155,7.013965152589412,7.166171521398012,7.623251658061457,8.164805838003243,7.85477856418182,7.908447252779172,13.221045868150123,3.1161596671645992,9.100630944273602,7.9917212484468685,7.172781344695852,8.724387125722291,8.295593862132776,8.68452780719461,9.876848942246934,11.259230385566578,7.3345885053277025,8.385205263721533,7.637771646010466,7.1478869236748785,8.360347904008009,5.460650557587889,7.5853774028605425,6.147817275647461,6.396510982179439,5.595709698981257,7.9943747354414425,7.833796389657878,6.927121241994458,9.484138629431355,9.477488021398413,8.735976680406731,7.012510776519774,6.16850144145127,7.3742777083454465,6.736539138288335,6.986750159798,7.108172291825559,7.606240653890539,7.883559145290279,10.576354056596752,6.985336912217843,8.854600867834582,7.664606388786745,7.168616994316206,6.636734873827161,12.738751153493748,6.167198484763505,7.074855403139674,8.705311301710276,7.1383100389021195,6.886651759517606,6.666104617303818,7.298051895766426,9.72954544168094,7.897303143130811,8.635797236628575,7.043369208045048,10.151921512237907,6.9797264051019985,9.991917022343335,8.479123952573744,9.270560261504405,8.36222128004863,7.187454739585516,7.300075726519374,7.277940211753387,8.790906032611584,8.110113482023113,7.007175877626091,7.810451754722101,6.606906457322429,6.8153767066140665,7.814048388908652,6.796284950498875,9.766063675541304,5.212741036867275,5.222603083299145,11.840003178037446,9.19963103327258,7.423989453706248,10.221482630947538,8.33168585136019,7.176505718765589,8.625370726760092,8.459980628099935,7.558707586650193,6.630392625414093,8.14775694958095,7.813462229638263,7.645867937597737,7.20214555643756,7.7364018549179185,8.999218434095386,8.681425522691736,6.515312649887701,7.482034044404488,7.000839796045736,6.741617848647053,9.270534552633766,9.457009175728109,6.748979587107894,7.845936819911006,6.989305271156907,6.6669724368458185,9.577137043763852,7.911614448859776,4.469206725728925,10.184045943720589,6.971987177457273,9.863714048060881,6.008381941259421,6.831209502600389,6.871715862946263,10.088363502865082,7.438979081552608,8.112088290653348,7.869707877265996,7.580992124203981,7.869396368079767,6.460327548713524,9.645031957276933,9.58662673175849,8.48064342121883,8.661508005754696,8.302514353534209,9.15701767468247,5.878958447097704,6.824737809341532
2068,5.277235753337548,5.323125006134313,7.069812979424994,9.474452580635743,7.573153600593406,7.349457657337188,6.81043714173138,5.376463824510577,5.299980846544106,6.033705277244248,3.9084362881879033,5.63693700954318,6.71694449732701,5.867318309098488,7.186949859683714,7.0278748260811,5.626328211215638,5.585267675419647,5.6695742626984895,4.2177284985780705,5.849796618024511,5.365860177514455,7.721893203382691,6.911420626162242,7.979133848364772,9.500460814436277,3.7342610497648523,7.278637900948528,8.181564762590765,5.380917407696449,8.580669602006678,8.940732492661734,5.611486886938414,5.6778892855431575,4.407909806941943,4.541784493625163,5.420462921758494,7.328210282325746,5.635477932045858,5.657853560149669,5.902633599440258,6.088886321398117,6.3401824613412225,5.998924471624198,10.546445159117383,0.7748926629001895,7.862605902552602,6.489240726890662,5.619559051096441,5.946903772900503,6.141590857009096,5.839855136225622,7.604541798929373,8.149611866474148,6.207651003201805,6.185781263435881,6.2769132365783085,4.19714609083409,6.91671982506911,3.431230457623801,5.702237671116984,4.167731351157032,4.5189630503455795,3.405275118723515,5.258202374974886,6.239157576113941,5.491470057882057,7.242156528929867,8.275665777444372,6.668613263902566,5.421232908591628,4.239579981317123,5.6761425254245585,5.563178845867514,4.90649620766441,5.208279753973088,6.097078708807627,6.359500871102014,8.028653828134214,5.576201420774064,7.459231840570766,5.718282983700437,5.660074155032634,4.782245375712711,10.224917513132095,4.827006371070945,5.539178665106495,6.591643666227664,5.524574166412155,5.586271364490194,5.541925146058202,5.808367674549425,7.309285692249739,6.65863909820716,6.494397329290709,5.027221924066543,8.015862330049275,5.027190255125366,7.730541576693456,6.955418549478056,7.884864209545778,6.116546307892228,5.212642099956672,5.596577065686383,5.420490542923414,6.45145957271258,5.366157107551893,5.402952304544548,5.906317378891012,4.605750595529878,3.980500775327287,6.35582816104094,4.893340317159887,8.48975037584702,3.258957178145648,2.485994292547309,9.082630303129552,7.8630760520696645,6.394615266875679,8.043602875868476,5.996654712657131,5.580820539096992,7.056704577306908,5.888458511605859,6.198309245643516,5.100751732538143,6.117373754580815,6.055857462187609,6.134853974233071,5.112669280543922,6.011655596519512,7.645852988213302,6.480554304520289,4.621429122115172,5.687258484462896,4.725366435199978,5.282961459271612,7.9346689846677085,8.411173335835336,5.450970977544784,6.550641129165886,5.47879675713678,5.2346549941226845,7.343333343168104,5.850601066897316,2.265182656856875,7.852375468860072,5.045468298469983,7.755548366904263,4.129936938236159,4.3423823624073234,5.6292531415820095,7.720297521352768,5.1727839227765795,6.696514102816588,6.591148222982887,5.855603054165842,5.817125667259099,4.570680471758049,7.429934672142068,7.14428395231565,6.194011765718463,6.353055710966388,6.849218840524554,7.726118463200208,3.966482016568384,4.927686222891013
2069,6.278611484786558,6.49780603909287,8.055630899837306,10.469120054409423,8.63445440699057,8.252417209847222,7.842422338395284,6.43005165688951,6.522627497541493,7.150194150106664,5.445013327845212,6.607105556040495,7.595871451856759,6.982604086142162,8.321540603574748,8.079691111142266,6.5675266603457505,6.427762480902261,6.650671259082601,5.484487159370349,6.908938908371432,6.180173924257016,8.846399090188589,7.725579425178728,8.773137985038218,10.793963088043808,4.799608807625443,8.181665010750292,8.942763672820448,6.326438675152849,9.562534443263353,9.894273616618415,6.67554450304858,6.694758403917839,5.923840810512678,5.676488582301755,6.475496491995353,8.565721241050754,6.485793726454521,6.625918226380802,6.935964324222559,7.126023331143218,7.363628954722966,7.093824445430578,11.150427958060957,2.1879476226609333,8.639989679229673,7.47950570670695,6.648159470344923,7.293800144552675,7.166177312875621,7.272089201507383,8.710153679010173,9.297434722083414,7.058006150583774,7.363206831545664,7.210142733143834,5.734756050053341,7.887821779554265,4.631441554632679,6.754742987197022,5.357634884530105,5.702439952898642,4.742581025408262,6.70105952130438,7.269632128035204,6.414203116477563,8.342729953984763,9.079612745421715,7.758645964384977,6.37064195527085,5.290278913902822,6.746564790092665,6.323183096174535,6.005648829042908,6.385900641823636,7.09318407085435,7.417418123833064,8.851133152842516,6.492764318393997,8.357737219539185,6.823851387562425,6.599742235166245,5.8225049011666234,10.711769022818274,5.707372020159304,6.556376533775493,7.763569604316409,6.589598893605434,6.4320784593643285,6.273094994112333,6.837791547179221,8.528272179983038,7.562461280504821,7.5516459805698215,6.187753035847485,9.09142455253108,6.101331964135169,8.780906190132276,8.006426237523558,8.778662488121414,7.222775722677214,6.274933506702558,6.588911869402591,6.402869368550083,7.609063231225674,6.749192332993423,6.474939282341253,6.990491809227088,5.716127984482667,5.532766676411546,7.36500278423573,6.079886924346973,9.28487224208898,4.3819456403625425,3.978427979774007,10.083742254766923,8.710164495069407,7.194915672571502,9.104682696148242,7.1945399254046665,6.574961844895936,8.022927951709974,7.154228397227568,7.177333064634225,6.088450696704715,7.209890730486352,7.1532169631842955,7.116439967914001,6.254942028012511,7.046200969352807,8.587409741566354,7.580754116434476,5.81559509289419,6.785194416626776,5.850963782326414,6.246708730685298,8.799014854277003,9.14136205921913,6.304126368835569,7.4726853114713405,6.489956107119034,6.180922673180189,8.412387235925108,7.146620691978726,3.538298307307835,8.937840574260417,6.247956452955458,8.78106815188096,5.326695709778319,5.689254526177355,6.428249553616703,8.767897239918335,6.303812428409683,7.710274165046627,7.516125665463769,6.958688048710085,6.929907570882092,5.643490322704971,8.518289562651951,8.219671231148576,7.321259804840749,7.4442374369707585,7.865228193683614,8.621661782778542,5.078076628775432,6.072790558995869
2070,5.531044726420577,5.648652167493028,7.807756975806993,10.45189628082103,8.106161214636064,8.498806181652796,7.274188081509082,5.731154034877641,5.582340091723819,6.405347583622769,4.179920159537216,6.108839954410136,7.390566360333869,6.259720630847429,7.68340303684617,7.488943337238039,6.145399185796747,5.9964377117054255,6.147498891142939,4.454443589511231,6.32922940065378,5.745295805278526,8.476520753883083,7.545113301996522,8.849210935933836,10.173414795820053,4.10839061027971,8.019249614970441,9.134623809364333,5.824339318134348,9.513645777414585,9.432380527001003,6.088951048794492,6.204220188765563,4.645833372427471,5.108471927971673,5.804170198449543,7.89707206986074,5.964472829524815,6.1373427440251795,6.613549798727037,6.52046471949795,6.875148688860495,6.334507333821262,12.080112364785425,1.2578106961887443,8.830376357835686,7.020780807746383,6.107394671131825,6.067103051163001,6.587328352162552,6.008464796275924,8.13339319311339,9.229332307289393,6.834618274668422,6.421080971072457,6.9636545182237874,4.486731766626755,7.883843122114396,3.839125456994978,6.347820155836388,4.535578350568644,4.78555264452408,3.6889911278568457,5.4773958064615735,6.764070847681885,5.970230460680766,7.767381266016383,9.30666837944039,7.0951170566138515,5.826033388489283,4.607804565786804,6.305417629408427,5.9673547169257875,5.518155437091302,5.4883827875400435,6.721393832423052,7.210820251497729,8.325518274487086,6.019789690986793,8.576524372373166,6.045109359354799,5.997556177176666,5.1257978272463784,11.640396846779462,5.2155163011609975,6.025691139286962,6.963655001130601,6.023272567075388,6.027448470736376,5.921583715826273,6.669757187366483,7.860896603557567,7.329720036993766,6.979761036305591,5.366992566477638,8.531091160863513,5.398875499850717,8.26293494134885,7.793360829353335,8.831152810008621,6.636274112709635,5.581004819222569,6.234853007670105,5.7652193870523885,6.984865679309286,5.541603888288656,5.894049889054791,6.225622013468171,4.99256658862377,4.287707411973123,7.164560514277425,5.156022898531679,9.497974607965041,3.6580611232925073,2.8513067164297796,10.06809279939224,8.93385385869649,6.973082822330041,8.57203213112622,6.51078096340443,6.017980561559569,7.964427590370184,6.033718607292094,6.957797354408378,5.828402494562083,6.512203979594956,6.370121432789447,6.628516253726239,5.371652896548138,6.442683632196538,8.39680269797301,7.0055269069070425,4.898787743106871,5.941715262059504,5.272158893017934,5.742505151409147,9.000925587682888,9.331962765290825,5.870180635359781,7.271509101678582,5.948200357242904,5.66643937767066,7.8363523566212265,6.177198897083776,2.6696766796040112,8.392470548812561,5.310722497966266,8.212022577380312,4.397280643212383,4.643996927758743,6.055726771853089,8.361811853881028,5.705181071727441,7.463475938019308,7.281825451886858,6.405147041868548,6.204754727539324,4.902318532867675,7.937046366583171,7.842619641844572,6.6938973714051615,6.923599001469795,7.654373372680157,8.856744816077164,4.344850237898788,5.2380844470242
2071,6.908570623153757,7.243027013180585,9.635958091966033,12.827208192184058,10.012697667397301,10.89083941332225,9.279869027178867,7.397939161493861,7.2099738686249175,8.166639386579908,6.5537443374331765,7.559849864835372,9.105100356170846,8.126689434051517,9.730277087667895,9.555299849859598,7.518344475630799,7.283982952093257,7.683373133170198,6.247194180714674,8.2937273317948,7.078367457307616,10.79486148110752,9.153879361130812,10.682503296961558,12.264059113563391,5.698080466482145,9.74750922979979,10.911030596700208,7.296616086672095,11.826067402621668,11.131744916454469,8.028910231744423,7.717397582942042,6.854916400822074,7.181233552509346,7.4115245763597795,10.16734380146553,7.24021778050168,7.608372565487333,8.427429962774807,8.50277425014767,8.414616881516473,7.985269110585601,14.306431675779404,3.2522957335258367,10.79579782254737,8.520284648872268,7.628836794146173,8.469095856914745,8.654414727256215,8.371882964889037,10.0868232519976,12.132070095374667,8.566217958027945,8.358150146130857,8.745998659524428,6.724197099434919,9.94773717995348,5.5371542570406005,8.221823368735357,6.298939322667385,6.406358347049559,5.484603429662773,7.561552543321556,8.321233083975724,7.374798049700671,9.684500632101095,10.989811495460312,8.974095005927413,7.268650780977875,6.202448237045057,8.063137923849045,7.127145517874384,7.462798284045586,7.065419292912403,8.469714961175258,9.138858564711851,10.092061676855748,7.414315752941991,10.852967584955277,7.742272613891241,7.338790687764516,6.7255831448168575,13.86005258971247,6.631163910545151,7.546013720076661,8.901518374553014,7.618145809091367,7.290453418832404,7.057054007490134,8.410518983314779,10.101345608203575,9.083543456962396,8.970379322510338,7.217208889794759,10.36094442369609,7.032860578134142,10.13030252528602,9.75975846319363,10.77836573226699,8.54551215341379,7.2119585923079805,8.13685181769061,7.3252594029081255,9.05048690312381,7.865938824055527,7.501499795708164,7.88139287973272,6.5983057037509685,6.4103283052300615,8.923036339981806,6.781647537288993,11.393672929755573,5.268002453292234,4.970864953408981,12.523718888132738,11.008794555633237,8.613557011916718,10.372615224842367,8.70133564338602,7.561643251057327,9.964521449958454,8.252805136657994,8.791638818922744,7.670414317110233,8.216675546662563,7.877335076445133,8.110548597214551,7.122363416542268,7.992953025318425,10.117318434961916,8.939519086788438,6.5096936321592525,7.444756957220625,7.270891853447618,7.210471914759999,11.000342846944417,11.038617520496768,7.177609776114596,9.07076903631718,7.4785999922916835,7.141904712750997,9.902466058217248,7.820599876087285,4.513555844153821,10.309866220529742,6.954031670642699,10.210624382542125,6.025736705303705,6.5708924357233345,7.249600752160471,10.359158885890041,7.688410888458124,9.392426704666736,9.183718106613075,8.104507553680195,7.868822707184434,6.542388894691552,9.929443688485128,9.964652195059024,8.869714336277088,8.90539664184225,9.505748671190497,11.108027300893747,6.038390626424346,6.802046394553677
2072,2.165645428871115,1.6634079142861713,3.632598155053956,6.0817897542069375,3.8516534864902505,3.105940474073091,3.07735489209493,1.3983737056454026,1.63921270146966,2.0567957773804664,-1.1798795936008306,2.1435328473647446,3.636660767843327,2.0953744674722357,3.4155682885126812,3.211292608578999,2.271478519774974,2.4622195333242423,2.036541175345578,0.13412659863630752,2.0762812346220008,2.6421547635147964,3.7649808349708773,3.9328884394218537,4.869424222037197,6.2849918525665975,-0.2594041948517161,3.9756310377269988,5.2087478742003475,1.8247619065145695,5.1904027561346675,5.589889875465695,1.7871103659272203,2.0090576743707085,-0.2891256421804436,0.47245482032498015,1.5657123352090523,3.6956094442245844,2.559575414533417,2.117860687896611,2.1643420907358344,2.276318070292473,2.652974480025782,2.117629660169284,7.352039032181106,-4.1030081550280295,4.417099667092163,2.916235775748888,2.0277961353460943,1.1785240362553542,2.2987683027982686,1.1351534500718112,3.8403928861021988,3.936296214411654,3.1690626873945194,2.101531396806244,2.7628256163249416,-0.6163953254620244,3.0568378809839487,-0.7238961497942624,1.903173668682575,0.002186078702411809,0.8018286856512229,-0.6842538475990304,0.7761074227591365,2.478379165629546,2.0924162158432114,3.5050478947659354,5.337391510109103,2.908908029397328,1.8144736345857377,0.23456311523914272,1.7986967672904355,2.6534847693517802,0.9958398900926091,1.6986146415273347,2.4116098523139935,2.5257067024707784,4.9378602576131625,2.1877844621737794,3.407164987921712,1.7790616303682332,2.458260138457019,0.913468584418297,6.939105093975868,1.2789610102151825,1.8657207936048497,2.831791931266588,1.7433052712430557,2.4309802163392313,2.730795052709678,2.189541418353717,3.5522023677825927,3.503610535152254,2.7160980006058986,0.9338247309128422,4.521750679088295,1.1028410077095014,4.061526590585712,3.1936403371393696,4.330889670302471,2.3023260563612027,1.289568843444189,1.911959850043059,1.6109371205791836,2.57123404343923,0.6700615738828974,1.5905439955492828,2.052433761954309,0.6060634871323908,-0.7154557120054963,2.745623851815861,1.1675639097889277,5.141562288254501,-0.8284705251455313,-2.216627832750481,5.562340117742616,4.281520562370618,3.5799242778370783,4.522268178593371,1.9891709799567858,1.9000840626657018,3.363976474106314,1.4149942770600303,2.6763656117642918,1.4056065956751496,2.1835600544388094,2.5693093929750224,2.550899937997262,1.080671707727015,2.2780776237448066,4.311857084029663,2.7329619695742924,0.9908783911727365,2.2731413139030336,0.7316325294474766,1.7135051732261957,4.445838406526792,5.645550037547951,2.3128205819676313,3.213461222251259,1.7738537463049115,1.6405754555016727,3.482573217650257,2.2232669259111075,-2.1529000774025913,4.09818314835429,1.3354792317065076,4.038941233915588,0.3689012895027781,-0.030451881885529306,2.72788759159545,4.084213993698357,1.2123627309997858,3.201697473724683,3.291499422987301,1.8102581838766734,1.8920091656347113,0.6278279751539241,3.647260354428242,3.480551988010601,2.207885803778967,2.575964079797267,3.2546263544509775,3.705247645452619,-0.0619570533434555,1.5261600762605665
2073,6.329600289463999,6.641409508370123,9.429634787913027,11.625278870735707,8.963932315851078,10.306729350624419,8.276539320575777,6.372649993362095,6.508486357228507,7.0829725748506105,4.848049494726906,7.281468040759451,8.850146354272443,7.024154765852566,8.687581956386568,8.520695705416388,7.274138403735286,7.023637872317746,7.3862370753596585,5.298427637281089,7.315844737764066,6.8016673732420525,9.637900978840635,8.931651290441897,10.239144605038497,11.072154544968283,4.671931010831529,9.52177826289473,10.368238349926882,7.007266058297506,10.75797826565545,10.186440141807346,7.047761524545733,7.458957677428082,5.1936521191021505,6.093201985133104,6.505595794011803,8.973401147229918,6.837276181270337,7.332578263406097,7.967007666826247,7.494209361487422,8.152194274396734,6.988083041176718,13.684177624768218,1.9622223670112702,10.291167137951689,8.23117164188418,7.318504013763424,6.8584682920883475,7.66578706276828,6.770787216466046,9.025695586512832,10.943436579393419,8.285036268933062,7.091923526134982,8.509564255332126,5.067183154410335,9.588651487025725,4.459300466652575,7.604025085424564,5.260982642913687,5.705069845863458,4.493062316568503,5.999962427235883,8.060545656508928,7.098798334598543,8.638096470128875,10.611389703277881,7.980345732050727,6.744600069420091,5.174912803774252,7.7786427073638285,6.890727212716797,6.6085573095699806,6.397638762112837,8.19646570240629,8.924526120439687,9.281503086973883,7.1366301597706245,10.322242447014515,6.712509729738896,6.899809188883882,5.744690238401809,13.233125343404959,6.34905256266738,7.252227795535123,7.8167499344924405,7.303893081586932,7.037461095842824,6.820404081509027,8.233243257321163,8.945181372864493,8.82604264493646,7.951469516445854,6.222479059007661,9.370361628813736,6.032520005415227,9.085223335644294,9.526549589531179,10.380307152353486,7.551316998128235,6.224634380689984,7.5789374750236,6.453659340225415,7.948233128621661,6.253802211397199,7.187459851775703,6.8725613496298426,5.585498893055425,4.781698697214496,8.787605126356256,6.090808087895658,10.845920061885284,4.202159852817141,3.4254414123194006,11.291928880687419,10.461896687746048,8.316200397908686,9.35332422690659,7.580431596986174,7.11202321201563,9.52858070695195,6.730691135957326,8.562858011316639,7.284436285495759,7.198770293901703,7.31202496639613,7.841945218628853,6.087691998944204,7.36537752017893,9.856905041583659,7.894140133569983,5.820721904586613,6.808142424914343,6.2110304626925235,6.927783559911468,10.459890446786225,10.50355911730178,6.909132793031892,8.824948886859007,7.182961616536667,6.877324929589343,8.833589141738825,7.10938718709452,3.2691236200003804,9.247555425968667,6.246593930212587,9.204797455205998,5.32770545742121,5.188768344706501,7.006712155095469,9.292199714430446,6.657229861373017,9.111410340679614,8.893203501043647,7.8317615273569166,6.87326556232212,5.50941304656966,8.861107999137767,8.895652260245946,7.761972799897199,7.871959882563561,9.284916549921034,10.57151643572183,4.969998628157996,6.126154343372792
2074,5.2737057779369705,5.33135075096426,7.0292433757206485,9.982086316264914,7.657156590757703,7.5715878934695855,6.810957879341882,5.5306065144210015,5.307728046230202,6.169186623959708,4.636654126233063,5.656494314429063,6.729013000197449,5.9970741160856225,7.2299584201697575,7.028536147341646,5.646459847174842,5.58119345300606,5.696715811203268,4.388148262582979,5.872705604816822,5.5853404366122215,7.98343663431447,6.910929727657086,8.159205441074123,9.757927356095148,3.8820982877293564,7.317278325686167,8.425184489645323,5.395062541139536,9.081069550637544,9.027130631023436,5.66083349981185,5.705738890787652,5.1016398327874715,4.59686231767309,5.56462633224397,7.421586671779897,5.601929288485955,5.686839980811906,5.89176844214571,6.10527178792861,6.352986684133267,6.129221635645835,11.142649493340793,0.9344039203534862,8.092005083273198,6.495868458380475,5.6453129227819145,6.5570225898048005,6.133664056144911,6.49397379108544,7.666438079085842,8.718982462225288,6.168435584625299,6.5400396996531,6.2409782604924615,4.924236325932477,7.021733918066684,3.5855119053659754,5.702112706570786,4.298732900927807,4.518178961400329,3.5940716539605906,5.916195917489201,6.245635997632457,5.458525779432265,7.311338590136885,8.533069474943751,6.718244992196557,5.471517590099363,4.383284698272575,5.660828863752301,5.549651842403771,4.946816833368664,5.196530523420922,6.073483670579977,6.339712369030918,8.207578889720525,5.5905410710979115,7.682506611378032,5.841373639373944,5.657288435268508,4.916250354578266,10.78780652736795,4.802795466677897,5.552792461781667,6.717411301901628,5.544395882507853,5.598529976118228,5.511931896611146,5.808243455557986,7.375077490020411,6.640861773542294,6.514998427664476,5.110797649955958,8.120290021765335,5.183112971484661,7.81172168229161,6.956269372126151,8.043713540866458,6.17233022559306,5.371611697920438,5.6083993356803346,5.541797065143955,6.493248809963976,5.976269781332591,5.41066328307678,6.020542089538325,4.7752438486907005,4.627819199371954,6.3502595075245605,4.885213691612772,8.718527596058518,3.408779154820686,3.0439280152063937,9.605255689956689,8.116215714606746,6.3523116229937,8.146880132114067,6.020985644182255,5.622256800018513,7.2053860464807755,6.460787728942676,6.158969038005533,5.083574485162208,6.2608570733974735,6.0697656926409955,6.153530559663115,5.3849439677493365,6.098664929897624,7.656722295527533,6.5484554361680445,4.620707301230263,5.67826720018839,4.787476068940657,5.290384213472233,8.203497721203439,8.610227074088723,5.441622253892752,6.506941422049349,5.485092496049816,5.229700129607629,7.3644846657226815,5.888382288081383,2.508916289641942,7.936030109894689,5.037822773487405,7.764849832666846,4.124436983260615,4.809115179653827,5.616629571750246,7.913126592492234,5.2236077179168845,6.70579734598768,6.6049040648765125,5.846569225705907,5.978897506306909,4.702702894549943,7.479540239505727,7.405500512184766,6.197962855984428,6.46601511419205,6.843316700437972,7.976449822557386,4.1072710259207375,4.932214598203526
2075,3.958056574237758,3.751305087887006,5.475781694054606,7.797088914904104,6.016102746899785,5.465648240056528,5.141788492557304,3.4018076805333624,3.7680784644687493,4.108470293982277,1.1230595459326578,4.0165530150627795,5.251835832436537,3.6908852447723524,5.584702813933638,5.32890834363884,4.074944457613284,4.135711509734395,3.959735568741276,2.35175720165516,4.180698967185512,3.954599732830157,5.895189121108633,5.478489860121546,6.588160717924096,7.839084327028234,1.7988704836060265,5.681376680731775,6.92880886677524,3.6886880153725885,6.8487572229371025,7.5477547360391455,3.8900126331839058,3.9473356414457843,1.9201903507627276,2.783989580540827,3.5622199270231962,5.443051963530733,4.236340614356871,3.9788459377556005,4.175385582035985,4.351636957505657,4.597986192281902,4.076368507126281,9.390364579085645,-1.5783350075884093,6.3006607547145475,4.80059317949003,3.9781164343244044,3.344444459882277,4.388945631939787,3.3089868482844573,6.004319800128197,5.975988403733434,4.768933958020705,4.052889022398096,4.60772952437401,1.6322796224969738,5.1546143374951745,1.4359887406743808,3.981566252379582,2.135345057166856,2.9501380234442904,1.5587027730612932,2.899670217057754,4.460947661178894,3.8976923685263962,5.659938381663683,6.991437411907224,4.969396613281349,3.6849308846325703,2.282519266523164,3.9078850407024914,4.215156922771207,3.179538244831149,3.761862707549131,4.34718616923382,4.503508132079553,5.242246857747951,3.980104168812777,5.697407839627107,3.7863137680908747,4.22841890689371,2.875704270305818,8.89772900630688,3.1205749840571952,3.8304069869477178,4.479772487591057,3.7807396503871864,4.123987929189,4.2445888652883745,4.117280058819669,5.519257187586403,5.174758377388636,4.8125481328059845,3.0336395687070383,6.586753555412948,3.1193969229171983,6.191669412471098,5.134518701968519,6.257207599307958,4.472083655924632,3.315736671460087,3.8939625692778623,3.5572797578984288,4.812302743823365,2.796016520595757,3.6419362060982614,4.00807376308688,2.7067330062132466,1.548704692002004,4.636768807624948,3.309352273057248,7.061378444705543,1.2842022714943742,0.0738972276449221,7.270965920118939,6.301053816003019,5.07227157929848,6.6039460808247465,4.286258761225073,3.832684767271944,5.382810577750204,3.4142236524614793,4.544959316479747,3.380326875324908,4.209241519714225,4.532321130921104,4.437586328207417,3.1214520251378404,4.216762012448805,6.050138056342459,4.8896197933575225,3.1059307978841777,4.222714457532456,3.000563312193442,3.615436639251382,6.43484946648622,7.2498952711707565,3.9850128080599543,4.975654625301733,3.7399313655392867,3.527208646566703,5.635457423611961,4.3706676279483725,0.08784262399221467,6.284078394030703,3.4823518755107092,6.102309337156775,2.5435424227395966,2.1396294585589715,4.285849778045868,6.132059887693876,3.4507592042972277,5.0302207053735355,4.99454180774247,3.9246662279655156,3.9231631681323083,2.641197617711693,5.7817706614732725,5.47133504252495,4.423313937888576,4.71140840649605,5.1226878351178655,5.943482481200116,1.9767463608034723,3.542809250025915
2076,4.2074849913517625,4.172199634710949,6.362946876821419,8.234483728806177,6.5465214932958276,5.875021654212229,5.787751602629819,4.371171128749847,4.07817240386891,5.0148256162802385,2.3802378659447063,4.77740027970479,6.083392330259087,4.858951412141324,6.147175915042559,5.9607814155519,4.839984046543638,4.805259969830516,4.784715753545366,2.898218483477833,4.834501478324335,4.789112509042027,6.467562150955203,6.304150032655646,7.038890832786756,8.612067176836229,2.7706797689199463,6.594759205169977,7.216366027140371,4.5033454845349,7.304973380515972,8.05808878925939,4.5930994664629345,4.791908772786458,2.9745337612927,3.4831664050618816,4.468879696230092,6.321282588317991,4.723266344393291,4.784335955729087,5.038356552024681,5.047680904964609,5.439834844321014,5.007269154240689,9.582999189694723,-0.35701675439874364,6.6811296751101805,5.619976871460676,4.761733235418797,4.396745083729426,5.065657267967858,4.335155396660171,6.554939151803652,6.508198163906735,5.554272429520883,5.00532136609157,5.512880349655946,2.7995474343498543,5.86182535986106,2.4374678174654645,4.790292150278885,3.1197724829117432,3.2787356062481825,2.114438490072885,3.901095459858574,5.319307053337495,4.676789686704678,6.202117958944296,7.4327166080474845,5.678372903168202,4.506322823216518,3.2593095444142794,4.773382250467936,4.8478019877647345,3.929871361702681,4.018912683116893,5.255893892049794,5.5492585698763515,6.932494441668195,4.723272820313776,6.064078773061436,4.706655032436055,4.686397837940606,3.8265259239822615,9.20884382327398,3.910703538854918,4.652724993228916,5.5951410257567975,4.61841263175011,4.821658377535642,4.839683667818705,5.097285784284272,6.25420645127694,5.999155025463551,5.46484658409221,3.957054383059343,7.076535015491147,4.074000745515028,6.706514391303064,6.167891041934488,6.876553062349561,5.078402622540793,4.253619952499867,4.729715080559254,4.4509553949038185,5.398167027036349,3.8961739882826807,4.49208249251048,4.919668613870938,3.642638195802769,2.6405600667465476,5.623901388049122,3.6540299927194915,7.378677434412142,2.2896351153651873,1.1817184833188825,7.755820081390751,6.639419003824389,5.785808783024551,7.078568125267825,4.88686230281989,4.676338959733643,6.015709695204473,4.483624517172577,5.476519955632585,4.308893801892798,5.111800236254933,4.929162217304115,5.256958248962957,3.93637613776761,5.09961841888726,6.978836624075965,5.471655898789564,3.4223826382309204,4.506359074513114,3.6656387783586966,4.417822811007499,6.744293733437857,7.500124372045199,4.672020891557137,5.85054659297069,4.578577805558838,4.34883906741937,6.260661916931471,4.64032958348592,1.1812608291705433,6.800339937210083,3.8045256910535175,6.72185483152668,2.8784343089908377,3.120445426801842,4.940918781111637,6.628011828660964,4.108567359050114,5.960281331092119,5.880918959528208,4.868057438979549,4.849768898387747,3.591302370342117,6.373035540928444,5.9914819677670845,5.0838662981987,5.277852754294873,6.113030176609756,6.332862046857675,2.9863026782870308,3.776535838594038
2077,7.011741694833698,7.449366405349354,9.746202066669172,12.59933575473983,10.236152354178243,10.848671321211187,9.479062097853628,7.501436765883764,7.3377911047688835,8.274079199751906,6.612645575840928,8.098873692339863,9.150543358305402,8.25716622122403,10.041641912969025,9.789638565018258,7.985924864380527,7.728468319208464,8.238614840433,6.328308533234844,8.512842572454751,7.410727529850757,10.87519467288051,9.209290330009214,10.622813348626272,12.469377646672317,5.784591037137756,9.825303329339512,10.787417148721627,7.805394186028119,11.662335103185013,11.308097129238059,8.214153046238016,8.24522462233516,6.845548772831153,7.344313508830968,7.594990571768119,10.340910615463713,7.500009039866518,8.122100292480196,8.616953100366834,8.700216817444772,8.929986683587577,8.129912528498416,14.394991048451132,3.380624209883909,10.715769215904436,8.974568459044757,8.192119782822655,8.490099709609463,8.872939399604135,8.40448629958876,10.322109014309683,12.045005937074794,8.599629343776357,8.421176687653725,8.918864422060288,6.764010662212971,10.00862984718948,5.682113652984641,8.432471601003465,6.528060380240967,6.5273890244806685,5.564896916392543,7.566933103676496,8.879596380685491,7.81386753174894,9.924055424743683,10.959758170141749,9.189336098473648,7.601012970352997,6.286698221774964,8.540870415753336,7.5167546693621,7.641186666707029,7.175141786963773,8.819041457027199,9.297223368081553,10.156239035378757,7.909052318668572,10.806648619216066,7.890313534515683,7.610346004366875,6.8285092960657785,13.962453498922546,7.062767487533128,8.113469322693758,9.081467037057058,8.215625031241062,7.739590909460497,7.427295872235094,8.552285821016495,10.34889692427783,9.138646981590592,9.165461058503595,7.478673232012785,10.620461948215965,7.157754706668443,10.317028758597784,9.880793695305954,10.765807670380537,8.812533034332867,7.351923514880112,8.275197638006052,7.496392460732627,9.3308939440497,7.872008965960864,8.102239670424627,8.00658286851028,6.73601011649288,6.409548478522181,9.118281731831619,6.901427340918577,11.30766659962206,5.353232872768725,4.998874967339736,12.29616895061115,10.919018977963976,8.619674891233444,10.596418522555252,9.047260152882547,8.022624269641677,10.030291387747074,8.27996364030345,8.89050785079598,7.787715551411287,8.345542561391307,8.105010951523962,8.652045664088483,7.2200546033423505,8.341612927101812,10.219747344417305,9.171744788643608,6.608947599499389,7.568649085302807,7.482255373021653,7.7378342213301865,10.9411009850687,10.914431597652113,7.5883758340416305,9.148342276184723,8.042329275402532,7.669261429523087,10.127004879815821,7.950422471453405,4.586904438597886,10.531549734416705,7.078880193161559,10.439883612096306,6.139870594030831,6.591912955495301,7.61927607857847,10.465204578535308,7.9221654639675725,9.469516316621469,9.211311618355907,8.704889195746391,8.018567399732,6.643335382486212,10.142239729905953,10.043076672944531,9.13681288757201,9.097383615918101,9.640407471307393,11.049618338716444,6.142179334504082,6.892673676640821
2078,6.102310071474521,6.34436822592698,8.854254264512967,11.066202955770086,9.404029381686243,9.19024642993664,8.636941420363973,6.023745183800835,6.273679702446378,6.85886054357578,4.852229121943999,6.802968637953544,8.309492899939938,6.863648883484563,9.190395147764477,8.917863444071907,6.812067687912879,6.5859818787410305,6.883326357551688,5.126811292279387,7.652451835829633,6.278507487141878,9.653912173262958,8.419319091372774,9.46682851029368,11.33974985726949,4.4062260615414575,8.924963533878328,9.561562171270104,6.5198579661805045,10.16407536021594,10.548382076595368,7.229768774632751,6.942441442917135,5.2553362137284765,6.3633551767160155,6.186819741887784,9.211032413203142,6.486531761699708,6.833548624967711,7.698089669747602,7.742817924968126,7.622387575949059,6.678034062898746,12.346178276785487,1.696313163329814,9.360569586527761,7.73221484006479,6.866102892006266,6.909159533936404,7.993833066060626,6.8316330110718475,9.472833468080982,10.204700358982748,7.810015494710414,7.009193732306875,7.934242501341063,5.108988901664474,8.765998619383776,4.210755647256459,7.530988450708062,4.967327842280141,5.457814924290469,4.378672448211705,6.0518591558111146,7.526218481361866,6.644672601291074,9.087197465629412,9.779605002752666,8.17229577166767,6.333864484881532,4.893007765042369,7.223113117546874,6.470078748747195,6.717323146824694,6.164568962721989,7.652503546455807,8.302039919228388,9.5047886068451,6.6593614983661436,9.245980294614004,6.4213442103616085,6.5566259978403325,5.443330753980015,11.912623726088425,5.860065518782057,6.766716484494252,7.622804140736318,6.8163847198774095,6.603691883385176,6.414353332096903,7.640915241220901,9.337423734366896,8.29859126770291,8.305861350791208,6.04021959572003,9.828197602568007,5.725863992140216,9.49574210674598,8.878040861980667,9.533298254013063,7.9584132494597615,5.916084451408225,7.328676116620672,6.138130278679837,8.483644783496853,6.332732801847483,6.7024403594691195,6.5902486065852255,5.301405822922441,4.899293353845334,8.174524970609571,5.838075390663645,9.973101991389335,3.960747409740399,3.396319386998899,10.707007960512724,9.461340349986504,7.893887099263993,9.801002395564119,8.1634497230166,6.676545347119203,8.819212677149935,6.780080660278424,8.003257111292974,6.882512395238054,6.937808575301335,7.012431897993746,7.350978506439974,5.893083377002642,6.978956575023719,9.345462881751232,8.332289975264981,5.5823918891235715,6.563459183121553,6.542116796790528,6.446239059726741,9.528349921878043,9.789218020721764,6.463382395562427,8.273767402845207,6.695450920483166,6.3828969268963265,9.243022050708532,6.881006078088076,3.078149744662748,9.674581207784602,6.003954454549943,9.59599784530442,5.07285677461789,5.1008952296306855,6.604825268451385,9.475802349633186,7.01038988692493,8.519060596952148,8.27087824941003,7.273284371556904,6.562357718189215,5.2358904617099915,9.275960152262241,8.898962696050775,8.238242660617008,8.164321553090524,8.698942896620979,9.477113762163906,4.711182583508823,5.858839130093312
2079,6.047969547839,6.2053257180699015,7.6759168043218775,10.464046785543704,8.146549619477371,8.349550154188586,7.338787574128344,5.770689040679356,6.221048241545418,6.50306781137298,4.263421950155292,6.388289721425755,7.270623315061473,6.450543148764249,7.751139518515813,7.567534848276913,6.4038238242782395,6.219262242365371,6.440784973060262,4.8942267627551646,6.356422066945453,6.042058929736756,8.52269432411111,7.436647772275171,8.73201277132692,10.268425879807307,4.076130388625735,7.896451536694479,9.003905178529438,6.0990375175044464,9.518595580396985,9.441949851939395,6.118446393901934,6.515805287993159,4.76964765999081,5.062320757015,5.861426180870886,8.00836624179421,6.291818982247138,6.440495090751811,6.461635284639639,6.582177115668513,7.117364465162671,6.445875043563288,12.595749281603714,1.2668277826802494,8.706297761921224,7.228776940240941,6.381883425445392,6.318090042677419,6.655632411611494,6.297482103944341,8.190242979402564,9.267851210488327,6.707555553779513,6.595332067524051,6.87467899404723,4.541411541916177,7.732009833228999,3.890372238539414,6.2417101786825135,4.657667257148644,5.393088765185455,4.1143075277836125,5.573139200179738,7.0679700718871485,6.1944838398585835,7.810329750180242,9.149522922162346,7.189520898371423,5.964499709935024,4.591737816302943,6.506846419182322,6.124544358972852,5.435997485215295,6.116032444711391,6.811979575660722,7.019518937016361,8.63981974792892,6.3081479617073395,8.456377994911422,6.156328531431743,6.378997701766166,5.141953994102517,12.109933937418052,5.408194842993216,6.286452259996849,7.179289344120129,6.31604136860576,6.215089319273827,6.069995591481186,6.466611255152984,7.965420325254571,7.20701899713483,7.026367119674028,5.509857472401628,8.573684299814287,5.411163402785515,8.31137014096924,7.64278831718297,8.690517078314356,6.642008440761726,5.6057300500828635,6.120034683367306,5.801247427304245,7.054907021337541,5.752615215192586,6.177389899461432,6.321485907353201,4.984311578988002,4.35511226964922,6.9910058687473144,5.782742626322755,9.36362109307585,3.633251421410459,2.927328621615362,10.07246692735574,8.793089401362277,6.853322349745655,8.608969625727882,6.601912435786477,6.238476031259153,7.860495661096327,6.219739612111634,6.786579006704791,5.646062171150899,6.588068660220195,6.886363381584144,6.920419723052403,5.541786567147437,6.592606271649229,8.237059697637273,7.018880081587828,5.503271344535306,6.520205374758945,5.235095379167588,5.983304973338439,8.857880208255914,9.213712498031814,6.110575092378364,7.125942379493134,6.20431552305496,5.921150824633138,7.9022206767815435,6.8537928780605055,2.705795144212662,8.456492975000934,5.948639882278853,8.278460338197906,4.992152661598965,4.699943923616204,6.249678740470577,8.393183127302555,5.675958870813767,7.327833771191792,7.158009051762779,6.754018982679681,6.25730891268829,4.928701089984126,8.003601324455493,7.865505380877132,6.768856576483317,6.937186243719071,7.497371723682717,8.717956867438325,4.403986777467978,5.850439398966991
2080,5.315621298116942,5.242449602236353,6.314821653316417,9.762051614373926,8.219438842652986,6.205326064427692,7.2189355493367975,5.851906027396521,5.344619143381719,6.55253558158875,4.308932652572794,5.177762097942955,6.023194923872747,6.198939547439418,7.658159694075584,7.4482963619132825,5.234411788421374,5.1602799288928525,5.15882085921864,4.305275713776548,6.252663925041758,4.790008122722309,8.12945509490868,6.24275694414973,7.178718485434854,10.118468292554217,4.1790711964170155,6.5418864247699595,7.480061280013374,4.869457059105235,8.667154433888692,9.505727242181703,6.043859652181467,5.194622508684796,4.90770741434147,5.059029980500539,5.864277810851732,7.744561543315651,5.387760387857758,5.167865055426955,5.554470650603372,6.474668837090332,5.778126415486141,6.468917229026556,10.612786064545308,1.3236129138029364,6.956560586641234,5.999725848094872,5.170818012704453,6.248358084013067,6.516859581073121,6.19373086898122,8.18282384201884,8.139349664251009,5.495495531211298,6.520195069164037,5.505885733074198,4.682878132661187,5.9730518867572195,3.913717101017635,5.60614517747114,4.587417025367418,4.503701751058304,3.5762526924411473,5.725225153565407,5.7123791334529725,5.045882559691868,7.805980161149635,7.534825649609167,7.132778745889667,5.3185776305695365,4.7080509848892715,5.138486535350484,5.1743682762607905,5.123088774085045,5.283254706657802,5.439978536715109,5.467860048512615,7.769542789210874,5.104262259167928,6.373850499341884,6.169264934460326,5.469045788298053,5.210391609867415,10.176837541659687,4.26635078887145,5.037476804786518,6.853104788313308,5.022989829381307,5.175972606490052,5.163432116309802,5.047893831382195,7.764716372266416,5.943847122912607,6.925595074705783,5.4071084969366625,8.593528866271182,5.525745193163552,8.3578286635379,6.085240850597619,7.027460339044528,6.636944914857545,5.721362785498301,5.323297641674681,5.793934042255084,7.023802458246553,5.692963728432856,4.8853732347488386,6.346307046711444,5.127164201438423,4.47440577087303,5.5636334529767435,4.878980118595065,7.700458667613571,3.7111275404691697,3.0360847041010857,9.274086276069283,6.93975269226357,5.737826378911269,8.663290347407258,6.485458763440452,5.2972480379045,6.346154297298444,6.152451420451202,5.394610080272832,4.5262617272635275,6.654182577878239,5.965971820522102,5.634325932711361,5.314398039629062,6.011290694773197,6.922950068488715,6.997981976966063,4.645714836629732,5.7050000455230485,5.232403145233793,4.780507318178814,7.060118259986245,7.69018495827913,5.023596126834551,5.792693109810353,4.949894225597385,4.684269893169404,7.825680129478374,5.973079662024972,2.7417681939899907,8.510252517461778,5.055443599820136,8.180250671847414,4.11121390759945,4.867797176043192,5.2755240504513505,8.215033622132616,5.668844787279765,5.890470239892601,5.810857750475408,5.287779724597934,6.404079261918865,4.984628788754345,7.934489785134791,7.546664200847349,6.645675543944041,6.860163946946461,6.033870254208647,6.666675949779644,4.408201711593819,5.025339959685996
2081,6.3343990601856115,6.600558746573997,8.760407452953276,10.9836031003245,8.990952721893274,9.45027761559548,8.323277181110765,6.4968787552889244,6.519900362938644,7.199993083703107,4.953478999949734,7.09638769462191,8.238231562334919,7.137893241798053,8.8355412830695,8.538254357232104,6.96631162253947,6.886731406224184,7.152828544731539,5.345132511109115,7.468756488556496,6.6874218968481856,9.311483040965841,8.333313841886563,9.67063431256222,11.374821028832736,4.824956322281519,8.837227826103055,9.897594057280442,6.775057925874813,10.06041620440524,10.315899850222575,7.1712184791164155,7.143852211534976,5.454242255538699,6.228258386768144,6.517883272713115,9.141143658037844,6.782532906609359,7.121557789324814,7.482138330566469,7.530124511055905,7.858340215965591,7.129008912320792,13.168546080589298,2.181211849738811,9.683475773588851,7.955385079414679,7.077792912593173,6.825740716580689,7.612632292354929,6.769157197824197,9.10608160778366,9.928663754257661,7.7274599470968885,7.1705687437848775,7.850482553243639,5.266966454170906,8.777018099493382,4.625973733334705,7.279122826354256,5.380933911635957,5.726820277756665,4.601517369521073,6.258483075665244,7.711915263456515,6.781772174069594,8.749102064761626,10.078068492741423,8.115306973714253,6.5990931658909275,5.29088743750392,7.254683935982657,6.765986311923842,6.53276155978955,6.399128777496834,7.607737991701943,8.04378763560591,9.218983800696398,7.0144065029533795,9.559062858465419,6.8112266917937765,6.8589367923037745,5.861495692796754,12.597350724812209,6.091392472129446,7.011579199083925,7.948514216932758,7.032877794820178,6.887730506987407,6.693168967705348,7.479494907154607,9.096486630624739,8.231647866039438,8.037683774685037,6.250317612084849,9.572423798321141,6.128811224203177,9.15140736809578,8.662708200064708,9.669617468426967,7.656555496926966,6.274395015219161,7.2422398590836075,6.415939331440069,8.054102250728112,6.269140988524112,6.896402297461211,7.0047196937917695,5.71188489578921,5.0833830787190095,7.9929656584201165,6.091147795191099,10.251780037479156,4.387401745365611,3.663737418836561,10.59815576890933,9.7778376649166,7.853331672991145,9.516777451182238,7.733879707496738,6.921132313665648,8.854068010017789,6.755067723321503,7.887081533863112,6.769882480389082,7.318613688493601,7.2837094798170305,7.58055852867406,6.134974620465576,7.27476669855994,9.168347640798007,8.050568123315944,5.8214862230715605,6.822851373589248,6.333798998902587,6.6883082842647,9.849916679848885,10.062011385786123,6.754269975783498,8.14920103678416,6.933478093095895,6.601519274172086,8.842085652502961,7.1407924500004984,3.4850615420988915,9.302182269057838,6.258306484155612,9.242211568008727,5.331789023403464,5.44305115026133,6.81531781728926,9.189503777900644,6.767859609604913,8.381451724418284,8.22714993396196,7.382931083440782,6.920692130586065,5.636361801675685,8.946578656933431,8.679234029147134,7.778739407706746,7.87957887865346,8.479125063994836,9.789355441092932,5.120606279578704,6.130847146670368
2082,8.482369215580928,8.867977095575169,9.571981483492356,12.770243868745606,10.668900464485793,10.454484349694747,9.734941257998859,8.392179137416953,9.065895970782332,9.1916014236109,8.771897169022726,8.359251491211614,8.929962139705134,9.245494760444457,10.339591613617438,10.049676883965734,8.252278275017085,7.967936414582978,8.473085761776769,8.073904793581061,8.827010329941219,7.83263941828547,11.181823702721761,9.004521839063742,10.298329665743076,12.998119514563992,6.669295034018057,9.60907296476693,10.504751477775901,8.05869306392711,11.783175411923176,11.667388593328415,8.604924719395306,8.529996977797872,9.046823800123965,7.695661594384708,8.415535024527847,10.725232139229776,8.281750588453024,8.372847965581283,8.622130437465067,9.041251900381054,9.178718996073668,9.059740298620328,13.428841451118736,4.4933717458926346,10.379655845206361,9.222126596575155,8.47497786234679,10.50660192375553,9.114479689762506,10.438960190541273,10.724952609374606,12.146688297390938,8.37701381588804,9.809169524702535,8.770302603984703,8.922602263857323,9.73081462239397,6.646173184287955,8.535973999456601,7.432001041441128,8.184046389856217,7.3726418828270575,9.70320237607791,9.17105861290775,8.12520476276505,10.346015040088314,10.573529326196379,9.721368494989544,8.127415668347785,7.205982799802362,8.747496178181004,7.73920872852463,7.868222807501922,8.907833268801715,8.85698381631539,9.074427971166777,12.147366356233077,8.156593789828245,10.457410851429252,8.83727941996065,8.540184216509605,7.688166904295315,12.982364851852951,7.358891290837319,8.392830536797128,10.055373060227987,8.510460227262229,7.979577772062402,7.640573636211201,8.41002827060634,10.685253654574527,8.929567976244565,9.468783757360333,8.274991224808941,10.98981388709669,8.03778409649586,10.768850555836126,9.648698080411373,10.472413286566734,9.194562926117719,8.236558170154176,8.279129618875167,8.293607378314288,9.683041076721816,9.833645303894226,8.390517851915853,8.949798768771618,7.700957587309952,8.602461140217452,8.937613772132016,8.571583530512351,11.038108463945063,6.288238060628544,6.865289294911585,12.422602584521314,10.5581223058418,8.409402112251726,11.005983479321007,9.3533903442259,8.416973322116098,9.865304670585639,10.150248886439305,8.690788782619197,7.680943547651688,9.211661927048757,9.415014122580663,8.90733305313464,8.595919168200988,8.898883938147078,10.012128435332203,9.556945498647357,8.287453542238683,9.164512093211044,7.839840432950141,7.995409055516643,10.601310068420295,10.571669812089414,7.856663515084774,8.938589978320845,8.307001999226113,7.924770192339505,10.414692462646755,9.77420334839101,5.747256880561857,10.993747514512012,8.786684717870607,10.676921728099217,7.783272654299851,8.302672880476921,7.87465032806684,10.828253339590697,8.277886046674748,9.224744562380785,8.933314888127919,9.018729682819083,8.933474766540114,7.556739116408703,10.509873211191135,10.33486822504422,9.37998443430868,9.44719689057594,9.426651563688083,10.698855172971196,7.00383555362451,8.593125316314397
2083,6.829571065203899,7.089714190954789,9.295355156577864,11.905157699667177,9.58393019001032,10.29139466532345,8.803766731044337,6.9091698503571335,7.130509695744724,7.664982295434537,6.31129813194275,7.149660941084917,8.691977345737916,7.662162704714413,9.315975857641678,9.077257146095413,7.128982804844093,6.891215446694144,7.24902186947393,6.091477626228131,7.839827021648144,6.832775767707943,10.1708163488014,8.763219765162672,10.1429610789336,11.920606090077042,5.124866442433718,9.336414540636126,10.325022549336325,6.8776931180136955,11.034139101875237,10.65271171413619,7.522963390268131,7.303297025408466,6.655011473030875,6.550153642379002,6.942044207248196,9.688173630114262,6.989564796973919,7.189360918348723,8.038551457354737,8.02413164027806,8.003957544549786,7.537048626048811,13.538275198689824,2.5783734491159236,10.194460260457003,8.13593782510223,7.194299467646618,8.164669622635024,8.171657702018472,8.05021682150405,9.644502405783738,11.311963554086365,8.13605828634624,7.943941858308066,8.328007606757355,6.515494771044835,9.515439332045357,4.994836482251513,7.812359791505956,5.83277506326678,6.292390725222126,5.317976051877288,7.427406878306943,7.905542234151522,6.949138173512341,9.250036906065608,10.499172823696302,8.5757523888144,6.853775049848806,5.6435651947134025,7.620883653133078,6.769915077835322,6.932462368545863,7.014176825511046,8.018489968031647,8.795039985778516,10.083152248042412,7.002622050040497,10.30793190291472,7.273945872382871,7.135897087639779,6.206443596245913,13.04556370834852,6.190047223795335,7.133432748566927,8.507428086523356,7.189833529229308,6.922888458802779,6.689389008900216,8.072785447191059,9.649771627681007,8.671991361626265,8.484390812958111,6.787850777265328,9.956155594325915,6.530368894852446,9.679295292188382,9.365824555913946,10.231191359974188,8.121979931819029,6.704129692809335,7.659473922745937,6.848729615581448,8.61660136744893,7.535355488673364,7.061152171215104,7.424768578132681,6.076769615427175,6.22050711101499,8.641200509693089,6.6808182038366795,10.828286203844796,4.674470100359162,4.573082647190017,11.556711867965499,10.380872405551633,8.183375321842473,9.942713865432252,8.28511154189192,7.1339868629544,9.544894324808284,7.974559645521743,8.40935157316512,7.220898986705742,7.744274525806821,7.726063215527046,7.717672173543992,6.824357937122214,7.557912288362098,9.730713934798183,8.488921985800925,6.414749603590059,7.371865761177296,6.712388250334514,6.787629445436701,10.434723651614682,10.492097891610246,6.776337357173708,8.65102861770268,7.043544342679147,6.72201124180494,9.398225613195322,7.7767231420710194,3.919816783789925,9.874433858384345,6.855437117355775,9.736469085874225,5.900939766702982,6.229009337466342,6.877560722416846,9.820378551195407,7.174356783772335,8.97606014897083,8.691791457348858,7.6510054150532065,7.405993701761654,6.005887653630486,9.452043917158557,9.378883750402728,8.359230271701156,8.407410468520792,9.153263144451998,10.504844682997671,5.451163970608395,6.714735098183155
2084,6.487867953876653,6.8049340432509835,8.982269935011086,11.712216168952486,9.3357159751157,9.66803642163674,8.646857963005704,6.5783438875650395,6.804763450597721,7.410897284280514,5.511726467311386,7.001494859283171,8.40901262263458,7.308359364950349,9.175325843940184,8.897489201277496,6.945770870521667,6.731633643309275,7.108085783571007,5.622125168393057,7.735868962605795,6.433315692034863,9.931460669140023,8.483475026488303,9.780931252241135,11.772161111623673,4.8190867503484105,9.034815264244873,9.941140028834344,6.721913436551889,10.853678188224631,10.527642670770495,7.411165162424248,7.130367049078148,5.947148265565429,6.45621744791667,6.676872416834039,9.53786662568649,6.740882343053817,7.040673289199675,7.752327543124553,7.848454983780784,7.849749105423689,7.27435738841693,13.219451334079105,2.2813768734534587,9.738948593688349,7.959744935661244,7.062944065779449,7.4492125925802055,7.986612546816472,7.396660668651262,9.444009894132616,11.036315706868965,7.877495735138655,7.5107494533062,8.043126556773982,5.787017698337636,9.048795779546102,4.765235004325709,7.5661314581831345,5.641941924393174,5.971564354002476,4.8481462190548585,6.756453985224163,7.734743073458473,6.761209276815254,9.076012075071532,10.118802564839523,8.399123493830363,6.604261900732918,5.315005861222743,7.377669183413188,6.557210868534942,6.782992839813234,6.697954476190109,7.764501662055653,8.372704041997592,9.237487652773657,6.861791042548916,9.739811243613563,7.018815109188048,6.857714156309764,5.90369236208499,12.703491907318433,5.982782417535783,6.96595771710078,8.184536114210882,7.047041630993286,6.704209711154302,6.488053845738372,7.727970211952923,9.505188596931594,8.406260253861547,8.34825792039434,6.5907834117611275,9.823745192090673,6.231076348619533,9.46103832485775,8.98089306602875,9.848933815024797,7.981915306299923,6.42243215752145,7.441530021528404,6.5278850997487705,8.4039069481194,6.828429089486603,6.938905956347785,7.154188793897628,5.768168605118987,5.519398437192048,8.268228024244312,6.347361316780251,10.361271475007145,4.386583625649416,3.987072980900607,11.380069315433502,9.910312696049612,7.957429661850134,9.774002991120021,8.110099202891194,6.9694226974621385,9.139382872978844,7.295148150126136,8.111267511794967,6.966395694017414,7.487667706608776,7.42226230353117,7.563385825604202,6.354836185152333,7.3556276277949415,9.423781247312826,8.340982625633485,6.083220396687588,7.038653518872646,6.593996432423595,6.617327229740723,9.949635372124614,10.151174444705251,6.615689461429917,8.362028869489832,6.879856086398165,6.581308281918369,9.206681584101172,7.469010984897614,3.580019305398067,9.636333446359881,6.532730201880138,9.574824175735314,5.555647893995049,5.706893794168718,6.724033460517721,9.6151261014243,7.0628094419837035,8.644512384260697,8.405794220262518,7.480194893479348,7.138701688001556,5.712560923770066,9.294883205244936,9.201650027434033,8.17358667133376,8.240859308342136,8.780985790491107,9.944796760876981,5.193692418187853,6.395036668454605
2085,6.271641882008007,6.5150991612724205,8.398275799093893,10.485969086466678,8.409606861400194,8.72473985059508,7.662888200889376,6.297822351856478,6.4912029964656695,6.954419709228236,4.958849902746492,6.7437808356239834,7.921618263654668,6.803336128078661,8.081705056580489,7.883494363166395,6.716284565370659,6.543978071418305,6.847273301718565,5.284836125206842,6.737183804623782,6.420237111505762,8.733944036612483,8.041200753429841,9.120747672072774,10.50890229205633,4.568192609425249,8.54259213111524,9.290606345082152,6.492100099808185,9.62133350762828,9.699824777399671,6.5106162190886945,6.887488222456186,5.380974595402846,5.448237837581285,6.354759736821572,8.341580069013713,6.573895721856892,6.804542968242331,7.090241455826265,6.947924923280192,7.558186700374916,6.92763121477489,12.214782602828123,1.8802963793277725,9.022948526359833,7.673035793456025,6.780709837274306,6.915832791862819,6.990994038509905,6.83289280957703,8.44696390063598,9.405503817673388,7.37196824673949,7.083824895515014,7.557455508231089,5.217328708490425,8.308163236955117,4.398142768391245,6.797930203121285,5.196105446281107,5.670686488906889,4.489254524385367,6.205007387915272,7.479686113780944,6.570104531173051,8.090444259088613,9.466863830541751,7.587318149106254,6.396554813816628,5.067199008732003,7.006916325153979,6.442724270296506,5.900316016427404,6.379164876352098,7.3843636533309756,7.8200425048326645,8.769067832622037,6.639235665572103,8.809233903371055,6.634720674619589,6.671752078779811,5.636383633161416,11.806014047614466,5.840781124244483,6.707585909757123,7.636116041191691,6.745908461254221,6.561835605522684,6.374223202466968,7.191438829590532,8.281560218539731,7.882502958660237,7.363612863652663,6.026665569315182,8.858191225035439,5.936015325630533,8.539764684079023,8.412158919305629,9.173076457889943,6.988148570189193,6.114847428454409,6.737330847773061,6.278760585291635,7.351891256483464,6.311391158350587,6.630418372436843,6.811076487446656,5.493704815820695,4.983210411460682,7.740617040673208,6.057700753211975,9.634333007294558,4.1081385910511,3.4895521212240745,10.139091257391305,9.116730795852067,7.472644221166083,8.853289850120401,6.951366481467571,6.687827784439613,8.35342361867942,6.804523900022794,7.536506465796763,6.344323742749367,7.058767913230534,7.170096119930006,7.314473674215119,6.037405751452884,7.058761658339663,8.922411618561574,7.355514969805194,5.781633464491057,6.778087104188987,5.602212830864151,6.395270540282644,9.181264435808206,9.44068274004706,6.451941951595507,7.822062107702269,6.63384865339974,6.3444291193937445,8.188370319532938,7.115850403776459,3.2146100369763757,8.682908025152722,6.218094770764486,8.591021915833494,5.27221290176285,5.260416110527929,6.5492573642525205,8.603118548362424,6.0609015452450725,8.080301351716809,7.872241380785045,7.188743311783364,6.769745409488677,5.423613546223473,8.287585755232083,8.090764314963902,7.091777343174511,7.233930938716592,8.238188468690574,9.07161753852691,4.873493332544278,6.103387147958936
2086,4.789129587083028,4.746040844454844,6.762864622833402,8.326130872014266,6.582143935214343,6.770105358020497,5.778258230408721,4.308570245088178,4.696648627519607,4.931599299327055,2.2820502144509365,5.211262040225594,6.4215621471661954,4.662309867554702,6.133183042037081,5.961750857788941,5.269733838993927,5.2087474521650945,5.235684459065569,3.332232686980016,4.837602655949262,4.9536645228749725,6.561088883478579,6.625901470153495,7.611484672745754,8.310782966942618,2.666224516671281,6.95702281697043,7.827620137370486,4.936646797790607,7.504915608928122,8.045379102230076,4.580582949621922,5.266712291423105,2.8871630491881555,3.4488537553055543,4.420882273914999,6.0982390087226355,5.1996127844884485,5.233306284865426,5.316421291437644,5.0327471949417,5.915921841137881,4.944668076161679,10.37499553581764,-0.49110834595971953,7.410597708846989,6.064127131140439,5.197980471983041,4.357563580418455,5.072931023507282,4.273134868206651,6.584768766473084,6.773112651602974,5.929963494683131,4.955994794466374,5.9270121609342485,2.671263954762754,6.468941153894209,2.324333234722245,4.970057190203202,3.031338960703075,3.8862899192448297,2.5301127760060904,3.820016409302579,5.814657909602954,5.110534389471185,6.236447493128222,8.05976277898098,5.659739671082332,4.754832016980859,3.1520332760851977,5.279021620236593,5.226779189795769,3.9962879031382768,4.619950398288922,5.718202899627648,5.965215574050775,6.462148438496837,5.15255888011949,6.921344397910707,4.6182750699848985,5.196977394440312,3.7435780403942895,10.028764626075487,4.3646567819704245,5.095271058123688,5.413817207361091,5.069647486739121,5.214653206924941,5.217520981513225,5.461330684608422,6.129137935052657,6.366960865156407,5.468914296606491,3.88105819579856,7.0619649568508445,3.9743175337026866,6.750230241181523,6.567884630170365,7.472620522410707,5.084597497664646,4.137602238819515,4.978275540573842,4.427928203781106,5.385285079479218,3.828193064265209,4.941300974580748,4.851220377945696,3.5253326456094607,2.553770816531674,6.018745333213231,4.257810053126563,8.049791813924394,2.176748107476483,1.063258003571941,7.897071962212693,7.398550112185811,6.150467307981229,7.085263679125185,4.87959885597229,5.00152163130456,6.541906478076147,4.414915433731574,5.866129774471809,4.607042937186258,5.049109222560096,5.512276515878479,5.722965212731527,4.068433947090448,5.282106532715263,7.323253184556961,5.48155901658124,4.015981298068474,5.117433621451772,3.6381361704191257,4.845549249957346,7.488198622418888,8.07702444635075,5.080632860290591,6.24230937158753,5.016655066917686,4.7860108315944645,6.268402337192978,5.271069971138032,1.0643392375445582,6.84532961111259,4.417616898868364,6.718794728661401,3.499183972334043,3.0392945773642657,5.316512839804439,6.683607576222257,4.095814493195763,6.345382724856512,6.2657103415193225,5.403828180041805,4.7575443359091905,3.5014839079873337,6.4034208765831515,6.063720721109164,5.073385489398034,5.296713635839266,6.490129493433856,7.181651601760556,2.891339548189068,4.375824165819534
2087,8.984195085049707,9.624688270244873,11.280344788113553,14.142951421953486,11.787767212291987,12.57985562812999,11.107231457043314,9.288883152064576,9.644675111783474,10.129762588935938,9.674598502958643,9.719576638384622,10.497057786275604,10.400631131283168,11.794652764781796,11.431790129634841,9.504484070208056,9.152456914556437,9.924581805693698,8.738981201538238,10.181237067128048,9.00002571632122,12.593233081287348,10.486609914179509,11.925961593101764,14.522098059284273,7.472674617094214,11.227034675663916,12.051546400477143,9.438439081503272,13.204373584739091,12.689000125075212,9.84632723341728,9.940674804022594,9.706310100596518,8.994447112597273,9.315960635527448,12.420120023062521,9.132169600190785,9.769134142564546,10.141783550638579,10.35903122250376,10.698407559864352,9.946072644200818,14.633304752152545,5.6243977183797265,12.120334776311086,10.66773832268242,9.860897969133385,11.383247754697146,10.482052198514854,11.259034129052322,11.965167220730073,13.96763566293722,9.909146038622698,10.64346410745177,10.432116364739064,9.69821297781992,11.66111524608629,7.59079380384807,9.982088937392007,8.538224774701838,8.812920471717574,8.022913933057213,10.295212526259744,10.645093636137657,9.355437562640372,11.55106799349446,12.168735787786284,10.953578849804812,9.190119545136026,7.981786019971656,10.324034671845105,8.796736046928785,9.225916351191701,9.466801278678501,10.421301732289383,10.960955115998614,13.170123209213392,9.488708199997404,12.517062974387201,9.75125483847384,9.382308568933917,8.519107282514977,14.154857080558251,8.585025949596332,9.81925329771535,11.374406962045308,9.992736931504876,9.138810651055696,8.652504617958494,10.10363098471586,12.319966394325778,10.520693162905761,10.802694050659392,9.446569886700862,12.200801768179595,8.900156772213768,11.854036562064474,11.51566827502744,12.239393980338656,10.42394849041413,9.071469198398544,9.824245207011703,9.114116213380772,11.07809102072798,10.690867940927383,9.890467609824807,9.819717675319005,8.495323572436286,9.244307949135464,10.678342354259103,9.203224709482287,12.713920898478609,7.118141914332476,7.658671241028814,13.877918907280618,12.381042085587975,9.85941514526976,12.14041695666724,10.926818296056373,9.719149958535002,11.632433261336955,11.02479235365473,10.435884689205679,9.329777235614845,10.155117059833016,10.152259021483625,10.333033317250424,9.31485139308819,10.047641284506899,11.618994062316832,10.816565823966057,8.873257941726978,9.724037327643101,9.106014098072878,9.358174445717756,12.384481257919607,12.084835087430893,9.046218637762397,10.57729227429834,9.734644815839568,9.317260268433346,11.76128702790573,10.332809828992549,6.677236161612232,12.125168185616875,9.387004932949663,12.035296741487654,8.424462535514921,8.974115623032741,8.947935067374129,12.024919787614515,9.5498253248375,11.018411904990934,10.642906180984369,10.5820106499154,9.810947175298274,8.375826565998384,11.792668652431718,11.634482036376822,10.861431551563298,10.678199467987845,11.19716629308873,12.7155668252501,7.943498298975415,9.175442698957589
2088,5.024874872962635,5.064621754239004,7.070028936055801,10.018816582113503,7.5793787201245655,7.236471559355654,6.805915142844119,5.148539065197111,4.992018485938505,5.802928850675624,3.5922018369659785,5.611894147594772,6.7322132265816155,5.691936807582774,7.213124231994155,7.0391332392891295,5.650121154915543,5.530163373798128,5.664445838580531,3.8868429536620814,5.832561238606772,5.215648222714664,7.9886399346093375,6.911273895204066,7.980476431672772,9.726392355064549,3.483070973058545,7.278838656594357,8.178038913989436,5.345076884577671,9.095636217792835,8.939021720830349,5.584011221056186,5.694302775959177,4.02234900742769,4.537423392136891,5.240309853479265,7.492641140893102,5.466555190458897,5.6450439140200634,5.879968139032521,6.048493664649626,6.3302554238587625,5.757334512472154,10.82713585694631,0.47272063009441073,7.771935408314069,6.463229930897555,5.602257221440476,5.645648734768235,6.158824095626675,5.554039441545802,7.602286669611928,8.846953760460018,6.206308205922443,5.930986528098587,6.261345042785011,3.8838457050422814,6.877708133061721,3.193585636218389,5.693154181540013,3.9466599076986317,4.193874340939024,3.057640880734351,4.899815849028528,6.2436592628558465,5.464374477043748,7.228959832092129,8.354625525237255,6.590180197358133,5.29902231047551,3.9779485325018564,5.716993164022764,5.514819988360007,4.897341356674833,4.901609644293786,6.10065892636776,6.341393947632361,7.718655440645913,5.5284238586823164,7.361136385053398,5.469962999473015,5.48881800659001,4.5494354140013495,10.449797141551974,4.723257486398023,5.5127703272427135,6.422097195933264,5.506763517359892,5.54479014972846,5.484757568066325,5.809175748129691,7.42746992769341,6.666221007704734,6.4759938865900075,4.842461609840394,8.020852937673531,4.813814487308265,7.7227444413428445,6.956331631665435,7.846830375740927,6.108381511767703,4.999898805593451,5.570682695383829,5.219042614723246,6.462955515583356,5.0702696447571105,5.381383866878848,5.662614565094316,4.3622515713175165,3.618766448150081,6.357010038693747,4.569884219765665,8.43873825271924,2.9908445559442067,2.1673083448161656,9.648486132423082,7.818849537521602,6.394132435321809,8.031635821455469,6.018409439424676,5.520043152322373,7.066883267213907,5.600391769409181,6.186058844129241,5.068491727610423,5.917055886983872,5.819907074980443,6.127681756019597,4.827453880508744,5.90650084403654,7.638354159425946,6.465352453788123,4.311831182365618,5.3928647498289735,4.701825191080569,5.244699848939981,7.901458117490011,8.4561201368769,5.402645521362618,6.549909839251391,5.4433614681164455,5.189720479771495,7.350945519407596,5.562149748097487,1.97086329733332,7.849639379729828,4.719755627959966,7.764874656125904,3.8093939840793642,4.001974818110465,5.6070373751223075,7.849590662121773,5.15630096445481,6.711437960403662,6.6063148856163005,5.878842382660756,5.627350327869255,4.319311952094237,7.416748920083045,7.364944267521303,6.219645454982919,6.4102885802586895,6.851970437169071,7.627933678527671,3.7179714178045615,4.66799605389436
2089,7.563991374496757,7.946180706907963,9.385849253554497,12.456612486263799,9.670695319996565,10.409629771935533,8.798448686969694,7.334051442557368,7.984259854102955,8.08477265439157,7.2430613904163765,8.027509552651438,8.826102949020552,8.27838044228225,9.338712612616613,9.074807431002887,7.932732773752047,7.675584101471409,8.142036005854607,6.9123102837595445,7.838145285234625,7.405207829228765,10.36369513951499,8.895590226711898,10.280239667358066,12.214404517720487,5.599016359653973,9.476392350063243,10.516117235709881,7.71214219670871,11.373593935421832,10.812092724802167,7.616343708227165,8.185509261835751,7.57219058891822,6.673721500511831,7.454607019136691,9.897154954743794,7.731885731477164,8.065152493016472,8.098811295461553,8.06265269499272,8.831114285392689,7.983073635347962,14.18122883089658,3.0890214607633384,10.374788260151606,8.86162166004792,8.098315052945036,9.082206665441912,8.142361697837195,9.02584045688654,9.720449105675876,11.63263582817183,8.245386974099254,8.643824387213286,8.545158850221798,7.453579808103632,9.599285785751094,5.465074603092568,7.880928275368081,6.307924040561096,7.140955642379569,6.158258890026603,8.29296616464853,8.780587068405648,7.74309751905244,9.330415967338045,10.667808125758995,8.701632951867989,7.463682940037087,6.097823388103784,8.404685000921122,7.467236156093664,7.049429277921547,7.854332223534582,8.537633312962436,8.843267291912746,10.977279393837374,7.861534171448701,10.40594185156555,7.713197234375724,7.904238336944372,6.6603475182220855,13.664408155556385,6.9391579586884085,8.026201158248146,9.109816103916744,8.128812019231502,7.666863446990994,7.3700294741268815,8.209020666007335,9.76029287394265,8.801336599064284,8.499987763641727,7.15236630624738,10.066689589927933,6.989801809705538,9.789693708242526,9.462127482068954,10.396533264987301,8.176954894230283,7.171094357453543,7.755379063045152,7.300528816268623,8.662151825132549,8.423021933898854,7.997459104605784,7.852478892638763,6.5504601885532505,7.116923537747618,8.707701248855429,7.516504766098383,10.995580125214726,5.15211817095506,5.447339062611091,12.062169553583551,10.558303531387761,8.300969929916077,10.073786268974176,8.278813936073202,7.907749187843551,9.633013320123325,8.802074378934396,8.512012717025037,7.345633945074575,8.168551155205432,8.541436226331989,8.559473059814547,7.497009815840882,8.194836630646527,9.836997643498513,8.546012935068074,7.226010948419576,8.15363137372609,6.801837803988621,7.634080442888983,10.602919564164917,10.635833089464695,7.561120913524567,8.765907365700299,7.92467547644829,7.552659047703295,9.4363164841358,8.681662890417822,4.510401198897378,9.9800042611876,7.711663235364291,9.748485034909741,6.7300211159705094,6.986216282279329,7.586944005773241,10.010276141865505,7.248453302630066,9.079471944606508,8.820890608018845,8.586287299106859,7.885606316143073,6.445109856025927,9.50582446453386,9.572885841645048,8.368977677847809,8.528564367186409,9.238731001471649,10.668715852087944,5.929641200036839,7.60652810232393
2090,4.8934178717177526,4.796948879379139,6.600235017979969,7.872032756435463,6.363316584250028,6.223517385022397,5.68475343903591,4.19203515196669,4.7878392553278095,4.835557539401382,1.539792427215081,5.074342337236258,6.301786386953861,4.585049689329904,5.997128929300555,5.879081237418896,5.095198030744134,5.097146530025479,5.102907975942924,3.2561177498307723,4.708867454837111,5.005612188853838,6.235084711220757,6.505594680342699,7.275185909507604,8.039447252606527,2.5444977612330995,6.78817517297535,7.407388754317471,4.8142319221434935,7.03717744459623,7.865912205925017,4.44093179908292,5.094457031604993,2.15576433159154,3.255954950534065,4.291875728245437,6.009989002655294,5.205456214346763,5.084975487584701,5.167569013762063,4.95934865084188,5.8062231052056745,4.8521071672439575,9.623035693990774,-0.6293842282852722,6.9920853007713255,5.924831124215293,5.052990595071481,3.874867480890506,5.012972291173608,3.75275639919885,6.396410759153039,6.262567861358925,5.840298272027025,4.709594198855862,5.792822726327796,1.9263870446332545,6.1475251132044315,2.2644333745641942,4.810593843203168,3.0519130219673296,3.9986221619143056,2.4357114770802952,3.124411237650905,5.66227230224116,4.966738164681811,6.043851037991455,7.703308477612405,5.553187770062482,4.62262512666398,3.0078526817519116,5.1052176849595465,5.147720217704775,3.8271359310581783,4.7325684295260695,5.562161920399501,5.867160217515357,6.180904513602307,5.01184887402081,6.39260738882525,4.560625099930272,5.202372041241876,3.63599642134946,9.260791562754536,4.268700254117619,4.981310972622758,5.372736687932549,4.936865763546065,5.11442559392288,5.1419330819927405,5.3104492662281855,6.012737260810258,6.242527306336783,5.342836391052294,3.902678497906389,6.867241018034264,3.844442505774827,6.530988702100931,6.451198014719733,7.125164733621582,4.895267260485679,4.021132075067222,4.848663736263224,4.312101544234258,5.223171932943936,3.2791327731362703,4.814137227640583,4.772147646366522,3.3679292983022213,1.8802146038747012,5.869842422419581,4.368859895633472,7.572133536482679,2.0429415806871,0.5048269226119426,7.430750352555308,6.912433694148893,6.079184921618936,6.883508600808421,4.757734830009528,4.876217027933432,6.197800806884108,3.949232445387493,5.749461953110735,4.4932364949892305,4.9157285608094305,5.561749129459773,5.5523169386152444,3.8161084281987168,5.135789791282652,7.190245534582387,5.299719544577186,4.13639381643513,5.22852931081735,3.4532522713315896,4.728641470958444,6.998361564273465,7.726319692001261,4.94836418741736,6.106158479405891,4.921075543966786,4.671818801812057,6.153805732816371,5.339154062599971,0.8508416749537006,6.626172032929832,4.525857502209215,6.6284082973263505,3.6260423855534922,2.541770458478352,5.1769312855241605,6.408004279023617,3.9161826546849867,6.231998394275535,6.148340303322366,5.248982847250743,4.607842098664618,3.416470161799722,6.246824880612307,5.750908613204954,4.982358757791847,5.083725233530174,6.36959734944434,6.659898377698048,2.8382592920599343,4.5169428567691075
2091,9.263848335321613,9.915330420280329,11.676434505088578,13.686258494853977,11.41420895272288,13.124466682816376,10.689683941931564,8.712218546661838,9.947833572482239,9.62966142337898,8.403111568298833,9.943302426872586,10.878227959419121,9.496361750980903,11.262725668734522,11.013395149646138,9.79509243985702,9.336939914730092,10.174099815816717,8.580426706322307,9.721201241594448,9.132863348927993,12.143957996419791,10.850147725693109,12.35513251762966,13.405695360282376,6.968523930629774,11.663379699505608,12.405326849427714,9.645059054781651,12.787791742846883,12.344388543017978,9.401243778138323,10.210383839134517,8.591496438044924,8.580858246005821,8.9238489218827,11.468543184214617,9.315536862303471,9.980145899386244,10.328522971478002,9.927535915169223,10.911434337753674,9.370218452451557,15.363314566941103,4.947042808707422,12.520952774532908,10.869694047639596,10.153837249710643,10.136525143837106,10.074771271183579,10.050628927247276,11.520677757674251,13.47046948866598,10.248323474464751,9.814791308137876,10.824730236725568,8.531285961768752,12.202850390097186,7.059759871713047,9.994062631294643,7.95956443301563,9.082825796357522,7.873673327781005,9.272781312465666,10.914473774618116,9.650455436316033,11.088396219857811,12.593835736143175,10.466884040883903,9.113269258675903,7.459763436096495,10.725058662480325,8.973617175529744,9.021574106452796,9.773679460687884,10.833215354588534,11.512962628926699,11.141331708925808,9.650842360381425,13.003507412713152,9.219519315094782,9.591297346456301,8.013467235297993,14.905243647509616,8.821655978159654,10.10116300975968,10.409811844856575,10.295992639558074,9.346268141577985,8.833324902530377,10.600856897645983,11.537173990031768,10.88964702394502,10.36971149811971,8.882787012591448,11.74729665408939,8.391940183680633,11.466815702874081,12.047724758451487,12.722969047982117,9.976737686786159,8.604615569114687,9.866065074657573,8.742701289982627,10.63082519327772,9.489030229634261,10.207742300783767,9.28024219850014,7.975780420776074,8.22520642978107,11.168932473094305,9.463736784869223,13.096921549788837,6.573393125472401,6.624463235509805,13.396381915643296,12.87132849467212,10.140001800168175,11.727536474836281,10.373612558533406,9.803379846030268,11.947291386024705,9.83076930457148,10.853672529345957,9.59701933429159,9.636112180377905,10.404408065409497,10.572086135888922,8.883512245940747,9.928665913384535,12.08176898134166,10.351409699125538,9.169874863377931,9.984909545052156,8.66331625909641,9.625342608012003,12.833876462115354,12.479891682493278,9.23401617207404,10.986311906370624,10.023693696948989,9.55049429988039,11.352939528637918,10.66292236899507,5.985529839478696,11.711420512404935,9.681135186154787,11.62570925712072,8.67078722602335,8.11782241458523,9.1718392474898,11.628092756607286,9.11043699856462,11.486263478624414,11.031702615577595,10.926239891298886,9.337688415214933,7.876103568179859,11.330890624687587,11.198157347674515,10.43592949288673,10.26969103759219,11.718733145566333,13.216438975827451,7.436605936108993,9.468389299473372
2092,10.937561448415124,11.833459691951669,13.080662872828551,16.0911411801974,13.252256623903914,15.031572103500368,12.545989564061165,10.727332383394241,11.971666684250037,11.777652889490135,11.910302180051806,11.419128552327557,12.1140997586151,11.921749723951018,13.228754264116285,12.92187595963478,11.204446901629373,10.612361636757855,11.738611863056812,10.936981995403762,11.525341733273425,10.682807172834874,14.42119129399459,12.02778656284014,13.69883569590747,15.772534330685936,8.901354977488518,12.954002459843954,13.73169859756405,11.138756208618478,15.076841791470846,13.940660840272903,11.218356663112843,11.785977376500766,11.819774204492562,10.433252007762594,10.945596452554069,13.83924229505161,10.74043790698052,11.488897736618922,11.848945570240419,11.825875548024973,12.531049666305385,11.462933949629466,17.01632980108262,7.4504773337394035,13.974088104565935,12.411306594808899,11.682570965401824,13.710145546495916,11.975993155191338,13.603241690496597,13.413265083233508,16.423974639177327,11.480711475200952,12.501840172211333,12.2122587432464,11.877451360225688,13.815007863442105,9.232136935492356,11.644845719387137,10.280177400509519,11.094374580898636,10.229206158469122,12.353318209449444,12.557189200011392,11.05625503224631,12.93980646232764,13.877686570088068,12.431152435143789,10.761468485246102,9.407075852404041,12.434560394287114,10.096164908011755,10.747012465074658,11.761032547553379,12.353195501367251,13.01468119273583,14.259926493962604,11.068817122777302,14.800921205679577,11.37880750695865,11.132275875409444,9.950240714351338,16.4597003420194,10.187636398275696,11.628821546336013,12.948084574937825,11.919304352998738,10.577036839723588,9.911200745900468,11.997075522691011,13.771989637613297,12.158789609620971,12.209390545884764,11.231215199331446,13.532239078575119,10.420407754182822,13.266037233670552,13.550705228249228,14.157802683115014,11.834729345391196,10.647106414039934,11.395578128347795,10.65059795578321,12.625274557620287,12.922778569658607,11.834693646430969,11.352336513996127,10.003240178028742,11.398540769020714,12.56488537117839,11.49797859430934,14.57660227119923,8.559419664740563,9.669534589101875,15.852822154760352,14.43022358417511,11.298411330580711,13.473877002298838,12.477988579869274,11.490859924287843,13.598605583111448,13.168234884490566,12.240301052729286,11.043823547164598,11.721121231714882,12.194010583559677,12.11926758090655,11.121949311097463,11.71904349029064,13.383264745275175,12.176356880366802,11.146178935406107,11.842536044120797,10.512146219611171,11.073331968983018,14.398999200264614,13.8077430844307,10.538462211191653,12.306459001700084,11.523827894528704,11.051734547813734,13.288840830326079,12.752145322163896,8.333467722684146,13.57348921696345,11.712991851071525,13.49083655923605,10.684394551068547,10.78024024764697,10.364598830540977,13.558527563015621,10.96855912481745,12.90136340459188,12.360372901459531,12.697475603222848,11.486003190279009,9.858746350308259,13.207559231917067,13.293874986469742,12.462285106629134,12.180142858624462,13.145530596375465,14.9623239159584,9.470880453785263,11.447545573115354
2093,5.453373421946991,5.630129554148379,7.953388122905948,11.13803493231535,8.63037146024149,8.78734341880371,7.889583575314487,6.017605077603768,5.51307546629988,6.80033553057704,4.291188974832667,6.262098395490441,7.566092492177567,6.897631151152063,8.337604529384912,8.193097440847037,6.329204738268564,6.099274353798612,6.39101324281816,4.401195212307481,6.89085343582877,5.673093934511317,9.193608585102806,7.692320798876987,9.054433948007125,10.814653961951361,4.253994306999035,8.149501026447478,9.29109773399501,6.009410376178804,10.227415969145714,9.8618148698889,6.605928082918297,6.413824677467346,4.677424782052128,5.592652443346791,6.117843925952912,8.696577065977555,5.955185888399339,6.312672385624771,6.833035943837005,7.120339387449728,7.036127171447051,6.677435071303926,12.911630963457041,1.4460913806768323,9.00185909353453,7.179388159307939,6.3169836157868655,6.412375057565751,7.276261860954352,6.318847371586436,8.68957537772327,10.318111197701816,7.039555256865153,6.736897365800266,7.149353603607619,4.5184773985569455,8.071513295687474,4.081837150043458,6.646219808479836,4.96468268797315,4.7096511108865,3.5898472368717163,5.514512983118666,7.024435511693868,6.161694522047868,8.280557113474812,9.405932052125193,7.6547644662445995,6.010967065548076,4.767784294383278,6.653153417439296,6.020039863113701,5.875639997679611,5.416162614935431,7.006260707460603,7.363812500032887,8.98586638169042,6.125361814324199,8.800562137159808,6.433848648235715,5.97167299636479,5.385191360424304,12.509090917891472,5.316619741505588,6.222440661027516,7.688797126813186,6.265737136890147,6.088208419238694,5.984952521735223,6.680849886146086,8.642692618328951,7.510771549724299,7.55020361727682,5.9256635050064554,9.024542779758054,5.671482767524393,8.753053027494204,7.98128155541831,8.983845281189891,7.126264781787482,5.879449242147903,6.523134212041722,6.0599880485699105,7.635944691197626,5.773901370964174,6.149994413400515,6.58722360791831,5.158990565045128,4.185898167177519,7.239414273664869,5.083458262784728,9.647316764140957,3.753405481576921,2.889220194313034,10.798567991318375,9.14841068613119,7.1643508310783055,9.038440912448127,7.253249855133997,6.2872453455267285,8.178740304091887,6.290553476789902,7.0749895677355825,5.944464374205163,6.880130213910134,6.330242042140714,6.860630784826034,5.463380692847845,6.708755343381701,8.519547970644355,7.5271257532054,4.835446567435201,5.861093395229043,5.7305446233728805,5.904914166392951,9.185818577634878,9.511708916903574,5.9842794355133515,7.441013760607819,6.136127895322344,5.8575701867711985,8.490726036244425,6.107596473575667,2.8050260633744077,8.918569782299214,5.245487185773154,8.853084204011948,4.313234968560522,4.683671281255522,6.166386022906881,8.924762613814453,6.191305666648113,7.679414981398092,7.512885217265837,6.7641023346062354,6.579052517126344,5.163459011192982,8.512733051489134,8.462859172245551,7.4487751157119355,7.466412698400429,7.812544854807449,9.064625351593413,4.626541711325793,5.170073474018738
2094,5.6574066093127255,5.76175789432279,7.776776454523845,10.078467427656568,7.864823013544083,8.01964494566722,7.126652493815998,5.686260051639943,5.734706467595597,6.353092044848821,4.407149596460935,6.08688572607935,7.3609379001989454,6.449457839340099,7.528921947397038,7.364173411809163,6.140124178652107,5.983086252520828,6.138374915153815,4.663583782212485,6.17513979392544,6.042886268090587,8.187503872310804,7.530874923642342,8.60083979355364,10.169837829881702,4.046918003980454,7.969606701670027,8.814264035173533,5.82594092755482,9.2157260169243,9.268931049147039,5.950381542941361,6.197961960116338,4.892911786020827,4.909632747286356,5.74372664787646,7.912921509609137,6.010986634626471,6.124103191083871,6.500212127792426,6.412252301552962,6.845673438546988,6.301472114334846,12.234570330586926,1.1837215403030656,8.490018712806293,6.987795294358812,6.103430551701581,6.371867892814093,6.464215561747552,6.304112660987624,7.909772069289767,8.941885514762896,6.831206902090845,6.568304967777481,6.947837354808023,4.705843494305838,7.62027065430222,3.787758781478325,6.202922907625808,4.526783522860756,4.934860297189702,3.8910162028182165,5.715856445760561,6.7608359366141455,5.980268087366534,7.525429288374969,9.030192419629673,6.984936063017311,5.7999645898054375,4.540911866159278,6.318248581462382,5.9598159725809925,5.335399164721885,5.622204057486923,6.722850124640712,7.139875502678855,9.198385872717564,5.992732346106063,8.095105245709421,6.0312865957103945,6.062707946667896,5.083963172606614,11.837267086423676,5.242067143321039,6.018952058050141,7.129186100743972,6.024878372727285,6.014610371199147,5.917923453809886,6.566673264750439,7.800415283133245,7.3122106457835665,6.802700352180623,5.377023991582723,8.348638499605247,5.3394283160310385,8.006790799056663,7.7387927300457315,8.579939691028722,6.407683458307701,5.520750184896687,6.163670652000039,5.720590871983563,6.793502238185693,5.807522321569508,5.900311175091516,6.198446315938034,4.9186063015769275,4.5274290531102945,7.099365074059059,5.308489805665508,9.125944549282048,3.582552828665437,2.9716192525169207,9.737201550140465,8.51993919652084,6.981246520219176,8.36776608459909,6.353363065370197,6.004517187139596,7.704583762534735,6.284100131854291,6.915240924323684,5.748169990449115,6.427872282163853,6.475462269680255,6.609313163039244,5.499497856944801,6.400913050462462,8.352169869146472,6.7858278036824045,5.04838094372174,6.080189305132831,5.066624437426697,5.7407548042206935,8.581356591834078,8.973671510301793,5.865388266870692,7.240629701200744,5.948968790728473,5.678235092810515,7.666731375301708,6.317405863568703,2.6499055457975844,8.153333532912983,5.462302981265658,8.084080134004614,4.562038521603522,4.750525888697854,6.04347581737514,8.100369623765864,5.4912269146277985,7.422322076713217,7.270301662064323,6.421535416409889,6.132192135371011,4.882934914066876,7.723590563083518,7.584384768687445,6.546704529174444,6.698554906737191,7.595935937659492,8.386663790406855,4.31888537571348,5.35380732113945
2095,7.969431072473526,8.377381733365775,10.319499419680955,12.519174517228686,10.319349132735153,11.257287284423569,9.620817302116032,8.014908980706647,8.409715569353308,8.8040532726666,7.221403345208746,8.542787532611138,9.621666644153926,8.749586937371003,10.153366954676038,9.872154624811536,8.428080669893273,8.124608905536352,8.676184489070602,7.238964624959848,8.709196155441212,7.895545575639297,10.887867006762276,9.654400948948897,10.980367118428497,12.770594099472309,6.244466617639211,10.3113228519415,11.101866568470822,8.23225565755676,11.584886798570896,11.392622493464371,8.441218434865105,8.718651565755229,7.524523038437167,7.510493657937079,8.074509595231763,10.638088469618355,8.135836691435042,8.576010114802365,9.000681491889832,8.890657512278393,9.428574756815518,8.671333372592922,13.946145670167335,4.013697703593762,11.026695418460614,9.465588049128142,8.627741490554968,8.966092071142691,8.962734059013174,8.9098449870944,10.440072436784874,11.894554026167976,9.042342232395734,8.877164455580301,9.399922527051693,7.410837254647559,10.514697678387167,6.24606365077037,8.733401650295933,7.133468807514375,7.576987464880122,6.516375445343294,8.24817379230055,9.352664545114182,8.242535427806835,10.050481079467412,11.33137526994186,9.518963334375416,8.01220065036162,6.745338598458935,9.054409356209739,7.879066772245131,7.87004391245287,8.268174278517733,9.26094273370209,9.856569162345137,10.622743421073618,8.352480170046029,11.26413489621261,8.436515002672015,8.340235663770603,7.289897398958946,13.415855656410086,7.427677527278791,8.563408125320386,9.691064984634005,8.683006381423311,8.128373158902958,7.766648091632745,9.118785510658574,10.544659094050015,9.624178887441241,9.319182474487306,7.981902970065334,10.75017788081334,7.640705180193847,10.442977203891196,10.43353717029095,11.192692957754279,8.941108313870846,7.823264339617618,8.64834517839298,7.890678745919258,9.430122785912502,8.355392374355224,8.556765380090681,8.546985437451248,7.222335467179275,7.132930708599505,9.657822982761367,7.9538958997562075,11.64239460576711,5.84630967496798,5.624781237337092,12.208719646108557,11.274249628956971,9.052261512341172,10.71501785516739,9.145349654786546,8.466190649646117,10.464281462389847,8.747658627300426,9.441677547220523,8.244553258449868,8.863891418124073,8.991625634503778,9.107435117319127,7.817829822414905,8.801336541514976,10.693950175725176,9.304329157477765,7.667652903445833,8.59235873612865,7.60158742424743,8.149908289409664,11.313293573928288,11.211858383797368,8.014910642443033,9.63206115504727,8.461676455231316,8.084588918481666,10.199379203648407,9.073664054146104,5.138087146754923,10.642035983759783,8.145140156519183,10.538209816376712,7.18410418580832,7.222171611441621,8.029258364747317,10.541398663362813,8.057352806987433,10.008396470341186,9.689679260397781,9.18983500322391,8.531962682460918,7.119098826022493,10.264719644240268,10.084137229056195,9.187712743236077,9.197340141082632,10.17125110355495,11.46678074269459,6.623546687693435,7.9798785090639175
2096,6.357612641652433,6.646417243282001,8.734836936804157,11.191797684133055,8.632618927458923,9.262900751084093,7.915915330126882,6.081826482340694,6.537798282628256,6.792264487346018,4.717806595315538,7.211678135395053,8.306276462879033,6.872454943259558,8.485755066573617,8.241641493576267,7.157682646314304,6.95757428755363,7.34807319939137,5.227478272716203,6.92698287765185,6.579153888424241,9.23628566513459,8.355309791862963,9.562024277448652,11.016387320775546,4.305887852112459,8.836810424303021,9.696804182976482,6.918801809226477,10.293769234605135,9.88524447008968,6.671318110451105,7.340097490017071,5.0128846888740854,5.679841566582521,6.185839777439832,8.864991275469468,6.829548405266056,7.244445079565044,7.295626853437477,7.152272061258556,8.02859436944127,6.71416851244867,12.354508314530056,1.5603780726591752,9.39328068966667,8.050012758125865,7.262258860468862,6.837671111896639,7.318526135757568,6.737990984568993,8.733400141199432,10.420178850491846,7.809442056839667,7.007335570454597,7.964661985884113,4.899360204860572,8.645679119229317,4.132140998293955,6.9575912898716865,5.008623836189509,5.752367847164471,4.418438500290118,5.799413989981014,7.964256723721822,7.016661684711772,8.327318323403597,9.847895116359,7.6590362614641565,6.508484611163537,4.804616705824933,7.597449986139934,6.795778967315949,6.076379881302511,6.42753720929226,7.8766321162382775,8.15665125201146,9.01924543256561,7.065848561252152,9.206667960683506,6.441362156594797,6.879521280030412,5.428247751295569,11.949292438725626,6.2048913286998895,7.169986868711811,7.67240989794955,7.242822398245332,6.922967181727292,6.74902868469556,7.424294633558021,8.82426774104436,8.268924217671154,7.567274276415513,5.946222809950513,9.109052166113791,5.703775322685639,8.7702700500687,8.802486130098503,9.52413369864225,7.141006773376528,5.8823313989986925,6.997863329201937,6.116235792636877,7.6839189185450465,6.220267985388643,7.116918992375338,6.6117413796484445,5.204673117150863,4.558217178657655,7.928421650330221,6.119177739818893,10.032745995124179,3.8245335706529096,3.2070341095328376,10.882453017930183,9.585869578520464,7.905835388600823,9.084546138967076,7.396363747616615,6.997216273844242,8.615903013199567,6.744206142177187,7.8618853268679185,6.585139852762221,6.904725298533839,7.312179346134263,7.759196246167023,5.8800780549645415,7.160731970549873,9.221361842254801,7.567347380022209,5.850303300718466,6.835080265876609,5.761943664277594,6.82763633367916,9.613519908456759,9.945111432174844,6.8478913197914775,8.22284687732657,7.0908558528870325,6.764421002070112,8.539698208868503,7.150330225626629,2.9540546943588786,8.934470989803474,6.285142111778261,8.889269742369642,5.343752074381341,4.890090938905875,6.930872811346005,8.949360110362374,6.226115672507632,8.51640924538175,8.364401003966725,7.738961360758794,6.539764325724295,5.2102018875380365,8.558184163024032,8.485753082235655,7.527650608619054,7.47943486571312,8.580635761966313,9.507837387267507,4.722762140134972,6.2043086245656065
2097,6.086392025495398,6.1974164234667,7.897195824775203,10.574900575431773,8.56440367935033,8.576390809026258,7.775783127751847,5.903804559003692,6.2481645791117,6.74366103652223,4.822552263222891,6.279671401896407,7.424338338382805,6.700486320359954,8.249411451919325,8.005939060757896,6.226560001357876,6.124775524797113,6.336577557541174,5.1055787287778935,6.794443965985855,5.913470945610052,8.894763856098566,7.561009432132967,8.876297054105791,10.89327162221588,4.246036382327823,7.988020003869616,9.131907932717226,5.999161622390667,9.721928958556262,9.779170440574141,6.464901129233426,6.326815388197527,5.3431593174564425,5.482300105022973,6.056137639643814,8.615743850197262,6.23683163151145,6.287471944402008,6.736681685365485,6.990742983232286,7.036127672113222,6.613079573830652,11.983780725248932,1.5418669221730124,8.834750168732011,7.177142272928146,6.319999113293559,6.765438812046218,7.072889206936017,6.700178967853043,8.615492031492035,9.579323794821214,6.930065280661503,6.864332118424878,7.016797899942971,5.147298168069846,7.946467708924719,4.118445026078098,6.591298433727233,4.915525265391273,5.413193679543145,4.330642663616818,6.182994405257289,6.921483356120255,6.062313969857221,8.23838612540015,9.27232614005435,7.610045122689213,5.976638349479647,4.741029202938076,6.453816146557702,6.041033871985713,5.8217989353398805,6.1411409124988925,6.820422438711955,7.199250151114219,9.077350477077836,6.167397370240811,8.679787829004487,6.381187536079308,6.360561108794705,5.298169942925972,11.5171384914168,5.332096069665814,6.228377666773986,7.549359464439854,6.259938861275543,6.135256513054001,5.991287823894929,6.638837307017165,8.543951200000173,7.402942862490127,7.452166399308322,5.855260612635782,8.993037005436825,5.619853884367081,8.686928564618372,7.778134444664267,8.795963989506507,7.1010112064601545,5.8197626443258645,6.408766559485728,5.955616677115707,7.571426350382512,6.174167361752745,6.147922850824119,6.542120393558307,5.2025230361182855,4.946487598121167,7.168967042311001,5.795683481056119,9.508924068096254,3.807541977293019,3.343825281051723,10.206630086333586,8.924694049461134,7.080136817719402,8.99827935880628,7.159815585304949,6.2475395680501595,8.092178997294655,6.656878027679591,7.017065190035722,5.918047996751713,6.778531545452003,6.873022617964907,6.803516682622765,5.79662082164452,6.67055025105846,8.401774614792451,7.477723099034411,5.52461971760053,6.5437017125157855,5.6706465157712325,5.922679322290008,9.00665379235328,9.372183302353172,5.989112704992295,7.319599332392276,6.1484906597641,5.856969410906835,8.324930818430307,6.871989304520955,2.9288118060292874,8.843154064026374,5.965766782936609,8.7114097234504,5.027889565147203,5.13009911136509,6.139610328807915,8.748412508389043,6.141985891451098,7.500134828436219,7.311959724102554,6.577470158194677,6.507133767779538,5.1263676805999765,8.418131158783519,8.207320489760106,7.261386342089751,7.343859501054574,7.662933237208374,8.873454086739441,4.5346458872844435,5.876825981355946
2098,5.145716738598101,5.273325321232452,7.351197644072619,8.636600347428491,7.166828086792395,6.967535519394384,6.457013944099689,5.110802685392316,5.1753341798381545,5.761792410807361,3.907236791890245,5.798042209337241,6.983799527559818,5.658445054857895,6.809151439831177,6.640744885493966,5.759391183611652,5.73539772475588,5.829556596690211,4.085572679238077,5.521686798539661,5.738569941779132,7.050245610290562,7.152676268320146,7.914280967683545,9.103760628543542,3.4506010476355296,7.513306682479795,8.068872720003128,5.521188093670482,7.7247020836020335,8.627689645850452,5.283032542672655,5.8191254827483,4.357602009742425,4.197316182070767,5.165773102949403,6.952602835050945,5.6530230507768415,5.82643435047618,5.9363806073007925,5.7571063473306845,6.540768572354109,5.73942845957033,9.944670089359942,0.5129627514759002,7.6495394619374455,6.661779066933125,5.771408258840959,5.950994323039885,5.756210222326476,5.855626173574346,7.199471329306731,6.99674783235994,6.483355871562298,6.124703534204384,6.518903592922564,4.192236396628599,6.896384671844289,3.20819285177979,5.603628148292676,4.001600834268045,4.407599504137865,3.297241589632531,5.196490478541314,6.389816424199222,5.590424577480757,6.85184800830381,8.32959604468839,6.36430583020737,5.36833892383709,3.9283952145227072,5.835708358164494,5.68611686776296,4.698395938708865,5.086917942068699,6.2747115986100575,6.628103866884162,7.626524927030349,5.750286688450081,7.120293986180738,5.452594821309221,5.652423935717548,4.506220293199197,9.610287559443508,4.918837312737416,5.673775499236995,6.457421660937112,5.659131216591801,5.710363143990784,5.663968299740346,6.080064495832756,6.914507159385187,6.937979325138287,6.147959018575733,4.792331713283886,7.678089559463593,4.745371769214499,7.32927052641352,7.223233517066672,7.857684821853866,5.717833422381303,4.9222147575226325,5.639379944266943,5.15120144496704,6.050550417653446,5.377517190986667,5.535029784615703,5.6236473404128,4.306897961759362,3.942864490247427,6.628397293131927,4.777667724687992,8.27278495951283,2.9866986209847797,2.418375170179484,8.184418196308199,7.6145806202086925,6.678177065248119,7.69470761485141,5.5892762387620945,5.616279168279265,6.937247166602773,5.928373380981641,6.4893008337580955,5.275383147700084,5.834426044390119,5.9908342063426945,6.293855070297062,4.968266096608393,5.949233752129412,7.909603409709988,6.12998269755265,4.523745985380531,5.555669031138052,4.358475322353425,5.41383106801017,7.703954264521601,8.285244466929605,5.588183994950923,6.820358693342782,5.6099546176606205,5.3589751355606925,6.938220120131459,5.746867730250132,2.063642480763895,7.4351391941308975,4.926860496080643,7.379242953659707,4.007857152100268,4.183939735951095,5.753456782806541,7.204509128784311,4.793226640799947,6.9819071147077025,6.895763004937302,5.985582276648867,5.515259504318237,4.28824997841027,7.051385443786096,6.53644866274734,5.789005014403112,5.903018784934075,7.113004998143382,7.399555180607172,3.7681438969127057,4.823557890566258
2099,6.18068124662186,6.414169516542867,8.425922239070827,11.111899389417697,8.87750735210961,9.328654438257217,8.262723363679031,6.825773625024433,6.386962307360151,7.476448522944906,5.698969796797714,6.7019672720725145,7.947350657769835,7.5765604294579605,8.636253806537598,8.485148289080321,6.6249183620615195,6.529452749142618,6.766919390715916,5.423122141638707,7.325769932362534,6.715218874015687,9.327966696229476,8.080113006306103,9.442892040415058,11.034928053264219,5.163488912942082,8.591642771686974,9.676656730473042,6.453337652929898,10.199238562378392,10.191539134444863,7.096364847777791,6.782961808401965,5.982832344570036,6.09099662355308,6.786539486769972,9.004639762228935,6.546050353039954,6.743461404894959,7.325738644805448,7.555792022038835,7.505858292867393,7.445635719802874,12.215836483856727,2.5852909699596234,9.57044502887232,7.615001095009261,6.699428903645485,7.727420956859817,7.617061604713571,7.62406906048799,8.963152735397731,10.185203270151696,7.4197560975584995,7.785583612220042,7.561637056284939,5.860127436703651,8.569170784076736,5.008866040871063,7.127525183661229,5.819110414077493,5.60196335523807,4.613563830996385,6.744153154307399,7.360299744225777,6.473116218144525,8.579233175978581,9.83162053032168,8.117820199707458,6.573352680637921,5.646162833633088,6.863764802957405,6.437558542768446,6.390948391575689,6.242026744731541,7.315435624713531,7.849366126903177,9.738276803287972,6.619813948098953,9.360589575150918,7.162811661588736,6.6200754267388415,6.201967407403319,11.89247148201383,5.852687425654513,6.646893287559269,8.323788128022489,6.658036346065588,6.538633807771032,6.376287371947847,7.221988889677773,8.91396046712481,7.921594434000295,7.944669575815826,6.6361869234463295,9.344797505900779,6.457069500766956,9.01079606187755,8.42717796204419,9.490907859185649,7.512718504102066,6.639145027460724,7.031699787439969,6.744480817482386,7.913013428449634,7.107856734045621,6.540843671765819,7.30889607596629,6.050670037495679,5.5386476307336645,7.756434091206255,5.97949487895801,10.096095612079937,4.734506329071934,4.190825616491253,10.777522843459558,9.615666635077574,7.537933234510746,9.32975036580244,7.547352590437596,6.7254378573391005,8.647913833959676,7.589235369244525,7.582994820485857,6.543670760242849,7.556940643181063,7.101046699259816,7.208790709232465,6.412941074576869,7.247632601908575,8.956332693069145,7.869140141354554,5.692122646446888,6.690554444902931,6.21128605357532,6.352392427302124,9.645504835029612,9.781943690930976,6.3919372493080004,7.839670806609354,6.592874515930129,6.300045767220959,8.794675792085718,6.972677991308015,3.9039686752547493,9.158594289730335,6.136809879014719,9.18912152971687,5.211523795179252,5.840825180041377,6.488214418035127,9.12336345522761,6.644717821787143,8.0951382569198,7.934171567189281,7.047780135325318,7.214626292168193,5.992261481824624,8.829246844710982,8.63607790561971,7.730047408876751,7.7794224535082925,8.25295538352481,9.656523517935115,5.514901740540717,5.940636346309346
2100,6.985177426502629,7.34743750455051,10.046691599976402,12.416704977380823,10.321707311889227,11.413497066446418,9.568725777597264,7.551101880372858,7.309663974005598,8.366800674333653,6.576222183375526,7.595839846076381,9.382383523830054,8.563521831713876,10.114854730922602,9.864790596324823,7.608981855695361,7.269768370636581,7.711223659844234,6.299572664537823,8.606450188326939,7.006031551751597,10.846842742171784,9.432082897373313,10.98689352335601,12.79753310721496,5.879490492865441,10.104965638112407,11.1812800896065,7.3432323007748055,11.545115622980845,11.421625067303282,8.289419628679752,7.8058533383340665,6.872246788493515,7.41730289726422,7.6305440664291355,10.586148695763331,7.239803272588498,7.642291551777,8.876755916866763,8.773457327151092,8.50434158434128,8.198677704252045,14.108958786931531,3.543617597106716,11.113778819297918,8.64724696498236,7.693966466034279,8.427758545711123,8.937889245049707,8.342526212848467,10.408784588863114,11.834085843301022,8.795237183785629,8.386967202070462,9.063372489225511,6.773024718694648,10.483908456975016,5.815190514613841,8.633693966853977,6.589455287004348,6.466443941767876,5.538688040755945,7.6000624582942145,8.405924262928552,7.43903306088057,10.006523521809743,11.324342608451843,9.294668393402269,7.4129450372580825,6.384291758825044,8.222039316234918,7.096584151531087,7.78417089478723,7.168938374981794,8.684511451564475,9.727942466350472,11.187338923585823,7.418700961588786,11.34077105953776,7.973455168949122,7.376054034407797,6.891452661683337,13.660885042157668,6.659036916391604,7.6114529263356685,9.30317047816412,7.701944504007456,7.297569634071713,7.009849082678557,8.937477980708257,10.516389720398802,9.379312757788036,9.25427602796719,7.565056131831534,10.723501833155755,7.228035989249577,10.398808858389486,10.259917182526712,11.140222089814722,8.908876640015633,7.43300747845707,8.43056359177391,7.536823934522169,9.42993621990599,7.837538790953315,7.598723641243476,8.095737432611402,6.857439702954786,6.481922583654524,9.494445951334367,6.8725854130140664,11.747016734604177,5.47942063777611,5.046804303817197,12.119607349921917,11.370809509129874,8.788069212488061,10.708768912751612,9.129288539804262,7.655489140671902,10.383033915326514,8.212823820525202,9.202696315237674,8.049271791145722,8.416807249188425,7.952105666542876,8.177715846048347,7.192380508215266,8.1417572179745,10.534696777319086,9.26228535165689,6.586367414878874,7.530242571542999,7.569901230006385,7.266992167666039,11.392530762718918,11.335706095243326,7.171756063941224,9.406986532062453,7.544489188954748,7.213638780124747,10.196726153379887,7.951122000813485,4.696976085161342,10.620094874552613,7.031742589291311,10.51500550554744,6.087448064880125,6.666268167824586,7.272778348676088,10.49936599669785,8.006202144869443,9.78403504501129,9.421161901077317,8.21882285537391,8.105339597268348,6.732499496176326,10.22295124058066,10.03081541961252,9.197883832043619,9.159309698140316,10.021934845709593,11.548624550859472,6.215075649064166,6.877177330312031
