Year,1,2,3,4,5,6,7,8,9,10,11,12,13,14,15,16,17,18,19,20,21,22,23,24,25,26,27,28,29,30,31,32,33,34,35,36,37,38,39,40,41,42,43,44,45,46,47,48,49,50,51,52,53,54,55,56,57,58,59,60,61,62,63,64,65,66,67,68,69,70,71,72,73,74,75,76,77,78,79,80,81,82,83,84,85,86,87,88,89,90,91,92,93,94,95,96,97,98,99,100,101,102,103,104,105,106,107,108,109,110,111,112,113,114,115,116,117,118,119,120,121,122,123,124,125,126,127,128,129,130,131,132,133,134,135,136,137,138,139,140,141,142,143,144,145,146,147,148,149,150,151,152,153,154,155,156,157,158,159,160,161,162,163,164,165,166,167
2026,15.290309679508216,16.395791399478917,17.665316879749305,18.773046231269838,16.806203359365462,17.90278711766005,17.388933348655705,16.168895941972732,16.107990294694897,16.756591129302983,15.535453695058823,17.41616083979607,16.731728124618535,16.10363537669182,17.149881041049962,17.650746113061906,16.69318969845772,16.517346608638764,17.23459720611573,15.04502167105675,16.54515912532807,15.196640276908877,18.717718899250038,16.67093657255173,17.765541160106665,18.558989393711084,14.905823928117758,17.49149448275566,17.189447951316836,17.252543640136725,19.081490898132323,17.291603636741637,16.410592764616016,17.505593672394756,15.606711578369138,15.045778343081476,16.93721232414246,17.973011231422426,15.900855278968814,17.398435920476917,16.32341841757298,16.810277891159068,17.46597668528556,16.81250555515289,18.990891051292426,13.434593135118487,17.916848421096798,17.61412901282311,17.43317844271661,16.069214046001434,16.840645879507058,15.953682255744932,17.65774937272072,20.757005476951605,16.761893647909172,15.941629850864405,17.44151315689087,15.547680640220639,17.29816224426032,14.85703311860561,16.083105272054674,15.652947962284097,15.340030246973049,14.472603902220726,16.439304912090304,17.679020103812217,16.571561026573182,17.27591291069984,16.923822033405305,17.459199941158296,17.165011334419244,15.546841600537295,17.390863662958147,16.04699929952622,15.416249504685405,16.030173498392106,17.643706801533714,17.159158460795883,17.020225036144264,17.29077530503273,17.93223706483841,16.66554933190346,16.234127867221833,15.70633504390717,19.25411181449889,16.576748305559164,17.672862756252293,17.021633583307267,17.831214833259587,16.776174998283373,15.67849760055542,16.240801388025282,17.78574404716491,17.01532253026962,17.104116714000703,16.261250397562986,17.093016982078556,16.149066340923305,17.593180227279664,17.74690368622542,18.09009282588959,16.16776102781296,16.615918457508094,16.344202712178227,16.99874330759048,16.729447931051258,15.958814656734466,17.80707274377346,16.919906193017955,16.09142709374428,15.272098255157465,16.615314455330374,15.67997828722,17.61967849731445,14.65701819956303,13.770263278484347,19.620613670349133,17.865337079763417,16.443888950347908,17.084876680374144,16.654125577211385,17.169741606712346,17.26349458396435,16.133604598045352,16.968218749761576,15.743979062885046,17.05743774771691,16.768111002445227,17.616077643632895,16.18715918064117,17.371412754058845,17.720869582891464,16.61595661640167,15.545883470773699,16.16317825317383,15.03663041591644,17.27187423706054,17.73808865547181,17.41318389177323,16.427845919132235,17.43267388939858,17.67826994657517,17.209885010123262,17.62852451205254,16.69240927696228,13.886787566542619,17.487229090929027,15.799129790067672,18.04381299018861,14.986294701695446,15.570985221862793,15.765116012096396,18.208473479747774,15.481300657987589,17.33739043176174,16.872781538963316,18.01015014406294,17.20345821380615,15.595977425575262,17.84759625196457,17.55327037572861,16.921276476979255,16.708728873729704,17.3333026394248,18.276653087139135,14.630866372585297,15.136063176393517
2027,15.505752182006836,16.456393766403203,17.506791102886204,18.3729659318924,17.479217052459724,17.486624908447265,18.093630683422088,15.759318387508397,16.24166318178176,16.408241224288936,13.87475664615631,17.223232340812682,16.601601719856273,15.424128472805029,17.963558483123784,18.397952616214756,16.49236444234848,16.396559071540832,17.000485277175898,14.631956744194033,17.227722203731542,15.381495928764346,18.92904572486878,16.54869339466095,17.619151473045356,18.595538759231573,14.48074612617493,17.312795782089232,17.07244579792022,17.035588002204896,18.64429571628572,17.957108569145202,16.992536079883575,17.27198143005371,14.056374377012261,15.750818341970447,16.550293731689454,18.27306623458863,16.009460568428036,17.196348929405204,16.3983139038086,17.36434438228607,17.194143795967104,16.37059355974198,18.078712248802184,12.929566636681562,17.785092663764956,17.343194472789765,17.221132647991176,14.477882754802703,17.635003709793097,14.258027696609497,18.35154923200607,20.137229788303376,16.723775029182438,14.937269628047947,17.289404749870304,13.929007840156558,17.003453099727633,14.388624978065497,16.336478638648984,15.158337736129763,15.438309073448181,14.139422512054447,14.867062628269199,17.389290761947628,16.396941447257994,17.91901471614838,16.734230542182928,17.76310656070709,16.84899592399597,15.126986312866212,17.134532952308653,15.988746356964105,15.871304738521577,16.183193159103404,17.41668645143509,16.921798235177995,15.580422580242157,17.122332501411442,17.56914786100388,16.18691771030426,16.32583637237549,15.275488317012782,18.25273859500885,16.33926640748978,17.45730630159378,16.284073817729954,17.593409490585323,16.657793748378754,15.61398305892944,16.037567579746245,18.395428419113163,16.919606518745436,17.807337522506714,15.964848124980927,17.8081113934517,15.727801358699804,18.19842948913574,17.51963503360749,17.855791664123544,16.80470476150513,16.20773026943206,16.559167909622197,16.60592777729035,17.492985594272614,14.356115698814397,17.55652247667313,16.4554269194603,15.693057692050933,13.743025618791586,16.371433329582217,15.79637973308564,17.366630280017862,14.239128410816193,12.565065008401875,19.170571374893196,17.614004611968994,16.4134241104126,17.764792203903202,17.571766579151152,16.902048075199136,17.022536778450025,14.603675746917721,16.806808638572694,15.751755487918853,16.780837202072142,16.881116628646858,17.365181910991666,15.451454818248754,17.04049719572068,17.532449638843538,17.249379277229313,15.641642642021177,16.35146322250366,15.687885546684265,17.05699498653413,17.52070866823197,17.291735649108887,16.318826830387124,17.33067578077317,17.45075891017914,16.981601464748387,18.366026616096498,16.872715568542482,13.255775421857837,18.181877899169926,15.914330792427066,18.726274967193607,15.090082848072052,14.521030950546267,15.663257551193237,18.551732206344614,16.1394269168377,17.174177086353303,16.76082358360291,17.649931442737575,16.79209899902344,15.131193506717684,18.547501254081727,17.774503517150883,17.725337707996378,17.24200831651688,17.10790520906449,17.979266059398643,14.211759698390964,15.316962456703184
2028,16.534651887416842,17.60880333185196,18.087367105484002,18.802356576919557,17.353826940059662,18.86099970340729,17.860525560379035,16.607719421386715,17.60652289390564,17.121086561679846,15.81745799779892,17.492238259315492,17.089834380149846,15.978025019168857,17.60393403768539,18.174864375591277,16.84391195774079,16.58901230096817,17.359884202480323,16.292795956134803,17.026084434986124,16.148342180252072,19.059728193283075,17.02822244167328,18.34504554271698,18.517487168312066,15.330025911331173,17.89884669780732,17.797794556617742,17.35758019685746,19.13719775676727,17.686920833587656,16.90801984071732,17.640900790691376,15.923060739040375,15.590227198600768,17.33136094808578,18.03726511001587,16.48581192493439,17.494486653804774,16.82065595388412,17.275500714778907,17.574016165733337,17.168013334274285,19.705985116958622,13.881541389226916,18.614505672454833,17.76201041936874,17.54810122251511,16.273956608772277,17.375214385986332,16.174512696266177,18.14836615324021,20.772997260093693,17.091107833385472,16.156223678588862,17.81562758684159,15.832976984977723,17.94110717773438,15.223997890949255,16.578769552707676,15.926807558536538,16.871564817428595,15.721963405609136,16.735155415534972,17.806381785869597,16.695735263824467,17.777462279796612,17.57270720005036,17.89428234100342,17.389202713966373,16.003362548351287,17.68867834806442,16.094835472106933,15.926617562770844,17.436183941364295,17.91306486129762,17.625270569324506,15.96393225193024,17.34505633115769,18.815089833736423,17.00223536491394,16.96114320755005,16.1129024028778,19.971391820907595,16.7602290391922,17.76374299526214,16.840779745578764,17.942012202739726,16.83344420194626,15.736472177505494,16.71142176389695,18.030264627933512,17.368988084793095,17.575602746009828,16.564797151088715,17.506199026107787,16.576476848125463,18.104873049259187,18.18317140340805,18.715833663940423,16.693989598751067,17.04349155426026,16.838099193573,17.39312390089035,17.24326374530792,16.175453019142157,17.917429125308985,17.271836268901815,16.540466904640198,15.662143659591678,17.050976306200024,17.221637403964987,18.28072727918625,15.088249504566193,14.125275480747217,19.624524402618412,18.639812088012697,16.730482351779933,17.527609777450564,17.16484795808792,17.37653760910034,17.809135699272158,16.303252291679378,17.390315997600567,16.20367715358734,17.48738273382187,17.87695426940918,17.74123417139053,16.826477980613713,17.62979632616043,18.094825816154483,17.12437752485275,17.053367888927458,17.525790417194365,15.580544042587283,17.373725175857544,18.48673570156097,17.970636987686156,16.508000528812417,17.829516339302067,17.771719098091125,17.31372872591019,18.136160647869115,18.207827925682068,14.264971399307251,18.00269919633866,17.325308847427372,18.532005763053895,16.54354195594788,15.953047978878024,15.878783738613123,18.574893617630003,16.013515317440028,17.741048717498778,17.23855577707291,18.134090220928194,17.647199320793156,15.99151251316071,18.331103634834296,17.867122745513928,17.43373148441315,17.162896263599407,17.74374830722809,19.155634498596196,14.925253891944886,16.563002896308905
2029,16.853438735008247,18.16918436288834,19.11730593442917,20.268465065956118,18.000958776473997,19.753033655881875,18.545967698097236,17.262063330411916,17.997911906242386,17.89047024846078,16.610899281501766,18.593326783180235,18.067718005180364,17.244600319862364,18.35627746582032,18.903762793540952,17.896577942371362,17.54947296380997,18.516452252864845,16.77881180047989,17.66127822399139,16.586916685104363,20.19787174463272,17.993137085437777,19.063309550285336,19.75373046398163,16.036312049627305,18.961233615875244,18.335411763191225,18.512770605087283,20.56817557811739,18.246991539001463,17.51284511089326,18.82196432352067,16.56797425746918,16.225984001159674,18.034916937351234,19.321673989295956,17.17436355352401,18.633273661136627,17.807623308897018,17.997322726249703,18.773783850669865,17.8978026509285,21.035072326660153,14.75583684742451,19.236834502220155,18.85916156768799,18.675055456161505,17.15775753259659,18.129704558849333,17.047002029418955,18.81125755310058,22.740778994560248,18.034626197814948,16.95349650382995,18.905421936511992,16.550462478399282,19.01393544077873,16.020156702399255,17.483770728111267,16.86677668392658,17.26133822798729,16.21125814914704,17.375177013874055,19.043419921398165,17.780300784111027,18.418668997287753,18.382156825065614,18.564466714859016,18.35956428050995,16.69364731907844,18.910965222120286,16.997051417827613,16.685116308927544,17.81245156526566,19.10853073596955,18.92208749651909,17.925374460220333,18.40683988332749,19.644185125827796,17.776752847433094,17.582625210285187,16.82457346320153,21.402940583229068,17.89968857765198,18.984552836418153,18.194439661502845,19.17821661233902,17.81695243120194,16.60401929616927,17.858699458837513,19.109191942214967,18.336284995079033,18.241662943363202,17.506872057914734,18.13705352544785,17.236977207660686,18.70999799966812,19.455208444595335,19.6179238319397,17.352234554290774,17.71145313382149,17.710971045494084,18.136705654859554,17.99690843820572,17.019666504859934,19.17810167074203,18.00050590634347,17.215338587760925,16.317885833978657,18.274039125442506,17.61227385401726,18.933980917930604,15.797807410359392,14.823693355917934,21.16823244094848,19.3682354092598,17.593282389640816,18.14204975366593,17.98239834308625,18.415533280372625,18.834718608856203,17.16860622167588,18.46051005125046,17.2133272767067,18.124163770675658,18.418984961509707,18.878074896335608,17.45386892557145,18.51925122737884,19.172353589534758,17.76104812622071,17.443428850173955,17.88578389883041,16.221301275491715,18.540168392658234,19.17690354585648,18.488068604469298,17.483062124252324,18.848722457885746,19.020368945598605,18.50951185226441,18.88391717672348,18.585257363319393,15.033984512090683,18.647120141983034,17.715969985723497,19.25506237745285,16.946484625339515,16.582255691289898,16.783694446086876,19.4242214202881,16.673334068059926,18.856526112556466,18.29657171964645,19.51107709407807,18.27696588635444,16.703786152601246,19.01268661022187,18.862790143489836,18.23558151721955,17.907402420043944,18.95367614030838,19.965543365478528,15.71339074373245,16.90963485240937
2030,15.853590023517603,16.94158525466919,17.650281631946566,18.777591586112976,17.05740007162094,18.45542778968811,17.479017102718366,15.692037877440447,16.83811514377594,16.28404943048954,15.278952127695081,17.259752571582794,16.705733656883247,15.484112370014193,17.236056655645367,17.79200412034988,16.625982844829558,16.37912681102753,17.13633887767792,15.572211354970937,16.633158683776855,15.321296763420104,18.810771429538732,16.659348285198213,17.98651585578919,18.732989418506623,14.445536706899295,17.490315985679636,17.504303038120263,17.125093096494673,19.06935334205628,17.406352198123933,16.45091019272805,17.410853672027592,15.389707630872726,15.20202245116234,16.514811992645267,18.019637441635133,16.070475387573243,17.264514350891112,16.41309373378754,16.8136786878109,17.346794283390047,16.294587886333463,19.002978610992432,12.841381388902665,18.19379942417145,17.49437468051911,17.32182470560074,15.764595270156864,16.992335903644562,15.685945808887476,17.792025250196456,20.678607726097116,16.68742204904558,15.542901182174683,17.423093193769454,15.320767015218738,17.5290888428688,14.310314080119136,16.16994018554688,14.984979778528214,16.086717605590817,14.987803679704664,16.22524827122689,17.61115918159485,16.49742410182953,17.42327708005905,17.20780005455017,17.354565858840935,16.930644965171812,15.114026193320763,17.412102872133254,15.91004365682602,15.526498183608059,16.697918164730076,17.613383013010026,17.16083298921585,16.490290176868445,17.102723002433777,18.408279287815105,16.10655675530434,16.495332396030427,15.23214932978153,19.275733995437623,16.539773350954057,17.53013062477113,16.33116028904915,17.701935160160065,16.63486546278,15.560084211826325,16.296536403894425,17.880396509170534,16.970913922786707,17.185443490743644,15.714636482298378,17.1962272644043,15.686817497015003,17.765791368484503,17.726825582981114,18.324497759342194,16.32328968048096,16.16198903322221,16.422292107343672,16.600354877114295,16.88485782146454,15.685175323486328,17.68640516996384,16.3862375497818,15.678669148683554,15.130409830808642,16.631251412630085,16.434945380687715,17.973432385921477,14.20266831070185,13.465610513836145,19.573224091529852,18.28665922880173,16.345049798488624,17.2299367427826,16.77289828658104,16.992730772495282,17.444897055625923,15.851997888088231,16.94727513194084,15.760868513584139,16.650686180591592,17.256397044658662,17.526768875122077,16.17839384675026,17.08575804233551,17.697930121421813,16.759490400552753,16.282287251949317,16.807394087314616,15.202885085344317,17.151008355617527,18.149172246456153,17.64539477825165,16.29072082042694,17.40880731344223,17.541900229454043,17.101285076141362,17.771184802055352,17.40459487438202,13.414387190341952,17.67963710427284,16.541968786716463,18.175502133369445,15.750370264053341,15.272316282987589,15.69318888187409,18.303954648971562,15.623341199755666,17.306171047687535,16.815603566169738,17.934171253442763,16.725993493199347,15.090537343919276,17.953393870592123,17.631099271774293,17.037966084480285,16.828738802671435,17.314046901464465,18.754002940654765,14.071797609329224,15.810143458843237
2031,17.18222427368164,18.189836680889126,18.465417122840883,19.351414585113524,17.197613573074335,19.127869689464568,17.6574475646019,16.459922194480896,18.277734315395357,16.983795249462126,16.045836758613593,17.835902404785156,17.44323587417603,16.085584115982055,17.403161501884465,17.94793006181718,17.19663486480713,16.870061922073365,17.730146586894996,16.81036044359207,16.873778080940248,16.02002489566803,19.24562487602234,17.34706056118012,18.61360807418823,18.498271131515505,15.175318539142614,18.25344985723495,18.00793511867523,17.719967877864843,19.701430845260628,17.51495938301087,16.768522405624395,18.034360134601584,16.070791578292848,15.448835062980654,17.25376722812653,17.95381234884263,16.94030413627624,17.86725788116455,17.009409356117253,17.088721644878383,17.964613187313088,17.052285480499272,20.651930403709414,13.680506852269172,18.80417275428772,18.1063325405121,17.8833596944809,16.584896099567416,17.166382801532748,16.43101358413697,17.97536739110947,21.574484729766848,17.41232271194458,16.210041034221653,18.225756156444554,16.041213285923007,18.252656483650206,15.062157237529755,16.631649720668797,15.78236206769943,17.52971980571748,16.271619570255282,16.897639250755315,18.220239794254308,17.047495436668402,17.61594053506852,17.778654170036315,17.735229432582848,17.549824070930494,15.853169059753416,18.120179712772376,16.354475927352905,15.876109981536871,18.136969554424287,18.341398084163668,18.009399759769437,16.754031205177306,17.681654191017152,19.06505554914474,16.86331340074539,17.454905056953436,15.976694500446325,20.92599165439606,17.12554883956909,18.11594717502594,16.937724149227144,18.30735253095627,17.116054677963263,15.976714468002323,17.103640961647027,17.88763792514801,17.725228357315068,17.397639870643623,16.43747133016587,17.341211307048795,16.43652412891388,17.952264225482942,18.594640195369713,19.027550601959234,16.5161540389061,16.912408506870257,17.007921278476715,17.31469138860703,17.04409331083298,16.440357613563542,18.28670845031738,17.14191100597382,16.390095555782317,15.877140617370605,17.408142328262322,17.865676426887518,18.500380063056944,14.931315207481385,14.175970733165746,20.24206836223603,18.910977423191074,17.001835203170778,17.36686689853668,16.95519752502442,17.63099687099456,18.106477296352388,16.599020993709562,17.77746427059174,16.45719516277314,17.353144240379336,18.449179601669307,18.11536358594895,16.988277184963227,17.750321984291084,18.426974678039556,16.949123907089234,17.732893121242522,18.198364233970636,15.445089542865755,17.711171174049376,18.74037795066833,18.188374376297,16.81055815219879,18.217039072513586,18.12356728315354,17.6795544743538,17.91619634628296,18.87057662010193,14.15268741250039,17.848032104969022,17.998577618598937,18.312638187408457,17.203356909751896,15.95632362365723,16.160490703582767,18.624343085289006,15.845792996883395,18.153543984889982,17.612433469295503,18.600434875488283,17.501494467258453,15.830077612400052,18.132646834850313,17.993952393531803,17.21508486270905,17.08165578842163,18.115973126888278,19.42375214099885,14.75423082113267,17.288412582874297
2032,15.627872824668884,16.683618628978728,18.330325102806093,21.122338652610786,17.50412697792054,20.692598390579228,17.94854625463486,16.06200933456421,16.35378648042679,16.60686811208725,14.183935403823856,17.75330886840821,17.3262009382248,15.815233051776886,17.71793919801712,18.254428184032435,17.136982262134552,16.83408350944519,17.612562310695647,14.82747939229012,17.088552188873297,15.83176980018616,20.32525475025178,17.262272405624383,19.380389046669013,19.271245121955875,14.769798314571386,18.202186012268065,18.998267650604255,17.580904901027676,21.411271786689763,17.804316902160647,16.89979327917099,17.94560812711716,14.406658542156219,15.682731163501742,16.867067635059357,18.606329369544987,16.258699214458478,17.740343403816215,17.029524827003478,17.271828866004938,17.847320437431343,16.6116917014122,22.306326079368596,13.257493460178377,19.94554946422577,17.96366324424743,17.824611544609073,14.79202225208283,17.466945958137522,14.563891386985778,18.2444048166275,24.009492683410663,17.306253838539128,15.194663786888125,18.079572772979745,14.251939547061918,18.90057291984558,14.661491584777838,16.740048885345455,15.357849693298343,15.56110657453537,14.312071079015734,15.228245031833652,18.130462455749516,17.02533812522888,17.85522011518479,18.927622818946833,17.75892254114151,17.319361639022826,15.446313393115997,18.050214207172395,16.371432828903206,16.041582131385802,16.298565840721132,18.23563321828842,17.922471797466283,16.02137787342071,17.56285827159882,20.509772825241086,16.430057561397557,16.591139757633215,15.540706920623785,22.692130994796752,16.935853159427648,18.074824821949008,16.57308789491654,18.252326321601878,17.11779410839081,15.998848342895508,17.001663076877595,18.43786602020264,17.597520160675046,17.652482509613048,16.085262846946716,17.613878822326665,16.029972863197333,18.189126265048976,18.48127316236496,19.70311026573182,16.764699041843407,16.519120311737062,17.003148400783545,16.940638732910152,17.3638690829277,14.651888060569764,18.234380340576173,16.701739978790282,16.014632272720345,14.093315505981446,17.34376131296158,15.910114508867263,19.630802345275875,14.534017550945284,12.918269979953767,22.1223584651947,20.177029061317448,16.9196275472641,17.651022529602052,17.30349862575531,17.438599598407748,18.833573293685912,14.865965676307678,17.64174770116806,16.41253690719605,17.03485478162766,17.084959948062902,18.001610219478607,15.803268945217136,17.488603579998014,18.347299098968517,17.181846702098845,15.7759755730629,16.46210329532623,15.66386412382126,17.65381712913514,19.97182691097261,19.111914896965025,16.760886693000796,18.07673931121826,18.08209980726242,17.582731223106386,18.236606609821322,16.964523601531987,13.553904581069947,18.137110817432397,16.04395447969436,18.611398148536683,15.202073496580123,14.880465531349184,16.127861714363103,19.326556515693674,16.0877421617508,18.007295489311222,17.485283923149115,18.514749324321755,17.098371171951285,15.421865236759185,18.409514200687408,18.871104025840758,17.538036000728617,17.503412759304044,18.02957137823105,20.852739763259883,14.452484595775607,15.494046413898465
2033,16.62564792633058,18.050996243953712,19.61993989944458,20.38166208267212,17.89459676742553,20.676163518428805,18.349893593788142,16.5402534365654,17.79288963079452,17.15781820416452,16.105098104476934,18.72367293834687,18.51986372470856,16.297611570358278,18.125120484828948,18.687621438503264,18.112282335758206,17.640088725090035,18.681577050685892,16.53680957555772,17.482397174835206,16.545036220550536,20.175550186634062,18.412970948219307,19.66098306179047,19.332842135429388,15.26933063864708,19.43612592220307,18.938127708435065,18.65087854862214,20.7123834848404,18.0551472902298,17.311565005779272,19.037461149692547,16.201246082782745,16.10655779838562,17.397147279977794,18.81166529655457,17.09454791545869,18.78456387519837,18.08771204948426,17.72111817598343,18.93358722925187,17.120027709007267,21.49687941074371,13.875909665226933,19.921527719497693,18.996096241474152,18.84553542137146,16.58361788988114,17.94257574081421,16.4842988371849,18.648874032497403,22.909192776679998,18.428559112548832,16.315209603309633,19.38338656425476,16.10783120393753,19.67077292203903,15.22384857535362,17.604604494571685,15.943992954492566,17.062323653697966,15.931732034683227,17.005055522918703,19.25269732475281,17.9923454284668,18.264645767211913,18.789349699020388,18.19476971626282,18.13249105215073,15.935021060705186,19.328878235816962,17.060086226463323,16.684097814559944,17.605089187622074,19.49838387966156,19.4421658396721,16.901119828224182,18.50985859632492,20.506568062305455,16.996952211856843,17.492365360260013,16.045327132940287,21.852546310424806,18.04347867965699,19.133823621273045,17.106858050823213,19.354468321800237,17.900127911567697,16.66982682943344,18.385117232799534,18.734851586818696,18.778715419769302,18.04751474857331,16.694899386167528,17.931080818176277,16.506876432895663,18.588729274272925,19.973236632347113,20.25893759727478,17.172912967205047,16.969218999147415,17.92338275909424,17.45878735780716,17.80869530439377,16.458355426788323,19.372910487651822,17.21726188659668,16.493179839849475,15.933614552021027,18.760623347759246,17.41417617797851,19.605844497680664,15.050581571459773,14.291116863489147,21.29147617816925,20.128666424751287,17.941015648841866,17.978804254531866,17.728199589252476,18.39312953948975,19.367440283298485,16.610710835456846,18.9675306558609,17.566620767116547,17.500001251697547,18.261238551139833,19.054302954673762,17.100506985187533,18.256198215484623,19.594765949249272,17.599729800224313,17.249819219112396,17.65867204666137,16.10294817686081,18.696757090091715,19.913499426841735,19.059604930877704,17.60197125673294,19.3386356830597,19.1763776421547,18.67262197732925,18.651170074939728,18.365133762359616,14.29524542987347,18.520443952083603,17.518968677520753,19.02154285907745,16.73924243450164,16.08247067332268,16.933421659469605,19.37476313114167,16.5126554608345,19.374598026275628,18.761645138263706,19.782079994678497,17.561023449897764,15.917940545082093,18.81599553823471,18.799592053890223,18.00824794769287,17.768656158447264,19.43365195989609,20.812087941169736,14.945241284370429,16.688688731193547
2034,17.07928370237351,18.33621871471405,20.432908892631534,19.908363389968876,19.232642734050756,21.13414324522019,19.88278135061263,17.45095264911651,18.158948028087618,18.113882243633277,16.728728520870213,18.84993102550506,19.32916523218156,17.367968440055854,19.797389781475065,20.273629117012028,18.18885618448258,17.848851144313812,18.76717898845673,16.910756111145023,18.947195303440093,16.950494396686555,20.80708310604096,19.22504278421402,20.213525426387786,20.328454756736758,16.173976778984077,20.20687619447709,19.330928802490234,18.75277180671693,20.211428713798522,19.379967284202582,18.67046389579773,19.119492161273957,16.712127447128296,17.538905668258675,18.224884474277502,20.2517749786377,17.524058640003204,18.892980802059178,19.071604013442993,19.197788238525384,19.073132658004766,18.00502414703369,19.494315028190616,14.97240814268589,20.44053144454956,19.18174985647202,18.971266508102424,17.347228741645814,19.572052085399626,17.161658143997194,20.08835189342499,22.21348910331726,19.365725553035734,17.141087698936474,20.088605618476862,16.682056891918183,20.336090731620793,16.205143755674364,18.747403371334077,17.092712855339062,17.416446959972383,16.34764715433121,17.524549496173858,19.308469247818,18.134033954143526,19.645459079742434,19.04835031032562,19.468085825443282,18.540758228302007,16.848131155967714,19.521335154771812,17.365487611293794,17.959129250049592,18.020626771450047,19.927835369110113,20.361976474523548,17.4107857465744,18.663790464401234,20.952240514755243,17.912543916702276,17.878191411495216,16.924515748023993,19.770531034469606,18.13908182382584,19.312931466102608,18.25450965166092,19.497631824016572,18.162358224391934,16.945318901538855,19.13480381965637,20.354859042167664,19.651693212986007,19.54853022098542,17.89965249300004,19.37910380363465,17.404270935058594,19.86493002176285,20.891908490657805,20.81270631551743,18.57055366039277,17.894707226753237,18.972773134708405,18.28315390348434,19.379187524318695,17.15064562559128,19.49128190279007,18.114685344696042,17.405921399593353,16.451280546188364,19.565951633453377,17.75083241462708,19.932897782325753,15.968503224849707,14.992442166805265,20.71944148540497,20.561440098285672,18.862968909740456,19.323906779289253,19.552154827117924,18.64658172130585,19.937854301929477,17.272160136699675,19.77906789779663,18.50848650932313,18.434506380558012,18.621829557418824,19.09773553609848,17.612631618976593,18.700435853004457,20.3363046169281,18.97974296808243,17.613508486747754,18.086073827743526,17.500589239597318,18.821512377262117,20.337722086906435,19.50582280158997,17.789001441001894,20.18604068756103,19.33084630966187,18.761889910697942,20.238961708545684,18.730079996585843,15.210114353895182,19.90160442590713,17.878297209739685,20.550588583946233,17.095406389236455,16.763905370235438,17.07803095579148,20.167366719245912,17.95359888076783,20.252698051929485,19.705597376823427,19.818175989389424,18.452325034141545,16.830784797668457,20.31384214162827,19.433293938636787,19.69967187643051,18.955889892578128,20.287827634811407,21.288639855384837,15.98507778644562,17.146325814723966
2035,15.84737226963043,17.06178008317948,19.02887156009674,19.583131241798394,17.48715955018998,19.931986725330354,17.95522657632828,16.560327041149133,16.80261725187302,17.1482900261879,16.231450617313378,17.845860755443578,18.005266511440276,16.614880096912387,17.73936837911606,18.252608585357674,17.213548088073736,16.891769576072694,17.740857315063476,15.763670897483829,17.11789149045944,15.927920627593995,19.520612299442288,17.928325152397157,19.22638852596283,19.15251350402832,15.304913657903674,18.817687356472014,18.588406920433037,17.73247283697129,19.939679861068733,17.83510975837708,16.974203968048098,18.04896587133407,16.242884284257897,15.688050371408469,17.334624910354613,18.604269051551814,16.35076146125793,17.86746846437455,17.447643136978147,17.388850021362305,18.01315087080002,17.145350039005283,20.75934510231018,13.907966089248657,19.45710480213166,18.167878270149227,17.92997997999191,16.831210494041443,17.486625194549568,16.710196661949162,18.237763822078705,21.856394493579867,18.02135087251663,16.468557083606726,18.703725361824034,16.207878708839424,18.945548832416534,15.254487091302877,17.027670049667368,16.016584134101876,16.04485764503479,15.182891082763675,17.05495997667314,18.24316066503525,17.081033957004546,17.856350851058956,18.59029536247254,17.961850512027745,17.607802546024327,15.974151283502582,18.310185110569,16.39101400375366,16.197191500663767,16.683420717716217,18.648051965236668,18.66480018496513,17.94680982828141,17.67240788936615,19.804780709743504,17.01127557754516,16.717885208129886,16.087036967277523,21.095337939262386,17.091649198532103,18.176455259323127,17.468809902668003,18.36110953092574,17.16037819385529,16.021178925037383,17.65432325601578,18.40867367982865,18.304326987266546,17.670472157001498,16.669720613956454,17.658142566680915,16.525012862682342,18.172996246814726,19.239206993579874,19.624121260643005,16.751019012928005,17.004497575759892,17.415954422950747,17.419587481021882,17.36559975147248,16.666924917697905,18.34928418397903,17.251180410385135,16.521591913700103,15.913409882783887,18.003016459941865,16.395811820030218,19.065288770198833,15.078106182813638,14.35889269113541,20.466560983657832,19.59343062639237,17.601130402088167,17.669577097892763,17.346210396289827,17.654768967628485,18.697063553333283,16.82491948604584,18.337714159488687,16.968140500783914,17.45461956262588,17.37775189876556,18.114294254779814,16.77393654584885,17.78996398448944,18.972446763515475,17.190000534057617,16.24081839323044,16.793143808841705,15.665207993984222,17.755457675457002,19.41818817853928,18.765287208557133,16.821714222431186,18.788124084472663,18.184205579757695,17.71704399585723,18.22004860639572,17.402257859706875,14.331190019845959,18.126774775981907,16.509190356731413,18.595090484619135,15.704718875885016,16.10456112623216,16.19020268917084,18.861722409725186,16.082749515771862,18.752712118625645,18.24162721633911,18.631528007984162,17.585112154483806,15.964624655246732,18.41359446048736,18.236123073101048,17.535123085975652,17.31537132263184,18.72341756820679,20.16915590763093,15.001239848136905,15.801649534702307
2036,17.065579652786255,18.416024804115292,19.685274481773384,21.556754088401792,18.89213243722916,21.795204508304604,19.48756121397019,17.720493817329412,18.23800975084305,18.425801217555996,17.50985543727874,18.91427519321442,18.57241832017899,18.189456570148458,19.39235302209854,19.89166826009751,18.175785434246073,17.82222554683685,18.802851426601414,17.145324647426605,18.561915588378916,17.029685425758366,21.431324934959417,18.4811675786972,20.302915716171263,20.841857290267942,16.49080337882042,19.553841650486,19.68914153575897,18.815428566932678,21.795033955574045,19.01736538410188,18.33761143684388,19.137039637565614,17.3842391371727,17.14452713727951,18.47727836370468,20.50162153244019,17.423468732833868,18.929056942462932,18.50445443391801,18.894585812091833,19.079124426841737,18.347528612613687,22.73536968231202,15.319849368929866,20.89784672260285,19.168967342376714,19.025645744800567,18.147994828224185,19.15937052965165,18.00387684106827,19.73205723762512,24.526465940475465,18.52211027145386,17.660153102874762,19.406105709075934,17.400959670543678,20.233670938014978,16.542458707094195,18.273423540592198,17.45478765964508,17.47702500820159,16.58390738964081,18.180021619796754,19.344201374053956,18.085454726219183,19.30956463813783,19.86486885547638,19.321717941761015,18.698492240905768,17.134727054834368,19.299201226234437,17.252812767028807,17.529401135444644,18.053342926502232,19.541420149803166,19.559547317028052,19.637995004653938,18.701536428928375,21.567928040027628,18.28952462673188,17.824479365348818,17.277507770061497,23.212458753585814,18.200738310813904,19.345412349700926,19.110865151882173,19.548981702327737,18.105327534675602,16.84161267280579,18.430768764019017,20.281963312625884,18.850837481021887,19.16755838394165,18.17265945672989,19.00652450323105,17.685971820354464,19.54705345630645,20.085878801345824,20.835717582702642,18.25642322301865,18.151569926738727,18.368351089954377,18.543254828453065,19.020564711093915,17.930001914501187,19.562163674831403,18.478540110588064,17.643573057651516,17.105460631847382,18.866639924049387,17.823371708393097,20.438842964172363,16.26954159736633,15.558241564035418,22.524438619613655,21.060940527915953,18.059640789031988,18.977296781539927,19.085361015796668,18.752172636985776,20.020418858528142,18.06901978254318,19.02102317810059,17.842580461502074,18.620233905315395,18.669920682907097,19.153026163578037,17.949105668067936,18.876479113101958,19.71737923622132,18.64245948791504,17.66198912858963,18.114243817329406,17.12544499635697,18.876602244377146,20.81749708652497,19.810815334320065,17.752721214294432,19.39247040748596,19.397143483161933,18.831874871253973,19.885718834400187,18.82014811038971,15.590633064508442,19.53872783184052,17.953320157527923,20.22088613510131,17.15388439893723,17.225406408309937,17.023918855190274,20.397714138031013,17.60245462656021,19.457045114040376,18.849759900569914,19.87458229064941,18.72879601716996,17.17704867124558,19.94700132608414,19.905425584316255,19.31771438121796,18.85420693159103,19.55596219301224,21.8752985239029,16.24925426244736,17.148544204235083
2037,17.826554369926452,19.190012323856354,19.668960237503057,20.46186513900757,18.69794657230377,20.056419563293467,19.25672886371613,18.43225319385529,19.01484732627869,19.03738757371903,17.99673674106598,19.532062530517585,18.617368960380556,18.067991018295295,19.129470229148872,19.633038997650154,18.861937379837045,18.442650151252753,19.448594355583204,17.869297921657566,18.360137915611272,17.596130490303032,20.74268548488617,18.52840887308121,19.46708047389985,19.673421478271486,17.196424722671516,19.44731332063675,18.6800448179245,19.454300498962407,20.721872568130504,18.82198061943054,18.284933984279633,19.846581554412847,17.8599977850914,16.999540090560913,19.176336073875433,19.620017957687374,18.244766616821288,19.5841539978981,18.368224895000456,18.792307054996492,19.590012764930727,19.042817449569707,19.580935096740724,16.193475055694584,19.61227402687073,19.617536783218384,19.624429750442506,18.60851752758027,18.89573549032211,18.446527075767523,19.516064941883087,22.9700852394104,18.633977293968204,18.186466574668877,19.560634195804603,17.87410506010056,19.39147249460221,17.268091726303116,18.084627044200904,18.246926379203806,18.242610239982604,17.273741924762724,18.673390161991115,20.01819943189621,18.79870470762253,19.108956646919253,18.535667777061466,19.40360684394837,19.361857080459593,17.855189418792722,19.99156306982041,17.91629614830017,17.369811475276954,18.798742640018467,19.95813248157501,19.450979709625244,17.50721321105957,19.321991539001466,19.92150483131409,18.9836935043335,18.575205135345463,17.963507580757142,19.82089684009553,18.8172168135643,19.981372356414802,19.10973317623138,20.184617173671732,18.724811530113215,17.477633023262026,18.349031984806054,19.60127804279328,18.913956665992743,18.950945019721992,18.790992200374614,18.776780557632456,18.399614644050597,19.383326172828678,20.00879693031312,19.973314905166628,18.05618495941162,18.876355838775634,18.32159161567688,19.265166330337532,18.7656106710434,18.33419889211656,20.18707667589188,19.17033379077911,18.383525109291078,17.602905869483948,18.722262573242187,18.625403845310213,19.167941284179683,16.984569907188412,16.113210701942442,21.32617070674896,19.709545969963074,18.160707759857182,18.776496815681462,18.81489729881286,19.39871561527253,19.205661344528203,18.44064064025879,18.99014033079148,17.759049391746522,19.225593972206127,19.39991862773896,19.758781075477607,18.610993373394013,19.50507769584656,19.589450943470005,18.446914315223694,18.426072931289678,18.88163390159608,16.9607800245285,19.490501666069033,19.533601474761955,18.8641275882721,18.420963644981388,19.438751435279848,20.012270832061773,19.471390295028687,19.616254293918608,19.622953057289116,16.28760218620301,19.345979559421536,18.733604526519777,19.940820646286024,17.921431064605716,17.82316708564758,17.693422091007236,19.951088643074037,17.412316203117378,19.439282667636878,18.907180643081666,20.602244472503664,19.436317443847663,17.85750271081925,19.72645806074143,19.351533579826356,19.033156073093416,18.558237159252165,19.435135662555687,20.30632359981537,16.98892767429352,17.96572592258453
2038,19.069592463970196,20.451317042112358,21.874719738960255,20.8421053647995,20.759182894229895,22.642178285121922,21.31756958961487,19.772591650486,20.32604486942292,20.55427831411362,19.77091351747514,20.67673454284668,20.6673924446106,20.105763125419625,21.390190994739534,21.796593499183658,20.044960474967958,19.417535793781283,20.642929530143743,19.246926373243337,20.320520019531255,18.731923258304597,22.213840270042425,20.53498656749725,21.315286517143257,21.971396613121033,18.586309015750885,21.7002684354782,20.233933520317077,20.6258822977543,21.100332570075995,20.61654226779938,20.11163326501847,21.122853606939323,19.375609230995174,19.014231085777276,20.510683548450466,22.20394859313965,19.330620408058174,20.730863839387897,20.683467519283298,20.824394464492798,20.903240585327154,20.386302614212042,21.76634986400604,17.884324890375137,21.495155167579657,20.91098150014877,20.925154042243967,20.56350413560868,21.145272111892698,20.38317060470581,21.562599849700927,23.4600703716278,20.554840326309204,19.79551870822907,21.588212978839877,19.482945060729982,21.941319465637203,18.76576875448227,20.361016154289253,19.900474631786352,19.564497929811488,18.676072573661813,20.127728629112248,21.329802727699285,20.045314419269566,21.08721606731414,20.503756117820743,21.180731797218332,20.60173827409745,19.23579972982406,21.70093867182731,18.839361655712132,19.467732703685755,20.12642401456833,21.751623964309694,22.149286592006682,19.53257883787156,20.351011383533482,22.35312129259109,20.44330759048462,19.704398965835576,19.349522292613983,22.173791241645812,20.06435352563858,21.332506144046782,21.113858377933493,21.59461216926575,19.767807447910315,18.360379481315622,20.77897166013718,22.115469324588794,20.939473342895504,20.97771835327149,20.580814003944397,20.724182844161994,19.748777079582226,21.280029416084297,22.65556317567826,22.194403088092812,20.072707343101506,20.24352468252183,20.382883918285366,20.590916955471034,21.048609828948976,20.16574054956437,21.642389756441116,20.55500047206879,19.719568789005272,19.14443664550782,21.28429677486421,19.883634495735173,20.996036434173583,18.37821984291078,17.69479579925537,21.690792584419253,21.77623529434204,19.940640449523933,20.694053280353543,21.287041771411904,20.635967636108408,21.40504609346389,20.257690763473516,21.236480569839472,20.01135176420212,20.590177881717686,20.649931597709656,20.925396817922596,19.954701137542735,20.72426005601883,21.852366757392883,20.397859501838685,19.771828341484063,20.165387809276588,18.965320384502412,20.754664582014087,21.504830431938167,20.33567254543305,19.40279213190079,21.56085124015808,21.391464304924018,20.735647910833357,21.80749369859696,20.898277318477636,17.815121495723726,21.3957615017891,20.077362847328185,22.029691600799563,19.23946659564972,19.206055688858033,18.661781823635106,21.44181180000305,19.457243430614472,21.817814326286324,21.149052512645728,22.09300393760204,20.78191856145859,19.27684987783432,21.78562713861466,20.687362432479866,21.3948966383934,20.36884278059005,21.96914513111115,22.658221817016603,18.48601288795472,19.4351313829422
2039,17.46872618198395,18.812840378284456,20.611983489990234,20.552894592285163,19.726156330108644,21.685295689105992,20.429951333999632,18.496415853500373,18.592834639549253,19.244343447685246,17.557170641422278,19.403224670887,19.525263524055482,18.728665030002592,20.360499048233038,20.832851457595833,18.722822010517127,18.312492990493773,19.316709387302403,17.414051675796514,19.46636934280396,17.481234240531926,21.440515995025642,19.40706391334533,20.58431181907654,20.799018764495855,17.2915542960167,20.417228889465335,19.722014188766483,19.31767468452454,20.836126708984377,19.86745438575744,19.240840148925788,19.70935386419296,17.415344059467316,18.055646550655375,19.266785049438486,20.962024879455562,17.969943022727957,19.443946170806885,19.369072639942175,19.87793453931809,19.600884509086615,19.112971425056458,20.008590197563176,16.375084400177002,20.915659832954407,19.68963668346405,19.522113502025615,18.206262552738195,20.185439670085913,17.990217685699463,20.60774657726288,23.066301250457762,19.538952970504763,18.0619618177414,20.353891658782963,17.424035751819623,20.676632654666896,17.426996719837188,19.104123866558076,18.461322617530822,17.83999569416046,16.854521727561956,18.203697371482843,19.896046137809755,18.67893180847168,20.14064598083497,19.639507937431333,20.197401118278503,19.311848819255825,17.95306659936905,20.080134463310245,17.783272814750667,18.3725560426712,18.42176997661591,20.35519425868988,20.57570374011993,18.681758165359504,19.18678857088089,21.45167635679245,19.120885491371162,18.30396454334259,18.023601520061497,20.28590450286866,18.6838106751442,19.88192534446717,19.6851557970047,20.084924876689904,18.612741446495065,17.345540022850045,19.350777876377116,20.955600023269653,19.82369365692139,20.09089589118958,19.177694070339207,19.878251576423644,18.49432582855225,20.340532779693607,21.11357237100602,21.178732013702394,19.0737843632698,18.99133334159852,19.29811321496964,19.32096979618073,19.963071596622466,17.939381670951843,20.095734822750092,19.275298702716828,18.48913569450378,17.133090996742247,19.753984582424167,18.184603428840646,20.35711443424225,17.095030391216277,15.868937778472901,21.414183568954464,21.04463158845902,19.01551411151886,19.815919899940493,20.18990792036057,19.321523022651668,20.30732887983323,18.06987385749817,19.961596870422362,18.745374047756204,19.41222797632218,19.07193398475647,19.645066380500797,18.32594475746155,19.491478610038758,20.533814311027527,19.469769799709326,18.032208275794982,18.499934256076813,17.998778116703043,19.38117960691453,20.813541221618653,19.905011796951303,18.279266262054442,20.381690001487733,19.924017703533174,19.341904389858243,20.78232955932617,19.192519021034244,16.348164367675786,20.417550492286686,18.314627480506893,21.065234351158132,17.518990874290473,17.60054785013199,17.538998401165006,20.710593032836915,18.458508288860326,20.46417737007142,19.90405628681183,20.467747128009798,19.542966282367704,17.963431048393254,20.844341778755187,19.98338935375213,20.2997574210167,19.4642982006073,20.48338351249695,21.819614028930665,17.177800464630128,17.580147814750674
2040,16.6813709974289,17.818603658676146,18.810613882541666,19.76784200668335,18.084435987472528,20.367284202575686,18.533360767364506,16.852524137496957,17.789575695991516,17.418801927566534,16.989729154109963,17.87776517868042,17.809571039676666,16.9475737452507,18.374288272857672,18.8599505186081,17.22172958850861,16.922860753536234,17.73399463891983,16.731746876239782,17.669112861156457,16.126642608642584,19.979173719882965,17.73606179952622,19.39387106895446,19.782908177375795,15.572358357906342,18.676575338840497,18.881887030601497,17.731378912925727,20.09190475940704,18.265746235847466,17.48436468839646,18.05947325229645,16.988655424118043,16.2939145386219,17.59792340993881,19.250525808334356,16.752484345436105,17.874189376831062,17.587717604637145,17.910777521133422,17.975397157669068,17.399143016338353,20.57675511837006,14.190956139564516,19.791199159622188,18.14216701984406,17.937964034080515,17.542659521102912,18.111685383319866,17.4115164399147,18.819942247867587,22.07332482337951,17.789994478225708,16.878092455863946,18.511728584766395,16.951740717887887,19.050263524055485,15.483660113811492,17.322206604480737,16.220465707778928,17.044450449943543,16.138618928194052,17.794500780105597,18.245476019382483,17.109326982498175,18.426381349563602,18.741350460052494,18.402076756954205,17.71083221435547,16.25528374910355,18.272939181327825,16.43050425052643,16.63374760746956,17.60966361761094,18.545324516296382,18.509411907196046,18.211197876930235,17.693244528770443,20.206362605094917,17.247328364849096,17.206505274772645,16.337507045269014,20.880076146125802,17.148463797569274,18.17651287317276,17.722939372062683,18.358908283710484,17.18347243070603,16.05798225402831,17.50977584123612,19.097470104694366,18.077821171283727,18.236119067668916,16.95542163848877,18.160068392753608,16.815524530410766,18.71958268880844,19.0618020772934,19.76983835697174,17.332572901248938,17.312311375141142,17.533515477180483,17.661172139644627,18.013420569896702,17.357978844642638,18.347120559215547,17.505105555057526,16.80372346639633,16.692102682590484,17.87832884788514,17.390469014644633,19.37171089649201,15.343976366519929,14.950690805912018,20.65747284889222,19.94754683971405,17.37466113567352,18.180593907833106,17.995352768897998,17.708611333370214,18.848919224739078,17.461351144313817,18.13219358921051,16.930108523368837,17.76391011476516,18.09187047481537,18.113066494464885,17.36683931350708,17.922839355468753,18.82299500703812,17.75449222326278,17.234787929058083,17.696990251541134,16.2702593266964,17.763034474849707,19.761130619049066,19.054087328910832,16.85643500089646,18.565032374858852,18.185573554038996,17.71837725639343,18.845435678958896,18.360254931449894,14.65550422668457,18.703059005737305,17.504919219017033,19.190449333190923,16.718043816089626,16.65486327409744,16.220410168170936,19.288595926761634,16.6901716709137,18.53510880470276,18.020329046249387,18.649876666069026,17.87947756052017,16.212315368652348,18.989376795291903,18.64106681346894,18.21324942111969,17.84477999210358,18.57728152275086,20.568456983566296,15.200147068500524,16.72858364582062
2041,15.179050087928777,16.030362761020662,17.206090271472934,18.34584426879883,16.654120409488677,18.248875546455377,17.018195784091947,15.417311048507699,15.958944547176376,15.962899339199064,14.595609331130978,16.26539890766144,16.316812217235576,15.122922098636622,16.79651448726654,17.288336479663847,15.671242928504947,15.515619993209848,16.059064459800723,14.67438691854477,16.153645777702334,15.008182215690606,18.3156926393509,16.270182061195378,17.766407752037047,18.033606314659124,14.123849773406983,17.067662787437435,17.379124712944037,16.056488251686098,18.678388810157777,17.059222054481513,15.99001990556717,16.338074958324434,14.773603892326353,14.715804135799413,16.134556126594546,17.36249539852142,15.279743313789368,16.226801943778998,15.931872665882105,16.362568199634545,16.315464019775398,15.980168211460114,19.61908326148987,12.492315179109575,18.06573121547699,16.554828429222113,16.275388479232795,15.195672905445107,16.47895277738572,15.036238610744471,17.34455239772796,20.094523978233337,16.30513426065445,15.114879596233365,16.862685739994056,14.647772634029385,17.16636879444123,13.988951241970065,15.68735911846161,14.648147249221804,15.173505485057827,14.097125184535987,15.606238925457003,16.484972536563873,15.521037030220032,16.9475952744484,17.140960741043095,16.929166388511657,16.165645551681518,14.796017062664035,16.389594519138342,15.102639746665943,15.047803378105163,15.882110190391534,16.785739064216614,16.657606017589575,15.996518993377686,16.14807294607163,18.20755561590195,15.786311721801761,15.710415005683899,14.902791845798495,19.866658997535705,15.467648255825049,16.420226657390597,15.95040615797043,16.56630419492721,15.750097775459295,14.786676168441776,15.82917848825455,17.313652205467225,16.566337752342225,16.719678616523744,15.331704986095431,16.813874816894536,15.381811273098,17.322567975521082,17.24139932394028,18.027831983566283,15.821558463573453,15.854997265338898,15.95703471899032,16.214802896976472,16.414542651176454,15.059095263481144,16.520408475399023,16.059560370445254,15.372233343124401,14.42752035856247,16.15492897033692,15.543171238899237,17.82666893005372,13.885528826713568,12.928918129205707,19.143809866905208,18.115607953071596,15.988648009300231,16.855814039707184,16.29762530326843,16.076712179183964,17.09829452037811,15.278679215908047,16.501958870887755,15.311323964595797,16.34137629270554,16.40836095809937,16.472275853157043,15.531622338294985,16.41196365356446,17.263850843906404,16.262533605098728,15.365844368934631,16.024304795265195,14.69613124132157,16.081190931797032,17.99382987022401,17.530903124809264,15.42847590446473,16.983380103111266,16.40442247390748,16.004715704917906,17.30535955429077,16.57166531085968,13.032810962200168,17.267832350730895,15.645466864109043,17.696089339256282,14.817289078235635,14.809322917461397,14.875627887248992,17.86739330291748,15.119514441490177,16.85906804800033,16.411428666114805,16.6883094906807,16.44946601390838,14.767856466770173,17.488693583011624,17.190126657485962,16.548387193679808,16.365030729770666,16.842274248600006,18.56534389257431,13.79312438964844,15.033240389823925
2042,15.511889767646789,16.485779082775117,17.26003453731537,19.452373218536387,17.02696559429169,18.563959610462195,17.525899863243108,15.865428388118747,16.40299010276795,16.448254752159123,15.48880005478859,16.737412440776822,16.338544976711283,15.98655492067337,17.294103813171393,17.819333446025848,16.10042090415954,15.938899207115176,16.565772092342378,15.277182853221891,16.664603769779212,15.360407710075382,19.161762344837193,16.29866187572479,17.971209001541133,18.91337082386017,14.602331238985068,17.111057078838346,17.589407396316535,16.5755333185196,19.759583234786984,17.435218930244453,16.49758123159409,16.830212569236757,15.561249178647994,15.198747277259827,16.60133364200592,18.23445489406586,15.6658720612526,16.73091727495194,16.10412251949311,16.877688467502598,16.80204960107804,16.47036380767822,20.494190263748173,13.040953367948536,18.361937451362614,17.002639627456666,16.763283193111423,16.02883206605912,17.006265187263494,15.914250826835636,17.81809809207916,21.66287379264832,16.374454414844514,15.752625501155853,16.97421065568924,15.508758109807971,17.308483874797822,14.50129548311234,15.955294787883762,15.220314514636996,15.631455230712893,14.700606048107147,16.39939401745797,16.99666508436203,15.965500521659857,17.426624464988716,17.31123640537263,17.435048413276675,16.651828229427338,15.265800410509115,16.774638748168936,15.498912823200225,15.423123234510424,16.290613830089576,17.075642299652095,16.658298307657248,17.774745702743537,16.634805881977094,18.51267405748367,16.297012656927116,16.086081445217133,15.385341662168514,20.83176720142365,15.966976010799405,16.95304589271546,16.800537347793586,17.095026016235348,16.180291116237644,15.168093633651731,15.813025122880935,18.021485614776612,16.61600416898728,17.227556467056278,15.904383301734924,17.239746797084806,15.842905914783476,17.7702949166298,17.24797594547271,18.205532634258272,16.32581427097321,16.330126291513448,16.178750240802763,16.676598072052002,16.891524207592017,15.918619251251226,17.061738348007207,16.56787650585175,15.831639719009397,15.256618177890783,16.143008524179457,15.99492455124855,18.075530505180364,14.361919397115704,13.64838977456093,20.325188469886776,18.383319437503822,16.061881816387178,17.250780713558203,16.828854143619537,16.579625415802006,17.34046816825866,16.097256851196292,16.53518722057343,15.416648828983313,16.811155736446388,16.839153349399563,16.964358389377587,16.098109704256057,16.88819411993026,17.295214402675636,16.75335946083069,15.824493575096124,16.41856414079666,15.189408624172206,16.579473531246183,18.23545455932618,17.75442435741425,15.848825931549072,17.02874958515168,16.94951726198196,16.51281793117524,17.80540847778321,17.009565520286568,13.599088874459264,17.67858484983445,16.091508829593664,18.202512073516854,15.294173413515093,15.443833935260775,15.25563929080964,18.526468789577496,15.628932940959931,16.884878051280978,16.44255790710449,17.247198075056083,16.903466188907622,15.268129110336309,17.983727967739107,17.919550573825827,17.080593597888953,16.921022903919223,16.85884310007095,18.868791115283972,14.273497492074966,15.39328879117966
2043,16.57015248537063,17.776674759387973,19.026806509494783,20.100859665870665,18.518358534574514,20.510962516069405,19.065424585342406,17.34419985115528,17.575524926185608,18.03446596264839,16.8151889115572,18.41094872951508,17.991295921802525,17.503322201967244,18.987971091270445,19.451987695693976,17.7548977971077,17.42135848999024,18.308987998962404,16.491931939125067,18.125903338193897,16.578607296943666,20.454136621952056,17.903360414505013,19.464953374862667,20.021738672256472,16.11927029937506,18.882349747419365,18.854174685478213,18.294166755676276,20.412756729125977,18.714889228343967,17.91283052563668,18.638691985607153,16.737783035635953,16.704567870497705,18.095057600736617,19.777277660369872,17.00381699800492,18.440360254049303,17.88123025596142,18.461745905876164,18.537711352109913,17.97871240377426,20.74490220546722,14.893418860435485,19.89808924198151,18.639549636840826,18.526167851686473,17.42258838415146,18.705993402004246,17.244921606779098,19.34187778234482,22.553995287418356,17.970079767704014,17.133981525897987,18.76096476316452,16.75194598436356,19.281087470054626,16.130103429406883,17.69030831754207,17.03114258646965,16.824521982669832,15.931726354360586,17.564008414745338,18.8271873831749,17.659412586688994,18.917352777719497,18.808121967315667,18.91024415493012,18.252226132154465,16.764555326104166,18.807606777548795,16.919511973857887,17.02269390821457,17.43799991607667,18.961405563354496,18.78026149123907,18.33641045093537,18.221674025058743,20.369719266891483,17.887483665347105,17.378294372558607,16.918688899278642,21.092896008491522,17.66101868748666,18.836923915147782,18.442362904548652,19.0180965423584,17.723017990589145,16.525578999519343,17.731538295745857,19.672824847698212,18.26941878795624,18.743635869026186,17.74077362716198,18.667596590518954,17.324464863538758,19.173616552352907,19.337094122171408,19.931533908843996,17.833637017011647,17.784470176696775,17.808407711982728,18.176539999246607,18.584172540903094,17.207137793302543,19.00854661464691,18.103534811735152,17.29274512529374,16.463545373082162,18.136282607913024,17.156457537412642,19.510148561000825,15.89339984580874,14.96107699275018,20.993987846374516,20.012109625339516,17.54872022867203,18.634990513324745,18.664636829495436,18.268350261449815,19.102219235897067,17.36657892465592,18.34274176955224,17.19966297745705,18.2398651957512,18.100894820690158,18.64237198829651,17.422981363534937,18.431955492496495,19.07026965618133,18.241347718238835,17.032694488763816,17.538009274005887,16.701851844787598,18.352682036161422,19.807070672512058,18.98219118118287,17.349485039711,18.752053606510156,18.848302805423735,18.29742960929871,19.45442587137223,18.15876625776291,15.152097713574767,19.161095333099368,17.288959789276127,19.788124418258672,16.499687641859055,16.709974774718283,16.665636587142945,19.70560686588288,17.160300910472873,18.78918409943582,18.239621877670295,19.29006618261338,18.368188810348517,16.795424541831018,19.538995635509497,19.064984118938447,18.8643388748169,18.306693649292,18.840040642023087,20.719260251522062,15.898383066058155,16.60863202810288
2044,17.72105083465577,18.709640574455264,18.697524905204777,19.479443883895872,18.836468672752385,19.581638216972348,19.225134968757633,17.460000658035284,18.869462633132937,18.174125301837925,16.83599298000336,18.135505270957946,17.67675688266755,17.046998631954203,19.197655797004696,19.634137415885924,17.578318428993224,17.181482720375065,18.023397624492652,17.458481431007385,18.23850381374359,16.52256608009339,20.29140439033508,17.610898768901826,18.82315735816956,19.348922729492195,16.22474973201752,18.568722641468053,18.2039724111557,18.024441862106322,19.74044847488404,18.978785157203674,18.035905861854566,18.413511288166056,16.778920519351963,16.8581342458725,18.1466183423996,19.327376341819768,17.43900952339172,18.1667974114418,17.730111515522005,18.62125501632691,18.29538689851762,18.061916339397435,19.111923122406008,15.053376275300977,19.190084290504455,18.40381107330322,18.262901735305785,17.485592317581176,18.90099757909775,17.359888398647307,19.59788439273835,21.600427258014687,17.694543409347535,17.257140421867366,18.458514165878302,16.77747855186463,18.675564169883735,16.27328360080719,17.65510004758836,17.208262431621556,18.129049313068396,16.884606754779817,17.6105224967003,18.606326961517333,17.52108807563781,19.14639194011688,17.705418825149536,19.025263214111327,18.128542721271508,16.869038176536563,18.580474174022676,16.72311403751373,17.062041163444526,18.7032066822052,18.698817813396456,18.466190707683566,16.64527575969697,17.93693155050278,19.437149822711945,18.030242300033567,17.905520319938656,16.997645342350012,19.379560184478766,17.52782835960388,18.598637437820447,18.070387089252474,18.769600450992584,17.500096750259402,16.32507631778717,17.389843547344217,19.516161012649537,17.958918535709387,18.882516622543335,17.926087868213656,18.891377377510075,17.41362056732178,19.46451115608216,19.010361993312838,19.331996381282814,18.029560625553135,17.87631239891052,17.655621922016138,18.231757962703696,18.822897446155547,17.269539201259626,18.764507210254664,18.19359675645829,17.3910307765007,16.60722733736039,17.815101170539855,18.438356471061713,18.822068929672245,16.00757849216461,15.040963685512542,20.259298515319834,19.179719185829168,17.279209184646618,18.909356451034547,18.95848695039749,18.07294611930847,18.509373462200166,17.422494888305675,18.002783560752867,16.941778826713566,18.345638465881343,18.951642155647274,18.395360851287847,17.758230912685388,18.347490465641023,18.78918416500092,18.40863270759582,18.323597693443297,18.739511561393744,16.825826990604405,18.119307100772865,19.032937812805176,18.325780439376835,17.14050267934799,18.434071290493012,18.615723645687098,18.042186844348908,19.671275329589843,19.412912607192993,15.279866862297059,19.495737957954404,18.608257067203528,19.940342044830327,17.793024528026585,16.777480244636543,16.534407997131346,19.732269954681403,17.32248277664185,18.45073653459549,17.916148960590366,19.081556665897374,18.46309248209,16.907398903369902,19.720533514022833,18.954800271987914,19.085568702220918,18.45259381532669,18.51590688228607,19.81814135313034,16.071089518070217,17.945067000389106
2045,15.907289528846738,16.83700844049453,17.073007404804237,19.442150998115533,16.985220623016364,17.574505650997168,17.39709434509278,16.06531703472138,16.836500394344334,16.6364536523819,16.009987580776208,16.831997036933906,16.157242643833158,16.122013950347906,17.118636643886575,17.695854139328,16.169555902481086,16.007575798034672,16.6551582455635,15.727094864845276,16.537695479393008,15.225231134891505,19.094248747825624,16.121788632869727,17.398369467258444,18.963849306106567,14.819902962446218,16.892978632450106,16.973135304450995,16.67041083574295,19.68817007541657,17.335846197605143,16.412528669834135,16.908751893043522,16.022623783349992,15.102342391014094,16.79115868806839,18.19036365747453,15.898310101032271,16.812580943107605,15.967531025409698,16.79656175374985,16.863833558559424,16.66892083883286,20.504212856292728,13.320409204810861,17.56562509536743,17.057690048217772,16.851732993125914,16.57064158916474,16.885557138919836,16.459142899513253,17.723537158966067,21.553750967979433,16.176032030582437,16.104279243946074,16.835576689243315,15.998765176534652,16.77128399610519,14.735803037881851,15.823191881179815,15.442833161354063,16.064057546854023,15.173097634315491,16.84170920848847,17.07975225448609,16.03051524162293,17.352704763412483,16.815729713439943,17.42384600639344,16.786067271232604,15.487915265560144,16.793369024991993,15.562964141368866,15.305716937780389,16.728721809387206,17.028324317932125,16.459315669536593,17.742152190208436,16.712750899791722,17.5644892334938,16.509741908311845,16.355506837368015,15.603393906354905,20.86003448963166,16.066154271364216,17.043440866470334,16.939776217937474,17.196312642097467,16.255472397804258,15.219239318370814,15.663785678148276,17.8905439376831,16.43119343519211,17.09992461204528,16.068863534927367,17.104342293739318,16.045203179121017,17.71321157217026,17.03933516740799,17.653327190876013,16.219875824451456,16.52948409318924,16.042395865917214,16.874380981922144,16.77551144361496,16.44063556194306,17.16393746137619,16.77726385593414,16.048386609554292,15.735898905992508,15.976751238107687,16.42032426595688,17.372872090339662,14.587438172101978,14.051852738857272,20.265052986145015,17.59042741060258,15.873013126850125,17.15628429651261,16.655811578035358,16.69722057580948,16.88999651670457,16.601341593265527,16.345642471313475,15.252853083610535,16.963361907005304,17.187973499298096,17.05247744321823,16.43655163049698,17.028142690658573,17.110706090927124,16.6730112195015,16.265060460567476,16.847668266296377,15.106260752677922,16.669113397598274,17.486795413494104,17.151126980781555,15.909972929954534,16.83627996444703,17.039026784896848,16.60938102006912,17.677479171752932,17.448190689086907,13.86943886578083,17.617790007591246,16.529542267322533,18.078515064716335,15.736254858970643,15.777923041582119,15.309469425678254,18.44817012548447,15.51682630181312,16.683534860610962,16.229271292686462,17.332712668180463,17.101045668125153,15.489765429496765,17.87535365819931,17.8363157749176,16.93130850195886,16.81645280122757,16.662441253662106,17.96079486608506,14.46778507828713,15.813010907173162
2046,17.043165683746338,18.19026958942413,18.99373489618302,19.732779335975653,18.158939659595497,19.48684686422348,18.777074766159057,18.157299149036408,18.061624753475193,18.749141812324524,18.58957931995392,18.57765163183213,17.947448527812963,18.54296925067902,18.654833960533146,19.131828391551977,17.884961640834806,17.58620709180832,18.4573282122612,17.27146444320679,17.841609466075898,16.600586938858044,20.04037475585937,17.863034510612493,18.93278181552887,20.001682329177857,16.94927315711975,18.785031461715693,18.231011700630184,18.47256118059158,20.031764245033273,18.454170012474066,17.77023297548294,18.790303623676305,18.338373124599464,16.39876564741134,18.83402155637741,19.72551064491272,17.32661720514298,18.59878870248794,17.735871601104737,18.315427279472352,18.69526792764664,18.784921932220456,19.62119593620301,15.905060112476358,19.19236147403717,18.82319749593735,18.69193097352982,19.321478748321546,18.35651606321335,19.134280633926398,19.017983424663544,22.00369725227357,18.002063214778907,18.443616700172434,18.78712016344071,18.391919815540312,18.790775263309477,17.028875547647477,17.485941529273987,18.024443525075906,17.303384625911715,16.695595365762713,19.112924504280095,18.971433115005492,17.807130229473113,18.579987180233,17.94634780883788,18.987420153617865,18.668422663211825,17.580467128753668,18.85629123449326,17.086325991153718,16.762556755542754,17.937176489830023,19.016675150394445,18.731081688404082,19.413133120536816,18.40660864114761,19.40508362054825,18.737297689914705,17.71732101440431,17.72958955764771,19.909043931961058,17.865750896930695,19.014959692955017,19.456138265132903,19.19986742734909,17.884609174728404,16.681235909461975,17.660125160217284,19.458606791496276,18.24973568916321,18.448272061347968,18.496908199787136,18.367499232292182,18.128324639797217,18.847816264629365,19.266333830356597,19.427094697952267,17.49470638036727,18.598506152629852,17.680733811855326,18.908038461208342,18.21564608812333,19.025022602081297,19.200046980381014,18.93116177320481,18.096573364734653,17.98998129367828,18.068749690055853,17.630641162395477,18.76261203289032,16.7279718220234,16.409520578384402,20.569959139823915,19.178085887432108,17.58683388233185,18.331323790550233,18.282422351837162,18.56078760623932,18.61723980903625,19.10609896183014,18.321856272220614,17.11715248823166,18.913739371299744,18.501116561889646,18.798917627334596,18.348481023311614,18.90615587234498,19.023915302753444,17.913810229301454,17.502499449253083,18.02527096271516,16.366484928131104,18.539016187191002,19.014541077613835,18.41430058479309,17.505574429035196,18.747139513492588,19.03928474187851,18.47974336147309,19.123149609565747,18.64351627826692,16.17157325744629,18.82473338842392,17.76815984249115,19.47549837827683,16.97489496469499,17.957459735870366,16.798465263843543,19.376976084709167,16.828542983531953,18.716751551628114,18.207800102233897,19.433172023296358,19.168958914279944,17.645351374149328,19.224392795562746,18.734597659111017,18.497383189201354,17.987481522560124,18.779775738716133,19.765800714492794,16.79269877672196,17.086093258857733
2047,18.287274110317234,19.638743662834166,20.58270366191864,21.808182454109193,20.12157325744629,21.935310566425336,20.68969432115556,18.96244356632233,19.52138093709946,19.7289498925209,18.652225995063784,19.878265953063966,19.472109150886546,19.537789011001593,20.686683428287505,21.11877998113633,19.213684141635895,18.697277712821954,19.846730363368987,18.432834738492975,19.708440470695496,18.119931113719936,22.322370624542234,19.365716660022734,20.59396451711655,21.84306676387786,17.77745566368103,20.441271114349373,19.758448052406315,19.82515946626664,22.019853639602665,20.063823676109322,19.472647368907932,20.244347894191737,18.42393378019333,18.385846662521363,19.71153692007066,21.776804924011227,18.50753922462464,19.935591208934778,19.567253005504604,20.137475132942203,20.08773845434189,19.577302384376527,21.632977414131165,16.92306582927704,20.883883929252622,20.12032022476197,20.072002744674695,19.318178117275245,20.430236446857453,19.16297880411148,20.926610505580904,24.847442317008973,19.373113179206854,18.81366860866547,20.37490553855896,18.45891166925431,20.8461088180542,17.91736027002335,19.383390724658973,18.96553093194962,18.777216327190402,17.833575451374056,19.194859766960143,20.469780421257017,19.158280491828922,20.476309251785278,19.77595500946046,20.514459419250485,19.81184489727021,18.4209042429924,20.59293875098229,18.112342584133152,18.674206805229186,19.329559326171882,20.64357973337173,20.62252687811852,19.906498861312873,19.61025652885437,21.688484728336334,19.606943094730383,18.915151131153113,18.52996019124985,22.04669556617737,19.243401503562932,20.429827606678014,20.4600261926651,20.66789691448212,19.00499197244644,17.67159286737442,19.414105027914047,21.559325718879705,19.73307604789735,20.35324074029923,19.6434618473053,20.12734074592591,18.939991712570198,20.676175808906553,21.144988971948624,21.28382688760758,19.445377206802373,19.42834928035737,19.38839552402497,19.784230256080626,20.334015178680424,19.011789774894716,20.70044149160386,19.74748369455338,18.92045953273774,18.165001928806294,19.86931583881379,19.11279534101487,20.50166015625001,17.566276216506964,16.72795752286911,22.74098980426789,21.177861571311958,18.84706300497055,20.094686424732206,20.49784219264984,19.838173401355746,20.59273620843888,19.10181661844253,19.945618152618408,18.818993216753,19.820957541465763,19.849382913112645,20.16230789422989,19.130577206611633,19.96498904228211,20.583096814155578,19.795334863662724,18.983119672536855,19.362945997714995,18.351645898818976,19.905450654029856,20.920190930366516,19.85582227706909,18.660301589965826,20.295556986331952,20.48504718542099,19.885401988029475,21.11710251569748,20.074876201152808,16.92226003408432,20.747350037097934,19.26458202600479,21.39325094223023,18.46019853949547,18.351576089859016,17.92233803272248,21.292798209190376,18.836041283607493,20.437202799320225,19.821616578102113,21.117994296550755,19.981290841102606,18.47310880422593,21.14272422790528,20.719761896133434,20.644337511062623,19.934679961204534,20.54260596036911,21.983725249767307,17.608166658878336,18.562141525745393
2048,19.06994388103485,20.600967168807983,22.026444053649904,23.860600352287285,21.422790861129773,24.088592767715458,21.930880093574523,20.50656235218048,20.419098353385913,21.298877882957456,21.722899603843693,20.97643659114838,20.784523820877077,21.86708350181579,22.084875965118407,22.42171816825868,20.35698492527008,19.658368873596192,20.95548164844513,19.880960619449617,20.9035103559494,18.979926538467417,24.248656439781183,20.64499361515046,22.164337730407727,23.758343863487244,19.27872889041901,21.881981062889103,21.272030448913572,20.931912994384767,24.017672824859623,21.120181250572205,20.674060320854206,21.47203617095948,21.157573342323303,19.671105325222022,21.146333503723145,23.76277084350586,19.421345782279975,21.038684773445134,21.007901096343996,21.46253306865693,21.227107882499702,21.098333454132096,23.144171285629273,18.701037085056306,22.715499544143675,21.227431964874267,21.243509173393253,22.7571781873703,21.78406460285187,22.59204981327057,22.19667279720307,27.768224549293524,20.7021283864975,21.162492346763617,21.78991236686707,21.323020005226148,22.656056308746336,19.52642657756806,20.808184409141546,20.751826930046086,19.679234409332278,19.262079453468324,21.913806366920465,21.688249516487122,20.371068286895763,21.717726159095776,21.490798568725594,21.813939166069037,21.04510998725892,19.921536016464234,22.07831132411956,19.043913650512696,20.00144542455674,20.210530531406405,22.060955858230592,22.32149609327316,23.381567454338075,20.62585632801056,23.720862746238716,21.20573983192444,19.809925818443293,20.06357007026673,23.611373758316038,20.36820534467697,21.707673287391668,22.786517357826238,21.962933397293092,20.018345594406128,18.556813335418706,20.906583607196808,23.321393275260927,21.073014235496522,21.599327135086064,21.43149635791779,21.302132105827337,20.43703579902649,21.885283923149117,22.816581594944008,22.959821677207955,20.693317973613745,20.91655433177948,20.687075030803687,21.212518930435174,21.759564971923826,22.265450501441943,22.017164826393127,21.26612141132356,20.373779463768003,20.90902135372162,21.434658300876617,19.994973063468933,22.197061729431155,19.064696383476264,19.17778539657593,24.92071299552917,23.012866330146792,20.066034269332885,21.273346471786503,22.03554123640061,21.029617190361023,22.358942508697517,22.259145975112915,21.39504780769348,20.235465455055227,21.259198045730596,20.777079892158504,21.23389332294465,20.883712148666383,21.208599305152894,21.99374477863313,21.01035208702088,19.88788377046586,20.21489474773408,19.630134797096254,21.080773425102233,22.717768502235412,21.327610802650458,19.64680047035217,21.71806969642639,21.769568586349486,21.05467441082002,22.45507953166962,20.992350983619694,18.726497924327845,22.043069434165954,20.17517018318177,22.652518582344065,19.360913443565373,20.48494102954865,18.873569464683538,22.79164564609527,20.11827734708786,21.961340713500984,21.300579452514647,22.520377564430248,21.454848814010628,19.99218895435333,22.410466980934142,22.322516298294076,22.109847211837767,21.29163899421692,22.11862233877182,24.052049732208253,19.20929434299469,19.491762220859535
2049,17.09861476421357,18.40488815307618,19.816298389434824,21.60219514369965,19.19513869285583,21.71410627365113,19.666711044311533,17.363485825061797,18.183742117881785,18.012304103374486,17.688134086132056,18.985008692741406,18.747509050369263,17.724269199371342,19.58759853839875,20.03422117233277,18.354349136352553,17.911788964271544,18.91816217899323,17.194341754913324,18.762547755241396,17.03528230190277,21.61951525211334,18.636406517028803,20.33758101463318,20.835990619659423,16.063248741626744,19.668906998634334,19.69157118797303,18.879742407798783,21.84429261684418,19.16863508224488,18.502751874923717,19.296482300758356,17.64142425060273,17.453453493118293,18.15517988204956,20.478863096237184,17.506126713752753,19.02574586868286,18.698448586463932,18.977129006385812,19.15067272186279,17.90609269142151,21.977059698104856,14.812496370077145,20.76285519599914,19.223204874992373,19.137653064727782,18.330573964118962,19.330498778820036,18.16908750534058,19.94219172000885,24.58413436412812,18.65859932899476,17.534364271163945,19.573988652229303,17.59371690750122,20.259415268898007,16.059104728698735,18.44855824708939,16.894594871997832,17.44621405601502,16.609432935714725,18.42252140045166,19.497812795639035,18.277737617492683,19.532243561744686,19.595758700370794,19.2982072353363,18.56314163208008,16.733482372760772,19.613645052909852,17.37521278858185,17.76482658386231,18.042057585716247,19.737368464469917,19.67627332210541,19.010406684875488,18.758012557029733,21.47466723918915,17.80070712566376,17.905791878700256,16.82976460456848,22.34763848781586,18.242825078964234,19.44873166084289,18.47146891355515,19.65916726589203,18.21821210384369,16.959775543212892,18.585693287849427,20.37816753387451,19.006497144699104,19.358594393730172,17.72463971376419,19.184388828277587,17.309631836414344,19.780197072029114,20.213921666145332,20.851620554924015,18.474694478511815,17.789400899410257,18.564675521850596,18.213361787796025,19.246068346500397,18.074874472618113,19.663528275489803,18.007168078422552,17.285051095485684,17.300985622406014,18.983460116386414,17.792425966262822,20.33824896812439,15.84814311265946,15.5803636431694,22.551582479476927,21.04325561523438,18.1710563659668,19.194487166404727,19.31574286222459,18.75254797935486,20.04094862937928,18.18675627708435,19.14981055259705,17.97849884033203,18.34122793674469,18.65774204730988,19.259958362579344,17.935255575180058,18.741858410835274,19.786548209190368,18.84606156349183,17.651197028160098,18.10145463943482,17.431309044361118,18.948761034011845,20.790665769577036,19.82771415710449,17.86452627182007,19.55456597805022,19.466707897186282,18.891597318649296,20.04647614955902,18.76594679355621,15.22923822402954,19.80843627452851,17.910311532020575,20.34823989868164,17.123548412323,17.22635908126831,17.159730148315433,20.579078197479255,17.86781154870987,19.60855736732483,19.041666793823246,20.03792667388916,18.3786363363266,16.717193603515618,20.132756996154782,20.062158346176155,19.507839691638956,19.05782203674317,19.664386391639717,21.806046938896184,15.81749104261399,17.19467878341675
2050,17.12423658370971,18.456673645973215,19.588456821441646,20.210498929023743,18.721177172660838,20.84979764223099,19.262131190300003,17.532885432243354,18.325325798988345,18.159944438934325,17.772881567478187,18.69211623668671,18.46177024841309,17.574092066288,19.108680689334882,19.631275439262392,18.040830492973328,17.614677619934085,18.633234429359426,17.360128557682042,18.356771790981295,16.79144120216369,20.62014260292054,18.35367178916932,19.790893840789796,20.293675804138182,16.259824156761173,19.362598967552188,19.09902791976929,18.620279860496517,20.52465796470642,18.788584160804753,18.166142439842226,18.961534547805783,17.696890974044816,16.984255123138432,18.286477375030525,19.93784267902375,17.308317685127257,18.73679382801056,18.341245353221904,18.64941332340241,18.854685139656077,18.092762815952305,20.832866716384892,15.027638959884646,20.11530828475953,18.976841926574707,18.78752100467682,18.420953786373143,18.894080209732042,18.287818050384526,19.527951908111575,22.6670782327652,18.404489088058472,17.628734982013704,19.306081652641303,17.670089340209962,19.713810670375825,16.25144447088241,18.070720434188843,17.07350867986679,17.60551398992539,16.756478691101073,18.47355909347534,19.16379373073578,17.904557752609257,19.110462653636933,19.070598053932194,19.10063765048981,18.508573865890504,16.92533646821975,19.20492959022522,17.036919975280757,17.341452050209046,18.131988739967348,19.414789628982547,19.334033703804018,18.802556133270265,18.48492417335511,20.69178898334503,18.006871068477636,17.76295804977417,17.032207643985746,21.156201410293587,18.00208300352098,19.068249773979186,18.43116621971131,19.288966464996346,17.870282697677617,16.642801380157476,18.28639645576478,19.823273968696597,18.746211314201357,18.9478594660759,17.800317668914804,18.756496453285227,17.48777605295181,19.38529217243196,19.88205322027207,20.321831583976742,18.053182554245,17.964909148216254,18.24405611753463,18.342254018783574,18.76025471687317,18.17965871095658,19.29404013156891,18.21642748117447,17.448764026165005,17.395790839195246,18.676553320884704,17.954845368862145,19.73210370540619,16.02930958271027,15.681503868103027,21.086103034019466,20.30963590145111,17.933678054809576,18.76993720531464,18.782222199440003,18.57177999019624,19.454388523101812,18.286040663719184,18.898223376274125,17.679271066188814,18.437907147407536,18.67010717391968,18.98606956005097,18.030959188938148,18.69085919857025,19.52318484783173,18.440280854701996,17.7886659026146,18.189900803565973,16.973386120796203,18.623235368728633,20.070028090477,19.248158860206605,17.561339521408076,19.29892323017121,19.097678971290584,18.61527216434479,19.60491108894348,18.91537115573883,15.401608169078832,19.354659616947178,18.0569072842598,19.95053291320801,17.29198607206344,17.321946060657503,16.86739487648011,19.89005551338196,17.41177738904953,19.300509762763987,18.715134572982784,19.673354983329766,18.550496053695674,16.936748743057247,19.716821837425236,19.24241065979004,19.02688223123551,18.52208347320557,19.360770034790043,20.99562273025513,15.910328972339636,17.235038018226625
2051,16.941791307926184,18.132581228017813,18.970376336574567,18.691919875144954,18.28847425580025,18.994036638736734,18.987794351577765,17.269017124176028,17.96795834302902,17.92647929787637,16.083016854524615,18.59405920505524,17.913912606239315,16.80962988138199,18.875159358978276,19.36301290988923,17.852826833724972,17.583670938014993,18.45546139478684,16.555846691131592,18.064562064409255,16.355618703365327,19.623667418956757,17.829320824146272,18.66584407091141,19.01234829425811,16.03600947856903,18.75461528897285,17.884418272972116,18.46950507164001,18.99262442588806,18.597635853290562,17.869265288114555,18.78156841993332,16.027174836397172,16.605780872702603,18.057258987426756,18.988019657135013,17.28654866218568,18.60835181474686,17.773732990026467,18.381089717149734,18.674766135215766,17.910060536861423,17.819594812393188,14.816047553718088,18.770193278789517,18.765191626548766,18.670073115825655,16.683966577053063,18.60926795005798,16.44298614263534,19.207851517200478,20.54603607654572,17.976941263675695,16.739917623996732,18.74596258401871,16.027965444326405,18.565627735853198,16.06096158623696,17.57935058772564,16.987373030185697,17.207426756620404,16.03613963127136,16.847709023952486,18.950749599933626,17.76878843307495,18.785670816898346,17.470292294025416,18.838994967937477,18.320380306243898,16.676233774423597,18.773758077621462,17.081077873706825,16.927486816048624,17.842287600040436,18.98875308036805,18.68505481332541,16.582950782775878,18.426502799987794,18.963918650150294,17.80608541369439,17.668709349632262,16.81742410063744,18.01970665454865,17.849305105209346,19.003024876117713,17.828001165390013,19.173450589179986,17.88414990901947,16.666508352756505,17.621501037478453,19.19405065774918,18.219923865795142,18.66632573604584,17.679172557592388,18.561770796775814,17.253115540742876,19.019285619258877,19.23550745844842,19.191068291664127,17.708560574054722,17.721034592390065,17.754240363836296,18.135054928064353,18.422533243894573,16.500593876838686,19.176131618022918,18.029535663127913,17.230522847175592,15.804798340797422,18.025022032856945,17.548790663480766,18.393762624263765,15.818129426240924,14.47424969673157,19.46247174739838,18.764271247386933,17.5712996006012,18.494765269756318,18.52912622690201,18.36839588880539,18.343655550479887,16.667462849617007,18.28796638846398,17.137929260730743,18.178202223777777,18.43570417165757,18.786095440387733,17.208981055021294,18.484965145587925,19.01076101064682,18.131018203496932,17.419068509340295,17.92790191173554,16.57400781512259,18.534573125839238,18.60216940641403,18.077021133899695,17.499684798717503,18.71355104446411,19.03828634023667,18.47656145095825,19.339192092418678,18.57156119346619,14.982987850904465,18.97832919955254,17.670408380031585,19.696874511241912,16.88822845816613,16.285639905929564,16.770689654350278,19.188311862945554,17.045962947607045,18.693570727109922,18.155545163154606,19.422882229089737,18.29718627333641,16.70846716761589,19.445706927776342,18.415121543407444,18.737909168004997,18.04200053215027,18.73755614161492,19.301250845193856,15.828772920370103,16.955897474288946
2052,18.76481814384461,20.277668666839606,21.42977883815766,21.899581456184393,20.07548131942748,22.046814990043636,20.699409389495848,19.54265632629395,20.048419332504277,20.30485193729401,19.41105988025665,20.825227046012884,20.23996646404267,20.204419445991523,20.67046644687652,21.117204093933108,20.19914181232453,19.59736626148224,20.816903638839715,18.940639770030977,19.734877991676342,19.042413640022282,22.358180522918705,20.127374982833864,20.932190895080574,21.76729056835175,18.355662941932678,21.19838891029358,19.902182364463812,20.79478132724763,22.136814570426935,20.07319889068604,19.575098967552186,21.30510084629059,19.02991608381272,18.380407333374027,20.340025615692134,21.816622567176818,19.31689088344574,20.919750928878795,20.07980971336365,20.253595542907714,21.05463018417359,20.15958650112152,21.06187169551849,17.70451428890229,21.107031822204593,21.005782699584966,21.041683602333066,20.209891986846912,20.4409675359726,20.02972693443298,20.902535057067876,25.002892279624945,20.233835124969488,19.58356585502625,21.30615069866181,19.150767588615423,21.342355561256404,18.60238904953004,19.716270160675055,19.764382541179657,19.303344714641575,18.392315089702613,19.7948664188385,21.505371856689457,20.209279203414916,20.4397037267685,19.970996475219728,20.723566865921033,20.605532622337343,19.000145030021667,21.707403159141535,19.026688122749334,18.846195483207698,19.862092709541326,21.659659337997443,21.552151358127585,20.339767622947694,20.540512514114386,21.793668508529663,20.2676423072815,19.622002243995674,19.089920020103456,21.38586988449098,20.19826292991638,21.52401096820832,21.176404118537896,21.758814048767096,19.944027662277225,18.5468804359436,20.21580549478531,21.550265479087834,20.549720835685726,20.36031942367555,20.326378047466278,20.124092078208925,19.524714541435248,20.641636657714844,22.052022552490243,21.685505008697522,19.404024457931524,20.021415209770204,19.88421697616578,20.40101873874664,20.292547702789317,19.86623001098634,21.789649868011477,20.35818011760711,19.504586291313174,18.821785962581636,20.681544232368474,19.62566450834274,20.616681814193733,18.17714457511902,17.3977324128151,22.855718922615047,21.300333142280586,19.635233950614925,20.0825674533844,20.50738748311997,20.721119785308844,20.976751208305373,19.94806485176087,20.785817694663994,19.482847607135763,20.338362288475043,20.467463088035593,21.0961133480072,19.697086167335517,20.700204324722293,21.319844841957092,19.757309389114376,19.514445292949677,19.874599695205685,18.321685361862173,20.920067977905273,21.049117350578314,20.04800739288331,19.596850776672362,21.17002353668213,21.57610037326813,20.88758270740509,21.093928790092466,20.62328157424927,17.61969101428986,20.72970068454743,19.793471229076392,21.35720510482789,18.980042695999153,18.926483631134033,18.814410662651063,21.314302515983588,18.806082296371464,21.303117585182203,20.68226552009583,22.281738185882574,20.56405217647553,19.058751916885377,21.124099874496466,20.742267203330996,20.625175595283505,19.919705319404606,21.37156260013582,22.11443159580232,18.352802920341496,19.064946269989026
2053,16.88179669380189,18.26363985538483,19.408030474185946,21.592131352424623,18.988483351469043,21.600800168514255,19.488767158985148,17.763853108882902,18.12331290245056,18.399089312553407,18.005694627761848,18.544499742984772,18.341452026367197,18.419705879688273,19.364564716815956,19.87493906021118,17.91634166240692,17.486991906166075,18.487056970596317,17.29174610972404,18.56822798252106,16.628810191154475,21.471931111812594,18.24087255001068,20.1390116930008,21.11485555171967,16.509370881319047,19.27787600755691,19.55717649459839,18.464969992637634,21.889291262626656,18.972406804561615,18.376415473222735,18.824653267860413,17.945792007446283,17.22489639520645,18.468608200550086,20.68486244678497,17.119597065448765,18.60035489797593,18.335368090868,18.90498154163361,18.712025916576394,18.343076980113985,21.78442766666412,15.362587247043853,20.65904934406281,18.85024069547654,18.63877514600754,18.530999624729155,19.17113189697266,18.44698896408081,19.766696727275846,24.575161337852485,18.266386902332304,17.829424965381616,19.147728860378272,17.912358212471016,19.962145686149604,16.521857976913456,18.1260870397091,17.336759048700337,17.418285626173027,16.678079539537435,18.744520330429065,19.018077325820922,17.782455158233653,19.35546921491623,19.616150593757634,19.32257120609284,18.504301822185518,17.167775362730023,19.080697870254514,16.904860031604763,17.4870946764946,17.91937911510468,19.258805364370346,19.204424613714217,20.232504868507387,18.356223237514506,21.379996407032014,18.248448300361627,17.56636662483216,17.288903248310092,22.185882377624512,17.86045882701874,18.917337977886213,19.142973303794864,19.134744298458106,17.728554844856262,16.526852285861974,18.168191558122636,20.3589506983757,18.600227284431462,19.15777282714844,18.10901966691017,18.976852631568917,17.738008165359496,19.618866157531745,19.747583019733433,20.613144099712375,18.290034437179568,18.18643177747727,18.215791022777562,18.534387683868424,19.04476653337479,18.314967918395997,19.134887480735777,18.44719482660293,17.690456295013426,17.61407887935638,18.537719666957862,17.75765367746353,20.28799360990524,16.296318995952614,15.91535439491272,22.557134604454035,20.91223984956741,17.79830313920975,18.998596417903887,19.06929056048393,18.48607096672059,19.80291582345963,18.41711909770965,18.726145565509803,17.577053797245032,18.669007933139802,18.442999815940862,18.840334618091582,18.154878723621362,18.74265296459198,19.39608012437821,18.677679800987242,17.597420483827587,17.951124703884126,17.223244738578803,18.47903591394424,20.6574739933014,19.699442100524898,17.432808947563167,19.129222369194025,18.94721007347107,18.46092712879181,19.854562199115758,18.692300474643694,15.684499919414526,19.61254034042359,17.86828738451005,20.180642366409312,17.101054733991624,17.579529547691344,16.771881270408635,20.455892801284797,17.660660862922672,19.169909131526943,18.574564981460572,19.510035079717632,18.767938590049756,17.154237151145928,19.94147584438324,19.948108720779427,19.313443762063976,18.88842445015908,19.229986250400536,21.67748765945435,16.199271571636206,16.996188819408427
2054,17.177499198913583,18.319273757934575,18.872342503070833,20.28369178771974,17.765104258060454,19.733285915851596,18.34488989114761,16.813545584678657,18.237264275550846,17.411521375179298,16.988896536827095,18.528050947189335,17.874291598796844,17.071040916442872,18.17437837123871,18.673948788642882,17.852590918540965,17.539261078834542,18.40453133583069,16.993605625629435,17.44824883937836,16.893478369712838,20.066161394119266,17.799853587150583,19.056880736351026,19.682222175598138,15.551072824001318,18.68959789276123,18.41451892852784,18.390853095054627,20.584711456298827,18.086228179931638,17.296960020065306,18.741132664680485,16.926065301895143,16.005962514877318,17.629732596874245,19.184184753894804,17.381857872009277,18.540196704864506,17.508052420616156,17.734528720378876,18.570684719085694,17.423800051212314,20.562017536163335,14.201960655301813,19.334454178810127,18.649930000305183,18.598719000816345,17.63894027471543,17.883408105373377,17.429881548881532,18.601817321777347,22.796411180496214,17.898657417297365,16.953292715549477,18.690852308273314,16.90556793212891,18.78519846200944,15.523977440595624,17.18910164833069,16.352875244617465,17.491753602027895,16.455693972110748,17.716852784156806,18.89557192325592,17.77116205692291,18.17557011842727,18.37500429153443,18.264314067363745,18.083302712440492,16.202729344367985,18.811817765235904,17.04471144676208,16.436171525716784,18.113142323493964,18.9328311443329,18.562841844558722,18.477634835243236,18.346078848838815,19.61576366424561,17.28184267282485,17.778096747398376,16.340581953525554,20.844364309310908,17.774230539798737,18.903976607322697,17.895578384399407,19.090189909934992,17.815373563766478,16.642450547218328,17.55421164035797,18.99008399248123,18.15645766258239,18.032255065441134,17.008068460226067,17.96102402210236,16.787574636936192,18.473191273212436,19.117362689971934,19.480247378349308,17.089003074169167,17.255570173263553,17.463004922866826,17.687917137145995,17.76030173301696,17.413289892673497,19.08169918060303,17.53447053432465,16.74720333814622,16.640623402595526,17.897953450679786,17.82316402196884,18.950362253189088,15.31977682709694,14.926359367370612,21.20405230522156,19.399505877494807,17.474230432510375,17.947126114368437,17.76568685173989,18.220667755603802,18.649696552753454,17.547098577022552,18.19517877101898,16.938066816329954,17.715257668495184,18.614046263694767,18.745191526412974,17.452006506919865,18.229703259468074,18.84790043830872,17.509385538101206,17.69492644071579,18.185989046096807,15.963375931978225,18.447958135604857,19.229553198814394,18.58142294883729,17.489777922630307,18.651250529289246,18.91613023281099,18.39769469499588,18.6585879445076,18.84444146156312,14.663702517747879,18.426948320865637,17.954455137252808,19.01989272832871,17.16046431064605,16.60382858514786,16.79701447486878,19.274390697479255,16.424753504991532,18.613810813426976,18.111047863960266,19.34687551259995,17.841056752204896,16.223093110322953,18.795218110084534,18.72741093635559,18.005081760883332,17.706695449352264,18.60294156074524,19.98353018760681,15.299232125282288,17.235477972030633
2055,16.321295845508576,17.499550789594657,18.4177021741867,20.104304695129393,17.769732725620276,18.846924668550496,18.263065111637125,17.180959159135817,17.29157242178917,17.80885260105133,16.722255873680115,18.166178625822056,17.43305805325509,17.532821977138518,18.076413309574132,18.57715009450913,17.447357881069188,17.198213958740233,18.01069539785386,16.23310385346413,17.39988926649094,16.033871567249296,19.958952784538276,17.36341421604157,18.4400818347931,19.484611463546752,15.953003978729246,18.249920588731776,17.811070358753206,18.030786579847337,20.37881374359131,18.083284831047056,17.291711270809177,18.329419243335728,16.651669335365295,15.987226891517645,17.93790482282639,19.05702738761902,16.803782963752752,18.166439360380178,17.180682468414307,17.751684463024137,18.237749636173263,17.823128390312196,20.371845960617076,14.733015823364259,18.578270745277408,18.346876549720765,18.238471966981884,17.33221303224564,17.819595861434934,17.152951729297634,18.533002400398253,22.559865880012513,17.432154655456536,17.040060782432555,18.220055997371677,16.650869560241695,18.156614303588874,15.990376931428907,16.952448570728308,16.91929476857186,16.53237965106964,15.681550353765493,17.45651681423188,18.49747416973114,17.36261934041977,18.132980763912197,17.749123668670652,18.359328687191013,18.036183071136477,16.59733200669289,18.284074687957762,16.724594521522523,16.302603495120998,17.16658165454865,18.469589287042616,18.058346214890484,18.23831918239594,17.995984637737273,18.79095969200134,17.74833782911301,17.15577499866486,16.74262300133705,20.692892980575568,17.38443214893341,18.54761447310447,18.40615159273148,18.716415160894396,17.499311864376068,16.31948169469834,17.08538140356541,18.79861482381821,17.714019083976744,17.97251350879669,17.47845067977906,17.917508792877193,17.172028338909154,18.441614127159124,18.625668081641198,18.861504244804383,17.049629068374635,17.65405606627464,17.18035265207291,18.00284008383751,17.709827077388763,17.115671062469488,18.70365425944329,17.946906757354732,17.134935164451598,16.350173819065088,17.44300065934658,16.866040492057806,18.310353803634644,15.726065525412569,14.873947453498843,21.017850470542914,18.645428824424755,17.044995248317722,17.92248094081879,17.696806371212013,18.00068308115005,18.11475943922997,17.285763370990747,17.73193098306657,16.559382772445684,18.04164887666703,17.843419885635377,18.349333637952803,17.21983078718186,18.218945813179015,18.457626760005944,17.467757201194765,16.73050692677498,17.279707229137422,15.964486312866205,18.086024153232575,18.497883892059328,17.965347433090216,17.113562190532683,18.18198494911194,18.564121615886684,18.023285949230193,18.561779928207407,17.889609122276305,15.019066447019572,18.413915288448337,16.996559494733816,18.92125384807586,16.202443814277665,16.588224077224737,16.425147736072553,19.213929867744454,16.389925742149348,18.1447144150734,17.623593813180925,18.929492372274392,18.219031912088397,16.635224443674087,18.723262572288505,18.61977574825287,17.90853388309479,17.637183654308316,18.15298988819123,19.148778474330907,15.792598980665208,16.29901043176651
2056,17.394253110885625,18.944992423057556,20.060268759727478,21.622757554054253,19.591679835319518,21.089969873428352,20.127482843399054,18.714093732833867,18.625214266777043,19.351753902435302,18.68332195281983,19.781680655479438,18.958061122894293,19.32806351184846,20.015091133117686,20.530104684829716,19.15900821685791,18.573522686958317,19.73810513019562,17.791651463508607,19.203874540328986,17.659661722183237,21.88395571708679,18.855336928367613,20.100336790084835,21.404939579963678,17.442404222488413,19.856111764907844,19.35104548931121,19.721564173698425,21.869998455047615,19.545659732818603,19.05182037353517,20.17259294986726,18.506126248836523,17.868969082832344,19.43076004981995,21.19865400791169,17.979234790802003,19.850598859786995,18.95666291713715,19.62812466621399,19.94484469890594,19.268153333663943,21.598157548904428,16.5162207365036,20.335740542411813,19.998451137542727,19.91879265308381,19.40573105812074,19.8628856420517,19.24618713855744,20.37479574680329,24.559932875633237,18.934516501426693,18.681293535232545,19.941191101074217,18.54029777050019,20.08167233467103,17.540504407882686,18.748576712608337,18.509073030948645,17.889280366897587,17.16999549865723,19.29720623493195,20.366799426078806,19.064163088798523,19.947362995147703,19.45234644412995,20.058160209655764,19.60662498474121,18.092988348007214,20.442239022254956,17.941306042671208,18.122498416900633,18.433915090560923,20.367685413360594,19.907031130790706,20.71504344940186,19.531333780288705,20.894082665443424,19.23462724685669,18.361741733551035,18.210816359519963,21.95752489566803,19.103383064270016,20.27374985218049,20.10479452610016,20.527622079849245,18.84179878234863,17.51193809509277,18.796056342124942,20.931791663169868,19.24534769058227,19.800286626815797,19.210033941268925,19.56071457862854,18.664014363288885,20.196158862113965,20.44557645320892,20.645308876037596,18.87526845932007,19.122139191627507,18.880259895324706,19.499896907806395,19.70353546142578,19.06096694469452,20.560699343681335,19.37375905513764,18.618701887130733,18.21358369588852,19.165072202682495,18.239403510093695,19.956169319152828,17.240954208374028,16.65339111089707,22.577888679504397,20.548890757560724,18.43114924430848,19.576260018348695,19.78882915973664,19.687430071830747,19.92098894119264,19.1807054758072,19.3768317937851,18.225986504554754,19.56395328044891,19.122257065773002,20.081788325309752,18.8708221912384,19.80822157859803,19.996174979209904,19.275960111618048,18.083020615577702,18.466240835189822,17.841210198402404,19.784679222106934,20.33987965583801,19.501610159873962,18.557915186882013,19.80093986988068,20.326086592674265,19.76800377368928,20.490741252899163,19.202014207839973,16.643901574611668,20.23138844966889,18.35676634311676,20.76804552078247,17.565552282333375,18.273780965805063,17.83357648849487,20.911846661567687,18.270413851737977,19.83235876560212,19.258874154090886,21.032268619537355,19.703230214118964,18.08866686820984,20.574813199043273,20.329259562492364,19.99889867305755,19.424102067947388,19.874153614044193,21.234834218025217,17.26240179538727,17.541705560684207
2057,17.535551238060002,19.032749199867247,20.737420606613163,23.272321891784664,20.11829831600189,22.93180668354035,20.71722756624222,18.89579762220383,18.778418302536014,19.623006176948547,19.111222624778755,19.666409182548524,19.576378655433665,19.769174432754518,20.75371342897415,21.16676042079925,19.007330131530765,18.492860460281367,19.62077198028565,18.025262176990505,19.728329706192017,17.671337580680852,23.142080140113837,19.451925730705263,21.273933267593392,22.366971468925477,17.6615420460701,20.584716343879705,20.561370944976815,19.60536103248596,23.495573306083674,20.09140255451202,19.490944170951852,20.014893770217896,18.8739537358284,18.379688107967375,19.59964374303818,22.200060701370248,18.032041406631475,19.716259312629706,19.65332354307175,20.137612831592563,19.891460895538337,19.485498321056365,23.160993218421943,16.75687139034271,21.855219364166253,19.97232387065887,19.831585502624513,19.85636799335479,20.475404798984535,19.68857803344727,20.96460831165314,27.051993441581732,19.528909063339235,19.022744274139406,20.48177239894867,18.929569518566133,21.349080574512488,17.790636694431306,19.447353255748748,18.823636186122894,18.042280268669128,17.408296942710873,19.668014764785774,20.238141584396363,18.930009627342223,20.494393277168278,20.59864287376404,20.48653668165207,19.618554222583775,18.3041312456131,20.418350350856777,17.911586046218872,18.70744186639785,18.571068239212035,20.594381737709046,20.772236108779904,20.914047074317942,19.403352046012877,22.633593392372138,19.486076068878177,18.41637463569642,18.44596358537674,23.586625981330872,18.972799205780035,20.187836003303534,20.641538310050965,20.42189266681671,18.803406763076783,17.470729899406432,19.53682578802109,21.869051265716557,19.868467807769775,20.379771864414217,19.549016916751874,20.15423278808594,18.845259130001082,20.701002836227424,21.286138260364535,21.84187359809876,19.443356573581703,19.322603487968443,19.45978367328644,19.66656327247619,20.375041377544406,19.52431836128234,20.44236607551575,19.629847884178165,18.81132578849792,18.58599188327789,19.990585577487952,18.3965944647789,21.331417751312262,17.444140470027925,16.975343608856196,24.31617236137389,22.083935213089,18.98619928359986,20.116531538963322,20.5766372203827,19.64468843936921,21.17058169841767,19.60171151161194,20.090680885314942,18.935246121883395,19.752885580062877,19.240573334693917,19.95004334449768,19.07823110818863,19.816616415977478,20.70635375976562,19.809922242164614,18.229817676544194,18.615543031692507,18.341795027256005,19.673751544952395,21.80860269069672,20.714618706703185,18.448420691490178,20.464656662940985,20.23012247085572,19.6437160730362,21.16895575523377,19.366988277435322,16.88065423965454,20.7783922791481,18.511479401588442,21.42018640041352,17.726815533638,18.55264922380448,17.712056112289442,21.784069442749022,18.82629563808442,20.574366235733045,19.962187910079965,20.876830017566682,19.88240489959717,18.356486082077026,21.18073226213455,21.354925227165232,20.704388499259952,20.130722749233254,20.681282091140744,22.968715143203752,17.505095994472505,17.71293244361878
2058,18.088678371906283,19.414325571060186,19.306979608535773,21.20039405822754,19.647787249088285,20.4652521967888,20.1192457318306,18.60886745452881,19.406644594669352,19.27134559154511,19.595086359977728,19.334187221527102,18.231895732879646,19.112382006645202,20.092307651042933,20.50342979431152,18.68475013971328,18.224300813674933,19.284948039054875,18.592708766460422,19.181219518184655,17.556975626945494,21.693909883499146,18.138099527359014,19.502170372009278,21.281724643707275,17.347178399562836,19.128249609470366,18.820123791694638,19.257290327548983,21.41312129497528,19.57370886802674,18.980946815013887,19.66007604599,19.30507545471192,17.883190786838533,19.301601362228393,21.07532453536988,18.119838213920595,19.38387626409531,18.482116687297815,19.58095237016679,19.46248680353166,19.167090654373176,20.595690155029295,16.352432507276532,19.77300803661347,19.519189953804016,19.496191132068624,20.358101367950443,19.819621109962462,20.182368803024293,20.39090111255646,24.024798798561108,18.15826606750489,19.07129268646241,19.183127868175507,19.342319440841685,19.39589368104935,17.414450287818905,18.44830982685089,18.393754231929787,18.687824153900156,17.996298551559452,20.072269678115845,19.87279969453812,18.61344422101975,19.97625715732575,18.66050662994385,20.017544364929204,19.290570664405827,18.018125343322758,19.78979115486145,17.665394425392154,17.971009433269508,19.185820817947388,19.68804402351379,19.042709171772003,20.275643062591556,19.098344826698312,20.31724224090577,19.13938993215561,18.59532737731934,18.11385478973388,20.89852435588838,18.68059632778168,19.831248676776887,19.952314925193782,20.05591726303101,18.520779037475585,17.24613997936249,18.02152824997902,20.890668439865117,18.502461516857146,19.802516365051268,19.092181551456456,19.617622709274297,18.566061496734626,20.20258233547211,19.60334841012955,20.026859366893778,18.91261242628098,19.043660068511958,18.42227177619934,19.359460020065306,19.741570365428927,19.956559777259827,20.068537509441377,19.300816583633424,18.535655236244203,18.980887460708622,18.410705548524856,19.000825560092938,19.47179772853852,17.13699967861176,17.19452720880509,22.091712355613705,19.977079260349278,17.715919947624208,19.619030356407162,19.86137293577194,19.304056429862978,19.337351238727578,20.03987545967102,18.63626869916917,17.633267188072207,19.432517576217656,19.602180027961733,19.611218786239636,19.25671072006226,19.515259146690372,19.296085917949682,19.285900998115537,18.89767732620239,19.198798906803134,17.861117517948152,19.316262805461886,19.759333872795104,18.970272850990302,18.177185583114632,19.033066701889034,19.858065128326412,19.28233397006989,20.50600018501282,19.970761394500734,16.65351006984711,20.25892030000687,19.147606420516972,20.794000792503358,18.375436568260195,18.68679666519165,17.44278507232667,20.76944518089295,18.3093485236168,19.037763440608977,18.478855800628658,20.448334467411048,19.60132286548615,18.015805053710945,20.576253366470336,20.153992128372202,20.00705330371856,19.397801029682164,19.093366253376008,20.63027217388153,17.150008499622345,18.338878655433657
2059,17.00180041790008,18.19786621332169,18.39058200120926,20.554268312454223,17.59925661087037,19.496718478202816,18.0723708987236,16.92373714447022,18.09529248476028,17.44954038858414,17.11131348609924,18.502120018005378,17.421931934356696,16.969751501083373,17.877407872676848,18.389454960823066,17.849731326103214,17.501252758502957,18.39953515529633,16.945405507087713,17.2477096438408,16.766113948822028,20.098629534244544,17.347285127639775,18.7642557144165,19.721622848510755,15.641878789663318,18.235045528411867,18.21905691623687,18.380458045005806,20.855510306358337,17.862001252174373,17.14488441944122,18.740520191192633,17.07034938335419,15.854302626848224,17.71160111427307,19.06805540323257,17.245834028720846,18.524697351455686,17.12596871852876,17.5209393620491,18.55918942689895,17.491173434257508,20.62671844959259,14.278408278524882,19.062429022789008,18.62381467819214,18.606712567806255,17.756738972663875,17.622459900379184,17.610201299190525,18.358466267585758,23.207391810417175,17.40531990528107,17.02187356948853,18.258990800380715,17.041453456878664,18.419071996212004,15.582557225227351,16.86221438646316,16.33642638325691,17.339677608013158,16.375826185941705,17.87214863300324,18.921544146537784,17.754267096519477,17.97593457698822,18.20899355411529,18.1376676440239,18.11493372917175,16.316779601573945,18.728403472900386,16.992917513847345,16.18611630797387,17.928884816169745,18.711806690692907,17.99661638736725,18.25187155008316,18.31330405473711,19.406027066707615,17.346091222763068,17.649166214466106,16.42605639696121,20.963176059722905,17.77961707115174,18.90362716913223,17.767569887638096,19.09492131471634,17.790317714214332,16.596330463886268,17.052982783317567,18.764247214794153,17.688667023181925,17.788013136386873,16.96919909119606,17.712173366546637,16.887923085689547,18.297394180297854,18.568836927413948,19.162305724620825,16.907162892818455,17.363591551780708,17.12362974882126,17.778111863136292,17.511754560470585,17.539980280399323,19.088114583492274,17.587990748882298,16.85847738981247,16.79248099327088,17.41602647304535,17.675311851501476,18.771908593177795,15.410251986980445,15.054895293712622,21.516890907287596,19.176561045646675,17.020512688159943,17.74227267503739,17.45317704677582,18.24047167301178,18.37824883460998,17.65151687860489,17.688741052150725,16.48623089790345,17.79516665935516,18.47639971971512,18.73596743345261,17.524605357646948,18.278063154220582,18.40285668373108,17.316030347347258,17.535744225978853,18.008721899986266,15.818223315477372,18.437773251533514,19.004998135566712,18.3599407196045,17.42634600400924,18.152278506755835,18.915673637390142,18.38920905590058,18.371809744834913,18.675310146808627,14.750413060188293,18.23343018293381,17.811538100242622,18.74506819248199,17.00832643508911,16.727399241924285,16.74588901996612,19.229097759723665,16.243376523256295,18.098913908004768,17.60664114952088,19.3938268661499,17.930622684955587,16.29149800539017,18.52768807411194,18.733511638641367,17.702493166923535,17.568725895881656,18.10598105192185,19.750884437561037,15.305248355865478,17.087353324890138
2060,17.574190688133232,18.87865736484528,20.020123922824858,22.3777344942093,19.260493326187138,21.847964048385613,19.79221609830856,18.25838497877121,18.784935617446898,18.93318383693695,18.501721405982977,19.10063601732255,18.87922035455704,18.821698451042188,19.716489148139953,20.229346120357512,18.43248469829559,17.975869512557985,19.040912425518037,17.82596434354783,18.858858203887948,17.522445559501655,22.10084211826325,18.772195053100592,20.412777447700524,21.304011821746833,17.03256030082703,19.85632654428482,19.727301907539363,19.04163662195205,22.644447493553166,19.304939007759096,18.683418202400198,19.4043648481369,18.305224990844735,17.489241945743558,18.980303847789752,21.01319501399994,17.75131385326386,19.147066617012033,18.843225657939918,19.24776449203491,19.302555918693546,18.85789805650711,22.23547091484071,16.005883932113647,20.848905062675477,19.39987530708314,19.219376456737525,19.173384022712703,19.509039676189417,19.054727387428294,20.08406512737274,25.67404983043671,18.835506606101998,18.38998799324036,19.768542730808257,18.329794752597813,20.437209355831147,17.096143865585326,18.594233310222627,18.04444055557251,18.0530166387558,17.237003338336955,19.073922491073613,19.606883549690245,18.34659316539765,19.65407691001891,19.95684764385222,19.686434745788567,19.068930280208583,17.696631705760964,19.654832112789155,17.399740934371955,17.850609254837035,18.60466679334641,19.869953668117514,19.92843000888825,19.95942873954773,18.8675739645958,21.60670197010041,18.80874670743943,18.17823736667633,17.80839684009552,22.623517322540284,18.438319683074955,19.54969913959503,19.694438815116893,19.771593761444088,18.262771201133724,16.979296326637268,18.788278508186337,20.70734856128693,19.16197711229325,19.470826125144963,18.724642074108125,19.30529457330704,18.216848433017734,19.904478800296783,20.440107870101933,20.999018216133116,18.587983489036578,18.69683367013932,18.741346216201787,19.06866867542268,19.38270527124406,18.899780583381652,19.786629688739772,18.989939248561864,18.193261647224425,18.004879307746897,19.201337623596196,18.375599491596223,20.455418491363538,16.81865581274033,16.392918920516973,23.428778743743898,21.120080685615545,18.32713129520416,19.300192701816552,19.479325938224793,19.051761817932135,20.270904314517985,18.995123076438905,19.372812795639042,18.180499339103704,19.117300844192506,19.097375202178956,19.38457286357879,18.603061020374305,19.23381955623627,20.00998802185058,18.97232934236527,18.23834601640701,18.64139015674591,17.464765942096708,19.075941479206087,20.865187120437632,19.85414056777954,17.93101402521134,19.73282681703568,19.596668446063997,19.063994264602663,20.223713684082036,19.337965202331553,16.2239518404007,19.91671861410142,18.523804557323455,20.516047406196602,17.72050350904464,17.9807006597519,17.232607281208043,20.903819942474374,17.93081806898117,19.787384390831,19.187019801139833,20.166813671588905,19.26556077003479,17.70846648216248,20.290428972244264,20.468622660636903,19.675303888320922,19.246030735969548,19.88572041988374,21.913719224929814,16.79972749948502,17.748826718330385
2061,16.292416143417356,17.53369398117066,19.159121060371394,22.111131072044387,18.745050311088562,21.76216629743577,19.165702223777775,17.122032880783074,17.359918546676642,17.798933672904965,16.412490576505665,18.008135652542116,18.08361636400223,17.37122898101806,19.046775364875796,19.51437289714813,17.397708857059477,17.01881518363953,17.9300733447075,16.25065310001374,18.24055228233338,16.089111113548284,21.612265729904184,17.993233990669253,20.142028546333314,20.722853326797498,15.875906133651743,19.031765973567964,19.646820640563963,17.902242517471315,22.37873933315276,18.77219679355622,17.988637661933893,18.239377558231354,16.437673830986018,16.91653022766113,17.855083107948307,20.1601904630661,16.588272619247455,18.034135603904723,18.085808229446407,18.495620501041422,18.151645028591155,17.70083643198014,22.852335500717167,14.543378293514255,20.747897362709057,18.31312153339386,18.11833095550538,16.991878700256358,18.769753909111024,16.93061118125915,19.470602285861975,25.376003599166875,17.99712979793548,16.77954579591751,18.812955021858215,16.39532105922699,19.889539825916295,15.81247349977493,17.881549048423775,16.608079898357396,16.595451939105992,15.665174806118012,17.270895659923553,18.439871621131896,17.2637258887291,19.073569047451024,19.694229125976566,18.90492876768113,17.94914478063584,16.550841665267942,18.537107431888586,16.492665505409246,17.21835960149765,17.182367932796488,18.816087520122522,18.916472256183624,18.675541961193083,17.80907164812088,21.529424130916603,17.58801521062852,17.02903361320495,16.658856558799748,23.322061157226564,17.28557620048523,18.35667618513107,18.233798873424536,18.55618175268173,17.2834591627121,16.126623082160954,17.89580980539322,19.91430348157882,18.35964257717133,18.863447475433354,17.411102187633514,18.728116178512572,17.0921853542328,19.361249971389768,19.455198848247534,20.585169315338142,18.029148972034463,17.572265088558197,17.929726624488833,17.936574220657345,18.733845818042752,16.83221919536591,18.559683775901796,17.81226725578309,17.07160277366638,16.168674099445344,18.297784495353703,16.95190623998643,20.440915489196772,15.638548183441168,14.665160495042802,23.137824177742004,21.03979187011719,17.545748591423035,18.756374621391302,18.725455415248867,17.923652040958405,19.812883698940283,16.973297929763802,18.467508399486547,17.329190218448637,18.03526096343994,17.823545360565184,18.29262553453446,17.175261104106905,18.142187333107,19.148307013511662,18.392573797702788,16.787323975563055,17.287587380409242,16.93206732273102,17.93376570940018,20.769427037239076,19.753622364997874,16.952174878120427,18.878252935409552,18.378091001510626,17.890099787712103,19.52980508804321,17.949952292442322,14.84470475912094,19.342282497882852,17.066650295257567,19.87031168937684,16.26463552713394,16.454697573184976,16.316720306873325,20.43269414901732,17.38190652132034,18.903293728828437,18.321198081970216,18.875043988227848,18.14027367830277,16.537334811687476,19.643002438545235,20.00553674697876,18.941519021987915,18.71119303703308,18.958933246135715,21.816665220260617,15.511080551147463,16.3215990781784
2062,17.254962277412424,18.695999848842625,20.45721271038055,22.659102058410653,20.467960596084595,22.24882397651673,21.09731702804566,19.059588789939887,18.421112382411962,19.81992399692535,18.966918110847477,19.45058312416076,19.33684570789338,20.29316675662995,21.129764533042913,21.565860629081733,18.773910808563233,18.31873803138733,19.40064029693604,17.700851225852965,20.10758986473084,17.67565016746521,22.994047451019288,19.2132303237915,20.772968363761898,22.934827995300292,17.8232120513916,20.280124855041503,20.03752117156982,19.39555191993714,22.877972435951243,20.38185994625092,19.846949100494385,19.759016680717473,18.759498238563545,18.773602592945103,19.732779121398927,22.77696511745453,17.794085955619813,19.50097475051881,19.571675193309783,20.520348405838018,19.659894323349,19.666542720794673,22.62104806900025,16.985895013809206,21.234322285652166,19.769504356384267,19.57736518383026,19.664824700355528,20.914310240745543,19.500151515007033,21.317291569709777,25.992711353302013,19.29203524589539,19.009746313095093,20.20271019935608,18.78819527626038,20.852626955509187,17.97781982421875,19.482049727439886,19.032129025459298,17.68473429679872,17.08287688493728,19.537541341781616,19.977444267272944,18.690041041374208,20.854650545120244,20.233096408844006,20.800831389427184,19.576153492927553,18.4915582895279,20.119279146194465,17.73482813835144,18.927099192142485,18.23781650066376,20.30559084415436,20.418149495124823,22.138807511329656,19.223928594589232,21.986541938781738,19.669189214706428,18.16137351989747,18.581266236305236,23.052934145927427,18.748016762733467,19.91602342128754,21.06614801883699,20.14478430747986,18.593635511398315,17.314446377754216,19.230434906482692,22.377514505386365,19.619055294990545,20.7541622877121,19.797587323188782,20.50288088321686,19.02469065189363,21.021898508071907,20.945890152454375,21.36160209178925,19.810417079925543,19.50062179565431,19.46727663278579,19.805255436897276,20.754682803153994,19.33303792476654,20.162723970413204,19.811111235618597,18.995127153396613,18.401267147064203,19.636239695549012,18.030900120735172,20.764012527465823,17.628422033786784,16.96860384941102,23.68777301311493,21.477675533294683,18.774068856239317,20.455459284782407,21.001861178874968,19.504094624519357,20.706267356872548,19.421712327003483,19.80202699899673,18.758478713035583,19.950530052185062,18.917963790893552,19.73574032783508,18.978619360923773,19.802050137519846,20.40889403820038,20.18439064025879,17.872289967536926,18.301129341125495,18.734833502769472,19.438973522186284,21.21645140647889,20.180861377716067,18.269639921188364,20.18516848087312,19.964211034774788,19.41954753398896,21.540856695175176,18.99094215631485,17.02809658050536,21.116849517822267,18.147442734241487,21.791522645950316,17.36436712741851,18.58360233306885,17.542429947853087,21.79646384716034,19.21800876855851,20.277975118160253,19.675686240196228,20.5699180841446,20.06201865673066,18.496550965309147,21.55298314094543,21.286161208152777,21.122214818000796,20.352460360527036,20.342087101936347,22.301765632629394,17.677077865600584,17.371506488323213
2063,17.029132485389706,18.276351952552794,19.076608538627614,20.73017859458923,17.65319190025329,20.28657836914062,18.12567880153656,16.568422317504886,18.212938857078562,17.18009477853775,16.03564832210541,18.37017939090729,18.012577819824223,16.29755399227143,17.92504382133484,18.462610042095186,17.73126385211944,17.326185059547424,18.29453661441802,16.79182074069977,17.228223931789405,16.721199631690986,20.207121706008913,17.93275518417358,19.34242956638337,19.075197720527655,15.30789484381676,18.925784325599675,18.68469743728637,18.280819606781012,21.01803636550904,17.934832239150996,17.059178340435032,18.620166635513307,16.081711864471437,15.798507118225094,17.3980506181717,18.59300003051759,17.11175274848939,18.40544707775116,17.640032470226288,17.507374143600465,18.49578475952149,17.159840559959413,21.294584250450143,13.904273033142093,19.625812935829167,18.60151288509369,18.46387848854065,16.56193006038665,17.655400717258456,16.457098245620728,18.43540399074554,23.39535882472993,17.972843933105477,16.352062606811533,18.821460628509527,16.016907680034635,19.212373566627498,15.259584242105484,17.232121872901917,16.046906667947773,17.476029157638546,16.21263239383697,16.89659378528595,18.819176459312434,17.609175395965586,18.037789118289947,18.75273475646973,18.038166630268098,17.935082960128792,15.973646557331088,18.792877554893494,16.768812799453737,16.349605178833002,18.03804159164428,18.985935401916503,18.868999588489533,16.780342721939093,18.17047698497772,20.14039618968964,17.035926485061637,17.57256000041962,16.08465077877045,21.688162136077885,17.68785107135773,18.73944427967072,17.218280339241026,18.952581095695496,17.59063203334809,16.38171751499177,17.817317736148834,18.504160559177404,18.28098359107971,17.81952672004699,16.712942814826963,17.786246800422667,16.53743970394135,18.361377704143525,19.396840119361883,19.8710541009903,16.92538975477219,17.013143873214727,17.49126007556915,17.470152187347416,17.561536967754375,16.43718625307083,18.959540629386904,17.274550342559817,16.519170308113097,15.859637486934668,18.21315838098526,17.817548823356628,19.342981100082405,15.075947749614723,14.233865272998807,21.719046950340267,19.81811757087707,17.51999208927156,17.800635218620304,17.522624671459194,18.095088577270513,19.02377576828003,16.591160655021667,18.395289778709415,17.07633588314056,17.482910013198847,18.502245640754712,18.65661110877991,17.101716399192814,18.069591522216797,19.11799633502961,17.356015574932105,17.658591365814214,18.08381423950195,15.799421989917752,18.310027074813853,19.596591639518742,18.826328539848326,17.27222652435303,18.803172993659967,18.771979689598083,18.28467500209809,18.459889686107633,18.783607172966004,14.306811267137528,18.301169681549077,17.938594532012946,18.82459337711334,17.152615261077884,16.02257936000824,16.61898176670075,19.301112747192384,16.240606009960185,18.811160182952882,18.233254361152653,19.304731130599983,17.60368502140045,15.983562898635862,18.610296320915232,18.791340517997746,17.774240970611572,17.596308219432835,18.88901057243347,20.45500237941742,15.013387382030487,17.14278886318207
2064,17.67308158874512,18.872202515602115,19.58340142965317,21.56756463050843,18.830780935287482,20.895281231403352,19.472477567195895,18.139341497421263,18.786409986019134,18.829947173595436,17.68084098696709,19.099938273429867,18.474432957172393,18.433406579494473,19.398855447769165,19.873280012607577,18.426631605625154,18.04804782867431,18.95951000452041,17.545219063758847,18.51537417173386,17.37241063117981,21.461389899253856,18.386608135700232,19.79329369068146,20.5221037864685,16.92913136482239,19.397677147388457,19.10959067344666,18.981266772747034,21.80471243858338,19.064737725257878,18.364597713947298,19.375185549259186,17.472444987297063,17.062457257509237,18.857921493053436,20.385802292823797,17.92439244985581,19.1226949095726,18.380514788627636,18.94276648759842,19.21292802095413,18.799352204799654,22.280617880821236,15.864669084548947,20.238668155670155,19.277300345897675,19.24345517158509,18.40711692571641,19.122557950019846,18.212501347064983,19.74000842571258,24.60716092586517,18.5427169084549,17.982061886787413,19.380212807655333,17.538835626840594,19.76767308712006,17.025804865360268,18.15858199596405,18.053938543796544,18.013829958438873,17.021584999561313,18.27348623275757,19.524197149276738,18.37949676513673,19.27674841880799,19.244327259063713,19.448174655437477,18.965682363510133,17.54730719327927,19.494616192579272,17.562772119045263,17.42332853674888,18.633931303024294,19.636000728607183,19.43233415484429,19.099604511260992,18.892527985572812,20.716834223270418,18.75561068058013,18.309692680835724,17.721103823184972,22.690231537818907,18.39585436582566,19.633419871330265,19.4183521270752,19.812993681430815,18.397882390022282,17.11758018732071,18.285278010368348,20.204194247722633,18.789767646789546,19.133168721199034,18.66649079322815,19.028926026821136,18.097813236713414,19.523222017288212,19.947939723730094,20.3564150929451,18.178164768219,18.557094001770018,18.304284757375726,18.942429709434514,18.984755778312685,18.138414072990425,19.814104652404787,18.931084024906163,18.03855881690979,17.263498985767363,18.718271762132648,18.33626794815064,19.804955387115477,16.706889462471008,15.77708966135979,22.553858351707458,20.332070100307458,18.070673620700838,18.99892436265946,19.131902837753298,18.949652111530305,19.622136867046358,18.284976589679726,18.922531878948213,17.727540928125393,18.98375158309937,19.167799043655396,19.27318767309189,18.22169564962387,19.123362052440644,19.596970593929292,18.579763245582576,18.22459341287613,18.704397249221802,17.015481179952623,19.101248729228978,20.12391834259033,19.22072377204895,17.994885432720178,19.33248816728592,19.658712995052337,19.017208874225613,19.867968702316283,19.368038904666896,16.028743082284926,19.543449473381038,18.506704068183897,20.171432530879972,17.682692968845373,17.427747905254368,17.268266463279723,20.434964382648467,17.512653368711465,19.336180019378673,18.781743764877326,20.088992542028425,19.13507192134858,17.620105445384983,19.931154537200943,19.907184183597565,19.305565094947827,18.827244353294372,19.419124680757527,21.07389602661133,16.76847491264343,17.837535572052
2065,16.095303440093993,17.31082781553268,18.496177983284,19.028435587882992,18.380215513706204,19.155583381652836,19.071054208278653,17.293283951282497,17.095899212360383,17.95472292900085,16.543629837036132,17.91266212463379,17.477843356132507,17.227216529846196,18.897267079353334,19.42717425823212,17.203587007522582,16.943391275405876,17.784294652938847,16.068653547763823,18.161962962150568,16.153283119201657,19.854926276206974,17.388957357406614,18.63838984966278,19.62407374382019,16.018519484996798,18.296668696403508,18.017514276504517,17.804080033302306,19.35454919338226,18.642221045494075,17.968704545497893,18.06147611141205,16.53656034469605,16.704590237140653,17.98835536241532,19.468662500381473,16.500942778587337,17.92321577072144,17.489342987537388,18.442338407039642,18.021936535835273,17.916410946846007,18.705772805213932,14.74931957423687,18.968402338027964,18.189031314849853,17.958498072624202,17.108308458328253,18.65642257928848,16.9910984992981,19.305931830406188,21.061751747131346,17.508717918396002,16.930606102943425,18.2517275094986,16.507635259628298,18.33266826868057,16.02661121487618,17.404452085495002,16.91955379843713,16.34183419942856,15.497623169422155,17.3553757071495,18.23727514743805,17.069282341003426,18.885580170154576,17.758158659935,18.91058889627457,17.92067996263504,16.672604846954354,18.06235293149948,16.438654446601866,16.893589913845062,16.96770482063294,18.342240190505986,18.111443114280704,17.890226197242743,17.767174935340883,19.112713432312013,17.80536820888519,16.89829735755921,16.812777984142304,18.931172728538524,17.124955880641934,18.21539535522462,18.181524026393895,18.401973843574524,17.209292078018184,16.048661828041073,17.12402485609055,19.456382870674126,17.7734935283661,18.759000051021573,17.64489138126374,18.592551136016844,17.24919922351837,19.128431570529948,18.673356890678413,19.056869506835938,17.7855227470398,17.7231567978859,17.545078253746038,18.046738076210033,18.49472461938858,16.933038341999058,18.379556012153618,18.012955367565155,17.19441269636154,16.22898656129837,17.499234759807585,16.696621763706204,18.516109228134148,15.78119667768479,14.796165418624884,19.84262382984162,18.91297926902771,17.12651710510254,18.54909062385559,18.565590333938605,17.852657604217537,18.21040170192719,17.096449232101445,17.82477374076843,16.771168243885043,18.22005199193955,17.610370993614193,18.1495658159256,17.14322537183762,18.16727530956268,18.51006407737732,18.21752098798752,16.53056446313858,17.066733288764954,16.674548566341404,17.80296795368195,18.74709582328796,18.220469331741334,16.86194298267364,18.253513240814215,18.225563836097724,17.76147276163102,19.413490533828742,17.70377504825592,15.02493160963058,19.078664338588716,16.80047001838684,19.749416804313665,16.016481566429142,16.56178414821625,16.19380955696105,19.375129461288452,17.14531393051148,18.190226674079895,17.673609995841982,18.593021023273472,18.307034945487977,16.692231106758115,19.532837760448466,18.629891133308416,18.80737873315811,18.178000926971436,18.212036907672882,19.461283731460576,15.747388958930973,16.03739014863968
2066,16.659882318973548,17.903239572048186,19.26536630392075,20.897590851783747,18.755341982841497,21.55319763422012,19.340096509456632,17.785822653770445,17.70040428638459,18.48264628648758,17.62303159236908,18.492463862895967,18.20489994287491,18.32441188097,19.27302440404892,19.748746240139006,17.889116799831392,17.478071367740633,18.396604275703428,16.78247817754746,18.35112812519074,16.683775353431706,20.982871544361124,18.128404951095582,20.027334845066076,20.74431738853455,16.55773072242736,19.16199878454209,19.47647967338562,18.39541462659836,21.179362344741826,18.95816738605499,18.158950448036197,18.770937728881833,17.482652044296266,16.90147306919098,18.47654296159744,20.461558878421783,17.114412689208983,18.526184213161475,18.142057144641875,18.764934098720552,18.65982398986817,18.41355195045471,22.384332275390626,15.452913995832205,20.75556693077087,18.76810011863709,18.615449273586275,18.259698963165285,18.984840500354768,18.164484572410583,19.609876871109005,23.571400713920593,18.216246616840365,17.783041775226597,19.00749790668488,17.499228656291955,19.88593965768814,16.638085603713996,17.941481810808185,17.57860812544823,16.94353629350663,16.195636224746714,18.261018025875103,18.97040499448777,17.822220778465265,19.141653168201458,19.524488735198975,19.218564736843113,18.473744487762463,17.196000039577495,18.992491710186,16.98643600940705,17.23410646915436,17.55523586273194,19.168231618404388,19.113599246740346,19.518961453437807,18.289052736759192,21.313793313503265,18.377925908565523,17.464651656150817,17.347906017303472,22.86043515205384,17.79187037944794,18.953652191162114,19.232104551792144,19.132917129993437,17.795154070854192,16.57364774942398,17.98092828392983,20.191271805763247,18.485847353935235,18.984324181079867,18.26445739269257,18.91288253068925,17.74537438154221,19.40056598186493,19.63612294793129,20.525627398490908,18.04281138181687,18.208163821697244,18.03718005418778,18.5507819056511,18.854216861724858,18.047728741168974,19.138816642761235,18.555840671062477,17.696846377849585,17.168097090721126,18.43332870602608,17.2807888507843,20.26651468276977,16.33487076163293,15.658796346187595,21.808828711509705,20.828513014316563,17.76407945156098,18.873124611377722,18.97343103885651,18.42978438138962,19.655872619152074,18.166283094882967,18.59297182559967,17.439860761165622,18.6453453540802,18.19628200531006,18.741885089874263,17.848393511772162,18.680521786212918,19.328725194931035,18.45285097360611,17.133422100543978,17.642248666286466,16.88685373067856,18.465898430347444,20.605898070335382,19.589110231399538,17.434064602851866,18.998125028610236,18.9808786034584,18.418259584903723,19.75392582416535,18.273331797122957,15.69460229277611,19.42390909194947,17.412739157676697,20.06574916839601,16.610263419151302,17.29309543371201,16.788502562046055,20.096963083744054,17.369533348083493,19.02830152511596,18.490455842018136,19.471453899145132,18.77842127084733,17.265075433254243,19.79758474826813,19.51921890974045,19.167567980289462,18.601337003707886,19.121339285373686,21.660807919502265,16.378891539573665,16.71491144895554
2067,17.084950637817382,18.30077077150345,19.59063813686371,22.054500269889836,19.59599921703339,21.404014146327977,20.234204304218295,18.603033590316777,18.115140128135682,19.349685335159304,18.577558970451356,18.80049891471863,18.503747630119328,19.40356936454773,20.23779368400574,20.664033663272875,18.11398963928223,17.7849967122078,18.66764003038406,17.31835737228394,19.220724964141855,17.20698790550232,22.198287320137027,18.408294618129734,20.09476597309113,21.602371120452876,17.406092822551724,19.44322344064713,19.462221336364745,18.688034665584574,22.272903156280517,19.73327507972718,19.015663909912114,19.03093758821487,18.34039350748063,17.79000014066697,19.22524938583374,21.5658885717392,17.505861818790443,18.820003092288978,18.63926810026168,19.680497252941137,18.94093753099442,19.26135210990906,21.93043341636659,16.504404109716415,20.78616173267365,19.08477956056595,18.91596909761429,19.26263557672501,19.957699060440067,19.118495845794676,20.503353500366213,25.25535895824433,18.54287554025651,18.68325471878052,19.3367528796196,18.419976687431337,20.016670310497293,17.568449997901915,18.57978075742722,18.63538215160369,17.356071436405188,16.74761734604836,19.123267650604255,19.208397448062897,18.052164399623873,20.028480064868926,19.36830101013183,20.069443547725676,18.961540782451628,18.015973508357995,19.20243010520936,17.30860981941223,17.988629937171947,17.97774739265442,19.446233749389652,19.453640723228453,20.658219337463386,18.61005778312682,21.223219430446626,19.259496402740478,17.85473099946976,18.18777991533279,22.281320023536686,18.07552969455719,19.28726298809051,20.34276863336563,19.462175333499907,18.117818486690528,16.878946030139925,18.29200747013092,21.274578285217284,18.80348253250123,19.863363730907444,19.29660654067993,19.77526242733002,18.55177668333053,20.244722104072576,19.977558135986335,20.617089366912847,18.940658855438237,19.008831524848944,18.593047606945042,19.305123543739317,19.804887056350708,18.972058367729197,19.461153542995454,19.406500494480134,18.513945484161376,18.02876083850861,18.734703564643866,17.6957421720028,20.20320448875427,17.201384985446932,16.54615736007691,23.05460221767426,20.763721776008612,18.08364206552506,19.71363747119904,20.067228221893316,18.814781868457796,19.930281126499175,19.080633938312538,18.933424043655396,17.878626191616064,19.452456176280982,18.599672043323515,18.9960538983345,18.51980167627335,19.210075998306277,19.62678680419922,19.31227769851685,17.5548356115818,18.072823083400728,17.747338593006138,18.780723309516915,20.556501817703253,19.59697251319885,17.718601429462435,19.330287158489234,19.307762038707743,18.704346203804015,20.682643747329713,18.708216774463654,16.627654147148128,20.299292802810676,17.83015232682228,20.95184321403503,17.02558491230011,18.126833307743073,17.012016940116887,21.085142588615422,18.270909762382505,19.360727047920232,18.81377762556076,19.71410420536995,19.57756828069686,18.11662933826447,20.682836115360274,20.54480261802674,20.17468432188034,19.54997589588165,19.442654252052314,21.589825379848484,17.315647435188293,17.145766460895537
2068,17.00260498523712,18.266508412361155,19.4540667772293,21.352876019477844,18.48596233129501,21.417903089523328,19.069432663917546,17.18609175682068,18.10893988609314,17.829137694835662,17.310787355899805,18.667018246650695,18.384861588478095,17.441296648979186,18.91961960792542,19.421981024742127,18.001076149940495,17.62992017269135,18.597304701805115,17.033589923381804,18.162896311283106,17.26242318153382,21.0845674276352,18.296831965446472,20.134445977210998,20.37415912151336,15.937885403633118,19.304041314125065,19.557646417617796,18.575043916702267,21.678887677192687,18.675913381576535,17.94602103233338,18.92509307861328,17.25680489540101,16.764023828506467,17.98111724853516,19.947935152053837,17.30283293724059,18.700545740127563,18.18350678682328,18.41222772598267,18.830988621711732,17.80198090076447,22.10670404434204,14.629502522945405,20.667712235450754,18.937274026870732,18.78656733036041,17.8860762834549,18.650378811359406,17.755111646652217,19.333708310127257,24.279708385467533,18.36369981765748,17.24862611293792,19.21372444629669,17.23420569896698,19.90276042222977,15.911276888847354,17.90044482946396,16.739439177513127,17.381333172321327,16.46050543785096,18.04140722751618,19.1323255777359,17.901217985153206,18.9242846608162,19.560480690002453,18.880021047592166,18.348210096359253,16.59588086605073,19.11800864934921,17.09980401992798,17.153508734703063,17.95426838397981,19.334426355361934,19.239510643482216,19.06533544063568,18.465928316116337,21.2113361120224,17.669928967952732,17.709402871131903,16.71537659168243,22.483728480339053,17.965386080741887,19.0870150089264,18.28916754722595,19.29328966140747,17.913492584228514,16.698254323005678,18.165389144420622,19.754377079010006,18.670333838462835,18.769949519634245,17.47371115684509,18.61761419773102,17.156879699230196,19.18659920692445,19.778979182243354,20.558930540084845,17.843997132778163,17.629310584068303,18.098185777664188,18.041456639766693,18.536763072013862,17.70882256031037,19.297951889038092,17.90950291156769,17.12830039262771,16.962522995471954,18.558894681930546,17.714526128768917,20.170731592178345,15.705506074428559,15.266779732704162,22.35296084880829,20.828587818145756,17.907221603393555,18.600680637359616,18.58724989891052,18.4599511384964,19.71489455699921,17.80532021522522,18.777252268791205,17.54756450653077,18.130001044273378,18.523080348968506,18.94666566848755,17.703197515010835,18.51010351181031,19.432331800460812,18.254162466526033,17.57174093723298,18.018732929229735,16.740251600742337,18.626521134376524,20.602141523361205,19.74921686649322,17.56511852741242,19.192408943176275,19.10979170799256,18.584341931343072,19.413216233253486,18.692260694503783,15.047973847389224,19.145073163509366,17.83218082189561,19.744940495491026,17.05608512163162,16.94337829351425,16.870656132698066,20.086704683303832,17.1970694065094,19.201762127876297,18.639832615852363,19.616146862506863,18.2121964931488,16.6051509141922,19.545053124427803,19.60706667900086,18.81122455596925,18.483019018173223,19.25820710659027,21.562089490890504,15.610040426254272,17.07641923427582
2069,18.974955105781564,20.56088640689851,21.25462911128999,22.924717521667482,20.98015594482422,22.29452073574067,21.6178661108017,20.162282037734986,20.366199922561645,20.895865654945375,21.078976082801823,20.983808922767647,20.039599561691283,21.149067449569706,21.67097101211548,22.128928947448735,20.360313153266908,19.685082054138196,20.937634181976325,19.688590455055238,20.61130056381226,18.952062439918524,23.48283536434175,19.89897470474243,20.95987026691437,22.99551317691803,18.92921671867372,21.050403213500985,19.986697363853455,20.9264028787613,23.1045045375824,20.757353734970096,20.439967775344858,21.470862698554996,20.665083122253428,19.291510581970222,20.838925385475164,23.1196790933609,19.401023149490353,21.068790769577028,20.292367506027222,21.146461510658263,21.18707690238953,20.751425981521606,21.586304283142095,18.33627004623414,21.269573974609372,21.154458737373364,21.22262659072876,21.887264895439152,21.48532724380494,21.769378757476808,21.859305000305184,26.380336594581603,20.014869093894948,20.599878358840936,21.16550428867339,20.74110412597657,21.37475137710572,19.165003585815434,20.151866531372065,20.333594560623172,19.652224946022027,19.081677126884465,21.3985337972641,21.663803148269665,20.35129756927491,21.353827190399176,20.089301323890684,21.475012350082398,20.88835706710815,19.570801138877876,21.836878705024716,19.08527822494508,19.506143093109134,20.14090876579285,21.66478097438813,21.359822773933413,22.345436835289004,20.684308218955998,22.022848844528216,20.805164813995365,19.780894613265982,19.690956616401678,21.961851525306706,20.370947694778437,21.700666213035582,22.025819206237795,21.946038675308227,20.054274487495427,18.59032874107361,20.053862965106962,22.81088242530823,20.33923273086548,21.24750666618348,21.0084226846695,20.9319053888321,20.10246710777283,21.540251970291145,21.857160139083863,21.774575519561775,20.306878781318666,20.55696837902069,20.15530722141266,20.923731851577763,21.307309842109674,21.458978152275087,21.99565601348877,20.897490167617804,20.055690193176268,20.350544977188108,20.530916750431068,19.957446360588072,20.828065848350526,18.748073220252998,18.687110185623176,23.940541553497308,21.475148892402654,19.439632105827343,20.895242691040032,21.586513376235963,20.930926895141607,21.14355583190919,21.48274757862091,20.634516096115117,19.528222155570994,20.965505647659302,20.693714141845703,21.233502674102787,20.602888870239262,21.071778559684763,21.24109382629395,20.654199314117438,19.857428503036502,20.12085747718812,19.23709206581116,21.09125764369964,21.19953148365021,20.108691406249996,19.67862823009491,20.96853938102722,21.75613558292389,21.032392692565928,22.1253095626831,20.917725777626025,18.3551831483841,21.649486446380614,20.124558258056638,22.338339757919314,19.341674900054937,20.092887806892403,18.891703844070435,22.249179291725163,19.717825603485114,21.10109736919403,20.444772672653208,22.49055240154267,21.124252414703367,19.60448687076569,22.069581675529484,21.711878609657287,21.74098362922669,20.850475549697883,21.239688062667852,22.331977057456967,18.85676007270813,19.34891481399536
2070,17.310156512260427,18.55141139030456,18.7683685541153,21.31624462604523,17.68951085805893,20.580707478523255,18.149219894409182,16.84280173778534,18.565334749221808,17.389970922470095,17.84831696748734,18.367056488990777,17.70757081508637,17.415411853790285,17.96475791931153,18.475538134574883,17.703730106353767,17.34017245769501,18.27179353237153,17.543648505210882,17.29122844934464,17.171942448616026,20.551685690879822,17.632675158977502,19.41031403541565,20.181233477592464,15.565025103092193,18.605333244800573,18.901590967178347,18.26983354091646,21.621299672126764,17.95658164024354,17.15008479356765,18.590629959106444,17.73508681058884,15.879062080383301,17.629847419261935,19.437524342536925,17.243278956413278,18.393944001197816,17.413429975509636,17.561996066570284,18.483295750617987,17.40723196268082,22.744918966293348,14.185579389333729,19.88756914138795,18.584459424018853,18.45757246017456,18.499764347076415,17.695436131954196,18.338237690925602,18.453357744216923,24.292717766761783,17.678390741348263,17.342167878150935,18.54724215269089,17.736461842060095,19.122712254524235,15.515216016769415,17.096919786930076,16.30047743320465,17.839084482192995,16.94000413417817,18.5347847700119,18.791433382034306,17.56778266429901,18.063543486595155,19.17568554878235,18.156516516208647,18.031789684295653,16.231714153289794,18.659044682979584,16.787480783462524,16.32195372581482,18.358944821357735,18.79934141635895,18.451239883899685,19.71933510303498,18.178410911560057,20.41286175251008,17.26839060783386,17.736938571929933,16.34569429159165,23.191395807266243,17.71267881393433,18.730038022994997,18.16876701116562,18.932902026176457,17.599144148826603,16.402384805679326,17.45831072330475,19.008279776573183,17.985055518150336,17.86162828207016,16.935172414779665,17.80607368946075,16.803207147121434,18.383753514289857,18.99656448364258,19.83842663764954,16.986668777465827,17.277157139778144,17.345404040813456,17.696622586250303,17.59934979677201,18.223107314109804,18.937851834297184,17.514662182331087,16.768647134304054,17.460546362400056,17.84337822198868,18.184939050674434,19.570766162872328,15.32880965471268,15.468018233776093,22.32600092887878,20.069838786125192,17.26635730266571,17.82861294746399,17.550309371948252,18.13658796548844,19.03293998241424,18.355972075462343,18.0826579451561,16.82820998430252,17.72188923358917,18.75228831768036,18.641235542297366,17.85668387413025,18.193956434726715,18.780739426612858,17.39950159788132,18.021273159980773,18.39380087852478,15.868420267105108,18.304792380332945,19.861046814918517,19.022264122962955,17.272947549819946,18.48627939224243,18.76438319683075,18.272777771949762,18.46817901134491,19.127034640312196,14.784920877218251,18.320354592800125,18.29790197610855,18.833773326873786,17.52721437215805,17.057280075550086,16.599336957931516,19.517756557464605,16.308610260486603,18.458129334449772,17.902647340297705,19.25556089878082,17.86622407436372,16.230510592460625,18.63017691373825,19.086934304237367,17.788730657100675,17.72375367879868,18.526825737953185,20.73626489639282,15.250400173664099,17.450353956222536
2071,17.581418013572694,18.992271697521208,20.603007745742794,23.667689132690427,20.15692737102509,23.191239833831787,20.689890933036807,18.945343065261845,18.8130464553833,19.68191704750062,19.761347055435188,19.491867876052858,19.422079730033875,20.22852165699005,20.72042138576507,21.105029940605164,18.793555819988256,18.345460152626043,19.416762876510624,18.17547128200531,19.671247553825374,17.704915165901184,23.360895371437067,19.30217821598053,21.36273286342621,22.883289361000056,17.700525164604194,20.452866911888123,20.77579731941224,19.39905121326447,23.897121644020082,20.05661323070526,19.44259605407715,19.79056197404862,19.450292491912847,18.39140111207962,19.61120069026948,22.54687597751618,17.964794754981995,19.515875470638278,19.574556267261507,20.10116515159607,19.690813851356513,19.538805007934567,23.870165634155274,16.764247375726704,22.115882444381715,19.77955033779145,19.644573545455934,20.55608131885529,20.39310400485993,20.401139068603527,20.96003065109253,27.58170077800751,19.347443461418152,19.365332221984865,20.2902138710022,19.51026403903962,21.381834530830382,17.80607076883316,19.39714212417603,18.848491418361668,18.045436859130866,17.561348235607152,20.215377759933467,20.018271684646614,18.752954030036925,20.500413417816162,20.97128758430481,20.47511496543885,19.514286100864418,18.34973465204239,20.19955923557282,17.78118088245392,18.695369935035707,18.60279412269593,20.39358282089234,20.61949568986893,22.6807275056839,19.22822525501251,22.88355436325074,19.536123681068425,18.371644067764283,18.49613561630249,24.355439639091486,18.765765964984908,20.027186727523805,21.043571352958686,20.23949158191681,18.668079733848572,17.34679148197175,19.405812680721283,22.034327197074894,19.712365198135377,20.350786614418034,19.568441164493567,20.142997193336488,18.893333292007448,20.715248060226447,21.134833776950835,21.898123908042912,19.45704519748688,19.36631714105606,19.34695150852204,19.681270539760597,20.352656018733974,20.194904184341432,20.24988819360734,19.68273260593414,18.84722170829773,19.102454555034644,19.867822349071503,18.397093093395245,21.576858639717095,17.46975716352463,17.41095439195633,24.761047983169554,22.296666860580444,18.817032456398014,20.124122071266168,20.540066182613373,19.486648821830748,21.268000102043157,20.249743199348455,19.94261858463287,18.831185984611505,19.77892913818359,19.24036138057708,19.72863490581513,19.263207566738142,19.72783172130585,20.58428223133088,19.79924366474152,18.2357184290886,18.659144902229315,18.35644356012345,19.475420439243322,22.035337638854976,20.90125393867493,18.291343975067136,20.3012764453888,20.057212400436406,19.434994173049922,21.13715929985046,19.396081161499026,16.988782620429998,20.780108666419988,18.532301080226905,21.397339224815376,17.727006959915165,18.895795464515682,17.544838523864748,21.883677983283995,18.845567011833197,20.43383195400238,19.799783802032472,20.616960108280175,19.925546360015876,18.400579583644877,21.16529943943025,21.511577367782593,20.676234626770018,20.17135927677155,20.539525508880615,23.225714111328138,17.521525549888604,17.77525587081909
2072,16.294059634208693,17.553642308712014,19.279063451290135,20.836202573776248,18.848374593257912,20.062643301486975,19.411646592617036,17.334322845935827,17.294905805587778,17.97253210544587,17.234257137775415,18.20171008110047,18.22122735977174,17.515761971473697,19.283305895328514,19.783870160579692,17.60289783477783,17.215145564079297,18.145787739753725,16.439931583404544,18.53547512292862,16.083757352828975,21.048000240325937,18.117024588584894,19.363071036338802,20.597885942459122,16.05756747722626,19.05957211256027,18.676666021347046,18.129579639434823,21.11689131259919,18.928662633895875,18.29869499206543,18.47844529151917,17.212788558006288,17.155846917629248,18.06108264923096,20.23573715686798,16.736411285400397,18.256821465492244,18.166484129428863,18.770137333869933,18.401682257652283,17.902332949638367,20.171016740798954,14.775129604339606,19.584294772148134,18.555999541282652,18.315725708007818,17.84197609424591,19.080981886386873,17.73459722995758,19.675193274021147,23.52190856933593,18.190758204460145,17.235962343215938,18.989176261425026,17.168856263160706,19.168625319004057,16.013363933563237,17.99085788726807,16.79645138978958,16.55313893556596,15.8245973110199,18.02552099227906,18.677276253700256,17.479557704925536,19.27988333702088,18.562630510330205,19.140661656856544,18.131478345394136,16.73564255237579,18.745682537555695,16.69722111225129,17.392877793312074,17.156601238250733,19.01071943044663,18.97542212009429,18.807971882820137,18.028243327140814,19.952608776092532,17.77922614812851,17.120331430435183,16.81911168098449,20.431255888938903,17.504050397872927,18.583093488216402,18.31624010801316,18.788843059539797,17.47644059658051,16.31856689453125,17.9594328403473,20.09860917329788,18.513793778419494,19.113897800445564,17.615633106231698,18.918689107894902,17.289753329753875,19.51999521255494,19.540623116493226,19.82294331789017,18.207865488529205,17.778718829154972,18.14437336921692,18.115742886066442,18.92606619596482,17.65130317211152,18.78872878551483,18.003698706626892,17.272085046768183,16.885900855064392,18.310654211044316,16.908521151542665,19.194325542449953,15.831351661682135,15.283734905719754,21.761944174766548,19.718667781353002,17.74646174907684,18.901195955276485,18.979261684417718,18.13901536464692,19.076535165309902,17.73939807415009,18.59319074153901,17.45277020931244,18.29671529531479,17.815113019943237,18.513261353969572,17.51644915342331,18.352032852172858,19.213840925693525,18.6111646771431,16.748299479484565,17.244818186759957,17.14531608819961,18.147293221950527,19.513834667205817,18.864107656478883,17.159885120391852,19.022613275051118,18.5972450375557,18.121929633617405,19.762442648410804,17.893621206283566,15.138849508762359,19.497538113594064,17.005099976062777,20.092050409317018,16.223859930038465,16.978472042083744,16.509910988807675,20.164181756973267,17.582258403301246,19.014679133892066,18.46062535047531,19.115048038959504,18.348218822479254,16.705077171325684,19.881514906883243,19.60235593318939,19.19971505403518,18.734258449077608,19.01913638114929,20.301996171474464,15.67407474517822,16.2912611246109
2073,18.366819643974303,19.9202309370041,21.074372076988215,22.238459014892587,19.84538834095002,22.297184276580815,20.401084280014036,18.921067774295814,19.689530539512635,19.578122723102574,19.302089083194733,20.46842491626739,19.983559060096756,19.55968952178955,20.33853547573089,20.81108875274659,19.87689580917359,19.26198215484619,20.40320999622346,18.698721003532416,19.473224985599522,18.758917498588563,22.332851624488832,19.865981864929193,21.105890512466434,21.821521139144902,17.681823623180392,20.85715603828431,20.26137597560883,20.401747298240657,22.5223117351532,19.80579121112824,19.309668803215025,20.91927635669709,19.077542471885685,18.137174308300022,19.73428933620453,21.70279343128204,18.91447174549103,20.566112685203557,19.719008743762977,19.936279284954068,20.57247262001038,19.462150001525885,22.49838263988495,16.836980634927748,21.38885350227356,20.567852950096135,20.610227108001713,19.924428796768186,20.20921646356583,19.80647552013398,20.61277158260346,25.37839138507844,20.00497226715088,19.062433767318733,20.958376359939574,19.044462072849274,21.20723198652268,17.79817023277283,19.345432806015012,18.7587804555893,18.971545612812044,18.115614831447598,19.783893799781808,21.037306725978855,19.86567354202271,20.177682840824126,20.563417005538945,20.313845252990735,20.10932474136353,18.345550763607022,21.360723590850835,18.672576880455015,18.54401077032089,19.46960599422455,21.283105552196506,21.064950335025788,20.395011997222905,20.245711207389824,22.04707461595535,19.46756477355957,19.24125485420227,18.41355299949646,22.86270680427552,19.832486784458162,21.067401123046885,20.28061149120331,21.29601821899415,19.543367958068846,18.211581254005438,19.832948589324957,21.35229511260987,20.281638193130497,20.06653227806091,19.502730917930606,19.844820618629456,18.91049555540085,20.40141987800599,21.602067017555235,21.638370203971864,19.112138795852665,19.37649631500245,19.543404328823094,19.77921986579895,19.99057704210281,19.620087647438055,21.33787634372711,19.58598244190217,18.883311998844146,18.706719624996186,20.21532583236694,19.28316037654877,20.855027413368227,17.500939333438872,17.16661041975022,23.228278183937064,21.609669160842905,19.44746356010437,19.84594233036042,20.15235168933869,20.242264366149907,20.9201764702797,19.68292117118835,20.392161285877236,19.083169686794292,19.769921898841865,20.049107241630562,20.69113972187042,19.432534074783327,20.22103590965271,20.914928483963017,19.519283926486974,19.172921335697172,19.46614589691162,18.107794451713566,20.527046060562135,21.368320202827448,20.449141621589664,19.297911691665654,20.850782036781315,21.13038728237152,20.488958573341364,20.726749706268315,20.243884181976323,16.97125658988953,20.475805413723002,19.44321455955505,20.997810196876525,18.65165580511093,18.707822692394256,18.57953374385833,21.243678474426268,18.52385830879212,20.939430069923414,20.372134375572198,21.775458538532256,19.948097801208498,18.300199365615846,20.81577758789062,20.714326405525213,20.292742204666137,19.68893415927887,20.943351089954373,22.38774993419647,17.514268612861628,18.613983798027043
2074,16.84296365976335,18.077513074874883,19.25299822092057,19.540114855766298,18.86399173736573,19.978545963764198,19.395970165729526,18.010344886779784,17.85922377109528,18.639572703838354,17.74632407426834,18.64078204631806,18.17551101446152,18.261616933345795,19.283647215366365,19.738951480388636,18.02856452465058,17.60191997289659,18.53773820400238,16.95457564592362,18.481445574760436,16.792760229110723,20.38200373649597,18.08962632417679,19.257378315925603,20.13860609531403,16.731604695320122,19.067269408702852,18.52903990745545,18.523555076122285,19.871534681320192,18.94097216129303,18.318189048767096,18.90933402776719,17.64031200408936,17.130319535732266,18.66579763889313,19.94525275230408,17.25500543117524,18.665192806720743,18.201899242401133,18.838335168361663,18.74619076251984,18.58455182313919,20.18902270793915,15.621036070585257,19.4077579498291,18.860753238201145,18.761598992347718,18.429434859752654,19.00152904987335,18.319264960289,19.66568861007691,21.751584768295285,18.123220181465157,17.91886813640594,19.01400429010392,17.641309702396395,19.147475278377538,16.807899963855743,18.008249127864843,17.747257816791528,17.107409930229192,16.374394619464873,18.446267151832586,19.07537500858307,17.961037242412566,19.251875948905955,18.604298996925355,19.349507498741154,18.604087316989904,17.380254781246187,19.125370776653302,17.09570660591126,17.3854781627655,17.729586863517767,19.219725096225737,19.006073880195622,19.086234855651856,18.427097201347358,19.837263429164885,18.543399453163154,17.61348396539688,17.504629337787627,20.48711080551147,17.868857204914097,19.0835641026497,19.11189864873887,19.28011776208878,17.905407083034518,16.686073672771453,17.97712435722351,19.87005966901779,18.456202578544623,19.08856042623519,18.393686795234686,18.92397358417512,17.94568314552307,19.517986977100367,19.547842752933505,19.78304582834244,18.168760097026826,18.404060399532323,18.09520064592361,18.69901132583618,18.918978679180146,18.1996521472931,19.26691209077835,18.69949150085449,17.877323913574212,17.350632596015938,18.362479102611545,17.452747881412506,19.075302433967586,16.500233662128455,15.823470580577851,20.408624529838555,19.592408728599555,17.668819034099577,18.920676076412203,18.98027142286301,18.58415356874466,18.927774274349215,18.298461735248573,18.579722023010262,17.458230435848233,18.857977080345158,18.36180989742279,18.855543470382695,17.99017909765243,18.84545443058014,19.23079544305802,18.563880336284647,17.3161679148674,17.803943300247198,17.107009851932524,18.588462007045745,19.388194394111636,18.68258156776428,17.559442389011377,18.98862231969834,19.092360532283795,18.5225555062294,19.748459970951078,18.470174717903138,15.856123077869416,19.510286998748782,17.579015123844144,20.06685476303101,16.777950716018676,17.466405069828028,16.90319480895997,19.793405461311345,17.54476281404495,18.994868814945217,18.443458580970766,19.572978174686437,18.983539700508125,17.417021179199217,19.85999525785447,19.055140006542217,19.18637043237687,18.570053887367255,19.03959670066834,20.178904712200172,16.515321230888368,16.93273749351501
2075,18.75217008590699,20.03812603950501,20.78429582118988,20.494049096107478,20.219826674461366,21.393572425842287,20.760565662384032,19.335763204097752,19.92834119796753,20.13857787847519,19.108303749561315,20.313494610786435,19.615105605125436,19.73259465694428,20.834352493286133,21.201265597343443,19.673038780689247,19.17788004875183,20.213194310665138,18.76611324548721,19.763870418071754,18.095172500610353,21.729577565193175,19.492459452152257,20.410547888278966,21.291551399230972,18.12841925621034,20.601221585273745,19.481430768966682,20.175231409072875,20.755047178268434,20.121596920490262,19.564763462543482,20.714675974845893,18.763935363292696,18.444402199983596,19.998724496364595,21.431482040882106,19.032566618919372,20.365536379814152,19.7131418466568,20.25591833591461,20.502132153511052,19.97099443674088,20.37001240253449,17.363502938672898,20.59186663627625,20.438002061843882,20.575705897808074,20.017811405658726,20.516830909252167,19.825901484489442,21.051737439632422,23.023411989212036,19.53888643980027,19.35948964357376,20.587336361408227,18.856937074661257,20.753771567344664,18.371152359247212,19.534514588117595,19.517709332704545,19.11965462565422,18.220834505558013,19.56944227218628,20.926456153392795,19.714630711078634,20.582913160324104,19.509320306777955,20.665962970256817,20.110940611362462,18.72681377530098,21.08198096752167,18.658450257778174,18.77431498765946,19.742346763610847,21.010646283626556,20.847724419832232,19.771287775039674,20.039829504489898,21.193953394889835,20.068613493442545,19.413295626640323,18.929467582702642,20.696835899353026,19.63782140016557,21.08407323360444,20.760322725772863,21.273434782028204,19.548275768756874,18.208671486377717,19.55988065004349,21.432520532608038,19.90803679227828,20.414383602142333,20.166284698247914,20.21944345235825,19.26432746648789,20.78628813028336,21.37283766269684,21.13759270906449,19.50832606554031,19.722788047790523,19.46587344408035,20.066187906265263,20.46023281216622,19.65192821025848,21.294532072544104,20.136758983135234,19.200084698200232,18.594897508621223,20.09291416406632,19.443753767013554,20.163523459434515,17.907705014944078,17.117986685037614,21.360733103752136,20.765018522739414,19.005072319507597,20.20517612695694,20.651661849021913,20.16048319339753,20.39857946634293,19.72640616893769,20.117361426353455,18.96410292387009,20.13276926279069,20.342005574703215,20.475813734531407,19.437810659408566,20.279300391674045,20.79955239295959,19.86764005422593,19.352274626493458,19.80530500411987,18.41290735006333,20.40697287321091,20.536642754077924,19.609114670753485,19.161646664142616,20.484927308559424,21.112952208518983,20.28453490734101,21.232823872566218,20.516273701190947,17.354471558332442,20.881691884994517,19.655628895759584,21.492946219444278,18.79525005817414,18.652732527256017,18.376262140274054,20.992890596389778,18.89167038798333,20.651463472843165,20.021426713466646,21.6343778371811,20.259608876705173,18.881857830286023,21.229200983047484,20.232715392112727,20.79171115159989,19.861033129692082,20.78195524215699,21.518994045257575,18.095763027667992,19.08635784387588
2076,17.458193922042852,19.014865922927857,20.963341045379646,20.866335606575017,19.585253000259407,21.313874220848085,20.097585320472724,18.468756031990058,18.802346825599678,19.157938754558558,18.892766833305366,19.522125816345216,19.789809560775762,18.95605909824372,20.04225099086761,20.513476276397714,18.831694889068608,18.325253343582155,19.46787869930268,17.985903906822205,19.122100257873548,17.356760835647584,21.493170404434206,19.67406990528108,20.41277747154236,21.05546827316284,17.21275179386139,20.73566167354584,19.43159337043763,19.469496440887458,21.155875587463377,19.5325719833374,18.943961250782014,19.842707896232607,18.666784024238595,17.80536069869995,19.195885634422307,20.93405678272247,17.85387446880341,19.57185862064362,19.59320147037506,19.544763994216922,19.771255922317504,19.06798295974732,21.800220131874095,16.269061464071275,20.469487047195436,19.877482199668883,19.658979606628424,19.586923718452447,19.813313317298885,19.48571059703827,20.394403624534615,23.5287082195282,19.761313247680665,18.714035654067995,20.645781493186956,18.706908059120188,20.772354388237,17.354300093650824,19.219699645042414,18.344384753704066,18.067411243915565,17.357333624362944,19.43726410865784,20.05359818935395,18.730803394317622,19.95638227462769,19.725574207305907,19.946504259109496,19.37460744380951,17.86558427810669,20.308616375923158,17.696932554245002,18.316339123249058,18.551432466506967,20.60404031276703,21.032827186584473,19.964835214614872,19.281638813018805,21.093011593818677,19.0565086722374,18.28654062747956,17.99003267288208,22.19761166572571,18.874929547309883,20.001037073135382,19.854837155342103,20.24937934875488,18.58746631145477,17.27547640800477,19.759315276145948,20.80290091037751,20.091673707962038,19.751154768466954,19.04334149360657,19.567901921272284,18.421220052242273,20.202946662902836,21.53269691467286,21.147933721542362,18.87424906492233,18.888854181766515,19.357403886318203,19.244770026206975,19.708329129219056,19.298729515075685,20.283899593353283,19.2001898765564,18.370160686969754,18.367084825038912,20.227029323577884,18.417617893218996,20.069674825668347,17.00595390796661,16.698583221435545,21.751228260993962,20.703760647773738,19.20364012718201,19.585699295997614,19.819798910617823,19.431115889549254,20.383716940879822,19.394282102584846,20.309651041030886,19.002700781822206,19.34452618360519,19.17887792587281,19.814769673347477,18.859911108016973,19.562197089195244,20.90782470703125,19.258130884170534,18.245114707946776,18.585556888580335,17.779746878147126,19.52388725280762,20.470950222015382,19.575728392601015,18.282905507087712,20.68071179389954,20.063700556755066,19.513024687767032,20.510600209236138,19.366029524803164,16.48865830898285,20.229471850395207,18.53406119346619,20.79843153953552,17.75595673322678,18.249665069580075,17.55534012317657,20.666524004936218,18.24061006307602,20.813703846931464,20.178741216659557,20.667464828491212,19.465767276287075,17.915536105632786,20.564315056800837,20.006513905525214,20.015235042572023,19.334345519542694,20.919797134399413,21.42886011600494,17.045599079132074,17.62046711444854
2077,17.9769772529602,19.49611604213715,21.51550004482269,23.724444413185125,20.119790220260626,24.5782215833664,20.610566067695633,18.085096025466918,19.321768665313726,18.76848635673524,18.610593366622922,19.798669767379764,20.295585346221923,19.02624156475067,20.541588973999023,21.019736886024464,19.18295700550079,18.59811282157899,19.820252943038955,18.353740000724798,19.625771999359127,18.4032725572586,23.27387990951538,20.129844450950625,22.398900032043464,22.184937667846683,16.79723490476608,21.32227656841279,21.777590441703794,19.77442436218262,23.981239748001098,19.876101493835442,19.342931389808648,20.199182534217833,18.488266873359684,18.38906297683716,18.882769989967358,21.844912314414977,18.228827142715453,19.8895357131958,20.182167053222663,19.91609983444214,20.12584490776063,18.60910797119142,25.284251594543456,15.65236450433731,23.118348360061656,20.179896450042726,19.982440137863165,19.293013238906866,20.359408783912663,19.181722974777227,20.885299420356755,27.47584905624391,20.168409228324894,18.299716734886168,21.164102172851564,18.464222311973586,22.505992722511287,16.806784784793855,19.775782608985914,17.637401211261754,18.605898857116703,17.714780330657963,19.27118484973908,20.444606041908276,19.077448534965516,20.470848131179814,22.13971107006073,20.13588039875031,19.38564364910126,17.480944442749024,20.83672425746917,17.97285366058351,18.895818948745735,19.093460607528684,21.084187030792236,21.603915500640873,21.435776782035827,19.540492868423463,24.21194047927856,18.530862331390388,18.686702203750606,17.549317693710318,25.82861552238463,19.163793015480042,20.307875061035155,19.686785507202156,20.56567523479462,18.882940959930426,17.547103142738337,20.37377336025239,21.59672086238861,20.577501487731933,20.27648627758026,18.539290785789497,19.96676337718964,18.032851934432987,20.697656917572026,22.10594217777252,22.940252470970155,19.406486439704892,18.505911207199095,19.857759976387023,18.920094037055982,20.26092400550843,19.035651445388787,20.58595414161682,18.718353033065796,17.99621450901031,18.229893732070927,20.798035764694223,18.96008040904999,22.56587057113648,16.576222813129426,16.41358661651612,24.790500378608698,23.515522408485413,19.577972912788393,20.010311198234565,20.32110552787781,19.62108361721039,22.18648569583894,19.084099459648137,20.85872507095337,19.53745734691621,19.057293009757995,19.64305038452149,20.151115059852604,18.84969167709351,19.536300134658813,21.38623745441437,19.7970185995102,18.796587896347052,19.108060956001285,18.394291353225714,19.803961396217353,23.19255871772767,21.905022573471072,18.566952037811284,21.206627297401436,20.34008936882019,19.811184406280518,20.991928505897526,19.903709125518816,16.00193244218826,20.721682882308965,19.06654295921326,21.270725917816165,18.297539043426514,18.005731296539313,17.846201467514042,21.830788588523866,18.821673297882082,21.36726620197296,20.693055415153502,21.084322381019597,19.080518555641177,17.452877092361458,21.075032377243048,21.478739643096922,20.563439440727233,20.111236906051637,21.46702840328217,24.503914332389833,16.448638141155246,18.23524684906006
2078,17.9975924372673,19.464184010028845,21.256115734577172,21.327021026611327,20.569834780693068,23.023335957527166,21.195575952529914,19.02372475862504,19.13967077732087,19.797208607196808,18.940389811992652,20.39225153923035,20.113878917694098,19.773883235454555,21.258848869800573,21.681142234802245,19.747291254997258,19.166910409927375,20.325542628765113,18.150858283042915,20.20241292715073,18.46673910617828,22.32887289524079,20.01631351709366,21.44661598205567,22.00477585792542,17.821693778038032,21.138014829158784,20.601733613014222,20.325030434131627,21.61010441780091,20.55687766075134,19.93183108568191,20.79888750314713,18.678130674362183,18.835291266441352,19.835582697391516,22.167396271228796,18.738210487365727,20.441141033172606,20.148283171653752,20.611571240425114,20.560307931900024,19.611885845661163,21.614975070953378,17.014367189258337,21.959515070915224,20.552255892753596,20.577996134758003,19.64268838167191,21.022638058662416,19.473717546463014,21.411334180831908,24.091274905204774,20.096524059772488,19.00616886615753,21.067461824417116,18.70141974687577,21.71198704242707,17.973898947238922,19.92618285417557,19.01905266642571,18.371437001228337,17.564341568946848,19.420069420337683,20.978609299659734,19.74028959274291,20.920839476585392,20.745212650299074,20.86070359945297,20.113828134536753,18.485524535179145,21.234089851379398,18.607121658325195,19.162913298606874,18.96251829862594,21.281714093685146,21.40905872583389,20.517113184928895,20.09835031032562,22.715223813056944,19.649920475482947,19.00907247066498,18.555928695201885,21.99396219253541,19.677015161514284,20.999020791053777,20.653736102581032,21.236307001113893,19.504037356376656,18.123735594749455,20.07613110542298,22.06993209123612,20.39944410324097,20.856259906291964,19.78309633135796,20.631479036808024,19.01493371725083,21.112742781639106,21.91574765443803,22.12644405364989,19.885924863815315,19.519150674343116,19.97877966165543,19.886311006546027,20.867665255069735,19.30440630912781,21.2705751299858,19.779442858695997,18.999276208877568,18.336145031452187,20.5646278142929,18.708743095397956,21.35293028354645,17.622152340412146,16.952926880121236,22.199998211860656,22.133422803878787,19.528481769561772,20.564894068241117,21.14655985832214,20.238147163391123,21.27914621829987,19.39686555862427,20.63766278028488,19.46432530879975,19.94814786911011,19.712604963779455,20.6190606713295,19.163110017776496,20.216568684577943,21.253456521034234,20.241426312923426,18.56865874528885,19.040209138393408,18.778929674625395,20.437848424911504,21.86812615394593,20.718197631835938,19.172732734680174,21.007049357891077,21.053970706462856,20.40656586885453,21.66188589334488,19.725696516036983,17.03711063265801,21.235468542575845,18.871648085117346,21.892084157466883,18.035596632957457,18.526267933845517,18.42215307950974,21.48287980556488,19.267781698703764,21.15359028577805,20.52776534557343,21.698458051681524,20.063646435737613,18.50039421319962,21.64650605916978,20.793387103080754,21.230889177322393,20.282384669780733,21.263317525386817,23.057416129112248,17.704240274429328,18.202079713344574
2079,17.376811718940736,18.85656883716583,21.338528561592103,23.171940064430242,20.392835927009582,23.205048227310186,20.939737725257878,19.209589886665352,18.566732454299927,19.956610107421874,19.978261041641236,19.662370204925544,20.166582179069515,20.36324050426483,20.997862672805795,21.383112454414366,19.0203307390213,18.51494472026825,19.600089693069457,18.04917969703675,19.964433622360236,17.836450743675236,23.238284087181096,20.04854767322541,21.619952917099006,22.61398782730102,17.967016017436983,21.16791610717774,20.835708951950078,19.580765724182136,23.391403627395636,20.263922762870784,19.740992116928105,20.014212775230412,19.641493701934824,18.672915840148924,19.85859472751618,22.468165969848634,17.992087078094485,19.714868164062505,20.158879852294923,20.396309304237374,19.923952579498284,19.81428158283233,23.589254069328316,17.096396863460548,22.110141968727117,20.035454082489018,19.830966973304744,20.80480005741119,20.72047662734985,20.64834146499635,21.198483896255492,26.848797059059148,20.126850891113282,19.630075383186345,20.97814235687256,19.707182264328008,21.827350425720212,18.11169934272766,19.891151237487797,19.179843616485602,17.828819084167485,17.433533215522775,20.388251590728764,20.23169312477112,18.96648964881897,20.747194290161136,21.18635587692261,20.75467636585235,19.715994024276736,18.615167689323435,20.58651850223541,17.960172080993654,19.071995258331306,18.39245007038117,20.9004816532135,21.452314400672915,22.425562977790836,19.412314343452458,22.89690568447113,19.830014872550954,18.345971035957337,18.75105133056641,24.051454472541806,18.93564796447754,20.223776841163634,21.198246765136723,20.43890159130096,18.85432031154633,17.515573644638067,20.13336730003357,22.111190724372868,20.47200274467469,20.607750129699706,19.91679456233979,20.365721273422245,19.156027698516844,20.948862981796264,21.971430277824403,22.21988565921783,19.71775996685028,19.618675971031188,19.884808683395384,19.918562316894526,20.638667273521435,20.440422701835633,20.452554583549496,19.956816792488095,19.09325921535492,19.264077281951906,20.62478754520417,18.167055630683905,21.542299771308898,17.741497278213505,17.645935082435603,24.21007807254791,22.343096971511848,19.558907365798955,20.35014722347259,20.83712396621705,19.683309674263,21.564677906036366,20.48961865901947,20.6705219745636,19.451679944992065,20.05409455299377,19.087430763244633,19.92865979671479,19.366542196273805,19.95199885368347,21.263468456268313,20.061657571792598,18.015379738807678,18.432314586639407,18.63469152450562,19.6815416097641,22.069086265563964,20.984053397178663,18.48194749355317,21.05760989189148,20.260603380203257,19.611944365501394,21.385579299926757,19.143405699729918,17.280907738208775,21.026391053199767,18.294952654838568,21.636292910575868,17.502639400959012,19.102392458915716,17.74167959690095,21.918663454055782,19.11748859882355,21.229054784774778,20.608728718757636,20.872157192230237,20.187755799293516,18.67191090583801,21.401427865028378,21.468300700187683,20.965413331985477,20.3508348941803,21.327095699310316,23.23656399250031,17.807246994972225,17.52097778320313
2080,15.823168826103217,16.87989895343781,17.52625391483307,19.078777408599855,16.985654127597815,18.2856614112854,17.51358791589737,16.09982435703278,16.757509028911592,16.723229956626895,15.975736927986148,17.23743003606797,16.56796908378601,15.989712488651284,17.297231423854836,17.81431628465653,16.56510049104692,16.375754296779633,17.074360477924362,15.668595552444454,16.64244818687439,15.420526075363165,18.965164518356318,16.521273529529573,17.914262127876285,18.552776670455923,14.870440626144411,17.35644708871842,17.43696858882904,17.09107095003128,19.417704248428354,17.419763493537907,16.489439809322363,17.35192773342133,15.982090890407568,15.164597260952002,16.862602865695955,18.00531798601151,16.071496272087096,17.237613034248355,16.280731666088105,16.90757548809052,17.290263569355012,16.74306094646453,19.580834889411925,13.38614206314087,18.21267130374908,17.447934567928314,17.271040916442878,16.540856158733373,17.010883843898778,16.4121098279953,17.807669842243197,21.168255662918092,16.609433543682094,16.13759188652039,17.28256398439408,15.950366950035093,17.380321073532112,14.821552234888085,16.09657366275787,15.596268242597583,16.00337816476822,15.092958158254621,16.810209941864013,17.512812113761907,16.436141777038575,17.42686610221863,17.232075738906865,17.510462701320648,17.05182563066483,15.518588566780092,17.24249565601349,15.916521692276001,15.477067816257474,16.642313992977147,17.487790131568914,16.989189630746843,16.99400527477265,17.118215286731733,18.279718410968787,16.598977971076962,16.476821351051335,15.658851826190949,19.84886124134063,16.4869945883751,17.508674323558807,16.8949835062027,17.660103845596325,16.63344269990921,15.556548380851746,16.1071282029152,17.8850550532341,16.856445634365087,17.219115018844604,16.219060313701636,17.231918120384215,16.07878762483597,17.74601514339447,17.56979256868363,18.20601398944855,16.31051783561707,16.552152383327492,16.32621612548828,16.949164092540737,16.88787410259247,16.394102060794832,17.639887917041783,16.84852856397629,16.079914760589606,15.680419301986703,16.459770917892463,16.352922523021704,17.90021569728852,14.636446464061738,14.0348831653595,19.949320983886718,18.184751355648046,16.28879200220108,17.221290647983555,16.826238000392916,17.026898825168608,17.37336002588272,16.56773450374603,16.815681409835822,15.652960348129273,16.99750680923462,17.214096939563753,17.450039887428282,16.463284730911266,17.25022938251496,17.575837159156798,16.76205140352249,16.194870436191565,16.760578739643094,15.16435880661011,17.11689438819886,18.054195690155026,17.628511929512033,16.29265428781509,17.28274250030518,17.517566680908203,17.05625618696213,17.806263399124145,17.35078371763229,13.921504342556002,17.644665729999545,16.458701980113982,18.210753273963928,15.67054072022438,15.763029086589816,15.655092036724094,18.390599370002743,15.610233306884762,17.169247353076937,16.694699394702916,17.823232281208043,17.12527134418488,15.546575677394866,17.992673182487493,17.76264344453812,17.08393292427063,16.860835766792295,17.162239205837256,18.640995538234705,14.58835722208023,15.738664817810058
2081,18.71473724842072,20.352206683158876,22.19646775722504,24.845309758186335,22.16591099500657,25.12953089475632,22.606940817832957,20.71766909360886,20.094884586334235,21.654218244552617,20.607401180267335,21.002842426300056,20.954853034019475,22.46501533985138,22.860677027702337,23.1166698217392,20.391498458385477,19.734250438213348,20.967783617973332,19.369361150264734,21.473533928394332,19.258618092536928,25.297371363639833,20.826761066913612,22.812106585502622,24.43778381347657,19.55462337732315,22.169066679477687,22.029246401786807,20.929294002056125,24.996995949745184,21.866382241249084,21.181232464313513,21.510623371601106,20.178020024299617,20.213718938827512,21.28023787736893,24.659348821640027,19.29939913749695,21.088725066184995,21.38704714775086,22.084770786762242,21.308593618869775,21.37386921644211,24.60952093601226,19.105726420879364,23.77403705120087,21.273417198657988,21.277600574493412,21.52299053668976,22.533735561370854,21.38180820941926,22.982516336441044,29.293532180786137,20.90020328760148,20.812502050399786,21.95284296274186,20.261735796928413,23.337027740478522,19.89062435626984,21.31505106687546,21.15972343683243,19.37323088645935,18.744428670406343,20.92283761501313,21.746183323860162,20.422143805027012,22.472578239440914,22.25299601554871,22.310357558727272,21.10457215309143,20.117178344726568,22.16887003183364,19.137203216552734,20.512357819080353,19.860281515121464,22.18505444526673,22.672662615776062,23.766058731079095,20.67997739315033,24.751289439201365,21.532717227935798,19.63114275932312,20.351933825016033,25.163700652122493,20.35918745994568,21.80570471286773,23.402508997917174,22.04524006843567,20.088620567321783,18.66832327842713,21.13790084719658,24.20689566135406,21.282397782802594,22.22324808835984,21.910964751243597,22.061132597923283,20.61808478832245,22.654567468166356,23.143757784366617,23.599559152126314,21.395642328262333,21.08192187547684,20.9650437116623,21.371360230445863,22.515503406524658,21.136919355392457,22.096347105503092,21.575291156768795,20.576081955432898,19.901909327507017,21.769555419683456,19.68821605443954,23.03123238086701,19.3524887084961,18.591700553894047,25.90578684806823,23.923039388656623,20.25699878931046,22.038514363765717,23.008806777000427,21.044406294822693,23.072630393505104,21.13790369033814,21.583480870723726,20.507955312728875,21.496925222873678,20.50656042098999,21.238659429550165,20.511300134658825,21.305592918395995,22.26491984128952,21.666316211223602,19.560807108879093,19.84740853309632,20.17063165903092,21.13355671167374,23.648448300361636,22.06867260932923,19.744662439823138,21.919691884517675,21.860596859455107,21.05778938531875,23.2053305387497,20.631674098968517,18.884889554977427,22.84514671564103,19.855191171169277,23.29674978256226,19.056225728988654,20.04332613945007,18.94835404157639,23.651706814765934,20.741298079490665,22.20162543058395,21.508214926719667,22.56967399120331,21.602100932598116,20.35186685323715,23.097710084915164,23.184227085113527,22.910169970989227,22.0528978228569,22.440998423099522,25.121676409244543,19.60878019332885,19.084715676307678
2082,17.294885873794563,18.72656434774399,20.608979010581965,21.361934733390807,19.1149897813797,21.631570959091185,19.624079370498656,18.18043553829194,18.492189633846284,18.836097550392157,17.895609545707703,19.381010270118715,19.440284347534178,18.65638899803162,19.541685628890995,20.02587757110596,18.73931815624237,18.247126221656806,19.353027963638304,17.46692414283752,18.703852820396424,17.670018935203554,21.50371019840241,19.332436513900753,20.460385847091676,20.98956229686737,16.934007811546337,20.431128811836246,19.6279670715332,19.320019841194156,21.64689004421234,19.16705267429351,18.533310866355905,19.727270460128796,17.73488938808442,17.34075012207031,18.934445548057553,20.683602738380436,17.795251178741456,19.43950228691101,19.23757066726684,19.070862722396853,19.62960760593415,18.783791255950938,22.994655466079713,15.852832674980169,20.760098576545715,19.708609867095948,19.541464853286747,18.57641658782959,19.297148418426517,18.43974022865296,19.90502095222474,24.34996141195298,19.40736644268036,18.034343528747563,20.325251984596257,17.77211430072785,20.711761999130253,16.97716473340988,18.823954677581792,17.914272892475132,17.75030672550202,16.876166796684267,18.553234899044035,19.952178800106054,18.660865592956544,19.47838129997254,20.05889275074005,19.552213716506955,19.175406455993652,17.585439360141756,20.144096350669862,17.67377636432648,17.893214511871342,18.29386185407639,20.37226221561432,20.66849794387818,20.105528330802912,19.135780763626105,21.389238357543945,18.72258763313293,18.16186199188233,17.718635010719296,23.426219940185543,18.683285892009742,19.874327969551093,19.570690178871153,20.109052467346196,18.54536712169648,17.24766817092895,19.43421838283539,20.430367541313167,19.725445675849908,19.314316320419316,18.607401764392854,19.13795804977418,18.134036707878117,19.74440693855286,21.157806158065803,21.158154702186586,18.42971646785736,18.61597192287445,18.993413209915158,18.99900350570678,19.20293197631836,18.30760730504991,20.124129796028143,18.90481624603271,18.087124347686775,17.49546076059341,19.907895064353944,18.092729640007015,20.3267601966858,16.70377465486527,15.944765281677238,22.350354504585265,20.943524742126456,18.862434077262883,19.14799644947052,19.26528143882752,19.274517512321474,20.388235402107245,18.436951184272765,19.965709352493285,18.641558384895326,19.038850235939023,18.954068899154663,19.685978007316592,18.33792463541032,19.34569392204285,20.611804246902462,18.800743436813352,17.929958236217495,18.346892237663265,17.316593325138093,19.374799084663394,20.71714885234833,19.741935276985163,18.202542209625243,20.33553478717804,19.91355628967285,19.34989607334138,20.030418443679814,19.05884459018707,16.037903451919565,19.758391761779784,18.22333792448044,20.335064482688907,17.423247718811044,17.608486902713782,17.483827090263368,20.522498154640196,17.778529858589174,20.434478044509884,19.80257015228272,20.55119606256485,19.19631907939911,17.61638597249984,20.097789812088017,19.955568265914923,19.474583411216738,18.999981284141544,20.569759440422068,21.726827573776244,16.692093801498423,17.45270783901215
2083,15.262132716178897,16.138103711605073,17.952793395519258,20.356635427474973,16.920771849155432,19.635592281818397,17.38826400041581,15.96187452077866,15.972999477386475,16.46215363740921,16.28118188381196,16.645305991172783,16.998525810241702,16.63448964357376,17.14894034862519,17.638304901123046,16.043525004386897,15.892859685420992,16.448227417469028,15.091221106052402,16.56719702482224,15.326380538940423,19.567810440063486,16.926199114322667,18.80896122455597,19.509637570381166,14.647850966453552,17.777539563179015,18.42584183216095,16.438104391098022,20.737130093574528,17.310107803344735,16.446897184848783,16.73130609989166,16.37249481678009,15.153822112083441,16.633445084095,18.64056034088135,15.585476517677307,16.631056427955635,16.530392742156984,16.776732671260838,16.722903358936314,16.512590420246124,21.651287460327147,13.12587724328041,19.285067296028146,16.976436531543726,16.660760354995727,16.902395808696742,16.87535390853882,16.737612354755406,17.67756451368332,22.970208597183234,17.06942540407181,16.162873327732086,17.570870697498325,16.271888804435726,18.165602266788493,14.537122905254368,16.202556478977204,15.249380922317505,15.179710340499872,14.531236898899085,17.164134144783027,16.864943945407866,15.926425385475156,17.30358549356461,18.670149803161618,17.362369048595426,16.549818074703218,15.303517162799835,16.91590954065323,15.509984564781195,15.51864740848541,15.907579207420355,17.36532356739044,17.424498128890995,19.272901225090024,16.552110660076142,19.525197851657868,16.30765724182129,15.959006261825573,15.431237769126898,21.96599855422974,15.765558433532721,16.846970486640938,17.238863432407374,16.98075050115586,16.159496247768402,15.16752063035965,16.512624418735506,18.19247850179672,17.301058673858655,17.1001648902893,15.923252344131475,17.110784506797796,15.917965579032904,17.641039395332335,18.011293530464172,19.017053818702696,16.196166014671324,16.372108864784245,16.543754804134373,16.6880355477333,16.756089758872985,16.689661777019502,16.92549560070038,16.573348867893216,15.869687247276303,15.906543266773223,16.85672150850296,15.55321701765061,18.87449555397034,14.406917774677272,14.211523073911664,21.3536966562271,19.361177396774295,16.713023424148563,17.13866429328919,16.67581179141998,16.486033582687384,18.137514173984535,16.844354927539825,17.235588693618773,15.96166402101517,16.86806112527848,16.531677579879766,16.839825999736785,16.27346067428589,16.860431170463556,17.90821443796158,16.640952706336975,15.376240146160123,16.064642179012292,15.134112417697906,16.46328911781311,19.192986845970164,18.615385389328008,15.80874764919281,17.748997652530672,16.813671326637266,16.364915478229527,17.617975664138804,16.607260668277746,13.757431530952456,17.566147649288176,15.655946910381314,18.00921471118927,14.818216586112973,15.925237810611724,15.224188613891604,18.71239399909974,15.531720995903019,17.618546390533446,17.164981794357306,17.08606572151184,16.96720229387284,15.269923448562619,17.833764660358433,18.248124098777772,16.92015421390534,16.92995196580887,17.569113242626194,19.91271779537201,14.33829699754715,15.087206840515146
2084,17.942548084259023,19.6106704235077,21.889723753929147,23.96696860790253,20.632295942306524,24.854522275924687,21.139990091323845,19.53765277862549,19.2985671043396,20.324790811538698,19.144652009010322,20.347744822502133,20.639951491355905,20.247177290916447,21.222936606407167,21.63852012157441,19.748384141921996,19.06874041557312,20.390321993827822,18.44253989458084,20.1286801815033,18.412411713600157,23.82615516185761,20.498551845550548,22.521696901321413,22.29401748180389,18.324830317497252,21.805404543876655,21.705875134468084,20.348939561843885,24.130773568153383,20.472686481475836,19.912215352058414,20.827169489860538,18.8947923064232,18.824343776702875,20.22942304611206,22.370246005058284,18.527754497528083,20.44609940052033,20.656587862968436,20.61696555614472,20.673084306716923,20.14789152145386,24.657608938217162,17.56061570644379,23.369437289237975,20.722239565849303,20.578876876831064,19.887203216552738,20.949316048622123,19.74652254581452,21.448498511314387,28.027286291122444,20.547330808639526,19.37832522392273,21.563416481018066,18.948288464546206,22.961305928230296,18.509973740577703,20.321849346160896,19.644153940677647,18.585919988155364,17.801600253582002,19.6779689192772,21.06398916244506,19.692170810699462,20.96873087882996,21.936983370780954,20.972753715515143,20.31997292041779,18.958900737762455,21.480048131942752,18.436433434486396,19.357485818862912,19.066373634338383,21.62903082370758,22.20797352790834,20.903900647163386,20.038348531723024,24.455165028572083,20.217226505279545,18.901861476898194,19.10688648223877,25.18174929618835,19.71116261482239,20.968861079216,21.243952155113217,21.237014770507805,19.394608807563785,17.981552672386165,20.788945531845098,22.156846070289607,20.93475284576416,20.803454661369326,20.341064143180855,20.57764778137208,19.477538442611692,21.1866617679596,22.693187522888184,23.3203052520752,19.929737567901608,19.94812750816346,20.306169795989994,20.30144073963165,20.90044212341309,19.540343868732453,21.280473947525035,20.31258661746979,19.414056229591374,18.620999920368195,21.336843943595888,18.93347202539444,22.761163830757148,18.099950802326198,17.21870204210282,25.049098706245424,23.648614573478703,19.91765909194946,20.557751131057742,21.116949439048774,20.381230616569518,22.585737299919124,19.635723209381105,21.26261904239655,19.989029598236087,20.354137039184575,19.749222159385674,20.699746394157415,19.477395701408376,20.489677381515513,21.9012202501297,20.255412530899054,18.768129563331605,19.06875424385071,18.790948414802553,20.408508372306823,23.32675480842591,21.747952222824104,19.065116500854504,21.570661091804507,21.022032046318063,20.411624193191535,21.68061318397522,19.85891864299774,17.474164998531343,21.283149766922,19.04918074607849,21.889158940315237,18.275951278209696,18.821449971199037,18.32770829200745,22.330256390571595,19.295046877861033,21.831806755065923,21.1548320055008,21.808909535408027,20.519848680496217,19.036989712715148,21.646417474746706,21.914034128189087,21.24661064147949,20.63864068984985,22.016330552101135,24.790736413002016,18.22325286865235,18.23952362537384
2085,18.0427674651146,19.675616133213047,22.150097191333778,23.410616564750672,21.87006862163545,24.43684724569321,22.333416306972502,19.9745406985283,19.287007141113286,20.87913053035736,19.554113733768464,20.765138792991646,20.91361807584763,21.17425209283829,22.538940370082855,22.768761873245246,20.17618570923806,19.546828401088714,20.74942160248757,18.472967499494565,21.212515950202942,18.71976590156555,24.2748607993126,20.776858484745027,22.461224842071537,23.71755616664887,18.794277727603916,21.98458052277565,21.609027016162877,20.690060871839524,23.624022650718693,21.5371426820755,20.873011064529415,21.252631300687803,19.216263985633855,20.020998555421823,20.67275595664978,23.82915802001953,18.906057417392738,20.850947451591495,21.19065777659417,21.720620572566986,21.016885912418363,20.58393535614014,24.252962899208082,18.187210260331632,23.12094469070434,21.009029269218438,21.04554785490037,20.360898351669313,22.151081860065464,20.185854530334467,22.61578772068024,27.115198636055,20.84262974262237,19.839250600337987,21.83710418939591,19.280536758899693,22.874872076511387,19.052245312929156,21.050050806999206,20.252937465906147,18.52477284669877,17.867195159196847,19.99290398359299,21.453428494930268,20.188589411973954,22.107664787769313,21.947497773170475,21.88293211460114,20.694569826126095,19.416391026973734,21.940062540769578,18.97915198802948,20.292354530096063,19.0878696680069,21.99389371275902,22.407336398959174,22.133973288536072,20.460810434818274,24.079748845100415,20.71655344963074,19.195890045166024,19.550810730457307,24.796919798851007,20.07292620539666,21.5323501765728,22.079923892021185,21.759337508678435,19.92332557439805,18.515699970722213,20.970566564798364,23.564888060092926,21.233922874927515,21.951416242122644,21.068788051605225,21.725180649757394,19.936709153652195,22.262710654735567,22.92387751042843,23.167414402961732,21.05344389677048,20.414042496681216,20.797634440660488,20.738711857795714,22.18359702825547,19.97662298679352,21.79254420399666,20.766535353660586,19.892450308799756,18.923491370677947,21.532349988818176,18.863588899374008,22.513356184959417,18.58655914068222,17.633943819999697,24.44223666191102,23.354020524024975,20.218118882179265,21.713810622692105,22.50463736653328,20.732944780588152,22.547222107648857,20.05142163038254,21.473174440860753,20.351356789469726,20.84555857181548,19.922075486183175,20.99519612789154,19.739684450626378,20.846277534961708,22.052493524551387,21.358015978336333,18.74085693955421,19.12822077274323,19.98778716921807,20.871256172657013,23.058669769763945,21.68151717185975,19.539133894443516,21.85259004235268,21.56685678958893,20.790354061126713,22.82273763418197,19.866002655029302,17.99717974066735,22.48669533729555,19.019207972288132,23.00380109548569,18.202939146757124,19.198678338527685,18.759549200534828,22.946980309486396,20.485976165533067,22.10289173126221,21.464500164985658,22.24273703992367,20.951945650577546,19.514362907409673,22.77537758350372,22.349026095867156,22.51757328510285,21.56057353019715,22.22497200369835,24.42078398466112,18.782118093967433,18.3158755660057
2086,17.630634450912474,18.964264225959777,19.685180914402004,21.8509179353714,19.297185683250426,21.132637119293218,19.932056784629825,18.575433576107024,18.893626070022577,19.273832595348367,19.19303357601166,19.077834570407873,18.609219193458564,19.377261233329783,19.84287422895432,20.341861546039578,18.38301358222962,17.980090916156776,19.005153149366386,18.09660286307335,18.98934769630433,17.454545736312873,21.832327437400817,18.523555338382724,19.945065450668345,21.576655173301695,17.35823022127152,19.529895615577693,19.228563928604117,19.010452485084535,22.12635571956635,19.401572918891905,18.815767061710364,19.34644233584404,18.886664009094243,17.56608603596688,19.266604077816012,21.337777757644655,17.787294805049896,19.12041594982147,18.63308349847794,19.427192711830138,19.216115581989293,19.18633077144624,21.484940958023074,16.419242879748342,20.33728549480438,19.317718231678015,19.17898885011673,19.963446497917182,19.633546483516692,19.805921435356147,20.149909758567812,24.93536260128021,18.561987447738645,18.924713826179506,19.471931499242793,18.959840929508218,19.9252154827118,17.48709480762482,18.456422245502477,18.51298326253891,18.149446743726735,17.48795033693314,19.667429363727575,19.539341580867767,18.284357559680938,19.694121134281154,19.29546661376953,19.889639055728914,19.14968346357346,18.004609823226936,19.532611376047136,17.413190519809724,17.82229387164116,18.67508137226104,19.67195370197296,19.536870205402373,21.016860055923456,18.86726900339127,20.932820308208463,19.194342303276066,18.219268798828118,18.119331550598147,21.912436294555658,18.395322209596642,19.503242069482802,20.246306169033055,19.722614997625357,18.256236469745637,16.998511445522304,18.415899682044984,20.93157966136932,18.87495896816254,19.588605725765223,19.135236763954154,19.41663864850998,18.545157682895656,19.914505231380474,20.067985028028485,20.50221894979477,18.63305821418762,19.020862352848052,18.574018567800525,19.32156872749329,19.460093438625332,19.62389165163041,19.73109316229821,19.34608520269395,18.50921276807785,18.592525351047517,18.83944686055184,18.499557423591625,19.94818229675294,17.152787041664133,16.91790275573731,22.843778824806225,20.50402778387069,18.084187805652626,19.374438095092778,19.6084860086441,19.09326261878014,19.801794540882106,19.716440773010266,19.02634230852127,17.904815357923507,19.40213450193405,19.174057722091675,19.343489694595338,18.933520209789283,19.372388207912458,19.678213036060345,19.018695473670967,18.326648730039594,18.72135761976242,17.539208829402927,19.032209944725032,20.272497165203095,19.364813971519467,17.936513495445247,19.413653588294988,19.54469529986382,19.012053191661835,20.31706079244614,19.468712365627297,16.64494930505753,19.956964361667637,18.62501868605614,20.632848000526437,17.83297583460808,18.424107527732854,17.215358459949492,20.762777423858644,18.00746529102326,19.454981482028966,18.88096661567688,20.07866724133492,19.593331694602973,18.054922235012064,20.35956287384034,20.267883574962628,19.78482763767243,19.225742292404185,19.526692318916325,21.248276317119597,17.20410249233246,17.798179209232327
2087,16.842962646484374,18.037258577346808,19.391071593761446,21.432924985885624,19.149626815319074,21.207416915893557,19.706461668014537,18.409820580482496,17.834938859939573,19.141929769515993,18.13922287225724,18.672699213027954,18.33021250963211,19.383204042911547,19.696535980701448,20.117225742340096,18.001780593395228,17.629365575313564,18.53416887521744,17.03238137364388,18.694324433803565,16.95929172039032,21.551018786430372,18.24334110021591,19.880099630355836,21.551045966148376,17.202244126796725,19.25951614379883,19.278214240074156,18.560780382156373,21.71670384407043,19.285379266738893,18.522510635852814,18.905852091312408,17.926627969741823,17.300893473625184,19.066416299343107,21.253656744956967,17.266686582565313,18.682898950576778,18.35302352905274,19.173587369918824,18.80911672115326,19.051586997509006,22.337842869758614,16.24584411382675,20.444792771339426,18.929931020736703,18.795311665534975,18.863768780231474,19.35851333141327,18.755509412288674,19.985318183898933,24.39116250276566,18.30447267293931,18.399698698520666,19.10721954107285,17.98317697048187,19.80765627622605,17.342836475372316,18.215588414669035,18.406684207916264,17.08897136449814,16.447349894046788,18.733562529087067,19.09497675895691,17.95392799377441,19.505868363380436,19.65115842819214,19.654262578487398,18.829183638095852,17.834879207611085,19.098557543754584,17.117055308818816,17.56641558408738,17.736420738697063,19.284502315521234,19.24105753898621,20.972305846214297,18.46139696836472,20.989716613292693,19.059702837467192,17.61895530223846,17.98840948343277,22.81714770793915,17.942312276363374,19.13990312814712,20.30476810932159,19.32511934041978,17.945139145851133,16.69878585338593,18.106700503826143,20.813563776016235,18.608821690082557,19.35052633285523,19.01736024618149,19.278132724761964,18.373950290679925,19.75493228435517,19.781296432018284,20.40886532068253,18.417042160034182,18.849051356315623,18.236258816719054,19.14801470041275,19.291689312458043,18.60550491809845,19.330936789512634,19.19737255573272,18.336337637901305,17.638298380374906,18.556284862756733,17.404307663440708,20.038739037513743,16.989463603496553,16.19592322707176,22.39900941848755,20.546310257911685,17.86042011976243,19.244251084327708,19.436936926841735,18.68356924057007,19.67388807535172,18.72149598598481,18.721781051158906,17.622503709793097,19.21401427984238,18.355170834064484,18.871842229366315,18.254150140285493,19.05513851642609,19.442975234985344,18.804631710052494,17.296056592464446,17.815251719951636,17.27602375745773,18.641768193244936,20.335268437862396,19.38156275749207,17.574556612968447,19.10460621118545,19.1775232076645,18.579804229736332,20.14471113681794,18.413166654109958,16.373476934432983,19.81169685125352,17.556076610088347,20.436969590187086,16.756992816925045,17.817481553554547,16.89743844270706,20.543676590919496,17.7593468785286,19.183548116683962,18.62414432764053,19.613790488243108,19.409600329399105,17.91181075572967,20.170974111557012,19.986304140090944,19.600570166110995,19.006722664833067,19.2602590918541,21.318632578849794,17.112708139419546,16.909091305732733
2088,17.40751230716705,18.77599651813507,20.162787318229668,22.15127429962158,19.255718815326688,22.018730568885807,19.805173063278197,18.735489153862012,18.609955811500548,19.350112211704257,18.565961563587194,19.17714180946351,19.041417074203494,19.459406983852393,19.741199517250063,20.210408282279975,18.522679674625405,18.067169356346135,19.12499966621399,17.734160399436952,18.893567943573004,17.519049358367923,21.983853864669804,18.93474209308625,20.566128396987914,21.507005691528327,17.47372083663941,20.01144185066224,19.871412444114682,19.112195336818694,22.41233382225037,19.311623430252077,18.761312091350554,19.485178828239448,18.395564126968384,17.522042453289032,19.38918063640595,21.19281406402588,17.723612165451044,19.221561169624337,18.944346773624428,19.310754787921915,19.38102107048035,19.327126491069794,21.935036897659298,16.52917560338974,21.062077307701117,19.495408439636233,19.334738087654113,19.255258119106294,19.477000260353087,19.100616264343266,20.08514658212661,25.386966824531555,19.015235066413883,18.65815198421479,19.896981739997862,18.412825572490686,20.60327804088593,17.586403107643136,18.67118307352066,18.598902809619904,17.85767108201981,17.136649465560915,19.17621310949325,19.69779963493347,18.444948887825014,19.65040543079376,19.93403196334838,19.865395653247838,19.26862766742707,18.132471537590018,19.81980036497116,17.50230009555817,17.908293247222904,18.407765364646917,20.00836417675018,20.11538000106811,20.840973806381218,18.941390991210938,21.762394249439243,19.28780617713928,18.145586562156687,18.255297935009004,22.33072328567504,18.488208580017098,19.649783229827875,20.320846164226538,19.87666869163514,18.36379415988923,17.081200051307675,18.94079883098603,20.79888759851456,19.333789086341856,19.497952008247374,19.18565241098404,19.321859455108648,18.671880519390108,19.896348977088934,20.63151382207871,21.142712545394904,18.585743761062623,19.146988964080812,18.80569453239441,19.460383939743046,19.368595075607303,18.94928386211396,19.89451398849487,19.45211801528931,18.634116327762605,18.075745153427118,19.35804755687714,18.211642646789553,20.605684018135076,17.264659202098844,16.58453372716904,23.17144417762757,21.279434275627143,18.508597302436836,19.30490528345108,19.498251485824586,19.210674500465394,20.385936617851264,19.045000171661382,19.50435227155685,18.304158592224127,19.527961945533765,19.011621379852294,19.45748410224914,18.754040908813487,19.489026021957407,20.15739119052887,18.964659214019782,18.05055072307587,18.46564230918884,17.48782906532288,19.15786628723145,21.032398819923394,20.001672673225404,18.01558792591095,19.8872674703598,19.68441157341004,19.130454790592196,20.20511786937714,19.183085203170776,16.639123868942264,19.912377667427073,18.334413254261015,20.499889254570007,17.537819659709932,18.22319632768631,17.30676953792572,20.84117279052734,17.953262424469,19.971908080577847,19.39465860128402,20.265917336940767,19.70758936405182,18.154990649223333,20.287169432640077,20.373448181152344,19.665727698802947,19.236577570438392,20.053328704833984,22.09206387996674,17.303542995452894,17.5676778793335
2089,17.951025128364567,19.484520995616915,21.094701421260844,24.199617671966557,20.656858420372014,23.91993244886398,21.107119703292852,19.096528697013863,19.27085671424865,19.856831574440015,19.596043682098387,19.97248970270157,19.87272711992264,20.106369709968565,21.156214904785156,21.558446621894838,19.326133453845973,18.749898493289944,19.969130659103392,18.554185736179356,20.12900266647339,18.002626347541813,23.917967891693113,19.74451562166214,21.834336805343632,22.75721909999848,17.842019295692445,20.946639859676363,21.159986710548402,19.92645628452301,24.37023315429688,20.38709239959716,19.866566061973575,20.358282566070564,19.330008864402778,18.906849169731146,19.791276049613963,22.54214141368866,18.314213228225718,20.039345037937164,20.110728621482856,20.50379066467285,20.22030540704728,19.672675561904917,24.698234891891484,16.89082520008088,22.506752157211306,20.275358653068544,20.1538030743599,20.446212410926826,20.88582248687745,20.33791470527649,21.41038930416108,28.300123429298406,19.716753959655765,19.349188327789307,20.796147155761712,19.3820124745369,21.995735847949994,17.945427525043492,19.91859899759292,18.950126028060918,18.515618121623998,17.903472399711614,20.140904021263125,20.601567292213446,19.244389152526857,20.959549546241753,21.398991155624397,20.812030553817756,19.89176409244538,18.501440131664275,20.85076202154159,18.120773434638973,19.19666689634324,19.014207482337948,20.955453908443452,21.165656793117524,22.096992468833935,19.69445068836213,23.570091021060943,19.675585103034987,18.74898314476013,18.62305992841721,25.248905110359182,19.302959370613095,20.50075485706329,20.956064748764046,20.752392148971573,19.03946695327759,17.69030249118805,19.94039845466614,22.229412221908568,20.1432650089264,20.787200880050662,19.759850203990943,20.513934183120735,19.039078998565678,21.178307747840883,21.675138020515448,22.452853071689614,19.93805694580079,19.503735232353204,19.836142861843108,19.852594709396364,20.875688886642454,20.097773694992075,20.780017495155338,19.810274052619942,18.969259142875668,19.08061941862107,20.42217794656754,18.881691181659704,22.081837248802184,17.606468439102176,17.354864645004266,25.29539313316345,22.87424825429917,19.146783649921417,20.522497153282174,21.0208086848259,19.95332089662552,21.858207857608797,20.142782330513008,20.439785313606272,19.312501502037048,19.970504665374765,19.66768112182617,20.285239553451543,19.45994489192963,20.079444932937623,21.042506587505336,20.25812821388245,18.702868497371675,19.060640192031858,18.878416180610657,19.973387074470516,22.55927252769471,21.244153833389284,18.719908547401424,20.77315075397491,20.544958853721624,19.96855229139328,21.592324972152714,19.856852221488957,17.08235157728195,21.25202002525331,19.006007337570196,21.833648943901064,18.21306631565095,18.880974960327155,17.976892220973976,22.360265779495244,19.344054841995238,20.930055713653566,20.261951959133146,21.271399092674248,20.072548890113833,18.53725081682206,21.598185420036323,22.003825783729546,21.177073812484743,20.650929212570198,21.06897879838944,23.87312088012696,17.578451013565065,18.207668530941017
2090,20.218130779266357,21.620409393310545,21.827077794075016,22.578746414184582,21.277810478210462,23.416291999816895,21.82759473323822,20.563305091857913,21.67531518936157,21.337011229991916,21.607883310317995,21.185038113594054,20.610942220687875,21.49923133850098,21.91970739364625,22.27983579635621,20.530696797370915,19.87217671871185,21.124868965148934,20.687102556228645,20.788507819175727,19.48611226081848,23.418025803565985,20.463682556152342,21.82226343154908,22.814171838760384,19.382872140407564,21.614559936523438,20.910140991210938,21.141750192642213,22.813224172592154,20.97912375926971,20.600840902328496,21.65169506072998,21.093652915954596,19.543865656852724,21.248924732208256,23.053530597686763,20.167617034912112,21.260861682891857,20.76848003864289,21.396759557724003,21.315405702590947,21.151663851737972,22.596590089797978,18.911518359184267,22.190327763557438,21.290164089202882,21.382007956504825,22.37134675979615,21.678944492340083,22.23511345386506,22.06526336669922,25.871741938591008,20.539906716346742,21.11258511543275,21.656528401374825,21.172148382663732,22.18227698802948,19.65755026340485,20.563919758796704,20.888172447681427,20.92985529899597,20.125660324096682,21.72955540418625,21.796180105209352,20.5654212474823,21.586275243759154,21.047452735900883,21.767747354507453,21.179947733879096,20.00870651006699,22.12021856307984,19.270076274871826,19.840067577362063,21.396244859695436,22.002170348167425,21.96743507385254,21.99336488246918,20.889047980308536,23.10998950004578,21.282217049598696,20.57361977100373,20.124488544464114,22.985259819030766,20.591965413093572,21.85602762699127,22.394813895225518,22.11302120685578,20.199329233169557,18.7639528989792,20.630569815635678,22.804371619224558,20.91698808670045,21.475240826606758,21.546878385543828,21.157772159576428,20.528763008117682,21.752224111557023,22.489364886283887,22.5197634935379,20.5400719165802,20.98738999366761,20.484113144874573,21.31137940883636,21.593592572212213,21.93594126701355,22.16256191730499,21.31472578048707,20.48494853973389,20.7482342839241,21.113856244087224,21.25609470605851,21.68601698875428,19.20380249023438,19.18790713548662,23.544715714454647,22.490628695487977,19.935105895996095,21.135551786422727,21.83188827037812,21.18309936523437,21.83661835193634,21.974863040447236,21.166097307205202,19.99148781299592,21.31579065322876,21.701637387275696,21.39293773174287,21.147859477996818,21.342870521545414,21.701006817817685,20.895583343505862,21.12971696853638,21.38022093772889,19.52576525211335,21.257956600189218,22.194919204711923,21.036900067329412,19.909826517105106,21.53896260261536,21.923661708831784,21.234098029136657,22.277218246459963,22.241903924942015,18.856081354618077,21.894664716720577,21.44821574687958,22.486237788200377,20.60521097183227,20.511123657226566,19.148585081100467,22.295894885063174,19.98611028194428,21.729965424537667,21.078239536285402,22.609899878501896,21.538404655456542,20.03862861394882,22.272622108459473,21.687660789489748,21.944658160209656,20.99702215194702,21.81461541652679,23.402920651435856,19.391878581047052,20.673950564861304
2091,19.069562411308283,20.490833497047415,20.87218976020813,23.647575616836548,20.511003017425548,23.46880857944489,20.99293479919433,19.645726680755615,20.42174631357193,20.40844507217408,20.568059194087983,20.501341462135322,19.6646580696106,20.568669748306274,21.075886011123654,21.462653350830077,19.89134292602539,19.23114979267121,20.46972060203553,19.58103837966919,19.960410094261164,19.078707385063172,23.583833050727844,19.542316079139713,21.508469080924993,22.365147113800045,18.44073030948639,20.7417741060257,20.793510413169866,20.459212851524356,23.88138031959534,20.360849094390872,19.769909787178047,20.96582596302032,20.1335378408432,18.65081251859665,20.340343499183664,22.359547305107114,19.173136997222908,20.57898705005646,19.873894953727724,20.49455945491792,20.682132649421696,20.262169861793517,24.685825634002683,17.724218189716343,22.19758286476135,20.681766438484196,20.718362426757814,21.40524370670319,20.77195086479187,21.25364468097687,21.313409185409547,27.571639752388005,19.611279940605165,20.15564608573914,20.72599842548371,20.27592737674714,21.69510996341706,18.651577615737914,19.699262809753417,19.79268132448197,19.68048374652863,18.97462269067764,20.889073348045358,21.15946848392487,19.853702878952035,20.8265472650528,21.08863983154297,20.905199027061464,20.421015024185188,19.074566578865053,21.284228610992436,18.62773530483246,18.96223278045654,20.204364299774177,21.180587768554688,20.965015172958374,21.84834575653076,20.199977707862853,23.132862854003918,20.334728646278386,19.612156534194945,19.212069106101993,25.237344646453856,19.900827980041505,21.158104515075678,21.502734827995305,21.404736351966868,19.586131882667544,18.149853777885433,19.679478406906128,22.068940234184268,19.959517478942875,20.64085297584535,20.44199328422547,20.45767619609833,19.592241024971013,21.044975996017477,21.46211962699891,22.17213034629821,19.75496151447296,20.056364369392405,19.644130849838255,20.41132309436798,20.745511054992683,20.989150762557994,21.44339463710785,20.42542839050293,19.52960360050202,19.90890281200409,20.166946911811834,20.00626403093338,21.737118434906012,18.233849990367894,18.150343048572545,24.74012949466705,22.475621247291574,19.04752089977264,20.454515051841742,20.952851903438575,20.45882740020752,21.501727628707876,21.05925283432007,20.224596452713023,19.089894533157356,20.432307767868046,20.636687421798705,20.773965716362,20.205036950111392,20.58038048744202,20.87982783317566,20.093402671813976,19.88610767126083,20.19861421585083,18.624030661582953,20.57341423034668,22.173040938377387,20.88332419395448,19.22443516254425,20.566793179512025,21.21006200313568,20.540454149246223,21.501906538009646,20.981264376640322,17.815211594104763,21.16856472492218,20.169704973697666,21.727547025680543,19.36508750915528,19.552410292625428,18.47422714233399,22.13744122982026,19.125636315345766,20.715189743042,20.076396536827083,21.930167770385744,20.616619205474866,19.143384516239173,21.47494318485261,21.709651970863355,21.067790222167964,20.466010332107555,20.857783961296082,23.45115385055542,18.34586021900177,19.438537979125986
2092,17.021861815452574,18.62732768058777,20.882883381843577,23.819518613815312,19.664169859886172,24.039046382904054,20.154972982406612,18.537250757217414,18.230889987945552,19.212674689292907,18.76901444196701,19.722306847572323,19.683069849014284,19.346570134162903,20.10474746227265,20.556715035438536,19.07782254219056,18.52827475070953,19.720536494255068,17.550192487239844,19.196931982040415,17.92269632816315,23.108305430412294,19.556920933723447,21.905601668357853,21.8867311000824,17.275004184246065,20.73837962150574,21.3246414899826,19.68623476028442,24.079469776153566,19.56495258808136,18.988447618484496,20.097540736198436,18.591837763786316,17.897487699985508,19.276497292518613,21.52165718078613,17.793717670440678,19.792433166503912,19.59960877895356,19.58196413516999,19.9866025686264,19.113619256019593,25.3034164428711,16.219162940979004,22.712979507446292,20.049114418029788,19.890734314918525,19.48664093017579,19.84406781196595,19.4044248342514,20.44016244411468,27.767900347709663,19.600601744651794,18.639990782737737,20.603903651237495,18.60154529809952,21.917332649230968,17.322804820537566,19.26008274555206,18.260919260978707,17.503130233287823,16.91298522949219,19.38996179103852,20.341965103149427,18.994549751281745,20.02060942649842,21.673584961891176,20.00983095169067,19.527986264228815,17.94061815738678,20.532480013370513,17.91841044425965,18.387865090370177,18.026868319511415,20.713105154037475,20.941246604919435,21.256305003166197,19.457688355445864,23.6749205827713,19.068538570404055,18.135603523254396,18.061862516403192,25.841379642486572,19.010270285606385,20.25079174041749,20.154520797729496,20.492111468315134,18.828462457656872,17.482831287384027,19.72410471439361,21.168591022491462,19.97645742893219,19.836886882781986,18.997572207450865,19.60954337120057,18.486042237281808,20.26112058162689,21.43766398429871,22.444402980804448,18.97200326919556,18.9587021112442,19.341889286041262,19.324604582786566,19.77832870483399,19.22105331420898,20.51661305427551,19.240929293632504,18.429077911376957,18.26950343847276,20.172688412666325,17.853800404071816,22.17781021595001,17.04171000719071,16.653732275962827,24.908419466018675,23.021911811828623,19.046214318275467,19.618917298316966,19.86426775455475,19.641208362579345,21.707634496688847,19.267021775245667,20.227750563621527,18.97420589923859,19.386554884910588,18.83455805778504,20.053832769393917,18.7469907283783,19.698991441726697,20.827609467506413,19.32737758159638,17.675659859180453,18.080644726753242,17.891018533706667,19.735331106185914,22.715349197387695,21.442696332931526,18.49739847183228,20.590337896347044,20.29671971797943,19.72412602901459,20.570142292976374,18.81196761131287,16.45105934143066,20.280555415153504,17.961228084564215,20.868078303337086,17.184365129470834,18.242017745971687,17.76259114742279,21.58405411243438,18.34776365756989,20.70085186958314,20.06317691802978,20.977851605415346,19.54045011997224,17.967599415779116,20.635532402992247,21.289064383506776,20.06424744129181,19.756587338447577,20.830326795578014,24.001807379722607,16.9807070851326,17.151980996131897
2093,18.820325422287,20.303821635246276,21.956556916236877,24.650721502304084,21.536888146400454,24.614026975631724,22.173657631874086,20.14673053026199,20.11135907173157,20.997519528865816,20.801141309738163,20.723009955883025,20.755351269245153,21.360258245468145,22.333311402797708,22.696027469635013,20.102791762351995,19.493153512477875,20.66252138614655,19.384897232055675,21.112459254264834,19.323929166793828,24.72816615104675,20.613611972332016,22.54207155704498,23.8905755519867,18.976895368099218,21.81784508228302,21.784387183189395,20.673341274261478,24.83754079341889,21.341934680938724,20.84310941696167,21.18238343000412,20.321066236495977,19.79603658914566,20.833701086044318,24.025806951522828,19.25616357326508,20.801058363914493,20.941516232490542,21.658657550811775,20.983375835418705,20.76730332374573,24.610958528518687,18.389512854814523,23.35880150794983,20.983753800392147,20.946543157100677,21.66451992988586,22.107117974758147,21.50051436424256,22.39793499708177,28.87764444351197,20.732919621467598,20.515946483612062,21.691875302791598,20.45846116542816,22.812021541595456,19.204128861427307,20.800516057014466,20.39928102493286,19.363272476196286,18.776588129997254,21.065277004241956,21.37466344833374,20.118712472915657,21.884637129306796,22.063241362571723,21.852258980274208,20.762122976779942,19.601107215881346,21.756843769550322,18.91267049312592,20.06895596981049,19.910649037361146,21.845233964920045,22.18697661161423,22.43570437431336,20.441237008571626,24.23681029081346,20.861147737503064,19.58870859146118,19.73706206083299,25.155154657363887,20.120845389366146,21.432898378372197,22.24466817378998,21.667506778240206,19.821900010108955,18.442914891242985,20.76953280568123,23.621474123001093,21.063208436965944,21.791076397895818,21.194426417350773,21.522919487953185,20.11643804311753,22.025300312042237,22.69296057224274,23.17563123703004,20.842882061004637,20.57897436618805,20.713157010078426,20.910829651355744,21.95163011550904,21.224815940856935,21.713570356369022,20.92711199522019,20.0685243844986,20.04131451845168,21.274188643693936,19.683589828014384,22.664083337783822,18.788931715488438,18.49206861257553,25.74502506256103,23.52524863481522,20.124140751361846,21.47021189928055,22.310138809680947,20.72339791059494,22.593227231502546,21.284351992607117,21.312002968788146,20.190420258045197,20.994579029083262,20.47765940427781,20.94960687160493,20.37520909309388,20.924516534805292,21.884710204601287,21.18372066020966,19.567975401878353,19.922439014911653,19.738410115242008,20.828053998947144,23.242774319648735,21.892462372779853,19.502625656127933,21.674148094654093,21.49576019048691,20.781150555610658,22.677181112766277,20.662479376792902,18.357408702373508,22.21159055233003,19.86092764139175,22.86002552509308,19.039158940315254,19.897710204124458,18.75242508649826,23.154922628402716,20.250443625450146,21.891631305217743,21.256067657470705,22.152119946479807,21.132975530624385,19.64616103172302,22.607552790641783,22.74812862873078,22.362616455554967,21.522614669799804,21.998807787895206,24.61301490068437,18.937790596485133,19.15105234384537
2094,17.231268048286434,18.675488841533664,20.881602525711067,23.398356580734255,20.24393484592437,23.955255770683287,20.699161028862,18.443555903434753,18.37252473831177,19.165510153770455,18.058433079719546,19.448535966873173,19.69202039241791,18.905225872993473,20.669669985771176,21.08778684139253,18.843208932876593,18.281838846206668,19.42345461845398,17.423096132278452,19.702393174171448,17.358951282501227,23.235387134552003,19.561016511917124,21.838682651519775,22.074271655082704,17.173791694641114,20.755626201629646,21.22826111316682,19.37481002807617,23.652562427520753,19.998991298675534,19.40440413951874,19.826724374294283,17.959296047687538,18.46987583637238,19.14713220596314,21.80760457515717,17.753542518615713,19.505136442184444,19.82103763818741,20.02745964527131,19.682930326461786,19.00468180179596,24.55125408172608,16.070317494869233,22.59861195087433,19.773860239982607,19.61125404834748,18.700377392768864,20.3902379989624,18.578313755989075,21.00267822742463,27.1766918182373,19.52415359020233,18.191018772125243,20.52920764684677,17.951379776000987,21.87666424512864,17.19745301008225,19.58929077386856,18.08822088241577,17.605499458312988,16.8224286198616,18.749275684356697,20.04420486688614,18.75278971195221,20.56515395641327,21.326611828804015,20.315481352806096,19.297044634819027,17.836340284347536,20.34681231975555,17.696337699890137,18.827297544479368,18.189177489280702,20.55410389900208,20.89741277694702,20.145770239830018,19.17567665576935,23.609844708442697,18.951002264022826,18.153305888175968,17.955437970161448,25.043456411361692,18.71936295032501,19.94854962825776,19.75010399818421,20.179930698871622,18.588818240165704,17.270466351509093,19.705994415283207,21.59654417037965,19.957362914085397,20.37774555683136,18.955948078632357,20.093818926811217,18.38607028722764,20.799737310409547,21.42976423501968,22.388817906379707,19.511367964744576,18.85516936779022,19.50096508264543,19.208287692070012,20.39833954572679,18.431262063980096,20.194992280006417,19.12519161701202,18.331640970706946,17.653251028060915,20.167655992507935,17.96650259494782,22.09849181175232,16.93915919065475,16.16251654624939,24.457803082466114,22.93566901683808,18.965004730224607,20.128535223007198,20.47872469425201,19.380517888069146,21.664763641357432,18.536549425125123,20.210347878932957,19.036504614353174,19.349757814407354,18.9218782901764,19.749897909164424,18.473066282272338,19.493337702751163,20.82195768356323,19.858652710914615,17.80516864061356,18.265454149246217,18.45385723114014,19.437188959121706,22.625495982170104,21.3341715335846,18.25922162532807,20.56652078628539,19.98212850093842,19.403068077564235,21.125470852851862,18.99337394237518,16.231757986545567,20.8483873128891,18.08905977010727,21.372663950920106,17.28022643327713,17.83809261322022,17.554360747337338,21.849143505096436,18.921470940113068,20.717125570774076,20.068454074859623,20.6668845653534,19.427573680877686,17.85090166330338,21.188654541969306,21.438872814178474,20.682398498058316,20.19772963523865,20.821046078205118,23.912426078319555,16.835349714756017,17.372289621829992
2095,18.837687039375314,20.429950881004338,21.863949537277225,24.428522062301646,21.191202545166014,24.740486574172984,21.820149683952334,20.14444720745087,20.205111455917354,20.956692576408386,21.509482407569887,20.991675376892086,20.69601366519928,21.64062461853028,21.881117200851442,22.259130001068108,20.334786653518684,19.727467799186712,20.97806978225709,19.650362610816963,20.820987677574163,19.495787143707275,24.395062994956966,20.5759229183197,22.61272177696228,23.54005777835846,18.974077999591827,21.706639742851262,21.888628172874455,20.948309040069578,24.620160365104674,21.073021960258483,20.565012907981874,21.454773354530335,20.99125802516938,19.49824503660202,20.916356539726262,23.566771841049196,19.387655353546155,21.060242176055915,20.752458262443547,21.3529536485672,21.17307438850403,20.724157333374016,24.931509637832647,18.42578279972077,23.462239313125615,21.148733139038093,21.25436189174653,22.463195157051093,21.670587778091434,22.30526268482208,21.984336876869193,28.623091363906873,20.645017147064202,20.895380568504336,21.680850291252145,21.08785207271577,22.766504549980162,19.222454977035532,20.523423290252687,20.420885765552526,19.450896048545843,19.03896169662476,21.703253197669987,21.651047849655157,20.361641025543218,21.499972915649415,22.22863404750825,21.66232891082764,20.92933320999146,19.633718335628508,21.98793544769287,19.15299000740052,19.777568721771246,19.972170472145095,21.974862432479867,22.012682259082787,23.446918439865108,20.670385837554935,24.341447901725775,20.868440485000605,19.7343665599823,19.680946493148806,25.48112092018128,20.3362015247345,21.709643101692205,22.48387646675111,21.957837605476378,20.095932507514963,18.662029075622563,20.65530449151993,23.0930564403534,21.006741523742683,21.484516596794126,21.09389498233795,21.19041373729706,20.134938740730295,21.647514820098873,22.53025095462799,23.148316574096675,20.48756499290466,20.662446594238286,20.550917887687692,20.955632543563848,21.516134285926817,21.980967307090754,22.00058586597443,20.9414749622345,20.13095867633819,20.640056633949282,21.143564164638516,19.77579529285431,22.742293906211856,18.787599885463713,18.980309104919435,25.50826787948607,23.635443234443677,20.035120892524727,21.126674532890327,21.83258627653122,20.980698943138123,22.532070994377136,21.980773162841807,21.202803230285646,20.015874493122105,20.9627674818039,20.63537123203278,21.219117188453676,20.656358289718632,21.045123434066785,21.70810408592224,20.81841690540314,19.659625029563905,19.99401507377624,19.44337836503982,21.08118863105774,23.341572785377508,22.00711708068848,19.714380693435675,21.609730029106146,21.749459290504454,21.045009899139398,22.219639182090756,20.790316605567934,18.46111690998078,21.82779793739319,19.946910119056703,22.448362517356873,19.14412412643434,20.29437787532807,18.91598978042602,22.8313396692276,19.91876385211945,21.789922499656676,21.17673895359039,22.45371384620666,21.184152173995972,19.668614649772643,22.225833129882815,22.433597779274,21.853000569343568,21.159704637527472,21.841818451881416,24.708649349212656,18.94765650033951,19.189031815528875
2096,17.468329310417175,19.018491864204414,21.234240984916692,24.88642511367798,20.926878762245188,23.918468332290654,21.50067524909974,19.159008502960205,18.728694891929628,19.895343828201298,19.159159350395207,19.771573877334596,20.051634812355058,20.381314682960515,21.4838041305542,21.969537186622624,19.16223628520965,18.598880028724682,19.765647315979002,18.02155663967133,20.474824666976943,17.7876606464386,24.411230707168578,19.908380603790295,21.998816943168645,23.552005004882815,17.913481640815743,21.040155649185174,21.362217354774476,19.725588989257812,25.062766981124884,20.647232604026797,20.197615885734567,20.175349116325386,19.028978061676025,19.20991411209107,19.830069637298585,23.35800955295563,18.046481704711923,19.859991598129273,20.21775617599487,20.906036901474,20.05887000560761,19.69644768238068,24.775210332870493,17.071915066242212,22.69807624816894,20.162326431274415,19.93349056243897,19.834762668609624,21.378475570678717,19.718266057968144,21.722590112686174,29.11827592849732,20.001019215583796,19.121518635749815,20.9491544008255,19.015575289726264,22.019566559791574,18.011960959434525,20.044468259811403,18.97044610977173,18.00860342979431,17.41058745384217,19.820363640785224,20.40320880413055,19.091905260086058,21.276771712303155,21.591822791099553,21.066959333419803,19.79141483306885,18.561578750610348,20.745671606063837,18.001940298080452,19.4362911939621,18.51272912025451,20.95349764823913,21.238305234909056,22.359147596359254,19.530822515487678,23.602219486236574,19.679202222824095,18.42986242771149,18.677241277694705,25.299448490142822,19.099635195732112,20.301725387573235,21.021369409561157,20.54369451999665,18.89273579120636,17.570695519447327,20.009354019165045,22.865151572227482,20.353962492942806,21.142793703079224,19.904260087013245,20.78965814113618,19.130653595924382,21.464534997940063,21.770962166786195,22.50261178016662,20.223296976089475,19.552274274826047,20.045571804046638,19.899026608467096,21.190577220916754,19.53072280883789,20.563148570060743,19.802340912818917,19.079159808158867,18.696304702758795,20.41252045631409,18.336070370674133,22.155225920677186,17.716526293754576,17.14290421009064,25.98641195297241,22.964170074462903,19.432778358459483,20.80149512290955,21.365714645385744,19.799854826927184,21.946729254722595,19.601637268066405,20.575902605056765,19.44177196025849,20.07025640010834,19.191323947906493,20.103797650337228,19.23880529403687,20.03559839725495,21.08951394557953,20.617697501182555,18.195423722267144,18.541867113113405,19.206053423881528,19.781374025344846,22.678255081176765,21.511994838714603,18.57725098133087,20.958739876747128,20.336714792251588,19.763721036911008,21.902141284942633,19.29714651107788,17.12119953632355,21.543311691284185,18.470456409454346,22.138793778419494,17.685668170452125,18.777532529830943,17.850885391235344,22.767679643630988,19.64680051803589,21.068623805046084,20.45964832305908,21.045089292526256,20.148344111442565,18.540487480163574,21.93959484100342,22.453595542907717,21.555442833900447,20.958671116828917,21.119284868240364,23.91297090053559,17.705225276947022,17.640810608863838
2097,17.51613440513611,18.7503525018692,19.207777261734,21.638282656669617,18.131042885780328,20.90760581493378,18.532402396202087,17.60691649913788,18.763525414466862,18.150722432136547,18.407109844684605,18.530030155181883,18.124285078048715,18.017463827133188,18.32777948379516,18.877061557769785,17.918458986282353,17.501936888694765,18.48398001194001,17.824838471412658,17.696311092376703,17.236492156982422,20.98505754470826,18.026203155517585,19.71902697086335,20.32264466285706,16.311814343929285,19.013489055633546,19.12620618343353,18.454950380325318,21.919724154472355,18.24995090961456,17.61463775634765,18.81526916027069,18.258062326908114,16.348157954216003,18.312506556510932,19.684349155426027,17.45652060508728,18.579957509040838,17.871813571453096,18.023872971534736,18.69560935497284,18.170447468757636,22.81119596958161,15.080053210258479,20.122606301307677,18.816373395919804,18.666600966453558,19.05263631343841,18.110369920730598,18.91700999736786,18.85274190902711,24.700487899780274,18.07107748985291,17.959063959121703,18.95376348495484,18.269745326042177,19.51027133464813,16.311206018924715,17.52686953544617,17.148018026351934,18.030190610885626,17.20967780351638,19.038226318359385,19.021334409713752,17.806026053428646,18.47898769378662,19.248048424720768,18.671192359924323,18.42386760711671,16.9758181810379,19.018055176734933,16.96320223808289,16.774678969383242,18.564051127433782,19.14889540672302,18.921554887294768,19.894494414329532,18.32578439712525,20.72649791240693,18.072649788856506,17.937161874771125,17.09873969554901,23.23537297248841,17.889176976680755,18.950105524063115,18.802239036560067,19.15648012161255,17.783365726470954,16.570021557807927,17.9143527507782,19.280991387367248,18.402551031112672,18.247849535942073,17.735413062572476,18.127922391891477,17.54805668592453,18.79526686668397,19.468556439876558,20.194831943511964,17.40077650547027,18.011497282981885,17.77576689720154,18.3641443490982,18.032274079322818,18.792060089111324,19.16008388996124,18.28106603622437,17.488783025741576,17.960575330257416,18.275015938282017,18.38561519384384,19.795023894309992,16.08035054206848,16.083291161060334,22.649879670143136,20.36301984786987,17.62014846801758,18.179152894020085,17.960573482513432,18.46943640708924,19.399142241477964,18.88094420433044,18.51592431068421,17.260690903663626,18.42931096553803,18.95217108726502,18.844845557212828,18.32107417583466,18.64912030696869,19.172559642791747,17.80843665599823,18.21230337619781,18.59792387485505,16.33225283622742,18.49384589195251,20.13292288780213,19.26087319850921,17.444879150390626,18.93222923278809,18.975449514389048,18.456881403923028,18.867131400108338,19.344442653656014,15.539494705200203,18.74230408668518,18.49634362459183,19.213807654380805,17.70896308422089,17.649987816810615,16.789750313758848,19.902769160270697,16.74718234539032,18.921771168708805,18.379526686668395,19.50886164903641,18.615734267234807,16.99030748605729,19.02103571891785,19.46026196479798,18.21526064872742,18.12594301700593,18.964975523948674,21.049987721443177,16.000686335563664,17.688706779479986
2098,17.99799898862839,19.27533143758773,20.0428102850914,21.059520173072823,18.937673175334936,20.754317772388458,19.458516383171077,18.510400855541224,19.12809789180756,19.15258527994157,19.14252861738205,19.630055487155918,18.955290973186496,18.934621453285228,19.371146082878113,19.850351870059974,18.972948575019835,18.52763751745224,19.497571086883546,18.231471014022834,18.53941987752915,18.185537981987004,21.195059275627138,18.851700031757368,19.88128423690796,20.548461651802064,17.288178992271423,19.82757289409638,19.01818079948425,19.51118581295014,21.31494631767274,19.017574834823613,18.443921661376958,19.958103090524677,18.843721330165856,17.165854036808014,19.2255776643753,20.38192451000214,18.36241159439087,19.67686132192612,18.666267329454424,18.99680384397507,19.740937840938564,19.141378295421603,21.45099937915802,16.330644725263127,20.06407759189606,19.760451948642732,19.77586704492569,19.852443861961365,19.139098632335667,19.709603989124307,19.755076861381536,23.82219290733337,18.96750091314316,18.87807531356812,19.89018794298172,18.946294164657594,19.935608065128328,17.42372391819954,18.34613966941834,18.466075265407568,18.382104784250252,17.64851215481758,19.62663840055466,20.108844649791727,18.955200135707862,19.321089565753944,19.336346817016608,19.553974449634552,19.410487186908732,17.920263361930846,20.16733796596528,18.023573839664458,17.576265192031858,18.96622418165207,20.199082416296,19.885804682970043,19.8487676858902,19.421183311939245,20.575332212448114,19.119100153446198,18.697529375553135,18.068138980865477,21.80928366184235,18.94479704499245,20.220717954635614,19.872956383228296,20.408669871091845,18.86718529462815,17.568973517417913,18.724132257699967,20.160544002056124,19.255240678787224,19.126739120483407,19.00473331212998,19.004240024089817,18.46278923749923,19.58218824863435,20.435536974668512,20.47288621664048,18.232801377773285,18.919171881675723,18.58457349538803,19.303876090049748,19.00338908433914,19.54691833257676,20.416179329156876,19.27380168437958,18.408945453166957,18.601563584804534,19.13355031609535,18.700903546810153,19.678892326354987,17.078302627801897,16.857163441181182,21.98219060897827,20.236227428913118,18.461969602108006,18.997408366203302,19.10742633342743,19.43268399238587,19.700092494487762,19.63515976667404,19.36851875782013,18.0837109386921,19.30777914524079,19.51830788850784,19.797121322155,18.991111600399016,19.566230976581583,19.967963433265687,18.632243883609775,18.580223166942595,19.022197341918947,17.152256834506993,19.658277869224555,20.01398742198944,19.17110528945923,18.492322027683265,19.79711776971817,20.254817223548894,19.582415670156486,19.849845874309544,19.70605473518372,16.58000615239143,19.59594651460648,18.864544594287874,20.155074906349178,18.05810465216637,18.362803018093107,17.773315584659578,20.285925030708313,17.593243074417117,19.839116621017467,19.288104701042172,20.734824335575105,19.482847917079926,17.976863527297972,19.934645581245427,19.7022543668747,19.294423031806947,18.78921955823899,19.855881124734886,20.922908067703254,17.1628297328949,18.198825013637546
2099,20.191885328292845,21.840994477272034,22.62965612411499,24.407608270645138,21.05301644802094,25.46435451507568,21.651153373718266,20.206329655647284,21.68551125526428,20.960171461105343,21.421093225479133,21.976195883750922,21.427452516555796,21.1324774980545,21.698071551322926,22.141463255882268,21.38391144275665,20.57379939556122,22.004743385314946,20.742130708694454,20.702137923240677,20.426742625236514,24.315376138687146,21.2898142337799,23.186517000198368,23.02605602741241,19.00398488044739,22.546892952919016,22.323513031005852,21.980521631240848,24.620524144172673,20.91876983642579,20.497115635871893,22.564535880088805,20.9110068321228,19.36743292808533,21.058045077323914,23.105122375488275,20.551640415191653,22.07868432998658,21.312004160881038,21.215523314476016,22.186439561843876,20.767315554618843,24.994455909729012,18.421433365345003,23.823726129531867,22.057707166671758,22.254153251647956,22.343019247055054,21.529767775535582,22.113024258613585,21.85454585552216,28.612241244316106,21.32502386569977,20.78256750106811,22.526480293273927,21.02091929912568,23.594404315948488,19.20276620388032,20.879000329971326,20.360978651046757,20.936810946464536,20.095507621765137,21.648195981979377,22.763016486167906,21.434272575378426,21.377358365058903,22.724188256263734,21.563761091232305,21.556380391120918,19.673753666877747,23.21559293270112,19.9451280593872,19.893859004974367,21.42480220794678,22.97192656993866,23.00442502498627,22.036881065368654,21.603297805786127,25.02214679718018,20.859542369842533,20.876311254501342,19.73626313209534,25.530054664611814,21.39280748367309,22.72376515865327,22.051553869247446,23.02341260910035,20.920747828483584,19.419926452636716,21.60104668140412,22.767853713035585,21.689950299263007,21.33878183364869,21.02097442150116,21.025527644157414,20.17065136432648,21.550759887695314,23.4931236743927,23.903226041793822,20.357551741600034,20.694373202323924,21.026613187789923,21.123810791969305,21.371178102493293,21.77943611145019,23.08324692249299,20.954378008842475,20.174348425865173,20.66984710693359,22.07159388065339,21.285190200805665,23.233045840263365,18.8191166639328,18.899749493598932,25.483397388458247,24.239850115776065,20.65062749385833,20.970432114601138,21.654207277297978,21.816007089614878,23.197824668884266,21.84252128601075,22.022045207023623,20.69319155216218,21.005699849128728,21.89352281093598,22.257388758659364,21.11667292118073,21.58378789424896,22.557470417022706,20.70599668025971,21.145019507408144,21.38662295341492,19.307593822479255,22.08582687377931,23.889306759834298,22.418344068527233,20.630652689933786,22.35858643054963,22.79110927581788,22.116975331306456,22.109307336807255,22.25546939373017,18.43626699447632,21.70138285160065,21.453391575813292,22.30561041831971,20.620898842811584,20.258840155601504,19.857150697708132,22.747648406028755,19.773124742507935,22.61133604049683,21.93564600944519,23.67977828979493,21.218494892120365,19.66942594051361,22.10510640144348,22.377551412582402,21.719045662879953,21.065288901329048,22.752989816665654,25.330004620552074,18.91558892726898,20.72446701526642
2100,19.042310595512383,21.00189545154571,23.420107150077815,24.88854713439942,22.844192910194394,25.85406572818757,23.415010237693785,20.82590544223786,20.52183334827423,21.764643120765687,21.505224299430846,22.177239227294923,22.17140221595764,22.11997261047363,23.738113784790038,23.976082730293278,21.602144861221312,20.78133492469788,22.170918440818784,19.95273699760437,22.283726692199714,20.347095799446112,25.695462775230414,22.01239340305328,23.627744626998897,24.59816007614136,19.60676538944245,23.244952082633976,22.642686462402352,22.150437641143803,25.066137266159064,22.44014995098114,21.93285810947419,22.798206496238706,20.96051604747773,21.052951323986058,21.544209694862364,25.081477832794192,20.093353962898256,22.300355792045593,22.37943130731583,22.8570440530777,22.43157122135162,21.424855303764346,24.69660601615907,19.143715345859526,24.327820634841927,22.33737757205963,22.48203098773957,22.448172688484203,23.460578441619887,22.32254498004914,23.673556876182555,29.22504718303681,22.159925198554994,21.216460418701182,23.23738486766815,21.12763371467591,24.217375206947334,19.907840490341187,22.166087162494655,21.169882702827454,19.81588206291199,19.301267147064216,21.699728989601134,22.95664098262787,21.669334697723382,23.118990254402163,22.977930378913886,22.860385680198668,21.868046808242802,20.22958512306213,23.6102697134018,20.14871056079864,21.34394490718842,20.26241228580475,23.511458301544188,23.8623747587204,23.361570119857788,21.837869906425475,25.404740762710578,21.568128514289853,20.316890072822574,20.381468081474306,25.21123652458191,21.580187988281256,23.084065675735477,23.064118885993963,23.342189979553233,21.15975685119629,19.626453280448906,22.295517075061802,24.877085256576542,22.49103388786316,23.01226851940155,22.11139957904816,22.74100363254548,20.75407230854034,23.222773385047923,24.34707753658295,24.376814079284664,22.06022197008133,21.216866302490235,22.02416234016419,21.59652695655823,23.3478382229805,22.00190887451172,23.4166524887085,21.590670418739325,20.669258880615235,20.7274237394333,22.82552443742752,20.145864844322208,23.56217925548554,19.400848221778872,19.146432971954347,25.9417219877243,24.587147164344785,21.442375183105476,22.676675820350646,23.866180920600893,22.02224209308625,23.80945310592651,22.018766856193547,22.7743940114975,21.582772302627568,21.717962551116948,21.076857280731204,22.394163131713867,21.056568813323974,21.945604324340827,23.238887667655952,22.377172517776494,20.002965235710146,20.21842701435089,20.99658544063568,22.383221888542177,24.257039666175842,22.744722104072583,20.828126740455634,23.15099709033967,23.15973842144013,22.331814193725585,23.990568351745615,21.0710727930069,19.01804716587067,23.51640508174897,20.29106154441834,24.102985501289368,19.51209812164307,20.491432952880864,20.01605544090271,24.104151153564448,21.49928668737412,23.455686306953435,22.798374199867247,23.94206538200379,21.76359500885009,20.324582171440124,23.852361154556277,23.57778627872467,23.795105552673334,22.638801646232604,23.550312638282783,25.76705753803254,19.570371413230895,19.451911568641663
