Year,1,2,3,4,5,6,7,8,9,10,11,12,13,14,15,16,17,18,19,20,21,22,23,24,25,26,27,28,29,30,31,32,33,34,35,36,37,38,39,40,41,42,43,44,45,46,47,48,49,50,51,52,53,54,55,56,57,58,59,60,61,62,63,64,65,66,67,68,69,70,71,72,73,74,75,76,77,78,79,80,81,82,83,84,85,86,87,88,89,90,91,92,93,94,95,96,97,98,99,100,101,102,103,104,105,106,107,108,109,110,111,112,113,114,115,116,117,118,119,120,121,122,123,124,125,126,127,128,129,130,131,132,133,134,135,136,137,138,139,140,141,142,143,144,145,146,147,148,149,150,151,152,153,154,155,156,157,158,159,160,161,162,163,164,165,166,167
2026,10.057698970579585,10.627172635926394,11.390805536962077,12.95824994648928,11.266546547412878,11.561400574186576,11.29812612028226,10.03521549572115,10.54581149797077,10.65785705201004,9.556345648132266,10.841208724467005,10.605553356687663,10.194393795469535,11.21609873292239,11.546728046044063,10.34848648220625,10.352110980402518,10.73446589238618,9.51960078221948,10.410498285807833,9.899927051292488,12.208199113607412,10.63816740849744,11.846371661385763,13.038498900061395,8.617422966215678,11.312974385431282,11.754574292663328,10.65099296508276,12.698906094807645,12.284582780613361,10.2320517225434,10.86145089429034,9.753980695229512,8.98749622726894,10.404203932570379,11.64126400066459,10.32448025825231,10.823085496262847,10.17556617959686,10.664918825840175,11.317051094308821,10.706806561221244,13.810409691022782,6.358693396186699,11.94333249022779,11.433281221143579,10.858520309886204,10.818125042578448,10.70356526841288,10.575899336001145,11.766114891871165,13.194975616491362,10.436251902547868,10.542181031211562,10.939581122411337,9.65483968901327,11.118157718482468,8.411929933678195,9.941872896707576,9.088289526817592,9.762587907521624,8.753490785541745,10.584385265960645,11.31363813303735,10.227499462178221,11.405262222756507,11.687919875687884,11.310410837764328,10.64548054377994,9.179662507472806,10.699913153181907,10.147208062263772,9.298102091511957,10.449896752064971,10.999036728525938,10.790830465762511,11.741695481959892,10.7303996656252,11.715063647691,10.42732744242834,10.563503911293557,9.583891284206642,13.66384891388209,10.158548928847866,11.006389700078772,10.92821866362963,11.06159664068938,10.56944654242176,9.899674201789109,10.042201938998442,11.558019573921747,10.783208599536804,10.980198495090011,9.843651548027994,11.664121374163944,9.870809284565244,11.831084489822388,11.36020283481997,11.983348576999877,10.268818425419537,10.173098017988002,10.096100134370124,10.465560956493672,10.708876758813856,10.415872886452991,10.993628253795855,10.675177894208744,9.64718864898643,9.405189890940877,10.468935724914724,10.156555599006625,12.178023640390325,8.262823619758302,7.725123365612132,13.242299910310818,11.866769728453265,10.31334107660729,11.701318795519436,10.346538100229658,10.667344327854078,11.1855523723947,10.786933738576327,10.64595019347642,9.54562438506147,10.836942788051525,11.146039147739826,11.202825035171019,10.293001151765168,10.991199309633965,11.72445650759366,10.743861649509359,9.903699261338815,10.744567936903838,9.120835869127642,10.673025961965324,11.835303226242893,11.941193843017457,10.183476871122485,10.981809430917648,10.984491585227458,10.603036587329015,11.629236438352129,11.142297262872528,7.422574246707171,11.77330824214479,10.253985792767946,12.092268306600014,9.411736255025737,9.524762305228606,9.836989210675595,12.125376100854378,9.473676288500428,11.002601937431358,10.581843915192978,11.223214025143536,10.696781812802605,9.358991639931563,11.78644488233587,11.362716912575392,10.664932876825334,10.63626260173244,11.09870722760325,11.99323797485103,8.530769993105665,9.84855337092734
2027,11.6525700678644,12.480659745714586,13.474227750754874,13.963676473368764,13.314520256998746,13.161387529062191,13.531645359552424,12.461449750739595,12.331415370430637,13.098644649043031,11.858454133586383,12.791462706239978,12.499170065574024,12.605088723904412,13.520843269222459,13.865803266349051,12.218676602062974,12.105640359546832,12.758645258843904,11.44613647687694,12.650466016453246,11.316868027915127,14.025806782200288,12.463253559625672,13.276911043602487,14.916251755279049,11.050015446284545,13.299346336528014,12.882716023403669,12.64258984775971,13.723646399767503,14.120019733905792,12.507361303690981,12.930506659752652,11.86373899763693,11.313345776506418,12.759812081961531,13.967436104122067,11.996261490427932,12.803632767790035,12.374867890192116,12.96796248594056,13.404338237697907,13.123075382196872,13.76902156809102,9.332528204454679,13.301040863213334,13.4528832918276,12.88472819611754,13.077501189773498,13.065342655405404,12.826465162408095,13.931501878992378,14.445156767964363,12.351654567796249,12.743627952168822,13.06041201049179,11.814805130757716,13.03441124458028,10.998372989828171,12.159267365932465,11.816280799917877,11.565071002013333,10.681434302388324,12.618292785371125,13.426411062802957,12.132726015928002,13.531675188761692,12.821035219275434,13.57338382271321,12.752957361952769,11.604085727999719,12.941075185718748,11.790575821762504,11.553738726581367,12.210743160027524,13.177463506955815,13.158511139452463,13.358990226102915,12.62160384622605,13.257208879227223,12.911308371401189,12.25922164094189,11.981555607954402,13.606382989365125,12.125877775251864,13.102406984114129,13.422876911764236,13.211623312176574,12.338303769412251,11.485215692416482,12.194749615762545,13.90731270263053,12.72624353222225,13.222794647126092,12.54768640126871,13.666226162858631,12.279181881018145,13.853961226236802,13.691807031631472,13.676995824860493,12.466103186881494,12.583057614043355,12.274237240219247,12.808561786037425,13.012723426456034,12.607247108350633,13.165490268446181,13.098087141938183,12.049858552768182,11.499453189843537,12.650889026729956,11.962644180576522,13.401296400505563,10.74188095852277,10.051652880466506,14.261980282223748,13.246599520030234,12.10090188487716,13.66230247202127,12.819271232608873,12.771540413246209,12.941939058997061,12.883780027456257,12.783928531343522,11.724218172871549,13.216735094299786,12.930164155752765,13.183599479901401,12.380332972854376,13.16592073124712,13.720196412957238,12.886172181238301,11.709028842413558,12.453409210252376,11.38411093827175,12.684526751870697,13.161211077933729,13.067996434543444,11.940980470698813,13.033457351767499,13.096228695434075,12.630222461652012,13.927863108885026,12.927165378856918,9.994663458803428,13.865359029530183,12.058752394078866,14.318946633649917,11.23608538961929,11.745900464365663,11.445482201550318,13.878617564621178,11.760103631906379,13.166452815513248,12.647919983319614,13.543790379215194,13.111934147046313,11.800269207147801,14.005861601265876,13.081446169511132,13.114753866406238,12.687972118875582,13.306786598981889,13.530211136473907,11.043718331533928,11.637991997210875
2028,10.877803676883168,11.631533612983059,12.67463362540888,13.551398469054178,12.467062081979673,12.554248987170668,12.614147952879252,11.187392573479727,11.518937585956376,11.839148870269444,9.754101303608522,11.895187083145846,11.752510917018697,10.96505874933918,12.583964432468235,12.907896235423246,11.374854100766878,11.293882473007493,11.82835187325659,10.287699810188748,11.760307076751541,10.363816094139349,13.28775603162206,11.743044812394226,12.774614538835442,13.898496423078624,9.777714113421416,12.529073580209948,12.476261987634327,11.72704944565244,13.319220654342487,13.371013563612237,11.576945914522467,12.000830737084314,9.918409567812219,10.389984737939972,11.535505723167697,12.785653942305114,11.201403439692834,11.90309100127374,11.513812620906442,11.979441940622483,12.4379827114551,11.85718770649122,13.95994226569715,7.789271880933291,12.83422250948522,12.538872472941877,11.949550806544721,10.92583723463442,12.082781464266388,10.675123849620476,13.049049808765238,13.9672013119511,11.618569398703782,11.106350372342968,12.207110989616131,9.843810168135427,12.311834138453657,9.6288561432258,11.299036241824863,10.337716698808517,10.726650530715354,9.536146958884986,10.749608960073523,12.455137348359294,11.256026762335201,12.669531065970661,12.290469195531765,12.560816677125255,11.714863388191747,10.34791412819987,11.945950525853302,11.029895339323128,10.677488869784964,11.395017368010366,12.249471343648825,12.230449407401938,11.334249803753385,11.758365046232939,12.69418506421473,11.594096949890906,11.472584213251656,10.720274983216887,13.785281176152436,11.22146541268929,12.15123676083496,11.790250490720728,12.228846634981101,11.5413600763549,10.74193204874578,11.362942036079327,12.823968919965889,11.975573501810334,12.3131725255238,11.126235957540894,12.869504649354067,11.017387951197833,13.018169199076038,12.770108890760207,13.055978529479193,11.596412492996972,11.315378399322862,11.415530132109545,11.586330013673589,12.055552324847037,10.534203673915373,12.171435102820398,11.831944280749429,10.799415403410142,9.645688986972623,11.823114210739734,11.135795070911234,12.917292022834657,9.449497421231607,8.24957290388968,13.856170027152357,12.753991186618807,11.413579600012824,12.867736195092617,11.799403151421316,11.773265235571433,12.289371283886874,10.878997382788876,11.960389898725504,10.887614755688803,12.008913587819299,12.10867683913397,12.288335455095641,11.025282300765747,12.103231241683602,12.952310166848097,12.021370885610262,10.861504191431504,11.653902493417263,10.487354100884305,11.767169353835603,12.686434453677224,12.70236390569936,11.139624304745508,12.231252777268706,12.139615806224553,11.692520309907751,12.984970545699904,12.117658199337514,8.516689953596696,13.000607765887095,11.229798388991338,13.414452226265622,10.388099244269343,10.112997066295382,10.703471340886924,13.16243022615495,10.862439749873772,12.315886394485183,11.837961382030153,12.482513298644967,11.855192324470567,10.521049880726343,13.109929464352524,12.402326326007428,12.10051557996675,11.872447182302894,12.446744374768887,12.969448312489396,9.708460489126002,10.760110666813413
2029,10.13827464794335,10.786189247570608,12.028811888850257,14.421980399152515,12.45983923064626,12.91629931772047,12.515581159488017,10.880291102697026,10.717233029963532,11.519590654126976,9.880389845322656,10.986293349577034,11.166743498295547,11.188326561904475,12.506233400381777,12.8241726876358,10.510369511240208,10.454052013871467,10.89513101250581,9.75594861242596,11.631458957193662,9.767530585112775,13.711008922277912,11.181679208641468,12.798910524534145,14.61311166182808,9.475417430796053,11.97771665777849,12.699517566224806,10.80537201958182,14.198162104772488,13.326918910379,11.436109326293934,11.048624768853184,10.033059157026203,10.284669762396296,11.196250444480585,13.221800365849681,10.386986760665543,10.988168102972535,11.062066065471456,11.8436076519201,11.496483695247894,11.543750587526866,14.859126692232882,7.416607967901814,13.029049628454706,11.670335791964575,11.00467741724266,10.982472208369039,11.993604564917803,10.754173059502374,12.999570998231597,15.20872523700414,10.968168992711151,10.988387131172681,11.51045287692029,9.967603944727909,12.105300585779807,9.28947991873745,10.951753214163627,9.961432717608938,9.94366157119689,8.977791441685483,10.857260751659455,11.47941547697005,10.362117226114089,12.615430700714176,12.509889908458875,12.370306900337987,11.074372407048942,10.056957694823327,10.991492977133653,10.208287345974341,10.431289958403164,10.601646379851134,11.400840501908375,11.505093463575065,12.780714002640352,10.876644037825907,13.022678714448023,11.25536459716766,10.659331059326297,10.431794877933417,14.698716827060867,10.307881741258113,11.130542718359962,11.911924920814192,11.200235061347485,10.663303001581331,9.956682176045748,10.709234021442091,13.057904583604444,11.35757502557143,12.197108253836632,10.808092080704546,12.812140306700833,10.73045035030531,13.004714735014286,12.076390124371521,12.97217637851187,11.517649888668377,11.043355009640038,10.988845935496295,11.25152572054978,11.999660146908594,10.61375202424824,11.135737112520834,11.504758955991784,10.518286165254919,9.687191017619943,11.1526732813243,10.344077362638453,13.21949450606885,9.149149811664676,8.2094029272785,14.787304585394653,13.05486864078304,10.78362608992535,12.825205640300464,11.717903296989588,10.973820455129383,12.207719135867508,10.961783266099898,11.286318942580536,10.297714941325074,11.714854678058103,11.285829804027857,11.371947268995905,10.712692245314626,11.500505762255713,12.348600762369843,11.943707611978704,10.073488570425823,10.878680084386598,10.38917940079599,10.805945717770118,12.953511501540959,12.889239912447723,10.305961491904506,11.607090536059571,11.114955689575847,10.740814462951993,12.923645289047908,11.296098762232328,8.256350999991605,12.97919237010343,10.425825654650517,13.34110049190729,9.60781644657254,10.052540889594441,9.948965728930805,13.397017287171405,10.752038839070691,11.652792270578768,11.181970596434953,11.419402694572575,11.57493395455506,10.197775730701245,13.01089818727063,12.715150214083817,12.03183548356933,11.906203936694352,11.78388461130469,13.284964460231693,9.364524806647196,9.950770284656596
2030,10.327050912153464,10.895290245342517,12.025371972957384,14.422100983722059,12.482836812086727,12.543176198783128,12.794093710977748,11.171074931631269,10.837501741945744,11.848964887711668,10.499052111241644,11.062934634802138,11.198022807057464,11.744605229438648,12.766627387589086,13.080154346605847,10.496349680358948,10.54991230743168,10.892975858331699,9.974076491497135,11.899574663975965,10.064132266313491,13.768422785012621,11.208056544561106,12.66071130594482,14.764761729408866,9.833441647964165,11.928010611754392,12.489285568342257,10.853046437725427,14.173643346389998,13.457751745666869,11.681000042706733,11.04615292017875,10.569779601434005,10.472249731502455,11.47541596039968,13.586294848147942,10.570363941723885,11.034471553021476,11.040948478990925,12.144574563464396,11.508902592503507,11.885022411446856,14.678120859291237,7.8626313402277,12.848432405102676,11.685669047676999,11.039660087604405,11.752795011776945,12.276079681256547,11.492806080242865,13.134475183632711,15.212288892787438,11.073317510764236,11.54921377045305,11.496387125377584,10.521404005020207,11.901867726898715,9.70628021778944,10.9943352506658,10.503974167225154,10.036674703430872,9.211061636714831,11.38885787599113,11.439671701427716,10.35910791045298,12.740624032590706,12.404194430650577,12.667471358512085,11.216148730205452,10.376334809900628,10.927137701043295,10.32498941473339,10.550191066389823,10.739804620976034,11.357908255704071,11.434580283158502,13.355504013921903,10.9807066300317,12.694006650263203,11.635589735339517,10.827162728604414,10.770651700542027,14.508006844831554,10.340762629700096,11.202158508417401,12.52130918139997,11.24769784283379,10.75525872486279,10.063321610831698,10.638859506453509,13.380192044008849,11.410921969370026,12.462392737957362,11.303358946764925,12.992367723065877,11.039670201261407,13.046062402346212,12.015024393958887,12.768486842837023,11.670528134898,11.343292699316924,11.064352122580875,11.520362371821767,12.194356095531715,11.304389042293893,11.175957800010623,11.860782006795963,10.826555897117311,10.21485123815744,11.065159403880978,10.448094910557344,12.9140067273427,9.507366100083226,8.72921189089792,14.782770541537067,12.760330127228215,10.924390144565185,12.93840267120496,12.007995805014737,11.040423465649722,12.05445615437044,11.647032601677855,11.287414714532051,10.346349507570268,11.995764144331865,11.43095023970565,11.356109687775055,11.002341900830688,11.627703463901646,12.279018818400806,12.107793264212491,10.177950783592204,11.043986115098487,10.565220106595564,10.864726960922232,12.679085358329443,12.749422656129239,10.389642559558801,11.613269892237756,11.186982930820117,10.781879392655,13.135483382431707,11.4432438508324,8.699222754849037,13.041451458157416,10.538839147385692,13.581813808368599,9.706660072291376,10.49372388972678,9.991348308551574,13.439909884139247,10.935181173455453,11.65493189810735,11.248508179155381,11.367754917085659,11.855248242454687,10.549237013065623,13.229599830815976,12.798649873786973,12.287505500990415,12.027570574584866,11.716316258939715,12.960050270609234,9.79531308360722,10.094865406013056
2031,9.644297862830372,10.395210702620124,12.579340342594234,13.599696804647861,12.147750137130851,12.69370856856847,12.40272745660142,11.004422939261017,10.076935526671944,11.653488439386306,9.079071466608537,11.377163941445561,11.720633933725564,11.175588069321668,12.342052811108854,12.676845846049812,10.83718617892136,10.846887848987851,11.259888858048496,9.067388241179286,11.525302903483746,10.112460247463668,13.137415387384264,11.715302597589629,12.837682853655325,13.960318616874838,9.627046393311542,12.447688335188383,12.544716261489238,11.207063690313827,13.377295111832412,13.10236829810816,11.339830196199369,11.418116924929961,9.295292914197178,10.116568294353781,11.337398973334093,12.873180400094263,10.429198208386483,11.375927846716795,11.294784655470563,11.774227621357728,11.886629923914926,11.701706506812988,13.324746393639108,7.584530659181916,12.905847455172433,12.034290553819714,11.399797893088794,10.425089019148245,11.862298282268258,10.171295765544414,12.769541579212628,14.094911929057991,11.601500878839389,10.830463013571244,12.034427751908483,9.207004388105938,12.285058436206668,9.482890465013357,11.056810500555791,10.2832073652307,9.298474742383087,8.31331331185672,10.162071707132073,11.83578931588842,10.719230880555902,12.389968160863805,12.456456675153717,12.365334311338222,11.355176638001986,10.176389828486288,11.40798434297271,10.613973658795103,10.425305907169117,9.996429276369188,11.863294980124287,12.082219531233218,11.92432566246261,11.277064831684468,12.816370324960554,11.44895179480638,10.56091306925468,10.57993164729408,13.151547137809832,10.661192043400979,11.599828479487613,12.001206486202454,11.65417348358618,11.058755547132183,10.347444957365164,11.218936342746025,12.760139697595783,11.938927509697942,12.081360971717084,11.055892945469722,12.603734706407009,10.850055377282528,12.731054366444765,12.653785849111564,13.063145924116606,11.305574964327011,11.152606694918617,11.250275518886909,11.387630573757317,11.803693729736235,10.007335631662738,11.597258706212692,11.673235597939273,10.618142151962155,8.966651948513059,11.646151177585127,9.692493869477644,13.012905304846559,9.29152602774,7.764672338962554,13.914905292832334,12.856501812196296,11.419575090317627,12.597417945285208,11.547526795012148,11.287078654312571,12.249802255112195,10.404911418809842,11.859863876324635,10.745726160543123,11.810669765590047,10.937913236734659,11.707821397880176,10.368082414016778,11.709209369576499,12.813721487258112,11.761502239367239,9.442531269610575,10.3112841753856,10.21202965412775,11.237826076761374,12.762791125022849,12.771391348994296,10.687241483338017,12.17286672629416,11.592508409789806,11.169689198797723,12.73094738793114,10.67364390453567,8.285919004484363,12.699376104318583,9.781742425716443,13.194772832338582,8.955108601195011,9.690933172955464,10.276470180114975,12.975070654374104,10.572712572696416,12.240299207968237,11.806250850953484,11.81116155206995,11.664456485568184,10.355063191372096,12.843935004233021,12.249661376699805,11.859373956837738,11.631761803575184,12.317250500412905,13.075640256962059,9.57648459174063,9.380736110812943
2032,11.071517588327758,11.994011928205907,13.38337335848938,14.14145107372947,12.58886474435744,13.35021012276411,12.769770705019653,11.243251725707363,11.832601251161616,11.89559668954462,10.567489509956669,12.36525125335902,12.434426243376473,11.180652457734812,12.757070360988704,13.070536995630555,11.849829407935236,11.671197828290094,12.346492787661111,10.74850041686517,11.904992117020106,11.023873261216545,13.670406200477608,12.398263281049285,13.396550719342804,14.261770367622375,9.850120927166682,13.23802838944223,13.034027074990066,12.229603342064047,13.946363819844048,13.49517300757377,11.710823453314926,12.520620421951882,10.698993913424404,10.535497653581523,11.658158913963355,13.114504768310685,11.471550890983535,12.391818376298511,12.045037759386975,12.12427513074616,12.95326591072523,11.913894565735498,15.130142258561175,7.842608180059042,13.448018432959271,13.019403482220422,12.437102443012206,11.695270065704118,12.256153961886532,11.466675979449702,13.18522205219969,14.779108575504761,12.244616429928852,11.496233815630978,12.90924143645427,10.621713088967066,13.072131203892434,9.691506834781688,11.706232404579293,10.429494969911227,11.060566565750737,9.951969446857339,11.514315738140244,12.989517984182935,11.728561396930754,12.806584400327312,13.056005989727767,12.672147694813168,12.047993985855063,10.420904065259617,12.584286704011586,11.350607243083095,10.944229649784772,11.661898593863718,12.897958909363853,13.05169190676964,12.141383147272082,12.195465468518117,13.432818885406721,11.650973466427432,11.73972163187421,10.796640353034375,14.995936756548677,11.722946069486765,12.633668496070996,12.00255497990419,12.7454862912064,11.899351713136246,11.054479154879632,12.112116067305852,13.102743397426346,12.65217168936911,12.463320607764889,11.235778130024023,13.013318136820327,11.08602298958146,13.145776861630699,13.590520952058876,13.743879431453736,11.744226224072603,11.39085165476022,11.900575690943267,11.712380819670532,12.222293174785118,11.282082292696707,12.701512835919859,11.887892069538003,10.868853353287864,10.3701730084646,12.563673956562646,11.465198023973599,13.521241301427716,9.51757823789249,8.77989207264846,14.493129412117215,13.42939643100228,11.98599542580221,12.995542585606808,11.992107314584045,12.196147236487139,12.95452648514639,11.61671337096588,12.687549360298918,11.50601036133974,12.074423899631137,12.401614315321915,12.790566300163455,11.471074508584064,12.389894775960228,13.625588860119818,12.163734674170291,11.177902772131821,11.891679192407304,10.63094653108198,12.251228228211403,13.340769723543659,13.241175919771194,11.530776944497358,12.936589926886175,12.639372116845589,12.213807800217818,13.14342378144679,12.413256237364331,8.682467224076385,13.129352127728255,11.551268240355924,13.560051534324884,10.720073485180087,10.589186417991698,11.08337236325378,13.425409342607725,11.002051257082949,13.092123764606301,12.576496449056203,13.077230544841807,11.919878447347362,10.581661340821048,13.250948988108734,12.733805319537288,12.280980579878973,12.06424471217653,13.209060748148227,13.71115931690387,9.749874965490207,11.009355638014236
2033,9.802080880040712,10.416913797026096,11.659229544679755,13.871550192003667,11.822859487253366,12.574197031881498,11.778060816228392,10.167963073305462,10.310190533004377,10.77646476749088,9.457445474746438,10.737123139364567,10.839244024058724,10.38585332023871,11.721219148648824,12.041016608800579,10.262970380991217,10.234293506683212,10.63035635779733,9.325428942461377,10.896862065905466,9.792406774733383,13.019614940752156,10.862477008739246,12.4843845911648,13.833820213442266,8.773824141725253,11.608573422645746,12.473837489667144,10.53374842161556,13.66821047274963,12.709457387094915,10.686840912408153,10.770945885907047,9.67389534219451,9.523463210414933,10.525765620333996,12.33902348237841,10.118845834680226,10.724839893858073,10.55668705361693,11.086685220427489,11.206269316375257,10.81923312637145,14.87899474993996,6.516284483282464,12.747717744630318,11.364658129765933,10.747063435290173,10.585534754482545,11.210314349008161,10.385927356293669,12.291363935107773,14.456620975033102,10.648154228277829,10.475230608945306,11.143142456148306,9.574068027346032,11.730427090402532,8.509858105291169,10.374459443117857,9.128382363964036,9.527470402905479,8.558341693538038,10.502885315081347,11.201898659194779,10.117946128482407,11.92268700866059,12.3641105449718,11.655466069183921,10.626158625616336,9.350897094315808,10.689274244658327,10.010379799034284,9.772732512458509,10.218664620274112,11.068422095445188,11.088196504699146,12.208381228148939,10.630656297359128,12.675402000870395,10.50568497148545,10.363168696346493,9.716571908606133,14.718928808751313,10.03428163185068,10.863986404977094,11.089417961790513,10.926653332522385,10.44025597850914,9.76441947111617,10.327071119261825,12.193885462439578,11.015911465591715,11.466561064610012,9.967849343974631,12.133700226474067,10.021530723442204,12.357052302737113,11.656502828163948,12.61104803086947,10.803184902052518,10.321333400257256,10.458646980883634,10.577494901235461,11.23821903026217,10.240565410855671,10.85833298382552,10.785496009594725,9.805708857982053,9.314288052527804,10.76567683968207,9.925117691897833,12.959851407486457,8.429742527406907,7.725230430171867,14.23309547486513,12.74640997337258,10.49565486804299,12.180321676413655,10.894592991341721,10.610273812492583,11.813442289100395,10.580402835879635,10.916914306095116,9.862806712155757,11.005644616083773,10.923964053392412,11.102789878845218,10.24891239048346,11.020304414018502,11.994243244438067,11.239563280149646,9.668825808588577,10.501615249916266,9.661981056687301,10.54375450126827,12.683900101677231,12.644209747729098,10.072428319765175,11.231508926933873,10.838478079146672,10.474625079852084,12.14116516417783,10.902335936264336,7.545909492420435,12.318742419390574,10.012943266202578,12.582711814862233,9.180659987948554,9.554574376862984,9.739258168184238,12.768030945657067,10.012247012077793,11.270899239441622,10.822737761064555,11.108069587660873,10.856886216641769,9.472336170466054,12.282654618925372,12.076665620279053,11.201692930058295,11.221685159546523,11.389117281883955,12.952704222305961,8.609900458999308,9.57190777665085
2034,11.418714833324374,12.273869879791796,13.333455783841403,14.659145075949313,13.418576080190098,13.368620296859225,13.543727535916416,12.570076990386717,12.176016861329908,13.188481434218023,11.914248540187662,12.42500648615153,12.406577958320472,12.739752468126627,13.560734890077427,13.869779912026036,11.919771155585419,11.740104829487596,12.396197819839356,11.330192875602974,12.636043333321929,10.839574765899908,14.45790386912616,12.400733487680556,13.379254506334018,15.27929116542573,11.156374393921833,13.198094308052376,13.012501805939753,12.296889879052406,14.409393926029624,14.14641302532476,12.478445441664563,12.578941508722696,11.950214791880999,11.279739161710376,12.871484928197505,14.230296954512598,11.696284857457101,12.439973539551318,12.275277297700876,13.011722504282778,12.966537557542324,13.198043512787834,14.67224678526754,9.401156206493793,13.417971903863164,13.085688421745665,12.520920894513635,13.10223316466031,13.109571381798208,12.854647429943407,13.968005682463234,15.50232802562254,12.234567956351068,12.755489201973313,12.906815171160778,11.878173521557903,13.035714755887575,11.063758223601011,12.095338689386034,11.898567840052037,11.384353379030596,10.537888320567818,12.72066361833688,13.051240883929575,11.81438823092891,13.564369245391825,12.807193080692187,13.612906366627183,12.610656676571011,11.748284782404484,12.69696893008507,11.43460157448831,11.492364144155191,12.020145879491515,12.939785109994855,12.976972972812217,13.488904886919519,12.240370552743906,13.442808773125646,13.006121271978259,11.974644273519514,12.077614616278721,14.53824667503005,11.777457231048333,12.715259287182406,13.541684011280863,12.828508674420176,11.970034969889596,11.14029494446257,12.050922939796811,14.077430735463684,12.607055815827588,13.222585302008238,12.638211726818396,13.716717591752182,12.412341922683561,13.902084345402924,13.520694011903332,13.720729170286134,12.480313640249813,12.73671910895602,12.167684418776924,12.911845266616538,13.075626897853395,12.609509302546149,12.783886444673916,13.194569557419294,12.181590565115862,11.540589526619602,12.498418397715557,11.799187308015382,13.512086046778634,10.84210257357209,10.114024932131818,15.025689185961433,13.434581606486892,11.969960486759316,13.715973879980004,12.89615325710696,12.531140470553352,13.016913104923846,12.895680053078612,12.621612302796995,11.570452060064541,13.301694924011825,12.68383796059567,12.83279075230593,12.389733379301818,13.03841924655211,13.560295168796308,12.900716144571327,11.52244639691186,12.249040118378142,11.38122110557743,12.320306703002881,13.334297165274618,13.200281811149228,11.594671006435936,12.917133738813195,12.711614437036864,12.27425847611512,13.942624403730683,12.767711757743005,10.051147935284387,13.932573453239772,11.892699706368154,14.313012932305753,11.048666876123248,11.85224180927743,11.163515008014183,14.126282632350922,11.753197384685654,13.011819122926054,12.522820991990361,13.156632926558023,13.270299270425154,11.878039474558571,14.025514440691989,13.386683290419374,13.143247961350115,12.784078834801102,13.141609168409005,13.716153164596664,11.077023201176655,11.390734703644465
2035,10.52765679748162,11.244524365210015,12.778980488539675,14.70628764318383,13.102760019995596,13.716260708382604,13.36974944109502,11.572640700351814,11.120086345983593,12.278032943930315,10.756031873919397,11.581777488488871,11.88631317950785,12.085987438650237,13.346282443537826,13.686784531313764,11.010286913617799,11.012634226809379,11.492106899376148,10.267148024200099,12.51663868631358,10.534306482128473,14.295999475147418,11.854341291539047,13.422679180603312,15.265717397565426,10.190125045892989,12.657384311051468,13.2553020288115,11.409943609295983,14.518406591985539,13.970028022547131,12.286406681832412,11.626905480217518,10.873660318573693,11.173676000989001,11.864546227410596,14.130936727413669,10.907768616209859,11.582886379374113,11.83192179425944,12.695435708712626,12.151851246376406,12.260535418663338,14.715002339819204,8.272119599030072,13.7284919820402,12.300975694361592,11.60377564945299,11.867531289387006,12.882958545956923,11.673035545841504,13.738337351090237,15.61263117607197,11.735183317376222,11.769096301220683,12.234660887604825,10.786806504120642,12.87347584761396,10.058952975086866,11.721585071200264,10.825337036330579,10.331633314976223,9.489212322980167,11.661202306697234,12.074795371326418,10.896929992281873,13.348245137573585,13.14759456333907,13.196931266266366,11.68685189375411,10.751247346401218,11.602749662392814,10.762318011211313,11.289136039498063,10.99825496923017,12.062583181197226,12.360796804661334,13.771283908382706,11.477627126338044,13.778926485218106,12.004803080638144,11.14776262650064,11.135843991666384,14.554551502932668,10.869623592771267,11.786039900844514,12.8359107674383,11.849350363178099,11.24334269438101,10.480278444031013,11.480053607455414,13.969797033330664,12.09260000065779,13.066789660521824,11.684988375348244,13.523802779290987,11.4149207778518,13.648861583322285,12.904769444595212,13.654886689603973,12.291902690113565,11.71965064645907,11.824534664011525,11.919604357979868,12.825051771557852,11.473047893980276,11.786022192758063,12.227498104876798,11.187600147181557,10.474311886274297,11.895965810379256,10.73767050043882,13.79256794407316,9.86347323348341,9.042208966029728,15.096991564916527,13.707600153658706,11.533314957566882,13.514274889360307,12.634577951758455,11.593937544395096,12.89100835618118,11.778005034865242,12.086242346639708,11.155113664455712,12.420950571803942,11.746868902898356,11.943058937302101,11.365002493252575,12.11628751926448,13.036516064117444,12.726972709207434,10.462374797880486,11.279012615104081,11.236743345370764,11.420485170153176,13.59059666291527,13.423140840685885,10.84649192177407,12.338783035945635,11.780210644006731,11.346328119949803,13.734894193222988,11.716046181547904,9.043997402788829,13.655421241955912,10.827590625328213,14.150077101329103,9.996131960140621,10.82086181729202,10.418491112959128,13.971871966253156,11.607016940479696,12.462912822385194,11.993740051741833,12.056605552120704,12.243075055414408,10.917857526194144,13.825069352498526,13.298388461035723,12.922166761334825,12.630057828581855,12.561183814850192,14.039166325257852,10.130526405010048,10.374925917257434
2036,10.821830383623421,11.502293099203838,12.192729855685128,13.755609851816427,11.9859674901742,12.481066416959154,12.06852593710241,10.95759989337429,11.42234965948307,11.540791046846175,10.032539183375142,11.713486869212078,11.344229913438143,11.044220153606778,12.043878197831953,12.351267174534177,11.174707393283427,11.127210574953452,11.638405640973993,10.295630702156698,11.209534781782523,10.338788950248906,13.058410370479457,11.334334031982431,12.622621829742974,13.916518001452737,9.564865145994263,12.105964603631396,12.436691817382108,11.531854677702425,13.520460980741873,12.920013187534138,11.073609177671047,11.782893971580526,10.157397072438314,9.84515682478314,11.33140321189295,12.571121634733258,11.080873115494361,11.7143092063944,11.005485329048144,11.462937837709553,12.225710435082085,11.609557269019604,14.395631971566578,7.522187765525735,12.752071607372038,12.301860409586325,11.756577996618073,11.220783792760063,11.516973339183178,10.954000479825167,12.535481711161198,14.220006437405296,11.160563780250456,11.146253266736215,11.775211672096152,10.091953481142616,12.01340763497612,9.385617804592071,10.775400520666786,10.08952393698628,10.634603427814161,9.53165203332901,10.978874795948684,12.240651757820796,11.052826153225793,12.155243926722074,12.193070403259735,12.10209444541808,11.509988224133854,10.142115373650325,11.64520048827905,10.858945635511821,10.13147010448713,11.309462224011837,11.8958188635449,11.704515730557238,12.221612813032186,11.590511926490327,12.6137262981223,11.335852040868744,11.362216062519861,10.502783843194662,14.226640464171119,11.024059568410332,11.925925507655613,11.827820409413265,12.011796401894609,11.350127551380712,10.582406182358367,10.884771778531695,12.453861330797812,11.535294659840675,11.758890163801292,10.829732120887414,12.402677253536558,10.806086688747872,12.544593208833888,12.272414030102281,12.829316996523868,11.068284246503662,11.117458442469005,10.912384953835737,11.37866163249735,11.504429207223916,10.802664677571993,11.946920869467055,11.57558024528882,10.603428460981537,9.848840365753228,11.320921408093499,11.035908667046739,12.88909464005543,9.243097048495775,8.34048065478387,14.072273592586102,12.71103925225528,10.97716259891572,12.397440036272872,11.206105661133064,11.565997665100122,12.035172624351542,11.149888705138281,11.462316637777766,10.369518103725888,11.740045067732751,12.008655902484191,12.089045243580705,11.00378382144086,11.896688449803902,12.496912679432526,11.494689071955891,10.770459348497832,11.584220664656684,9.951534069912594,11.55894818948582,12.637575736998215,12.657887165961059,10.965570239836111,11.768620411581969,11.913012674483268,11.488228633999825,12.441490326157734,12.01861422930075,8.369255635401474,12.508739541406214,11.128927197368089,12.876140814760452,10.303471874020511,10.166671590960547,10.53596159775296,12.861423739434581,10.305270590940898,11.852380475758213,11.389689844668565,12.245505798405606,11.6297347591785,10.28123163982578,12.556642917511251,12.17736985145704,11.529700434078338,11.431650188731277,11.961215897098832,12.902908073981171,9.484528233823573,10.69062744340171
2037,10.670637383085234,11.441828486307163,13.961570080531676,15.933667649393499,13.906171972984858,15.709616787488693,14.091119441851655,12.03459519892931,11.191498453364424,12.765933070412796,10.516453983343164,12.18013688257855,12.988111116963884,12.642805015668273,14.12499336477207,14.440158682996815,11.679819860860055,11.547956399295641,12.175947107698606,10.219290633564412,13.195647726888247,10.878277108073235,15.378445630164252,12.92976986584456,14.857468520493606,15.856644449026689,10.589168743270895,13.864561220145095,14.67325645685196,12.020804471295813,15.75253192367761,14.662179244601209,12.935750102219377,12.332781735321753,10.568884259292293,11.893670770137204,12.293678678410208,14.79504205286503,11.248537347368572,12.205043093868248,12.903791879830154,13.403967412431603,12.880158580029791,12.670464560713459,17.259827038516168,8.818798455693154,15.339946849798059,12.99450024067546,12.266484842647873,11.850576776201313,13.661705768302731,11.523067856855366,14.489651412581622,17.245409056544307,12.802946762708219,11.984780322598374,13.37660688890711,10.521368967774121,14.461286432717158,10.546038511006728,12.684291292143907,11.34916690186314,10.40784329742841,9.456236614562249,11.345021757094761,12.826868768295519,11.589652467195105,14.071022134922123,14.665182555499284,13.82223520104004,12.180462590702202,11.137326095739137,12.595778705481361,11.267940284765285,12.089089938884847,11.112897326319437,13.08710683979418,13.741045730269477,13.742625342762992,12.02426883562104,15.655731275677683,12.467791561523207,11.44719638902208,11.513436316795977,17.115966641384624,11.449014599556508,12.440915971022582,13.320884883565748,12.543107753214631,11.785173096734542,10.979913411904935,12.731159624522148,14.692660371003592,13.19886759636195,13.774113259602181,12.226775510641547,14.23442324153755,11.836971951243672,14.38469283234166,14.273339854431862,15.167417368487172,12.988760536617558,12.14252730685732,12.798793507415958,12.321835401508475,13.61119263044194,11.375459445357,12.48627951028555,12.656155272467956,11.594161265570184,10.202338358670795,13.169998696640782,10.806816409514083,15.295668658921903,10.269399771871777,9.015815462755123,16.402627019778542,15.447906096992288,12.513085765035257,14.229339900710013,13.472489209359757,12.209956585389117,14.334329475851163,11.740401683618195,13.281254833807116,12.228245111587258,12.910755499873472,11.953791894342588,12.60767787872085,11.435932431612976,12.66099441428062,14.201616672718012,13.425385077038541,10.556082516098805,11.381661532608708,11.953659424963204,12.045093442758791,15.271677067017428,14.84906237021737,11.402602624634039,13.527984018882979,12.42544798034689,11.979617769951409,14.502485831781877,11.793624441584818,9.385003724661859,14.445202795383723,10.903881671170344,14.858652876528064,10.06095505607031,10.801345298795601,10.96666660386583,14.858810133908111,12.305416096568756,13.709096145532707,13.17929487999367,12.875415159470364,12.67811639400442,11.359023981342983,14.556667230699368,14.22472273586976,13.731542986210279,13.403160515848711,13.851186122421337,15.923566651206624,10.672220928837428,10.556106004297083
2038,11.445985557592433,12.503157387970964,14.679287867053693,16.93667593698663,14.384099577108156,16.15955168105986,14.587760553411817,12.517692218494162,12.280626672441544,13.20521465877233,12.064861861422013,13.04783043756312,13.670690210293174,13.214678481707104,14.668945244472962,14.975165155918706,12.550702839117983,12.255681366700193,13.078949241534524,11.469459284906804,13.690870784708988,11.660164402392898,16.22419205307961,13.591872659967406,15.301309184373721,16.646772031388853,11.06209804725317,14.541231606965484,15.014160905843196,12.935774156904744,16.710999170075294,14.99425418448189,13.428757617250085,13.27200614887735,12.108541396001115,12.433856813480027,12.86605521048541,15.62046751509542,11.948439708870387,13.083837106479736,13.55742036211102,13.921897163047738,13.707056119552124,13.11739169644273,17.8482990420383,9.254129713644154,15.655952873923209,13.790836629012357,13.168771279732821,13.366073247855132,14.254540188480979,13.12037099411954,14.980388124351919,18.644029377109337,13.468430479664518,12.830090617680028,14.173522819410605,12.036756343046283,15.04264345149631,10.942090629235555,13.31919102413256,11.758624248206617,11.522621722972914,10.647852218618777,12.893068022702053,13.76689158315244,12.430354869398089,14.564336278840255,15.121647617091304,14.272442890574105,12.927930371430906,11.652741668988831,13.662588780340943,11.881259657118632,12.668887457283946,12.089793012194013,14.018174821632387,14.534513180103641,14.917440124018038,12.823148477417622,16.046397085908964,12.898287194902485,12.202030439091763,11.996651766740758,17.703627928443577,12.36545197811464,13.3820043688883,13.87624020372396,13.537511935700541,12.473994292804726,11.574686156018926,13.454827978751497,15.436349708101023,13.879133510848753,14.274031961579686,12.742804889769658,14.66182779016621,12.340794343177393,14.844944302154625,15.06654245276814,15.650024449695712,13.506987510977885,12.661747725923425,13.412038504591463,12.896964867477836,14.186166260391476,12.838770136885014,13.506886985152962,13.098230394089356,12.08590454640596,11.671395560321603,13.88488020873426,11.921122211477034,15.60828852483436,10.72554161237634,10.170853765114495,17.432050518529564,15.832689329657867,13.114143107896268,14.63646389090497,14.10055764432384,13.047797604747439,14.906653321955515,13.117448099443447,14.005584995059868,12.906395359693665,13.38121117165555,12.861079958308007,13.508656878307784,12.532854891220191,13.348301366457473,14.853169404618129,13.919772113349453,11.647488372157454,12.291506900087647,12.478654485195873,12.961631555596124,15.653925463557243,15.204795129921125,12.117962009556916,14.257543611461704,13.392141527455788,12.927708355952864,15.02459726126298,12.852799543908436,9.966122948281141,14.917146710597953,12.017812005092349,15.35323207535903,11.178553231141489,11.900275204168713,11.659047905497417,15.474884418446733,12.853145541704219,14.467966503099255,13.900909085798528,13.97497389400783,13.19641542321314,11.78453834840785,15.0661041315483,14.953514162613002,14.321179084803747,13.981922286603117,14.590534046383413,16.319302791486617,10.960439868271349,11.485842588155165
2039,11.435506001438789,12.255527514235485,13.354520247034406,14.742145433374072,13.35367659819515,13.719379305353634,13.613353672396883,12.146068834335262,12.128040176127918,12.818760822243666,11.463991976464575,12.511130396195728,12.419755951541925,12.617548376564747,13.650944426817741,13.936537185056213,12.003777360138688,11.849053915671037,12.45116896813978,11.172725478025232,12.730919024380652,11.351312351291595,14.496358946542784,12.388536599991117,13.60164762320726,15.311060876949973,10.796627891857339,13.203127626815569,13.272248668515166,12.366623224548832,14.518271492227267,14.148257317750353,12.5322628489736,12.672973762205597,11.495829664170744,11.366649829499098,12.5055987047153,14.33527737960179,11.817774845530154,12.54178293409717,12.26922808389139,13.019462475796114,12.98543703426486,12.82460752647856,15.08443007780158,9.035833817623233,13.708835973363856,13.082827435239505,12.563873311990626,12.68499788982065,13.181907843170768,12.417628300416732,13.973731844281051,15.676711699641912,12.277264233192671,12.422267744074691,12.91086677968016,11.45267080224079,13.184017758735497,10.69633399411712,12.111157954549014,11.534095727231191,11.336522561295528,10.428132561966777,12.279462452036453,13.070481746695409,11.892108364111701,13.574389836872404,13.367982843647832,13.525644927164135,12.494512605005065,11.358065999396471,12.708509852218885,11.573299540287774,11.546887886953416,11.976411994212588,12.949601846544644,12.943185363450777,13.849459675667081,12.376103533143384,13.790856687676,12.601991983363405,12.061889541477127,11.707240363421002,14.906903056994729,11.85442185337129,12.815401775398009,13.377570175606275,12.9007581927682,12.094686596127959,11.261485333756912,12.026244606336821,14.201387244843595,12.65060530530046,13.293954105227781,12.344033655366331,13.757158201835727,12.013776448818493,13.854297877410835,13.509729700891867,13.897542837521303,12.51942461214798,12.327335952659666,12.19335760564908,12.555137556066496,13.101511644300723,12.20732018513524,12.856734395675035,12.811413639710974,11.809731492772704,11.163658914358722,12.45998896723208,11.744014767686961,13.777405546411227,10.502115402856598,9.72387963662977,15.124990548776543,13.748200187297622,12.026728725951651,13.715286733825575,12.975687581235945,12.464146060626147,13.166490987145707,12.486058495857796,12.636893523492569,11.58124655355578,12.937789643912215,12.702488334282583,12.859828896496609,12.075914789558107,12.850500641714621,13.546466703729138,12.938633472112054,11.473566381625183,12.240993247407934,11.45471673750359,12.407393218706488,13.63329963709997,13.491651680158535,11.712438254576663,12.941070895804009,12.811883921289574,12.344331849487903,13.978488181899909,12.735358924969383,9.711926657989947,13.898659571762318,11.839888003776254,14.381096425263777,11.013691160099016,11.44744641333819,11.263497525421176,14.134797226151692,11.824138062803646,13.031464010031652,12.559290313931267,13.196108798293968,12.83490828295117,11.484742907928712,14.059808974356756,13.442483148456594,13.208894185114492,12.82432361983735,13.125626632893136,14.045386946233718,10.775566287298245,11.350735718779188
2040,10.795832505490147,11.77233336282813,14.522275880950948,15.019704402788825,13.806786319321912,14.977033425932348,14.04293280937102,12.030553818234933,11.481061636105828,12.747292803681415,10.159305561819806,12.607498838534612,13.482294578894813,12.119393815934336,14.082437108878208,14.39709142061032,12.109239384936897,11.885562690622782,12.618260427013688,10.375164634183701,13.151283741321253,10.965905871080315,14.896196742744552,13.407093937387286,14.544899912632033,15.356924096851245,10.613749481413677,14.34411366097629,14.088662245351339,12.484195975181846,14.801885597002896,14.492602883149749,12.91329211919852,12.794366155305632,10.287968431477962,11.877557582181435,12.339929324129354,14.460597418360008,11.466610951015081,12.63861905783415,13.270566970109941,13.361687636812745,13.317966810225142,12.675910094186019,15.384026423744539,8.820513779054517,14.713437793047536,13.406216833578503,12.698177999614373,11.425764410392098,13.647763366264334,11.164179693259625,14.422070791216003,15.98701229205598,13.279895617505133,11.765352601387905,13.943160227621384,10.208171796863493,14.44501708237374,10.562019661554828,12.945197486683076,11.384222486177867,10.717462215734567,9.586697229751103,11.102792618067369,13.290878405713523,11.991279632258026,14.015941509653045,14.119615521119991,13.757738868341498,12.461836934737537,11.151920861929012,13.173744540094681,11.552207034891067,12.220060304860061,11.339900615098681,13.628820887888255,14.350489084041959,12.129537385442983,12.412224537976412,14.971664806099046,12.470315118968164,11.667912103883598,11.534996430956477,15.250265963699505,11.91218694736776,12.900471712584078,12.904968644289875,13.027874128974,12.109682154679755,11.255902933685679,13.307985588483032,14.486747845217748,13.699350515785428,13.72089148895896,12.271800399150543,14.127945123807244,11.841425542598186,14.318080164482012,14.877602614462377,15.0305565258731,12.959728968775146,12.136877230813969,13.114197076784206,12.366631591591336,13.570458566769958,10.996948599815367,12.983518764781566,12.652104848428916,11.598207016515996,9.954498062963074,13.733691703366194,11.116342172188606,14.684520676732065,10.293610127804715,8.797198745320834,15.399089709086265,14.788515672816533,12.943896996586224,14.108953013368275,13.430570272809785,12.568209921536239,14.199077414085524,11.338213409165569,13.860539409291485,12.694041002663257,12.897456015905613,12.194740804803113,13.048364542100742,11.480975004641905,12.882364356809337,14.702468987999731,13.373589755005568,10.851633664544512,11.570749236189803,11.926311851843547,12.502641897162665,14.630062179235013,14.2559798191423,11.745613858103754,14.072833599279756,12.901394441399885,12.470638251822928,14.459445572741654,12.056825449933177,9.340050313135857,14.34318717342356,11.209698405817816,14.828174835313927,10.37098456983981,10.666433241056357,11.29936038362591,14.530983637532461,12.292097717523577,14.272413145264853,13.704218924369501,13.422316495045695,12.660631696572125,11.361162836784905,14.496610012067402,13.824254203749742,13.707317723123278,13.271226700111905,14.420600693186987,15.224914007212805,10.632281907874605,10.727665535457755
2041,11.29251778125763,12.04579507798442,13.280875833239406,14.800481195035186,13.111275169836436,14.23319152467277,13.294694195137076,11.610049332489526,11.9952292892596,12.286521331285655,11.579616821067328,12.088120503158754,12.332415393270228,12.011603752879992,13.295324300942216,13.621826452081619,11.565659676556999,11.439770721870925,12.0455862150892,11.095738021413917,12.398610180324834,11.093094325583914,14.320872970897218,12.288811822624307,13.846497556437617,14.963218727837443,10.207810516934844,13.151229507735241,13.644262407137004,11.937560031757403,14.596893038438711,13.954977631568909,12.18423547919678,12.207271478989203,11.59127303083306,11.035996048508776,11.97318859042033,13.843928337745046,11.4575994429381,12.0956094171042,12.124360878992343,12.641720024544908,12.661902212335363,12.27917930500015,15.552028816679254,8.281724054204386,14.139159417670712,12.7774228942783,12.15647453620382,12.72799924611236,12.822581944744224,12.45423528292905,13.706351818921773,15.659366558427395,12.160007799773112,12.140558144320613,12.764750716478929,11.554955448874315,13.390290015417602,10.072274200132364,11.905685144355113,10.84447202770769,11.202192353408622,10.311928181585087,12.373358454514781,12.680499138310553,11.45016581532748,13.300978174838034,13.571480525576556,13.140436761405162,12.028225035690097,10.785062060731908,12.290831971862962,11.148316479247551,11.28034158893254,11.854729091343675,12.673701536760708,12.899625356754534,13.797160384447679,11.927349600131102,14.270186719039213,12.032988972840428,11.76211197350337,11.152322814597389,15.440272761427838,11.441206638093878,12.335745563325675,12.756833680257527,12.433793802745642,11.673614529163942,10.859390035919523,11.956941611457456,13.771981711944807,12.548005018869176,12.970844601085963,11.689001461541606,13.49144837746154,11.459080214166773,13.633744993409062,13.455871200917855,14.12540525165589,12.224066422037456,11.77578672422501,12.027134077380536,12.024922590216864,12.770551686215663,12.262667774344267,12.387368750151083,12.254535523121772,11.241149100758461,11.207956805501295,12.407734412537973,11.607107541483378,14.216506028952805,9.879116287212007,9.546447773990424,15.173415173654973,14.176652591189615,11.906139564255014,13.474992551881334,12.580050046677178,12.035978982629983,13.308819413144628,12.550800346809888,12.566430696326753,11.4741501254232,12.454909811930166,12.487707950498747,12.492731714054294,11.891959123961305,12.412523012122385,13.527744407563109,12.648593973530373,11.342332951360099,12.099269933026772,11.127039992452964,11.96153322380522,14.05446531979934,13.812795802302988,11.28401503226031,12.837749492539015,12.33375347664823,11.908216475306649,13.690882568774017,12.585755007422492,9.158285042756928,13.652387344318887,11.705508887119915,14.089642214710297,10.863460165650949,11.24059162126935,10.855774524419203,13.97636143895595,11.493673467725191,12.968864930712655,12.461688879715359,12.727307518822672,12.301896270202558,10.933932219834432,13.763836426903378,13.293687985967033,12.857784317563413,12.575512457153069,13.087607876438161,14.53460918458017,10.133749518219542,11.240944233925447
2042,11.034820368513467,11.619211874568185,12.659638402902567,14.682531805142117,12.614555494991412,13.822523516805278,12.685776119970763,10.936971527726756,11.626162717199843,11.605867778963368,10.859352247384578,11.448714024427792,11.745320845881237,11.329957931261992,12.673906477755343,12.991216279080383,10.984216299150953,10.87531655508539,11.408599934783645,10.646030108889804,11.803680347683635,10.69389322011367,13.894992025326127,11.709703762894094,13.40926959592363,14.63639437893163,9.470914229426697,12.542634089396373,13.330101816550545,11.269325613489615,14.455309654059613,13.477532301260078,11.594805621582529,11.551023529599542,10.876266718396678,10.465648135737235,11.261610629603917,13.296729955336325,11.034015926329989,11.457132544206535,11.493756878432697,12.007281564338056,12.035889415637309,11.574313984778913,15.733514412589695,7.439456142596493,13.810101384701941,12.172359630141568,11.500187761757687,12.179391574600471,12.176558821745543,11.839130132094676,13.144962900055008,15.450892531353498,11.584881393805796,11.568911850128487,12.115344566495525,10.836287411496688,12.842586335928544,9.32362849083122,11.287084666445203,10.026909488891045,10.844201827421783,9.856856070782829,11.641595488697613,12.026721069670241,10.870297542246785,12.742368924067074,13.262660083563432,12.507856243330503,11.311523681668485,10.05135198099458,11.632015935104826,10.632171484439272,10.68205487306999,11.5306787179864,12.004305535178313,12.217864470151452,13.15198937188024,11.305293715194516,13.855503244163552,11.321331365438907,11.364787771002103,10.424692485289167,15.60648626348247,10.769119995281748,11.632357551189871,12.01472833602811,11.718304801408362,11.114620716675466,10.357005229462745,11.325694818697546,13.1874121317397,11.955535617535533,12.36415824375075,10.891533488164777,12.956636461874718,10.751312033556726,13.129526541284894,12.776865808860116,13.637376092860233,11.630711738506092,11.058537032617176,11.429885595551006,11.289007431301085,12.132944425001096,11.69491925220127,11.653231280491404,11.540427268037332,10.520755118326004,10.516218162911093,11.759579157861683,11.260654275184095,13.931482880011849,9.137611447104618,8.837549713885657,15.042002923462702,13.794237873800428,11.36785553460536,12.968421934739405,11.878519012228303,11.378833724104837,12.82098526454976,12.013198035242764,11.920085956585472,10.834744531215858,11.803103295195367,12.094850030930148,11.870329614566725,11.260692777193109,11.769513690439252,12.92211938293084,12.06962325229593,10.983174722682202,11.77959608642951,10.5542554790559,11.275730127944492,13.689412394619506,13.473142888235008,10.735847852800203,12.220609994686168,11.605891817937724,11.2085582918447,13.081487232576249,12.23218499059262,8.412386511978896,13.135318829637509,11.338832335850302,13.486546371941982,10.505418064234698,10.516689994736858,10.358304195429968,13.547954620550511,10.891782786697153,12.318744287542676,11.854213667628558,11.996437183338339,11.612302760796057,10.229713270845622,13.166201820111148,12.903800335267317,12.191181139372615,12.055152846095355,12.439212235885304,14.137904667336006,9.43612140222736,10.966849616688231
2043,13.650536907755807,15.114005790780425,17.29607172893441,19.313723750736397,16.695905439231712,19.142733700897384,17.04482431256253,15.00289228040239,14.82249675658734,15.812147390583288,15.567496504472654,15.889788455937222,16.152066326659657,16.418256173963126,17.252747914065488,17.575841115868613,15.293544188911175,14.79575827329055,16.069480943615027,14.0772116974644,16.06861587192702,14.09803526038709,18.81156137456065,15.933537301809892,17.67559464081474,18.951149230417997,13.60951799494417,17.032908070346583,17.166928555654444,15.765781795848968,19.07606230611386,17.175794694734655,15.843328685864162,16.254728239515554,14.978785941022982,15.006164778185928,15.4566820859909,18.314624405425533,14.344122746716378,15.946600597189818,16.08197997316071,16.45075809437296,16.622555019414946,15.556547426659131,20.1810530372288,12.527897445404014,18.047298348468285,16.528159642996997,16.146233304363236,17.019981604555376,16.83195629068043,16.647068676741227,17.394471028576728,21.638936146445904,15.956850352494616,15.951525550821554,16.91472255406173,15.164461216200955,17.82790285802406,13.737041034452293,15.792112828596778,14.79396746914996,14.068867065660331,13.340611829057984,15.532889762002492,16.805597522984375,15.237090867741605,16.89536359517471,17.459708965342976,16.702508869378466,15.481017302559769,14.150164394275007,16.945841232071757,14.24712524206742,15.162533706944922,14.54693787885101,17.02397383814273,17.435238338682964,18.037253778913747,15.536602960980456,18.83924509390541,15.518660585517466,14.592595956895662,14.522821820300559,20.067744379458222,15.067150850658832,16.389589535315398,17.037079730759498,16.65692687779665,14.981447406437088,13.885717347912168,16.078949283646505,18.138971214709073,16.406785400017448,16.68338610555815,15.643474641701454,16.945344313331272,14.884036478788959,17.105010934498004,17.983546083874035,18.194903720980104,15.82558492992235,15.241899937391281,15.9391498837782,15.414112093655959,16.786449639693554,16.38537402515826,16.658081003505252,15.590217224929642,14.572016718594924,14.49971212365705,16.468714449392714,14.458361105426498,17.924757480621338,13.308211386041796,13.247914229722127,19.898613846820332,18.413960195106014,15.439250922721367,16.89050199156222,16.875619633042298,15.905156949615996,17.455029886701833,16.573053810907446,16.64994390373645,15.483702837611022,15.889038101486538,15.377285192842068,16.36743547022343,15.084545899344532,16.034108332965683,17.347182774025462,16.278119989063438,14.171287986895317,14.669788960529415,14.937907353691438,15.827228552945282,18.141504391379982,17.36506424261177,14.675868310358213,16.88186507639678,16.41304177094413,15.791032199626386,17.598236223925717,15.415501522629157,12.900853994585898,17.26475508835005,14.595256267682371,17.810857114584554,13.72622323478572,14.489826033296797,14.054692815179406,17.794686778731972,15.284603024306504,17.275001809648856,16.62258012009703,17.320268028456237,15.802696310955545,14.322627090889474,17.477353000122573,17.335884529611345,17.1064112847266,16.349678052508313,17.339505498176038,19.102511895739518,13.899483212310338,13.953559162986021
2044,11.891688608604932,12.88489665046496,14.487546105099765,15.971858755401945,14.504190440411158,15.261797209796699,14.700730233736655,13.13050579571206,12.728857148600662,13.812615202334912,12.957934588193899,13.179021126388212,13.451120237941327,13.646301655341755,14.740097443694651,15.089563361976458,12.640107475221164,12.388270763599355,13.216275694901531,12.02271619584897,13.803704205252556,11.720387552743373,15.792248147985209,13.372547921279203,14.683691808710927,16.415807330090068,11.686949978704037,14.329405610085184,14.276269661343616,13.056394702633442,15.736036103704702,15.086644919022275,13.61043064393427,13.374349501024449,12.872321794862335,12.556625733799907,13.415347330434168,15.458542094282487,12.22097085092379,13.205153919027554,13.484327844384575,14.105288744580161,13.859872017379693,13.737325002317844,16.456232791361607,10.086997789027091,14.87241137286891,13.94151343826366,13.304927033979606,14.201074894031752,14.340378623293796,13.945301769220313,15.109381512455318,17.216261574755546,13.241127103567123,13.564741474778756,14.009357923074909,12.844210436810615,14.557811517916301,11.641342558614584,13.30489740755571,12.485728418292561,11.980724420074537,11.221045023397265,13.587672885993255,13.901562605215156,12.538747879231106,14.687693862973351,14.321731816167421,14.547204160819883,13.2313142851319,12.26922905420804,13.668710301265765,12.013615661341209,12.72165505519218,12.562105281845383,13.963896563601851,14.316489112603927,15.063606968392506,12.95512801603131,15.22131863596809,13.558112541618554,12.516093021825606,12.6073113994106,16.334833720456,12.49523280042669,13.507157943494942,14.386438527346955,13.660462964326149,12.608372201414214,11.705414854961893,13.267803771016393,15.35644416834997,13.66300699892252,14.371652245683515,13.342097326789213,14.745793505855223,12.942684356609119,14.996456137169965,14.844756607128227,15.157568422834515,13.635257332221327,13.264776758525683,13.366902985691052,13.445150777940523,14.274741104763487,13.688086991400825,13.62502746899491,13.714327719062567,12.703661387381347,12.432030521981096,13.711980408664955,12.378877282466576,14.944894460232362,11.380661440608295,10.96643375572951,16.389886713546264,15.022243130061293,12.902929131103601,14.740229946115747,14.152188768306663,13.273573966048984,14.41459986243559,13.930997984564822,13.816729746556476,12.785355173699234,13.943340358526811,13.250877353808153,13.63446093140089,13.08579889587734,13.71882710698992,14.70908902326356,14.03050157848908,12.102574357904656,12.749983646947404,12.613338841813738,13.080904022507045,14.848297727496725,14.439051444115846,12.237939141771719,14.033439030627845,13.510685520003674,13.038352643504098,15.161887306881988,13.31371974070435,10.71723522262081,15.041466708416527,12.470172563891696,15.502445783304134,11.64494940314604,12.575698080918066,11.759732182745054,15.295403306898868,12.966466093324529,14.24171664286405,13.656097175472457,14.091669699096162,13.805107289257098,12.418057646764364,15.173542202814764,14.616825237222342,14.431248763981072,13.973340694671093,14.403962751121625,15.468080713697102,11.647266620932069,11.971807863401327
2045,11.604934114476913,12.742427737654552,15.064809343413168,17.785283042036973,15.083151740224466,16.972276213376425,15.346497691195939,13.482109166357828,12.468034299819365,14.19430107396582,12.804691943137541,13.617037376955802,14.048260281145899,14.684027496239413,15.45110017903473,15.80819892365,13.048091470385375,12.749355674437854,13.700118401452254,11.686857708122421,14.433369229335096,11.87683353362524,17.04387610178927,13.895353091961663,15.864422292327106,17.45728831900203,12.04790251604889,14.91606732312104,15.586609728958296,13.437518790040333,17.562836531711667,15.661329499121923,14.219368189573288,13.809311853154844,12.581645999913633,13.291952064503795,13.771502838186596,16.507130666919377,12.237370097766751,13.61538414414162,14.080248179966988,14.716002151208079,14.304959145577058,14.058012388682034,18.989446665929723,10.510242264150925,16.215170153781123,14.364721087981831,13.798925767612204,14.202817183473838,15.022191381324895,13.918373564987078,15.73766079480234,19.668599488942526,13.822205207756031,13.799774089261241,14.581023234712045,12.648608870480373,15.62530481102675,12.045879792907972,13.898139592098152,12.94117670668208,11.699443184163258,10.914742568426806,13.292622967906626,14.35089941517167,12.928722344095943,15.300768851586012,15.745569975479794,15.093404149231707,13.518549430953422,12.583569056313976,14.260697715956237,12.306940363801047,13.403413968241733,12.269248380285239,14.539754270859381,14.972237855196004,16.668239720489673,13.32697786099237,16.788874412360403,13.904349350410962,12.491522106139554,12.99550884119843,18.856482179268546,12.768574734744814,13.950740039834514,15.257116011627343,14.1535425386999,12.936507597241713,12.012662884333862,13.865926204816155,16.295958101749424,14.243963794304443,15.017740249957727,13.799532272245578,15.338931740949986,13.316340372614238,15.580493342617284,15.519487225799821,16.23821108618185,14.250610462349394,13.635248409017272,13.969391198585866,13.767948902819466,15.015074705300124,13.660980529111367,14.122957293106163,14.048282564820155,12.998665958642965,12.122863493859773,14.222812364606757,12.085926793191746,16.291472228810843,11.707114124103736,10.93731285599263,18.346892599178396,16.53876249945683,13.45104321124761,15.349421199249184,14.923839477093328,13.70014144545016,15.43599696838014,13.932744788734812,14.414381618409053,13.392660643095555,14.33039714039668,13.136398551256757,14.076072000129068,13.027587995581007,14.124803109499426,15.293842751087382,14.686865997784164,11.812514001260636,12.465183635120807,13.274451409992961,13.485614344153715,16.30178202858762,15.791761394428173,12.576355985973192,14.634396989546394,13.94970303028822,13.415445087396582,15.848612024732258,13.048495303515507,11.005084653263506,15.62928914505503,12.214339065325003,16.1378841979996,11.341130589013515,12.511945799640989,12.089011546062391,16.248017468611184,13.65007856488228,14.927656977396945,14.323591721527604,14.614677528162368,14.179959824551702,12.777179058479229,15.817668325227245,15.750193130710855,15.229108531837879,14.763384146858822,15.0367595323402,17.025353604603726,12.149020674759926,11.673137635964414
2046,10.42535065060846,11.220551278280178,12.890800992806401,14.749808553768242,12.219187612118928,14.136065672921106,12.299608367211794,10.78181605786085,11.075267711087413,11.430198789776668,10.674377968777781,11.571527601908087,11.957884711658824,11.184327658387303,12.22299366152805,12.582103271037335,11.088205285694286,10.979015972303307,11.52658667998469,10.213909871552294,11.418336125819577,10.403684399374159,13.713851811546508,11.933145440790964,13.60536733528842,14.242249420155655,9.359146112333173,12.78784012802593,13.495113018414246,11.422211922381237,14.564160961333824,13.116643572226169,11.211636168153392,11.678713378051055,10.820827507373433,10.032554850792106,11.140102522802016,12.92437093186638,10.79006955675457,11.578911611739468,11.554326117038732,11.636691405397396,12.199693625711877,11.449224329199238,16.268386553163115,7.281802069233811,13.98586147521501,12.300368511482429,11.639578216506735,11.90362457850057,11.7570138865191,11.67724852911804,12.747301808598896,15.630505199017735,11.758976875439936,11.411580180668308,12.34688387616821,10.708867488509938,13.135781885651147,9.198170567723498,11.201342003581962,9.905744310994839,10.305315556733506,9.399049004782803,11.628268499737201,12.16250519324904,10.967379287047232,12.372699679725846,13.384790736695999,12.22369567920332,11.390074306370124,9.922428880048836,11.758115819776839,10.699141364301676,10.44726076608767,10.941912320968898,12.196187456361143,12.521441171998566,13.204922411104906,11.416903818390619,14.150591241276782,11.173884105747163,11.03995054927857,10.303885658150135,16.150220946125362,10.924921658214021,11.790470294006493,11.89883268272768,11.886254639729213,11.192351084040562,10.438653288004192,11.616094076439088,12.748726899371201,12.151623750510423,11.990821651709465,10.71162177492743,12.557370050769785,10.608063625576703,12.763264138089573,13.055386389079304,13.893727853246363,11.25562909245491,10.90455549015947,11.406931369524935,11.188638914376497,11.739686509189399,11.468272593358293,11.835835089178191,11.413434240643097,10.38294700403576,10.406877744780934,12.055649624570556,10.71272599049237,14.106982534265393,9.03087021059701,8.71395061681371,15.144195134225098,14.026698173388196,11.521016638968955,12.593431101059144,11.425558211686822,11.451870992293822,13.045859213108601,11.794740640112888,12.180652910600537,10.9998736380316,11.616781661448922,11.667408502620201,11.990007914116847,11.1180764677246,11.75391140126664,13.1586813589801,11.716516460089583,10.447683709471125,11.186025033502474,10.13782218446874,11.439695313248947,13.913038877041444,13.599846394165702,10.82576885916617,12.436427264950119,11.782663061890918,11.395243052879106,12.664319214289607,11.656550074401109,8.295340408247128,12.740011038906554,10.796169382236574,13.094154905365864,9.950650415666727,10.461101298179964,10.446484348696211,13.320902238721438,10.494236352327079,12.56810258069764,12.040823114226049,12.160421544119068,11.437677399738712,10.095575522266975,12.790989087975547,12.706250107158786,11.749230978342343,11.720792192317871,12.700348427762153,14.405993331061756,9.30657137978984,10.337284926487053
2047,10.175499838331472,10.776645363794394,12.453216750822637,14.120672038067942,12.332884454856746,13.03163741360439,12.440152733384267,10.869998863857726,10.638985318982082,11.556943371001145,9.596454447783207,11.218190060037637,11.592263416751571,11.136955576098483,12.408178105383469,12.741211594001433,10.716312563613702,10.691627962757714,11.12251047142174,9.566075314322248,11.549742667125942,10.270579936063807,13.467219088388529,11.565393967149053,12.982961737915225,14.107751763709219,9.446290077297421,12.33321172663051,12.823422692392182,11.010554577345433,13.88422956771177,13.242624530973645,11.351191778707767,11.259605171887776,9.758069685133904,10.170427409770046,11.182602298324523,12.863969963367866,10.566057750712273,11.20369028324342,11.243940606956249,11.78108439414317,11.764596457593143,11.543256046088496,14.822430133819582,7.421815017886136,13.20590664997049,11.919317419276291,11.245873072953975,10.8722653625452,11.90555123174968,10.58788558030906,12.885767458644493,14.739050198508348,11.43570693128783,10.97952724669291,11.906404084161574,9.6744555686803,12.369530684598116,9.30858377650704,11.029894669702196,10.047073780862698,9.832029985344931,8.804512880742552,10.577303165711626,11.712599797093356,10.605346184385855,12.49543796900822,12.790356414473578,12.335164704238595,11.14608795940876,10.002649237118337,11.301418255204737,10.476264000424877,10.419013563057648,10.570938281714916,11.732400598044952,11.948570626099475,12.416303019403763,11.101105998999074,13.13024762596773,11.297811647472171,10.790489314690879,10.397910406732043,14.656775811444156,10.463193106829472,11.386692490266713,11.882178529449131,11.452306901307212,10.917896519536557,10.211715679129835,11.092220261045124,12.800333406614218,11.80120213491761,12.120356739215227,10.859550777589904,12.712429108665047,10.703370656899134,12.874721070022682,12.529552152299365,13.180196942498341,11.38200866852118,10.999514820783034,11.187787801027298,11.2195475321749,11.885611557928119,10.450894495745636,11.380450768639214,11.516550896831019,10.46277608090769,9.411465996026024,11.50954952479705,10.237571709910812,13.330711596361969,9.11188650548296,8.033760789953904,14.461252974427264,13.14973440329018,11.251051681197207,12.71980791879089,11.609554191373048,11.13668308682416,12.365196696037184,10.828753295799963,11.723904036390392,10.620893576060954,11.714334192969229,11.315396072100041,11.584895257514132,10.582606259126054,11.591544532905457,12.722277649232879,11.836918977615623,9.9844416273029,10.859072720712943,10.277332439289795,11.032527191483455,13.054127874095805,13.017040760620779,10.537655703207156,12.036676738897096,11.356306980404517,10.94315392928927,12.824860287425311,11.243058257452825,8.218510121916948,12.861024348794118,10.335078752883105,13.246203808518855,9.482751380247269,9.86821000079584,10.162544831471596,13.2153748349975,10.62328941615946,12.119465774532571,11.67598484764281,11.656443178329779,11.543527517224783,10.201033693616806,12.91922049775072,12.505079270057058,11.929612512335824,11.752776817135189,12.199923041317131,13.402789631615518,9.448922504873382,9.98158120558314
2048,11.159869873653287,11.972705564421153,13.467278131000375,15.148638707140222,13.43404356608896,13.86315571954069,13.704775496831406,12.244451620251589,11.801699545396415,12.893897336280057,11.410232464904373,12.364027374950442,12.524346681392716,12.838618048912155,13.688768559337959,14.048549733327135,11.810692301586919,11.691811069846155,12.341695859704329,10.930692462832667,12.831050489583742,11.069571960231531,14.740453336873784,12.481300934440581,13.673626070275258,15.41696050536373,10.816857542923614,13.344252674658177,13.338983124526946,12.232289135780025,14.904074839923693,14.165617916085155,12.640010700844554,12.486709108495194,11.511887482488936,11.495684254752552,12.500736236086361,14.416859779830862,11.559676638763886,12.382863490356378,12.449793284030065,13.08721709073238,12.980495628779352,12.899293164439177,15.733711192141408,9.017794904825486,13.793926057446262,13.07659993381442,12.4282265363828,12.70571331193914,13.272195438408984,12.452112312712101,14.071937317980218,16.244638094638034,12.319947262092132,12.458377930133237,12.983504556443386,11.428723934147026,13.349105010214059,10.771612925050052,12.24091377216594,11.611734373252032,11.025681631720587,10.151329019633328,12.308513858396077,12.959823561427383,11.710049232872935,13.667250224429631,13.364963683907105,13.619985964959085,12.394097218694894,11.352408857287273,12.572055027212787,11.400352687291475,11.688196179821437,11.674143946932064,12.900481670447018,13.190896893972935,14.30209593474865,12.211401467090065,13.914009982477069,12.679903560196578,11.8006768213666,11.752719412355322,15.570482578938423,11.688940622884289,12.650266540360779,13.534597573396956,12.747980075685874,11.926570864151353,11.097084321729518,12.23931154722105,14.278222841575094,12.722001594207857,13.385716588600822,12.396847827279052,13.776059572463451,12.051703705087954,13.962296303361654,13.71326269015022,14.043614238176664,12.600676349202251,12.345328861847522,12.366595069351408,12.511869127983635,13.20261826576746,12.213163039606552,12.6995512318352,12.872811004195526,11.784651336786542,11.114571169261698,12.662731981147893,11.42084265370732,13.896620129113614,10.489610013916446,9.681363801674351,15.555158918318542,13.836718787965568,12.06864366453627,13.764912328480383,13.017171970204169,12.397182944514187,13.315718690986222,12.513967125960018,12.795199363775875,11.77444450316303,13.034759603602728,12.416513452225406,12.763127903332531,12.017969972089583,12.835026380970426,13.708816419962956,13.037782922285896,11.172593548246052,11.923913902866289,11.564268843635269,12.251448619300904,13.705385045512863,13.50584547092085,11.538604979221104,13.024519662980158,12.650311181969618,12.19988349209661,14.093643204673477,12.40087872389299,9.700149264267608,13.982547383593479,11.523751726131074,14.479489222816799,10.682374310801213,11.442030875174252,11.083460180817742,14.322999563716028,11.925811134602714,13.185543113428617,12.675765666462805,13.039671983893799,12.860350572220655,11.565319644611172,14.162571594928918,13.658151827874065,13.325781758960703,12.961897384496814,13.3231231926576,14.156732460888836,10.808542550905893,11.097917928522373
2049,10.136354445763253,10.798149818392552,12.675192689766057,14.144397430445839,12.283730034432983,13.405886538650678,12.518806861308608,10.928475653145302,10.633319443101875,11.582024496686445,9.675307877847677,11.277576380869908,11.819563108617848,11.283430392732441,12.495443820305493,12.800104610297991,10.763100441059342,10.75418475432241,11.172929302647546,9.61179480863654,11.626126384362578,10.336555193299835,13.507259611526262,11.807933958490255,13.29132066829049,14.229769009610886,9.563325057859009,12.57237434597767,13.101853537170783,11.094410046651635,13.939440457190837,13.262526807577718,11.412442340799,11.330606732031576,9.853585167545019,10.218118594716424,11.267777664343948,13.06843349151314,10.61622847102421,11.275081519766346,11.415992054987054,11.866584259692743,11.818483678138126,11.620988201673914,15.076556949511815,7.52875122492728,13.527182830173686,11.968260685791785,11.30827701116062,10.950669014421491,11.990379870261835,10.680317714486435,12.888748527362782,14.882768082553923,11.688052939817958,11.038317044468034,12.112170751975935,9.78758491745786,12.67133958875354,9.412139086336223,11.168402612614242,10.175094094613328,9.84816452779848,8.843515445032846,10.728991240910865,11.761376285196647,10.648321902784318,12.49873683229089,13.123267973246785,12.407020278113043,11.256873225985581,10.119894260803804,11.37687471822795,10.541697644993018,10.513116676522339,10.541494657002067,11.871396714578504,12.212579078567414,12.39187467098236,11.169439388358077,13.494072450810801,11.352046300110448,10.798292921775063,10.512851277123325,14.921226351157479,10.580935971406491,11.494691175692102,12.036540257542027,11.550505047907,10.980631294781752,10.272595604800658,11.328916923345433,12.961364858176395,12.037395265439283,12.197148466523249,10.970340458676217,12.755126327600168,10.788236851257313,12.835453278992492,12.783176375391045,13.4591033630397,11.416522710867552,11.094471810426075,11.333315674863433,11.329987730345,11.931302286684515,10.516298435790386,11.486547012286994,11.597436572303595,10.58114055260692,9.50756564776859,11.766711905436674,10.240227223935781,13.561230947101569,9.239670291543005,8.10637841311931,14.510687398521796,13.488916763833359,11.493378082371276,12.729209375122322,11.7106352529448,11.203982723795846,12.625054088461656,10.882382053962866,11.95114308660445,10.827211114780415,11.75289757420187,11.310311209572395,11.628457645197278,10.688538205769403,11.639954642433187,12.920296465573104,11.862060955258688,10.000690333180778,10.830283504303384,10.308404593687996,11.129705634130085,13.385888632224946,13.326146080442099,10.597505120479543,12.265573215549404,11.47850162835549,11.049583220570954,12.85783133175953,11.229469601712802,8.313969208494484,12.827331302120632,10.340231623500584,13.300949118383553,9.500991635469967,9.998413549493188,10.205352447603062,13.217914002178158,10.676642454836683,12.35752364777348,11.92084744928972,11.71815835490175,11.608338339821149,10.277567228545314,12.96820426497446,12.544938691122379,11.992042690009367,11.786505136233954,12.435091836135019,13.761955369547339,9.536393617927706,9.959195126488975
2050,11.689517772877991,12.6348551060478,14.221448040364876,15.682193942691969,14.364326006773377,15.015015615150332,14.668656817272954,13.264029745741382,12.469885279626952,13.934903068063054,12.42270795741807,13.004976617091378,13.217219053403193,13.727225506334037,14.70258278626463,15.00282156597013,12.483066540494887,12.27620963152984,12.99231632928486,11.677432537402794,13.786562458976455,11.507607441557491,15.59548300132156,13.17562405246755,14.53678861130839,16.201148436121322,11.872676098719237,14.064867511877548,14.192053743030714,12.893005522636132,15.481361757801926,15.095991045236593,13.575856992731927,13.208857678767782,12.399181492788639,12.452968751971165,13.554233449956643,15.394712464317031,12.127362160498034,13.044494893887771,13.257368135873396,14.107634115478264,13.581450377631446,13.895571697989237,15.914188841114873,10.297073606887592,14.792200208601098,13.691351977055485,13.107030267138844,13.6485087029312,14.292064353823662,13.366977019478451,14.989172552266847,16.924545365183253,13.077684082738731,13.358888202873262,13.747834697689699,12.338734223709809,14.281359070992988,11.817040271571146,13.12988063490585,12.713070462822266,11.694627511315048,10.886072227042979,13.162651552778225,13.659199455226569,12.379518799848206,14.581158559688404,14.17093654948732,14.607844419129517,13.241709962487226,12.457242417108759,13.391052055699026,11.954153214135896,12.581768408012781,12.313017164235527,13.697802865958735,13.986465379757727,14.698830160757772,12.820179780013861,15.009040409456132,13.705143615664186,12.373013824224472,12.776427644993305,15.748815401740694,12.36555698708348,13.354751608860882,14.511406704095076,13.473586824560618,12.51812970000016,11.635933103606753,12.94972686054509,15.251813140090393,13.457978714581419,14.363060359397664,13.529963713868156,14.735631137114504,13.107380049789084,14.839439090179363,14.513922019051801,14.893789072055371,13.570211128048275,13.436972928192958,13.163909184948906,13.603896027592858,14.178684119621044,13.118557526466804,13.440518732709082,13.884302088383425,12.899439539112475,11.968794111648336,13.421738336915558,12.095469817195255,14.728254055928279,11.573483679119661,10.686742306079555,16.103311862634577,14.84936189258714,12.762879317221435,14.68096661381423,14.132327493766084,13.14008271273064,14.207144205822898,13.366335650339074,13.52861711318078,12.538964615102214,14.033792269335175,13.039428500701552,13.413445870837439,12.896545382945433,13.658675071337951,14.391034902113933,13.949505739561891,11.830755457919823,12.528575511892202,12.513823896970438,12.930223934595352,14.714741540667804,14.375997890596805,12.144623079053735,13.788406854090484,13.36351455084008,12.88477549325351,15.042817999811277,13.047958190026494,10.786794531928459,14.91465377224528,12.198095188152207,15.401911260519663,11.358606929253058,12.420840658773873,11.659507078483056,15.135737012261934,12.900025713864878,13.945115882741367,13.418980223329172,13.819780120383138,13.954204650362955,12.576978611152457,15.110078459605573,14.471647659154689,14.307086549051432,13.870666440414343,14.072325598610488,15.284176876120599,11.853556636234993,11.69206419664071
2051,11.411066278167395,12.268956336962143,14.043041610199472,15.661157610623729,13.755387625778498,15.180283861315772,13.939664900626825,12.104228506269662,12.145129979304645,12.822428537451708,11.377391952535383,12.586799453781996,13.05392137331807,12.48012995136821,13.954401171451774,14.31534807068174,12.046540895962845,11.863973578033244,12.583360212004706,11.121286181652026,13.043087089191312,11.257410313772121,15.127593793946769,12.964613954658097,14.518088523460468,15.677710810433263,10.65815767969774,13.899291883182267,14.245771677597704,12.410281855451023,15.440027700818103,14.478066773518277,12.81965842342976,12.716098718993043,11.317594575493237,11.750072582422396,12.430046557084374,14.595655454241713,11.717013313070588,12.582265060233032,12.889315037137788,13.274376581944328,13.23721559329525,12.743497292956583,16.61349097023839,8.870049656976178,14.818573283760447,13.334476155917281,12.691978092102904,12.66622060019037,13.504199054011185,12.369585542089268,14.366806834045315,16.77157671555229,12.844553228953613,12.390259944226429,13.503979770466685,11.323437563427122,14.25359076941791,10.578883085480854,12.634922428380538,11.366583215801615,11.363847069604246,10.373731294646857,12.06353326295705,13.222660997801501,11.927532320072794,13.950134482396686,14.216375419627068,13.72662260336802,12.431705598962369,11.219918809183268,12.982042171061037,11.51941514403924,11.99547229520977,11.994654423071312,13.357496126838353,13.807743341702485,13.914933601151342,12.375991169201296,15.13087789422792,12.528162084519863,12.003752913953658,11.612167316934341,16.506360289843187,11.836696710923446,12.848232450773535,13.236411471749937,12.994869502990142,12.06781903492368,11.230306587789372,12.801457237148579,14.51807654981056,13.26025392212298,13.616170894192612,12.231374798261601,14.061578179183213,11.925326670641487,14.278385034721836,14.353391107495712,14.916736966241963,12.863550622846283,12.242361013656081,12.7721324644011,12.447523255711017,13.467398030278476,12.188969997284206,12.943152672246748,12.71895836973968,11.653548841729116,10.97308224018501,13.2183449620624,11.758233984203445,14.914895962761799,10.32736456458983,9.571295194651771,16.07350363420404,14.954755831347864,12.539921125640042,14.06579466099325,13.279124259300852,12.547498909999495,14.090875374477195,12.512151902460534,13.35543623356068,12.254026151707642,12.969955151009822,12.703714202279627,13.010428686990684,11.971934118348619,12.91383882944027,14.279649644442227,13.302217085724296,11.494194712570827,12.226787716798162,11.811646701444108,12.439087308781305,14.79203075753606,14.378013289493065,11.700409760131787,13.590164585605908,12.837215354909064,12.377022238832936,14.389160753754172,12.747358133489994,9.568057565585429,14.303884307651415,11.869710451882819,14.758399718481561,11.022484205339264,11.23142728824978,11.257141260997114,14.6746837678163,12.169675371245203,13.804878757375738,13.248848028076084,13.330562939786395,12.790262945320297,11.412052242814202,14.429100801034465,14.033297445949003,13.603925606802754,13.258005757370723,13.926960248014206,15.391169536372894,10.673972187806733,11.394889345493818
2052,12.430358491190102,13.651061720822174,15.428864575922487,17.52348843087321,15.126853254178297,16.676181884563494,15.381445928760199,14.002439268176323,13.353988053115165,14.658131432193128,13.65498313566913,14.31859501402916,14.314207440485125,14.807863638452863,15.436695278986639,15.790820157398354,13.773528213005351,13.387954401257245,14.419286395382624,12.670578315530134,14.497183609348928,12.709618922161022,16.985034070585083,14.205284365817256,15.693025342148285,17.49110176252282,12.521010436684543,15.258593492128933,15.241669640592905,14.228804358969564,17.28265134342339,15.613310089253861,14.320844252107912,14.618451816232309,13.52058573358733,13.282834891067901,14.258335072304247,16.55959664349971,13.003458222617276,14.376243316649424,14.406585565363264,14.819752092351733,15.039697470852058,14.580785117395546,17.33361029624939,11.109841429389274,15.985612015361376,15.042899813017119,14.471206214278931,14.96193388590346,15.060355418726152,14.699734355059812,15.759394488904789,19.393683993298076,14.083866649671744,14.340930003186934,15.022218909438536,13.506797109285127,15.734238709687544,12.558402915687669,14.15012294066179,13.457138619993044,12.595088937076861,11.855731967026777,14.20243445249356,15.150224615374334,13.677962405364156,15.340158764434898,15.432395126508629,15.281053326700043,14.230151966538124,13.086437179909455,14.9781714823178,12.93986628301766,13.507145548178615,13.15432061473637,15.116050523260366,15.42260698391043,16.256998601167105,14.057309578294344,16.558872725814584,14.431996042637724,13.269483033243727,13.437585081905134,17.201720331026163,13.615188639125098,14.710801890970245,15.470507765958166,14.905213856988633,13.605740872900123,12.598111178563986,14.289650720098747,16.29819446542989,14.53042803445588,15.064464278843094,14.262569099745678,15.328723867302356,13.777119125037089,15.615221247724865,15.922630217088306,16.24996135027513,14.31491531885189,14.08885682200122,14.241708815421747,14.255391763280267,14.980205399186717,14.409528061747551,14.883344374678057,14.565046069414723,13.493761132268805,13.089684818263935,14.724022013985593,13.008350779261926,15.99699083092096,12.21842650615651,11.714058215426203,18.05828367691973,16.21813990888388,13.677321138589278,15.31745560791182,14.89852723867997,14.396766348053577,15.556291837245226,14.625449093139695,14.785665871899413,13.728623169271842,14.766435016270565,13.96856308242549,14.803890646070887,13.803028424796851,14.712513452233827,15.595520685224429,14.696180035400648,12.723566465930123,13.33255851009618,13.32158664743538,14.246897710082328,16.002516944771227,15.374990239091543,13.26201518649316,14.962053486510468,14.726252892095115,14.230875145737588,15.855766977952873,13.954471768406417,11.575286725050079,15.671227102694306,13.094863753117945,16.16782598910125,12.269259097297557,13.285768406668113,12.726330005280351,16.18283846196921,13.683414293372113,15.232017693798179,14.596886200425415,15.481384604197483,14.626444750505945,13.273457593567993,15.84947264129701,15.664258553929951,15.17930299351397,14.756836655023308,15.410658259916564,16.7937668600808,12.558476694069967,12.568778605078876
2053,11.11521874860172,11.857941625558809,13.05986156622353,15.123249282007635,13.041156179879025,14.219585954981008,13.177565606634904,11.811040402592527,11.860076366964242,12.4409347338521,12.023530654123299,11.726845440171335,12.104073760788081,12.597305913334308,13.158774873565722,13.497182426913438,11.224858702848792,11.101921213061914,11.675970889303997,11.134293257218342,12.292823648687616,10.95164035584616,14.446836761340663,12.085647838595124,13.736923480811326,15.619004726409914,10.391324750755143,12.957216605220154,13.56513483368832,11.581431765271272,14.936684887046402,13.8421697124191,12.112758029515494,11.83108627278884,12.017511155294335,10.949770905077457,12.109227222916873,14.247969973346466,11.161000711114513,11.737261221303767,11.978119142515506,12.558390423898464,12.296265223670915,12.450727843466906,15.829207093819328,8.492394182750067,14.064448601525763,12.465984257019088,11.766428758471232,13.191668331461111,12.68950929913832,12.967137883214852,13.618200353306278,16.135646711711,11.905742375099141,12.459571153573366,12.508997638203692,11.9692567415414,13.263674216587907,10.240204541903477,11.793458975557964,10.975174620038954,11.082173533413725,10.340544368261883,12.76944177346709,12.295584597665334,11.080135053266648,13.228481939305427,13.679913640022278,13.118586591768848,11.893144713795706,10.976542442713093,11.928579447345566,10.79938313733462,11.182249603874013,11.693035364717895,12.350447232511055,12.671710256325161,15.301146631655488,11.579386315187032,14.237338417574119,12.194028452848618,11.496112760318363,11.330641358291086,15.68131482601166,11.080190183696054,11.92860004548793,13.267189345911902,12.022562531349456,11.303647684014367,10.531046377090009,11.769649686372803,13.940604869924162,12.307939682317818,12.862861070417521,11.789170793055192,13.374691416387973,11.650350765446605,13.584658086947778,13.212714242708426,14.019181300116625,12.164125008103635,11.96748067665359,11.867898544539578,12.158855430133967,12.659289697590081,12.73621440322503,11.97153516939801,12.41403524771981,11.422829726184514,11.595894126545476,12.221183135133717,11.489990445582762,14.149313924105275,10.066243353299798,9.922631171777459,15.528740539498951,14.12734045209768,11.6534323795982,13.378785484834863,12.432231678263001,11.796975683906807,13.240731951568035,13.005721645672685,12.345951436877089,11.294095079212084,12.611320161058202,12.288302479959706,12.140656861843562,12.039394249734672,12.33004563694577,13.321336656808855,12.572433858542986,11.202114792945592,11.935624788960682,11.047526689651223,11.572938403681569,14.004479127004743,13.722613915153172,10.951560646295551,12.606727762066805,11.926006478136005,11.527002600062156,13.584361880562149,12.440906783970801,9.39317416577883,13.570571531835217,11.578098521527394,13.982088179044107,10.745899051427841,11.557195949003749,10.550024974605313,14.02831723059163,11.421172576106116,12.719258193655506,12.189182799147526,12.32221346591478,12.515453605224263,11.11047858844066,13.665644593212921,13.394033922773346,12.735671679286856,12.556800600444982,12.862677524352208,14.498979285804797,10.268049687228128,11.06225016211038
2054,10.570396946176237,11.495287879005724,13.491362299932087,14.514708658923274,13.16033741742697,13.848236677115375,13.378887512275709,11.702005692474222,11.216109100243322,12.37482266209048,10.197591144429605,12.311907784770368,12.531156615394616,11.748993690247124,13.340969620616702,13.684813154132465,11.808957756780414,11.646968697455874,12.292607844685731,10.17121932396422,12.502385635495834,10.647826715332016,14.204623108324798,12.48557776455646,13.677010133862495,14.670488726833595,10.286798652747404,13.325415000157514,13.366210483986404,12.166508122276438,14.291142461092576,13.971866838310076,12.282703081874743,12.467385007554423,10.337720683249449,11.1590885941911,12.026092175556268,13.693704265210291,11.224787966712661,12.344892346583633,12.29482072377173,12.720480987669285,12.919985773041846,12.353194296764938,15.894355693589086,8.417914979119342,13.824905999328779,13.008231285473574,12.384289019639887,11.438077590225836,12.893579277817322,11.201425998755129,13.754940924518136,15.260542655161217,12.362253343929423,11.615700966587458,12.991882014857696,10.24493724707028,13.325441433035811,10.185846064057527,12.052235801906686,10.955773304338042,10.450559764452604,9.412121586987508,11.127127624724224,12.938591261677768,11.689284080153579,13.36072205071864,13.284899944844451,13.227991801079202,12.157438055490672,10.852363529979534,12.586154992428975,11.325491361805927,11.421063990575142,11.086391682048207,12.925220907665791,13.145686797149803,12.51453190199707,12.158336505293846,13.891358097367313,12.116667961296825,11.429107340457643,11.220168510208966,15.740730868733442,11.60488009529755,12.581212268251438,12.542074501514437,12.685430894403357,11.860151427797973,11.04005043953657,12.182511286956828,13.690884458144076,12.74680583948351,13.065709641932143,11.786595463428808,13.514516324128794,11.51709473003512,13.690794386617517,13.689693022033447,14.018090341969032,12.29301045527277,11.822646700817605,12.198411923833193,12.0670921381401,12.825476251218628,11.024339689346759,12.641161926576626,12.322218945411885,11.294551144475525,9.989380362970024,12.61339959360497,10.843453022286946,13.903114391409833,9.972829200408386,8.732364247836498,14.858574400777407,13.839647458137375,12.095602774506675,13.514764829012362,12.625583974401593,12.228731319632217,13.222287505217222,11.358135230515314,12.785158718409743,11.680476705989111,12.52964792961417,11.940561673401493,12.731211366837988,11.293360146805242,12.554988287024853,13.702395354093905,12.720103403796323,10.580013909741592,11.330560942706851,11.23812848698024,12.19152831010845,13.71650282957632,13.530060612637063,11.510538154889058,13.05422961711884,12.579299927729627,12.139077930022838,13.751569450225519,11.796290781591898,9.062701623076975,13.702878137078628,10.941134956047831,14.152788688307226,10.10021201853195,10.566901590675116,11.061443461753106,13.934751118654795,11.589042015616663,13.189727951974975,12.671644298926644,13.027896158073261,12.334573241882026,11.015992163154094,13.834334095292117,13.218909522027548,12.920663508951016,12.612448796629907,13.296129165075556,14.166131542752618,10.253859459705973,10.458267343109066
2055,11.741957334234662,12.667788429104766,13.926396088634172,15.951308427945433,13.941992012783883,15.085971045429297,14.175549429719863,12.607990833080333,12.506606122235887,13.269789127551988,11.890484695039367,13.034752958008779,12.947019458464954,13.141319201935245,14.208812482250126,14.538017523839422,12.502287228308296,12.27636123266395,13.081907048457019,11.585864957260052,13.266976663761813,11.842611365668157,15.443118410427935,12.876826471122714,14.468961118356043,15.928293579298517,11.171243446514659,13.795479125302773,14.183777099070342,12.915362964667706,15.724449263966601,14.630784659282027,13.07748966113381,13.22567553818226,11.876866888943253,12.018398548597874,12.889617130808208,14.92620041375251,12.103156829657765,13.06344420068047,12.899455157635005,13.561757048834927,13.72980437832682,13.214952497540612,17.13506779463395,9.481949473204823,14.759776320146477,13.74363381245538,13.146704730294323,13.187392335870994,13.768653827354962,12.954551171025509,14.557872850285927,17.31087786307478,12.7418375507645,12.867569357594581,13.512674605716832,11.844802232864113,14.151929218807949,11.1339111522488,12.725268651609836,11.953631042786267,11.762125428158628,10.816504697760813,12.62236205079978,13.758428060004245,12.406279082369547,14.138532807483621,14.245973053185836,14.026901158463696,12.92131212839614,11.722167085046356,13.41074114203777,11.919832806872284,12.168080819689706,12.346674765703149,13.600718210248843,13.677998031611033,14.614390981100174,12.825117996124472,15.042956056680698,13.024948583186973,12.365747351037417,12.08935724312197,16.989885571210284,12.351081395926686,13.339125481312692,13.832678240278488,13.484393782913685,12.488737786419021,11.618558660797452,12.689300179481508,14.804981724237619,13.145452874307725,13.833598669132465,12.78240518081609,14.261961209871192,12.402760527947029,14.451689649373293,14.221104267498719,14.826916555914547,13.070538476757381,12.706301810827274,12.817909460352814,12.909541176065154,13.709111377758827,12.707674540903257,13.442950240295866,13.189483985628772,12.15574019458955,11.51332995538478,13.109940139495809,12.145049000887767,14.814072794888332,10.863441775674403,10.120331032768538,16.39489696207254,14.888219997610737,12.436935437762225,14.244359981268644,13.567051763119908,13.050247557519475,14.056163304363906,12.992750582811627,13.240997405014122,12.217080232241882,13.403596611551778,13.063185197989581,13.488432875955882,12.489391032120455,13.375751053833445,14.162326938128503,13.491239337007634,11.895866569536535,12.55549250194884,12.058443816459702,12.927320453905217,14.722035608942747,14.372063406135725,12.124440573884737,13.486224459038807,13.340387544716181,12.89290114297815,14.603553227108458,13.088115049647572,10.106261188893217,14.474608129295317,12.24869307357332,14.962731425366977,11.427226106109826,11.79213147610426,11.658899397629762,14.90456908536346,12.40551589267409,13.669150247360058,13.124513223700376,13.918229775300821,13.223629517399749,11.905630684741164,14.616079854981407,14.284108912207834,13.868944700969305,13.487318130938903,13.807505526397707,15.302659832912946,11.166669247914916,11.800739851911835
2056,10.95702392154414,11.70851072733817,13.535247853728082,14.663697190906696,13.55461561385259,14.209246022282572,13.861195849011773,12.071430312841628,11.520978530767655,12.776357387395011,11.259949987551767,12.190601257688325,12.59492756697633,12.439466450444385,13.877616489225108,14.187231772295807,11.64690777367872,11.569190833879555,12.120519750113802,10.66445948642112,12.966727675647354,10.968393849289935,14.54627422761658,12.551099480008299,13.921520362729614,15.224895495435465,10.671050127109755,13.377489178077035,13.643432376177419,12.026941496230986,14.445235363815142,14.375922028137294,12.739033195838008,12.296586456020242,11.243430217035854,11.60661480834951,12.34444652951282,14.322330260406375,11.4210867797551,12.199931229748158,12.461571798847135,13.21932306258089,12.771163051381059,12.742817750605555,14.981445426526275,8.921844295752441,14.212310371191608,12.887998449251704,12.2331496556087,12.543642408335986,13.423749687878987,12.23611958519272,14.198423452351404,15.46081579573777,12.45705670620437,12.360195576496746,13.003314972085798,11.229273730484042,13.513514118188102,10.62295482105211,12.295644537181312,11.44527379650137,10.72812276260685,9.902246235707855,12.007422948984999,12.743055053379223,11.551864227462241,13.78440568478697,13.582954396372259,13.668212180132171,12.226159317904841,11.217875762559151,12.400842606049517,11.311374083161356,11.764148730212696,11.426704179900495,12.823191514360191,13.184221027985865,13.557703557221785,12.057255862766631,14.265651697859818,12.52012895723886,11.644269184573837,11.59801971143031,14.8366096071575,11.488633320727592,12.45511949191923,13.210878793960035,12.529783182413036,11.816118775178557,11.012813692507537,12.229369153957004,14.305386037039368,12.829193831259468,13.537982984243527,12.284622139580877,13.96781047627978,11.896454091710241,14.065447604465907,13.739197384890007,14.215554651075408,12.714692059418432,12.195767961138776,12.426188052247237,12.38216672691962,13.322248724815642,12.077773178482188,12.4734738741232,12.712246896557353,11.672912775498371,10.875362118402416,12.64709393097007,11.133964493546797,14.15767476351365,10.366682991223495,9.508347216021752,15.028105536232824,14.167103616945937,12.207731857247975,13.926484581892906,13.196895060007988,12.173970895110756,13.43476628933264,12.398817555250034,12.840659504027473,11.814675381219862,12.907006413716337,12.20709537220714,12.541680876408583,11.775727254095612,12.647425142967185,13.731629760895412,13.153748124351976,10.883670962759822,11.703482434477497,11.675651825316574,12.060683583638266,14.044659635942915,13.849738237650499,11.415700320478365,13.111685543948704,12.445764824100165,11.991872368137473,14.226685620196488,12.132558353245264,9.578620361791844,14.11278137240721,11.227984377061544,14.62053023699833,10.398573366682166,11.216385433855262,10.965809652986733,14.24832843308864,12.02945966287719,13.241955964461614,12.768190980929399,12.792016340121021,12.70007575497679,11.406819142578373,14.29144050942167,13.515897173758436,13.456094995464966,12.987375223766206,13.33436853122776,14.538781483536182,10.73001874564722,10.840278760894488
2057,10.592448681754911,11.367215730249882,13.329415661890222,14.21498198224151,13.130803613882998,14.115997659123462,13.277897952691363,11.539072746653916,11.149246097906774,12.24107132461327,9.78950259761642,11.957318985794226,12.411501351096058,11.564876760477603,13.293137356314976,13.608525254156278,11.44697911810616,11.352103638624692,11.868046911190385,10.02075218376906,12.385905380806197,10.47174499993739,14.053925071073616,12.405789422762137,13.819639894625412,14.409297243732471,10.149149968977207,13.211610904975757,13.557471017474716,11.791543713730315,14.03087399835172,13.936159584833229,12.151946824205963,12.060717320312625,9.95718324702719,11.025564160764866,11.895482594633235,13.44827223180429,11.13153972120389,11.961423963227352,12.142230437339649,12.624829961391894,12.489795827671237,12.22217140087615,15.985425430795425,8.22316503783931,14.071072216915047,12.622383814467037,12.004915473577771,10.921123344937097,12.835152399361782,10.705051291652996,13.698087788794357,14.889506520784417,12.287890054933403,11.289705021468842,12.798942303285001,9.872248167576997,13.350521646156588,10.019930195387296,11.931386594053196,10.798903807764875,10.357169954511136,9.25711781661148,10.787075060460229,12.49186913798685,11.336088758690847,13.308883475382691,13.440464628779372,13.108797208122587,11.91601475587358,10.722596200911896,12.202772290162416,11.098709167345714,11.299602428370198,11.045739843793536,12.621651556848994,12.934824973992674,12.182050809841202,11.817100955740266,14.159495762427866,11.981614741618218,11.335436986516351,11.09539070174746,15.838379885839384,11.250513323137296,12.198707671755036,12.399041078984737,12.278526826397234,11.585781991967691,10.808374929039374,11.992921638100043,13.538325885067819,12.640457772404336,12.965526085164727,11.659113864535874,13.482003707519691,11.398204794396525,13.637248232312826,13.49292161672012,14.074997856241207,12.230342589258013,11.711184221279364,12.055524339494506,11.943839005154112,12.787605791636135,10.541124064799236,12.223148433734544,12.204415746519096,11.173743255760364,9.628902139547078,12.446374028921129,10.76748263074652,14.04412867323212,9.820743034492528,8.383947706578866,14.552935916444529,14.077311029900676,12.04486284028415,13.472672621355109,12.599487011037448,11.89085167581621,13.24152268242577,10.892887801417839,12.61825174894994,11.518971273270639,12.38340551438539,11.857410723788906,12.312812851417974,11.079014380017055,12.288758655119205,13.529242966931475,12.65928362066979,10.499486693221593,11.328032091664879,11.120357152560485,11.82061708038268,13.963300318862109,13.759158924869869,11.211843955452027,12.92421142562576,12.187465707892954,11.75703902056684,13.672128658579743,11.75742829558642,8.846702514297291,13.656757083923925,10.855306702301558,14.067260634559004,10.017363782162251,10.294371988401629,10.789784763656234,13.810076440158097,11.501713360133381,13.008743216410164,12.55020834926678,12.534916756755637,12.232383086629536,10.887649555731079,13.770524380971557,13.06047225970289,12.85138814256567,12.512429116131818,13.104226608760655,14.429614699729116,10.090195196680725,10.444056127706302
2058,10.7977476217784,11.592824954377567,13.123653762852365,14.701621219677772,12.759283878395093,14.041014522091366,12.92625243994205,11.494628355392948,11.412980086129647,12.14556229584243,10.922038463652942,12.015193141786805,12.208991173776274,11.973738657877497,12.926236399165962,13.232904496076317,11.517631320525773,11.396687070960583,11.948182778675921,10.521710854833543,12.039655004668495,10.761723308844246,14.081030809522971,12.205881275560547,13.732624571932403,14.809333199068256,10.131688293069603,12.996868136055445,13.534440978065783,11.860289063142693,14.487113213085612,13.611710866832217,11.84196807680975,12.143008368980627,11.002621281568125,10.67300842192186,11.882299559595792,13.651978155517057,11.264799934690416,12.0287466187678,11.880989479629893,12.316838605228162,12.536126783360608,12.1515004288868,15.93176279638125,8.187194519876835,14.00117688464082,12.630205490019016,12.069332967431327,12.113899479701148,12.463401720089758,11.863013444792317,13.33453986728969,15.629529292553501,12.057916390699456,11.815316599996194,12.639930763383115,10.925167237934863,13.18538241730193,9.98896098225479,11.629785858499611,10.764400368029982,10.63922288910607,9.733317598072896,11.800491527856693,12.57522776309887,11.415047662413643,12.945632127831116,13.577836746430915,12.85746030080254,11.946094633691244,10.70969587961293,12.233835030104155,11.135868360166967,10.969611844392086,11.28205109452424,12.563718104026405,12.69317602560572,13.629929574935343,11.864531835460141,14.072594264279239,11.925248881397042,11.471353298782011,11.046407217787502,15.775889439427335,11.344788171027023,12.277737591577614,12.709200373891255,12.365941249077087,11.626028611284237,10.848325489979722,11.792182254402539,13.476761728201229,12.430632891943274,12.608322490705177,11.558980299362346,13.13798956556813,11.3636328757781,13.282743518392596,13.254334287636956,13.931147641461825,11.863481175154448,11.689936727609323,11.766792314532006,11.931296514752116,12.412170985470647,11.66815376508495,12.311500664638436,12.137450654160881,11.162208541984798,10.602252915967258,12.221914469547894,11.048014443529691,14.004364009136742,9.810868882857589,9.110229329246541,15.096195837077888,14.029909407315044,11.814686613562314,13.128107731918929,12.201765143272022,11.93949994509635,13.129075921747996,11.978880193732355,12.392643682172768,11.254678967530317,12.293426081052289,12.039307852964042,12.375411190254528,11.518021243745865,12.283914794821454,13.30632660262611,12.298074133582817,10.78380702921878,11.547219062952891,10.762699575446872,11.892156594959285,13.918376767117042,13.745460356059285,11.256909518786104,12.706356505175007,12.269093177078862,11.842049378091874,13.287214137937712,12.00830176213513,8.989481675883997,13.288138254505139,11.133540658523208,13.696867543394154,10.303290549847905,10.882492814375011,10.848896223241866,13.703831916426962,11.135043481283862,12.789176380342766,12.324808261964632,12.62688124965391,12.19283068277266,10.832891368671604,13.386028563198836,13.035723103453284,12.462303898904635,12.248702648379235,12.876737511190386,14.354527284775902,10.033223799551312,10.669053186702989
2059,10.959479916354887,11.77420487092889,13.32602302296816,15.897979345010674,13.215379048948703,15.082866090866135,13.411133662190132,11.874050654632887,11.609835926929247,12.550071382652158,10.753292275187764,12.223087442309964,12.39592286215528,12.475596510683713,13.388222414352324,13.744139084470985,11.69356619639565,11.560404633617269,12.181852849767262,10.617559295228643,12.525724615901709,11.157478011172753,14.92447165986928,12.345875501146788,14.354124380194623,15.559624827426418,10.439707265660658,13.234486447809187,14.277534422667127,12.048746964327346,15.707574602054512,14.020172335531406,12.324143391588462,12.331988288190864,10.834049580699723,11.195886526742708,12.159261066780388,14.381257751713628,11.370564377826188,12.217127678510938,12.248568153251775,12.785021018074909,12.83141964155695,12.518022730478348,17.093909408735197,8.610410591182504,14.82106713367545,12.92864728046824,12.294423508579316,12.01489826194618,12.948651928292671,11.769449376217699,13.81075934937183,17.230462354162466,12.202310481797092,11.989922797712298,12.832838605461726,10.765903425443438,13.79582099956663,10.37506406673271,12.000989021976357,11.152416617771527,10.830794625956079,9.846297248550085,11.62078455155311,12.820059580768904,11.581953361711427,13.405157811291842,14.323944545310482,13.306199065045176,12.14763826650122,10.986663879259776,12.470334275585154,11.263804591868237,11.425739280231621,11.48284938874776,12.782909173498176,13.020039917982142,13.991278410281824,12.044827898397399,15.039544291632334,12.299170475291172,11.61668550417475,11.382906319249585,16.953014930953152,11.495260800518425,12.476051775333675,13.162091691208925,12.585207934005433,11.783268076732107,10.98139512344547,12.086375546196235,14.120652545972362,12.582045417157529,13.091293588584373,11.952344257546512,13.558510365693465,11.68063903996802,13.72929330364518,13.552229884080587,14.57834022929487,12.293691398494918,11.987672923780654,12.15416516687559,12.190555436637903,12.899846382277167,11.579487392435901,12.530440382011559,12.498786939874941,11.427265089572124,10.490196101043535,12.495423701146377,11.232752491274606,14.89384049047595,10.117850433630139,9.124605287907203,16.381335048571877,14.917113940980615,11.952949381392935,13.576895534182377,12.677021229720632,12.187562388975337,13.752036624000935,11.912506250016715,12.638867159201967,11.59268334734699,12.680991399061421,12.232095959393877,12.619457018764125,11.5920946991638,12.592426359653475,13.585766369598394,12.772838300336968,10.972471249775722,11.730438072072428,11.268659895043015,12.083052958159342,14.763980631919013,14.458271259846898,11.397164388033357,12.88077804705371,12.462994722973395,12.015895266247833,13.798034829775922,12.197748162338272,9.283541592890803,13.752325974931214,11.330557310447585,14.202531641106242,10.494337524327895,10.885046522335513,10.972457582323363,14.356988607217442,11.609633363256963,13.040952323328542,12.522462713977568,12.903724701326018,12.512584906233394,11.199369099234112,13.876654868702525,13.799937438381756,12.996810485649368,12.78940653519037,13.17205429931536,15.309325267925214,10.45426616817713,10.891883826126223
2060,11.155399485126786,12.134180912626505,15.005103003719581,17.112439971903097,14.25031368677383,16.946906389101695,14.352906855957018,12.203817042937178,11.884306929033738,12.906270414914774,11.649942530100184,12.807208326478166,13.937389286963835,12.822934461666433,14.385102483889334,14.747024931175554,12.31499423836257,12.03886858276699,12.857751447545443,11.021340351916201,13.453972359430855,11.460761804943497,16.179909010620218,13.81904205679894,15.745004446610164,16.4171250436617,10.734691365095584,14.856335275199102,15.474759607211409,12.667346344005479,16.941667028095416,14.795185581497526,13.193764095802022,13.011702407637365,11.64864368453298,12.22449098527431,12.526077113195285,15.239648885053137,11.680528811786488,12.82106376471727,13.748229626141002,13.649521761776313,13.565790278432159,12.791010704053488,18.2552116383677,8.927586816494232,16.209804510292795,13.65644299109345,12.938014442506043,12.88424433346676,13.987678407569943,12.625356322397357,14.808963389297869,18.793897891822073,13.698120984046355,12.4963515369834,14.3873932198014,11.59324516096841,15.590999943082751,10.629125945917941,13.370587356550546,11.369415433186555,11.115586269930331,10.23776614358244,12.383720051497226,13.537184760460391,12.200481185051817,14.402910394351123,15.556667042815167,14.011780103749555,12.629439982869057,11.31974581159327,13.515712079470577,11.677533040875977,12.610216284899613,11.736227799368944,14.017064006169045,14.935697937303269,14.630790840024542,12.568697052481387,16.794906095642112,12.568643738596657,11.923408519962557,11.669640852543322,18.123656526855804,12.085899357967403,13.109367840720905,13.458612009963911,13.269107462595338,12.256189519944401,11.384395819643272,13.861301819591414,15.102198777963288,14.139304566642517,14.033806055136356,12.32866093593285,14.427144761966627,12.004893985698404,14.73556139352529,15.442971724854859,16.177719604062,13.334578931898529,12.321806144429898,13.518249090032086,12.555836068147428,13.966017948544543,12.425700540613871,13.232258818962652,12.767875736721027,11.74800369143486,11.214587566807221,14.254196423389343,11.51117940521394,16.210677517497025,10.410229806018915,9.794018543872014,17.645394291566767,16.453220903002865,13.320228905781459,14.460918502963112,13.776237932317288,12.7907861309207,15.351921388312526,12.710155144981714,14.349686506123323,13.16295644470855,13.085975275658393,12.543312046838848,13.271630931483665,12.12379911226099,13.081232355340672,15.194359837666802,13.751483514297597,11.247398913068617,11.951554407892024,12.296964957054866,12.698653009922609,16.23623091047225,15.612575295178791,11.886649764750315,14.543662579487199,13.1106432089987,12.658581946824635,14.812559419028137,12.473499441600367,9.651148850832179,14.76351551492901,11.61351307708284,15.141982832680577,10.765429621157443,11.478785795605052,11.463218249056649,15.421401749486508,12.652550900273999,14.805826534193171,14.189944413693055,13.695205444308078,12.870813575127851,11.468898370821515,14.851096594949128,14.921497214992995,14.091141005816022,13.841859424810696,14.961893098995743,17.033769615966346,10.676641669610271,11.174915805459028
2061,13.610954766364202,14.721756543093568,16.705233601691283,17.548223329627,16.712675960815478,17.391143241978213,17.27990974935339,15.6975929186396,14.477436659938615,16.51393358514685,14.777596974380963,15.241022095570099,15.63265243269827,16.693585867629103,17.35112499267511,17.677855087120246,14.574604422177957,14.363946943017451,15.24628052763317,13.685381707613885,16.392146246254693,13.818889804508373,17.971628489053767,15.536720934121503,16.628789129464526,18.355244895686273,14.32940858565069,16.45392973069102,16.021183257517603,15.140231471508747,17.315777068552766,17.356460840805724,16.136713252200384,15.483247092742797,14.509641540034306,15.079288282796092,15.975742757846804,18.150893060409505,14.332634953943932,15.283162426446443,15.734974213794846,16.81730843116732,15.863350552547237,16.305242761807598,17.348560841187187,13.43845547152602,16.852265882751215,15.8291663250977,15.329370609606093,16.16078136290383,17.093991909662023,15.835889669864079,17.414340469905216,19.316047061072748,15.5512315125569,15.859769283429436,16.26360330892646,14.459991247514672,16.701063829919566,14.58408104122171,15.555292069264082,15.711551289357569,13.663170958180787,12.925890693562513,15.101542511064071,15.918170369513657,14.59745542267743,16.95194612896961,16.208811495615087,17.17322251945734,15.480738244302895,14.890122417522518,15.90581993920648,13.999796233949782,15.101285212875709,14.25388658500236,16.14574895677683,16.699246485925123,16.917796088301618,15.029922276532847,17.27433811581653,16.333782929441206,14.43344200629255,15.141604979927449,17.218550257060837,14.493348512636576,15.654770819875209,17.424619190232903,15.806007889706803,14.569261730122177,13.612354806259928,15.445644779009342,17.993708331623804,15.914456240832811,16.970508241135143,16.45250156634163,17.094335352597035,15.552776089181071,17.072172740555327,17.2294177248993,17.083976053025413,15.946588500038443,15.912285692018012,15.692037706769517,15.940013923803749,16.834757851193782,15.504378242661126,15.779819632515965,16.377836437814913,15.32755989978171,13.998198663572905,15.88986601279644,14.102484042553801,16.618336234403692,14.085852526290264,13.110043071534323,17.999027980410535,16.940080642376255,15.134616412546324,16.998656970003378,16.988502791718297,15.444215257044718,16.47106077392464,15.732939481411298,16.04339764704523,15.051040249512244,16.459459301894125,15.084587752819061,15.558174346047254,14.966260697206728,15.908941970247295,16.698830661242425,16.38120963758505,13.783961779518942,14.497234689719651,15.061731425316442,15.15021131738373,16.752899338369783,16.18759411055109,14.295268261238288,16.31528883589351,15.679073668044548,15.13718242858253,17.60333346397333,15.111408850056646,13.472527436831077,17.304096860892106,14.217063853919568,17.903425951366845,13.325943231096739,14.612008751896413,13.687592422994587,17.350242733307507,15.418121300475757,16.564679607991945,16.034840112471066,16.240091748049725,16.391230090683244,15.085802497666167,17.62701537638255,16.62914572109509,17.072203744364824,16.18708294425565,16.622987201356374,17.55850402298182,14.655641982048431,13.738681123146545
2062,10.841206189892866,11.733697938530344,13.453592401888708,15.593462316886244,13.611451406193817,14.243957015159342,13.830569699406624,12.126604358463187,11.546594023704529,12.791930796700003,11.701451701314555,12.254468890635861,12.513121274340412,12.765838236588504,13.83624178041582,14.185160499552024,11.74386521218263,11.568414357612314,12.26201531999623,10.806682924861493,12.950435103605622,11.106271068363087,15.023693220123,12.434053769416138,13.871515897305112,15.920935039934907,10.706246860649273,13.308548228262149,13.626112523286235,12.123684045251297,15.337566580461418,14.343819067530005,12.745662673012072,12.404210565530738,11.611553826733779,11.655146349788362,12.409624388036521,14.737606928400373,11.306834628400596,12.283441851320477,12.430668956397671,13.186650226297584,12.916862054363538,12.757788807477638,15.560831997705545,8.925490533639477,14.132282583609872,12.991889408425147,12.313819629666595,12.815985942664359,13.394013542034056,12.57312855108277,14.225980524135673,16.70581071337422,12.310833417041154,12.443007986628169,12.95464686061377,11.641044928165885,13.482945753261447,10.619136717656385,12.271311847270347,11.38178830140311,10.784135734743401,10.003785261459162,12.360759612658747,12.902293052362362,11.632558697591657,13.816733990026561,13.594980136207914,13.655047166606654,12.29369665541605,11.271380447823068,12.533842157410541,11.244264203974087,11.772720261436447,11.408333159011343,12.87671900994104,13.113007355643356,14.760562769744709,12.088162034749985,14.264000552564703,12.528177018398827,11.553365329685418,11.631868265893148,15.411815078362169,11.561240913913304,12.475646405440315,13.456774945168394,12.597682314600956,11.773729954967683,10.959805222309154,12.160380344675934,14.554194861456104,12.719154633743605,13.507335561125174,12.23432556960894,13.939806394198019,11.948856322013816,14.132724918101147,13.67880463988885,14.20411254854306,12.73599824179774,12.260902606193786,12.390753674077922,12.445202219988344,13.335970178489458,12.38519749045372,12.545288972556593,12.72402983498962,11.722596503794193,11.188510924901653,12.564710859371269,11.189801828206884,14.244596182004265,10.393749376030073,9.78171147746236,16.023684261933617,14.168271103468928,12.047121135275,13.935022151907503,13.153014029983598,12.309552786345394,13.468237419491233,12.637854603078702,12.762441290785443,11.74368383682652,12.963007511004157,12.166266557396103,12.684235438056616,11.960104408663824,12.755798165241014,13.697997186049497,13.181462953272078,10.911124416404283,11.637035318285875,11.71662865660113,12.104805175093526,14.038673289444134,13.76743769645691,11.431869601871337,13.016047386371568,12.471644246328179,12.076583580863057,14.245589204456495,12.120177295382904,9.646241395653266,14.153479130371755,11.274828675000563,14.625613341836825,10.452118528774008,11.447624537931834,10.995193915684588,14.550917502654636,12.054979760523723,13.18975628718086,12.668803505599497,12.975076785554057,12.78870128078953,11.437012808478396,14.290777780439543,13.919828911838325,13.469964342029849,13.1338709709437,13.287186405742945,14.536284597347612,10.677278377115732,10.766021584039146
2063,12.136596819061953,13.197635264500331,15.111002787168179,17.076245714788858,14.745722600623317,16.715847479260486,15.035358666239878,13.168492035130447,13.030316174192274,13.882899432564562,13.34880673820558,13.475184832456643,14.052093160136243,14.109298870615339,15.068493115675187,15.428802071746606,12.981286274350206,12.647706790462786,13.524493517111182,12.358218033028686,14.121483189256297,12.341655551739368,16.49556507040625,13.956971323401062,15.682727846114531,17.12181102711222,11.737772347486542,14.963584986798788,15.338490804900294,13.399320875496965,16.88520384482716,15.32425863587338,13.888539820261629,13.749796504883662,13.264706935004698,12.868920715768702,13.483205259494154,16.155760592578552,12.477133160052093,13.547353473370492,14.01508557278177,14.421970657032475,14.18778467194542,13.770409656202663,18.411753395329356,10.181355728808308,16.096121417439505,14.248586019258136,13.583318495880006,14.676255831251973,14.722789640011994,14.406333321624476,15.385370380629826,18.756271928224873,13.826677306856373,13.849050289262898,14.61664742231369,13.193883774397166,15.563974499702454,11.725823630133398,13.756346988937134,12.57799352673085,12.289161657995509,11.554497946863592,13.935354094142502,14.23591857468305,12.882516209198084,14.968041783765608,15.583755673273753,14.78500622547353,13.473093682657115,12.30900063268516,14.136183124521501,12.245246448432622,13.103154432190504,12.83570587043853,14.454231983617598,15.011028196176762,16.33883566571319,13.270458630569602,16.611531953934744,13.600033940990334,12.767950637508994,12.644745296758154,18.281514095223464,12.870615412197685,13.818163918412253,14.74323253997642,13.977893321734408,12.849738906583063,11.928048527921026,13.915401159178304,15.905274512408221,14.274427837732699,14.703587865699898,13.488884608382763,15.000505040845148,12.989643014886457,15.236850985323342,15.542020994683973,16.13083547033856,13.916270555361457,13.30550148585083,13.841017879545689,13.51053756766993,14.601550741040189,14.124164219054839,13.95741680726085,13.749822008221045,12.759707636159396,12.795484053375928,14.368001938595071,12.683897849010384,16.048296268219538,11.437341068425901,11.277055365883786,17.585564119660337,16.286993404121507,13.446796633627109,14.998275681682255,14.493580165764559,13.528710859625235,15.382798552513123,14.367135901287527,14.4401590746382,13.333945289983049,13.992039082814818,13.520857398843635,13.944723359592588,13.338677832208898,13.877647441690383,15.250453554417778,14.342459905406702,12.415663243716825,13.01269360664098,12.923150933955032,13.404888444944572,16.07431989292736,15.4758868087893,12.54715345443591,14.66116993809524,13.835245604100438,13.396360246484859,15.453149192359136,13.612701421239127,10.833916693358969,15.29424812207404,12.776282705690551,15.78311154424496,11.956772556123529,12.833551627138387,12.065079480409622,15.795927311415262,13.275236969408784,14.90088205493015,14.289967568024348,14.459247891021814,13.827472994185015,12.461367651172306,15.470493926626187,15.244548902482444,14.783760304036347,14.346249438012428,15.043761993231984,16.858298521974817,11.737082396512449,12.244011871800152
2064,11.832010334924517,12.884870878380275,14.659927210730055,16.791582760603536,14.141898806328363,16.562481186312183,14.3197089082197,12.404130146555286,12.71189064240974,13.074907258638872,12.484798402889913,13.208876825828586,13.587889778549256,12.953478592893354,14.367812351688094,14.694083921935247,12.718032671219627,12.39394884062526,13.265061780567406,11.886225789137507,13.422913430582568,11.910708102195162,15.971974241668766,13.500634147076992,15.43267245266749,16.42238451605258,10.975632670780886,14.532049966895068,15.181252914926276,13.096824922639389,16.609248574013296,14.781503762887871,13.197835302587762,13.45564331818858,12.42164823979787,12.181406256297363,12.789327935923055,15.255833345303396,12.163589886997055,13.24915950486194,13.484417383032648,13.6483173398301,13.912681466697354,13.007604649371432,18.199783760568373,9.20366766781587,15.907510437395263,13.958620113199174,13.33726876196654,13.659403429731084,13.929370105185587,13.412785993646018,14.744351898077069,18.37439040710097,13.351611311264017,12.909952200544272,14.16696336938311,12.406380838026172,15.231214211686803,10.859101077784663,13.198914411705516,11.601769654647164,11.947723104173077,11.065024013584859,13.16648892734362,13.971098140206024,12.600295417496696,14.332126226438126,15.251783627530802,14.036613769019427,12.990547301409688,11.565141371734763,13.792787328362463,11.988653947477752,12.474127310611633,12.519975336997408,14.091085935578398,14.504795399696933,14.889236990524383,12.968805232449721,16.43299774080515,12.774714241209242,12.473022615618031,11.89686598580169,18.08459487686987,12.554625846951714,13.525721016339958,13.646898552451445,13.691374118237395,12.603111198010003,11.685737372092579,13.446454875495123,15.084270076178338,13.79887358568933,13.996851494475065,12.53605054254117,14.416872776720837,12.236250514893426,14.647167326639527,15.03593699763651,15.861644289739754,13.279968179600399,12.5548398203176,13.301334385152742,12.822297497753704,13.870585514961377,13.169440041792217,13.660229406441031,12.968208058615742,12.016880279973794,12.023744107912421,13.891594084222682,12.365708978846671,15.903423232876737,10.661355017319972,10.41015664973985,17.30226176718007,16.132131902339022,12.979970304862315,14.399503756719444,13.726702102176521,13.158709400131002,15.030530702565676,13.391496457564445,13.988395772550422,12.835518132409321,13.26839814027367,13.22838051131238,13.69202472690655,12.721154279682949,13.401308335687803,14.871526960931394,13.674129474098264,12.062766038610235,12.706142546042155,12.237510351707108,13.113468376676673,15.925089331424754,15.331191200277079,12.265141666259456,14.195336142635869,13.536221058634313,13.094277077486096,14.773079114358703,13.296040934065111,9.98705177928281,14.673577903567448,12.44569677827151,15.115795219398063,11.61161461237656,12.037257305305934,11.795778432132112,15.269224167517999,12.60106400108856,14.416586303516574,13.799237246908572,14.176510745416522,13.101340288174866,11.68614582539253,14.796349932804056,14.755578491148423,14.020124556091817,13.757486352454064,14.57679404393244,16.686450944322612,10.86010276882545,11.917914562899131
2065,10.486730571188358,11.24359333727752,13.278541528336378,15.367955372385357,13.555737801706016,14.424121275220234,13.849119701463248,11.675343552725797,11.05234207828408,12.428372801615575,11.290364884083038,11.800449305618914,12.337217291250182,12.432671060421221,13.872052895472104,14.187285755315553,11.264022562814798,11.19919380221678,11.721997937106568,10.337520694117192,12.933106884987946,10.825458086055262,14.926711723370397,12.313949284346208,13.955798153644018,15.727762924588244,10.297549846379654,13.14574094910337,13.761603705261063,11.643119363802606,15.134925131564556,14.349414016889488,12.662991324115707,11.875833575046904,11.341296264051422,11.590706540960014,11.98466089108716,14.668621612955697,10.985076204590174,11.803567285535594,12.285681008482754,13.133094304605674,12.364691234391145,12.376121597607495,15.549525455288265,8.40887725652884,14.313966033251393,12.5190768563796,11.832121374247517,12.532353526062291,13.411835237527669,12.284219906867847,14.203121780215401,16.47266694887177,12.219251798546832,12.141244215161906,12.707243100173127,11.286163320845887,13.446660307924384,10.185030265387313,12.2016067582628,10.972984330647668,10.265975329255609,9.585450256972212,12.117211299745936,12.320868104706399,11.139735287298327,13.79027079653157,13.794924875964291,13.522890200757464,11.871347198141335,10.85463103587213,11.99852059328038,10.935988900454152,11.700491931127468,10.946113791964622,12.478718311404407,12.874835586580248,14.810239615647692,11.672841021629134,14.429095908513531,12.137070504300619,11.211794197559358,11.250163133215647,15.40736031273137,11.082179684839819,12.014508474618196,13.151900573552627,12.092009860819772,11.424913217839984,10.653596389552819,11.936871206873787,14.535689884776492,12.56653748873783,13.513782822769945,11.905043330529464,13.942217856969528,11.518890081540404,14.088808592287421,13.424917244392896,14.193730980967699,12.730013618043259,11.82057032620777,12.237187964922706,12.035589849657342,13.333221971664742,12.079253527740748,12.03074388789094,12.358894581785025,11.288543684489053,10.941953354150701,12.383469916394223,10.66334462101045,14.302081947741305,9.976792349115664,9.4339914927664,15.78658907050672,14.323812034993392,11.980654459932577,13.90926704409978,13.205481808855323,11.79957271343016,13.443484730046729,12.379271886270981,12.565562485211089,11.586058353762262,12.562803472797183,11.755353241187075,12.169080070422398,11.551265505790385,12.273223982091345,13.504638821210555,13.150772331150893,10.398779123049717,11.23559304291342,11.652604467842888,11.646828993345087,14.20633608519869,13.967008362645693,11.038917936384678,12.849849187647516,12.004509854413895,11.588304658217922,14.246160473188628,11.654675609087974,9.22223434937389,14.109043650167148,10.760238872436078,14.636313714734884,9.929752922454929,11.127544081000533,10.62032350185125,14.469257779905334,12.032533886599476,12.949577669046171,12.482118357134906,12.34217043966055,12.351567271125058,11.032392510820342,14.288936985535143,13.828730591613317,13.471622024217382,13.099269418207848,13.060193416287962,14.709456250557437,10.256445059309836,10.303982862554816
2066,11.106346529787004,12.027944540362,13.934486859809585,15.778278466799987,13.65754744054183,15.383917815011483,13.886891700408386,12.41166005315988,11.806717163842663,13.09611584181371,11.183358258932186,12.607370984295144,12.927702135527916,12.885277725310756,13.89761383248412,14.231951472511435,12.09084441982534,11.900584616090942,12.621922909646578,10.852644711408923,12.990791009172153,11.132607158111487,15.168041022332469,12.867671069243682,14.615166227454724,15.787161678723672,10.992569565287107,13.806461920718782,14.385360476763353,12.480728099527564,15.595922657167137,14.39738784471284,12.808333982592046,12.787017952164877,11.183324101854673,11.678380046282774,12.714107247798342,14.714222779092584,11.602215087000772,12.64808700780344,12.802707024566505,13.28225751804269,13.294073118868734,13.070989906787878,16.961472718612008,9.26115432003027,15.029345758583236,13.3775077983737,12.694215376036363,12.391974345821401,13.451656246962754,12.139869138618689,14.279486406756487,17.032461639979612,12.732332985686222,12.403193924738014,13.435692602525592,11.15224966406822,14.293327385195248,10.937270179147957,12.574412731696732,11.769997227856,11.02262028930304,10.062439306274705,11.944303172761982,13.289499177233033,11.979364456365941,13.872839966545934,14.433613756428594,13.789006285855308,12.62239808945552,11.55894808309234,12.98298045280187,11.566292893951356,11.920389100261362,11.665005248201933,13.329030055917157,13.677200908570189,14.002311925525253,12.430820791455712,15.33709222969154,12.865135062000029,11.85877709123104,11.935510295888657,16.841043998365823,11.909036836222464,12.889276899883278,13.656113437933685,13.010021540781729,12.130047831198448,11.268300191863727,12.67742487674822,14.522462667411439,13.14955188398776,13.555636313298475,12.581483345316807,13.996187337066818,12.237780315720517,14.194266132443495,14.214272267792536,14.974733351365382,12.814647504816888,12.547369087519858,12.676863338312376,12.74942379023718,13.371057320548143,11.9565012636392,12.959566035085242,13.038202082333358,11.995799455953682,10.816509488241183,13.13346454711712,11.435369914964491,15.035117727906808,10.677047666729141,9.576100089951705,16.233054782061473,15.13743994838518,12.427352837894274,13.9749110205018,13.211807237209186,12.656476185021864,14.16130115610102,12.246510762235392,13.244804973511592,12.146732597368894,13.220014779464064,12.464003793085396,13.0607938614431,11.981612091033677,13.074959404726068,14.15850532314052,13.22149315670781,11.149583374595512,11.904441311631516,11.74751833972076,12.493476909949727,14.973464311060052,14.552117394364398,11.763696584364641,13.484557415804142,12.886513925440932,12.443039141757335,14.30935615722252,12.404683865606787,9.836992664505606,14.202336210069125,11.52306782267482,14.690007547969406,10.682429302726751,11.329303348841878,11.29700785713351,14.65401550192062,12.11099947839166,13.659112991036281,13.09936729008737,13.400383923364723,13.083571812380912,11.73486674544604,14.340351935152128,14.055090277577223,13.51646338791951,13.218866236183954,13.802545578730216,15.605158834191773,10.98072840208593,11.061219527507609
2067,13.061977317151818,14.396293315914988,16.569101489391993,18.218616485595703,16.325729244565792,17.893482009515814,16.70454229835583,15.041232323193029,14.110379706420334,15.774805362457814,14.18440035633419,15.036178999620935,15.43911588783174,15.927894925617656,16.81990625462293,17.174956956149448,14.501457800764753,14.059190823008185,15.164180012662774,13.34757363828628,15.76011723182771,13.387820609237842,18.066658041804384,15.264835734568212,16.738384664058685,18.345555950766023,13.597719548513062,16.318953778027844,16.21672184830127,14.972222463956669,17.984131937441624,16.71884673574697,15.562527865819314,15.39804815517172,13.975056019328212,14.615123953508297,15.302621432944488,17.799509495496753,13.715363032144056,15.129285358216457,15.519180503876314,16.172683246109802,15.784485537396822,15.608508612474674,18.23868439508521,12.493723728405516,17.066389641036157,15.774895050927348,15.216902159559337,15.545100771214656,16.507545175759695,15.25554971733009,17.0154456710038,20.297446408106584,15.233947848050814,15.16456083305504,16.138613279584956,13.97146027373231,16.870345242321495,13.7632474873377,15.302079601132348,14.773820058483144,13.371659145407053,12.563735877366172,14.61256295313006,15.917448191296153,14.443777963033188,16.549988589796204,16.465898772944573,16.494697342505276,15.058789976265114,14.164280549339628,15.975219600226573,13.585736119552804,14.728484288505888,13.879844940105539,16.127445067886423,16.62198344067387,16.60756983251675,14.770915260619446,17.688657390034724,15.547651737928392,13.938481195789318,14.474254722180573,18.107813793679945,14.354451762269372,15.503336803385297,16.577010973640114,15.713897130411604,14.258219436458914,13.22827337001977,15.372827360811444,17.62065220107805,15.68591368133607,16.352200445759557,15.621289359486621,16.51553020658701,14.851704424490107,16.762215870513547,17.152602523241352,17.275514712476213,15.514722350498907,15.166988014526988,15.379626120562142,15.284350321344707,16.374043820992764,14.956806859892348,15.709327302225258,15.604961999570548,14.592244663964145,13.541389927591966,15.788287125851802,13.773864591251249,16.957153864528824,13.337717257278124,12.450059415934529,18.769111197927725,17.297476064899698,14.773842142975843,16.48574611609397,16.397113768950753,15.198148955145609,16.59203363145175,15.166623285202226,15.921797494707715,14.839595189561017,15.820307847760299,14.656458751662923,15.523095813235678,14.538606384283174,15.571516570594648,16.63212611866387,15.936496032320937,13.496872912282534,14.015097491767097,14.604397673969684,15.001823902454065,17.05876922736997,16.37820308104806,13.968354254961016,16.130782149732116,15.525166347298935,14.986084987287937,17.17961253112425,14.691727040902434,12.679945269680541,16.882591261730898,13.875271591317395,17.441717644100603,13.044040834126266,13.999681005011434,13.39389140353255,17.237387912428904,14.95093662194584,16.462169168921918,15.827457002647545,16.323460445455883,15.684478630534498,14.317705566468451,17.117041061024953,16.66813913076792,16.662256454643998,15.914521318333952,16.562542346670575,17.948147972478818,13.761710730583776,13.278548507768987
2068,10.999766654780379,11.790937611266326,12.990509151116663,14.301485025364423,12.533477127875972,14.046915651501523,12.637250033571672,11.351003596964093,11.65151020463394,11.989784013317983,10.285263125501247,12.074362627352066,12.030162257830737,11.390624412375951,12.590564815651463,12.925239541147757,11.592562716737715,11.427430769023688,12.051114660890208,10.541725014214931,11.773859953345815,10.816019452136496,13.697822244918864,12.006685114425158,13.60715761651164,14.4396112198415,9.907706485251369,12.88006350900168,13.441886365413664,11.936369783528473,14.122280045695927,13.39195800864178,11.597140246415108,12.227205126181893,10.419606825579773,10.40281224995852,11.698323969607772,13.192035275308987,11.289878303590033,12.102253033739066,11.737195329077585,12.019248457757111,12.672260088441167,12.00712685327491,15.474105834960943,7.9362889767988865,13.940732893736467,12.768397830912605,12.144513153673516,11.50570905726889,12.104578610104713,11.252337388694292,13.09041392641223,14.982120664547324,11.842133020577227,11.46458790678045,12.520121358496988,10.32253644977818,13.147500751459082,9.747586760507975,11.461982942307776,10.47325052102299,10.87081818173275,9.753052963247603,11.209548457242226,12.71397600484931,11.473456704189353,12.719006882089635,13.409259187138604,12.627516443800669,11.908098674338799,10.492252050291585,12.266264964057054,11.116238719743233,10.750440534933109,11.535547157020675,12.544497319537664,12.584179529839238,12.345265003650084,11.918932643273603,14.096856539664058,11.741404828332039,11.581329883764619,10.852493443080911,15.324329650920376,11.411327158627307,12.311810880555244,12.187024388300339,12.420148892571097,11.646323508542519,10.836722868940106,11.694124604048936,13.056134145140003,12.24327787594951,12.334975617411347,11.262766323335795,12.88489165124686,11.165984950311808,13.09434495173438,13.13454825228647,13.909745220256893,11.636317369902667,11.472654568800786,11.606049561813524,11.744404355468955,12.093015913082207,11.084274182905974,12.371090559855752,11.97005967245154,10.932326892876755,10.094913541825244,12.137733166308507,11.292506143936645,14.035075913304865,9.574977681162242,8.648989635600671,14.664375706859257,13.983656975238222,11.597672103539757,12.903927352765335,11.816548063541235,11.980541763908192,13.051429765460936,11.4237047613234,12.270033185937155,11.120221951004606,12.154288193129977,12.2418659630677,12.522711244938163,11.304536852398483,12.29373836290578,13.24114211810672,12.059150431993542,11.00818275846541,11.781426322362998,10.51546405765997,11.940034248744665,13.865022183760352,13.586753047030905,11.291891366243362,12.535665389960231,12.302521416026618,11.902516815325491,13.015556489400895,12.251573894658815,8.715979741582569,13.06285919937427,11.36655026593286,13.435879899107892,10.533158639526885,10.447443240281677,10.871124928736169,13.422626253055487,10.881021107992401,12.64353942482368,12.125723978261588,12.765954106074313,12.022893968159737,10.647591904129673,13.129653548902791,12.742553816217443,12.123172566375658,11.995657521016577,12.776131827870145,14.350392993539574,9.827298013574406,10.924844523648853
2069,12.699722996710433,13.90601228825424,16.19019531212626,17.694535549568094,15.579217757462802,17.313164855475012,15.915498671000423,14.514439050918044,13.534704518706903,15.21781582482483,14.304271031171083,14.834478353838561,15.07201093459583,15.241599885017978,15.986207487709496,16.364182978463564,14.252443202487802,13.881950810551643,14.967812048595238,12.934868819039803,15.012749358525747,13.215934750826465,17.33055020415265,14.921344873697866,16.28989115227824,17.31831729023353,13.051494567290593,15.98035408993778,15.77080649137497,14.752649817291815,17.446485466931176,16.099580938401434,14.834988355312664,15.145024352747459,14.013749022036793,13.824292036502262,14.785385301579606,16.70688308354305,13.455837028182074,14.891958013500856,15.065470166828321,15.388278584117478,15.662685808604179,15.096199943724534,18.2581782962965,11.81489417825461,16.563162085802663,15.624861252696622,15.010677999776348,15.713346168074919,15.647741359213125,15.407911449346859,16.253263760844003,19.55787087264269,14.88852193141761,15.039946211258997,15.781459496720972,14.062674956801144,16.44138122226476,13.192729939585147,14.736745774745946,14.163277579390487,12.784111686577294,12.152978181191115,14.641375447420973,15.708232898751035,14.189103974596314,15.813194746232556,15.994979226070901,15.824578987272542,14.715873098891715,13.575420410736752,15.61551185146622,13.451939858820133,14.085104868463848,13.354646356533408,15.79770088616921,16.28974758963222,16.100677961888525,14.553954995358767,17.149021821501464,14.992565301449405,13.6561580815393,13.95911581166413,18.14221400022507,14.095835994524156,15.287826676488576,15.932011494170068,15.490258340602336,14.1246335665169,13.085048540778784,15.063849112261897,16.608952618811436,15.302535390724312,15.588491993834792,14.905651136584906,15.812677066287268,14.304722684880957,16.04662981370221,16.788712195080258,16.87570252852596,14.778205765006337,14.621086302658789,14.902376541624902,14.744528550168747,15.550637922209242,15.131372636103112,15.46519640735958,15.095153702180017,13.993174423342168,13.552632621125037,15.476650989897879,13.180959438824132,16.505844790002573,12.748323117909225,12.303757803271646,18.226284516894303,16.794365883521415,14.457737527463749,15.806607471698007,15.506404012441637,14.953458769813828,16.151810776280325,15.364806347891045,15.57762665107199,14.464350864291193,15.296862895155087,14.27600123158292,15.333992449809681,14.188266154135704,15.232641383033734,16.337252708880797,15.203191457073325,12.91641140656303,13.562367814410802,13.826348547054371,14.787764554762328,16.565455088796828,15.91460589222286,13.750748200261075,15.751331621052131,15.30088015791515,14.763375486368721,16.37415051654629,14.148067938730769,12.193343840215519,16.139237897875514,13.283026576690052,16.663143663302716,12.462455847665026,13.745143965251096,13.173807417326,16.56579932019762,14.192432981470361,16.06313966279445,15.443851003909243,16.05700007631727,15.159162095707398,13.820109030474788,16.359608793914646,16.001366279533382,15.782396001660302,15.19294137151345,16.224177968566835,17.39624377987955,13.259378438410554,12.845826031397221
2070,11.204736694693567,12.085589603885358,13.428605625324925,15.65660420189733,13.344189108713818,14.46767042229033,13.547821201708006,12.113981973358339,11.974139868403256,12.759960469830295,12.090509812064147,12.307496232183087,12.468319930966295,12.781300638356942,13.556516066841455,13.880699532511446,11.804579525659594,11.622914559612777,12.280532810270138,11.231475784483814,12.666077562972259,11.394378405550254,14.921201507358447,12.437480106625866,13.993342539538505,15.742677963298302,10.713888621038716,13.30371689351033,13.771997070830807,12.166186496291472,15.430191247359566,14.14321328375651,12.471990138130343,12.461881189566592,12.08735400422112,11.326683210188769,12.471018696122844,14.55700921105302,11.516271514899056,12.32905922382665,12.331667280067569,12.935437443463702,12.868448862239068,12.744487314606493,16.092793957046844,8.894220928540049,14.289914861969326,12.981495406559631,12.379199314376587,13.290882890963033,13.090270895429933,13.026246474488921,13.943653726383399,16.888129279665325,12.295600166787274,12.645536263027914,12.949346621236112,12.022713483675666,13.579665763303638,10.583723696029706,12.140828617888948,11.36440861970186,11.197968972765883,10.432846362581072,12.832380139309427,12.923044844368558,11.677375099836196,13.545335899066666,13.91274526067402,13.46848405217347,12.355816590316271,11.30479514554305,12.583615571665378,11.310693074827611,11.536425966445524,11.809438674265278,12.90196629257306,13.066096522885823,14.891752066819567,12.131017163395882,14.47655230517621,12.527989322506903,11.801226590638576,11.63564605644459,15.946484576100893,11.63837658152308,12.561721830861643,13.471323519216286,12.678345670842608,11.847527857383955,11.017500774367997,12.129615875042001,14.2912381304347,12.682015343690695,13.231777992585432,12.190943348585915,13.707867680036504,11.973834791898343,13.871701826017517,13.618379007134104,14.290106626116147,12.484208885074144,12.304166922973389,12.231562554471848,12.5037441265,13.046249785339057,12.79686323055775,12.626911372918153,12.72976958492528,11.745445491341147,11.646520144103665,12.579264768115852,11.607326844221223,14.362264773120053,10.393542024509419,10.079404618995994,16.092493127221648,14.358191185995288,12.020173065040423,13.690349158304544,12.874507741395222,12.334848095106123,13.560386217158776,13.066701581458686,12.713472747041479,11.649689491838217,12.920238550590435,12.491028857295925,12.718357162226154,12.24075186584631,12.768305394312609,13.654870353801096,12.89674349517926,11.328302096737472,12.034022165057456,11.397347003869386,12.178174632884891,14.234665912778484,13.944709116997924,11.481497962513698,12.99230414023623,12.554088560216448,12.1327731029495,13.945605894469702,12.561542524389278,9.698873614932863,13.885687608919715,11.696957828558007,14.333474650007227,10.8622487783432,11.730828585751036,11.056693807568239,14.403236455243567,11.77056735802604,13.107330835383868,12.602717693166248,13.018709573084896,12.83049197300621,11.42257612279576,14.01156609894141,13.80944416380447,13.14333777765379,12.91334551767163,13.236479112271057,14.746218523901442,10.620819517937694,11.164872707475139
2071,12.347830313055411,13.602606417611243,15.872803100101327,18.289238673189413,15.616655782351028,18.090585519438203,15.966340752075553,14.539360694263292,13.301760592538383,15.227212252500262,14.48489456170279,14.332161155630551,14.721302927188257,15.690560325332315,16.041131333812427,16.38289991118338,13.806251052119164,13.42552339123643,14.396531177927619,12.832665504320806,15.053866433708569,12.986925506073495,17.67145539544847,14.608263396698495,16.628571016632993,18.250351066174716,13.117489572695415,15.697734339891571,16.299555428650073,14.269488895068998,18.123284383960396,16.109200114789218,14.8680635334357,14.657512181478996,14.230812067651883,13.814674401412839,14.826776868258808,17.427669860746555,13.001055541245837,14.408865500676812,14.859896975083519,15.427198089983152,15.050570811792886,15.138573529603692,19.47144422323808,11.874542798604006,17.258422756972525,15.105873959381938,14.481150681557862,15.653462715446949,15.685208442742415,15.377588124095427,16.290437285747863,20.39240494394756,14.558646156736037,14.915749315334404,15.400516066214312,14.27229099526354,16.619007354197294,13.177096757551901,14.643098260073558,14.14158818514451,12.550081178383985,11.992418743993925,14.905965845869934,15.15594435774762,13.725246168511068,15.847058570903283,16.58319079098494,15.846431050692566,14.540958775936264,13.711535026197849,15.08390014003153,12.992886047000473,13.997857634140098,13.095104650958723,15.342944913908195,15.882008460552798,17.499833604563836,14.089357206678908,17.911109266154796,15.013514495414238,13.251273503770001,13.995241119161896,19.3523545368858,13.711027521154154,14.764311716608379,16.348439736858662,14.93842562644378,13.660730584808018,12.643655802892606,14.684793728525223,17.038197625590406,14.977392136402758,15.630848515616815,14.971810062294425,15.870882723642437,14.369180201512322,16.085642385417998,16.384734234408192,17.120714714345734,14.83428992719754,14.708439875313127,14.680930644253511,14.851735470219237,15.535510422418946,15.089364805299308,14.925962050323902,15.130569000444982,14.156254492700102,13.727799338976972,15.185086491639204,12.95162140416063,17.072701921929482,12.84176355341206,12.426128937174447,18.856729515220806,17.451066643485557,14.130397043798286,15.822215031022607,15.537552364494495,14.51912236958742,16.426656521532845,15.244336532995753,15.200951467065712,14.141228265088543,15.31288147304693,13.921512364693312,14.808612747198861,14.26089633823089,14.990539769480085,15.991916206867801,15.208804040499356,12.667400223891375,13.263438045978551,13.84090785682202,14.302277119263358,17.208130918119263,16.420959993549015,13.318186310970265,15.40816982973205,14.787568061895993,14.291679619447045,16.437597842806063,13.87773025440781,12.255726038761763,16.173480472244,13.042586064006647,16.745386071827106,12.219681071198508,13.961258629417935,12.767181989939319,16.754101466873422,14.211995671300784,15.67029127316631,15.047701907141706,15.46783876483855,15.230104643365614,13.836026450862056,16.408162340602797,16.307030829236563,15.78544765743225,15.304565792498384,15.849915094997577,18.16788623579171,13.177816041785738,12.457749627854518
2072,15.25156304758528,16.500623845211834,17.734875487244643,19.462793370951776,17.21709401711174,19.798797177231833,17.710736917412802,16.511661565822102,16.240821321373407,17.28092373454053,17.546540799348247,16.926812492311,16.597905928673953,17.978276999100395,17.849751182224445,18.169989363006923,16.278629175022896,15.841534332088797,17.09020284935832,15.629180168328078,16.803638841794886,15.907716670761943,19.21457266807556,16.43824244841285,18.229246300199762,19.40768779879031,15.106290312564896,17.518515234408174,17.71901548427084,16.86882045670696,19.23920535004657,17.780472656954895,16.605433953844987,17.344778168784536,16.855249658874847,15.593496168437209,16.893075819896616,19.068402067474697,15.854162270608155,17.00961939909536,16.646399980006013,17.28854503320611,17.697082921862602,17.052132912304092,20.482849307682205,14.376172283041777,18.711565593014594,17.47968121585639,17.13770358001247,19.0595289365105,17.535352678402617,18.63249153157939,17.920492449532382,21.903018619703218,16.458449959754944,17.590382985446766,17.49117440374001,16.948377083177153,18.403690498808157,15.408940994869107,16.3455689497616,16.574808277918592,15.446148207006244,14.844723491888985,17.287382457567297,17.896114867666498,16.34820897812429,17.434847870598677,18.052127273186397,17.698585528394457,16.77011915717436,15.675455009159839,17.900435749927297,15.391266910926161,15.735293926752131,16.005409340495653,17.78815190536578,18.0023445610119,18.996746306834012,16.600430807989575,19.484064159185987,17.12826350979184,16.005237843679346,15.914906496587012,20.3925172764322,16.1870479412053,17.49829163207956,18.59140673409338,17.731485400682963,16.08041109727776,14.952418218488278,16.576591572035912,18.736652566039044,16.867467590000324,17.40412281907123,17.238340336991392,17.53712743779888,16.363374200852025,17.573707927828245,18.514198476853583,18.724924844244246,16.41638633997544,16.752538157546002,16.542408462451853,16.82783341407776,17.35432136577108,18.263653690400332,17.722019145994086,17.14165613184805,16.116919855708666,16.207526961098548,17.026978298373844,15.866143888591427,18.435724082200426,14.855517478497779,15.09746210050324,20.055108702701066,19.016789140908624,15.931117778239038,17.45440409494483,17.529138071381528,17.057903069866132,18.020929422067564,18.416576380315036,17.110581260660414,16.009884633447815,17.234293025472894,16.785072304632354,17.356853430928744,16.60926953346833,17.205113484807637,17.7248101623162,16.84897266263547,15.590127744104553,16.184821991816815,15.53633513398793,16.9054525938371,18.741535995317538,17.883577222409464,15.792427183493322,17.348960156026102,17.51987030535289,16.912091377798635,18.13577291758164,16.90255577101008,14.551342123228576,17.810113227885704,15.997809074657123,18.36257593009783,15.116454616836885,16.23020255306493,15.091825128897376,18.221355878788493,15.905712314274,17.726152122020725,17.10613280275594,18.430076863454737,17.229041946970895,15.870600705561431,18.10382463621056,17.72116658998572,17.6303760746251,16.856483158857927,17.807316265676338,19.774187621863003,15.464705603278201,15.637588787338007
2073,12.622239663549092,13.767360356349736,15.97854301592578,17.917265099027883,15.816939541948555,17.577819286481194,16.217651370102946,14.144068544123162,13.537218189919772,14.902980908670504,14.670235530189851,14.225395588771159,14.861740787392081,15.35983134729221,16.27549172565341,16.6254017362776,13.686733676039655,13.340003305155301,14.293842331708774,13.02772363178108,15.315426377174651,13.124574023744334,17.598862173440665,14.756198607061222,16.40847199896108,18.14328127840291,12.688399389710115,15.779317946537681,15.984977556311566,14.153618644720513,17.704978196517285,16.327529285265058,15.039067740997547,14.525628444293273,14.35646005055827,14.042514130473142,14.417326983550325,17.40968531240588,13.127226658489395,14.29624983166223,14.973936880594524,15.616829642945012,14.954817573013518,14.750746008332657,18.23264412776284,11.36556286196751,16.853045689023062,14.993049810114114,14.351368452928474,15.97821339608535,15.976987486219276,15.661026514094809,16.484306156959224,19.859655728806622,14.691518390956132,14.901812811260639,15.48279845358237,14.412903852922765,16.423382599878572,12.753133192698922,14.766845710575582,13.68955417615159,12.78304427603017,12.21561103022617,14.988755207184864,15.022782988471748,13.626024329467963,16.041898957413178,16.222628474235545,15.913506411987806,14.279392842426086,13.261927247047426,15.000507695519406,12.93911557612212,14.173728595933191,13.349594903057039,15.31319966474953,15.954432679259265,17.824422421662707,13.989826675990356,17.445704627296205,14.611851259499144,13.371846670689793,13.59369901130381,18.107242117757384,13.562787125130063,14.60823128242856,15.994130253791814,14.779952205555594,13.562865832577584,12.58328202755555,14.767735455023209,17.15623186787834,15.116305684265884,15.90242230904329,14.640285828839177,16.07672884282859,13.94508448202649,16.247107356138855,16.469549858132783,16.88770443201066,15.0321216404681,14.26398341255465,14.82458435466675,14.427499447179878,15.795318733212413,15.372119734792602,14.755547981547275,14.731845193825984,13.703946788673818,13.854432807992339,15.231486351269742,13.193315166170185,16.695316646410074,12.406354635366768,12.407102735470176,18.44340549862903,17.030975448048633,14.262990679429928,16.02441220050273,15.816883244592214,14.349909579138396,16.234311585193094,15.561649943175523,15.303167038731303,14.251301159677299,14.998422089478243,14.09352383276691,14.693538778018635,14.186206190887356,14.727056984992132,16.033560129611395,15.43318255626313,12.910642421763878,13.521858661071116,14.073403747185417,14.151302271158153,16.813160536081895,16.110626977422967,13.25413260770881,15.528812167437184,14.618666129186755,14.146406297126543,16.623826357333556,14.138204435291497,11.90841830003521,16.37892063124025,13.279939896568818,16.925303197425343,12.459697488209475,13.830987609598948,12.718697139750361,16.789377945920695,14.434375305862527,15.788468378474533,15.187435990442406,15.30729056765204,14.795169940339811,13.431761871537434,16.634579246782742,16.252046025965527,16.020268427612994,15.421362903131095,15.91480173267748,17.696934869755868,12.76842992461246,12.762824798083823
2074,12.034835980314279,13.278193534068444,15.777215906297384,18.597280440123193,15.278378828712137,18.831290935166184,15.420783800437398,13.782808500139613,12.984569808649173,14.470689770320192,13.710690373311875,14.081561462710727,14.680521150646005,14.953787212017119,15.545979276623415,15.879134989950968,13.554751431812411,13.173848167709684,14.178584941379407,12.358613751018828,14.519880826220566,12.863790462846344,17.563712798220962,14.53410139161608,17.09835238042085,17.76237620996392,12.31102089677006,15.642516180508487,16.95376149208649,13.950045555830002,18.439170521238577,15.748900589735612,14.3328983226953,14.356055611825507,13.46099007583183,13.395453384065116,14.090690702199936,16.711457691762764,12.687883898615839,14.111739778324313,14.62825473462758,14.81876039083885,14.825220385161431,14.337734038415167,20.47899930891783,10.890135579459049,17.77436955208364,14.86681032310362,14.267006394817782,14.996418825958086,15.101445602334069,14.724304883376412,15.881976132969497,20.70565146013447,14.441834575456122,14.309550211319454,15.280860622291975,13.495520599834297,16.871385295106016,12.332749965884116,14.33318441523158,13.224558765493821,12.237752180222586,11.567622098909771,14.118392943040185,14.898512110761974,13.443709483289203,15.452899554501409,17.103162563365437,15.230785686684696,13.97892015718896,12.876701464147674,14.910480470275102,12.727997626947317,13.646496420321258,12.775621617779784,15.192205467625804,15.796505566848362,17.005979035211652,13.789332658538353,18.55417667167342,14.182621079942454,12.943724780302981,13.235051763770374,20.36298119503519,13.337646272964777,14.482562320063943,15.5284708344742,14.684735922502233,13.386775000911689,12.410956937333815,14.613392077872291,16.453116675919812,14.894346870805906,15.104046830016634,14.054074534255525,15.440423193185225,13.596823700096296,15.75110581215552,16.318161806982495,17.442119684556257,14.3867465192857,13.921513734304387,14.42504150323246,14.090904528680054,15.11460304065891,14.456798672676085,14.662690925128434,14.313625130316485,13.310486054290902,12.968595762220817,15.030939540380373,12.633514003666201,17.67631647509078,12.002244363326334,11.654381031575413,19.182311615218282,18.152296353293508,14.006925650264908,15.454919287044069,15.022931042896664,14.158016010471014,16.597064160134483,14.677463800848829,15.111428178522903,13.976554660045585,14.617783909906514,13.61818860576529,14.56470312566861,13.61275051275025,14.512564036509264,15.936938009184345,14.804268350662747,12.35305712416606,12.946289225926865,13.408756503774585,14.007683029965214,17.888946248137433,17.151375330012783,13.025483135295948,15.32416997641406,14.491167508713577,13.957927157211566,15.953502225973036,13.553964817005653,11.415854680473393,15.811936501899492,12.738442415128581,16.22936758139859,11.898026834687458,13.143751512969963,12.51868701790986,16.573057267976846,13.764093173100896,15.643546532839538,14.9872432606315,15.216519059046453,14.484220398508986,13.037724503842385,15.928587336255159,16.189325435977914,15.309530814704688,14.978115548582181,15.781818104826892,18.80412207608638,12.423290223045194,12.154305271642368
2075,11.854892899484739,12.98139149533666,14.88329108124194,17.70250324062679,14.957879792736923,17.301655406537268,15.162267473647775,13.562295719333317,12.742931677271496,14.220219628966372,14.148299920858575,13.546736268893532,13.794212914031487,14.64075729623437,15.232709008552458,15.560030362366337,13.051326886791255,12.709530107191078,13.600301574105801,12.323797169888051,14.266264060917111,12.392140046409944,16.928627680825155,13.711781058622444,15.942225176355112,17.580265540143724,12.129144667789502,14.757396594985671,15.76243442296982,13.470938801117565,17.528623619805217,15.466920666072685,14.064729969138684,13.830911232077554,13.928023399218269,13.01472200240697,13.867913564586122,16.490152210240137,12.400335420085039,13.615391722839814,13.951600565899001,14.579723307619924,14.23773758615489,14.148194505792597,19.235973534376726,10.605877222007388,16.59232831001282,14.305470182195954,13.670695193111897,15.293556761482488,14.85905048639878,15.032850830451304,15.559574287344258,19.553182706236843,13.592836989008864,14.238723988229731,14.431652826459512,13.963521201325502,15.713153114785321,12.086359137426257,13.776752641019616,12.922607459775781,11.98122424709246,11.490099066544488,14.604731293152211,14.331092454169108,12.952299851114338,15.140554016375024,16.009545471357264,14.989102105083672,13.672066936674328,12.727242182940245,14.140036344366232,12.330749827234644,13.170817576672727,12.555487008198448,14.39726025481587,14.776208639468836,16.857830366362695,13.324666378938636,17.16544947222523,13.970452434990717,12.673310692867506,13.02624089432799,19.13271586791329,12.90502392954153,13.9068605368552,15.245674630546052,14.057635550913604,12.968336339230126,11.989344924688341,13.685792281575825,16.1596516199086,14.02751759860827,14.838263814216077,13.810411999407025,15.165002666089846,13.394375576921133,15.421351150164138,15.283450105915898,16.319820980662886,14.117018807193507,13.724393490216004,13.785495262107128,13.890137646509256,14.744185910276745,14.753839569895163,14.028688168396123,14.124009068245476,13.178215109135795,13.393704521267313,14.183771341391232,12.386443614959722,16.475437965082083,11.827675433262533,11.85313151128914,18.246770032074142,16.80307585130567,13.209459449933926,15.14591710204664,14.655709074081287,13.68828614509624,15.603187372503074,14.933651526337085,14.194912850532843,13.17841024178526,14.363962187391262,13.337347779989887,14.032655500037515,13.643950607202461,14.12738059266754,15.046551997246949,14.490673794694574,12.102034539475268,12.744169833867446,13.092832018499792,13.479045167565344,16.5952410672022,15.890469820603078,12.605196444884593,14.422395678642003,13.917938350335408,13.459133492215818,15.6152796941283,13.328530853897659,11.262975776972981,15.49008368360608,12.474309764195077,15.933618904455846,11.650859290167041,13.366777215314949,12.108047615574753,16.08038987154546,13.456703511269199,14.636630230623743,14.040268013334792,14.564823310174372,14.253842190393938,12.835656269412976,15.633499037798334,15.62141540533175,14.922830863491349,14.580813390405284,14.815479653037118,17.43821635907112,12.060425722728604,11.889632667860262
2076,14.192420842206996,15.457282061162202,17.34355180742948,19.678219847057182,16.918435229960348,19.510720532873403,17.315575032454475,15.490232956150308,15.266496689747209,16.227333845651668,16.301309491143275,15.641702776369844,16.149753775933515,16.8368258498933,17.449591785183426,17.806713452157766,15.058441203573478,14.579866527863171,15.824156577820368,14.733856770655386,16.399919346298866,14.354539360689083,19.165182691553365,15.974215648096546,17.85215763423754,19.23177357860234,13.998351649421718,17.15063493245322,17.381573091382567,15.584951447748134,19.450818160305854,17.243751129378445,16.162781241633322,16.030717034702715,15.838798958970157,15.257547441060128,15.741516465726106,18.676235633051913,14.479762914712014,15.725361911984889,16.341978623491272,16.75801694336469,16.54026910338713,16.041295097614437,19.892405862393588,12.924971436757755,18.38845607508785,16.47947489996643,15.853871910711346,17.819067022722706,17.137636200970285,17.462237295897108,17.61581517691198,22.222093952738724,15.914665040762529,16.450108509996664,16.91932010229515,15.944959487604063,18.09217605351106,14.143032851426502,16.065173463005088,15.168355643749239,14.543272294428037,13.951734163191007,16.399459291735425,16.612799401192568,15.003546685952212,17.154357415097564,17.598669922870148,17.054698003456,15.593551706684673,14.547473524656635,16.68259081244469,14.074385224477107,15.432232436602535,15.021228852965262,16.869415912615217,17.61985939895005,18.762063653572746,15.326627750435605,19.22568290129952,15.954053274315337,14.797006963630736,14.913167946364569,19.768377697986104,14.996585733216742,16.158210676001467,17.405179158743955,16.39245325043474,14.809984757848408,13.696481398914171,16.275238671056602,18.419853432346947,16.381009765293292,16.98567531905745,16.079188154767394,17.08644347994224,15.27178784168285,17.346646161830943,18.106675310789242,18.465912809838418,16.13967338643725,15.577539041638374,16.17181992109197,15.71541070484597,17.005634792796947,17.13485353942151,16.387215165664326,16.01909476939751,14.951178717224494,15.371678982091987,16.697343556453355,14.930527600257292,18.1890598639198,13.702630379925603,13.90940833253705,20.29124169246009,18.708147445450663,15.403053042681321,17.054115148990046,17.097499321660276,15.823486084037503,17.76341178430164,17.308071987136554,16.752464473571468,15.68123845561691,16.306560398686837,15.699384590853816,16.163558302852124,15.642787069082265,16.124770307913423,17.430289524404905,16.535634043424032,14.671443720226703,15.151955343458964,15.238370093314543,15.632544808251705,18.41771141342495,17.49926858881246,14.460432856627133,16.886018499084145,16.1889245532777,15.620913845689403,17.825235237245977,15.876325723107737,13.32614350189334,17.487169897426735,15.047438548958818,18.061751490053922,14.225907006341483,15.174117357834525,13.834890436219137,18.057045971569806,15.597364536689032,17.28669953087102,16.589589739947215,17.073626401631728,16.136232206354975,14.743228123401822,17.74457997504783,17.655157249906793,17.318412126730312,16.641203874155234,17.457218010140508,19.484868824481968,14.150031418620568,14.554878371889176
2077,11.25947540804096,12.182793628586372,13.60117456327071,15.793550614105623,13.451426095288733,15.05267893719366,13.686256162417324,12.173132037662938,12.036315526266623,12.84109917212703,12.211313559957174,12.488486610595952,12.64537536352873,12.769266043668209,13.71939515030902,14.041641775032751,11.95580023591933,11.790378578159068,12.48299236142117,11.294885095046912,12.7759396209503,11.334500714164713,15.070077889943091,12.605784874409439,14.392960706806704,15.70766967437838,10.773090125426002,13.509225062216105,14.206509456686353,12.360424839284109,15.579029729994742,14.224559814223777,12.576542462019816,12.638006591278574,12.130434375114575,11.467498177338555,12.491056493038071,14.610007402689561,11.64461656595054,12.502484902091654,12.53492372742166,13.06883828827868,13.135155808828447,12.806580807365803,16.653712360755257,8.95458130263116,14.83465206104776,13.2076347651689,12.584509453533784,13.525653829393182,13.263608274900395,13.25396659970284,14.073464606119241,17.136767285025638,12.477091834273027,12.821839712560179,13.137400902807713,12.130965875380715,13.97693651849809,10.691680785106579,12.318841583702877,11.523247126651848,11.282022217693536,10.475101159318637,12.880602454523677,13.13638860375985,11.8412219464131,13.659729297718279,14.178657450672725,13.562621877326269,12.469347072036367,11.318262252470724,12.784975657239556,11.472222561178649,11.703451793478887,11.862858870107198,13.091042422406051,13.352878548528837,14.443739644211272,12.297375811668845,15.034184163031375,12.6031218495058,11.890816368810508,11.721862066051234,16.507933230503745,11.841849602758886,12.789134493340619,13.488750168000875,12.908226642919626,12.01616800606818,11.177550638175527,12.371905511812024,14.402783691599643,12.848061375805866,13.34952587334682,12.319957279640695,13.82602932368932,12.004117328349663,13.968993491452673,13.879408489750778,14.691882214792399,12.590826439792695,12.312812482857192,12.419679812763048,12.53216835030395,13.200356090846272,13.01610953781916,12.868287829925187,12.793955932492798,11.748684160735298,11.683479025069138,12.830729638104854,11.686758151034944,14.773413844730548,10.43836445134619,10.136359658568042,16.277192557837974,14.878611769041287,12.214424388645138,13.804649306785155,13.046732746226635,12.510668830055263,13.898128058639884,13.295216016147453,12.930786504693653,11.877688020467756,12.96334708498224,12.576545830330119,12.915057037835538,12.314691004424315,12.887212932352787,13.8660674257123,13.021449648086794,11.407478044214454,12.080501371103788,11.532461590093115,12.391930455746861,14.727829096109975,14.397684813841535,11.630784586800829,13.173881582186922,12.792026196484981,12.350608636503637,14.094192477833966,12.60766963041185,9.75335266019987,13.989632104402006,11.775051543732058,14.474270567459905,10.931836805265885,11.757526204880813,11.18472328304273,14.515622992230496,11.900893900381485,13.322427255465932,12.800529085828561,13.238517010989401,12.841934147412362,11.50320423005716,14.137948674838185,13.920545980010344,13.327520864813222,13.032141298946481,13.488297998905184,15.309735986201659,10.7502825891842,11.267264865176832
2078,12.181752487369206,13.279874336784303,15.134268589641742,18.38337078301803,15.434805865682986,17.540570987307508,15.733489073489029,14.034727957261646,13.0727524107889,14.711157623192543,14.69006921321093,13.713800220325103,14.045720125022145,15.368761716977406,15.796669532099497,16.151587592680816,13.196176940494258,12.853070279826285,13.767483952009808,12.711465137322312,14.81940859588592,12.739064408385238,17.578236436876267,13.93992084005605,16.13044434008391,18.19517030923263,12.557739652369335,15.012871386240358,15.94531554242839,13.625596113239782,18.1892182878826,15.912159256313158,14.60835259650713,13.988268189942056,14.42517589972071,13.605401902743013,14.275732509467915,17.246045947074894,12.586553332598314,13.763911714696366,14.301730409750476,15.135778506812844,14.440798785375517,14.614963904023172,19.104195916134387,11.132610212282643,16.803446966668837,14.519937177391157,13.849603600800043,15.986220576193022,15.437120289258335,15.686657424854195,16.08645728295264,20.472780652020294,13.840374359618066,14.818838500458265,14.665005189164177,14.44449811396392,15.953522142346792,12.559954665763225,14.176942505185371,13.444666475948432,12.312617758005532,11.885517192898197,15.066065463035006,14.50601853373582,13.08258422755677,15.650975276999505,16.100716310998674,15.515685149508974,13.932543505955005,13.146350643233115,14.342441493913572,12.431103496447859,13.673693969116915,12.886490010049034,14.611689664747404,15.07883823986935,18.187271843785826,13.467302129968353,17.379070317048743,14.447636721574748,12.892057199840961,13.474753838164089,18.985599528188295,13.06208120205481,14.082786595043931,15.936517686947532,14.250740326536087,13.0816248162933,12.105253307715712,13.962401608410088,16.85519828550194,14.259993579076689,15.403983201021731,14.359829547288625,15.639040001060657,13.837097388570728,15.90698773251928,15.586186179648273,16.55142189367958,14.61652029208515,14.162147868100716,14.18560902454445,14.290484999832904,15.33185999856695,15.389171878928723,14.223283791023752,14.588611528925274,13.582955256671362,13.880377316928433,14.41566115488177,12.72119271050653,16.685808106609016,12.255439260427881,12.37235499821279,18.942346088264298,16.988517758638967,13.45878230229668,15.632196381040242,15.276407737284899,13.921180997205822,15.873412755520445,15.578730685555419,14.485969927364398,13.532536833506569,14.843215433151828,13.633070884839348,14.204150861048186,14.02965376752874,14.436914127158085,15.337698955898697,15.020022993826354,12.445885189080048,13.078052694382878,13.636248900929628,13.644621831648376,16.76627989566845,16.05598199885825,12.728287545883138,14.668588114335485,14.095924059495978,13.623220819817936,16.20343215374843,13.661953406813351,11.745564301741188,15.984056285865929,12.809276510920858,16.503714608109515,11.988720554129582,13.817638433052469,12.212587273639182,16.640838292629823,13.997554335824178,14.921615450683499,14.303729390482543,14.759744237865446,14.700619016652519,13.296520100987475,16.18951992366625,16.220368918517366,15.554789573925996,15.129877326281177,15.10009389646028,17.641304186990727,12.552494357461512,12.271403345198417
2079,13.560848202394402,14.824613093519988,16.744505099790256,18.50646924195083,15.96241590996151,18.872013794339228,16.30072122877059,14.810614640945973,14.574408269507568,15.49753639037195,15.21557800884804,15.277133729146879,15.587275554952416,15.759046751195966,16.36999519622844,16.733633297495548,14.739064732323522,14.262271741688577,15.452597281207211,13.95400084749512,15.431215886188594,14.001894356116004,17.96343965763631,15.432215285689939,17.34777746381968,18.097496123417564,13.312730913414903,16.561811562465586,16.91646191089049,15.222553603027178,18.296777186834298,16.42906511736953,15.242894807263564,15.661790977353634,14.908257795416791,14.251231217513912,15.092612853516703,17.417682864743732,14.03929533971393,15.352194009915648,15.611130801879842,15.770701835417878,16.098075913994208,15.367054177691108,20.040180890456494,12.086605161833374,17.79970779431903,16.037269180579845,15.487686567332439,16.63538846373558,16.06591382638916,16.331074011714566,16.60894068432593,20.64197118126828,15.334843491082607,15.544998309534535,16.342111194060877,14.922790555850325,17.458514130633812,13.414354317214178,15.222796710936919,14.36861064349828,13.84958983115528,13.156579880286818,15.512486134979717,16.228921971891236,14.681276450986452,16.17110437122376,17.20459374914999,16.176194158058774,15.130128440001737,13.884750712824905,16.239932650133323,13.801160310921466,14.533385528818426,14.355367167326424,16.36036701370841,16.929344140317134,17.496456343194716,14.958547087629205,18.6280232058919,15.245552681062538,14.302347237902248,14.211286485195162,19.92714171565098,14.618401035990399,15.775757419026416,16.39892808056396,16.003399762122534,14.50425101957365,13.429617577920789,15.660127292994574,17.18967844367675,15.807292704996856,15.995890489414988,15.220999597855238,16.166904540327582,14.585594076825226,16.38547404790702,17.42105038010556,17.894928073419422,15.152812818794146,14.90683185276778,15.410003657574238,15.083483943472732,15.92891339147869,16.007338694580223,15.99539988066839,15.344864702236881,14.313794232580973,14.433380491707636,16.074948632684745,14.237676866028625,17.680081760753755,13.028159789903006,12.9959399300101,19.075248251142714,18.172666499193806,14.850188675134083,16.154062993824486,15.916448024304021,15.380155971516734,17.0923015313304,16.21017255180556,16.127874064704645,14.988409006725187,15.589895910542944,15.096025273851726,15.793686782536302,14.919290265311373,15.589439511299133,16.821155704557892,15.56005148136098,13.980502996107806,14.495791445607724,14.2373654053587,15.263232343870659,17.880364299468372,17.04366160216539,14.143185088653928,16.282697604068197,15.794772775276847,15.260289155918619,16.73837987706065,15.179844121246242,12.538973787718488,16.52122276928276,14.345762743574127,17.025543440011855,13.520767286419874,14.396676933635838,13.575602131045386,17.04613225226817,14.592845821753144,16.647725325239747,15.97680368995213,16.656292954864707,15.43418558994713,14.055587682387108,16.729555164828252,16.569044766218767,16.14625175880349,15.620277482854283,16.80419753621454,18.87135358608288,13.416600338142853,13.855170446812458
2080,14.581748086473214,16.16079327075378,18.482831226742782,19.758590407993488,18.05676140733388,20.187023375345312,18.53091025352478,16.699943138205487,15.838854629060496,17.51664756691974,17.701083048206314,16.844125759342443,17.28266586428103,18.28591701258784,18.74306255838146,19.058705791183137,16.24756586422091,15.710467227127241,17.02336604310119,15.429839486175263,17.561519096726958,15.555137473603958,19.906903629717622,17.106485250203505,18.624580175980277,19.996295436568886,15.316902751507971,18.207828669444375,17.96004862888999,16.826366319604546,19.533011358717214,18.32764788814214,17.313587478969414,17.30446703472863,17.07582897595737,16.435207315113235,17.08890678571618,19.82103176220604,15.39908015987148,16.94731179009313,17.447425542966183,18.057307621707086,17.63539436589117,17.236743564191077,20.41192055785138,14.581239168046285,19.010340415913127,17.523535917634554,17.085059585778616,19.15454662364462,18.486675796301473,18.754076488640003,18.768038690090176,22.216060690257866,17.139361347841184,17.70535516479741,18.131334674099218,17.19165460182273,19.003710150718696,15.531749380752444,17.179268008340966,16.70762737556968,15.084552596768606,14.628616385809758,17.571240868257444,17.83927525126416,16.27125816889432,18.278415679931644,18.374507380568467,18.26509950471961,16.85143901213356,15.897999908613121,18.086287157934,15.196019665054658,16.555164917655617,15.532631709523825,18.15774725960649,18.815490436294805,19.59374931065933,16.50349046613859,19.88891623331153,17.275843345600627,15.568678138048753,16.14882206787234,20.293253318123195,16.179698449438032,17.448944726715922,18.876434199188065,17.70406626553639,15.92935439296391,14.780067464579714,17.355846355142805,19.618887642155528,17.573270087656777,18.18357739500378,17.58582157544468,18.227417204691026,16.57517721989881,18.40529179573059,19.31397814336031,19.209038806998215,17.26204227882883,16.94327746266904,17.247099604295652,17.048554490441866,18.281783837339155,18.387186737164207,17.72018999833128,17.290902231050577,16.31563756129016,16.45984435340633,17.804850905485775,15.493443175826384,18.69388605200726,15.06054227857891,15.262688030691255,20.32182898728743,19.335203756456796,16.568974681522537,18.153399711069852,18.501243648321733,17.057985656935237,18.59637223378472,18.489591474118445,17.84534358071244,16.747685107847925,17.508313510728925,16.34872212358143,17.31068820279578,16.714985117964122,17.30097463338272,18.385111230870947,17.671010867409088,15.193226329334404,15.634224790593855,16.398550823978763,16.87210636294406,19.044009379718617,18.119257558947027,15.646873930226201,18.081222536771197,17.486660068449773,16.891702024185143,19.02283209303151,16.42510043797286,14.74467004260615,18.635013751361686,15.61577400176421,19.20490493981735,14.757555745865988,16.450034412352935,14.98189451124357,18.87273301767266,16.758316038743313,18.480641335248958,17.828672411649123,18.411090153390948,17.476925901744675,16.00598881037339,18.92546414810678,18.350835017535996,18.638022433156554,17.63019505791042,18.570831427107695,20.15312073541725,15.594690968808921,14.960983614558762
2081,12.454650950172676,13.5565207587636,15.570640186576737,17.43251592180004,14.961311983673472,17.243057808150414,15.261599436078384,13.938474562505018,13.244795106513347,14.634206784160241,14.164600765575534,14.327081132599194,14.480426874821605,15.082456869144073,15.290982883585531,15.668084531374605,13.769202302979386,13.441175197129665,14.423667266964914,12.688633923945222,14.371047866692688,13.216815269511681,16.796230908969175,14.34194783801618,16.0837062480657,17.395585886810135,12.470602282687372,15.401017020577974,15.747575378936276,14.21242267800414,17.245668055570643,15.576711939728778,14.200223604986524,14.601201552411789,13.890601779455729,13.131305148744065,14.215268263998238,16.501358071423095,13.08079413761911,14.372606591685962,14.433966001738675,14.71630175160649,15.123228158963764,14.55039573898134,18.767635754916977,11.118504370360268,16.53395827827247,15.093378500769967,14.480771376710877,15.612550719924597,14.92593671219505,15.261772753103925,15.614651618768342,19.24654809417932,14.24847027724204,14.700721795792164,15.139582737632422,13.938041230258735,16.06286433339119,12.579358844329482,14.08384695535769,13.519132599396553,12.49359046570633,11.897324164681466,14.542346466494646,15.163005897532338,13.704194581379067,15.178042002670148,16.058093353458073,15.20884046331048,14.186740414603891,13.023688434582692,15.00528032753779,13.032546042100245,13.414652267875882,13.094232302037595,15.17000048575194,15.618665426321652,17.19567823928336,14.070724992162512,17.073927175253633,14.428879177440768,13.29972886715246,13.379834253178993,18.655196208020914,13.590858079816984,14.729817187008653,15.717868493303014,14.910129405882046,13.668809818832774,12.690640448228182,14.432421804770184,16.175451989305895,14.690881890447248,14.94675394471573,14.283914718453008,15.227924665679108,13.726696145923242,15.432615465990713,16.12233649518179,16.588791465791672,14.115249318273172,14.044061575894771,14.278773929113926,14.213216252948927,14.824025053692905,15.010136316651888,14.875746007846748,14.536748309822189,13.47234386076098,13.433551010554249,14.8571746867636,12.89072876326416,16.49343371650447,12.184247908384899,12.006964784601463,17.98989613030268,16.73843926580057,13.852447837591178,15.22982838490735,14.725898865772333,14.375371244290601,15.791073736815672,15.260743892711147,14.940834342137633,13.822550401739457,14.715308954210387,13.934277665355932,14.799052965057934,13.880469733282276,14.676878983073909,15.748825734724175,14.557104539045179,12.637341838653967,13.289293466702752,13.15550926878401,14.250244901232097,16.51104345723339,15.867307305336,13.303182001347132,15.105911819385769,14.727699154744975,14.213964665713522,15.700529555587668,13.857796347011691,11.655857312290564,15.527185445894366,12.986248176058997,16.02566012902105,12.164044206233136,13.461777104894914,12.7553374670122,16.036625728982948,13.508909995789113,15.429464112157406,14.792528033479238,15.458157967290155,14.550952964502832,13.248149230792794,15.714325812199842,15.510824624651477,15.017274342801258,14.583396835009692,15.58920275257982,17.33034772717435,12.63513308795898,12.593223066919524
2082,12.948591398642115,14.204608808555033,16.71673983983372,18.902161769244984,16.649989488089215,18.537756718857132,17.114162284880877,15.227213782622762,13.887472898810698,16.004079674573052,15.910547598224621,14.835261508174565,15.543191973929824,16.933611605802312,17.198525009595834,17.574464094379675,14.263819056259388,13.875990703701978,14.95813498872778,13.647377430744793,16.17445347231368,13.88700623356778,18.593950518447425,15.389571307793908,17.097372824731085,19.054919727470573,13.746497583170624,16.496433333858203,16.63589213464571,14.770980619218038,18.68075376878614,17.02290332187777,15.922919112055201,15.169896749698598,15.532780781064346,14.963814301659234,15.389652313259633,18.55205070834769,13.536414278590161,14.912340454109337,15.827622179751813,16.578320023158327,15.737606400704905,15.807670628409022,19.73378470669622,12.703000103568899,17.627170865950383,15.750991248323215,15.012941475957632,17.39825515760332,16.968267884591352,17.054822351297613,17.35769882215106,21.12791648442331,15.349928783333825,16.187748643367193,16.23497256753035,15.56975056862702,17.306240539471418,13.958344173820123,15.621179487394254,15.003206392993098,13.153055911438301,12.81524147372693,16.10975314482399,15.741493545796562,14.210539220052814,16.899344630822867,16.997077770855118,16.85057079046965,15.016013724972375,14.275282132560791,15.766529063167779,13.432337312594706,15.06883279590503,13.688106195029357,16.070660767995793,16.88531959769519,19.26741182415382,14.568360040936133,18.327523563867036,15.740199203400513,13.788308551777964,14.637617198203733,19.620791212372158,14.175326333745671,15.299342873060834,17.42444540948972,15.49501377538495,14.123689826415932,13.065841905448753,15.601678483188154,18.222889256542143,15.788127979506614,16.778986356018677,15.877939618152126,16.827881581109505,14.993573166025076,17.0675566368129,17.36917678687884,17.684663171677492,15.869706632650415,15.297827778303107,15.646079560984736,15.369259050358897,16.756647045845575,16.72068141821934,15.473719905252041,15.80324426698296,14.702435099074378,14.969419674542936,16.06435134942117,13.561948905820435,17.422032208546348,13.476473051892674,13.59847002249697,19.462402960528493,17.83743687330382,14.892072180043096,16.811330997263607,16.806000042868696,15.085906454402467,17.05881543878628,16.913417810979105,16.090717638640307,15.081824596809303,16.028211852717824,14.504403578198474,15.343308476812165,15.0574299633179,15.573168892737316,16.79673708521802,16.307387081501282,13.281049211550023,13.854673112702107,14.966385735117871,14.806815095731746,17.574705648033515,16.74479800462723,13.754095273173373,16.254856520210925,15.313130571790364,14.78284990981869,17.539622091242798,14.49468433052686,13.083466094635103,17.22446680587271,13.647094286816275,17.79722167843062,12.833903152495624,14.91598555089339,13.161998764004396,17.644626972306035,15.32857187416243,16.596839116805278,15.931577420429045,16.10854082538382,15.815129233443221,14.519576841722364,17.519450562479705,17.15659656788668,17.044697531539462,16.2873460692556,16.775642012488913,18.583373817412756,14.01270828752415,13.162766616143616
2083,14.168254543905677,15.662222934805834,17.82283975248752,18.95984110106593,17.052155503112342,19.40583139269249,17.394221323177867,15.745986892477326,15.417880085499393,16.525485109213907,16.98177812540013,16.313854096376378,16.66400908516801,17.182064299998075,17.635046489860702,17.961446095419973,15.691533557584751,15.154894050048744,16.53749314970944,14.844488999077484,16.40842649567386,14.44916150621746,18.87565907204281,16.394142643265102,18.02652308215266,19.09053642853447,14.368634816097176,17.54075615172801,17.471532865710877,16.14960035681725,18.72382565166639,17.45949470996857,16.224122033009067,16.670471131801605,16.325191596927848,15.382836567318957,16.164305879653483,18.57612539017978,14.712160434411924,16.34495670283618,16.583671600274418,16.85686108664326,17.074876393312994,16.269132625797525,19.569191113762237,13.37110985143353,18.29672903340796,17.018473478115126,16.643781622142896,18.493932191120543,17.19229280092227,18.119612632886223,17.769358564816095,21.181664325620826,16.47374261850896,17.074873396883845,17.435419095437165,16.518488442120344,18.25679117052452,14.485148200522298,16.259218044741,15.593932663616929,14.688210083738618,14.1647171067155,16.845055181128178,17.25552685785553,15.59802613804198,17.2743549508893,17.725762823353637,17.170329250395298,15.951842443774575,14.870951845594075,17.487929435527846,14.555838214314496,15.58526620722335,15.110689601820448,17.56547242791757,18.063926584694695,18.718370230301563,15.905205998731697,19.073995121147316,16.24331493902465,15.020602659038875,15.311680223630821,19.443362754324212,15.429349794659926,16.879231497118983,17.767150555210918,17.184970217878405,15.342813748380411,14.199774319710944,16.65334278345108,18.45836956766637,16.913444348003555,17.026588628473483,16.36376356689826,17.2633051496485,15.639417329884097,17.48637059298547,18.604527073061988,18.572272383648418,16.2047015922549,15.971280304957991,16.366330054143205,16.106627475146365,17.191413701086756,17.813307838757396,17.1957036289184,16.297674406157885,15.245665112915251,15.784446669013601,17.027431604654897,15.029760808400484,18.16848230621089,14.039951236351676,14.428662009861158,19.516575538593784,18.70595827763496,15.925338231998944,17.232899588735208,17.278306644895803,16.41233469383872,17.75956396920526,17.97763014487598,17.18896979283865,15.990333746308869,16.592584956599325,15.90842590383862,16.819635091916375,15.947818727920884,16.644836888041187,17.91546333872754,16.659001354937974,14.787309992896478,15.21163642924765,15.310078802316085,16.27069504882978,18.431930035352707,17.717094509497933,14.97853619378546,17.413296349670578,16.90053493675331,16.184958602747198,17.992847955988154,16.014719131200213,13.778461996627891,17.6199651700647,15.215824221463308,18.1861706479736,14.333818210531836,15.54539197165033,14.3478046707485,17.988654626452405,15.66997620139433,17.86481050823046,17.182218898897585,17.830680159770928,16.58913638329377,15.04055765076824,17.854875322593298,17.406547045578126,17.542663597704276,16.655364177797154,17.946188999582898,19.351361042455498,14.705168918423036,14.55433580344138
2084,12.836639999047566,14.131165830094536,16.725315848122474,18.57062453808992,15.977727692412298,18.780770665925488,16.279599213527273,14.674081462880842,13.839616813413475,15.366418684954228,14.986319507621538,14.771435604147294,15.531969284881722,15.892383098278357,16.398348267311636,16.730677404643405,14.272192722591374,13.803222478731819,14.910524340022517,13.323678162596797,15.362743722679827,13.642581802347433,18.032606060090277,15.384986245113865,17.232923109894212,18.48294665502465,13.209831268445635,16.50509685488499,16.799058057691745,14.738246742959904,18.391637137402657,16.389442039572675,15.163251796818297,15.1520521859031,14.628031500331733,14.17756742692512,14.978227507161057,17.676478532345396,13.434390114701312,14.863349640175056,15.534351806439785,15.722264789692739,15.592433961837186,15.247742583246335,19.74206432052281,11.956354012307914,17.76722478931366,15.618539396835411,14.95944339943969,16.306871873529058,16.036429095770355,16.00254637359277,16.63710058480501,20.72834982561029,15.333499476961466,15.290861276180848,16.2406610030195,14.684024741144285,17.38644614988817,13.265485575665604,15.216684573694415,14.220777834887095,13.077507967372306,12.496947182909302,15.250119921305906,15.693779886740712,14.191871122497583,16.191411362394046,17.12709044632705,16.090730996559497,14.83652460445529,13.804147052416662,15.777628555893898,13.331959820312003,14.459741777011558,13.622419220921783,16.06493292234676,16.831025856992476,17.74429230068041,14.491015845018884,18.543965689837933,15.122317338119387,13.701736763767576,14.115735555148648,19.619461458662283,14.142000819677895,15.225945754057687,16.50680486404378,15.431759047170132,14.031393321959872,12.976047951242203,15.556757747803047,17.366589299362644,15.789247989654541,15.950575132084932,15.109073368751485,16.17045037124468,14.486226853469146,16.430668469518427,17.333450044788748,17.801899140943657,15.173521258422866,14.819889233812042,15.32511113478762,14.987813948289205,15.933466856286902,15.687372623578362,15.421296450106993,15.228358445820685,14.239081450616537,14.11009160915147,16.02676916252012,13.49096998410381,17.577302953795247,12.923541005214918,12.785969695481269,19.13709985302842,18.055451114540517,14.841349067895308,16.137820929936737,15.953105710770773,14.94513892155627,17.062375125029817,15.854910166853148,16.077466620699223,14.894408423372585,15.479230847695597,14.42286845652953,15.297476259586606,14.584745720028877,15.294503120948445,16.770685542536818,15.552507780816244,13.195319422940807,13.77672023488128,14.199882583611688,14.748445073952494,17.78731529285079,16.929611257884822,13.704276614862945,16.266623936229102,15.24531216842487,14.758742532814326,16.776777871621206,14.428205516675247,12.407493918972174,16.530561069593478,13.582652800756955,17.04474296258844,12.748493340352308,14.205093324994268,13.145030826330185,17.076656360341154,14.56030816159657,16.57937029068885,15.915491122613236,16.06776556534612,15.361349104053303,13.937121241474928,16.733806266408898,16.62762061765661,16.181524693803944,15.644439274850104,16.73378433870233,18.794776089651428,13.273541974470668,13.011452375222813
2085,12.69538435744851,13.774136986745443,15.389246672391891,18.53430300173552,15.723489660283796,17.93993186302807,16.013640327298123,14.431273926697346,13.558612380986633,15.129845625558954,15.259507085966032,14.237289156926716,14.28730998220651,15.864091356163442,16.085937897796217,16.457135341737587,13.635468321811896,13.3357880640289,14.318324344961542,13.182214853556264,15.119509952223824,13.134337580722317,17.838143817756492,14.163606990938606,16.376944881418478,18.343332347662546,12.931922901907694,15.263995894271398,16.149496809295986,14.12414140788757,18.3375339663547,16.165743454642918,14.922960591381008,14.484158540549485,14.917941220104696,13.925687832676847,14.623875266305454,17.445864288703255,13.110708652631097,14.27695550279864,14.602822382488977,15.4456603501154,14.991078504725643,15.014204384192176,19.47600039191869,11.636104394489417,17.02836931788404,15.018027381242618,14.388991633713575,16.66918402910233,15.733403591682082,16.323921854081362,16.379769668630935,20.67725178988084,14.05662318934565,15.399084202621294,14.978202218594758,14.98104414692068,16.287280066181783,13.04292535619892,14.47240362486438,13.983956437314985,12.794040073843107,12.388666180811526,15.544013244950255,15.032226594974818,13.552189817895066,15.94463587066402,16.30446243804434,15.858139064001005,14.31769797789014,13.475122931534838,14.805978962908625,12.910413603419846,13.983702827325985,13.383227137443813,15.017728105531598,15.399742987492807,18.312456229458686,13.98626639596794,17.737756249697316,14.879153708077,13.40039502149043,13.855600407913977,19.370959406313688,13.51474061604265,14.627530087595408,16.40283501148224,14.806942341606257,13.570001323585926,12.567143147406371,14.247816958667144,17.10466795900594,14.506448973780094,15.699568127160488,14.800851534566153,15.907596979452217,14.201627897017676,16.186896344889764,15.890793146322608,16.860722922760516,14.91330191784578,14.503102529551024,14.493353580327138,14.60765025303092,15.650353372744897,16.03888596270395,14.779001160970205,14.992870151996613,13.89571605881919,14.399822537422825,14.705351462749686,13.186926316469908,16.971515204595487,12.627581384194936,12.854096028872807,19.115728233171545,17.303729505642604,13.653767246267073,15.903720329637112,15.60361310256564,14.40923523987927,16.155222108830582,16.252837486889053,14.760263724657507,13.822199091639208,15.233980972481811,14.146047184608234,14.709023192281956,14.440037994605044,14.8857577285203,15.590557387341624,15.322849362440737,12.92757382444309,13.579506329220276,13.951983915398953,14.153633535232233,17.05783957242966,16.24531847497692,13.185879652590856,14.937168508768083,14.634386600359626,14.110619522955108,16.49726855236551,14.170954541505681,12.207220285159096,16.27740044567896,13.302855056589065,16.783962293811467,12.4600042892701,14.212191172187095,12.627469800088718,16.89478314959484,14.314412209488777,15.213037144919129,14.572684207688212,15.320508349200956,15.05789444757545,13.708878636360168,16.4905477438284,16.454814356306326,15.88021795872761,15.416029112494508,15.389562462982926,17.978439555219982,13.067238959929217,12.825412980240325
2086,15.072781195783092,16.371443635743596,18.15185509103796,20.428250904964365,17.575931694196623,20.700371163046878,17.97018267408661,16.5046907507855,16.15504435870959,17.232216262299083,18.119975338811464,16.731902724374894,16.951649453490976,18.264371695725814,18.181653074596237,18.51805713772774,16.101234772930976,15.552562348868538,16.968110866196778,15.74900930148104,17.011074701081153,15.713397702445155,19.9144126954286,16.68836151193018,18.816531261672143,20.109479402718343,15.038587924578916,17.94043619258572,18.346583024315212,16.63363811373711,20.207156128857445,17.843409150838855,16.841335804566096,17.145501161399096,17.401875239351526,15.968596369028091,16.77246945578119,19.617673386698183,15.404079404862031,16.79248046162336,17.12759592416494,17.4862122717111,17.626062523411672,17.02217385691145,21.569340182387315,14.181315899543142,19.34220542078433,17.50941042569669,17.02243184589822,19.624961310106777,17.851268630960714,19.22233903019325,18.287215195272278,23.11045853210533,16.69929325062296,17.817250233953416,17.794242161771532,17.57407370598421,19.06470879523651,15.246907476578725,16.791214374096498,16.34564351549615,15.413832435789315,14.997356125194093,17.875487426052928,17.753409533073075,16.054161822018415,17.803186950476274,18.651148469551753,17.799349295056388,16.547444004079576,15.566190250541853,17.901987057735983,14.999883618043821,16.159484661143757,15.921453052888749,17.923099725466702,18.572340354971264,20.290890435809676,16.345771826317783,20.298647469152574,16.995510536691416,15.726138850916993,15.937510477459949,21.470330471577853,15.96910379567872,17.32814039419527,18.741757653329685,17.611024089319553,15.79633408493322,14.59856139188228,17.156634805643044,19.27363057499347,17.16965007198894,17.624336145494294,17.17969221394995,17.716473192948367,16.30835684745208,17.964533095774442,19.04960575019536,19.395883264748953,16.765252813048985,16.620883324871897,16.90708545886952,16.720884678156484,17.748752954213522,18.86152737036995,17.613840653804015,17.023940328670584,15.97325513933016,16.80981488331505,17.513405369999624,15.779812056733212,19.139889131421626,14.753822185423063,15.406604766845703,21.059052366277445,19.806191979543033,16.142872907545257,17.685026334193736,17.865289383608363,16.912665249860805,18.616010576486588,18.98055501347003,17.58930594571259,16.496643498539925,17.263750524624538,16.63202545840455,17.252659057145536,16.77660499189211,17.173294632331185,18.26485494815785,17.19651036936304,15.566349218559008,16.046229723355047,15.91261388167092,16.72717824675467,19.480452972909685,18.56576447901519,15.40685217730377,17.700325595295947,17.351595679379027,16.680164197905235,18.519579625648,16.782719242831938,14.519912249449154,18.14253351351489,15.93617764795604,18.70233911186781,15.091045248443665,16.47162078774494,14.746828477343787,18.71314196677311,16.26764731044355,18.21101539355257,17.488050751064133,18.33772591177536,17.166032386862714,15.763499436171161,18.405930468569633,18.340724615947064,18.107890655165132,17.29214095551035,18.361209503010567,20.57977796961433,15.289308761772904,15.513388095990473
2087,13.98366688515829,15.378639152840428,17.7218796533087,20.74739229160807,17.34820148737535,20.944698753564253,17.73154476932858,15.791851437610129,15.079479981051843,16.597987283831056,17.198940585488863,16.23546530759853,16.588174954704616,17.67384603749151,17.94639073247495,18.281725515489995,15.569712382295858,15.119994640350342,16.43424272407656,14.648320816133339,16.794599367224656,14.853485133336942,19.871263073838275,16.341268368389297,18.953640352124754,20.019210027611773,14.393712867861211,17.53008064757223,18.714977000070654,16.081224722706754,20.52018769927647,17.820260804632436,16.573743348536283,16.552891200651295,16.446269403333254,15.754266723342564,16.17183567648349,19.36343051557956,14.689524894175323,16.24971665895503,16.67039010317429,17.161864633145544,17.021416883105818,16.328035504921626,22.1453058719635,13.452504288405182,19.58224654715994,16.92478701601858,16.524575858012494,18.676466993663627,17.546070606812187,18.29221673633742,18.06132890348849,23.337519044461466,16.3845069926718,17.141344065251563,17.323245058888975,16.706688725430034,18.902754127979282,14.588050878566245,16.39146053272745,15.687268505925717,14.312445003701294,13.930095888350326,16.9670807848806,17.14325816475827,15.5203946336456,17.56239870320196,18.89421225630719,17.44244832059612,15.936895546705829,14.899324707362968,17.297797007729176,14.583397225193357,15.849315879137617,14.814361254158232,17.39978264855302,18.006889238305718,19.626918466194827,15.838817868543709,20.543865027634997,16.31735693371814,14.922066284262621,15.296794321226042,22.057084062825083,15.33198294043541,16.758346425450366,18.16899807556816,17.03848045675651,15.324687063694,14.212714073450673,16.603664355433505,19.04236499641253,16.819244509157926,17.39216600293699,16.47028053843457,17.59387178524681,15.662402510643007,17.73827722279922,18.528479990751848,19.337235611418023,16.50656791355299,16.01576573952385,16.540662387143012,16.103712569112364,17.497517414714984,17.99606800597647,17.034594984806102,16.37416988352071,15.311742476795033,15.879966735839846,16.954043435013816,14.68220387917498,19.449273425599802,14.08420501584592,14.53959654984267,21.39958101770152,20.10186624008678,15.861787122228872,17.544700130172394,17.61645585039388,16.355579174083218,18.51364291232565,18.15089729557867,17.122794765493143,16.04976094805676,16.665494514548264,15.696625603281934,16.70730629304181,15.90248815391375,16.5976753960485,17.828126503073655,16.95746821942537,14.430170355931578,14.973301256480424,15.653708758561512,16.166047885366112,19.784136155377265,18.940371902092654,14.958223316980447,17.305816126906358,16.768512009278588,16.105653142799508,18.285710396973986,15.690459849393886,13.838814967352414,17.931254770444784,14.85209186780064,18.48920701897663,13.971142339965576,15.624400773774022,14.332618117332458,18.64956551531087,16.010628218236178,17.773720824200176,17.10339956957361,17.655844128650166,16.583130494407985,15.122179344944332,18.16719884976097,18.3386735190516,17.828446714774422,17.131314044413358,17.856905786887463,20.806362027707316,14.765672582647074,14.313145488176657
2088,11.699371436691806,12.658904736456666,14.032600945914572,16.480519328995243,13.985998465801066,15.715018002559315,14.142450576162211,12.653649906182421,12.535326801402416,13.336840902333675,12.831803037744502,12.870219446394756,12.998198631098086,13.473920729497202,14.150190029212315,14.496471863725912,12.342603655936928,12.124262688114591,12.86996327729329,11.859163361075137,13.29120414606903,11.85387236689744,15.715510291249858,12.961744136136513,14.78618243531041,16.291800730254344,11.230834483209511,13.923479625550298,14.571610218804816,12.763069309942106,16.280499342343084,14.651243352695657,13.086678093785181,13.058283494623458,12.775603789876659,11.980869296452276,12.96272240579128,15.14796018551873,11.998415063904684,12.905700165292494,13.006663325364174,13.553396761741329,13.48606416647849,13.29955072247464,17.77489325533742,9.527192385803971,15.208022396849545,13.583326451480394,12.967594802703546,14.0372989271646,13.744968998205403,13.77565809193513,14.561280033510664,17.955861630890034,12.808044052318387,13.249223294465436,13.559511990812814,12.725829446566818,14.497094210723176,11.156144936609527,12.81714430202366,11.982087176293135,11.767729564610383,11.047516753532642,13.509155472856946,13.544594076178646,12.235669505660951,14.177692751683626,14.66835222943969,14.064951299284791,12.923262159623532,11.81635015619838,13.21856502702703,11.766953332268674,12.198014524319898,12.339359705376888,13.52814888337668,13.797828990206854,15.838447962442174,12.676425448294891,15.64691235562382,13.085052881794779,12.298036719793863,12.157058861835498,17.649993487026382,12.247299501267467,13.176416604415227,14.16976543548315,13.30937759549884,12.34279940026286,11.463940568916174,12.79353226818468,14.894004512416279,13.22293910076437,13.862856252037961,12.82072480087695,14.242760362184566,12.478595766765268,14.496786628080452,14.314901804794442,15.164550817531094,13.136471678968517,12.793324841267388,12.886185279682929,13.013341516256334,13.69018781023181,13.514768057674903,13.276225252886832,13.269124902035719,12.24841856373393,12.337653455202997,13.26854025604932,12.18139252925049,15.257455226843774,10.914576871563556,10.72590955301775,16.946191146321922,15.388195371498233,12.494334450558478,14.259959688653117,13.521815229045313,12.906521445302216,14.4327573089496,13.763004608695276,13.349049687223593,12.303874550225297,13.45971554517746,13.038529548794033,13.30571475819401,12.83728478881328,13.311036743345147,14.244695785738852,13.538276588463265,11.877311108795846,12.563948735108845,12.063392532908399,12.779247136219688,15.215757848128028,14.681224273598712,11.987003841639858,13.576335653500715,13.186819013694059,12.750431522767508,14.561011746849701,13.109656232206717,10.27337698120138,14.522196554457365,12.263280049249854,14.913302553736646,11.442681408264555,12.346850441201878,11.519201151378779,15.08446737605593,12.442278585842121,13.733876003195412,13.161064981442433,13.694191436080828,13.319765209989702,11.967925618200201,14.65172234363854,14.539935497162135,13.781041737807834,13.579290789430559,13.896596596900212,15.891833693811508,11.162330390966462,11.709259278748346
2089,13.3419895120289,14.688001544579215,16.741039887718536,19.661043529925145,16.20253272678541,19.633688911147743,16.414545961048294,14.91699052375296,14.439722250337189,15.620527044586515,16.19013825447663,15.30096730719442,15.590938847997915,16.482485817826316,16.581062684888426,16.935795530028965,14.711496433486115,14.235526908998905,15.485046270100966,13.973502428635307,15.488706707954409,14.156398260075118,18.641862071078755,15.360154426616173,17.778086423873905,18.83425913686338,13.458744520726414,16.54655295869578,17.523049841756404,15.1461417104887,19.45842279558596,16.624885745670486,15.321437195591304,15.616986927778825,15.603163488533186,14.424250740072,15.227179973021798,17.90714852187945,13.825465549593387,15.326306980589163,15.602947468342988,15.848732020543972,16.079759273840033,15.440145959024845,21.104206541310187,12.24573048317562,18.423778222954795,16.066103893777605,15.583835941293966,17.649069796437804,16.130549368651014,17.277535013530564,16.860825149909314,22.025405438049994,15.352346555046415,16.161349607550584,16.316403933193374,15.796985387802124,17.765749314556956,13.543915852256443,15.303215156430786,14.523531215346377,13.694632924121361,13.22430419144423,16.161385266677197,16.208592396715414,14.609230103700062,16.399186263913695,17.715720311455105,16.262823208518654,15.039000099119933,13.978226586528452,16.26668742169505,13.700297334919805,14.639688043490702,14.194285348705623,16.412972066713415,16.877592716528028,18.822499145632204,14.925754041775413,19.287368940270472,15.34369760233423,14.146286850390227,14.387289998324025,21.027443896169242,14.47583508750667,15.786763061647825,16.98312839736109,16.055859773055364,14.452676083730614,13.355405112971436,15.592334788778556,17.609155903691835,15.817316729089491,16.08727869261866,15.2742128605428,16.360384282858476,14.736254603966422,16.659749964009162,17.39593291282654,18.245867257532865,15.321575895599697,15.061921904916348,15.415071873561196,15.177166461944575,16.16905228987984,16.997603846632916,16.050992273766067,15.447074493636256,14.362386918586235,15.064068897910746,15.997636186039971,14.07009946004204,18.321995807730637,13.116830412460411,13.581447395293614,20.28133230623991,18.84750397827315,14.861224791278007,16.37225608722023,16.13198075087174,15.408262581928922,17.43033149968023,17.168755163317144,16.111212870349053,14.967678176320117,15.739709486132085,14.974514805752298,15.821187449538192,15.118386247883672,15.718399229257003,16.911728646444242,15.769035147584002,13.807212142840681,14.323685376540476,14.390502686085908,15.242904266585477,18.554482449655957,17.709014249884575,14.068861904351607,16.29818753055905,15.801777909631314,15.168045875818835,17.000944640325464,15.041394933410313,12.796722848778186,16.75340056937674,14.212900470132412,17.23089576285819,13.346397200356359,14.760410764942998,13.493501772051275,17.54153814004816,14.748595857101932,16.690470428570457,15.994222822396656,16.666401673918187,15.652086110218711,14.190270677856782,16.92821515124777,17.18640013881352,16.439938887305885,15.952348833498752,16.820755930050563,19.548725252566136,13.68567414128262,13.635600012281667
2090,13.389190269553145,14.627160431250282,16.538671252196256,18.61484302126843,16.281076296840023,18.745356384826746,16.634030952563748,15.053472285685332,14.417898101529673,15.755346324132836,15.30805949672409,14.971748504463747,15.376401853302252,16.29812875260478,16.759400662439674,17.068766211321496,14.427337671103684,13.992713306261146,15.09699708612069,13.822493830452794,15.729402259640077,13.994540198989537,18.227399381606475,15.263423841284666,17.239794430525407,18.607359352319136,13.618105275475461,16.39908612940622,16.860059411629383,14.938905075192453,18.42377455338188,16.773621639479767,15.513999346157782,15.337838030379753,14.948220251371032,14.525232028702032,15.358367366635282,17.91651196324307,13.846452236175539,15.059653146921292,15.581758703874504,16.086800870040193,15.744690599284423,15.623580513764985,20.026248237361077,12.435420757038116,17.78550933754963,15.739636688452702,15.142033998247074,16.598091844631277,16.40759036851966,16.234834830398146,16.942030132869665,20.745134991148248,15.16588369400605,15.593546241521834,16.111356556415558,14.98767083041046,17.317474053605746,13.719148394044327,15.33825089490932,14.700774683758778,13.652520088397939,12.994838102032311,15.576288108592449,15.877646612732306,14.390415343253508,16.486541239139825,17.186979724013288,16.458897325979628,15.108805936315788,14.213711497576341,15.851400304099785,13.541585007439487,14.688267258198366,14.181306054977622,16.068633430677913,16.688680065714795,17.844464058461398,14.691583165008089,18.518040710169338,15.542774092244068,14.10677088732305,14.488415654586714,19.912993918294497,14.370798012484672,15.421579415707484,16.911774912606116,15.627742111682897,14.219900816679006,13.171354729196297,15.42484061743902,17.64716150384882,15.61566590226215,16.318511183171175,15.54346626867419,16.53798422865246,14.884802629766257,16.68299371522406,17.178908570953038,17.763132053872816,15.477701219527617,15.238864202214325,15.384035101403366,15.349186426919442,16.252064189185273,15.943925085275069,15.62160330622093,15.645971330611605,14.653498562781712,14.419910997800207,15.915973668513093,14.067090553434,17.56941581290701,13.33542420601715,13.117063005333364,19.19304643506589,18.082423269748688,14.696790373843651,16.468658707712006,16.32827695297158,15.184850576131243,17.033524580623794,16.11637215510659,15.901715305836305,14.848999359685441,15.834326327332985,14.902120241652362,15.47607807620712,14.964659033586155,15.569364215191028,16.66271404274132,15.862784725168478,13.774540890818058,14.34347340464592,14.52874061724414,14.945511915113615,17.828538765078,16.998403875724133,13.911747888378475,16.090151490400668,15.449835444274159,14.963771868011225,17.097014136288475,15.011369609314462,12.798915564285021,16.840249346771646,14.1704869069483,17.36493167281151,13.323347288305348,14.56666668796021,13.338222791319309,17.28702224078386,14.898689818123115,16.39152473146501,15.728346282859212,16.245736082610875,15.7424193724342,14.360781515422074,17.07287449656945,16.8120195813801,16.50131169609402,15.913315549006931,16.593132336502496,18.790772114111036,13.70862453268922,13.611502651125193
2091,14.292304863100467,15.87988664614766,18.442863487679027,20.367236961489144,17.407778215149175,20.891717019288436,17.80166137866352,16.23563795698725,15.461893458405271,17.004137310968794,16.771072376033533,16.888549769054293,17.22916149315627,17.816221417940188,17.969184199105143,18.319894355276368,16.287146182811778,15.721851641717164,17.06830134617327,14.944897728931647,16.860927161315217,15.705841543881789,19.759295375450797,16.99309979055239,19.010531114495322,19.88879010470017,14.79155919700861,18.182357785494435,18.511530067609705,16.815875190553133,20.189684391021732,17.677938901859783,16.66256739037193,17.343230940725494,16.255459322877556,15.755819921584234,16.593353286061603,19.409836769104007,15.24179111615471,16.974702187530372,17.19092701488863,17.325787185974747,17.66412527146547,16.77816832907822,21.210152097370315,13.959425498771926,19.532390900280166,17.53506042905476,17.150222907247755,18.182471275329593,17.701917148964565,17.805381147757824,18.100185622339662,22.97868004311687,17.0317764463632,17.01395191835321,18.078016084821332,16.331743214441385,19.292460790146954,15.031998319470366,16.789824877420198,16.157807700012047,14.717467762732309,14.158635822975118,16.794362464676734,17.869913483443472,16.282435486336123,17.6304580634055,18.862016009247824,17.62564038841621,16.59205472598905,15.34956806055878,18.133691818655837,15.186757691528488,16.046831472412403,15.186197032747064,18.161099305133455,18.774102161354993,19.250154839909595,16.52900489128154,20.532294374445215,16.78094839563837,15.399863502253657,15.643230140897572,21.08430436901424,16.14417563492189,17.512212444258772,18.367018319342446,17.778726732601285,15.939291018506754,14.770030638445979,17.328122290580176,19.048602086046472,17.494462767372962,17.462880604293037,16.957330289094347,17.547176804231565,16.058264525688212,17.785713397938274,19.278918464546617,19.569453594477284,16.607355441088263,16.402529318695482,16.935018977231312,16.543014282765597,17.538855150989868,17.461611799571827,17.797863303157303,16.813947498798374,15.782260064359594,15.684830494548969,17.74915440429164,15.11887687396096,19.299788267716128,14.52973468326356,14.47252117810042,20.987557913946063,19.968891195628963,16.458131914553434,17.5176296700602,17.637775943007163,16.952197967405915,18.82897297454917,17.624838575072914,17.823336412077364,16.600019158552524,17.018599221239924,16.097657226997875,17.35613831586164,16.168199254118882,17.0892502160176,18.41883943132732,17.027233117948416,14.837942123413086,15.308687557344852,15.740695318774037,16.911223357795162,19.64122586146645,18.708419519922018,15.64584231376648,18.018342443134475,17.55088328782712,16.891154464334253,18.29610683218293,16.056475197491444,14.133833389891233,17.97307910608209,15.238620320739953,18.514895288840584,14.393951466226065,15.760512604013735,14.971966648879256,18.5578951291416,16.09092832551055,18.45508808156719,17.75826393003049,18.475552644904543,16.92253427013107,15.52888288478489,18.22609294627024,18.2173922813457,17.85997168885787,17.11960012303746,18.56466060617696,20.770907643048666,15.080652410245463,14.64074400132117
2092,12.800732692946555,14.238870986129927,17.49145452872567,19.596541674240775,16.085484395856444,20.46543960467629,16.33424933060356,14.62066659460897,13.871790289878845,15.322297070337383,15.277542813964514,15.100461850995606,16.253118787122816,15.956895491351258,16.42276135216589,16.792346793672312,14.610912027566325,14.05181100057519,15.278856855371727,13.447492534699647,15.407894989718562,13.91040374403415,18.547167731368024,16.062725689100184,18.460399207861528,18.670772303705636,13.142569909925045,17.307157967401594,18.133959365927655,15.068520066530809,19.422509203786436,16.42462939283123,15.202291675235914,15.518155494461894,14.886317509671915,14.261508889820265,14.96447816102401,17.768617236095928,13.505249800889391,15.20166767420976,16.13025139466576,15.761393536692081,15.991074435088946,15.162972185922706,21.239351863446444,11.847557981215099,19.157558721044794,15.992036443689598,15.306406456491226,16.577459029529404,16.107089301814202,16.267601075379748,16.724302405896395,22.01922054394433,16.002808933672696,15.361484874849737,16.950548928716913,14.985668954641927,18.600265902021658,13.167393854778746,15.645254158455392,14.070965129396187,13.136341211588489,12.600310378748437,15.50947806109553,16.079699539619945,14.51893488997999,16.28476748259171,18.361396945041157,16.10080227126246,14.992977370386543,13.742941128171012,16.319414337044183,13.525494964226432,14.728718016458595,13.640665104855668,16.66306841632594,17.76067816952001,18.405096427254055,14.791452011336451,20.117381251376603,15.03545624536017,13.76950468965199,14.047355208707895,21.163916504901387,14.449816811343897,15.559188143066743,16.511178778565448,15.803964762584025,14.261145368866304,13.170083066691523,16.427013651184414,17.44430600041929,16.48980759019437,15.999769786129827,15.009774697863538,16.199052924695227,14.428964993228083,16.546946789907373,18.246824103852983,18.990748752718392,15.25630250184432,14.769866956316907,15.802623072396157,14.971895547016807,15.997724657473361,15.97658742510754,15.80626264344091,15.145594814549321,14.177260655423872,14.371460278397022,16.873369499393128,13.5489249566327,18.926742387854535,12.845363786039147,12.92497058083182,20.21809814287268,19.56937610066456,15.465044773143276,16.200318999912433,15.955851793289185,15.21658424190853,18.13706403711568,16.11972608773606,16.86921865525453,15.570848773355072,15.430808531201407,14.484905984090721,15.652191965476328,14.71410739162694,15.449806109718656,17.558021322540615,15.636554645455407,13.248921740314234,13.765156919541566,14.289803782235024,15.082415160925494,19.253090848093446,18.299155613650452,13.9638130898061,17.017757739709772,15.589513294074852,15.099494071110435,16.844223846559938,14.448375479034757,12.352593348078107,16.632257487462915,13.631315804046134,17.104994312576626,12.809821515141625,14.309536597003108,13.413597822189331,17.41452788270038,14.651403354561847,17.410893035971604,16.67768769160561,16.504722193531368,15.315836279288584,13.859169309553902,16.80247700732687,17.091835897901785,16.246566622153576,15.836370535518812,17.604746460914615,20.375278965286597,13.146619592023933,13.027367625547493
2093,13.699133443241207,14.937272666265132,16.77676401578861,18.63798046889513,16.615264624357224,18.908295315244928,16.987412930182792,15.346853723344596,14.695016157367956,16.117080527965147,15.907626174714254,15.495010596497554,15.650736024846198,16.793371380671214,17.13154205939044,17.46031923527303,14.934217292329539,14.500366821237234,15.643697606804578,14.135022186390731,16.060470388797317,14.251429734022722,18.448891714053314,15.465453926635826,17.445626793996144,18.899523198604584,13.918069132644197,16.54789162653944,17.079848965872888,15.389724773233354,18.460895631624307,17.08302399904832,15.843019321560865,15.857412259312696,15.418231796959173,14.87900022773639,15.649148740441257,18.309384245587434,14.245634032332376,15.55453734018627,15.745652114567553,16.4598540365696,16.23291099071503,15.91037458991227,19.346874107485238,12.88997112878639,17.955432658610135,16.19362260547021,15.732413839791782,17.36595986524354,16.780369388020553,16.963650782471117,17.29382538018019,20.785373264680743,15.480270035888843,16.216593554486405,16.3886319178602,15.531236461485214,17.444408678490184,14.105969358397571,15.526446786263715,15.18225678542386,13.951370506992811,13.380621218810916,16.00917773159302,16.398309512630753,14.892645862763345,16.822560636893567,17.291622496169545,16.800256639071137,15.419858418728994,14.456527160561606,16.421127989483267,14.049834395232413,14.975567119277041,14.496743499002744,16.516934164678275,16.872662140866336,18.345125488612965,15.177230206520665,18.6457271679588,15.88112451945958,14.496752094315445,14.800344063859919,19.222969065541808,14.763158503433937,16.029129073347736,17.37783645093441,16.24345256363892,14.753969547541246,13.676351371018782,15.577311670043228,18.049095243863437,15.903298002222312,16.65017099022542,15.953503289300462,16.853561510210458,15.166833305164529,17.01767835021019,17.39499610306128,17.885366704152982,15.778316821093144,15.506609830195488,15.631531881249469,15.625867866020164,16.65246579504532,16.667169644132905,16.23172599611723,15.946096540793127,14.884453739808952,14.906908218141483,15.99465453392907,14.323414378192114,17.756752501363344,13.628947483456653,13.599094644188886,19.204056527303607,18.242142559879504,15.010512616323387,16.80118476178335,16.734303293020833,15.637482385110596,17.122863345172092,16.85696247851719,16.130117893542934,15.074163059395252,16.14775457136009,15.25439643876061,15.969669789156836,15.288944554393707,15.963476554531118,16.861849532179214,16.201073112695113,14.094861580139916,14.636498408796994,14.867304484481396,15.475094410064427,17.99005720667217,17.265086785606726,14.368122694285022,16.348119272486027,16.04057920465003,15.420790385940801,17.47360025735005,15.292856134312306,13.211016092773365,17.18337369418663,14.4589324178903,17.725577652454387,13.618667838366136,14.900703285051431,13.764607792963155,17.55125072987184,15.219472267057585,16.69643935402248,16.078809473825537,16.85234822656798,16.037038217258196,14.672548677934257,17.41465389404608,17.007020200724188,16.930287179091703,16.19626126551758,16.797221225402925,18.92155661790268,14.200768627874229,13.978014293572176
2094,13.825436725564627,15.08578838699538,17.22142632888711,19.738424358160604,16.924630398011725,19.70783071155134,17.228120314038314,15.707130834989188,14.850362373758925,16.43604440930421,16.412471754395444,15.657386482733747,16.102792651756946,17.165335182910386,17.405895312195245,17.764739228979405,15.040301505638203,14.608055197674295,15.834765929890716,14.370007683077585,16.303978755989156,14.474198377650717,19.120390450176984,15.866486111412884,18.01904047831245,19.297223117040556,14.227424070239065,17.027982978717137,17.66749488270801,15.504780641068583,19.518223741780158,17.323122172251992,16.14315730959947,15.964111518924653,15.918693949002767,15.284875456243752,15.928351611708818,18.635183550741363,14.303368313157042,15.673108629234452,16.2350582609601,16.692273003899537,16.487737685543205,16.235504447442032,20.822920949562736,13.199114233579325,18.49891620356104,16.44203245251075,15.923639970953055,17.940278636372614,17.004407535104644,17.575743874777924,17.612193940774258,22.110928688360307,15.861747599166373,16.718969163687337,16.783861040421158,16.012832826570325,18.083836908897634,14.427383146046296,15.94905138922774,15.468202950918807,14.121807075712992,13.636199052891008,16.467651555071715,16.558550170582276,14.97640683404778,17.14583623603635,17.86933166047801,17.07268502530844,15.561498353014816,14.736500902020419,16.649164801382504,14.105070084333425,15.411573342493046,14.623372023682235,16.8143462697449,17.483735915273428,18.94642927335656,15.294928302583488,19.355742569850843,16.181690373579446,14.585223775842916,15.136501776884597,20.73139546228492,14.837195202870214,16.166106010908667,17.688500152981803,16.42357869478672,14.829010824794354,13.750383125699088,16.162148716900017,18.383062238278598,16.310928124448527,16.899701255657103,16.219238493753515,17.090657104616586,15.499802326135663,17.34742347442586,17.98503568736107,18.521961502406906,16.063173476768576,15.809807629729418,16.058181782779485,15.866680572862215,17.00360117010449,17.249404719342355,16.41680545918644,16.243745134900447,15.140578827699246,15.369689055111097,16.505163003407098,14.474443989684405,18.476416849571727,13.925600642176425,14.051309357842673,20.35724444493004,18.951248886792566,15.368567598902667,17.09664516993191,17.015819250646494,15.843678504876467,17.710063164000925,17.454291348871983,16.61782081295615,15.57558974534597,16.506243502316266,15.397415556985399,16.14087251023106,15.585382701262184,16.23862930662606,17.38235500843629,16.5365176928918,14.250212841059856,14.766000978972606,15.20721781108043,15.607781752943994,18.65450809053753,17.854358253271688,14.439436235505596,16.78268926169562,16.181910416354302,15.53196185778665,17.783773633448973,15.450832635974109,13.563439060164535,17.494526666143667,14.629673227667809,18.00823269719664,13.779074922527958,15.288287133626316,13.85260123597539,18.0773025362388,15.556441573993014,17.24668500669625,16.559987318256624,17.010170137428723,16.368646590636395,14.983795399575133,17.70192169786796,17.65232402734135,17.301198695016943,16.626137670048553,17.360772198309075,19.61676404009695,14.5451414598071,14.134559343528489
2095,13.079870410587477,14.616239622559236,17.095637048068255,19.418134378350302,16.67537747274923,19.639861100393798,17.04921378195286,15.038871825713182,14.270125028555812,15.79392581756996,16.081419407673504,15.526816616887634,15.934451586526379,16.592398141267832,17.210258057745904,17.547691761313573,14.9642749292695,14.461331095384514,15.681773793438207,13.933264295692029,16.112319085747007,13.984861617502961,18.84111832859724,15.741145084733548,17.924516548281137,19.267353887143337,13.583410774236144,16.891497710476756,17.568765837213274,15.43842528468889,19.2514739814012,17.064481240251787,15.86660433475576,15.912274308178736,15.624080812639521,14.981726098319758,15.356537178806638,18.590348846238598,13.90508418497832,15.597270066323492,16.039793849477306,16.480107357806485,16.319717536801882,15.605345244478922,20.7214757670527,12.435924930174068,18.507435531719874,16.263584082541257,15.750971461119859,17.369903901996825,16.894387808182966,17.06733590234881,17.357614145006824,21.72428847719794,15.725384168002927,16.017751995636072,16.68511198623025,15.757871284190086,17.973128284449164,13.705224543728907,15.760379586530771,14.689874611956922,13.552742361617478,13.136565467585685,16.233645500372287,16.461657280507296,14.903287852587914,16.890815027706,17.829927190490395,16.72522304709191,15.326192711419223,14.136991665415147,16.565566303289458,13.953363343425421,15.141600521362346,13.994733686680384,16.70960168305623,17.28345727855745,18.757691002410397,15.196443872607277,19.324705993999608,15.50229637729733,14.13533176546512,14.498200853557691,20.610228512598127,14.81040039277919,16.03398462482121,17.08961591221717,16.27506993030724,14.69082840888397,13.582399674083875,15.956544420519924,18.271941575019262,16.178336343039643,16.710596098200135,15.637192012175273,16.8662220524705,14.861056479099004,17.072350362720698,17.794709038151346,18.389211446046833,15.862766975617921,15.163062554338705,15.832687839703715,15.335735461634135,16.750884170117583,16.750302264507376,16.274810009109586,15.588532754584499,14.563069164105084,15.099475843750914,16.383186403419018,13.932104604399722,18.316178508426834,13.296515597597415,13.574692531448344,20.01584531949913,18.868962772514518,15.219660362471702,16.828818858965587,16.82006976526717,15.602744852476146,17.63020897122181,16.89379939890426,16.455897387279116,15.351384501094403,15.883346089202428,14.85634152785592,16.023074362588964,15.213256491591101,15.853791552717276,17.159879814023558,16.28258438392178,13.655125693661045,14.101188566373741,14.96703845521678,15.507153724846635,18.583528129950814,17.76900963161303,14.34668569849885,16.656348609406017,16.06094871331816,15.483845593326768,17.533852296031046,14.822644534318343,12.908273241766123,17.237256802132595,14.049454843989855,17.77656492590904,13.226666792255378,14.884090173179693,13.743106221375259,17.774630155252375,15.327679954793144,17.03703714194506,16.377552712741107,16.922995764762167,15.710106201145965,14.309105909712937,17.48055018849023,17.391074587469518,17.048081261956174,16.35605279663983,17.168206765923816,19.595817462298214,13.737195311681084,13.328216174374461
2096,13.943000438825596,15.56149185870005,17.806831294751692,19.714853864001196,17.01781920999613,19.901760294709522,17.425536906589635,15.808045016682671,15.159578533276267,16.545235637737356,16.951455819865938,16.51316424232462,16.60108532740371,17.503584244652934,17.603155166882537,17.93881747644881,15.932209310324296,15.38771193304464,16.663091783290323,14.777704790558504,16.42773652724598,15.215455140756523,19.22824347553694,16.398828365536325,18.29169046733043,19.556194406488668,14.382963698843252,17.525144997629862,17.78397977092992,16.429465652721852,19.490956493045978,17.279391810945846,16.23193953769363,16.95154126652557,16.344854843276355,15.318703867818998,16.20560152245605,19.042367010660797,14.863716368118059,16.60686090329419,16.546800766302198,16.93498786279689,17.237392560943313,16.33069789992727,20.342407462389577,13.422196094108665,18.729799558287084,17.11986379001451,16.7604104857082,18.4667737769044,17.318185951398767,18.12510149245677,17.725882360792678,22.20333292497242,16.431149323430393,16.977573445795674,17.47555311461506,16.491385660093766,18.45061772413876,14.546261818512631,16.240074001819544,15.649100770121038,14.440740885455972,13.983106996702114,16.84609494649846,17.469624393052705,15.917947102823984,17.237858167282592,18.140676796436313,17.186537741966873,16.1942067168977,14.93945818167666,17.67164504268895,14.847173386941789,15.528033601201098,14.880991413541462,17.644153607604295,17.95917654685352,19.52113714101522,16.177967664340272,19.584270138455473,16.318069268503915,15.044606582869006,15.26980319052287,20.20413480634275,15.767384749391807,17.09283569617116,18.017829725275874,17.34950634626591,15.587368078448856,14.453870880215067,16.575932038866956,18.684957620566305,16.88487063384737,17.038063275425333,16.502656899068665,17.16467744824679,15.655723018652722,17.435375570603043,18.502166471079644,18.773113863502186,16.191686448195707,15.993457947088327,16.345750361680988,16.14712616412536,17.15587094167005,17.764923843352687,17.35964583799891,16.347077167552452,15.341777377559438,15.769412012932742,17.02573080814403,14.841822037878247,18.480893335588604,14.103403350581294,14.448687013076704,20.315530992669817,19.11032986219811,15.884903266378071,17.121090401125997,17.25782765512881,16.552450524886016,18.066318309825395,17.932162840729177,17.144813999209713,15.921312696259957,16.6093502232562,15.757496533712944,16.97071426782919,15.980671420693398,16.70152544359798,17.75337862915805,16.610067956473518,14.5467067843951,14.972856235892877,15.313177253889004,16.512537449922252,18.815037548299063,18.030414318260945,15.30635257344693,17.384989402864296,17.124316682796117,16.491162692399133,17.946413284410603,15.754029407449396,13.789818850548372,17.577489830229602,14.946746674568761,18.16855210519355,14.117499052830365,15.599414811631584,14.649830401753603,18.109496073878336,15.648732107618585,17.74189380232407,17.08459448134122,18.04861256156279,16.549095206934474,15.06969447271979,17.82295900971993,17.702351238740526,17.501619140739027,16.693755179319687,17.82554839490711,19.84089175644129,14.597017455036225,14.289450854063034
2097,12.027606734722529,13.025044233902644,14.626824387430172,17.286404495653898,14.463784550195157,16.801492433023196,14.688028318564529,13.163120271152128,12.888035223211931,13.866248329696448,13.917167607208956,13.299881275743248,13.62058016835996,14.370792686291363,14.76619028142127,15.054880533691334,12.805556318358237,12.520055864937609,13.321303287601989,12.335621670860311,13.78067285447057,12.38705815569214,16.40261188854018,13.554301533848047,15.690362323237503,17.110171035580013,11.769352211576436,14.499216328334546,15.522418734819988,13.197706089355052,17.10406316703428,15.173937193077549,13.570360235323239,13.541799142632795,13.64160906361497,12.493599901056806,13.508906015235448,16.06695091481442,12.42118556429025,13.344617239483027,13.523404888808727,14.137426299974324,13.90928454620197,13.778592740124823,19.065623039784644,10.221747684980869,16.20664784506611,13.973717223043032,13.413182284359051,15.125024612426113,14.347943287990663,14.830235669470351,15.046929277479649,18.984407373420574,13.453640758910263,14.02974287290936,14.170762599243417,13.686784092822803,15.300364754770113,11.758517478471221,13.313262478529435,12.639412349656872,12.131510481116885,11.525220271361913,14.307882875851957,14.01183132780716,12.71752702639155,14.622201618616998,15.728602645189863,14.577881797500279,13.367273866806341,12.355922393176867,13.856615861148939,12.169795645319898,12.682463287335377,12.693656983015979,14.118369898880308,14.446313749188961,16.915315090314202,13.085086451924369,16.663834439671565,13.638658991650395,12.67137181074561,12.656537143756516,18.952116349469062,12.663750634042794,13.64743350770163,14.962699222499909,13.793770776008786,12.743585618395034,11.849765223005544,13.373126401201544,15.669753702762334,13.853365818160063,14.37042780155721,13.462644880232606,14.790961665060857,13.019855883782325,14.910210877656935,14.97816148529882,15.941955728375396,13.568909721530005,13.35520117337127,13.397033760729048,13.532175732371602,14.260175466213537,14.561543534307376,13.761929322884459,13.790432219596015,12.81293841127468,13.10748844852914,13.818809391363807,12.5333627436472,16.1277075526507,11.476146162366092,11.580134789580887,17.792630075760506,16.416237716016404,13.104707353788877,14.756576073072532,14.202950808988962,13.376467153106049,15.177349266150719,14.75313680845758,13.924751015461009,12.842043012056664,13.958607020129895,13.382130693715151,13.728634947991889,13.42516173357549,13.775774337867599,14.766281661354816,13.986189121218478,12.253835821200326,12.887971461629093,12.539552706415238,13.221230568607217,16.218715164648447,15.7046891865523,12.411146344697991,14.205390832346419,13.653839560468562,13.194996899884686,15.088405268671725,13.453453091499599,10.927423836744348,14.999505289384853,12.629164958777634,15.417866599138664,11.797007640418801,13.056232013658663,11.946068726641977,15.625377828984156,12.904538403386654,14.403414156125937,13.854944813510649,14.212440298789224,13.869666874408722,12.48895543343995,15.134645848889306,15.149555242255978,14.383663572755678,14.073265095119892,14.506906759306414,16.9422111608412,11.79579673610304,12.095014259907538
2098,13.826943794022435,15.197827985429246,17.51942119391068,19.84548259818036,17.03749108055364,20.21295271230781,17.45132713991663,15.599174880463144,14.880856937688332,16.36604051227155,17.1527705108342,15.854328627171729,16.326742607614268,17.342668073332835,17.569086639777478,17.93765495652738,15.279667817380119,14.759680392949477,16.045396797358993,14.649418848688187,16.54357994768931,14.873342125312142,19.266474980375047,16.12919932344686,18.36661953511446,19.53960145556409,14.120951721201775,17.318114946717802,17.998632871586338,15.791326612881994,19.661728211071182,17.424180813457657,16.296995950781785,16.264895937850945,16.63079127410184,15.379508886162354,15.88950507148453,18.989738513594094,14.41741597134134,15.939499266769575,16.49147518043933,16.93643329195354,16.711606157862626,16.143099945524465,20.954565856767736,13.103219106550448,18.99799181585727,16.653978412565976,16.09351575763329,18.601642038511198,17.312165956134386,18.23285120207331,17.72423081553501,22.292542659718066,16.113127814686816,16.900003339933313,17.11975033646044,16.725523629266284,18.479634450829547,14.29619897318924,16.16990816981896,15.33922363153618,14.133053390835618,13.82699586386266,17.17797563775726,16.839833172767058,15.225884423307752,17.25845486703127,18.297592059425686,17.20873299241066,15.741971829663152,14.677003080430243,16.966219266795594,14.239284323609398,15.551516342584206,14.64482678991297,17.116369849961742,17.79063741279685,19.784458274426672,15.520894892837696,19.88298258314962,16.08838127812614,14.681466680506002,14.994318500485114,20.85810317682184,15.14146559815044,16.383574682733286,17.83333372033161,16.636875973123573,14.990525395973869,13.853493858938632,16.428028092436172,18.623290336650356,16.577654732310258,17.134321438229602,16.219894231985446,17.23492060018623,15.395702406116154,17.414454628591955,18.27939674906109,18.863472601641785,16.228006230748218,15.729630510444224,16.297125233256303,15.84393310158149,17.146715440179996,17.873138632463373,16.63427036069334,16.15233888055967,15.097674096408097,16.0280486902465,16.8535411707733,14.544479117445324,18.75988886149034,13.831834154770426,14.48452206733434,20.464751119199,19.375469731247957,15.577693291332412,17.201075413952704,17.232712353863146,16.019669873558957,18.123123539530713,18.033655208090078,16.900769749413367,15.804254920586295,16.432238344265073,15.456383352694308,16.380936831883766,15.887442439794542,16.294149518013004,17.55880354280057,16.660999255335856,14.25777531820147,14.78831792914349,15.356607548406593,15.838555982579365,19.07602100268655,18.176777440568685,14.642318126947984,17.07958559886269,16.40507473051548,15.823620324306512,17.904320252978284,15.492446451083474,13.573624432086946,17.612943061020065,14.646485741047758,18.138313902461014,13.811598322070811,15.6829636770746,14.02525128100229,18.16350517843081,15.7123360650047,17.482051468413808,16.79747653525808,17.336593885784566,16.274364297804624,14.868331162582926,17.876443005126454,17.77428324326225,17.42460093938786,16.727635887653932,17.618722493233893,20.15088910123577,14.346860849905921,14.117068704055706
2099,13.244998048181117,14.66465692286906,17.194335947866026,19.81701982021332,16.89772473988326,19.851392579629373,17.235702429128736,15.072354124474298,14.422326631520106,15.84899427417828,15.769265822094425,15.227144321669703,16.03944099208583,16.69875902196636,17.41187274196874,17.744226914385095,14.710889329080997,14.188161178775461,15.375821784786558,13.919967579128949,16.259021129297167,13.851952407671059,19.133228936920997,15.854287028312694,18.122091298517972,19.412232772163723,13.682148140409721,16.97941261529923,17.834081219590235,15.144607508959982,19.6082013534463,17.243037197900854,16.01070837870888,15.61064643833949,15.306337394792104,15.15841069639377,15.451538523578131,18.71065626196239,13.802225169928175,15.305923433407493,16.14499158444612,16.633971367193308,16.01790273189545,15.618122682623246,20.863299577132516,12.549526366688635,18.704277437666192,16.025978715523433,15.439955656943118,17.084363434625708,17.07519060243731,16.75961869955063,17.567700448243517,22.149085392122693,15.833612670069156,15.93810301500818,16.729643510735553,15.421120407302748,18.11154518567998,13.75091630884487,15.893665546956269,14.741518671685101,13.703391455113886,13.147503910829188,15.888142018214511,16.14134767133257,14.6298951001271,17.086203297843102,18.016776084899902,16.842373073101047,15.206919854101928,14.26260963082314,16.353809560770575,13.67784573202548,15.286502441634303,14.149015985105354,16.596990446681563,17.334600306723427,18.972482365110647,14.921032003734423,19.543819733287982,15.551515111537729,14.090796709060669,14.57115586401652,20.759843940320224,14.538503206294518,15.704347024793208,17.208319478708766,15.94036031417225,14.395326606605359,13.32618466667507,16.0342908559934,18.422116080056067,16.2827743758326,16.86785392139269,15.714363307489652,17.062707890634957,14.961314406326935,17.30094632117645,17.852406924185544,18.540319541226264,16.04978882488997,15.296840113547185,15.938698068909023,15.433934815875862,16.95689614052358,16.456733465194702,15.943047228714699,15.623943419560142,14.69056918407264,14.758881792750048,16.447535277060844,14.075161734352944,18.584774727406703,13.399490985007068,13.420248771491261,20.420125468917504,19.0952613638795,15.328756814417634,17.02398295247036,17.01967410775631,15.39330339043037,17.801194345173627,16.635335191436436,16.540994965511818,15.435963464819876,15.93649930280188,14.895250268604443,15.736796625282455,15.131324196639273,15.748348605373632,17.230202301688816,16.46169008249822,13.820276703240108,14.24646302409794,15.146183498851636,15.197872995034508,18.806272716625877,18.014096332632985,14.08081235056338,16.766389916772425,15.73375359695891,15.17053051357684,17.75414230253385,14.980356331752699,12.95509736725817,17.446560020032138,14.202815607838003,17.980941746545877,13.372195241243944,14.751967654280042,13.525779545307167,18.033796976441923,15.486795019844305,17.121536107166957,16.463015906188797,16.58118290146408,15.841247132938841,14.346202325237837,17.649800323921703,17.661890804767612,17.27261399315751,16.570869314929713,17.228384439064115,19.794297722370732,13.823686113662045,13.53024639772332
2100,15.196643847486243,16.665635243058205,18.7872821274011,20.704818849978242,17.876825415407833,21.538390471883442,18.35831102372512,16.521143810580607,16.3535728853034,17.335206505882994,18.507974356412888,17.310871225336324,17.585473534853566,18.515389835057057,18.58282300627426,18.908742377939433,16.691028261962146,16.104593919671107,17.53776104553886,15.985498154292936,17.389092653179947,16.354382447574448,20.184517124019887,17.33545707878859,19.556881477003515,20.373860742734827,15.118760872146357,18.54301644408185,19.10467868265898,17.22931279533584,20.514775856681496,18.224646332471274,17.168721500085667,17.77649699297288,17.715942063773785,16.337293157111045,16.936021897131983,19.97987182503162,15.858017501623738,17.391866488949113,17.566360450481348,17.859493999215573,18.12438148260117,17.048102541138295,21.955468442129053,14.42483868952031,20.06394308805466,17.928140127140548,17.590673066999603,20.002688519332718,18.28294352960327,19.625029623508464,18.606310812513467,23.26966613531113,17.371162943218064,18.12685712783233,18.45140500884989,17.87782399550729,19.754876743678164,15.4156323697256,17.183414562240895,16.580725076405898,15.607572878832398,15.205686860758325,18.12944545046143,18.333507801203623,16.697433920658153,18.082514267252844,19.395257939463075,18.070845323736258,16.92652438969716,15.654195367642076,18.616603719475478,15.54602776921314,16.51648481254993,16.089668417106513,18.58172298093205,19.15826495615361,20.582507009091586,16.92146718113319,21.10684159754411,17.11027486946272,16.064847189447153,15.950814485428454,21.857558519943897,16.509630934618738,17.908428278306257,18.98236598268799,18.2034271006351,16.313289530899212,15.126088062058324,17.678498858504973,19.651465347927548,17.8314393810604,17.992854870531875,17.38392188626787,18.099134139392692,16.38123875208523,18.211037306681924,19.6865402246299,20.039676926706154,17.053377152946982,16.744118873515855,17.363822110078257,16.851878609670244,18.115098143401354,19.225180287723955,18.214401359224453,17.109034307179567,16.09295787419314,17.041014231255527,18.04953639209271,16.000833626674574,19.842173996179,14.869450185609905,15.701731119466865,21.34149040864861,20.590420397727396,16.777038390221804,18.02120267178701,18.313190149224326,17.3865242012493,19.22315531807101,19.365512132644653,18.179417354905087,16.982009887371373,17.351183149315744,16.89022637968478,17.784451672564384,16.998945369668633,17.461242576656133,18.767466848311216,17.49384731200079,15.743232816417256,16.203280662712842,16.256967816663824,17.292242515994158,20.248128072075225,19.35688693108766,16.027523461891256,18.36792748648189,17.934862633762158,17.283501703859024,18.874315384289492,16.986167818307877,14.73926935701267,18.454265881977648,16.13973217109299,19.072244676558867,15.281960267087692,16.686030808998197,15.355144877796588,18.961932156396948,16.5875461710536,18.856478461752776,18.149079723202668,18.963783034649882,17.262999362676688,15.845836996384289,18.73721686588681,18.636182465307094,18.496800972715672,17.578466118272885,18.937881802735127,21.36020608699841,15.537744401589686,15.66611322242281
