Year,1,2,3,4,5,6,7,8,9,10,11,12,13,14,15,16,17,18,19,20,21,22,23,24,25,26,27,28,29,30,31,32,33,34,35,36,37,38,39,40,41,42,43,44,45,46,47,48,49,50,51,52,53,54,55,56,57,58,59,60,61,62,63,64,65,66,67,68,69,70,71,72,73,74,75,76,77,78,79,80,81,82,83,84,85,86,87,88,89,90,91,92,93,94,95,96,97,98,99,100,101,102,103,104,105,106,107,108,109,110,111,112,113,114,115,116,117,118,119,120,121,122,123,124,125,126,127,128,129,130,131,132,133,134,135,136,137,138,139,140,141,142,143,144,145,146,147,148,149,150,151,152,153,154,155,156,157,158,159,160,161,162,163,164,165,166,167
2026,11.345371056672024,12.245547216871513,14.462410740230393,14.763646706290873,13.416036241566358,14.853861771847892,13.691728995222116,12.09102432316412,12.007668920023288,12.808809188882945,11.049722844815776,12.951846337836724,13.472374921583617,12.508330578713313,13.732694332325917,14.062457023714874,12.39952500504644,12.209559373233635,12.980831947218144,10.947176124738613,12.780975234370839,11.535260305456493,14.5057788245056,13.38045781624058,14.506680065523021,15.343174646730008,10.686491068290627,14.301197738103243,14.051838402514873,12.791108543782133,14.556889928553417,14.244804771050163,12.589699700960647,13.111134556810493,10.995178629846677,11.473778962198159,12.483100251659103,14.345634305039825,11.888539564350378,12.966094998885758,13.055570893313575,13.071188599296402,13.64198454793381,12.758172885428749,15.860419113998832,8.935133740710826,14.631181720158331,13.665027037586857,13.045910081866642,12.402899301570397,13.265001229617907,12.134637290368909,14.070241544760115,15.641995674890023,13.280004810192622,12.33977200285248,13.938125680322232,10.987318297443187,14.361578753865931,10.658583450009644,12.65936777125234,11.522896286707534,11.24266209014003,10.184529827016853,11.74035375921623,13.618098082749738,12.292536269063538,13.636752109731669,14.262670439060615,13.5516315192875,12.655250914253134,11.223460409304375,13.416521546633351,11.854680463671684,11.88452482093936,11.882700252792109,13.783660515171032,14.304055846255764,13.213511399560321,12.751682495536366,14.841689739538277,12.587517484536637,12.117148355945295,11.64303953856554,15.73268545548553,12.176977298020018,13.22977620638583,13.291933981944686,13.373406384626161,12.410750277502379,11.557489475802232,13.233491237396784,14.24295917428706,13.68277112540344,13.344376008147778,12.319879176823992,13.842396486226631,11.940845391409391,13.939565958860133,14.85348917543888,14.951626373616898,12.564344755981278,12.259833107338006,12.909141055834684,12.491715443199096,13.189009001721507,11.940770713531453,13.327129559672397,12.754770102708239,11.666521932767784,10.625492344407935,13.646235579705756,11.624746005820194,14.633894827702775,10.356783348985989,9.371590724133933,15.14272533810657,14.711400987013532,12.955770315035533,13.806210912440134,13.050842655903622,12.853178805955078,14.053703990967382,12.270325225332513,13.788824010154478,12.555731730130704,12.93339025893289,12.70415879243418,13.35941033162501,11.87667914232968,13.08805996309156,14.677040771459756,13.000837245470159,11.38734292060785,12.12248486005094,11.51629437757251,12.810255530411782,14.554994780732239,14.226237254784165,12.05253311044172,14.030215993888028,13.229224451534126,12.762122280733744,14.108596133311158,12.604117863690076,9.56533385327329,13.970690456907391,11.735927283763887,14.493350919174116,10.89998201183651,11.054679268080257,11.578356137499215,14.184909581490187,11.87631833780071,14.265573324716609,13.706068328156586,13.775118661315549,12.782192215809353,11.452097922847,14.128535991615575,13.47597483302588,13.346977550050486,12.882589440792799,14.38897373754045,15.118570646109145,10.7909652940605,11.337372134885065
2027,11.872227553440181,12.90651236474514,14.611806235600099,16.230924208527032,14.56788390421349,15.863890534104865,14.807823233630348,13.048584985992186,12.705765005363073,13.726759943625206,12.558878984140316,13.367842294923639,13.583805279968226,13.674588112079581,14.852571083151782,15.20285283871319,12.86604039306226,12.559063223393071,13.415690906993722,11.897297798534451,13.933580932328887,12.201155730968583,15.9649525537439,13.492068158057721,15.06404373422265,16.379371308762096,11.602680186052687,14.48778778962467,14.708226898442144,13.269995372977778,15.992287929939186,15.147489652685497,13.720414516880467,13.615335163174445,12.502208472674958,12.710039184793185,13.339938908815386,15.493239278702635,12.323925037422903,13.40960367527062,13.650846601504352,14.184165903873259,14.030884573964967,13.651667884267548,16.870005374369413,9.998439009017916,15.364561374744648,14.081676245221622,13.505364364013081,13.838126860558987,14.464051589562112,13.580461859687881,15.194250503959863,17.623431851682458,13.352615661433212,13.367781183763366,14.154028755167257,12.468208143892499,14.912949292394133,11.573114771760356,13.438109269284684,12.421613140112683,11.94606754859991,11.108242140596978,13.225524871893551,14.115820366808249,12.757874712833896,14.781189610776694,14.791122983331265,14.595096747188464,13.31351112088432,12.170573963095313,13.90086049011544,12.183626659538437,12.878911878751671,12.523007785820443,14.141718419349715,14.497991286866041,15.280768789674925,13.137908815335404,15.800475150994634,13.454654740250632,12.592627494879393,12.516793348866965,16.759844868079476,12.710335599663464,13.726051631505078,14.380943533195104,13.883000237867236,12.78896375227234,11.864980327208405,13.451364334186787,15.425241945554387,13.784098668222612,14.4865431357985,13.295581165053274,14.829809235603776,12.85143885081229,15.055754297453424,15.022661670232601,15.530214314875396,13.740494281296497,13.162344909232596,13.529117896505024,13.348579124264097,14.385591925668493,13.330670856263326,13.856686089349834,13.616690972657958,12.59564793109894,12.103161428933563,13.863503598041184,12.345607070495253,15.399422235462977,11.294010878257128,10.694628985679671,16.663007371451545,15.540760778538566,13.004740636390839,14.820081331483696,14.267096647749776,13.412407413448978,14.739678883763116,13.58653534754463,13.960840364513194,12.949369783634728,13.876142541189557,13.28154636206834,13.816232647422865,12.923383143204065,13.75171404105166,14.827808644723797,14.145214990591228,12.070223464428087,12.732173867199732,12.755051496884096,13.292025766780842,15.335292813084695,14.842722387417503,12.423740058003563,14.154937645663386,13.728999957118345,13.269540969930265,15.250054720951166,13.290758436464746,10.587143781716412,15.110883959609529,12.442796503234167,15.599231822841356,11.612787930699799,12.328769079692984,11.951042512674697,15.414708754614644,13.10917961160126,14.39244376382102,13.813123727622242,14.337541551045748,13.690854923394712,12.324981101505136,15.26420561645342,14.783186333658907,14.557444208261112,14.099583285982197,14.553241295982962,16.03046135604382,11.594865807372589,11.916111032923924
2028,9.79660542552238,10.397902400435315,11.824063040882994,12.957223752270577,11.358515196520347,11.985695520496892,11.36276472400388,9.75809455015089,10.286687372576285,10.36962342513321,8.837561218310958,10.762110668295266,11.005465659996213,9.772196188569069,11.316874720480133,11.617616601936195,10.311341385559544,10.250207327144304,10.670772099624509,9.138006621566806,10.495673785229092,9.568215885240097,12.268135477829242,11.017478341155726,12.244942641452605,13.14693694658902,8.357954943633597,11.74622966685211,12.07884334481281,10.573212426317776,12.732236863478375,12.349144691682385,10.303173652161723,10.817058428474095,9.09478577123145,9.112666732915072,10.170946817278217,11.696251394146163,10.121434141193395,10.755586531256204,10.489771970102323,10.671435788921688,11.265818303491438,10.411737695660282,13.581478155177575,6.025361692775851,12.351601851375209,11.403034578522915,10.771329866054103,10.017762795414615,10.772795251206212,9.778711550180674,11.854973947872292,13.193618353517,10.80673085760487,10.001655992525427,11.303579025294471,8.987952062941117,11.552600057228755,8.083502637546351,10.19517816392624,8.692195816107258,9.501057890365308,8.376563597308552,9.938878180135205,11.254326527857259,10.163967259147247,11.493571399022704,11.946130764225256,11.241721465373816,10.476919247976344,8.937395348982971,10.791733787435552,10.029586116580862,9.48597194319186,10.204090380150342,11.186512457814228,11.253094234868236,11.244561620704507,10.645070310196157,12.142249358008089,10.099991918339029,10.368691827838674,9.313745194155235,13.364476400872944,10.059306011251781,10.896172308727454,10.500356387741785,10.95978260752947,10.465327406241355,9.780726581487967,10.483328955652924,11.648150605331782,11.188672637040524,11.046794833898874,9.535049418169683,11.756147690724742,9.613399598342571,11.918267038205398,11.832285694454026,12.417514965545548,10.364599970007395,9.91591223774721,10.392106205953855,10.221173694337034,10.792853444855178,9.659058877671866,10.893400937318802,10.377375581828149,9.404903360095847,8.770338099429626,10.906587735628301,9.900935472353648,12.50562810573889,8.019725918526882,7.1757337173204085,13.251669589592066,12.263144151510105,10.648704713453421,11.784393379505241,10.44337358098963,10.556672311347468,11.546852328207182,10.02793812334699,11.087894040443327,9.914592680075895,10.603986078954263,10.913713717428235,11.148391695652649,9.914754916144458,10.837922631803414,12.126757990568876,10.817636867580207,9.64506514163931,10.479332817799374,9.230747741201649,10.575385095632598,12.195146383272244,12.290912174660232,10.098327808163088,11.408989623269957,10.873359782540284,10.514104824999105,11.70865245576462,10.869381698172377,7.07923294582503,11.868115058735661,9.988972472593838,12.167712780049087,9.149840594066873,9.05990552319133,9.773380253302017,12.184169450653314,9.576845399387503,11.451278310755026,11.008762556006728,11.177713295930754,10.447488114885665,9.062856622060517,11.850228124986529,11.421188706491629,10.755978216579107,10.724879112540059,11.543050173184149,12.418785080313683,8.20412686078445,9.599431963556485
2029,10.525114681313585,11.26374694524819,12.946288205116343,13.80168431090272,12.626770145786198,13.652865606805557,12.795737532493863,11.301949399806885,11.134112587117627,11.968857054801092,9.77815065200886,11.625199795255195,12.041863516782941,11.328743183823383,12.778313529394243,13.105299733093254,11.107683241853247,11.039023394817892,11.545128450283539,10.013906190333808,11.909970646643123,10.501400029853636,13.519204579536684,12.010723898754168,13.482961078700813,14.104949764583427,9.92275292231985,12.827781745435106,13.271481217249578,11.450901145520422,13.595944878847703,13.502864700944532,11.713863250354065,11.698982347693777,9.935850450040208,10.543467786001123,11.653798164232915,13.040138834196586,10.89062820180603,11.618580397127358,11.709955953193184,12.149277624228729,12.17728081831466,11.977735071726467,14.984750949818155,7.903568267174389,13.689140216001999,12.317961088746138,11.672127489000564,10.95851398388977,12.285010726879477,10.708015063342273,13.211741692022137,14.30440582399783,11.881061617123041,11.174844032072503,12.392237617269807,9.859117763076464,12.937454765905505,9.746602745443258,11.478667176531062,10.495844952762127,10.365286397504741,9.245872471805502,10.777156035294354,12.149997365539493,10.981609867278326,12.821774267794002,13.204124895126924,12.705498738781268,11.613782095277443,10.491867776150292,11.783463629731992,10.771409007518187,10.831205328683492,11.020258786561696,12.21967836469412,12.514021481508797,11.946303722003233,11.484199313203925,13.725845291157782,11.725719821841825,11.143994712959165,10.88003898768321,14.833112276118737,10.923605819455469,11.83336338623549,12.13608686607736,11.916787487616682,11.253963651864428,10.502333018402364,11.611600986965325,13.059277822607726,12.26013237853413,12.473172972444443,11.318134005464938,13.025850816265397,11.16614230365857,13.180421662395416,13.082571892757427,13.712540347453043,11.752996648135392,11.476457819666557,11.612478283942556,11.712521576768033,12.254025787115099,10.555317324140796,11.863775691665387,11.955033783679431,10.924697157157508,9.614591084420685,12.036299347958487,10.758265384877832,13.744111435730822,9.580105473165931,8.287409955871029,14.1179258097773,13.707533140869247,11.65674837257551,13.017496096699139,12.026465013947178,11.578545385809695,12.810843865144193,10.915500931279814,12.230468637107506,11.108559745687828,12.11943255381092,11.745711465568643,11.99474816388734,10.971646196573323,12.016686864075778,13.197478929615539,12.170437950721901,10.501330561449997,11.282073025956105,10.639260786140097,11.471200837065345,13.587094990293616,13.483791877394138,10.874025423241696,12.5164987773675,11.823489265759356,11.410926970511511,13.182735216358438,11.719067291721053,8.621275230756272,13.159933074984863,10.852348266660396,13.604405667794792,10.019352728662932,10.176100635172233,10.474287781378496,13.353198673414145,11.006589198783653,12.634169731775058,12.149671980868215,12.15230378508568,12.004095596782665,10.642587247058504,13.261846432219384,12.593404598858047,12.324612472651767,12.042376990268087,12.725560857084298,13.982753541320562,9.821795350831488,10.382769370856495
2030,11.77140857425073,12.766955039423442,14.877581932703443,14.535664874574412,13.874574874487262,15.308710625638135,14.036396926552381,12.515023324962543,12.463155965928152,13.212610642790152,12.104131084137961,13.63036233154328,13.849950530991446,12.734399870685909,14.06064568233231,14.390449594949253,13.06097981913785,12.834787103630926,13.647257680680765,11.551063927923046,13.153739211190011,11.910566572261894,14.643244975610923,13.75512492365163,14.833120105059255,14.795735260714656,11.080052382839112,14.67417260065027,14.37507844619129,13.459477167576551,14.320039150507556,14.586298647134203,12.945011009016765,13.82718819553923,12.044529741974145,11.838262065273264,12.888143378714831,14.019517456059871,12.454795168469781,13.646245976869503,13.467215847062027,13.438539408633243,14.283807039908739,13.150401161416722,15.949096327242648,9.425056293485284,14.985148782963343,14.289892932643061,13.752800635345606,13.427685428451259,13.617580781974223,13.133403833469622,14.450818758943809,15.211904067060221,13.680050749007775,12.996853072125381,14.414917891116247,12.026290579010617,14.775508926290538,11.073442936429512,13.059734778559726,11.919191528435636,11.67156315951244,10.806126861559711,12.77681820288949,14.32020707590424,12.983130860952256,14.046223977175748,14.491669621156609,13.937357534856902,13.212012939479042,11.63351771122088,14.122941789095819,12.480876491769504,12.26138940066828,12.326487204667345,14.383949050355866,14.732978085298903,13.657989503248878,13.410144192369092,15.274298461882967,12.967440584755462,12.658395121926846,12.0164558534389,15.813909183377804,12.860890682624737,13.996856626447133,13.519237062367413,14.137252491331937,13.075710611174935,12.15479728320371,13.630593227303546,14.198284909777025,14.095268164801862,13.729840595437135,12.698165079497773,14.170413777880052,12.331453703019932,14.353904525222985,15.26658285603575,15.308385113983055,12.951367465050327,12.629642397003332,13.302712622706009,12.909164998842323,13.569543048172541,12.929530988548594,14.095353269058728,13.13504540228852,12.075997930506002,11.674291911008568,14.070238550396073,12.065914138868129,14.96536319346532,10.776199819468232,10.20845584101651,14.85823890955552,15.08291116437835,13.334048979956174,14.1773780260397,13.41979653064324,13.459853203693891,14.424244090914732,13.235613817106122,14.202314600996354,12.950478928244632,13.33545886453889,13.215922704209458,14.038948818231406,12.535520675065728,13.623731839592041,15.018384668976068,13.403349650375871,11.821581979322692,12.569651782026757,11.917017333857391,13.532790974157095,14.92772002874509,14.504980882872712,12.684796167780524,14.441795867422353,13.997225410345456,13.459802323709367,14.449474338199137,13.076646835583707,10.086344150583386,14.412799910034822,12.183931695054406,14.805091993964236,11.333972144993426,11.835374991611943,12.1662692355154,14.410176182570664,12.266301522436352,14.676141607453642,14.119004412837649,14.545107535693962,13.16812630200192,11.829410889874337,14.525197174238125,13.605704136192799,13.675970215674328,13.191535933226671,14.774123233621538,15.536259632395664,11.178130392147148,11.765420120695364
2031,9.906095231032893,10.554227412232887,12.08432441941746,12.761803514607575,11.748124370432421,11.930698178384617,11.862529229534712,10.430007613709439,10.378156462522304,11.077994401060527,8.834330405047892,11.121019379438268,11.241422709421782,10.319352487795582,11.82462396685277,12.130828465132613,10.64310040648865,10.607025536020165,11.024954617995283,9.205117258789908,10.973464597907402,9.841827421732573,12.429902688964557,11.241219432781572,12.255220148550425,13.15832295527925,9.049252819168672,11.947214829209056,12.027171587166581,10.937432703096425,12.529472033614697,12.709022467227086,10.787209931275122,11.182151402225314,9.07782244004066,9.567235368425434,10.81919929838699,11.997430669224784,10.399377988084504,11.118916068712002,10.784572251465011,11.217644479490172,11.618927752194198,11.12548441593738,14.038170464660809,6.883883037644886,12.298593322867932,11.74854707912259,11.134779190563643,10.138171197603578,11.30797562197499,9.871375577605292,12.299516036944542,12.917842259873515,11.103059509688098,10.395917462266008,11.58763615139153,8.96529060733282,11.660239356165025,8.847001337000853,10.52990997704151,9.575912053048935,9.58235748824866,8.438570507650223,9.943961832226941,11.610798436004426,10.518555876879912,11.917104134903006,12.086382411096409,11.81064151259868,10.976796166161481,9.624996228548499,11.14096308460095,10.390413356216058,9.875217486982764,10.30544005201765,11.51011660492615,11.532505214214325,10.763034589183722,11.01318010234314,12.076224235271145,10.845053562489541,10.600102336753324,10.004720683978954,13.841239944748258,10.401670659041928,11.299507067336336,11.141490690450635,11.356374989618018,10.8312440391468,10.131090238042503,10.702457234212803,12.022152038372084,11.44723335888399,11.535524826820776,10.373625256141406,12.175989690682165,10.297498616673375,12.310758965332871,12.113810538273793,12.459869523411214,10.806615269216506,10.604071174302828,10.718080445435708,10.880952872497879,11.270713670908108,9.721903366887053,11.284596699735392,11.095792207173478,10.084471391028034,8.737746175976453,11.138163817398576,9.98139226031692,12.446108016954815,8.713046632686876,7.396275809459873,13.033078201439071,12.20359082888488,10.925711352540096,12.179762754913256,10.980166153739328,10.976438147218332,11.62242599212281,10.123433464247247,11.33761209622026,10.191619890701512,11.246313633721167,11.083249221353427,11.482310617747514,10.173261482916448,11.33196428630744,12.336408401394023,11.257189694630066,9.741334211000286,10.587270591569984,9.681666019575104,10.948532705478696,12.149476778895961,12.232787769125853,10.454180584653566,11.674226856102115,11.271469516355708,10.88228455056315,12.209388042921608,10.971465307287868,7.718670035105042,12.275971140105115,10.074291679846208,12.66420075394537,9.23713192627158,9.336412708153542,10.089800144019332,12.4076181055735,10.032422359830335,11.723891123602902,11.294919027258517,11.55815370089334,11.121474378620805,9.770439235088618,12.32965748983881,11.59686078908651,11.289138715507326,11.082789722101197,11.800241663728073,12.374489686006438,8.970943800781084,9.702414234816702
2032,9.904523093536822,10.540520780183298,12.267138189717155,13.081926827278476,11.944376121396603,12.287462412015254,12.126751141298726,10.3425768767686,10.37426805463822,11.001413440736739,8.717073824094692,11.025780358473243,11.435477875254076,10.283405881294094,12.124863614287714,12.39859114508347,10.529662240134634,10.516814138497343,10.903736410014654,9.19078704747169,11.245190978050239,9.644963036088841,12.735613038358482,11.4370624067606,12.546166955928683,13.565976579511618,8.977706193276072,12.146059609706638,12.289846392591365,10.831276687752938,12.831317004950153,12.919112801632803,11.010749801426478,11.06346909614766,8.983964496980542,9.83566965195148,10.721835328063563,12.404115473446641,10.3497645607947,11.017492820711244,11.003544586386695,11.44966000712821,11.523757299003394,11.026584838395536,13.394088540388188,6.7659409875455125,12.606076891027877,11.675444137224037,11.047706139800342,9.991667809531743,11.612043265739215,9.741978542312332,12.52204866780211,13.373824338226214,11.285045119083446,10.278018877882024,11.72241523375978,8.888910157201083,11.937531482266348,8.769175205217753,10.776255912106972,9.508453509405905,9.597913357874617,8.429904487793861,9.886228504793152,11.479433702062005,10.388353477029698,12.136644914908256,12.050327798918534,11.950904421690533,10.871748589303188,9.532594114784962,11.083762424309617,10.294018841308098,10.12920266971924,10.288254938695745,11.535650460130494,11.739853039383886,10.90675469941419,10.924475109447604,12.439094690018862,10.754368378902262,10.55486100171085,9.926234399818856,13.21418312645477,10.329073892987292,11.21739351214922,11.096502796058424,11.26723770453068,10.73836063075325,10.036484686900742,10.912382722872753,12.418644234376114,11.641916090359347,11.801995060730562,10.358667631188167,12.41591304313877,10.206419489305947,12.486813931361489,12.312554574247612,12.74135792973127,11.053478192052113,10.506055382930715,10.940475770150842,10.775937578494094,11.550069863705534,9.595246480210974,11.20194974314907,11.006349836354675,9.980532993117107,8.688448811020786,11.344116314597754,9.987785519060234,12.688598927839294,8.628934537586957,7.274223421809716,13.3381682679705,12.539788926992083,11.1053850453185,12.387277316140095,11.32084204653359,10.868227481032195,11.903114925148781,10.007965964953534,11.530340093633408,10.413012080299469,11.201421823838478,11.053554454494433,11.366614739855994,10.115160566795131,11.22622671075489,12.498730094111325,11.487234376289924,9.747495402946422,10.582311474820651,9.946611553754497,10.867236936262447,12.463472068309786,12.521054609314255,10.357492077123858,11.863674321900247,11.199461104571013,10.785488203896776,12.452601581487968,10.967338833472006,7.607530758756662,12.47964042751625,10.081651550859378,12.904092424589658,9.252942607495124,9.256883248848759,9.978990363321554,12.640442115781102,10.310527667079283,11.921614434732048,11.500676062120045,11.432285536566509,11.024249227798503,9.692221565172076,12.57271910329481,11.878692995028008,11.582363031642597,11.340243447774458,11.98518305247569,12.706741609651113,8.878214440349005,9.694596514105799
2033,10.465002309045067,11.204360632468822,13.088931534991035,14.474322973386103,13.163859463094372,13.263139395124238,13.509000930287273,11.508064606591415,11.001107424487484,12.24089191465274,10.055501429728519,11.884682841072587,12.206064162451938,11.668514302850744,13.550259723935438,13.83116110349479,11.319823281950844,11.298473549642322,11.774499689593267,9.975417837014664,12.602779947869157,10.579039805609249,14.239591794817343,12.19246431440115,13.357279095879713,14.766039351406304,10.178346884153461,12.949592337832259,13.038534475733405,11.700138293530632,14.24794472948365,14.092759957364965,12.351839748413669,11.940948451666728,10.196645180492297,11.222582832039539,11.855102838381477,13.870498118031284,11.060182340119196,11.87291145632449,12.016189158509448,12.81448155220436,12.397052244192151,12.225443934313141,13.966879566078601,8.2847187227529,13.46699480777202,12.515116345299328,11.924700940432755,11.243845929432169,13.041649895112801,11.033968311532036,13.831818590021651,15.280708495770465,12.091365653211655,11.484534746116918,12.566338300219048,10.14947625295178,12.831531062884178,10.073487732073536,11.88804644102271,10.906804002821445,10.213565074555254,9.246893014110949,11.035239550198993,12.365569779730361,11.214072475174401,13.420496336143952,12.962856459390864,13.251295003797049,11.84305222429659,10.711165539353441,11.998309570030592,11.05191007288902,11.374908506627316,10.89835455220031,12.422916152069105,12.651561284194827,12.045774755918462,11.760135231782563,13.367121380966402,11.984990405323718,11.24320483317728,11.120660370762423,13.815489333608877,11.158330123547627,12.133738882434757,12.512401438991379,12.1991187726026,11.532429700919788,10.763302585150562,11.728789026565527,13.90899002066125,12.429416999220853,13.178164247787844,11.764715714623101,13.673259557589239,11.37714542148878,13.690040605628623,13.22461151947146,13.567145983486075,12.375718130365662,11.675406726806063,11.969068700933587,11.914360875668738,12.956758869325988,10.844484197704691,12.141363141653333,12.203078198530104,11.159776155391468,9.888055554631611,12.15706452273805,10.594522921125526,13.449373478474824,9.857949997419896,8.571130389590627,14.832057314074557,13.40393015234124,11.874665544084875,13.601233663118403,12.856611868042659,11.798744990773828,12.83669757952347,11.194130798234886,12.36807341209572,11.357650315065099,12.371905876171734,11.734976874826396,12.205071338330923,11.101462000576047,12.217625079048878,13.308667558690779,12.798279125729337,10.353322214568438,11.19130657281241,11.286150643197093,11.742559427800389,13.313440272422591,13.312938979138499,11.136731015923234,12.68800692778567,12.128133931885598,11.6648415774107,13.873415149586359,11.58412136119264,8.937165196418112,13.723639817665457,10.709018981975056,14.289122385175336,9.873782947335553,10.429313194816526,10.70039068032866,13.940930848212346,11.671243328520134,12.772844388271155,12.34227129325028,12.39311449990972,12.185447505958704,10.895448176919121,13.937952567053879,13.242356834528243,13.084860197450643,12.66413253630795,12.853079878117729,13.651631594676038,10.18033737235743,10.277660175874509
2034,11.448927837707428,12.303455450774536,13.715441197804788,15.169128493122438,13.502284344447697,14.16892678355393,13.756737065056099,12.815913402758865,12.125960596680196,13.439320910256356,11.853475023050917,12.64945844538591,12.755334704142552,13.130222395548355,13.717915828458704,14.083956950465625,12.061208174857514,11.955262786992218,12.62567402130884,11.282059095961895,12.891225558908094,11.339458005907742,14.770941045621171,12.709831358480226,13.897158815808918,15.560194342032723,11.366809531236477,13.579762927580463,13.53882952876713,12.521265456857888,14.933312824238902,14.24387872413449,12.753052479061099,12.764395397966323,11.876836507247113,11.537370919533396,13.021200979411928,14.542425711841691,11.834142726076687,12.656242071448464,12.614978762424508,13.22591551263696,13.289591519405013,13.45694123402886,15.16386165307916,9.695398743223887,14.061351042240858,13.378485975463105,12.721609161275888,13.202818912656413,13.303207542585293,12.919484710239848,14.126382839582536,16.187849741267126,12.585749569551457,12.958864091855029,13.245154829533854,11.815875024251318,13.63495677879647,11.350476434697272,12.391116372593071,12.214905322893806,11.351440365871657,10.506812714688156,12.64092162251473,13.260497048821144,11.964516180658556,13.730034920832384,13.433421860570492,13.846821900862064,12.793635502741067,11.915051105553694,12.858886938542128,11.647396037436053,11.783873982079651,11.984507876569815,13.194496940659443,13.464859624514764,13.902750124911904,12.474248934213236,14.215794342043605,13.257130165462911,12.071615142423823,12.287908670370994,15.045242190361023,11.974557415926425,12.9468471288843,13.912354761167716,13.057639269725136,12.18005799048621,11.343566355740894,12.487851788249355,14.335480093257496,12.96582835034528,13.447039123462593,12.903038313369388,13.834271344801653,12.598516936373452,14.035648832259623,13.98615543447111,14.303198708140332,12.665900695036452,12.89536518895108,12.55337044272734,13.032937696122605,13.22650835387733,12.686960654657172,13.011481462451426,13.43123833932307,12.332896905748738,11.506667527856063,12.918206059657363,11.759881642525611,14.128321698826293,11.05213824497617,10.161535484635314,15.554330609414894,14.086366282209106,12.325254274127278,13.833347251841236,13.041385428413106,12.744011962867305,13.560510267584544,12.995882259519854,13.054182386354794,12.016375726331837,13.537622062408406,12.725330989240952,13.042186215195969,12.398140987948233,13.23933869709625,13.961942677224135,13.093445893539037,11.491106469427114,12.229325681924822,11.612259442391606,12.537947039241379,13.941474814939758,13.696915633004645,11.78856534024944,13.278298626248924,12.944492530563604,12.500140717253089,14.144001926254967,12.730148276881037,10.264446974489028,14.052350735251348,11.855313233881883,14.539354439986793,11.011867690912412,11.872594022880433,11.313010760623476,14.372672235512216,11.970706952006923,13.443951192271447,12.911720003770748,13.367236605521454,13.415890371669894,12.127713423060333,14.221251358521052,13.706236046779415,13.341644695433585,13.01148210287742,13.577898528588857,14.454312387975337,11.364313998300096,11.442400566099778
2035,10.631123838865236,11.224960627682183,12.56749674548274,14.337020114712093,12.217330057983816,13.699953773099447,12.401194932668108,10.91260726662839,11.15868903623651,11.579699141236592,10.366182159875398,11.396390696825549,11.690195436386961,11.28101280412596,12.377447142225245,12.674893910146277,10.879423292596705,10.864080000344826,11.30002403129702,10.14536905936573,11.513822578379642,10.64847427995309,13.507494522501595,11.685844491357388,13.422464286503581,14.398143807183141,9.523035644796558,12.477501028936118,13.31576311329137,11.203447375932463,14.126937288305033,13.226607971865198,11.319043160780616,11.452632227345653,10.45357109573872,10.09571079650651,11.277036621032849,13.111035582164062,10.892260364378284,11.394193697720768,11.304809443814596,11.760431531492781,11.913914291835999,11.60120687973888,14.944396578747288,7.525404493445936,13.788641053049465,12.051053781224336,11.412415410796907,11.596186177076206,11.846393907918474,11.286630383652192,12.799779813250769,15.020984956994658,11.556851426544394,11.34181073502354,12.024184083809025,10.39376121852547,12.749277045221433,9.375726775711644,11.056494289523238,10.127270949437568,10.351642405047365,9.390105114072947,11.264516276325121,11.886151698944364,10.775476471723424,12.405681138939183,13.245064566964691,12.329384571508221,11.311034380984697,10.096248010578362,11.454812491292381,10.650044546827026,10.391694481768038,11.062677141947107,11.877241609213145,12.08446736196461,12.744205301222598,11.292617965327656,13.784832946146317,11.347980837054228,11.139072741503306,10.465095718229273,14.794355086658314,10.68949756965689,11.588560806182418,12.037419880213942,11.645199626684189,11.09998888200473,10.37203271687031,11.21457010758636,12.922840114520948,11.909557308839718,12.079165360748606,10.91441468080587,12.682639529037735,10.773313838786084,12.762761687616942,12.653499991997428,13.576426273940701,11.313650819857646,11.087575266669182,11.221731923601553,11.32889005201667,11.79938406078145,11.145300022366905,11.578469097371334,11.584202648180982,10.56890157982707,10.098427123754568,11.653327573819656,10.757929806152115,13.810917867914492,9.19896950929061,8.537219758914864,14.696881055831904,13.756555678059716,11.366864376741905,12.660539778678311,11.564174157445846,11.294466850874219,12.715018784424856,11.485112356426923,11.833406729603428,10.713825593823978,11.735480046871562,11.752045044432514,11.750295635353293,10.991064123647371,11.700301462217523,12.830635977180112,11.750644107308725,10.501077115808428,11.352973270999351,10.192540435687357,11.230702970662845,13.64165903069079,13.522596488828244,10.717171331300685,12.146786439515974,11.571051652988665,11.14764946018872,12.747258034575248,11.766615046107251,8.402301767253844,12.759852127212548,10.854045752759859,13.190989322838902,10.011739071357349,10.316139141057175,10.316269397290183,13.200878179267697,10.554957598933711,12.218703162491972,11.777409377305407,11.849704372332143,11.602155641693141,10.2543086222292,12.85401623890452,12.552624464358972,11.84806799467491,11.71093380077661,12.321474942500176,14.062346569869828,9.529278229760084,10.471978151279947
2036,10.165126616580654,10.767864349419659,11.901723131375471,14.39264196805332,12.149182481772229,12.601187659913434,12.281896314867163,10.274932515362037,10.746230089794034,10.976191457927877,9.983655030312741,10.846444741863277,11.070485011552988,10.983174295205142,12.230462795690347,12.576866960416188,10.370009493730636,10.35711954355888,10.736102458818454,9.772030362940352,11.39704850834349,9.907646996333549,13.508065652021248,11.078925558568343,12.580343948434226,14.62177586814632,8.886146149962494,11.818548940284098,12.506234945810359,10.648791936793083,14.177931412436964,13.106875868919103,11.145318124281326,10.883632410155695,10.15349705189305,10.007237325543942,10.618493062646493,13.156714642663367,10.35232773747133,10.827360791700853,10.84343739760959,11.54817271977663,11.360289735476611,10.958464533758715,14.846378222755758,6.73778243962189,12.806551543266881,11.512608667835593,10.870676167957159,11.09739220239546,11.728792684395682,10.867430339931797,12.717030048572825,15.163195778727129,10.903233850617772,10.794013140480159,11.371097488166845,10.058006567242758,11.867914642328806,8.710818383032864,10.696775893802231,9.368004136030443,9.958277917588536,8.995934014411077,10.968776759246124,11.323769492988031,10.232117122282153,12.336957955570975,12.411154399423495,12.041564426511407,10.738622924231967,9.444463739900485,10.837795425692333,10.142446375411488,10.182500982414124,10.636087072932202,11.2571462413863,11.348236555638524,13.445374478464545,10.732402241262404,12.70576395936634,10.678394891645596,10.631275371688865,9.837729314099192,14.705790545629421,10.18158779455268,11.013470676889563,11.612991980519958,11.069280609164554,10.576005554717522,9.89827693415725,10.55277879277001,12.922925251819523,11.259515508317198,11.960700860489967,10.233018180760357,12.565024304649107,10.116553135540176,12.708511244632184,11.920010227871979,12.723094575795464,11.223475050990997,10.412571518317515,10.804266757939173,10.675563629878605,11.71493568627731,10.72172069735825,11.00258829853619,10.92450275051954,9.908666266695315,9.773673444986342,10.976828693695689,10.347152234055104,12.987362935491232,8.557521597684726,8.086267335965482,14.780038206838071,12.768772697339404,10.745289942492608,12.574315164440678,11.42872052607329,10.717042357579846,11.99003917917245,11.05693013690736,11.166424094982775,10.157735629250176,11.157263938418549,11.280603101760473,11.210185156325286,10.563010919353236,11.120550811290743,12.19904720582797,11.688986167311674,10.099868584950661,10.908694726293504,10.108900310552638,10.682025666470118,12.698386848782718,12.680197522044182,10.190023575383035,11.476093395086739,10.994266418132769,10.603712534572441,12.652359821064314,11.324327293297516,7.760444079080356,12.68110825411429,10.451731836484017,13.084448084235193,9.609746680797443,9.87635304912439,9.841654904753621,13.187809690185215,10.46388804588629,11.531984975642484,11.088898397177338,11.2485876498015,10.940892031578267,9.61901203915477,12.761919112957047,12.535921134864507,11.751464361436263,11.647824259555861,11.626725389257723,12.974204569447625,8.824742621377755,9.982317057073766
2037,9.284718700077224,9.759945920951985,11.560761361909302,13.116368509829044,11.613323354202771,11.479976679319924,11.709369728422681,10.070488841718303,9.588288946806093,10.714031002200821,8.873827365591472,10.335525568574669,10.770322711571408,10.324437102144264,11.693064907322759,11.976023342946299,9.862491917128306,9.924224646235615,10.182434239850569,8.624213132845318,10.81064285985802,9.260836283149926,12.52455096335515,10.802217782353582,11.892923347004087,13.555587078566145,8.694067708621532,11.468567488472099,11.735929556514908,10.128654913895804,12.863877695519479,12.619459538356118,10.59987313786279,10.321822241353601,9.130259941453518,9.401754672942763,10.424455558395259,12.197534695753582,9.77179819450754,10.306919168579677,10.400341413834173,11.027017086744308,10.782122187640356,10.74207101831131,13.640376658543302,6.457394793751123,11.939979730740838,10.98153247052561,10.333796960342193,10.16032394442869,11.145403717846976,9.869146603281084,12.152709595535114,13.414576125857623,10.649550701774983,10.224429113061532,10.993091967604732,9.02776346274692,11.167701361194739,8.480947068447009,10.223518800516818,9.184259566559419,8.797324049084082,7.873964784909847,10.013183601848459,10.726616235530892,9.732146136138752,11.776459938482104,11.584072992367592,11.573623177797899,10.363263293554116,9.260988611889923,10.280435871879533,9.767809275051825,9.637192234234965,9.55701843082257,10.766243056110715,10.956414489642434,11.594573674025012,10.2562756050864,11.644014040170157,10.473870698605545,9.935449951692771,9.642215962400254,13.450234006280482,9.61187735102747,10.479018057332091,11.06569009501001,10.508096202884033,10.141774582393143,9.52915529356055,10.18567854214622,12.108143033540765,10.969148919836659,11.380937322974205,9.998581604303226,12.06261335981443,9.93922146401652,12.163992128861342,11.525734744115695,12.020529053457405,10.655051316256111,10.251418931369225,10.343141632195076,10.48543222685871,11.130474182898581,9.729684774561418,10.429885241324495,10.724833794221606,9.73666785122908,8.75678194395226,10.623729687589018,9.180916169091411,12.111701136697894,8.35469470942474,7.292587040235168,13.392398787743371,11.82342930073324,10.519265156077308,12.057705171325287,10.844386245407494,10.252072288452284,11.262800481231151,10.143474039783618,10.808812193248583,9.748200125141958,10.909030715408536,10.342322113883236,10.652340938944537,9.824631811969956,10.73125895469085,11.859956125911001,11.109679192142641,8.960706071199285,9.877610765276073,9.52179139053859,10.155929769834747,11.796835667514445,11.948210943652237,9.757673593237996,11.160086469805762,10.451904527195127,10.069579749145422,12.057041458461597,10.187363175918227,7.390081294986884,12.139005779572155,9.285400417997785,12.51154619351576,8.442602491735121,9.229303221623214,9.434659971005246,12.412481969951285,9.874704873270314,11.16766084763019,10.77950753595518,10.586194063617809,10.771074075413788,9.40869413574135,12.178646764029628,11.667850287165495,11.134029739921024,10.996623603384133,11.255933036501316,11.942837366996255,8.612760456197936,8.995780863839649
2038,11.265163659725498,12.170744448444681,14.011328255190795,15.756737693496374,14.045403464373363,14.823568476445,14.276802406686809,12.449540227732578,11.979733527678517,13.149634321503665,11.6992285301018,12.588171621541617,13.016022494305732,12.782660831859259,14.284559774010074,14.62897771196541,12.065594020906996,11.897721801115122,12.572718319604581,11.15126641859989,13.391673238705037,11.264193448035616,15.40556416530972,12.976612516719362,14.331319692342175,15.873074645581452,11.043946673263514,13.870216952069951,13.999913244143782,12.46589663778634,15.542632416538572,14.73868757227193,13.155606906375159,12.759330988173254,11.758056914676793,12.07710676802241,12.757402426036807,14.8979552284531,11.692926671841871,12.624691174568046,13.006517594923146,13.625148793763444,13.207210718532627,13.09527360945535,15.811173765555672,9.318356044104565,14.57690236620281,13.321896412774278,12.671021500683349,12.9474958907003,13.874867963888075,12.666615510845316,14.648979588330764,16.973513925852984,12.84393305104712,12.67012363672257,13.495224976993125,11.665482425333368,14.089005116525147,10.966926664599907,12.834070284567451,11.774259077628022,11.206566809939787,10.355365704583084,12.509438351606548,13.227298156176087,11.963948649880676,14.244527518020378,13.924121898153555,14.066986057745373,12.651264313446438,11.621902588107018,12.948945111878542,11.576612665601399,12.253597798230858,11.84529319535131,13.338290687488476,13.764316602569561,13.732360129771028,12.426949175155684,14.821303212610273,12.880348041248705,11.945618440599546,11.965139048255011,15.706063410510188,11.936656880313938,12.885205179655355,13.559224075435294,12.997822028220348,12.122721657156944,11.277516045000247,12.765408733616708,14.825546132157683,13.238746250453206,13.968516525690971,12.653347711321777,14.339446390452597,12.285399033242594,14.545324396504009,14.290593887395833,14.725282008557215,13.199232056736948,12.594765914199145,12.894367882738946,12.791068725611852,13.79078599778207,12.458864851490311,12.95706374809632,13.075607027838249,12.061309272909291,11.343103377715401,13.22433723800856,11.618518147131669,14.610981197460838,10.736589624586959,9.955628372566858,16.18449823493543,14.658634531757105,12.546293197766595,14.330493281716889,13.652706217830596,12.63234809551226,14.02797772427616,12.750903208780548,13.32214497094569,12.301971010539843,13.291660335117381,12.588495757025866,13.008735586119737,12.26321377929138,13.073264546672123,14.216104053608756,13.60912799667162,11.337676772523835,12.074309609182505,12.142781244995804,12.488732592324197,14.520834280096967,14.155247182949733,11.756518867028793,13.569111553466188,12.888448160060722,12.446398947347436,14.685848423644252,12.572097980133865,9.962094165060837,14.584620707263445,11.701273718828574,15.045489045588866,10.867284155410271,11.69336316685962,11.301589747799722,14.928579347289126,12.514358412798334,13.725746347204499,13.191024530517021,13.328637787262382,13.126499226073854,11.773457139082579,14.749076454211837,14.28045016915902,13.918080489657333,13.558695017400643,13.869295886353308,15.088285654783249,11.010012125839358,11.236443777310505
2039,10.140481504247239,10.843434150776133,12.552240557401722,14.195873047670592,12.356966534082819,13.035475736402944,12.539215272454467,10.807368342744434,10.687240373829137,11.491119655416064,9.654316273801353,11.30233052024699,11.668731173954692,11.1651076823473,12.526463433938186,12.848976907198846,10.79705764077928,10.74224829495601,11.218303034001073,9.65148734754842,11.61826153488263,10.104010459966954,13.565931309986377,11.661186729760274,13.017198156443952,14.613725296181181,9.44613652238205,12.44657575711608,12.801965795781307,11.116203056349743,13.958484409943873,13.259116192226825,11.397957654831858,11.364313572483217,9.805729062741866,10.248287152863394,11.196160095055468,13.317545869995072,10.551270895799544,11.296261468821248,11.365388357768891,11.860500915239209,11.832264428472394,11.484897165721202,14.536478646423507,7.35912277452324,13.153754460422892,11.972653948904382,11.33839629817268,10.891936655277796,12.02203993763997,10.650509760917531,12.964035879658615,14.915219007626824,11.501062261831501,10.94141569361091,12.005723783017501,9.741611838664697,12.445840526210224,9.263021358815227,11.161817504821915,10.015425981710786,9.913713217186542,8.865754384709444,10.65007982500222,11.805647375461971,10.655228933967328,12.567350484430792,12.767075319652974,12.36511072921364,11.228317077393115,10.00103014390713,11.414171608245896,10.48462785942399,10.521849226975897,10.582573684013411,11.848783539689105,12.080346449561741,12.006595327802327,11.172075885145563,13.131878387020985,11.239595675921962,10.791510321240386,10.408698228714263,14.375308641920924,10.586756211098123,11.490653404561076,11.922755239450415,11.567314122763019,10.95583558698063,10.22366371362106,11.226288487081943,13.129340929505618,11.870209293601956,12.198335404062401,10.856999820665173,12.775605112962102,10.681225778615993,12.931178589149013,12.638221853291213,13.232654974995807,11.478994874688592,10.995920858030528,11.260904558488859,11.248584412038326,12.000078566206627,10.483813497035403,11.504647355202748,11.471903569988132,10.439767054727545,9.441185509947976,11.671969773652764,10.307739214080831,13.275711969836898,9.099209570204437,8.041336091235284,14.541964661815888,13.16121205809,11.29092308846505,12.765060973232211,11.753759970321603,11.223119884567419,12.443817118952131,10.852768834032442,11.824665519530358,10.729762283356298,11.663033311660204,11.339420345004488,11.67149863894219,10.650509881260604,11.621294096841115,12.827689262633417,11.908884352801937,10.054715628857199,10.853483502307665,10.347772859198894,11.139382934602706,13.067688173411986,13.026134084100308,10.575108361632928,12.12336808835845,11.47686591104645,11.067668730636008,12.926272816794077,11.275681446427887,8.194411913013976,12.896273173148865,10.40057077517976,13.36120313956686,9.566427490795435,9.898358057192324,10.193488338030877,13.29679568047109,10.722218859778797,12.204580200431142,11.738986435143842,11.787004892268907,11.53168611973524,10.157286257037654,12.998010715064797,12.593760835087817,12.07506195301919,11.852724742306316,12.316743426186886,13.392281356389107,9.369717506934768,9.964854189883111
2040,9.990709431145502,10.565851419091064,11.659560497040337,12.867821576802626,11.228132658030676,11.964829863575492,11.268690158005642,10.182204278914828,10.454459583953671,10.795401716604832,8.966540210839844,10.958695233840013,10.83209005937628,9.973691310976507,11.227889492702875,11.505750517421605,10.440978286220979,10.465456976514798,10.823803959070178,9.296193660763295,10.38732702236461,9.804947411236554,12.11241685979716,10.85451180674136,12.169585336809574,12.871825679488802,8.789772812115114,11.561214214109857,12.067485073338384,10.74614208110649,12.617649101692697,12.316061871207282,10.22984482570673,10.971585135259058,9.186167412477992,8.931856521445772,10.561386822034484,11.523882891820827,10.35663424861496,10.93997991382671,10.300125470324222,10.654390386751164,11.42929712763947,10.870438152762214,14.236171530640643,6.604556831571718,12.332532278869465,11.558230527312212,10.957389333244906,10.16206753642663,10.648792600340169,9.899291728501737,11.749340809638733,12.976187994946606,10.692293019884309,10.303935815458711,11.164471046067769,9.11301853572545,11.441578890804365,8.582710093940085,10.013162866234785,9.266344739592375,9.648922887995194,8.551686755583988,10.044484232349895,11.401159506564474,10.314655454748351,11.373462389830664,11.916269141694777,11.336977917215098,10.755196878423348,9.355746982386338,10.803747193320937,10.253070037650028,9.301639763071485,10.375929494428897,11.158981551456714,11.051150326414604,10.490460473558185,10.864815742992189,12.12027185211849,10.580622607761109,10.598052086065646,9.753835606024317,14.104167492493339,10.23186770061274,11.10967631411293,10.78452773278822,11.157436863883687,10.688362159725763,9.996778778407885,10.272530522845361,11.481511586062286,11.036331699594205,10.952422931061495,9.978730431737619,11.698358517302122,10.037907745689154,11.778354411215883,11.626145391603535,12.309113076847533,10.226242254771618,10.33702824113931,10.215754234677425,10.616048306064762,10.653404510134589,9.787459947816703,11.083184667336555,10.838114600628613,9.814155947255054,8.903321031562015,10.716395904937677,10.048246075925622,12.495158571264021,8.45254446420333,7.392920644422386,13.125010599260742,12.235259394120911,10.557624601151634,11.702828978836214,10.329975797592295,10.767673495600164,11.440468043412853,10.174809579616007,10.904121793158675,9.73230404315678,10.969588625993902,11.131013932435408,11.299534098771604,10.11250198454313,11.12821700415858,11.966602769234909,10.698543941116203,9.790642496036446,10.685465241093999,9.0640513845112,10.767451161599677,12.19515891859065,12.26451910060385,10.29944747200479,11.232974305344019,11.084800221025944,10.683626880383361,11.605369112899773,11.052946324581683,7.518311606882058,11.75350088693718,10.144449359975228,12.07164540498153,9.309661972053027,9.2816819779008,9.920180445941895,12.044420926467232,9.420225024506774,11.261894651405191,10.843752291579934,11.315186173412139,10.865489075264042,9.51922823901734,11.761951170375813,11.290217564157818,10.627769290955495,10.576188968494534,11.355085632075436,12.401739792493375,8.733591418794315,9.742132378499145
2041,10.716745346501149,11.486726815123923,13.786183943162145,15.27922720883204,13.577457670932231,14.938406538704172,13.841032016657943,11.715215991453633,11.303626606969729,12.448541613619613,10.451548435927737,12.02297622240756,12.83050266110703,12.290939613812316,13.868652022079278,14.188102312386036,11.490468193938877,11.407625715551982,11.954360613032526,10.320401777604438,12.931485878789557,10.830101699851776,14.8897365913119,12.783427481418073,14.361228169306465,15.696631219400013,10.324413384756319,13.658191520457525,14.09685429671536,11.848273820851158,15.065312600654105,14.330991765059045,12.667469258587198,12.117665617038375,10.57412140634235,11.616480093186155,12.014154514297845,14.64726199468841,11.211600407310156,12.02053349505624,12.6678766026769,13.133504738221353,12.630625618378751,12.386694044846559,16.15814036908357,8.445621140463198,14.650596800543697,12.769866200568883,12.085362830482747,11.768442898502819,13.4146215222452,11.52128142118454,14.215209476973705,16.37672864030237,12.685303361519528,11.79434782687737,13.191878625151258,10.512275021361269,13.98862204765496,10.2398641028482,12.456077944163397,11.060556238314701,10.526456907877458,9.563812972221058,11.395992878662502,12.567507636611879,11.377646001582239,13.811113996998124,14.122919841952946,13.526030476812437,11.97311298993072,10.857035225824172,12.375647796398919,11.14392109166669,11.849942750580933,11.191125283422677,12.87467611119475,13.482639524316337,13.460073671263197,11.878530579254681,14.918543084160143,12.166340776982352,11.423922585242469,11.269357801890813,16.03222588093385,11.296912525820991,12.285667316421216,13.005829666052824,12.372176217968049,11.640240316967605,10.858234422362372,12.506423190398062,14.524140563348066,13.049848008212512,13.512166825568544,11.960663273039719,13.930967184188573,11.548325555621771,14.108300085786894,14.031225771926668,14.67674461478158,12.747039251069983,11.839766707190355,12.542190661451414,12.046871633795297,13.356384194739492,11.309759221242174,12.312447900964838,12.363390943602377,11.289803715341765,10.235439253188975,12.93603354368521,10.914398080628853,14.682431842321934,9.992803224058742,8.876746671375534,15.684619807678725,14.76176158565542,12.419817705517234,13.919792785106793,13.201705835273737,11.974963879455697,13.857689323794583,11.665849515277412,13.08938302383151,12.013557516635679,12.591840515318124,11.976485005377425,12.383292640599867,11.376263151026293,12.400134529432524,13.992382341105005,13.17299068954004,10.67545347466417,11.454249509569745,11.681494858520834,11.887721304984193,14.600794241723161,14.26206833124161,11.243833915128008,13.354291375513878,12.267971894987253,11.811531130224466,14.242256789225275,11.899396769540463,9.119552225846315,14.125864065373726,11.019759767243396,14.62200191689898,10.190215483793748,10.691930813289696,10.814073699688455,14.450713620237682,12.057928086987332,13.498898103995172,13.005369963286364,12.623785573829878,12.364171663056249,11.060931002964145,14.29651992087779,13.805799329815354,13.486206714549791,13.104587372311432,13.621352917519802,15.167507250671804,10.31696012518976,10.60730583552757
2042,10.631276028311778,11.516279657249868,13.604091896311097,15.849808679974597,13.65709367102903,15.26855465721177,13.796319438711459,11.817092480218928,11.319084120833356,12.513620268553497,10.888802477239592,12.023231765984196,12.64036564658518,12.32578085034924,13.81294686185277,14.132342420842336,11.584463003455948,11.37618145508611,12.015252235548004,10.451374342017203,12.899192949028121,10.63747458030348,15.19018708234248,12.601848840065626,14.483715459056524,15.763864521099174,10.395871921401959,13.510416075263334,14.323122560411043,11.901064832846677,15.660830727626529,14.357490805828055,12.64996982463028,12.20950162459327,10.97660737322724,11.59830406178599,12.14738550254033,14.580287177925527,11.106464246652374,12.060572785851749,12.585432513900425,13.109990421196692,12.64647268098982,12.44558935964723,17.097584688145187,8.519444498678917,14.928538274505868,12.78814763057491,12.107182405565098,12.062602275739543,13.375578669183282,11.804694566389788,14.219090347056804,17.087746747162033,12.439439158076828,11.922114337915957,13.065288769324194,10.89545638440177,14.062763508571235,10.271449410397071,12.399541146729305,11.021944529336434,10.56349351564827,9.630926650179472,11.770077955463655,12.67417983575117,11.45151289074641,13.82136433603971,14.234620189577665,13.528669984120393,12.073810916717935,10.990807537799295,12.444638711359843,11.076873825620053,11.792702318776561,11.18791286793092,12.85606962604367,13.329644987116689,13.614879923670191,11.858683943667492,15.231735821651375,12.225079857622797,11.348795122750428,11.316081198337283,16.986067523127023,11.375707127477812,12.287081056638904,13.00162492044594,12.39449398851265,11.606630260529728,10.795210709633384,12.360075961636465,14.440622102955116,12.849049182041831,13.473024943519544,11.946487226240015,13.951650930487597,11.660919813520238,14.155775271032168,13.857958200671103,14.770171656556752,12.759971704010082,11.980358287368132,12.458997423882073,12.188403462991117,13.316303718511183,11.616277551521426,12.348434651999373,12.424398445483785,11.450898865561769,10.534793561162507,12.830019488282828,10.960385268797046,14.934418710677523,10.081320889618084,9.174480669200426,16.29891728285862,15.041974870083125,12.152449793789703,13.936177332764087,13.15118634247262,12.055817891074266,14.001242595522303,11.91995122380879,12.90647577368857,11.867535244025616,12.681464920772,11.937372703591121,12.464787042335326,11.608481781638186,12.494524605410257,13.827985861379167,13.161112385356558,10.708029340790668,11.408165977756573,11.689734039747199,11.915218655020006,14.887299908244092,14.476150489209786,11.241444559038984,13.170840028673409,12.278377833897656,11.876111021508338,14.210557121297587,11.890048000961542,9.227698823963495,14.180426637763562,11.048532175629038,14.57647641586221,10.213647868322289,10.993519089144211,10.849361632181251,14.63818933652795,12.044686693860138,13.323924808884447,12.786808234922912,12.742867696544398,12.503252563269243,11.121318263204206,14.268724974730743,14.056813741507737,13.41418275220887,13.172992794248076,13.461429163084734,15.502185691310016,10.330718466769094,10.563708361400211
2043,12.47448128850564,13.645138645301694,15.697829775836158,17.755067576532777,15.504485336982686,17.489654381961934,15.768550993307782,14.165902191530103,13.440195617144525,14.856051885077488,14.808191692456603,14.10995270214651,14.589231884997826,15.3220021141612,15.880394473024039,16.204283755758535,13.61620838357055,13.231247704962026,14.186147714600617,13.000957072105095,14.834287855936129,13.002609286619267,17.309185367563497,14.47999290150145,16.27588937852693,17.924568772315983,12.744003991717886,15.508475242749505,15.89572254471157,14.047796869093714,17.551984525245164,16.015650236088298,14.638380494454635,14.441319214585038,14.483041733503343,13.626120472083926,14.488467195111776,17.037526459797572,12.99060771646707,14.190494705801425,14.625132027527563,15.20904569344028,14.824232080060503,14.745973439320268,18.407777496006183,11.407195978514526,16.747876467912093,14.858392925366115,14.251317142468428,16.017791701399762,15.497395002161682,15.718079017556235,16.145559524712354,19.640301184161853,14.403556350780574,14.894974796668345,15.228579136664456,14.543766621419275,16.21640327767186,12.756685349928299,14.416578565926656,13.672962552746354,12.678849199361617,12.163202277870608,15.129368754184764,14.938377784038694,13.54016281923522,15.697736329358557,16.179079537806306,15.577778406117273,14.257874113224123,13.342576594334902,14.87461611758108,12.830361020305885,13.787724722338762,13.227245709332434,15.147049827582165,15.619390556345815,17.6128732121509,13.870645303441131,17.33554731341808,14.613618773286754,13.255813432776412,13.632702716666717,18.296516801999967,13.48258715276809,14.498128259311551,15.960800016703812,14.671029178749608,13.475240722946499,12.47850076530291,14.462772047390109,16.755942818911183,14.842481626116712,15.42248659937278,14.553020379141623,15.750785239364792,14.00508060176735,15.964377970799159,16.15150374174118,16.726535251607064,14.66072269725492,14.35114284054093,14.48002615854468,14.509780388892347,15.39925106031739,15.418872616861178,14.64586464153684,14.743470635751022,13.788930990611727,13.949056593944198,14.927649775277013,13.085881842178816,16.625155723613247,12.46313508307946,12.491063080080178,18.273584938567616,16.953028506558876,13.976922317691477,15.706292442653496,15.381294815436656,14.284999302406188,16.021999910352353,15.580178745414898,15.010238581984911,13.926668159339739,14.96390992046698,13.974564153215159,14.58269219294838,14.241296771346875,14.69675380339765,15.778628592905791,15.055240967999334,12.793787404408926,13.396212827900186,13.664489282862,14.046274400437655,16.736710197251778,16.045405963192817,13.136879871720856,15.25445831550852,14.506127003013447,14.047232105680134,16.25594107353169,14.01559698808453,11.95252976623242,16.048863492582157,13.177112683046447,16.54239737728368,12.353967401320523,13.932911782323018,12.611572955613553,16.516698977221616,14.01932548634384,15.499102563070867,14.908150056781981,15.228515896136345,14.874469836606927,13.45272095444734,16.215916314850684,15.972411280092986,15.623520694187153,15.08369446772596,15.617609205453292,17.59969804970467,12.76839447612672,12.598125790934198
2044,11.259103368319902,12.176496552060483,13.761429178973902,16.40834204658218,13.993228492448514,15.035216684736636,14.215736646215316,12.492496996632092,11.998883177728759,13.200285973513258,12.077214393116856,12.638751584535424,12.789643003402848,13.203060372368146,14.234480535044618,14.592184413548399,12.081457302460207,11.941338288314318,12.608581283656152,11.234900812739909,13.290414080833614,11.079295929359352,15.697576477475788,12.730194345643016,14.383756480139235,16.465132778105527,11.080278141667014,13.624284167166643,14.139163460744465,12.489191397052744,16.199833416420482,14.699532669523489,13.087106737024763,12.775074585421901,12.006350557036379,12.034017680131873,12.821879767772296,15.306483618591145,11.703871427670766,12.659425390327511,12.780551756651178,13.564756033375211,13.20933521717139,13.125937455293279,16.825071702832762,9.371160916174233,14.730480658295361,13.309638747054601,12.718108219661472,13.269862690697545,13.783320346604226,13.02129836574845,14.620821930711042,17.885322596715845,12.617794587357865,12.84729360404384,13.27086609144412,11.998270771101762,14.030461178667357,10.993944828115078,12.658587951091645,11.805025217649732,11.22830822772306,10.455159962339247,12.734620936184552,13.243355364903165,11.960993753422215,14.199618400438972,14.108989300287288,14.022519339888316,12.683365945096899,11.657862940560214,12.90023306514258,11.594796717166902,12.149560602584287,11.83993782605166,13.23319404770661,13.470696352776548,14.933515598268613,12.473015396491347,15.009882030765647,12.922991624021014,11.963274353548236,12.02143435747079,16.712332891381305,11.936798072409937,12.918321777665962,13.915927069990529,13.03620120526656,12.14103773503524,11.307436978687413,12.480769125663716,15.054172037412291,13.003334352098731,13.875023943250598,12.67608461367047,14.297582077591315,12.339615784585478,14.53259946697432,14.013671722627532,14.724027868198311,13.121539809822062,12.654745255232507,12.714001981622499,12.874110432098744,13.76049409596169,12.800793266976656,12.996452664875466,13.101706814182844,12.095536089137841,11.574757493384507,12.917783816871436,11.636879916667294,14.80423686426619,10.76143784027385,10.181458532486275,16.90933190998824,14.830160722784374,12.333307036482124,14.28998985368273,13.599825023309046,12.66303922098292,14.01577825649925,13.059101309465328,13.063381469282122,12.08282637677115,13.336653126970583,12.611310590220537,13.028763311125505,12.354026421580626,13.11347990223895,13.999751192962997,13.555318448206656,11.345129672356927,12.084798268649891,12.076818446912196,12.517416201693857,14.669637112513835,14.292036756225254,11.78352827364174,13.321543572713502,12.925277512034643,12.46197814202827,14.673609697097993,12.582740923713732,10.045057069348255,14.535285445983,11.724364712024512,15.018185497626014,10.894775291236686,11.830050067368731,11.302835109681599,15.087318095823997,12.434745187628208,13.48617808731354,12.944898763104623,13.374944292332817,13.209101143414559,11.808251654972203,14.677793149552915,14.5143242607946,13.916052839678263,13.585940960430257,13.614419668265016,15.263371008569784,11.052976624635248,11.198149458059799
2045,11.943061836873708,12.881305118779776,14.486959489386367,14.473260770673342,13.992112663615009,14.174203728528127,14.32506060326958,13.17549644702155,12.694009462452458,13.822966785615552,12.124453185693078,13.317852802412665,13.49875884211582,13.486365841458673,14.360665657840993,14.67403519428943,12.740792108294757,12.571693637529798,13.312526052736715,11.757047714422578,13.464707696506675,12.075242552258397,14.752221610862767,13.454223013604462,14.13120659019636,15.566710868607396,11.806180192562554,14.28568598225146,13.582828578741658,13.213084162901277,14.25585264226665,14.755895148152886,13.294703824607577,13.51194602979914,12.11932025849819,12.147907492259272,13.480222720875526,14.822179624304662,12.430100671299126,13.359224346020948,13.321334842187555,13.778891230487957,13.951589730770694,13.823001737584887,14.08743987912717,10.268439480346508,14.11552355730015,13.994503142231185,13.413406597855301,13.413908551082669,13.915412842255577,13.138061237804916,14.659523607434142,15.20550672070164,13.378737973292237,13.27502788668094,14.038214962767523,12.061773565152414,14.050448022458864,11.822389645259017,13.068794141078127,12.741259898504484,11.927786276473297,10.989915079396704,12.871387298340386,13.971521577271428,12.66279501759488,14.25732454293124,13.739120307176014,14.33769331709482,13.367925070226194,12.354228918643106,13.687980038964232,12.2410126912772,12.432144888069319,12.530829812845463,13.990957817953571,14.293447109020274,13.97726836152699,13.143469798824066,14.208818147849778,13.662063394875634,12.645867794387687,12.692771699441519,13.945779059244236,12.683726524043346,13.684448134639986,14.294628474375473,13.79479439427024,12.807484054856975,11.910003428549878,13.238034238148002,14.777684399073575,13.740967353327585,14.023753444583196,13.428766950398039,14.393557430285474,13.01472596273474,14.50598985952852,14.819257006089654,14.585718806549584,13.233473547774816,13.332044292889217,13.211320442269034,13.500434600788617,13.828192046479039,12.896543451544384,13.764916007204544,13.825371000429858,12.793380600440765,11.749536807770312,13.683650192845127,12.31533653682867,14.090323638656868,11.507356728872526,10.499283562535828,14.80524705026461,14.110603691483648,13.061978959518934,14.351346095295057,13.74212793779114,13.367606483278392,13.86394747196818,13.175400095789328,13.820434299176158,12.740845013673056,13.918599180715242,13.287958016295148,13.709217556387834,12.817827036847241,13.764592647552492,14.644665322246277,13.640207232421506,12.06367466258614,12.761510239995047,12.197535119950771,13.246333815319385,14.003030084397482,13.771037897338038,12.432508187206546,14.076022255355896,13.703070471144244,13.211159456359306,14.712574775533184,13.279662046581509,10.719007378909739,14.553549323392948,12.425387813021313,15.085875947838245,11.588083439628067,12.214110037251173,11.909709952751422,14.523250432927972,12.580045645651612,14.24698693131137,13.738083474338053,14.150181885322802,13.824023002515668,12.533333341712536,14.77838278464649,13.756068870141778,13.975171727452265,13.43089081168823,14.353985064136596,14.480390859909518,11.86312327307204,11.952761126196254
2046,10.885239528735047,11.633182088965954,13.157434259743795,14.406767133785332,13.38355628401041,13.472917219947863,13.74259459745625,11.883431296309702,11.482317997709565,12.592310573257832,10.576844701786406,12.00520438152244,12.218245633918311,12.037912102011237,13.733167516472546,14.081540447214378,11.42636106641072,11.393860565498471,11.938299703533238,10.498994204661125,12.876782515815094,10.606591715639377,14.331754097957974,12.190974790926866,13.386467421508353,14.95333071591576,10.513158115355862,13.016651705373077,13.071765539438829,11.859682008624079,14.17417151740064,14.226087222928584,12.63484508090693,12.079819577867573,10.696453769893754,11.507605600940144,12.16859974776921,14.123270373305552,11.268449074224293,12.018636311363917,12.204409092664719,13.091017452595029,12.607281633602133,12.571730790578806,13.761516658508254,8.681995787981736,13.553704885684926,12.71048308439229,12.042289550699618,11.890980283851206,13.323534153401853,11.639214041764324,14.056284708821256,15.151931089389583,12.07704281029494,11.959162264738396,12.640435567510355,10.629668383780647,12.999505987795798,10.45526828390101,12.08906459225261,11.294678667479236,10.71924624818823,9.719256038575068,11.523768233216325,12.532288838663828,11.316617084626595,13.656378736840969,12.69998059389384,13.545113590262506,12.056808575339941,11.036345749607552,12.083138883599764,11.113855585455898,11.619457889510242,11.355618117296174,12.50235786839672,12.80489661981878,12.559077758503998,11.88738179142061,13.558904920259248,12.347879118245583,11.501771109138172,11.444367590805761,13.598513418889564,11.331630238777269,12.247018591946233,12.863967651906218,12.32396567548099,11.612407018120514,10.827237057297125,11.86709969936182,14.124358965002973,12.435065896503387,13.431411903341427,12.126904770731931,13.829914117150981,11.720411742511006,13.922597984904828,13.343174996664345,13.71150891094104,12.606458567082887,12.0198031378829,12.17615047291569,12.202487374453439,13.195799496510755,11.440516804223476,12.273206147162814,12.54355295326399,11.47834137989127,10.359472279963288,12.311177486513296,11.113434178673703,13.593487131530827,10.189786160769668,9.013659070853306,14.754057654058151,13.503434104925915,11.84961721430654,13.79012001224834,13.067035658082563,12.00795039728932,12.965883801974686,11.786154553942056,12.475506517226284,11.52714424224004,12.730988391229637,12.100524538216867,12.367963146418333,11.523369724335877,12.475249469401723,13.404974013982018,13.03438157438422,10.852610072363978,11.622465875080744,11.55998325003716,11.870155566088531,13.389630720667217,13.255809831878413,11.234603099018823,12.72258428370823,12.2516696660415,11.817309886217117,14.097861732801668,12.069447652922703,9.316855539284322,13.957654183001623,11.207005919321722,14.507207964101568,10.37893123017705,10.849040276654392,10.772238423157,14.078582307769231,11.935094020126954,12.844476310617253,12.353818125536908,12.558874367047906,12.526569338110482,11.247656483041206,14.174489078638347,13.345880865402846,13.325894339900952,12.865975051227474,12.974247251758754,13.818550946231449,10.52854277970998,10.782129939159624
2047,11.084138644130336,11.941379540680872,13.482141463652907,15.371762534846425,13.6794642812532,14.2506397564936,13.886349877747508,12.54534250886544,11.786069035206154,13.212443886891661,11.726420054293197,12.338013339463789,12.526072968769336,13.164383865649928,13.915595972991511,14.243513220030334,11.823081798446568,11.674507316039954,12.313206814553427,10.9787896450447,12.994964703026673,10.874250632973956,14.961441433705065,12.475288195778496,13.886671337096585,16.03288152943487,11.120949066426283,13.34131527578701,13.602758128034036,12.18718512647826,15.11984081171534,14.434719721908154,12.824391496894155,12.478613877426023,11.687135833760966,11.680443644199688,12.812387279842216,14.899227989553056,11.484233968283824,12.352303257616969,12.483837471303087,13.307401385644209,12.93147560160445,13.185456462852335,15.704201361407405,9.447276422187038,14.143375375996468,13.04867053339663,12.428982256871205,12.911121017259097,13.467776205228725,12.609287383743442,14.28803613749535,16.436053410820342,12.354333961463496,12.688540970501693,12.998987684431283,11.668092361448899,13.521024161706803,11.086507697447972,12.341841594518527,11.918105011400971,11.011705866326462,10.18611191763826,12.445699270328749,12.954579225052958,11.721367760520916,13.874287846619668,13.543910174266152,13.829402136413952,12.505824468705967,11.685146762625028,12.622520675801713,11.363409749515679,11.810322697881771,11.654420539736746,12.942188968416303,13.149367000097813,14.414605345415032,12.163872723839681,14.272675150762433,12.991976782031681,11.739709610524383,12.055107097262924,15.556675636250043,11.644115551415345,12.61160227186654,13.878656557406833,12.722929299201654,11.895929941502603,11.078624319771064,12.186248634385109,14.643113113777796,12.73948663922594,13.556228789298428,12.696709281724434,14.025276177279332,12.375466154969256,14.192042471193101,13.699482658311076,14.225868032273393,12.803902384379636,12.68978360424871,12.424617542196872,12.84219418660454,13.39222453405028,12.42855280313803,12.673292283130731,13.166251807757051,12.137099928182105,11.260783065677343,12.634384322425593,11.413074425057225,14.208207563861562,10.81293505721766,9.947318443785546,15.772497703199804,14.159702659382125,12.087096408657407,14.005799487233162,13.244353933178862,12.440899389269559,13.491359003860023,12.709357846042387,12.786992266126303,11.777745465869488,13.332931852859002,12.368411861684013,12.736613321887413,12.185350055198954,12.979072541646337,13.726402739467826,13.221072099161459,11.160268070905108,11.87471504047837,11.745112793844033,12.213773171862833,14.02360268747029,13.78653309850589,11.520790391318181,13.052703499308103,12.601488152275918,12.155781377916746,14.311604099105237,12.366159034407012,10.039823618919952,14.220730364322668,11.509858401431503,14.682825145109195,10.673515349626541,11.671270984022517,11.081889567208355,14.527981928833158,12.10483936606603,13.190392713831818,12.678527708327321,13.040525280587051,13.229467796890631,11.862469428259393,14.348396518308183,13.869349500083406,13.525651326645983,13.1571697615411,13.31542279198766,14.528794858280731,11.155479804329252,11.040696297326813
2048,9.796642194967717,10.515080821356213,12.082257888249483,13.46005980508483,11.954894916842813,12.26179873133483,12.093923734581988,10.684891054649722,10.251798930699415,11.320803381826568,8.949397448288359,11.27969618132287,11.251187576142993,10.62374260665282,12.084541116719663,12.366076825753504,10.79558745496299,10.735355090977546,11.174431337590287,9.092330766760785,11.205032511391563,9.935955872313816,12.938327679167623,11.262611479619919,12.48867495438975,13.66006912560324,9.2729159930478,11.967251346972976,12.301765402050123,11.09617849513281,13.221222565711841,12.899898375829927,11.010008760788683,11.347006101404196,9.208699131718554,9.787003966129342,11.039895179479018,12.5090059897174,10.439617587820344,11.279895903927317,10.869489133196032,11.484718907624483,11.733380892030572,11.35515709431923,13.718474284462305,7.123896994152227,12.598415438141469,11.862453124283451,11.295103631650466,10.239181759240834,11.585044110517789,10.014835533240568,12.514177697508234,13.955024834074406,11.11050879386375,10.548786087204583,11.606208023493705,9.09884591311541,11.80177726288853,9.073860930035947,10.661374372106208,9.82611968910889,9.456561538993139,8.357837843830174,10.076569356246974,11.756062237581274,10.66808225254974,12.134276572290968,12.140876578895945,12.047408281461053,11.152016164006096,9.843588350563433,11.280652972343178,10.505649795674756,10.042488999168755,10.191283736539924,11.58619545829361,11.53171983458426,11.159397596898286,11.169530541838514,12.391599359395718,11.087190288240498,10.609378321663195,10.234012763137402,13.506446589594304,10.540404511534648,11.471734989758419,11.441656118177855,11.538621332658378,10.956669361107862,10.235310933593178,10.704291380132021,12.438526872869419,11.45812972400176,11.780657811009366,10.652739559163583,12.388543581994977,10.525501680762874,12.483897136605307,12.107025936974782,12.627270148176217,11.014817513525484,10.830039520464515,10.797854227864224,11.092318122801574,11.541533272348989,9.835236601369536,11.472304403619924,11.323224935194725,10.294085932085695,8.877653126007598,11.149351881250094,9.85746957977181,12.659328587029293,8.922214933696367,7.564145056854775,13.773032749962553,12.52078060870585,10.9430232188138,12.378182650098337,11.294411806308705,11.146852412139593,11.83385546213907,10.216093673492255,11.323285502746057,10.212931496536601,11.493341528041208,11.033724302972626,11.6269004178112,10.25827108979549,11.513514270601066,12.321345661645347,11.480254519163914,9.616945211816093,10.475427065854488,9.899420072527036,11.119522746652367,12.45870817873789,12.547287074444089,10.594495198082019,11.675188091947984,11.453690500767982,11.047389047635397,12.416642403473027,10.872213898955486,7.91442766874705,12.488529661427373,9.955371074661935,12.8436931842108,9.092587705377653,9.503894223831594,10.224522729282794,12.748477047552235,10.260512575183226,11.714204814254671,11.303349639086619,11.72574803038784,11.35271198075751,9.99275575738157,12.569098281471625,12.012038563337663,11.54984335289539,11.3432673951206,11.791975891784483,12.691731083814215,9.17490824457744,9.585124179720879
2049,10.946047055980433,11.690036887950873,12.948433567648346,14.591573421074001,12.797016786492394,13.559919452861596,12.957190419344801,11.502983680399867,11.59330379343389,12.1484032795643,11.077632705640537,11.891288306159172,12.024403016447378,11.847405361092608,12.939975461558152,13.262187507772904,11.379124339831913,11.270099686539696,11.823459669623688,10.674083664722275,12.087174426764248,10.868842587522836,14.033798300256224,12.02112031825211,13.368127663498342,14.739249119292134,10.096441311680753,12.831856852964217,13.140337328548016,11.73628903544792,14.374719446767932,13.67050078252087,11.885954595778301,11.999479460894417,11.159578411799412,10.707370605157772,11.850503407823654,13.585974580324864,11.235699856410855,11.89965002425015,11.7953600846231,12.343026287853723,12.417824762427937,12.160219057432743,15.135847931322845,8.135461128714153,13.582853063212141,12.549012879446863,11.93857585735943,12.235642438835422,12.481652851499941,11.980435460805895,13.367214089178523,15.429943872534711,11.856067840171898,11.849327066670297,12.445877812013194,11.086418956639648,12.897469658890493,9.931576145407947,11.588720581777718,10.678794992176574,10.788725487078013,9.890919680626174,11.97097689787979,12.447804823497552,11.256970810420487,12.981775379375271,13.192016330750095,12.891053495604707,11.868440641009286,10.682140270491011,12.030077232452841,11.000935581715213,10.959328457389194,11.454257982904501,12.384603405533275,12.52527869946283,13.413409528201036,11.747417990280235,13.633098189921483,11.899232307206033,11.505071916819912,11.036555750012077,14.999403365280322,11.217003086743796,12.124203737987125,12.601706181693336,12.21002469507411,11.508293056941554,10.709865386071415,11.634515441144293,13.446743753941163,12.240106897509616,12.655380524289997,11.503589592712084,13.178240956819575,11.346154787780147,13.32268355616733,13.071151832685524,13.643133365265706,11.90679501709731,11.666633104824498,11.709219758348215,11.90343245847718,12.424537590421412,11.78270533919821,12.15593500192399,12.136847222790772,11.136648024148915,10.775881524521692,12.083386048148183,11.20094013578542,13.663069965176122,9.773196450920533,9.196247026486242,14.951273125798807,13.575268821871802,11.626442380573437,13.168295547366137,12.20768326002619,11.848413032115154,12.885682121202676,12.08968620690639,12.221428526727404,11.147543108900601,12.311918817136604,12.158883320248648,12.281720294171706,11.588501648208048,12.255129692347154,13.186823467845507,12.332909888871338,10.922181443685826,11.72435960724302,10.794234120975371,11.75556745886317,13.474708186057596,13.308388901793439,11.127100009309205,12.511957067348389,12.120690715458727,11.697550848004935,13.321472700256297,12.1901317368383,8.979097820656456,13.328719356461711,11.299019905212132,13.730348743174387,10.451002273627598,10.962863413252581,10.712475931190934,13.697373702636236,11.172168133051496,12.603532655083615,12.119634908016609,12.48579290557815,12.197184461209437,10.81692789048564,13.435050596037637,13.029884505531058,12.470435899398899,12.267972535413245,12.718753553117104,13.894819517781873,9.999436610256849,10.831097628840288
2050,10.889030881550003,11.682583291245544,13.027291938338593,15.037404156249503,12.494411089822005,14.169610006896699,12.62740567150404,11.589934326870283,11.538331835652171,12.190592418925878,10.978366707654104,12.048551653025914,12.101636620643346,12.072332665972088,12.603130831666613,12.933057473729486,11.526816374257857,11.40088232323204,12.012703436548298,10.6302105853658,11.755095018478839,10.99090243940768,14.056188414642667,12.060570697988508,13.727727119041527,14.791204548400383,10.182334606920412,12.926799135302883,13.569236146367118,11.88003037950915,14.867096758407095,13.372731576795163,11.619835150144675,12.155809199518488,11.042232020960558,10.411362536575481,11.91885006913672,13.507249620297685,11.239785140623223,12.050914964071756,11.74325988765644,12.048577432399211,12.627619953016227,12.238511588262478,16.491849930390067,8.287194457775714,14.036006904166678,12.718402604208046,12.11477435639371,12.192973140465181,12.10997742317293,11.93174590704882,13.06632292683682,16.07742320098307,11.903434149409728,11.932605205994586,12.539524678626787,10.991912969428558,13.208989141589925,10.062011944656463,11.45009193747588,10.819450484285051,10.7643858988,9.863464273674333,11.832105431219805,12.631644362037113,11.398792089975396,12.686472938760467,13.667783532453617,12.686410530429821,11.942525420580871,10.737943644594889,12.210084685650859,11.097840797642004,10.754352740781467,11.408899270322014,12.521043067069158,12.630596123311832,13.861478099356525,11.88777538413263,14.180879868971912,11.98754983117966,11.506178468465807,11.12592919778241,16.367021897564758,11.328787762509739,12.279572153868882,12.783370853604184,12.387509895083697,11.615989289367976,10.817521613577142,11.737550221246913,13.232219736213269,12.301442424807211,12.310887516921632,11.531278146025928,12.871483626087075,11.428219017916888,13.052219474769156,13.191024509137092,13.982364506501218,11.603884948660498,11.73382853165917,11.629767161146132,11.950539973442973,12.089795433227788,11.752485198171247,12.334272333947215,12.206311859514402,11.179664390657663,10.691624350035971,12.144312187381411,11.167578208381714,14.171706435473071,9.853916898956927,9.179720717522759,15.457882054474037,14.101837359368808,11.664023179074995,12.879772242077673,11.826442204415798,11.995318177925503,13.147491150333185,12.066261837137462,12.322633276491066,11.167469325434903,12.361964462891871,12.13989877830381,12.448106241452953,11.552941644564271,12.379763112281978,13.2937780469656,12.034195005974695,10.897102378794681,11.657828613467839,10.498898389627753,11.899690797309512,13.976718923319941,13.73582776214766,11.241846943841033,12.578513870610474,12.27181111551497,11.839581765882349,13.014974301195018,12.132851530838272,9.079368909577958,13.025621030803613,11.259273420735875,13.4341527722452,10.42984513088089,10.89957110195056,10.814702910897529,13.609800588339567,10.860271176120834,12.712554884021701,12.211027631819578,12.689020065995662,12.25618447104226,10.906175117453802,13.1075053135662,13.043678854025252,12.143379802856114,12.066258997858869,12.832625352980003,14.447308911273826,10.159235756054683,10.80890048886447
2051,11.584972245537719,12.529244478872936,14.15834683957307,16.020792883375417,13.869887454354247,15.600985753147503,14.046877057170091,12.832091857395747,12.357207512563992,13.472201262356498,12.739198459879214,12.995488814371841,13.18434501828059,13.56786224715736,14.114447625232458,14.418485730481539,12.474394438059434,12.243322673051251,13.025126326910183,11.642813803061195,13.14740915369728,11.704464228256892,15.40827661817489,13.107793891559476,14.86007770895958,16.121156995711125,11.386189076077684,14.024070901271088,14.649349273546877,12.845208301006451,15.815452544585519,14.631588632645814,12.9950886465933,13.189787660684928,12.576230374043407,11.888114175779503,13.099320142975317,15.054516897901252,12.016946722631864,13.021136731334517,13.002588252010556,13.482049791871203,13.628715278499806,13.445344842403482,17.179491330748018,9.751661258850895,15.246017678114388,13.708986660222642,13.127902858607147,13.94566671355911,13.624950287620658,13.673492653214415,14.46754007009061,17.329714619595073,13.036035143162893,13.324535360802782,13.705006503783489,12.608995011076331,14.503352314071813,11.360003315236257,12.752293650222862,12.192358847221605,11.586945230870146,10.863698239468604,13.27594631412269,13.692894176782474,12.367839784563886,14.045932414091151,14.696711643882418,14.019636040148525,12.961239646148423,11.9384412461001,13.439546170442,11.901106454755949,12.124196288378345,12.19703688602085,13.705478639382383,13.943970854515618,15.107242890026258,12.780770808458326,15.518725368801668,13.254518830338897,12.289728699171022,12.315049689425077,17.034938760425735,12.275648034785107,13.326218428738093,14.22352351981175,13.470387893364482,12.48820083555968,11.590739413448004,12.90288098026877,14.817714344386173,13.41122600371423,13.720735665175242,12.945486242356507,14.205156974818397,12.63702129272987,14.354062926469613,14.483664577988828,15.163614293155465,12.95498147801213,12.94267160915162,12.885734390953314,13.117971016944429,13.594983033026041,13.454279915794082,13.429513004810916,13.42182872411998,12.383175571975501,12.12643416076089,13.333892358385995,11.978806624593945,15.239046092104653,11.075582323838837,10.693867283022922,16.46741816012755,15.363591121914597,12.727379192476688,14.189908492824303,13.467679488411902,13.041301106143257,14.349942947859354,13.690664393746335,13.470817685937106,12.382305263825083,13.601528545760592,12.946345862487092,13.434335240552647,12.75473842069345,13.46689613122979,14.38244519803835,13.395738154973673,11.72013939884694,12.41630270170129,11.929350509915663,12.888618002200257,15.204160153865814,14.831504453783454,12.09039957497431,13.740071963073447,13.314190854844844,12.82219183606946,14.483183715978395,12.934565958931394,10.41415949360184,14.411907203657474,12.085382190694954,14.833645032799762,11.252164119854571,12.271464060749047,11.623955526429672,14.850319509920867,12.284908656192865,13.929032284199543,13.41007252159002,13.856114893503813,13.482808422904625,12.133447766304018,14.515677705650102,14.251890487118583,13.730383894790936,13.3938140289696,14.051429552977664,15.802467577483345,11.430397842889247,11.587346932000438
2052,11.244653204213018,12.02386790384417,13.375489372274153,14.105307403142037,12.992087473040042,13.906106610175062,13.21938195905608,11.644070205643128,11.893098434352359,12.331704366385289,10.949451879962634,12.308377160326295,12.47945171367863,11.835059870439379,13.225566251041451,13.542044499909265,11.79115916075914,11.671035899497243,12.276579640724737,10.881619851206148,12.322329497207768,11.187021025355257,13.908352694271697,12.4461124236493,13.704615137175374,14.698956823845789,10.244842462322634,13.26088982391292,13.431753758503044,12.16250625443038,13.88076398286806,13.849722106900552,12.11750463396311,12.445759539370952,11.046520440150864,10.97162714237145,12.02121182199082,13.706640014829842,11.619394734015929,12.326802332764089,12.180499573116718,12.601614998734513,12.882602674805602,12.301811489236101,14.913680164710337,8.347801740362268,13.894140874885995,12.94614473179631,12.380982961343687,12.204981270549897,12.775347787400948,11.954800217371922,13.58648809053652,14.760278315647788,12.317101275791295,11.948907699273985,12.902607125999486,10.955545791445056,13.295796693667121,10.139285463353863,11.903041887866413,10.964957372001983,11.119113813842768,10.090860631478865,11.838934338449134,12.912950078268416,11.702857746378236,13.182327589910965,13.42550791929598,13.10399198110985,12.15240595632982,10.804713117621798,12.566697541948251,11.405857488512995,11.256021222990492,11.764884148602901,12.86098341238888,13.062676867996547,12.744643556278042,12.149780006026447,13.935605736530345,12.094026166945696,11.844698185344106,11.180853696135076,14.745525998913724,11.631335059747748,12.582804801023528,12.632989781787215,12.679480083124792,11.903080664777564,11.109801029705489,12.098892435917392,13.647432631124623,12.679834333288934,12.891058616785575,11.789482381053109,13.392336789680567,11.490179707984561,13.508045496758198,13.615467436287712,14.000880343758542,12.10802767263806,11.80955011235631,12.075130406605169,12.066189927737348,12.688215344496395,11.73472508010657,12.624818643575294,12.29258718751068,11.267063957031656,10.668347529419089,12.526411053927049,11.51888097531122,13.944637835349726,9.912869191040166,9.182466442008382,14.428110799387746,13.895208290737614,12.074340955597233,13.37425680264183,12.504433561602365,12.22543121513951,13.143538581612322,12.05100898412259,12.677875441903982,11.567511437379796,12.466674718195975,12.47060509706321,12.690818922675179,11.71116093412527,12.51306396836172,13.613516101006256,12.548135417311087,11.258843026407385,12.010071646260178,11.040463116505872,12.185290525626883,13.781812959391138,13.607787970615474,11.525121334130349,12.963418515480086,12.572520746647019,12.130807276005328,13.587695084572976,12.492824992569892,9.111276560179565,13.526128484300624,11.611396457837975,14.002237391536651,10.780121316404447,10.959032546566883,11.088207435996638,13.695858085932938,11.404684941729773,13.104357544818651,12.626994867363704,12.987945485212235,12.325757764765747,10.979235337318286,13.662875498118611,12.927854922154676,12.775993807808213,12.401948459527414,13.212780310407934,14.212496078856619,10.22721392143032,11.204635706608718
2053,10.166242931038141,10.915533832557822,13.064546610026259,14.943592670171157,12.6195491383905,14.520913241674071,12.630529394616252,10.7332860937585,10.702635734625487,11.407826269126454,9.73623549895685,11.571489765106335,12.109662472877815,10.833375014546933,12.615431435730144,12.92937298886397,11.123165387660263,10.987911195858663,11.522349889268696,9.671216585673394,11.753276661038399,10.233211041792579,14.063766468478287,12.084989439777061,13.89384723033594,14.533046954999799,9.304775584165167,12.962521127546614,13.773047340952832,11.406798756073998,14.756565643393476,13.425078745769422,11.511560342072144,11.70096399051988,9.923578410996528,10.41007539111635,11.097522706765199,13.175267690225793,10.689634025258867,11.587440474991409,11.80332655022326,11.922847113369599,12.185766957862224,11.372316663760856,16.693191015202068,7.185985668580071,14.325849450314822,12.307715895869157,11.62585279932651,10.905777701217193,12.123272364878137,10.630556688360544,13.120168982316613,15.913570889150314,11.917438669535127,10.836698131554803,12.495750119666694,9.837459789305601,13.41003386060829,9.10273912549019,11.505170346500918,9.76801726602666,9.915260734117552,8.89436426997671,10.779523712623376,12.162864792525124,10.99883115048642,12.743365191247154,13.658562559148539,12.407933173258282,11.347393520824289,9.896244270808022,11.850911368575439,10.729816520667596,10.766398936024176,10.614543780522501,12.290209889249956,12.68907594405439,12.040086814657906,11.42729013963886,14.53205576652418,11.095684321354268,10.906393036570236,10.241232313782627,16.541394643161613,10.870221485667257,11.796733041820323,11.563480649953306,11.880424508096086,11.217335788452107,10.459503647425903,11.775522143964702,13.097687837222345,12.318393099243226,12.332568039712699,10.665211256917402,12.911145118915519,10.55969526958854,13.126845700747296,13.233559384780088,14.17903001752237,11.62942386127037,10.874854698777199,11.653811414807063,11.15259512157544,12.11236242213003,10.489403002288032,11.817260985424664,11.338394881428584,10.355983149300776,9.568348302951327,12.233008816352356,10.308004488277698,14.387149489120302,8.96975712267601,8.054713311726632,15.350796956730923,14.38563848707987,11.671763426583748,12.939903548230292,11.83090468010177,11.428380710761184,13.324143371504292,10.83959823490485,12.345394936754651,11.18431860747059,11.60028932713296,11.415577041714085,11.994451867821427,10.68211672487467,11.72866599820554,13.31671070761007,12.066790620917864,10.060323678280996,10.877984922379257,10.529202846810223,11.433102504659,14.250609405520985,13.903890728950502,10.848069104487484,12.614313098561512,11.778568423606213,11.369301598681057,13.026804284192627,11.291679767304629,8.059581093892517,13.13053412767856,10.408828859485727,13.428804880898934,9.559038515648115,9.927399194110995,10.466985024835754,13.639044110744223,10.87914631870302,12.728767002892235,12.214777972063292,12.167684579834992,11.397135210102023,10.03148252197096,13.149810434359575,13.015659448731205,12.132815425810607,12.079478913675187,12.868516333887113,14.79384006980969,9.187934602408305,10.006677064720702
2054,11.943959032387834,12.984120134264233,14.65383673167747,16.962104844010394,14.901995671184167,16.264120502316434,15.252740061801415,13.390667794839196,12.705807778822342,14.121004042418107,13.132381334880613,13.649353526234021,13.58222852582517,14.170810876333201,15.255962781932045,15.638188128886016,13.04375253882988,12.848696388304235,13.668178518181264,12.057002203346673,14.359244007455262,12.296804801277492,16.55109570466954,13.49889640963596,15.241570643756702,17.070306254469827,11.944768951152978,14.501011990334677,14.942005084908534,13.552665495840106,16.745886481326558,15.49498211560042,14.120781797753738,13.834596975787502,12.98702265386996,13.073537671695588,13.674028896443222,16.199926303780597,12.51224135704663,13.693087907548513,13.776414989777233,14.612941711250206,14.356909678682035,14.046662881322534,17.484386521836985,10.472798120774554,15.745533725489743,14.378029604118485,13.734336428749172,14.464807712351499,14.895057929274833,14.163674306934297,15.578159248051438,18.591532095618874,13.407315483559735,13.856632796318635,14.213176740252456,12.980157630497835,15.097724575711336,11.97379063766288,13.644210861294793,12.867934972812098,11.934443435672188,11.267311168915557,13.680929210117977,14.351692959666254,12.95301860996077,15.145273101070648,14.947078383487206,15.02442236244678,13.639784593702013,12.517746922985205,13.990098853023603,12.442346706014614,13.156275403726358,12.549373411654454,14.234184125195382,14.504094203448165,15.996679637743084,13.468075924269531,16.191294251576714,13.860713357672743,12.751399685831178,12.878509224271,17.3878451326619,12.957441386402301,13.974959789734815,14.923464125123528,14.119064238813262,13.038744409123195,12.125685989208844,13.418325283200197,16.01084818010745,13.820490750281706,14.929619727575263,13.753678798513567,15.184081487033678,13.189026810714735,15.400642954784894,15.01958426768365,15.706100612878805,14.11722624577258,13.504310455173256,13.713563404815357,13.700741062993588,14.76528855769531,13.917124338771988,14.083700705182986,14.00747259673865,12.954443276414407,12.56553024685253,13.881666206916714,12.351568741399959,15.716059534446059,11.655975369979506,11.188893449249798,17.473221685575403,15.837712175010338,13.080619980783569,15.154639930828758,14.681399427354336,13.680535046100294,15.003865344368899,14.160229423123857,14.004125508601254,13.04674257699441,14.231150443787158,13.396253396994839,14.071889755437553,13.210514378288519,14.053553922182843,14.852836936712265,14.517348329172188,12.056826162273468,12.78880122077206,13.121440140813913,13.54921444186576,15.644136656885566,15.042753250702567,12.70222962307541,14.194194207048934,13.98710028033542,13.534910465631151,15.692178000574534,13.315019318590993,11.031907468553351,15.463364106157554,12.430798309814673,16.03520954691846,11.612764209022991,12.751886376544183,12.152359251094898,15.870136188424151,13.479904375079531,14.394950375284838,13.811728680263395,14.548193047875941,14.026483512443042,12.703751995430695,15.696870318573454,15.301635752553524,14.981193734899813,14.499718459404033,14.562356554943582,16.431247691745344,11.999373786596827,11.952276369597277
2055,11.510642973787114,12.325805348789562,13.24140173245383,16.077056576376375,13.704574059695007,14.218598827719688,13.872437190750373,12.386272046553055,12.30173835790028,13.045186704267628,12.292740350589156,12.228254481988111,12.330629353209037,13.322145743619489,13.88881294732995,14.203921840485672,11.743113332792467,11.56301388954339,12.197406201258955,11.540992793505607,12.976559166027155,10.971252828188563,15.355886278471548,12.319560277559189,13.835471480355967,16.384159036304645,10.975396579698378,13.145871990724753,13.612567907442214,12.104121895911899,15.835379707424536,14.434484054212986,12.767206058675507,12.392456664987233,12.293770368818356,11.639873089673726,12.672567136909652,15.147412461188177,11.657851569354534,12.25250336220083,12.330644829684626,13.275099677236181,12.761580283186682,13.008021548552362,16.231237245642625,9.205302740730671,14.074314042277958,12.89455710416255,12.308121974377528,13.42389486896117,13.454450690066045,13.173146184371868,14.276782198930569,17.47160677028739,12.150679073822888,12.814346520797068,12.7924453097841,12.233901881248403,13.362183437399242,10.883037882816534,12.235988484128661,11.703222058875406,11.53935993495195,10.731693604556117,13.06149231885438,12.844319208808567,11.626541761600453,13.876085931516212,13.63736060909603,13.773491827690084,12.42107564146104,11.560606229888359,12.493311371168364,11.279675191592265,11.727472459816415,12.127564588642644,12.785482910664186,12.87933893566546,15.485621252785558,12.053412568593481,14.24823110947467,12.801907348244091,11.958137111130947,11.88213631980445,16.07383933533793,11.622608422868598,12.509174430175966,13.958676933933495,12.613715282276921,11.803354035820005,10.98031024140832,11.958702301991208,14.776200575268136,12.535954630569274,13.564702490425628,12.521617247034674,14.016026020333497,12.220636268024856,14.191400453448296,13.4233214803364,14.090933870038265,12.804509581674052,12.543763116002085,12.264656097992601,12.705482116212016,13.39049591626162,12.926220483753992,12.568458653095627,12.992306234719964,12.01037841241645,11.854229708566612,12.407570031269092,11.939292501577217,14.156456920115843,10.665939084375681,10.277354659836575,16.51917963442595,14.162275567893754,11.88794434167769,13.99571729030298,13.238500367364157,12.335009369756214,13.462373495425867,13.18006854520544,12.52654230335484,11.557497548749266,13.181684898293536,12.719023654885266,12.638118769325642,12.482639563148439,12.849394053220749,13.455481343700185,13.222525453113992,11.661722380829897,12.347702603949156,11.725315988063814,12.121557370476102,14.041341248575765,13.78750180161518,11.427409022884524,12.822927771055182,12.505847658800045,12.08173678248473,14.268821434806226,12.879903628126435,9.952363440442992,14.234990834541948,12.032428063128306,14.635618003793871,11.201170762555435,11.973228526949564,11.014491829636466,14.758789862627571,12.092527957714125,12.934565654267438,12.439908523598445,12.932777430376284,13.068072446014572,11.687468199221334,14.351102494017178,14.179390476773614,13.476647699008817,13.24207991296831,13.04234079303949,14.506453818925051,10.90648396151221,11.499336041510105
2056,11.529089998291886,12.402440853295444,14.020377033430602,16.140087583790656,13.977730114012958,14.667196160830231,14.347417623452518,12.755303271762704,12.207781334164677,13.448581840680992,12.501910070848208,12.84896755995958,13.037750058159558,13.449929959424164,14.34051956333544,14.676395368964776,12.2492405500101,12.146306029804375,12.818799224560676,11.51853856347177,13.463694583786575,11.702853693019437,15.576038316540101,12.988575700468019,14.298426630704304,16.319477622923642,11.328431686305478,13.857716879119046,13.954338433949848,12.709749355021382,15.91289237271185,14.755473858636364,13.253667191318842,12.965337449036864,12.445656145396438,12.13292780040723,13.004955585560078,15.339109423043933,11.97348901661842,12.863285761812461,12.975185323668565,13.73625478601974,13.498942741881251,13.413005531482074,15.94630996040676,9.704681754233723,14.551448184510935,13.57236684340498,12.917326715005478,13.804959655658385,13.927846085928056,13.514548524809275,14.640777969165992,17.489858949313998,12.903141196655195,13.243838319635913,13.532480337373594,12.39939351120721,14.00442463649518,11.319147452408368,12.80997661533563,12.187287121525276,11.446697885737473,10.731499793088954,13.175747665374175,13.458211964887123,12.16319899649724,14.231873817013014,13.919575810432434,14.220224986338748,12.882977268810421,11.877500728177639,13.104640014145684,11.816536042677322,12.286192007638693,12.07425839049013,13.452106534705866,13.743702145759016,14.980382022650346,12.685609167198775,14.693082432080384,13.214885085497212,12.1999089649838,12.253669145152621,15.81587430705195,12.152666739633549,13.14266560680192,14.181833423269184,13.256651247325154,12.351393080275997,11.515951634749122,12.725459852701295,15.104117011408443,13.276732136738365,14.017129860332483,12.990446535141572,14.380290564918974,12.555800567826502,14.48777697202952,14.287878506938403,14.651662878692148,13.20538824019225,12.861900746822363,12.927895399701331,13.032295628410319,13.798354736569788,13.278780919378221,13.210370757171644,13.390833373950874,12.30813097646055,12.018265417736506,13.174053970724346,11.848151223491065,14.542709699143535,11.021812160074228,10.56311360224272,16.58785508767419,14.553031112512816,12.622380446480667,14.334617841907818,13.701564193905696,12.878140217908049,13.995264145829108,13.551384015818654,13.333067905076826,12.324846126523841,13.556700474866057,12.842182209958203,13.231014736320661,12.626553479096163,13.314607683407226,14.206003719333399,13.608423152371598,11.586053082096878,12.318375512633635,12.184105646806648,12.729165266875341,14.417083501167925,14.137912636217868,11.986003145818477,13.587969547056636,13.147641088165665,12.683069240119634,14.70935415444167,12.812958336070825,10.350522713654716,14.537486399645394,11.940379037805231,15.113925932218194,11.110409564784044,12.18401100842849,11.481781569633473,15.000450918208001,12.546758881729582,13.747469723791538,13.228829884982634,13.581003528655224,13.382138663659928,12.086922605117055,14.752586349197061,14.443577421100247,13.953829784098117,13.605811387705419,13.85494412805723,14.966937536778662,11.36762798609941,11.51454488481598
2057,11.30222136972715,12.225696542988658,14.302539291265218,15.525236938310709,14.040914535522461,15.287318527698517,14.207130513923323,12.48497466646317,12.014480188488962,13.165448815440358,11.435127676181173,12.820419447537036,13.291164293237355,12.805546878877545,14.238473375186164,14.572421992643052,12.293607254391134,12.079884150956307,12.825761881211532,11.095267111516517,13.347887933902118,11.370684455270355,15.286712665042499,13.21782698871001,14.702535707017653,15.847645344941512,11.066844138762226,14.157157081503259,14.39712035137674,12.670104024202928,15.323811437772672,14.67737636488417,13.134204844255812,12.991965300525015,11.492112938314678,12.086952979797902,12.790238046694709,14.844776197458096,11.798968090999711,12.833537638511348,13.212229036118675,13.564780377175495,13.46737499486493,13.12135342354684,15.759923395903217,9.306562639448954,14.972304246347884,13.554648466772683,12.93041807510283,12.636362663429718,13.809777053477974,12.388001532597547,14.630902464461068,16.67426801395967,13.089669853934776,12.518152396154145,13.781276475071264,11.409980280243833,14.453671231379975,10.979505555461287,12.95751955554537,11.778296520650068,11.24944770417136,10.310379663982134,12.245086506009104,13.483583354107717,12.178904635102857,14.24029624494522,14.350171775921536,14.032398921640024,12.760121122326542,11.635043334701788,13.275063621285167,11.743955816263737,12.346863697890356,11.859761017820109,13.637957608813174,14.11573903392191,13.863668752753217,12.614126524604535,15.251840396419816,12.905050231265312,12.052023482306495,11.991372188187517,15.634615991426552,12.104019867337266,13.128869765478635,13.549696141287036,13.263321133735385,12.314657771048827,11.440132351025294,13.08837830404873,14.78321752778214,13.50531411417963,13.915362968554968,12.651326909661293,14.296404095366597,12.302258534154499,14.534692554775143,14.640833341233108,15.08523790198176,13.18408246030626,12.611757558871709,13.062932107354634,12.830783072373144,13.77188493376193,12.174879044942235,13.224581341056725,13.093690677181534,12.070540260685528,11.09813618789549,13.517740263563137,11.639643689941455,14.968521292766798,10.753284424421903,9.792574214708546,15.941628577916518,15.086531779040467,12.770131523194523,14.314196712944817,13.604487765661405,12.82276691949886,14.28643998293125,12.459887876296824,13.63048253597125,12.555651965024676,13.315632301258713,12.662387379526127,13.239149721420333,12.186616927304346,13.202270147431156,14.513460188496701,13.599938479636837,11.384838176486287,12.099243687141854,12.146762461684968,12.712208325448243,14.930692886731228,14.559982219467992,11.92041609420077,13.854163184600031,13.130213931850765,12.654190996601043,14.630715326446554,12.592550344927158,9.913903551550746,14.573842708264358,11.742210497350797,14.978742097220993,10.910558798188427,11.550031077278694,11.47385257701187,14.836272141471023,12.517092322465034,14.062182801573172,13.493317617265422,13.638074222304251,13.142674913594462,11.798458384106988,14.70750070270151,14.162294369028965,13.887267920715002,13.512789064998053,14.199736836325865,15.514476051149165,11.00012873420897,11.286392686807593
2058,8.659094970187414,9.140031109250192,11.366056256482135,12.527235015771227,11.17258650647557,11.357484224373882,11.243847880350506,9.269753526896238,8.893125129053772,9.937257227933276,7.114929939822656,10.034174746955221,10.56936808351589,9.224801454612093,11.185566571095716,11.49094684130472,9.543918965222394,9.633188223709231,9.872908836149653,7.6406313624718925,10.361952288805142,8.834185793388475,11.927188507726662,10.59478236524307,11.770548108803188,12.848348663431477,7.905433876682887,11.260811884847026,11.641003143528236,9.808589139062429,12.297317319914054,12.249765834102973,10.114659300964814,9.98940444510916,7.496139677970304,8.93279303011039,9.658006146185745,11.442802895184444,9.278065979804682,9.99771086086074,10.098476300744906,10.500999299404413,10.486350062262753,9.963641844527876,13.045128998549085,5.507672572265502,11.83724850019359,10.684234855160037,10.007117193435198,8.355877144343179,10.641277403206285,8.109827369775461,11.697786615594573,12.58049202386452,10.423176250218049,9.021349580229627,10.745855169613725,7.350751249038657,10.994935174351156,7.624643437645358,9.869593958896791,8.226553531282622,8.076632607505536,6.902795908729669,8.391340588097988,10.39600558416999,9.399346725610288,11.328723052597567,11.487040266394615,11.017154409833578,9.852346496899491,8.466381573685164,9.913842046633365,9.464234307327349,9.2419301111899,8.876168775417762,10.466409893139547,10.713968701984573,10.450703779610038,9.96627983363831,11.538075956961386,9.637105056611093,9.437456550967438,8.856676153352726,12.85851768436639,9.269085111825358,10.11332017879771,9.984049009726101,10.134293199233388,9.841370953004,9.238912321303204,9.971250118444795,11.446741875099102,10.762663707278833,10.917006951756777,9.097077894227013,11.645366327918094,9.13443546620724,11.737723605261873,11.291251227441856,11.880378835211994,10.208292447840392,9.429643730106564,10.032217972061554,9.720066576608978,10.62253799321859,8.036357207790665,10.05594694549623,9.927422550486641,8.936763985973338,7.1883334167625605,10.398953035149885,8.474861392832324,12.028682726232907,7.560555424257789,5.91101014492628,12.777289954054615,11.717662663077531,10.30258310845365,11.651317630773002,10.282691163253853,9.825410077267364,11.04215956333539,8.491754548543176,10.60469100138416,9.496639248388618,10.15979030193842,9.756248276437757,10.350578611655889,8.801640166698594,10.205707221737377,11.667353765350647,10.666294897380082,8.23591894255546,9.222327450108109,9.063787399345765,9.81802440661451,11.682692086081142,11.864620870870095,9.460146603974232,10.942762550695438,10.087634404716285,9.730573793468269,11.57350304398848,9.486626388181163,6.438379889394605,11.686077933920467,8.569057999948122,12.057201215106511,7.715935966890791,7.963458841909533,9.154434100279342,11.93618131141462,9.414738618323337,10.962210484092008,10.555732894526878,10.216758475679416,9.953498034535546,8.610938096297502,11.712147836775884,11.149554639538426,10.602709060129914,10.525847995410794,11.03682409874771,11.825964500074802,7.782366372442445,8.293176567141453
2059,9.639581243791012,10.182851958453007,11.79615195711022,13.715872935626818,11.722168911521768,12.390385077949912,11.72411768110064,9.939928500848549,10.092880089321863,10.604844173456991,9.008226987784328,10.524088902479935,10.948308427858615,10.0984095669473,11.675890878652746,11.99730733636281,10.089675923323506,10.05657558110745,10.421293134760605,9.024166088227346,10.838773817613557,9.52037862850272,12.880356656306466,10.97156296119742,12.415824085474016,13.715312390223795,8.529586550982103,11.71741702383303,12.32698748941007,10.330182699486619,13.509047002896022,12.685982960721725,10.605748313195681,10.56905195214178,9.272465980652237,9.439428226860322,10.305714499772245,12.235715973636378,9.943483590269869,10.510459749898668,10.609203943415832,11.008764599490428,11.050520362899356,10.60876324529881,14.706137869669044,6.2586191741992625,12.629950681458348,11.216604778543116,10.549088906334797,10.148904568475228,11.146669929391585,9.915423735328341,12.22513384598753,14.23851704543821,10.762304086562086,10.150586539150583,11.228417388770891,9.144812351983523,11.728843144303108,8.290370874238487,10.390685722353345,8.915969360781753,9.29560611812074,8.248814983860305,10.123996177445289,11.015530466830928,9.951212908505749,11.854718443613661,12.317049324512476,11.55021536617499,10.431822242620196,9.112255038455652,10.562995113270441,9.861040402203798,9.74025336191382,10.01744413375855,11.035755629610758,11.24299218716181,11.875900543254355,10.408130750586482,12.51038589036983,10.303741104212468,10.195075837976262,9.487870628257161,14.54598388464555,9.844542104588905,10.675425604694402,10.816251343394553,10.725166546909705,10.286921615185948,9.620412091522116,10.455778993180267,12.121784649141462,11.134852796956219,11.4117113377737,9.780391378571158,12.092943033608405,9.791778796797864,12.273224190849328,11.808028691974675,12.580816456724115,10.728945009815304,10.091823493980847,10.50603691443963,10.380891911685465,11.166374062360061,9.79143302013045,10.658600083187876,10.574639457682876,9.588116232346257,8.912698395064343,10.896619929486645,9.68255101948086,12.810618150493378,8.189837177405536,7.33473058320258,14.059249354445416,12.581752864562947,10.601118477790251,12.126398690044875,10.834119359314771,10.401959356912615,11.781874200572139,10.168939887181573,11.056232319982808,9.957154495560605,10.79973979905734,10.729480223163314,10.904072500846311,9.978663340696823,10.803221030241769,12.117326363880673,11.176536924732122,9.43911104535927,10.307806913943393,9.567901546216534,10.356255547345981,12.51889457715594,12.522738791030386,9.896104379192646,11.360816806392828,10.65252928986498,10.278476163744928,12.097206830087561,10.666350732031077,7.264719013286674,12.23502068594098,9.789837947740406,12.539983462096885,8.930524984131692,9.236364664266942,9.592867930622205,12.67024266379683,9.930204684896719,11.401226034347456,10.944228178295107,10.91370416151198,10.631063529168784,9.252819013660371,12.229059457454992,11.964931738805836,11.14625320259644,11.135049735398397,11.530912119409312,12.787490127041291,8.401665620748764,9.403541051823161
2060,12.29519876449005,13.358825003525808,14.886399577493252,15.259391525517344,14.297389256889408,15.362034586622663,14.550683107065117,13.287442995640244,13.155325294654492,13.952957809862237,12.873272888038471,13.823436959099993,13.830216117527172,13.734602693306362,14.609566322811274,14.903457114230036,13.27149908633336,12.99464938044548,13.859509585182304,12.280797549725866,13.651732714826487,12.586802137934646,15.315016392132506,13.759408011384632,14.842801669369571,16.11420289848162,11.876590764311993,14.67987689505453,14.360803453818614,13.725514680916527,15.062228622643849,14.99746898982836,13.472624073594647,14.07650346624787,12.798320843271268,12.343284834419258,13.650386494138967,15.260114540224494,12.797845272914225,13.877046773939028,13.661983522141112,13.998816464582218,14.47306970037196,13.910627308099166,16.362289563469268,10.365425378286645,14.989034085170083,14.484542106156765,13.950879329896495,14.07118600428752,14.171407988213971,13.815827937877701,14.903985507462336,16.275772401820056,13.698901596276656,13.595962879450425,14.47295284821935,12.738456069876483,14.81784393152465,11.850916495141778,13.365776139675926,12.719328983160468,12.368255030525772,11.501442831536023,13.503776025431959,14.566324076493801,13.197395566526964,14.486747829648463,14.627535817415815,14.51421253318372,13.725229261604992,12.46137657866854,14.324252785223985,12.610233680061674,12.651479155797025,12.963651866854534,14.524343335337978,14.735126471065959,14.788058156552525,13.610717864464164,15.326745051161755,13.737735840249,13.042137162840888,12.777150814461967,16.25083431990251,13.172829544576613,14.20480401091197,14.494527153994726,14.360742371185156,13.22004566633183,12.2730742317179,13.636643031450069,15.151050616865577,14.085783219207894,14.239197681830062,13.517533138738537,14.620249507219896,13.127372340866083,14.752574007148327,15.25488075825548,15.338410481162693,13.442291139260584,13.452725547325358,13.501211525204226,13.685243504283871,14.084586126648862,13.545432528237937,14.334114737484766,13.90251523418271,12.917359559756258,12.36277482537148,14.107289086541407,12.77777794725768,14.97494477292766,11.588643564640183,11.003718396567777,15.628450515477553,15.110563671783263,13.347992140313858,14.585749040479248,14.001456511044955,13.820678041681,14.57033804399164,13.780300302997881,14.206116959452629,13.063219984254351,14.048980193293618,13.741140089605167,14.262534235158693,13.257130980167702,14.110434920891471,15.036261338254684,13.858669078341968,12.492580507112587,13.183122128248215,12.409696420512931,13.758616528635764,14.960533230848934,14.49818653645723,12.874860105955085,14.4536089780538,14.21848480966266,13.736238021727495,14.948354650450792,13.746104710128002,10.901956881214259,14.835958530721458,12.888180286906984,15.297452947367795,12.039191513038848,12.634477814578494,12.35013233837874,14.932935253433559,12.777770327485126,14.638563286108164,14.094331261904347,14.803128846313644,13.96455292792424,12.59682914586333,15.010010162125468,14.213001155334968,14.218911046243232,13.704077967240114,14.778346965494366,15.583034033360692,11.899653078056874,12.357102384223891
2061,9.002420899012812,9.49761610057043,11.845054731248759,13.950242778205356,11.369631182017695,12.932186106300872,11.42679803883252,9.4806806882236,9.278437716481477,10.183351401482588,7.994470990809574,10.281753968983969,11.045285364046045,9.802428486918947,11.387427585604396,11.705763473782852,9.82523137719735,9.850500439820078,10.175395454401558,8.168801285326483,10.515324371664423,9.225543650758004,12.786610677838324,11.0323564345422,12.753223172348479,13.467740448920628,8.062365435711715,11.777680572284302,12.713399537879488,10.049313841306645,13.73964546556058,12.363873119749453,10.273079488912355,10.278361602321914,8.311867698379185,9.109112890356265,9.854650780234648,12.013591337463133,9.558349946918698,10.245471674139084,10.481025565577587,10.69762269763843,10.829406999087002,10.16393568496342,15.608813005944956,5.727519743225499,13.057065039225247,10.992429162699567,10.30299688616525,9.339757684456266,10.854795626648094,9.075568315046636,11.89990731766043,14.655491744532537,10.87080699918063,9.596390616958557,11.223786020206047,8.170979617001572,11.985795561062252,7.859327158900788,10.178614914417269,8.554067386617966,8.479915990129763,7.388580043071319,9.190650196179101,10.723224975492643,9.70507342595121,11.514342832439784,12.805227810597943,11.213571198041675,10.041984458332479,8.627067216935206,10.37164540997828,9.66565876810447,9.469978580656258,9.2581822860824,10.909826514837535,11.312883917080322,11.180164668790027,10.177439076744992,13.0067356157562,9.898448455430893,9.718223977024138,9.034958841441117,15.444367128059916,9.501644074430931,10.396686303874723,10.5145254375656,10.447735652975414,10.048505894839764,9.442764572313298,10.497500499305518,11.877828035665596,11.221587664731171,11.098125723393066,9.411309492531352,11.792164466328636,9.324335538296276,11.92302809785242,11.894975624006724,12.866378624154176,10.353265536868054,9.63243653787219,10.393291519711847,9.90570809086532,10.855825581304407,8.945045101901758,10.369889968439288,10.138670592690291,9.086503649332926,7.931923404659914,10.903888756166333,8.874491110484565,13.20579763275126,7.70877491966214,6.520187608168826,14.321281811789326,13.053800794579413,10.722390381315645,11.809314906921077,10.526117207725413,10.096441642097806,11.972621206649698,9.369894851404037,11.110536956916683,9.924927573266398,10.375176959063696,10.084864132754182,10.634320967547279,9.268727710713515,10.439830766099954,12.15163540253011,10.839703458482804,8.650193112254469,9.569708031885652,9.215476215614576,10.07408288963463,12.958651906770209,12.902465140042098,9.68169317835861,11.427304231926154,10.363419162190475,9.981551368599355,11.796403660074525,9.87062326843,6.720581986172044,11.894547095927212,8.97047608928836,12.253434137319745,8.117977879941462,8.477075302001577,9.38380560910572,12.477861103804212,9.564820692327848,11.515118741146898,11.083469961648403,10.587440127729563,10.16107622841778,8.805842948996503,11.92475982751374,11.83758477834256,10.854153901217101,10.841587079607924,11.592970884243112,13.285408234466683,8.035811312916769,8.71914222419424
2062,11.873446844194248,12.968112148142058,15.196757667738465,17.192720975564878,14.923179253611876,17.232897785694707,15.134096598495608,13.350039432149224,12.733434589437978,14.044809132242454,13.23207153849628,13.527006614467377,14.098261014274929,14.215759895094061,15.182848370269589,15.524461383728882,13.019643709873376,12.694692035084188,13.573662521479571,12.072388510098277,14.247217022368442,12.11220802949823,16.688721342903122,13.998636362345325,15.95716793122499,17.208202222119212,11.891218226241028,15.053997225087627,15.668411158997085,13.422154007236594,17.034488755723704,15.416304629781974,14.011303604297016,13.789356288540633,13.151299796148162,12.990134411369981,13.653088047007179,16.239063571328707,12.385819639848624,13.575733634906461,14.138740981969502,14.51511667733607,14.232350720335608,13.94723280162915,18.304982802142273,10.31853785633069,16.499346694220666,14.32282366247281,13.669283139600381,14.455399990081787,14.80793975269341,14.190139252206553,15.531896884026734,18.95121823842435,13.883772377086718,13.755008786916735,14.67802518185066,13.117912123263212,15.851909064080406,11.840924471955871,13.904525677471062,12.70549445550727,11.946897711766805,11.252544170609958,13.869524944796348,14.299727831845699,12.916998287662866,15.119419874866368,15.794624235319054,14.920786086631855,13.550121423261967,12.49315680935979,14.201434435646824,12.30771943797236,13.225797526376398,12.541954525786897,14.539244290370414,15.135020578523047,16.154529695925504,13.291895943491358,17.08779167027577,13.762783137676509,12.656671876492707,12.808697054770008,18.153122062268466,12.863811386202503,13.900548338869829,14.89206405793843,14.061248715966947,12.933481826730398,11.982680714648705,14.013268703027915,16.004356329207834,14.323546261891074,14.8287726101749,13.625898546539247,15.113000728513883,13.15899760713396,15.393914943803914,15.64042069050281,16.424994521814845,14.072736375843705,13.475371283681499,13.957167505975002,13.68824643848221,14.736362575796317,13.917390903700955,14.036506496693779,13.924391690803612,12.919130629738389,12.687698420947013,14.487780611800114,12.366240841680735,16.388185920922655,11.592441510409119,11.222729710821548,17.71807315038598,16.718402953251548,13.491756944552714,15.107961325541787,14.647656094768777,13.61381085038833,15.646892309188843,14.13237767245459,14.52818291504746,13.447345849612487,14.178040451329688,13.327448938203895,14.007140705483442,13.292307550654465,14.005864760797957,15.367591530084612,14.471744733660115,12.072645158547422,12.74173514609752,13.051793164857056,13.463382322179234,16.495846118616022,15.814673988715464,12.566670231197191,14.726732628500983,13.909762581891345,13.425994515287412,15.585498465791998,13.314277075555013,10.932415635416124,15.462087935727576,12.460166183421792,15.894468599039582,11.606928467102673,12.837057103038482,12.064241485751191,15.935627983964007,13.418733205160372,14.964397636201724,14.353551061904946,14.547370776210148,14.031498322668282,12.61166865427209,15.624115893698256,15.404064337196557,14.900227471052304,14.502192385008806,15.147890287532434,17.340011314529438,11.845496655482307,11.935042686598454
2063,11.211178658611098,12.151196201858316,13.900061953974808,15.809620198996173,13.440756907119699,14.890851783039777,13.552318619159257,12.004085545306621,11.899121833236324,12.66007592950178,11.514047271207625,12.787194214680275,12.914674308070023,12.343336828376936,13.567629789852578,13.902640861985477,12.252835476548292,12.051899350875908,12.804819800769506,10.99713308013895,12.65801230170157,11.428660658552594,15.020932454777805,12.842773735199286,14.337475649040675,15.35280686357747,10.57710746270807,13.772892632886125,14.044121667094853,12.656201254738415,15.604762940303145,14.182097197226856,12.472384950551,12.959345710990222,11.491829736077262,11.388628583887353,12.360630481139474,14.190958824494611,11.741478937475575,12.816042661666872,12.68846157515604,12.920272822451333,13.464560073678905,12.632913234765114,16.656958144644033,8.757584750004439,14.596879378609035,13.502422761981906,12.883954838080248,12.722340674342021,13.100448907150522,12.47127876697999,13.99865915885438,17.05325616993334,12.701834607707415,12.373190812604582,13.445025533437729,11.461581969390744,14.056855167707676,10.484811286887401,12.393670564112456,11.242151429350285,11.133296510042703,10.222704342202002,12.228021424749627,13.479385347469998,12.151667565871639,13.594783993356904,14.04654141094374,13.428157271898309,12.553728794922002,11.14246007095537,13.138100338755583,11.701270474687867,11.701447080982765,11.770139941702721,13.430283074145732,13.661461678698014,13.801275220902074,12.59214906102937,14.861934148099113,12.411981517853944,11.979946148136388,11.50946893899337,16.525760370752085,12.088628667690186,13.076469382838063,13.079465112122508,13.208960077036982,12.269788036487348,11.40236500480577,12.665315658906879,14.086228693471007,13.110118974648092,13.228959346736739,12.065580523046465,13.732841285674468,11.822610145029815,13.953191414799381,14.201961628768757,14.721266429506896,12.512530730348887,12.13337608718354,12.546384790216313,12.386014521445917,13.084978312577896,12.288765795670612,13.166976375100406,12.604894267152185,11.592423875046817,11.092040737038076,13.100280341408823,11.53583319971095,14.678329176228985,10.25575836121267,9.654583863266138,16.24845435826675,14.718130736814247,12.394097954034807,13.750228714683786,12.876694066854926,12.711043024516623,13.937661051264275,12.569464347041821,13.221291850442471,12.08337267435601,12.831216808975396,12.577267087672073,13.231815862266917,12.000128940071749,12.971158420262126,14.15015332627556,12.94240193992205,11.278682463033048,12.005851121700328,11.460008071654519,12.672451723852884,14.566186370085115,14.21749530149543,11.906304897821471,13.46002674458103,13.081940116117833,12.635895173834715,13.982180557497168,12.503271528884119,9.50935111632166,13.960479852945912,11.627694445581218,14.34995001554489,10.7884970313424,11.31577583434789,11.438476841086926,14.495150090559669,11.808864176921224,13.638237524291743,13.085715594903935,13.610193900116117,12.671347290925363,11.313650056962734,14.033534781764388,13.897617432734243,13.183282068890074,12.971472755378192,13.788944273539213,15.12568251829109,10.544604132923741,11.179058763643972
2064,8.243410609662535,8.679004448344527,10.931606046936434,12.354022865710052,10.674130834639072,11.10679489204094,10.661783451943297,8.48382165479858,8.42276066881807,9.153672622111829,6.929524679070989,9.595222719823537,10.193102050248699,8.267073694616554,10.59134603680476,10.886033323148027,9.171592998439854,9.239732826533528,9.433539915586943,7.216141768103549,9.768238149006324,8.444828932882166,11.531275160529692,10.231035806400623,11.518993458022242,12.298352562215019,7.083747145719832,10.867634309212802,11.462670496624455,9.360134604022555,12.100586260628441,11.746809942890765,9.489454632058093,9.559835123384127,7.348322698259321,8.321940809169423,8.923880730310213,10.775816803798081,8.886757895026523,9.555980839159176,9.610009760150444,9.870889699977374,10.031521966680886,9.16607826073533,12.742060295913532,4.490124416800783,11.608072032099187,10.230388320496552,9.57894059667445,8.157124818829091,10.026577071651166,7.9300688871222995,11.159989758678105,12.389138505348694,10.009954736770496,8.541215093239497,10.319726000418482,7.189847366317461,10.637805227028286,6.745304923585573,9.352121730780476,7.319835631703229,7.617239145481066,6.476812456876201,8.256408238378558,9.96569913775539,9.01836057363645,10.80148273329858,11.229667866359586,10.369288204156835,9.292885700200236,7.663395210776641,9.495469911044225,9.103674593341093,8.669715468164371,8.421373064589242,10.036760706616485,10.232133616247902,9.486260310422793,9.519988080891581,11.296486594187824,8.82102051932041,9.021072992812032,8.064073313999435,12.539784431457525,8.830147623043995,9.670285805088023,9.022912891622147,9.693199004912147,9.450586850876395,8.890283902216217,9.541485694237057,10.820738092712736,10.359831784791114,10.33674420837475,8.260007962260559,11.106711161727812,8.350770361923974,11.242633248152943,10.826051402027193,11.580527008875562,9.643683116397135,8.657035666032005,9.520329347123273,8.99846322235206,10.059169423644958,7.84771280152642,9.610473393908013,9.131156866560163,8.145588755283667,7.006254441671722,9.958125801999934,8.004596210894702,11.828730538768353,6.718618040337515,5.5174256529983,12.610776014949963,11.508014476817584,9.909945454873633,11.141890467994887,9.663486017076218,9.314758910878524,10.708202779293062,8.310497620507428,10.163157168613827,9.00636434777761,9.408881935301114,9.295524512944015,9.92670571593487,8.354182934692208,9.604466154766472,11.258084652257033,10.120688604595866,7.787418936743684,8.764083557478758,8.472819794374315,9.384069687241446,11.479284302533971,11.69140613079071,9.066254974707313,10.522854919018952,9.631281623090418,9.294948132627685,10.98443264935328,9.017970966904059,5.647665999424848,11.180940264269065,8.105278743673926,11.475854382850232,7.232529330512752,7.53894453181926,8.82099097967148,11.51943646849174,8.822063392676089,10.51790993952233,10.123979660479918,9.758102332930202,9.18363552880676,7.7914389498612815,11.15267905495737,10.743803514734555,9.985242550787719,10.016514578753196,10.591557099767355,11.579856788010702,6.932566834674422,7.8690281197752645
2065,10.266718808075655,11.031290330235725,12.8047398513426,14.14513127959293,12.175803944792436,13.506231820291793,12.3426545785902,11.17538423808899,10.808027177396152,11.782471802829686,9.97901613637805,11.759752096851237,11.905919389232348,11.400398360808259,12.324609579720901,12.639816864424024,11.238599798601607,11.150795782875758,11.703090850749742,9.79117251143022,11.43630062679396,10.43944112373435,13.387956135946771,11.86357673451952,13.34626843334864,14.223244720179105,9.774747248253098,12.67505452279811,13.159683910400974,11.572817734402161,13.936044717612477,13.1644029798715,11.297609901784554,11.840324600591607,10.064668942404825,10.072666778362041,11.52760548565699,12.972008424284668,10.818022006717715,11.755838848326517,11.422222945120431,11.73046772651698,12.313202651136603,11.83650022259225,15.619394781796828,7.807458203123969,13.542480204254389,12.410494984492011,11.81547457141721,11.178281283249023,11.784445085279321,10.918725547340255,12.76286760867452,14.815777682739759,11.734668558058534,11.258484084968979,12.294164024293421,10.030514179040559,12.770768444175305,9.63721303824011,11.123991057479184,10.36692702089963,10.019126578234138,9.035016979698256,10.873216309625167,12.30442174007286,11.113896969219915,12.361458561342697,13.2004447436851,12.346674281698855,11.595615840476494,10.33665678099446,11.889542070419894,10.86209105117166,10.41143970442531,10.708210544255765,12.235820323542656,12.342053271182206,12.69027147215346,11.610003784116682,13.542353354394436,11.582005272214506,11.038773558385994,10.717853684180781,15.475609064102173,10.993546160018958,11.958614971974622,12.163708068916335,12.055307949366776,11.359615772152729,10.596239698321924,11.451108426989428,12.803531755409812,12.113038467243316,11.998693417271845,11.104144440396974,12.634420551683597,11.020913775848305,12.745166494470581,12.926863149942266,13.56603799128662,11.259380952333629,11.329655499076068,11.323384401732651,11.558280544355512,11.757462624946367,10.780639026799928,11.995528994006627,11.803595685116628,10.797384824512692,9.721797475348351,11.86143224135689,10.41776466774552,13.684651528059957,9.456754234497962,8.386213898172844,14.49874816251838,13.570728751466323,11.51619302991616,12.619246238842608,11.505027786302177,11.653965552539933,12.658959616299557,11.128387086457863,12.076101827232737,10.874528140639482,11.970745538887773,11.545094434090933,12.139181540064191,10.881198861028839,12.029234731650874,13.073471875861289,11.701555784265306,10.156298315638436,10.987484340434492,10.152855310265137,11.589653803602511,13.463185835467732,13.372798214788025,10.989907817024253,12.376751085027099,11.944197663794391,11.521802145582827,12.731604633690878,11.39967881175487,8.577879148251986,12.717250369873872,10.512128528045572,13.169021741203641,9.671137333078226,10.185941856840385,10.577983468932949,13.135794223812614,10.501515348887317,12.486241069824803,12.010709652434224,12.320254063638655,11.859192059415841,10.500947507394416,12.790776098309005,12.456034165564121,11.831260257441063,11.664501449336177,12.578665523425395,13.829961032323217,9.748465270978278,10.108385870476134
2066,12.291014439061932,13.12227209900385,14.595451027154922,16.851439351620883,14.921239307393199,16.153613937289823,15.241435451352078,13.618816314832024,13.027971014785376,14.350853644554384,13.319506183833532,13.14385221461239,13.55438658854236,14.301581369793933,15.22038215010063,15.62496242575024,12.603772895977551,12.38791084581095,13.19182734450568,12.295103536027929,14.356521805991305,11.899945045294972,16.480187686889067,13.457116572105363,15.17843336903531,16.98455898139788,12.119515771451201,14.436212818583716,14.903438218261886,13.029016001716904,16.616939319216684,15.509361267089844,14.135540344468925,13.342307172031092,13.176947636124883,13.099531473672908,13.740463605474519,16.158971259127494,12.412108101922536,13.170473366226682,13.742428877755351,14.657668660516332,13.916777312553128,14.22714467873068,16.883545181025628,10.731003699014368,15.640023757582126,13.991833626576094,13.267479344109153,14.77393674656101,14.909127044936888,14.464164323456918,15.564113936994387,18.41345754200998,13.360613118047302,14.160078046762425,14.088127599948127,13.134427068572823,15.006059458398301,12.241037946518349,13.597623909945078,13.145513938982852,12.251915778073933,11.507068570541298,13.82453463550495,13.88954136212883,12.525533888327036,15.143390615349235,14.82043608116067,15.103471924429357,13.364817680548066,12.647077016208488,13.648668941677267,12.04026688505774,13.163648052384024,12.886124196421846,13.980458256991014,14.468802708646525,15.506606537362803,12.928653509720512,16.06101440865061,14.094677288814088,12.72589007538298,13.033877747801498,16.81261875318444,12.489569118165448,13.479094330059445,14.984594291966895,13.62076915962541,12.617711877855273,11.732271296822509,13.391515076808307,15.966361808388134,13.776684220718304,14.928320567245068,13.943623512983327,15.160593392408417,13.358045075331699,15.399518980928091,14.980089786907905,15.61394029191655,14.087430507916466,13.65023115925167,13.685738386667293,13.733596033517921,14.796590187627334,14.201800440316617,13.579631206619998,14.213332333561524,13.066217869520187,12.722833119818702,13.81499524641296,12.660630250754563,15.635140816802567,11.823845628163092,11.390791500068227,17.336288846057393,15.74915467753359,13.030527256105257,15.179995786641603,14.674544013955671,13.345114055697039,14.903237456212876,14.477855259795557,13.944795020248577,13.013905806628907,14.410624334021755,13.520982801590277,13.60741550928873,13.343213234015787,13.91238394509191,14.783552915505743,14.534011915326124,12.398276712502478,13.100417826000763,13.13674594393081,13.052311669549216,15.56440941017607,15.005309973074043,12.235856644485308,14.135986816785906,13.476317666794943,13.008935521964151,15.644387440836951,13.647189006857255,11.227291941723749,15.477942584649377,12.762265734050587,15.980255533171738,11.9148101851992,12.899821369341858,11.754540962450536,15.853976630970193,13.483183957555372,14.383673572345923,13.794832043430727,14.060397569252098,14.183482794172093,12.925245683154332,15.680939784516461,15.240897401519444,14.967455015558263,14.477766950493274,14.509499570273835,16.31330852469673,12.28492856997511,12.411109301059145
2067,11.24140500244887,12.090992560853126,13.774778044742089,15.122477158256205,13.5709301126392,14.508447128398666,13.683462186999948,12.11465419019046,11.976267499768216,12.76408675572147,11.804793846267073,12.346519211064217,12.770142354395084,12.389302726349108,13.701953134459004,14.03426897331425,11.87213721353075,11.666235970414201,12.329193712900517,11.1494467864218,12.808348175543161,11.159872174263002,14.750744105681134,12.714207939479664,14.068497973939644,15.602069367533149,10.668599983596284,13.632949927578807,13.773982105047809,12.201978713921877,14.889560595802644,14.282907864321835,12.615639661074335,12.524048385736736,11.837801594449127,11.503151450792085,12.421222156156665,14.401459564333381,11.550572732220528,12.375996500091711,12.661641404032707,13.043048234656458,12.995577008179994,12.745045468211172,15.156762434088666,8.857428876602132,14.340422044629639,13.117950504240783,12.437341023125162,12.957392340121064,13.23759879730642,12.690179740605148,14.148597667398663,16.031922324844032,12.576929499273717,12.47703463098277,13.2470122407312,11.788518413658378,13.821015405266179,10.549584712671203,12.423870731469087,11.312111831148684,11.192761768141521,10.341461493755167,12.628944764156701,13.012609806721622,11.759016057233447,13.755603643215226,13.831111099409025,13.552384469172228,12.363012005453525,11.257213734009339,12.737447815744776,11.363667493281158,11.758453445266122,11.834790697564252,13.108454109574469,13.502016589045525,13.700584383114528,12.167953986188639,14.52384722629643,12.500167728442213,11.84209167179854,11.602909058656387,15.013882450435473,11.685313818166437,12.622849089619907,13.143499031662943,12.735723095743555,11.91217069003893,11.062782090643179,12.506969216077227,14.284012581991112,12.990643996259445,13.383333550199216,12.156564698028175,13.852886920389922,11.935780375710003,14.088689049948817,14.03857509986214,14.479799196771955,12.675917424524773,12.247102347729001,12.51581839957963,12.464954797340477,13.209188894733142,12.482950866394477,12.68587023027889,12.712817761723121,11.707320710239205,11.430913645936096,12.986739652960201,11.59459501375323,14.395210841427684,10.343009628011318,9.850230145227652,15.492964625358582,14.381911212983338,12.285959158254707,13.854404555714652,13.008699493239753,12.373633917097164,13.71111752060445,12.75373843636202,13.076289196053278,11.985484734177595,12.943329612522021,12.514399976834007,12.79695113033623,12.154964085506355,12.813757762312889,14.018059777176898,13.090476030402863,11.326715631977374,12.049636400264243,11.585857213839244,12.22922516581805,14.260505766972251,13.92245874197587,11.533979242262637,13.321070633504702,12.606860460146617,12.172275195627106,14.130669580853503,12.564478648745496,9.61364798171638,14.10653189342955,11.69602915774221,14.488317054250967,10.846162583881421,11.574449389201149,11.097702727369635,14.367059933102654,11.95477727023156,13.477913813098617,12.93641253657963,13.102068904949272,12.796952684774345,11.396994436078742,14.208487802225614,13.689960264641305,13.3067229953797,13.009832590818405,13.635072306122467,14.793444091211194,10.610905152948003,11.203414372775864
2068,10.975720746361691,11.88634330552557,13.855123270464981,15.692361007566037,13.638326333025878,15.206959433124766,13.8120631504318,12.41123572089102,11.664070859551435,13.057917489629727,11.8603906866325,12.498408201838968,12.849034035983296,12.90471468444752,13.817146278512867,14.16457307622161,11.947149920439267,11.809610268344052,12.452774531653393,10.932422051773125,12.933769995751591,11.287512763686804,15.104444718231326,12.797102658644969,14.484114151933921,15.676913245864537,10.997937069153016,13.729433911650077,14.238807763742363,12.361468734968776,15.513845389303956,14.342530947664514,12.766761273145677,12.633948706900297,11.78533316318593,11.634467016541116,12.710912572948832,14.56430414448614,11.526170273189956,12.525396902762028,12.745051640207352,13.207761605796609,13.11261853883448,13.06842140800765,16.899337359096695,9.260167483240368,14.877949439960977,13.229289188495152,12.550940810500279,12.988196804471638,13.388963891112288,12.70952521847642,14.237844294180041,16.881967271151755,12.684266792691272,12.647910565137861,13.330935017651194,11.79138253224285,14.170089577527152,10.915035576276159,12.520297954587836,11.700912751216928,10.868304513070894,10.151163908288531,12.544077864159705,13.105024375650986,11.828251865591211,13.846011429620178,14.337187409400945,13.733453671812363,12.579349761747801,11.570861790329218,12.766216258639878,11.490700266931373,11.88899191808077,11.520733018284261,13.17668264760616,13.569690221029779,14.470721726832187,12.351999414355861,15.187739404161341,12.829545134759467,11.767964720726015,11.941102124426678,16.74075203874837,11.805272390013156,12.760800149048803,13.652446655414836,12.863496354254695,12.035620806009874,11.186700151018476,12.583191183598148,14.407696414900864,13.075714478026265,13.499195860131927,12.517281133681536,13.93138321845428,12.249906230879867,14.166820730690077,14.10370053885424,14.856373338595686,12.799559680016145,12.55281491480444,12.596568980294725,12.760619898853097,13.329567041086113,12.535036616351292,12.81574373951425,13.03103066106205,12.018604988637176,11.369992098568579,13.04434512361236,11.28132960865396,14.887059820734937,10.681795176746244,9.966900246744249,16.12623503415481,14.98376761182495,12.402897510839543,13.931015654750498,13.127913276624422,12.534710548980081,14.060664804652339,12.8316790163517,13.157265642414922,12.077568904861163,13.215835940578712,12.35027782359849,12.901577231676683,12.151732208936114,13.017367020816264,14.081461972516516,13.201042108237745,11.000080209711324,11.788191882164583,11.719882131108772,12.367724341542829,14.828803619612819,14.38252049943675,11.661816842530087,13.400944333685482,12.757115073016159,12.326708779386852,14.234308669667529,12.262660384218652,9.926478454843169,14.171767902439056,11.368270374510601,14.610860281664396,10.54655353455683,11.659250713317942,11.188261806964876,14.608041251483174,12.089720023553008,13.547536752470164,13.010709761925371,13.195280103255875,13.094346327464217,11.731067598777138,14.303328485956982,14.003021921152657,13.43988863573126,13.180816540089639,13.702766370109245,15.454035546792591,10.94519403155731,10.852344888707869
2069,11.471007356177205,12.33667107906355,13.595274734756225,16.24295824247858,13.898476440135553,15.09348821510439,14.087199200106705,12.53777577958839,12.285674134998215,13.20998952910304,12.99115830514094,12.371086308489673,12.620378861608717,13.608857967931295,14.110472314383673,14.449095187303813,11.882581649267156,11.670193150315596,12.350545230767,11.6824467772537,13.17914390604457,11.476334985183632,15.542643633549629,12.566921437969024,14.407153286687711,16.53165509130644,11.134943829768384,13.476231698108757,14.225808085306834,12.244881433313308,16.020556335863866,14.563507283511369,12.98188615817091,12.548799090411352,12.836549387029985,11.876136264115896,12.831172890880186,15.30346561692979,11.638576418161398,12.40594825538321,12.651197113825575,13.480140779734308,12.96372487622759,13.167051956057554,16.50619829737622,9.44121423987267,14.810903488000372,13.089206707501864,12.43534873434059,14.097238567860233,13.68337896660618,13.853868472835295,14.506040014650516,17.62529648608609,12.42846804095999,13.231914456771767,13.10151593970216,12.851820368481722,13.96706043021835,11.050306073349457,12.529766641617957,11.843695801601791,11.533709646081144,10.872364890316266,13.543584747806841,13.00617327962233,11.754893273601066,14.097661989538565,14.246361504430359,13.947040671077756,12.572564061690608,11.717821615545645,12.69495551626239,11.33800113703246,12.004790656228101,12.117145207265152,13.020666404748749,13.269137302656537,16.400816756746046,12.20484516186559,15.075569307350596,12.954025709890237,11.963672521321675,12.053937714627907,16.373710329117984,11.743429314264143,12.617249907034894,14.235667048912982,12.736659479529962,11.884695327152379,11.047388104964858,12.308290402242998,14.98177963713913,12.841836135996427,13.754629230288709,12.689284548811292,14.185953688119419,12.384276496114863,14.413946234661598,13.811159214855213,14.687166167342145,13.029748722586943,12.703389624457646,12.548657547520554,12.882564198392767,13.616369586923849,13.602941731719866,12.692378675160198,13.140071047712933,12.167177513241768,12.34639649352302,12.775967281554705,11.924505158287028,14.848826700092662,10.829006729930967,10.770724497411564,16.689271877641264,14.91408773738405,12.142764300107956,14.182634898177962,13.452542852367394,12.478490802580898,13.975474867969751,13.821393794015698,12.887989046133082,11.89425030956045,13.3396264674223,12.726810154707536,12.794321762802806,12.725361500421299,13.01401727095894,13.806915744167307,13.448456719983371,11.661903413093611,12.320900229008306,11.972300967606511,12.240609990513846,14.760544640538486,14.410625615845555,11.5408135569128,13.151338855209561,12.613584828441558,12.207608534104153,14.519312395025862,12.859321663034672,10.220121824385032,14.43680179378261,12.019122899752922,14.886877558396566,11.20225959983857,12.329150600298108,11.116240252943147,14.95053486509816,12.331802630230136,13.29758365743834,12.768328595420588,13.101033529185731,13.236766536416406,11.844459361680181,14.563992327646071,14.368487605096206,13.74813832860926,13.454447421690691,13.426523434463888,15.33594939209845,11.080879881978033,11.462016040864201
2070,11.233616970803427,12.131653640419247,14.233610656922282,15.488268835389098,14.129030666435542,15.168592181542646,14.429025978902763,12.637298104879651,11.927769677227605,13.332658290863039,11.659710420943474,12.614330387876734,13.250609439635733,13.05120760364377,14.452188790735338,14.767262382189864,12.105971832800174,11.931606882970534,12.580983264290765,11.111818426491126,13.554764704211902,11.364392869174486,15.341797261782316,13.20439387776929,14.670474728812348,15.932490571685465,11.250036785136103,14.060583204192955,14.325338294324668,12.488309866503268,15.271346496499103,14.792888082887814,13.313890236875288,12.791007757348861,11.71333364672635,12.237856672671827,12.942836329016998,15.084706116872642,11.724537648220101,12.653997837201409,13.12885017215234,13.815389603700325,13.220941877478493,13.266304704482144,15.614880144596105,9.603450832888482,14.938918378690017,13.33751872289197,12.680550795210447,12.897061521268409,14.063475380125253,12.652123909443615,14.758904250743596,16.592219426256154,13.10503833060679,12.746529154115075,13.69370629112793,11.620679984274117,14.311740287377134,11.196159392028399,12.952643362238353,12.045713834788494,11.16759035794024,10.326324786545465,12.46890628823768,13.230688831485484,12.004120710589314,14.354524660248149,14.35603332260381,14.225839774397647,12.744531156292751,11.838726327430619,13.045474302428575,11.619070103149054,12.399342518299816,11.796879321711302,13.45685862458271,13.91902272468028,14.05785707870255,12.462843934316998,15.1644866735391,13.081321267978005,11.95052696456728,12.127809543000618,15.452464357666347,11.943833682362152,12.897160120713322,13.79766415901806,13.002318612178383,12.143432994373143,11.318297941075723,12.909416778337055,15.003276037133263,13.493730393278861,14.110123215000266,12.916430105981616,14.452336864302987,12.47747927191465,14.615368417626167,14.473392366877068,14.95803457255597,13.308941521985535,12.802285016554857,13.067480395831492,12.97135573787534,13.941327779432351,12.409829890487067,12.960052813362818,13.25817905957608,12.277138306718808,11.303731460316593,13.350158016399847,11.575574399660463,14.855583779513836,10.960239106384305,10.022412372348104,15.896388590335846,15.001072256461434,12.80552194542859,14.419727203152748,13.84944708082501,12.676639759467674,14.200054199151372,12.682402084865,13.535308331737049,12.479878388345247,13.45899992354174,12.55352155572695,12.999664002786512,12.282665089096714,13.142006030549176,14.343325413054908,13.720274342871878,11.307250283759736,12.03211630168169,12.300964814975208,12.499231826837946,14.842795268996905,14.5468245446682,11.805739226803546,13.805380476233754,12.895845804808907,12.460071668251544,14.80369661209862,12.518171435464986,10.154597947050053,14.678433259058263,11.65627458262379,15.176844977490278,10.834847666485157,11.757534465104667,11.354683579148155,14.888676835143054,12.655353808957761,13.954229625630314,13.452290329110363,13.347151356222836,13.313394473258242,11.944906334190268,14.864277573788296,14.214717102763446,14.083582213067492,13.612137374346673,14.028098168580431,15.427583143479474,11.233864304812062,11.185405245860634
2071,10.858309988094415,11.633136796562567,13.341220847938374,15.97796968791796,13.06139573778795,14.891859022171605,13.178344477130022,11.683387557186348,11.494306977109419,12.336472834096009,11.794051068308558,12.070232955495952,12.40857348458477,12.515936215934548,13.178390921457957,13.51461367001352,11.571638502585499,11.422498111167684,12.075971806057446,10.730149418722998,12.287075651566619,11.28631272652875,14.85199411926062,12.347219721292673,14.21395404539679,15.665161640747739,10.24453773074176,13.245159451728282,14.093304139116531,11.895468602037951,15.778516136433762,13.889515160218535,12.104662106595123,12.199213530382387,11.684436890742056,10.995058752596378,11.99396020408882,14.281547424687158,11.232570621954363,12.0775722705749,12.17403526766145,12.536752552057257,12.709918133266594,12.306177634259928,17.334531493808914,8.402021012309454,14.623981772233611,12.808198351251042,12.16921232316805,13.078797436926676,12.68244029030852,12.784219019681863,13.6283721478413,17.292991091051828,12.206444371653637,12.40784526843092,12.829941480005484,11.70371403873129,13.739813161285031,10.154743249669831,11.911964781258417,10.907359011997672,10.70867583366192,9.963221463820204,12.416552687873656,12.704997296566546,11.459180465130052,13.223980406056285,14.189901589051537,13.077790097373983,11.957392344656196,10.808528063494872,12.388543735501237,11.122311018731283,11.265401808140068,11.37720435752493,12.737576916813852,13.04481801617405,14.924923660800504,11.886986224547673,14.846634014307156,12.081383108282871,11.495919824942304,11.18667291040006,17.19354887371478,11.325086907200191,12.312074170042965,13.152697948091058,12.430778617606217,11.64144014502349,10.84708113255708,12.086826521417368,13.969373921256356,12.602298168708451,12.863274404212184,11.690193541449213,13.398407602115816,11.50546199820288,13.585923442090658,13.593012935765412,14.483283589108158,12.121950314420724,11.82391498489913,12.049608873284384,12.01775116603012,12.678644911426565,12.600547782104949,12.374685117084052,12.283679110200513,11.26595479703468,11.242273198845597,12.512253245824706,11.09756134968737,14.725743541736966,9.923171888490245,9.693757467943689,16.4751625896796,14.730593855735727,11.941794975296308,13.414475361330677,12.441020871310133,12.05309016451888,13.675256839993862,12.900608961429933,12.648617541174525,11.54260376755796,12.505479164745498,12.124493154494655,12.510272966824353,11.79120177516471,12.455395271434732,13.631072290322702,12.57340992864667,10.844528723670086,11.62475798700167,11.065597510856133,11.916871754209637,14.583196365476955,14.252486688935239,11.263407887971923,12.910124576610064,12.296553762224706,11.849550969412793,13.598491443078155,12.088529104123948,9.26924256300149,13.59392941257228,11.209473309957463,13.97692703973988,10.356355754091691,11.276228119295252,10.84967428316241,14.270941054205531,11.415197673051253,13.080113066238882,12.549369405145233,12.76045050925535,12.360630639464317,10.985796462258566,13.66981376658963,13.741329188256168,12.761928003767263,12.65450829194616,13.210701319976181,15.123837887269005,10.277194763817219,10.788854952031018
2072,11.797035059932137,12.850991012042636,15.008301278171333,17.195256958837103,14.916174396224646,16.772903638851382,15.292407261612622,13.139204764434988,12.640561920114914,13.90563060987093,12.69873308552348,13.286352371554011,13.931966629203247,13.928243282048598,15.27338698247205,15.665451338109763,12.758609960584536,12.50326995855278,13.323435318858728,11.887837497112544,14.394229229185326,12.13854643410963,16.672087852073755,13.832919687356638,15.664342155923014,17.19853399629179,11.709609185790882,14.845656021133715,15.377320165219514,13.188397298364533,17.024293300898183,15.517387532669565,14.125684915353428,13.509768256188737,12.597203501297727,13.101112645119429,13.42377261104791,16.343473269887593,12.25076539166595,13.33433697372675,14.002773313904585,14.625922080959477,14.021005366969373,13.779225656519763,17.895814061164856,10.19665897200289,16.15989652405614,14.102707747531975,13.398251528770704,13.981132338876309,14.949260174904186,13.694240455394203,15.584093201419584,18.92337243226559,13.746640363627154,13.507988462953463,14.471712026907051,12.580533972941337,15.51449540063091,11.731177689082434,13.79006766968751,12.601970096766626,11.88131300003632,11.082390103165224,13.311384461496187,14.021405088188855,12.664183850197691,15.156120161647387,15.46388986836309,14.96830630950306,13.328034290719941,12.280303832629457,13.86968787662361,12.118860289454462,13.240985881658679,12.473444180320136,14.263197928069813,14.89912939136443,15.485391515752548,13.0854512044917,16.660939077968184,13.620171755309332,12.521372605601083,12.615094877496038,17.78600443964419,12.626003953911686,13.61255780866613,14.649432544475017,13.76136663134979,12.7109165019457,11.808340533919957,13.801378472991614,16.10664440246056,14.161148009254884,14.951563086198723,13.530727313102592,15.202073168495424,12.949306745527558,15.411434028864557,15.415625907075794,16.109166132083736,14.108826980318712,13.273737882026067,13.915768594683517,13.44464849178558,14.800050760092946,13.456546118725901,13.731195562834218,13.761046454958299,12.719905586346336,12.186315596265642,14.231915728472497,12.300725745280154,16.13837280739909,11.422290532647267,10.81888383709947,17.7167491161305,16.30634422535482,13.380992206542391,15.17842008562192,14.719679157047167,13.355763410096587,15.356654197625494,13.709260513925035,14.348274335913036,13.326354779950952,14.015308483787205,13.214004098883146,13.746534899039109,12.95773428152113,13.766631693295812,15.16744783435665,14.527225797752969,12.000467619575241,12.667257841514504,13.13963389753,13.196487608163253,16.09207305053006,15.491428320822509,12.37852277250394,14.550614619263165,13.621722062644752,13.172091799018819,15.697604343295097,13.234769011969151,10.74596369234116,15.482810350863835,12.376958231887091,16.056260254719984,11.549919654817685,12.42780790575173,11.886518689277379,15.956086578576466,13.479058845535574,14.787147380735563,14.19936687843469,14.210518603526946,13.784275069832807,12.462667591262448,15.696266288342683,15.41078214088212,15.00349612161517,14.533273490874663,14.925891257822514,16.894475996494297,11.765636310669718,11.840953532768335
2073,12.28090804637126,13.195491346490126,14.071988066415427,16.063951632250916,13.902362158764964,15.61730558068856,14.064766122787466,12.765242212492486,13.120801497088829,13.43837725954212,13.168664631474277,13.247895653319105,13.072681044106899,13.312054255086446,14.089412307609683,14.406209086138839,12.703308982693626,12.502682872602469,13.24355577159187,12.35821282908159,13.196101377515689,12.402702958687492,15.490613358824149,13.050697215873265,14.82521719258765,16.07645851891974,11.334698342940895,13.95223655912053,14.614376428334609,13.125266379312334,15.877865783546287,14.598452290763028,13.002666144996237,13.452159918034853,13.120999728167513,11.86427820538697,13.110911813443124,14.985577258888792,12.522044304272402,13.276364508530373,12.963477899684857,13.50056769528791,13.83277753934912,13.39678087895331,16.88169116559236,9.626877958440911,15.242719637311026,13.883868306713259,13.372241454927826,14.371689891037736,13.656534143440103,14.095632335737998,14.477572130160816,17.422878078792408,12.92168185633162,13.439751230504207,13.668695076004319,13.038083463016415,14.467942094835253,11.253127230574261,12.753146427805008,12.089802707990877,12.349285056247659,11.567369332537057,13.840236253388555,13.936970739260966,12.627846025902297,14.093324234304221,14.651446793390354,14.039022053551415,13.1892056039575,11.930985924504379,13.563987945732867,12.179591928487241,12.114398332069753,12.943349481600787,13.782669114839774,13.811406386165842,14.948837770068128,13.04373408303313,15.585362917703131,13.19463131090869,12.81792264431715,12.256199963066894,16.749434668084852,12.637198489483284,13.63120874438597,14.044920704833677,13.745567264116328,12.769567114665461,11.852525619061101,12.805163435475986,14.76931625118722,13.302382611710096,13.776064241062038,12.88570490123137,14.18914594144925,12.588670941798583,14.402447049171942,14.34386424598811,15.129657089710236,13.048087078065654,12.911707801987296,12.851172236604208,13.17123438604176,13.608076115179324,13.824250947967498,13.716244325062014,13.38215644236492,12.370930191615358,12.667978134735122,13.261498017803483,12.747163482334303,15.185396927854294,11.02155072808914,10.992259200176465,16.5005791835163,15.357829739866046,12.618573902741723,14.17918948246085,13.46680607776279,13.224485954998626,14.38336800676568,14.05584317202801,13.379227153632952,12.313513730004754,13.540335277500363,13.595206271371119,13.660194363283077,13.169264015053278,13.54709591101045,14.248672995230425,13.444371606668703,12.474765444012439,13.154342950524196,11.95527192350963,13.189073850279271,15.20829534271489,14.766750921373786,12.349964291181251,13.632647316740906,13.6410058160191,13.135983572058057,14.469154808427328,13.705221813819984,10.395435081551902,14.436031682194091,12.853760819072312,14.820551339050997,12.016878633719424,12.594170508663295,11.850166979772242,14.907682978912543,12.339979250955844,13.772363001885624,13.25679902959129,14.12623815169639,13.445622548946865,12.067823340387445,14.561481761624632,14.320909996881436,13.693099323498165,13.4455766276173,13.906546696372656,15.841055766395902,11.259527228448704,12.336044336142747
2074,10.93583020617497,11.708583818181701,13.127899750216827,15.306889039018882,13.237247995951256,13.937931860999571,13.440476209573129,11.672122857816843,11.597038600107897,12.360563661417238,11.459854131159576,11.983912771810656,12.186075306295052,12.322282337300157,13.407122909698803,13.764796587760033,11.472341899314655,11.34644458718274,11.939265913937403,10.76571734427758,12.571477412023462,11.10027445140092,14.654166613017093,12.156943747044906,13.618577104061842,15.460439622402191,10.245254646338847,13.006227659046369,13.38749282774718,11.830752359136289,15.064415944659192,14.01671093184015,12.344650014020178,12.100741542065926,11.472324311530782,11.244511917658633,11.965504345322113,14.257685150465242,11.228473864171816,11.995531210756825,12.096714628779376,12.773337057994112,12.588853498515872,12.322758633724376,15.294547824755961,8.356323835925886,13.869103435264986,12.69386280036491,12.038669110802205,12.713492531977272,12.96882134967524,12.452776992450593,13.841486665865654,16.366663130081225,12.001376919772314,12.213665562803333,12.614805126157792,11.41942856687567,13.161355152807163,10.13927005644402,11.933028142575337,10.899894351868529,10.816229081388723,9.988089693629227,12.218264497209177,12.574624492098458,11.35185164115999,13.447661009374194,13.46465397658556,13.260750050777972,11.960078666472572,10.804733454209309,12.178592335270798,11.046977250472363,11.410332478663847,11.46064996006696,12.525730434400234,12.725351131723627,14.379047376954045,11.833701867205294,13.984389712143203,12.080935787409546,11.50537547066241,11.18311317556578,15.173835269782854,11.299932138346461,12.206172120311987,13.01606316249008,12.304993856374338,11.566227994859217,10.766003203132879,11.825550434058128,14.07611109931832,12.398129808837952,13.131765408117491,11.74536372445848,13.575147545734506,11.482010446812797,13.766612531819746,13.278708641093385,13.913777728443565,12.364515694749098,11.78612662657448,12.047154785741283,11.997019736096263,12.925245746565254,12.25753516590466,12.251446207337407,12.294303568970898,11.240684487249545,11.055260563815906,12.251738499202157,11.213024095591646,13.97057815268636,9.921890136690582,9.50847146907093,15.721188486918159,13.892792810888396,11.767505749412207,13.58389576411118,12.703297105658313,11.961497314112341,13.180873639881613,12.562428864447966,12.42836357689584,11.415280351982169,12.515818671242375,12.171190000746563,12.390848922259782,11.738241848009435,12.376129168855106,13.367139321630416,12.815599735421333,10.951378595245922,11.7128810422576,11.322296190844932,11.83562296013469,13.771301313748829,13.5543450233729,11.199150324272725,12.687956435767857,12.199376748307895,11.78827468392885,13.829917357667632,12.185839967883151,9.204390623647233,13.775972504654657,11.316505112725759,14.22537561400753,10.47423009698927,11.17034488098453,10.781869455038205,14.208950118769124,11.675021685012009,12.801872669030791,12.298859903993817,12.617014683985518,12.320710464178223,10.987252449695246,13.915982388607834,13.580718607115355,13.018284694170179,12.768924745690569,12.91424528088259,14.235215904920002,10.210230871468136,10.869765583587732
2075,10.2832794289874,11.127486532392064,13.196955362010904,14.503216405925548,12.665112736229988,14.00839583365166,12.930970783689588,10.979471440548485,10.902341376909096,11.654312809362363,9.266987921330957,11.777135632122343,12.264628602110824,11.067595034351816,12.90735081162142,13.236469344924329,11.232012623192176,11.169872466311537,11.676927258463012,9.73703393676197,12.065806348686634,10.44869902835268,13.92123158097915,12.237793583989792,13.711545842659211,14.417737162955431,9.610561021259457,13.075363354190534,13.442871938581055,11.607996807798095,14.297632906909872,13.540758015021037,11.822895702460535,11.847002660612697,9.525019773955293,10.689992432685004,11.359299048781397,13.33442069298547,10.86246012799118,11.768927206082841,11.941567082732467,12.226298936683202,12.321268167751642,11.656128047601038,14.807016082431959,7.549292546656466,13.949714825448135,12.443013545611635,11.826944016406072,10.435329525529047,12.443382155636083,10.249194432535896,13.298694874443438,15.30754609859508,12.11825409434412,10.79487020125532,12.634449964308223,9.40127377641266,13.244359163749639,9.42930831671085,11.682084419157196,10.16289079359368,10.13639262966488,8.959207529860105,10.383039664679572,12.284923253459455,11.100194466826709,12.920016878547711,13.324239586358486,12.694787615991157,11.582005334289178,10.173093241194021,11.943507400867734,10.896627345000919,11.017099099881625,10.76120314497435,12.420885097883318,12.79887891981913,11.761577220714608,11.63217529832669,14.075096840443818,11.370833950036252,11.066341340865778,10.544770439276878,14.661997936342079,11.097702426188018,12.027371925180374,11.876666749220181,12.108735970019001,11.388510668042885,10.618455216045614,11.881959093977578,13.322891602373641,12.483327074897597,12.623938554978892,11.041653340115493,13.096214861973472,10.829231190130765,13.235271251234026,13.351930344963206,13.99673408948128,11.869269499960156,11.137520231306553,11.852121723410878,11.417596707849402,12.375507020189065,10.072172601990728,12.062364976043291,11.619863246446075,10.622783819699418,9.20966344002796,12.316378395842474,10.527438267741514,13.965249245783884,9.278652746108888,7.886743579626732,14.848424243862219,13.98069667639514,11.883577310358701,13.072939659590306,12.159277827195499,11.612008555265875,13.151437194208091,10.440723269570459,12.495290737761104,11.372404218043972,11.851569081937233,11.592685218171583,12.121631530234994,10.700583061284348,11.9143709294174,13.419527218737839,12.294196646498602,10.254906027881509,11.028381724720417,10.77112852069347,11.655953902913181,13.84109583108322,13.647502164477892,11.002942016510213,12.773365902673941,12.030245049816111,11.593647213814704,13.288374888973877,11.47576425516087,8.283079054368581,13.213284004641618,10.622017215370482,13.71644109779078,9.787436993630687,9.830235885066465,10.582622205595609,13.59251213397669,11.153013560678003,12.867288517968163,12.385867231565973,12.32089047206809,11.648105965360354,10.317621411026822,13.394264180051248,12.960307162740959,12.456544373346414,12.220599998436544,12.975569051083014,14.319320448714748,9.496905291129067,10.12508888024351
2076,12.170203360526461,13.152910842519741,14.607101154716126,16.43171046609464,14.155515375344649,16.19919259773324,14.368625171806503,12.77270543850634,13.018467192173652,13.448786178570868,12.984911938926771,13.406156245781029,13.558427322170004,13.446041348187824,14.402405068926189,14.727087206814598,12.844836882760996,12.615167610023335,13.408319351303836,12.242932570774272,13.474766533194195,12.389583543590883,15.832646499509401,13.499130856731668,15.21700376272201,16.348912249440733,11.360626096958699,14.466665912743498,14.935469710308572,13.289783239769546,16.254842058472015,14.813518700392352,13.266331868165214,13.622685741471207,12.886741531202977,12.173622300929352,13.136573769638069,15.299248685007505,12.51998869362085,13.447503135296637,13.456226381513735,13.73869392567355,14.033658600209847,13.419890871150015,17.301271163898967,9.694526984153885,15.705249192922011,14.085267713536389,13.507638239666171,14.145979926637983,13.966586521948164,13.870677621468253,14.768393107082533,17.89205268154974,13.39707974959975,13.347323402114538,14.15229311229095,12.854237284875762,15.042066813811015,11.281957186272614,13.182722149335822,12.108504241899306,12.248979222191418,11.438706117479695,13.620089955951856,14.103542314923327,12.75569072754487,14.365379867346391,15.00171021274898,14.22064631075963,13.275765227882758,11.945742304072432,13.818182187721787,12.257831355799802,12.481428747591766,12.846428397557013,14.12076418587695,14.457243307453131,15.301148028477378,13.203999803118085,16.111763285553973,13.198498429042166,12.812798154094947,12.279499203007186,17.195076014684595,12.767836176911777,13.76174732848354,14.18041491508484,13.893894232566595,12.866586239441581,11.922964707664827,13.370980584751004,15.115149996850807,13.799489912779435,14.058580494121365,12.957386555069169,14.444955382658089,12.603574403359193,14.652664927036867,14.964352202480256,15.638026954039287,13.315735905066783,12.918841720376488,13.280443072238047,13.181961858240161,13.896667018168328,13.62214840495068,13.857825444120431,13.392466428163258,12.390052177983781,12.461612246586414,13.85865465219578,12.654018070710745,15.589445777561354,11.054352262543274,10.860601417072443,16.911297331685606,15.81698322555293,13.057726603487264,14.41806182135707,13.776199680064686,13.360575336477028,14.876656280263614,13.856719242489861,13.930601288443029,12.82251921332563,13.594334991527317,13.552997681109801,13.833157231828764,13.077257868631378,13.650500961619878,14.783384849843776,13.712620254606009,12.36546049291349,13.057764041035071,12.250408872921506,13.32510295170157,15.650627276171809,15.057598989942802,12.482521251491878,14.16112969734747,13.769131292791473,13.290600676575435,14.80091408413389,13.603915789691003,10.425898591299422,14.696696886549825,12.74903467726772,15.147173819334611,11.923683501456097,12.462981682230275,11.964822775643812,15.177453935146334,12.627944891948417,14.348275924344426,13.794775090058861,14.299398610651819,13.454319249190714,12.085348354085632,14.862260566457463,14.630123584166823,14.037847213447094,13.731585713184398,14.501881347078344,16.39512706709945,11.309388700548721,12.204289560570663
2077,9.410402277848966,9.990380035794303,12.187533412847426,14.397312015456995,11.649892804739268,13.716341722594654,11.648413711267969,9.633972312688183,9.872682303595154,10.300761143636446,8.474760262457568,10.382398479739612,11.318381066110147,9.97498406000111,11.598914510691943,11.910419627310427,9.947119907354534,9.915659895328725,10.266591927239107,8.754079291758979,10.783372729125881,9.40184966312802,13.188981302730415,11.331687942147255,13.236729599697437,13.788511535395743,8.229251599182254,12.141250682427831,13.184304022270698,10.185481137879517,14.22194573542346,12.611550315890625,10.538180346560221,10.414320587140065,8.806511917455202,9.418639108862566,10.018246461515846,12.232363448194835,9.757086632206388,10.362896115559597,10.867457484583493,10.902004336371366,10.910568607728118,10.292024053025829,16.32661401966344,5.8723126411761974,13.611531751311343,11.11127845797202,10.385910458214907,9.727971003269374,11.078524328120379,9.485178542525873,12.1403582838121,15.222599451956542,11.115330253930196,9.798303112711597,11.536313531191453,8.650900449117888,12.541601887863617,7.945779582404572,10.559347807713179,8.549764844872385,9.099985703987919,7.981647557558738,9.65926007804987,10.837580727332313,9.79395330114209,11.781978632120982,13.14923361980397,11.399118098308861,10.221576506271958,8.813548112369105,10.53678347401159,9.710664219182473,9.824657046600528,9.794866162149802,11.127685894460784,11.688890248101771,12.014637112941433,10.278721167665466,13.766197691793032,9.974158204849,9.992624664274244,9.176880690876557,16.141629995211314,9.688608382008567,10.501055058820736,10.633717787492534,10.551299734931922,10.125277113736324,9.47699991872777,10.895373962110964,12.102246873202207,11.501890444885133,11.339247695777729,9.469316583551954,12.01949873987747,9.48326586348855,12.20657949344984,12.241805822952932,13.400614751421887,10.681519270915055,9.789980257375408,10.72674759606952,10.085127401449109,11.087626853228914,9.352169602299513,10.485301239011081,10.252247200873885,9.279698417562503,8.44848692012222,11.316885253535991,9.48747124846863,13.752129522354707,7.880280716263729,6.921173033345006,14.78836040587529,13.68773131979549,10.918703169926356,12.057283088645855,10.750094421693817,10.215144398743691,12.525527193818409,9.756124633161917,11.459799421060348,10.291223010777138,10.532804067651536,10.513789006225442,10.749333296133127,9.659874020792216,10.573019730170138,12.476222859452598,11.109639934390662,9.24667294951075,10.078061150467915,9.538115549346674,10.19352591179473,13.567273561559293,13.353704018437353,9.759733401770381,11.753355743788669,10.47969699124603,10.128341298712337,12.000479427206775,10.445755179161614,6.909145874902609,12.152477957915677,9.58040510118008,12.451637649341768,8.738127224420642,8.853923399973176,9.465814898843352,12.82872518832269,9.898014544582747,11.817144938785097,11.347504443124585,10.714038383782562,10.321682350143144,8.93805095488611,12.138952961353501,12.2320101124275,11.057952583645998,11.177836382154213,11.938479865941668,14.008379457073044,8.068335504959459,9.19070785298296
2078,11.095371924664661,12.11535074853379,15.014961691006368,18.061121520788777,15.132414821697322,17.2893771895248,15.294290057666924,12.135684041225394,11.82268234860638,12.941656046587493,11.272685273024054,13.025648948291074,13.957453798988588,12.89820670563242,15.402302204266844,15.740484746254007,12.539581527528556,12.241762781272762,13.07927357049092,10.868176514687748,14.342342216035597,11.500027270420741,17.1938738166962,13.842156425766323,16.003618638152656,17.361355537953585,10.686454923580522,14.889356631623661,15.812766637491139,12.872886547575824,17.84966165345648,15.639017592305722,13.993705547374228,13.254012750542682,11.231212972015467,13.190025302055092,12.52614296389663,16.204316140516944,11.74868733468263,13.06183817845,14.05082732309466,14.455157588357514,13.72494902704721,12.734504581793495,19.111464687015708,8.850744959250418,16.52509419296099,13.792430343025407,13.170025264034452,12.422844705374345,14.981164016153503,12.157325994709264,15.735849240551829,19.989121706589412,13.737104896617973,12.220480556073396,14.452613826031275,11.24351032499386,15.760733566206435,10.570361605157023,13.887155635201413,11.291136959324712,11.044181467398353,10.075855225000693,12.002133409330701,13.7616882013238,12.422564403842324,15.297877837782318,15.860988964205204,14.594523204409558,12.718339255322583,11.286348121159753,13.732925790159598,11.854825741570929,13.315411953822426,11.678912030047048,14.177787047365438,14.918891830288848,14.791059525116633,12.794640940573553,17.103408472045608,12.518178016595224,11.991482053114023,11.62240849500117,18.986353174499843,12.277179848888643,13.336209878973339,13.53034952865994,13.49842058122158,12.452829285808233,11.56142881512642,13.811100575910967,16.16707228651554,14.17553860661776,14.948852760636285,12.449836617902571,15.322239873849833,11.966014311365454,15.60812654451508,15.457037268165982,16.37476198116074,14.24029399389806,12.297058893286664,13.876918359943058,12.56687732883122,14.9438515473967,11.995847036009245,13.470506480206616,12.706847755805303,11.745728151953738,10.844519382261709,14.24449461374594,11.436589259168375,16.535684156676997,10.359996725035748,9.477614309719725,18.60913808190304,16.80424197050541,13.349750155987946,15.325998010194818,14.844158290520964,12.932513280407244,15.620358027841739,12.287401044498319,14.336456907184225,13.298309557787745,13.143953679696374,12.544192627072333,13.489597926037796,11.975741313851398,13.178100972719813,15.229586010393891,14.649971564178886,11.183307928883513,11.895795883043952,13.227152015204014,12.914118285412373,16.586790625815812,15.986919019533243,12.09936480224132,14.57991120462185,13.334658356464432,12.862163243734319,15.812155500054354,12.397702127371145,9.523414692983192,15.657396479145346,11.544978860279791,16.09500644582769,10.697375255434409,11.221638182745034,11.65000087281932,16.31969525438288,13.585129648447039,14.826551552052083,14.21994437981883,13.948217979348872,12.833967035231385,11.42659015953541,15.779939570504686,15.859180275836717,15.152213043492775,14.767760301413741,14.979860703258415,17.363858817712124,10.607049391321514,11.07244713369595
2079,10.66460462886354,11.39121571499045,13.05249835275438,15.305430429137274,12.920659647201717,14.289884678047642,13.107093365781983,11.76828849732461,11.28574634958868,12.394365809857847,11.479201599550638,11.690317763744494,12.11815664107385,12.5164729549509,13.123321511175327,13.430374248844126,11.181538205026937,11.093905913441077,11.612274619629204,10.541078428859295,12.21309271450762,10.701517335746601,14.471152056818424,12.086262712336108,13.822156226505406,15.607095341319626,10.355087049710361,12.95832658016487,13.660195263831511,11.52054380443271,15.118003899636479,13.784814205830509,12.052100683521966,11.785851122892424,11.444611222746417,10.877362870793466,12.058313597641563,14.254431114415638,10.982227960844401,11.69847221097544,11.933158496961646,12.491024992064292,12.25760389710574,12.415836313243389,15.740174376446268,8.481461870362578,14.176344419034887,12.414426657917868,11.726108706839709,12.676606196302757,12.612707974146245,12.412043675248835,13.529421970410192,16.40814775358076,11.959992245163608,12.219119748019656,12.49597574867632,11.437514235285802,13.310198243464464,10.21065757188784,11.735806433726914,10.959410880813778,10.500719978919495,9.761133633553984,12.204975449520612,12.231414741006397,11.043380354247665,13.130821786658919,13.731650903173115,13.042653748522634,11.83402021439827,10.931664133201474,11.86205758073408,10.819504071229508,11.115603788958298,11.170159386106489,12.313437489063846,12.66626180465455,14.784301638603212,11.558061308672894,14.330203532524731,12.163683408668836,11.25792813187708,11.305743278125705,15.610736012458803,10.997442604123574,11.894175175455928,13.205757641921872,11.977849803379046,11.32007756829262,10.543798302178795,11.754900444784893,13.918670829061586,12.33500292119773,12.777003756845778,11.772830372514289,13.333390040242154,11.613253214477524,13.470212818163892,13.223662972126318,14.079023392790038,12.075029744726157,11.922508912059765,11.822051511834495,12.111907530009098,12.576476251625497,12.227996010778718,11.917397669476012,12.378601136252929,11.380391417638117,11.034354565179218,12.206369079325508,10.905541200919643,14.245020232689772,10.028368507552406,9.538016332232434,15.755691235480102,14.222211347811902,11.719174850894058,13.305834899292051,12.37817327366413,11.735434295042706,13.2931072358042,12.513222958730617,12.336010024923349,11.264433733187618,12.565305828076342,11.882106088425802,12.073659782864807,11.660024841680475,12.285477963154731,13.329131292260216,12.480281538087068,10.631896640376556,11.43296774833099,10.966083404324625,11.535303775707018,14.086774394887945,13.847542332566308,10.943731279800767,12.611461719093118,11.885788002091909,11.46802470930245,13.513725854051504,11.871146822105286,9.288724423426649,13.459440406897796,10.994310223618927,13.922478626603668,10.162826489009289,11.204287324586643,10.526052117671655,13.995443853509169,11.334162855115922,12.73114123746105,12.235145544309333,12.23798632119661,12.46278547268847,11.076363877109857,13.565280810970325,13.422926309963936,12.673884126155276,12.502258088419456,12.864962780119285,14.583848398664724,10.291400325039163,10.517427518072981
2080,12.446341887764307,13.55283639839162,15.50987228844315,17.554894716843314,15.120429398572963,17.338338143151745,15.308190674480537,13.936657814066047,13.363798968170006,14.582794916856548,14.080896408884259,13.90585882054723,14.379314898067843,14.567731441363048,15.363043878389442,15.725812884128612,13.412350932379132,13.021243852765666,13.99054449926252,12.764601384168087,14.416951168328524,12.402873479801675,16.978741932822313,14.276656128142191,16.062795478364695,17.22132855912914,12.470695804966535,15.360441531176152,15.688872464325117,13.84270517090741,17.351664994073957,15.582312653894013,14.240211856146546,14.214513817316163,13.875150006750356,13.19409956880238,14.224079480313739,16.28352093178293,12.829930670883344,13.973096061335957,14.442328463106051,14.736872271189226,14.654243429069934,14.518684330193892,18.434572473816246,10.951346369379245,16.54273862537483,14.728125397966286,14.072327018755933,15.322187626491422,14.979474067526018,15.00232645108,15.730915246288413,19.38960239161616,14.155177309137326,14.380948789741677,15.046078609059691,13.905552896792477,16.101184292655923,12.433656964289105,14.174616988586342,13.303493318208698,12.60674271999818,11.959834495154412,14.593661895264752,14.746726141999597,13.309535229821568,15.318265084339227,15.77573648354282,15.212966371165667,14.033662332052307,13.06091675421466,14.654824341606837,12.612379566482877,13.46349613044573,13.17522842339848,14.950681508073343,15.50632518141166,16.062452689461086,13.648595860389912,17.192108649274576,14.341890162099965,13.128722821240844,13.395638213209484,18.306951595389325,13.30635136689829,14.325766530819243,15.27027309200038,14.503453916667596,13.268501290808551,12.271553660216538,14.361422876948895,16.105516540615454,14.605409189086894,15.00110819547073,14.15422717773396,15.285439077926721,13.744282719881642,15.612305849790573,16.004316097692307,16.62144265744997,14.28966859250289,14.064356744451363,14.242278067961985,14.250950940945392,14.926260896512996,14.73536453622839,14.48673682768181,14.49941205719243,13.4870870994485,13.422645721746528,14.847452389157336,13.00057890104211,16.45990618350713,12.149765989398988,11.907509397472374,18.08406785778378,16.784648329262506,13.720762719278751,15.292742157111997,14.821424519238267,14.076188615644755,15.883171943704719,14.934837459115842,14.851517148801815,13.749068264080131,14.71747391249823,13.878510171952454,14.422607183780359,13.913773975942446,14.501694653021252,15.673343934118755,14.668415245478569,12.742103778595185,13.345089831106042,13.249740233887797,13.880341494941842,16.550528478363287,15.785255261089496,12.899991934390174,15.052477937353698,14.344427061955566,13.859493131101456,15.802628170212976,13.94840934969809,11.51932788138157,15.655880195615085,13.106460247188807,16.099314297023028,12.276436202187579,13.46854309818667,12.389595125680385,16.192251033109162,13.625582513601886,15.29560962578525,14.660816747533238,15.026280088269193,14.62320008647183,13.205862796177037,15.816885739888836,15.668162479996681,15.11016790504041,14.733397076959195,15.496130151755139,17.43201949803726,12.391132623605108,12.560396608451146
2081,11.255973826769901,12.007387764266007,12.861658829466808,13.77347288183544,12.41910654808516,12.974821531578254,12.614814943917427,11.039033604380876,12.001368080387296,11.689408169492431,10.489634259482445,11.874373074863918,11.919695774685476,11.152125277718445,12.582844186655205,12.910113610934628,11.359357799848784,11.247671120192695,11.806933287409661,10.867613183982344,11.7444485573341,10.78680355126119,13.389301362609412,11.90588335724264,13.022714333588503,14.155460935571924,9.689440720107244,12.721355076757789,12.712576005769813,11.719679206447756,13.55210064954894,13.307774494523583,11.546442482458506,11.988492403989254,10.627985125731515,10.376516951207558,11.415794273433479,12.993816967972595,11.333036034489453,11.893725706183394,11.627347745649192,11.96940136295946,12.416181839435644,11.72433829923039,14.153007735376773,7.6630027147981785,13.081833130639529,12.510116071237823,11.926198252841182,11.600416090582382,12.115331391925396,11.4022918070626,13.01612328207525,14.299795276910547,11.742912462588562,11.389985051491987,12.370677112156283,10.551733246801989,12.587989683222512,9.527713384803224,11.376667133491967,10.253520546278555,11.23709180428768,10.101867418351548,11.433634788931712,12.428115157167548,11.221658051337885,12.640479165655764,12.635304815095404,12.4971955907936,11.67027960539512,10.23388016483058,11.981951526001746,10.946294537300002,10.70262785749915,11.842592252337417,12.33436971060608,12.425034773617014,12.216584406469181,11.742693755249295,13.078270881558245,11.455584012943765,11.658192528330762,10.62304814402824,14.000678723273072,11.263700471948026,12.11668474534932,11.938295499937938,12.20410474908093,11.464110067924082,10.66868488304317,11.553960804544067,12.958024891174357,12.133574858550793,12.29380804591853,11.058249940690791,12.830941999331118,10.891711073077243,12.980277373253003,12.969822114900403,13.32885605169703,11.581566714398244,11.185577693192858,11.513573976031138,11.47074196584847,12.053115603068601,11.219372466449505,12.155170832315214,11.691621980751338,10.68337392078146,10.33298215917919,11.99936112980156,11.639498847334286,13.199363339530388,9.361694652830128,8.697225940616233,14.105266198191956,13.081708496719923,11.511464635963028,12.822012523351159,11.803452205074873,11.723987075459695,12.526250618590936,11.526172946652643,12.149794076407412,11.030114711626714,11.867378664567422,12.435101328417664,12.258492753071634,11.36962908393015,12.013232270984545,13.10772932895824,11.999989396609047,11.358189700900216,12.086222393681174,10.484508175078942,11.748085408684112,12.986995432687843,12.921095108208451,11.100015548422283,12.414908431470394,12.11972925099342,11.692151181075882,12.9651486126949,12.584977343152074,8.539289659941973,12.948942824195994,11.727363224019825,13.41275192756692,10.903028102510651,10.475207918688014,10.679361363953875,13.20294346980265,10.848123703232925,12.50885460436668,12.01213935114767,12.476198041568631,11.696800549980255,10.392416867184576,13.072580056345984,12.479721428826451,12.115425696596505,11.880247412127972,12.629504793445056,13.32989419219287,9.587217654061059,11.178076469379922
2082,10.581325802086528,11.230103015899658,12.261718065437417,14.394880958225421,12.03514374598213,13.457717760101614,12.084272282117084,10.817025808536487,11.151832620734751,11.445117597022783,10.414422283354016,11.376521045342086,11.390197154053533,11.13785346916816,12.013317762509637,12.352950817540938,10.89395879694949,10.81526421949915,11.322470120113831,10.186762484762335,11.203597853608107,10.568499308565393,13.411318486475427,11.382780581712725,13.13329572392547,14.247900631116783,9.378086427631587,12.186160343253743,13.077869682208354,11.20514104158982,14.199180127485938,12.960054435159849,11.029971246253295,11.455298264389453,10.549379031700283,9.813022145879984,11.15113675237998,12.814188921581147,10.795795533968057,11.370422350566677,11.042858004489029,11.453194237030718,11.9349032851017,11.473912373266142,15.65304667535036,7.300999824443592,13.441292188737703,12.05095701373142,11.419545245680796,11.66291391428398,11.513220904394986,11.400590614031028,12.553363568756891,15.149853349055933,11.207389760762455,11.297738107650176,11.774318497142069,10.457741295675872,12.466020747209372,9.212968161329629,10.777899589632518,9.901891298804678,10.358871138978591,9.408757062142959,11.342994699092666,11.937975544644441,10.776868092948977,12.179752452218017,13.036661404630415,12.09095850036196,11.25951913072039,9.953297197575806,11.446201952174306,10.57104651565137,10.121788714485977,11.044109150200438,11.76649782984801,11.790448401771163,12.936703381331073,11.237372674371885,13.506231960719047,11.201694087813733,11.065772056255648,10.333229402971009,15.508809436922489,10.69518715888262,11.569472109170068,11.85276547252484,11.648850297798287,11.03865837402966,10.307061191486273,10.95335225735629,12.592521357147593,11.580712025094291,11.770905397184523,10.66575874363923,12.385629610846875,10.643239571996356,12.571945307614367,12.345458559044035,13.304634052996889,11.0471059008623,10.941056944753814,10.947988777218951,11.194798233716387,11.517432522069175,11.225105040585218,11.585941487032438,11.437262663455764,10.406725421061985,10.185478914002688,11.380258147807229,10.770977533705857,13.616465372883757,9.0463418416355,8.5381764649292,14.777067503203511,13.496231473091509,11.023730585108636,12.425217545550804,11.195135498986293,11.292961669356927,12.455809023879146,11.568874197809592,11.533066486033775,10.414762728321168,11.613845185174242,11.717846587927934,11.780450102873148,10.996225029635042,11.658591932900572,12.559593624637827,11.512836632683229,10.502428277395667,11.312463665178617,9.929504437291108,11.219402146080261,13.38606287498513,13.242372549098473,10.659090975795506,11.825912261462733,11.5513335272022,11.156750571468605,12.441213057902845,11.752222524793899,8.255113323705023,12.557435261166612,10.85833586946778,12.873792760883987,10.016248937731648,10.297434553354673,10.285379801917333,13.077644374707472,10.275356811673744,11.912279545693941,11.438436863053104,11.911011080217108,11.480231721313556,10.11960354593137,12.571803137660025,12.436775352805853,11.51378148417596,11.496079693993801,12.033287059799159,13.771648098815886,9.31456186800547,10.460471313730206
2083,12.466455805722786,13.605788053377822,15.216626355991416,16.48570561668148,14.509316675041035,16.571254372596744,14.782413382731054,13.68282370609434,13.347773386732392,14.32067407100745,13.088356347835587,14.140074682725679,14.123785104116667,14.285494641279401,14.803891702818323,15.147940316520957,13.60411340063033,13.269590117037296,14.197843050179278,12.533267698858094,13.927282654396866,12.752529790867936,16.08935432719148,14.044284727059953,15.595719374392344,16.691983694615576,12.26407435917012,15.059308662200754,15.16910096873408,14.069472771866819,16.305558538307313,15.121905184310416,13.765403338829458,14.434495184570551,13.023382596347641,12.639092558266029,14.007565560548201,15.787781471548525,13.008891716275524,14.205824007644601,14.0306661621384,14.263165925507964,14.804977279966293,14.293502676989073,17.43611714114314,10.793560063709386,15.941148777208898,14.813212641413612,14.28208169308694,14.408163530752063,14.433615014118994,14.141530868151914,15.133143119028084,18.029970598285622,13.941735428515011,13.936514619413936,14.814659693804774,12.972545307291595,15.566220665107606,12.265699508721413,13.707548876819404,13.168843467760343,12.602147813724432,11.74277496682075,13.757934788080018,14.93377763587658,13.52488089838754,14.735888448908277,15.356140966000769,14.808476427003093,14.069632448337003,12.84628164379493,14.728353074549332,12.867593026031619,12.976173854716446,13.159696715843424,14.890003054848187,15.152050295277782,15.51858611210533,13.903177209927335,16.478601104539376,14.131347097132517,13.247096940551117,13.155858542284244,17.283939172392305,13.511463930425437,14.566435298032085,15.04000507424707,14.734090235286757,13.499645348800266,12.52336544187173,14.039019356157791,15.535260684707245,14.35768287628889,14.488557639977206,13.913061373097742,14.785233768108101,13.49370519752088,14.99814633177796,15.656260670203235,16.11734114554913,13.725381678172749,13.821716053006444,13.846455287512232,14.033409433115441,14.329492485393649,13.855509085013814,14.713983743087102,14.29120578094507,13.270647717720793,12.644190434204495,14.497497230849183,13.008250762587013,15.866145741194494,11.971510305352833,11.279475493923474,16.957313544724297,16.139398143343307,13.556401412124217,14.770734593434183,14.228231535333654,14.177029494196182,15.31954593000853,14.099077473192116,14.560260603467565,13.421252644742317,14.420480905667596,13.948068340187485,14.597228336269438,13.54260436801807,14.44732413313392,15.36917604263062,14.110583253204828,12.724554073348965,13.355752733738528,12.698374609584393,14.104060318887887,15.923914100873573,15.308939548938175,13.149096564592227,14.771045261427112,14.586599215784156,14.093074940387972,15.183751633633738,13.934991572214207,11.262573754576886,15.057713750911798,13.096956623637153,15.533374562211664,12.274086741649587,12.927449642126348,12.602611534398694,15.465226754667645,13.075563475165678,14.986432384335158,14.390104250091577,15.233620673134599,14.33863504514422,12.99666861201758,15.251496160807815,14.887169983399952,14.470781790497515,14.100896732314773,15.152561359425738,16.71208721626064,12.266091639904872,12.581606819658822
2084,11.156847613013309,11.938351538032293,12.973295252932155,14.878307544666793,12.8872949646219,13.761165822977608,13.029882246871363,11.990885304206088,11.841938423559714,12.566155377127554,12.116087973269675,12.094371678176055,12.039300958747448,12.620666407858545,13.046896265576715,13.336204071488718,11.585928000509739,11.449698554432914,12.038850301147805,11.149097822363615,12.157582823754005,10.935225735539978,14.226174035797952,12.00889567943776,13.459862859352775,15.33860234592272,10.592557899815889,12.850036067240264,13.248391161794247,11.951856240306212,14.654044301613522,13.700028795263044,12.020124385700278,12.224895476586306,12.094000493419237,10.81837878700184,12.309726518781293,14.029113216892535,11.401226040218837,12.112522938329246,11.854783882103535,12.455941038287198,12.651099437279582,12.624905967275085,15.103983469631366,8.787518925478924,13.717551741911018,12.762921380020842,12.151965564359786,13.364230981015643,12.541915665826075,13.06274713187114,13.459233615790374,15.78374070317849,11.858069421399547,12.63851497289927,12.51124043778881,12.049618819424802,13.006150920450205,10.470641432734935,11.662807104987621,11.24557703603869,11.06393337379331,10.357161027637474,12.843727371331466,12.683860509332437,11.463348599879637,13.068550274666887,13.232628104479419,13.065493656362856,12.168999521952609,11.176002265723506,12.250696427674718,11.15216665326253,11.052752994972728,11.707550662043301,12.522451986599231,12.540345966836197,14.539550958768181,11.942064299450623,13.82506782546736,12.387880803450297,11.69163806347743,11.508538282273904,14.949601297793182,11.439390054944417,12.33849493397967,13.313941778048223,12.43307838305507,11.669227572562901,10.867235893788544,11.668708228141714,13.75524869415423,12.25382886243903,12.712099997893626,11.988739860527549,13.246093547862511,11.843124635598581,13.408431620215595,13.098362892542196,13.758827075159743,12.00418798009987,12.15374964410844,11.760045332429206,12.342055380668329,12.499160523647847,12.846848868805429,12.382983832741564,12.598963080297995,11.632994127014406,11.65928881161887,12.102482052074503,11.476858723336715,13.817136863003611,10.287737277376914,10.054702080771046,15.273816691792529,13.743267610669136,11.621553739127906,13.231289446353912,12.28296397788369,12.125132442654479,13.002937227811502,13.106526424055518,12.262908890033545,11.195507559277441,12.747712293356331,12.3841290473938,12.494134664697489,12.150963119028702,12.60115252192254,13.221445192137491,12.410390563005498,11.19609321073791,11.959377113405775,10.921013487907855,11.964076943695545,13.63417416292688,13.422374339207362,11.304624058468187,12.532249391645838,12.334470940794313,11.914980070017602,13.411234759072697,12.440698275628561,9.614976574221384,13.414370547413181,11.557154189957222,13.824023474817691,10.734039450550213,11.695639053278645,10.8709231119441,13.818906847549522,11.279853256176345,12.631433079991007,12.139061457720464,12.74361513020552,12.680895699734762,11.29079987805175,13.49955066003958,13.199060372684315,12.575677095811166,12.393002779425489,12.749408882111313,14.077962303777104,10.55003491473263,11.081351205058722
2085,9.787923741599787,10.45479359963666,12.369549027117696,13.472257233184322,12.169080828518974,13.151579217296904,12.401309164362436,10.368904859238285,10.286822385438112,11.070143169925913,8.846060510157894,10.96944710656839,11.504290325729093,10.418534500767356,12.356718754664104,12.68661013901558,10.462168572460426,10.466454997982668,10.855500171203978,9.152240461386414,11.5160984861381,9.927739106523598,13.062240598925754,11.497641946958458,13.06353696127949,13.71402653663055,8.974810084996179,12.276275057932766,12.91823517110037,10.765354692753727,13.26593642384219,13.151045142956407,11.255796265067104,10.991228145263765,9.114540241091799,10.120673334630938,10.704340756749334,12.587614913187599,10.251729193669947,10.944086000485262,11.211596852735335,11.676108793760447,11.50807561207077,11.05607514342536,14.606919037259143,6.825750043210777,13.30641052475118,11.66376167875917,10.984050237776142,10.101423321332295,11.869387758328863,9.885619456353394,12.78354737033015,13.895655306785006,11.356336749442251,10.38974829147692,11.772209256725466,8.990234478133855,12.401807852089405,8.81164881959558,10.999328448983803,9.51733372826129,9.499962752280029,8.367188824259717,9.9695109365427,11.426000792097872,10.329118265547669,12.398510405307878,12.768030255385067,12.149763081344252,10.83856749696576,9.524800576593567,11.039349472312177,10.24346450359925,10.388256574940419,10.196565000421328,11.536647531224174,11.900746204930806,11.442485873465953,10.85835539015091,13.253062118168758,10.780670433750618,10.46084692037624,9.928693885469567,14.428510852643974,10.256367544117184,11.13563448927649,11.201419909849115,11.188341728695066,10.685178024937278,9.994004408302514,11.050350605550669,12.640590546571696,11.703002148996235,12.070638945245225,10.399562936762107,12.65318386191907,10.205552506463038,12.732329316503042,12.452137467977794,13.225954474962275,11.314424041577656,10.499504375392979,11.12752108435835,10.761976104634615,11.815766400941039,9.734085193673229,11.121597491852613,11.022997506863806,9.977909039619943,8.774634173909282,11.485074351683423,9.903092299689256,13.355590672110734,8.64042605192441,7.403429239259465,13.78001033676707,13.279316207960898,11.17581396226002,12.630071443708049,11.573105480683887,10.829705498140791,12.34005073684713,10.125233996173613,11.645903442054992,10.58499287020253,11.2563893744803,10.976161596243795,11.314321704532789,10.12566979585782,11.21565569076009,12.654941945944143,11.765280154574182,9.649006362801984,10.479072111537272,10.215463258563947,10.796199049314726,13.178856662110144,13.151509778493132,10.298640043191291,11.9360161933886,11.119238025792269,10.719063144015232,12.740457250372224,10.87781391179432,7.682403080489322,12.712792603137052,9.99319032863107,13.20206894434017,9.143524845009264,9.323552328931246,9.928095568133438,12.936075697774472,10.583147529836584,12.026077339830609,11.575712954382533,11.362681581598261,11.019740557627067,9.720110256872745,12.84596327214461,12.199145152193044,11.870379248755457,11.617473432794213,12.133010399892283,13.520746219417326,8.924744189028507,9.583749526868695
2086,13.296623333640722,14.552840992909573,15.89575770173384,18.130166136700176,15.901351018444357,17.98931000414102,16.24039334236928,14.479965879865315,14.428361556614222,15.219320634460972,14.986879874182788,14.61409770924112,14.748689367071448,15.639599684787838,16.31785479721451,16.66878322123186,14.099077347585041,13.668242265348852,14.738911190920556,13.804775696409788,15.320245795761762,13.440281461114468,17.74658836229988,14.619972625504374,16.55405394409014,18.113555913386143,13.040911217098651,15.702725677386583,16.199896558471348,14.552479478247145,17.904534744179774,16.368469191634134,15.097033323801085,14.964472893463526,14.652614620068796,14.10029667227165,14.790357442491729,17.3746406034283,13.564457512420159,14.700710347246218,14.937431382096335,15.674054298387924,15.360520842120701,15.074591690107532,18.589451603267502,11.771248435034698,17.11486228134321,15.360704370814824,14.78718589898199,16.315833630769152,16.001337435582414,16.008233466874,16.557468827165987,20.116323196369674,14.55535941538604,15.235156613847488,15.481587143695872,14.70269059616586,16.565641723249275,13.097365237772465,14.776201686334707,14.044260728618378,13.711866324686483,13.000835431982642,15.260008294945179,15.495743914588317,14.018671586785628,16.105424272463374,16.330099473828856,16.011099987055946,14.641868925127001,13.616586197005665,15.406968485725965,13.19994409447131,14.192291488789994,14.173973932214407,15.553165630801868,15.889396103503916,17.71352160495261,14.349849232512977,17.79959757431694,14.9545444480103,13.903559137945592,13.947404807352504,18.49476165356844,13.999730941394102,15.04588244077952,16.278350069471024,15.246933469791772,13.883912274371022,12.856790210889736,14.690300458799237,17.1401176666436,14.998560038597692,15.894767324399695,14.970312442468565,16.128683910421703,14.300882134424603,16.348878888656262,16.403338985598605,17.059146741162177,15.093470073264578,14.630628994625555,14.809302602125255,14.804761729015889,15.841334949369015,15.711392559435058,15.231974696335586,15.059886741249462,14.055446648079416,14.185922908394236,15.161957875542019,14.11309423390776,16.992241118265234,12.754610497018568,12.730376022199735,18.65935963133107,17.349623628284622,14.11076112156329,16.080747083477355,15.861416451956917,14.757475671641853,16.355028486770134,15.894028674001278,15.221301031379923,14.190672622669656,15.290486399246301,14.80460495275,15.122477599665142,14.66045431987099,15.114440285479247,16.000124502441157,15.462655006867394,13.814493757389164,14.297358137110002,14.124763821778085,14.573702568755202,17.108513122019563,16.325101251187526,13.560966858397363,15.436077860386478,15.065241911651,14.565696598071119,16.70446886122227,15.008027429166052,12.261469221066523,16.45620451827088,14.19919079639342,16.993354158556986,13.39662103726448,14.1341843381929,12.994204201128172,16.90380041754764,14.480016463476684,15.711622944911538,15.078508143191756,15.852058150846029,15.16547976029308,13.766812431099622,16.655079125548184,16.383742342824522,16.088054330371644,15.512379178048477,15.861506743275603,18.055453510388087,13.097655051428339,13.543072636360707
2087,12.34314229792875,13.534363817261616,15.763812006329713,17.581427637649618,15.192764323690668,17.591882415439777,15.536022287348045,13.85132969462354,13.233423928203793,14.59439429252044,13.122552584046902,14.298861980438232,14.697395737728346,14.687512192389242,15.614732087954234,15.947267932736358,13.769041890683384,13.411954599068222,14.370206604833188,12.419231001449672,14.616196432839272,12.836315069347622,17.03487872299941,14.595335997175425,16.429524033208903,17.421742117923245,12.45783295320428,15.600744721925132,16.084444506012872,14.211362180502523,17.37442320002162,15.855076824193418,14.38875664057939,14.599363604317544,12.968400531488916,13.342418946649717,14.250449069168258,16.624378749209903,13.063032923995152,14.360110882831659,14.563945521479072,14.975742415241573,15.002476391584974,14.466716890749725,19.032045470631644,11.060552500633765,16.9078549656855,14.994755311504655,14.437364369630815,14.272059404979581,15.240120856658272,13.969612332465855,15.847745252692187,19.419762474039327,14.534497541334968,13.933953619157164,15.330937837776931,12.95798607105794,16.31211423614751,12.49407302912163,14.271202169034792,13.439092812978709,12.471723746994272,11.59226923921834,13.67263696310313,15.100725140260616,13.70475424761358,15.403251563725268,16.275714222503744,15.358659290749094,14.219224331171617,13.053421827762026,15.049091958481332,13.013429724003956,13.582964858283164,13.042371373785581,15.279220220835313,15.740923797306811,15.805050152799357,14.048610757226529,17.426434680171635,14.361640685278436,13.263696342220772,13.339607832224473,18.90844024523445,13.59965929518575,14.69165233036746,15.394364127646321,14.867912808190225,13.64546262100339,12.6562924877457,14.533787961887276,16.388730183891628,14.943375704891007,15.203345957009688,14.276624106842542,15.537675471571477,13.717492388642357,15.644230199896768,16.27118114414423,16.826441758676715,14.36204507039941,14.070895232584167,14.434667133766672,14.252953325924667,15.108650251575138,13.726644849647647,14.843325394651163,14.4837396365145,13.500435747530151,12.506025894828465,14.996082695929903,12.884761052287146,16.726211138069633,12.167424796068152,11.308010219879773,18.093123762827858,17.089727355734173,14.11748063175575,15.48137890539416,15.112323425386263,14.354968301627947,16.05184877437094,13.959794135197349,15.09701309774233,13.95052648368089,14.673327155735183,13.87768695568261,14.746848784063172,13.576049238443375,14.625941516264625,15.860877735945198,14.784373897573227,12.596688129331755,13.22659276684989,13.368346549894504,14.22423940896988,16.87092572353456,16.233823632416517,13.319341322650086,15.347987234268498,14.702581667381784,14.213221765082816,15.96690771761148,13.823389722925166,11.44227075244746,15.754556163497599,12.97061046504456,16.269866976886984,12.146662064220592,12.973670638125872,12.783060367826534,16.263533121865734,13.728780133568725,15.606851857641471,15.028447792581888,15.395058472519333,14.587568257165996,13.18491404730341,15.963882635469021,15.719535574964853,15.314670109230539,14.798600067263068,15.718298023161681,17.710142260012425,12.509838765082153,12.44528728772117
2088,12.399997280991593,13.393148068500603,14.427335102920944,15.73013110264488,14.002033748056578,15.538995057992313,14.123750077641532,12.809095308832498,13.312299736815955,13.462538406900737,12.76672225089177,13.420280362438902,13.34887146172316,13.056104837552367,14.147960401099661,14.500865182150967,12.889598623566007,12.595300903786784,13.49096592936827,12.393085569143297,13.22801655401355,12.153643447419869,15.327492631000021,13.27082755772964,14.796404806168184,15.83569333864295,11.345733970565641,14.272924550201584,14.450881958007812,13.30448747167121,15.521889717682553,14.668668601823892,13.077203917762507,13.652754867854325,12.599907681993816,11.976943354689235,13.164691983357722,14.75239698524061,12.543868640194768,13.46041170135141,13.262283446348235,13.532309853512308,14.111648354355408,13.420478329062462,17.267658622368522,9.669259189425603,15.092352902759677,14.132258614120277,13.557767660235582,14.081399020941362,13.700522877599887,13.784197485965237,14.581153009248819,16.853426166202716,13.12427956254586,13.378604883733002,13.994229328697143,12.61551862616983,14.662190364106841,11.284568105702816,12.97933682034035,12.107222738392327,12.566856350530822,11.59727491260223,13.28856069724197,14.189764278090518,12.780695088207723,14.170126448506894,14.586001142211584,14.068523453629535,13.246658412334712,11.932564593527628,13.881959872401284,12.186041572819585,12.272621210340578,13.120670625697015,14.073777791922508,14.250901465830598,14.200010338555211,13.185238842083063,15.488432845991596,13.222217939470125,12.8883914221888,12.281952304684603,17.173022612281464,12.754208954456063,13.744131622532306,13.83611171141915,13.915281468759412,12.806075394153597,11.87519334451012,13.212283002941504,14.659650880357496,13.571763374235324,13.798358748788417,12.914652376719145,14.259325535401059,12.630504009516345,14.522922997889312,14.779541103412281,15.281185467929948,13.108595819576927,12.959069730147071,13.099934396212516,13.181212021604834,13.676530335260477,13.563716928596081,13.880613457249558,13.390826160817042,12.375101653130159,12.22124098046966,13.668026667574178,12.976714527153456,15.141634911298757,11.029966759131005,10.707374226220924,16.151117330012116,15.263955621615697,12.775167268255483,14.260624089966653,13.501219834646452,13.41913709141638,14.450437033467972,13.82711361024691,13.744143119324805,12.616404246862817,13.622496754892742,13.745007595290309,13.90438992999818,13.041640189030899,13.70518321997446,14.645009923240412,13.505505333776059,12.682540840752747,13.298828539641008,12.039504370287709,13.314948099705836,15.084130926624589,14.58848039741102,12.451829555889839,13.954125101151677,13.746216886069464,13.286043383505032,14.598677544490156,13.897919245388195,10.39190602541456,14.53177698539651,13.063599291702978,14.938050500724627,12.23701789780804,12.266672962993065,11.957547132087793,14.875167043312736,12.404320091333078,14.160621337592607,13.559223589689838,14.398081472386487,13.513275929119276,12.08672222106353,14.619667042856632,14.208905279636385,13.802075006391693,13.480250322300458,14.337080933963476,15.7427614259979,11.333754586784739,12.5586846742941
2089,11.90563734977142,12.762436686650567,14.08801199625368,15.48750103686167,13.83527439427765,15.00853397826786,14.195336753300024,12.96458965199797,12.59974893668424,13.66327956614449,12.36189551716266,13.11926753624626,13.154900534483398,13.704856324616982,14.208433271102281,14.564697993352361,12.54614046993463,12.390896841235783,13.130301473581275,11.692137821941923,13.296910778983785,11.911837690550348,15.123102436732992,13.069182450194727,14.504307681127734,15.797155644582663,11.531373308890545,13.945627365099352,14.186213582430202,12.970074995704321,15.250471123534707,14.618998511167971,13.121247117934022,13.267710147992425,12.26078767920642,11.972767262355143,13.232898808691814,15.008372841969786,12.29247803143833,13.121578447196795,12.982916354809118,13.668288889138598,13.766840192286864,13.587099599449534,16.226003486177195,9.993739569802647,14.770876071699293,13.796298227880312,13.236353837925458,13.855589358055079,13.81390155604838,13.523408176458403,14.49514602869749,16.599182913322814,12.990765143023882,13.455179155520776,13.655569681006932,12.224987496216986,14.204530865925808,11.60209488852517,12.728005948942156,12.55531417286914,11.833821441796001,10.935080040732158,12.964997658587025,13.774664491415024,12.48163732368013,14.067379163011264,14.286220468256786,14.191036640625935,13.084097585600357,12.056601130120134,13.486142448757011,12.071912793442605,12.165815106876524,12.46137949565183,13.69296210129624,13.901586640707176,14.631416687498922,12.910522604118226,14.976250071888385,13.471017613622324,12.514934552752454,12.450375212680381,16.0748859592106,12.396185260428036,13.457213738690255,14.424758263013285,13.59314522276754,12.606905049279982,11.76486651411118,12.852067438480647,14.828387546474524,13.359085544943811,13.86070258073185,13.254185238043254,14.225332388897305,12.775331008086065,14.332783925954415,14.43916219894005,14.839218906086424,12.977682628304416,13.089354021555703,12.915201177415641,13.220022141285565,13.703031402850604,13.272972513152208,13.553130920814434,13.589521789680356,12.49421293142697,11.816484128651412,13.260108436255354,12.212774222959645,14.763487723210584,11.219584770014755,10.537717963690342,15.897919948334284,14.83267956340443,12.71251876619847,14.208010928786319,13.579539226125119,13.160762017187867,14.043334676195752,13.605013735916305,13.42759908930115,12.36473451619563,13.73288161987844,13.181922114413718,13.507179569938911,12.717121880258558,13.56106860417387,14.310579768746447,13.460314096801957,11.992269616250113,12.687376281489502,12.006638775053235,13.018619026826778,14.680537538359994,14.370918057535008,12.233137395718824,13.674375565155692,13.454098859558934,12.960648580737736,14.564170170631057,13.205399865689483,10.549581961503822,14.402928655076286,12.341415668311326,14.945569516847966,11.483728149986788,12.135717632329987,11.757924038106983,14.692037379612096,12.351210225616457,13.891119303910632,13.369881142943125,13.934470012460068,13.600919616611108,12.300689098303735,14.60805950605351,14.019048872201344,13.8581290429701,13.346278221953822,13.9926965314409,15.24666138706,11.731265856034081,11.965427502341893
2090,11.75918577676234,12.74856227312399,14.279990499434268,17.066267428190812,14.254985184773155,16.280153018518593,14.449832618236542,12.790290015202988,12.635326809857203,13.467543635679329,13.374043944737188,12.9727392727914,13.236463133407673,13.763471254835958,14.465548683767736,14.820915312870689,12.497433056973895,12.201669981946116,12.998750362383285,12.0239210770182,13.5416574821524,11.953525815321052,16.15402616366096,13.161072181618731,15.178630862547005,16.84139435705931,11.352163275622805,14.162584724633593,14.977552253267039,12.854666980064438,16.873576335285026,14.87238800007364,13.345452153812284,13.213490885884868,13.152860350906849,12.26253703787275,13.08917339016562,15.644368262394615,12.050645009331081,13.02645448587187,13.272064656991029,13.829334510409314,13.661743472775687,13.409869771288793,18.178061438643418,9.703127278743878,15.756714473599972,13.732523751647577,13.074754905507335,14.542969913586337,14.074171493234841,14.272886408411946,14.862683560537258,18.687273548996966,13.024869421254033,13.559060977852862,13.796852126717567,13.214752335263338,14.919372827786466,11.292487633374074,13.074507190805415,12.076652598445833,11.8658767728054,11.209316601085925,13.847620599943658,13.710845953744391,12.37716130394003,14.450751670028852,15.0543732850448,14.267572071241295,13.002664970193544,11.93517846873273,13.459930580595262,11.826404506745549,12.457194275506167,12.446377106334852,13.744490048807606,14.088436521913696,16.302633368450667,12.774117259227712,16.20240485927333,13.201427208269825,12.373221547707272,12.28050220012665,18.071300397748534,12.333387434320608,13.262895467164723,14.388604910477353,13.41192559250023,12.42462651366773,11.51979365815287,13.052277515115948,15.337307963682258,13.459196818911511,14.115086939023888,12.976160120704897,14.504689258077875,12.619230491119321,14.771300650161246,14.619243938475853,15.577436695928158,13.404569064145504,12.923533680605829,13.115543705087317,13.127146794096289,13.975562287413558,14.032826112664267,13.371728531692344,13.37004048085731,12.38831421246995,12.688041445191788,13.530157490916876,12.273483362858713,15.735324206559554,11.043698131066298,11.073029553760653,17.594053382458895,15.884148996809257,12.691381721392924,14.501165732093481,13.809122855896543,13.030947416372921,14.833812720101813,14.251891592274536,13.586876063891077,12.530182379095454,13.61444216448328,13.128607392311098,13.439393694057003,13.04275608483864,13.465228029567262,14.496058178984601,13.794994978801064,11.982082474490873,12.640953969696296,12.342879763763884,12.867560458895955,15.690646834995437,15.08851251913154,12.087193113306297,13.814483638690865,13.264410302042966,12.83372728494199,14.898812008940656,13.207341829071877,10.472862054249676,14.788737159708274,12.367388186004495,15.253698170185094,11.530757483823797,12.58512700421979,11.616298019886019,15.426672598590024,12.70870382539199,14.019578544989876,13.42884431714597,13.87347650139228,13.462763684599295,12.080747086716737,14.919725938983591,14.92614511821581,14.131984391290212,13.876661885043848,14.18314687146441,16.463356785152275,11.318537707885973,11.789290855760164
2091,11.221070247560576,12.017117227225203,13.470051382141916,15.166166266669403,13.391691342320131,14.172019791991811,13.487994992214706,12.287092936265731,11.866520947250338,12.925213123793187,11.961943288698148,12.40434902290935,12.516149800695965,12.725048012869513,13.504002244576169,13.817963847971475,11.908199433399284,11.74008033736407,12.35778456505226,11.114127130612083,12.605097930311514,10.988680646471355,14.69159328168177,12.490678672557294,13.844289505611295,15.426245896712599,10.876207160884922,13.351303907516213,13.569715350866318,12.250863154621232,14.95987451594809,14.109415658142261,12.438751360836806,12.562114262103066,11.994645877052909,11.275175241186565,12.600802008062603,14.284523772804633,11.630905569895459,12.420190928422892,12.374472986056432,12.919514577592842,12.95190012033867,12.929618176113332,16.04347947110301,9.078489567112666,14.047521407351548,13.066575146563677,12.486915483422903,13.107523209050942,13.047361692008767,12.845970416522542,13.937598905485604,16.19721976926794,12.332580632813599,12.632064320470977,13.00163603347281,11.932674937274145,13.488994308139967,10.770484195941174,12.167370787133343,11.566471624663912,11.079142897349332,10.321670815510599,12.775813568869367,13.01957275491694,11.807681552417895,13.549686754689269,13.503238871045735,13.491001064848637,12.471884927995832,11.456634808331728,12.683430078884829,11.460332090440001,11.522645778306153,11.75118337182895,12.980804788272664,13.141751212270366,14.369245448838114,12.23256773598816,14.21149192167365,12.70995229077728,11.876186715357978,11.80038965590622,15.89201088055321,11.729341288947541,12.69756047654411,13.448813572849915,12.796677653515795,11.993406912676342,11.15559235798276,12.191650689296106,14.09547354669675,12.728641290217638,13.187389491044957,12.33373978798804,13.667415852132056,12.129518800779536,13.888690488493966,13.687026513821408,14.173770045132741,12.476867463601673,12.437541736613797,12.237843075443216,12.638732404124154,13.00706849911291,12.620420715245219,12.749089088290928,12.921644607761309,11.892538475277634,11.568823627155762,12.65777180360063,11.482822541957319,14.118304075754207,10.555044170873972,10.029184960719684,15.575696667899257,14.110967078610607,12.058118971793547,13.68081667241843,12.810715794887233,12.434230362672523,13.452294718960061,12.907136275716452,12.760365529552752,11.681141497000407,13.061309663700348,12.484757020421657,12.799974525104403,12.238800576199658,12.895573453572785,13.698698115413606,12.88461272766733,11.222331591922309,12.005436540621782,11.373408818086002,12.295355089656686,13.989937976893525,13.734863763270173,11.602061822524536,13.040976732321408,12.692303712925185,12.23261227414174,13.899117071991382,12.46488577629561,9.809118224490113,13.91270777907061,11.580134071490685,14.274315911790598,10.742345410763567,11.754891264697784,11.163490268290452,14.268486464801041,11.747909152394406,13.158814442546475,12.650097296330268,13.120624361397782,12.989930050366604,11.605080615850575,13.99415902922983,13.599722775104253,13.078247366068156,12.843054224332066,13.295416461384814,14.462153306473857,10.801007806323474,11.126747238247289
2092,10.774007472250124,11.711735695276573,13.781093393492961,15.219098044478375,13.593682767580384,14.698581883278882,13.930950935768044,12.125061141124561,11.42863837726738,12.823963931478234,10.43303112572302,12.516664380612584,12.821700784823166,12.490207452974888,13.901020787818277,14.257694145198917,11.963443838181378,11.848432903785419,12.469880000161734,10.416110257365055,13.052252912483278,11.130433778400011,14.84851971527805,12.752594736283244,14.259544622638956,15.541865219240606,10.709974836072195,13.622305372851379,14.00458827485209,12.370452357941998,15.012077538863473,14.403304097445112,12.8215696612454,12.64487875584999,10.554968130045934,11.716428802065233,12.428110045583354,14.594037244987234,11.448148768233215,12.538084395148834,12.691083868722552,13.277361140829395,13.12865796490856,12.782841167696144,15.509520561798759,8.947433888264326,14.580934620421868,13.217165273168813,12.572719191241527,11.633112179844279,13.492721415357666,11.399356088236622,14.250189744583938,16.263711353601966,12.665002210956553,11.923446377901284,13.264835593452599,10.469807493085366,13.881114649545887,10.644187978833264,12.472457949639017,11.445691913599148,10.657673369445236,9.643718522204004,11.342980604780758,13.112080491431382,11.860468786452778,13.842922180081196,13.950572765391808,13.738677025813127,12.438579933150955,11.26602444627687,12.777534512398036,11.530071906421497,11.91817412523138,11.301313973639322,13.139414075114159,13.499819267186863,13.454336495503135,12.372919293834187,14.713343794741066,12.561038887047252,11.646377026346393,11.641266047306685,15.337036687394846,11.78820670582354,12.782368433540283,13.255477315300835,12.882124310602308,12.057367772835752,11.238239713661049,12.520457340485379,14.475907573071515,13.043980660321923,13.599011401402885,12.317006690346677,13.9951144144263,11.945296684522988,14.117461467809651,14.031272798938598,14.57070424342933,12.786591372088248,12.238956988589216,12.61642899898731,12.458411818289239,13.377250652643854,11.220587039123409,12.83965472644195,12.748215847851142,11.712550310337026,10.219039798187824,12.937354318959555,11.060935234165065,14.572816846163379,10.403881477637457,9.03351719547873,15.637189193912175,14.580610050455384,12.4041501549275,13.972542521098386,13.22334106339385,12.461489799472949,13.779990045272786,11.539996007538365,13.09303368887176,12.059848280218633,12.965539998597587,12.160821997358102,12.8952653893958,11.561989382962167,12.849507972598078,13.98072411119938,13.217567470977487,10.7909100232241,11.544609797227642,11.774395337125853,12.389850767572291,14.43476332157203,14.174922992353858,11.704575792278932,13.337558800273621,12.782658547001043,12.335948605778752,14.287090250169454,12.015491965186339,9.494777493016873,14.159159121549004,11.145951421364497,14.703759995329643,10.323270996789569,10.864736068609133,11.234540174998669,14.455273417027101,12.12768264181669,13.519906055263206,13.01116790622473,13.204909395993406,12.766022914777631,11.451087612415789,14.34309883658653,13.794258391884481,13.520213990796197,13.127352830225037,13.621416158852696,14.981710282032909,10.710280710112553,10.674647633148277
2093,12.22558710626934,13.16879085710515,14.440985627796339,15.809001955649126,13.812340475942783,15.079352369127069,13.998273720235929,13.17056005998798,12.985021709424,13.78633860887393,13.065977180781577,13.541105898876639,13.406022464451583,13.7842860493971,13.998235101933064,14.349799105654592,12.980051405044556,12.766245293228522,13.543349565371226,12.22193687040683,13.12334299929764,12.357910221685534,15.267054082258888,13.334726438574169,14.579739120991336,16.110646573097814,11.730495567231078,14.27291595287945,14.175847132568778,13.41729957205446,15.617802774128709,14.508183200398221,13.00271610850873,13.757163480005186,12.914876980464099,11.802957378651785,13.476399690236734,15.016800721054492,12.63061640897523,13.586843366856158,13.198280419344492,13.489516588656798,14.199846056168491,13.800453461058764,16.71857503963554,10.16750612612004,14.787283463079644,14.219453892306149,13.654655453141618,14.358154790556952,13.588653457553491,14.022286336464079,14.401300753264323,17.050149461497433,13.223478312725604,13.651863166171575,14.037191694521388,12.925578115224516,14.451173491775995,11.718016720984295,12.8779135806405,12.58568121622438,12.21174988312566,11.441440332883403,13.630654263107676,14.256782096203255,12.896783425007017,14.003461095302,14.336159768959753,14.117034462806975,13.471172280771578,12.306758753145516,13.91303200825401,12.410000160498466,12.148285358496336,12.848821990515876,14.111658257634744,14.25023802467015,15.264463214770602,13.353183751520904,15.074846699631413,13.617414258744407,12.901312057090843,12.653211578078897,16.60884724751763,12.880780349607052,13.912920138920127,14.508243768111521,14.04700207868186,13.011579498000767,12.077790718363683,13.201276996699367,14.718207027601164,13.645195214644724,13.687459078819858,13.286845146475926,14.110086745542029,12.984607322708426,14.316101355721122,14.775420228586249,15.044753411541814,12.949735048348492,13.293866189925572,13.044038953016637,13.506027731558556,13.51568333221519,13.791698028212009,14.003689884491589,13.778569259235393,12.750563655534517,12.508992361957615,13.661039681376327,12.620664397659509,14.811829833313823,11.423833831496859,11.024415230783434,16.247615205265742,14.881157374900326,12.902369584240345,14.100878186199981,13.343259233495463,13.540498621316384,14.302681032406246,14.05406686031948,13.763084415860133,12.599681002128387,13.897002548951173,13.579124169505164,13.958362852425681,13.181253863093646,13.89709545850106,14.628664511701334,13.35912126173144,12.355610016571438,13.06472447425451,11.882775229604349,13.466996302099329,14.729548106374951,14.312332215516468,12.626903076534687,13.991955834886307,13.91178731992841,13.417903560314976,14.414090002036613,13.58729948654123,10.771376334864687,14.344673112682674,12.713743584574729,14.779873763089597,11.889655473358605,12.619119486731028,12.085367769650793,14.760157445303934,12.24951092445332,14.184098175524369,13.628129204978116,14.460960739656635,13.828718328929465,12.475326305538742,14.481886927848274,14.143808859845866,13.628828820003116,13.330200645586721,14.329688051634509,15.329903762625607,11.746513113419976,12.267796196812847
2094,11.82465181856052,12.90601963597431,14.5561656602051,16.265008325162146,14.400569915771486,15.933858736053757,14.620176710512327,13.256751252905184,12.650596247743005,13.943769581939865,13.406278359501263,13.46885613139349,13.48521105750747,13.81738785978245,14.610317885875702,14.994070163239606,12.929989107520033,12.644041026416037,13.546173868012495,12.076513144896245,13.738288925717706,12.199168676915379,15.851065874099731,13.407534564318867,15.038750905057663,16.421064755190972,11.776557115756948,14.41671824325686,14.735302671142248,13.39422745832607,16.048173303189486,15.01566786869713,13.569515982723752,13.705621186805812,13.207504863486342,12.460484249436334,13.53063953117184,15.440650463104248,12.314681879204258,13.52305009244415,13.526225609623868,14.042862137374671,14.182384538018836,13.884548402593836,17.24278553672459,10.229899486486362,15.439266334409298,14.219764099496862,13.590987381808782,14.733334199241972,14.227522116944034,14.45546092935231,15.009750497082003,17.58615282307501,13.275720964307373,13.903097696926283,14.117147589831252,13.21594257004884,14.893849020256944,11.790331509936115,13.285468226217702,12.64715605998493,11.903603792878927,11.279336147658205,13.855177213073427,14.240415056681506,12.83329374302158,14.600631980792341,14.824765609658288,14.557631795820987,13.475538299135545,12.360218548904301,13.935642432421446,12.226718609747682,12.669820747459712,12.479000963270664,14.151498359506549,14.402194032202596,15.561684883159145,13.25130350952563,15.857984279808791,13.70761180571888,12.57966466571974,12.725275705042096,17.145491014356192,12.799463692910809,13.787755496799946,14.572542029878367,13.95897465701337,12.838397855344025,11.916325424028482,13.354550711567638,15.262584123922432,13.705697732127236,14.307994694165567,13.454685357601747,14.644559948340712,13.042273606295176,14.909670477328097,14.92192886121895,15.511199102453563,13.542299043711118,13.360859627309052,13.406536211558294,13.5515322704678,14.147882177089544,14.201988616067434,13.927963777890675,13.851756812437719,12.788154780216841,12.73696572365968,13.799768226018742,12.312925193863721,15.451460693193521,11.472523350430572,11.289917995748315,16.70065834729568,15.56784727262414,12.927330177763231,14.648866031480877,13.994042448375536,13.56142971575584,14.738221428964454,14.449699335772063,13.895239902417297,12.842163166355181,14.034891544476794,13.270527627157128,13.95367504907367,13.223254021095192,13.918248691798556,14.76532698066339,13.956690896464433,12.022297168960392,12.68675997075828,12.522103249378826,13.37385378535027,15.388403415679932,14.842339443123858,12.509643097934518,14.09227483784375,13.801005736841194,13.374201479003483,15.066920137923693,13.246441360846484,10.88348264133801,14.942677307388053,12.388824012778375,15.405002148255063,11.581363933889767,12.781325788601585,12.007323830671934,15.30959284046422,12.870377416843956,14.291954400017858,13.695323398255786,14.446239719248341,13.888795197657922,12.551326763370765,15.093594573114235,14.679701038028883,14.302028710751426,13.916165741241494,14.471048951472925,16.11251172164212,11.783520000622321,11.878530648415504
2095,9.842318225570995,10.442704137252724,11.915683816308565,14.444727083911067,12.008109260264415,12.998567822834724,11.938298076715158,9.968788005249653,10.345675923902059,10.649990480474157,8.981557054384409,10.769021494111616,11.084567897345703,10.233786354003396,11.905291785526538,12.217871572822332,10.355717782336084,10.279463655760757,10.681020197742011,9.215370145666862,11.028295086453792,9.697525033484338,13.393949583051322,11.094771310039194,12.81771844107172,14.117926690889446,8.522026533341924,11.846175543558989,12.805834114551542,10.578579856001813,14.224652899348218,12.877480589825172,10.784355847731883,10.843852367090141,9.26279988136831,9.663775763757853,10.335938964201052,12.554149965877118,10.179606928206656,10.759438524427622,10.742068976325834,11.203105756122136,11.290424556268949,10.6291076651086,15.948993475540824,6.248744963749273,13.122902073290037,11.439667013190364,10.813826230881007,10.142969226626601,11.388381926909737,9.902737738321662,12.462950357924342,15.180727639820802,10.891175970435143,10.156659160214275,11.383072087460235,9.12774591635784,12.045397089551324,8.292095794079259,10.536573016773104,8.925608714435084,9.554755418196972,8.44605556515972,10.10134300200836,11.290525138054205,10.224294510062625,12.078482643822612,12.724627507769545,11.698055868968373,10.56857795268297,9.10793276908605,10.876838394526757,10.083336779604783,9.915062954406373,10.2588293351557,11.260415414753167,11.363327620308034,11.98813980817795,10.638343575693996,13.059734741306826,10.3410252329448,10.412064527039943,9.494471158670345,15.820875963439114,10.097592597017469,10.957231284645585,10.901202999379326,11.01920116579403,10.512672578673001,9.837865837242294,10.566183493513131,12.434571744955104,11.269177215254828,11.612227961906923,9.84693816466176,12.287488959405733,9.803595407987421,12.51588884319948,11.94169467007337,12.91283519543788,10.931862312814463,10.098444324148739,10.650014321765173,10.389061616976626,11.39912006647691,9.784525126380766,10.953575291007793,10.596959851925144,9.56658519909758,8.919755898578009,10.991909489035608,9.940831455371711,13.287841494964514,8.17508852457547,7.32625515333822,14.82435725564542,13.124923656127702,10.724113578381745,12.338190124086713,11.066478213214358,10.609205738519847,12.122262891220013,10.167055658672165,11.1583318548358,10.055484645392582,10.861115391487658,10.953940318897365,11.160389945558881,10.052720228857968,10.942563303867765,12.207765255285343,11.383124808902329,9.707651358907638,10.529958484613378,9.800833235292332,10.623558953404427,13.055176002175914,13.023175446883497,10.122762537844801,11.492416194680596,10.929051274028813,10.539629685328062,12.32883921945873,10.917511759082908,7.250902442383055,12.499779654585797,10.046038518457312,12.746686503939008,9.200658083447939,9.226764735482309,9.818243371079799,13.034679719935292,10.139064502092486,11.54645208366539,11.098524921776157,11.215073657708,10.64911915305192,9.260167853420846,12.44698250390913,12.392665925557202,11.38291066496269,11.406398918641651,11.650765941842746,13.34945278128852,8.413460817835901,9.647198178845903
2096,10.917212954033976,11.739731779160058,13.55133341382379,14.931451196255894,13.142827701957332,14.708026618069118,13.413206284946725,11.829192894956343,11.525582800578814,12.513839053395001,10.868442780702662,12.30453167774755,12.617853892886123,12.17877421884433,13.359405900473185,13.725773372727895,11.772213046641458,11.670494651664859,12.28526734560728,10.585016553897571,12.550077386159936,11.074537232680166,14.420208220694052,12.556968017926685,14.174666878321899,14.98626959323883,10.400834687621046,13.428351266876513,13.953379908333654,12.163130000557588,14.762624528097072,13.980812156977864,12.343979601201642,12.43641082574006,10.960362870732084,11.204620312494425,12.118974931376135,14.023049644801935,11.454117260225443,12.335098617365993,12.380634017855577,12.777919452961372,12.951633104325639,12.491753424760764,15.748364728430039,8.607014754311303,14.540541742806852,13.033663999390505,12.365883883493755,12.109871360635305,12.936748806204971,11.852483096006129,13.768402303042619,15.950618871204236,12.428679061324702,12.02418956111955,13.033006363791294,10.867916297005571,13.763467439713526,10.337315236501722,12.087931592017412,11.129774699716467,10.736343670191001,9.819024709093833,11.731191230370946,12.91572816184034,11.69362304829385,13.374298846592074,13.96975514681443,13.314644432424203,12.193518538837848,10.951456405546352,12.560275194761546,11.388136204494085,11.488588451812776,11.417663361452034,12.909424678139066,13.26985566512398,13.266972999209942,12.167580269277094,14.717902693411578,12.257685416742515,11.660669143433159,11.328386540646138,15.54157771234927,11.601405216224046,12.572447461602478,12.927061328340486,12.667844083119672,11.890249742761902,11.095781813497128,12.302162950858474,13.883817247722462,12.821044061494911,13.103691756927777,11.94039699483825,13.53072118046491,11.634471189068714,13.663858677786978,13.806195371176887,14.481835991792057,12.28872434049845,11.925690795740358,12.286173670836117,12.14672193607397,12.85411701331158,11.66682442876956,12.613613551401574,12.458174975669902,11.39998514431974,10.592789827157622,12.715781798505267,11.145875060910601,14.563528110151706,10.095228491108054,9.213412516163254,15.323587268590925,14.56787384236637,12.183666421788866,13.536169625737745,12.637032490223648,12.25680160522461,13.63218422493209,11.97252058869471,12.877487276523865,11.786331767297312,12.649879520678002,12.217322351491969,12.71527559075343,11.610228981357066,12.613522291345438,13.780362136338068,12.760226332461057,10.875564450155133,11.68395858679129,11.270468560735816,12.180305376648908,14.416062201818693,14.110985393109528,11.527088320125706,13.108414513585362,12.567481460454669,12.1240954351328,13.759340609626278,12.130963692360599,9.297352588047152,13.696795231946131,11.236760919265775,14.181517788249513,10.399588006209463,10.960929029661674,11.080110086695004,14.051701063047279,11.62193949099468,13.291806349692788,12.775066498505032,12.977207319568032,12.44506607176331,11.145470309759604,13.863130472600462,13.389434876649275,12.955691394679574,12.660794921867227,13.398089971342733,14.97625469222017,10.441064346905637,10.786788359993015
2097,8.90238525063488,9.429622297701632,10.913614937084034,12.8684629653783,10.229359552750124,11.834286270582155,10.172555489060674,8.826052479283964,9.23905123187148,9.417815661948662,7.4614469656801745,10.038592019968704,10.174903355538847,8.924654264488943,10.1275552780084,10.402605749018813,9.620808053761719,9.613406057267085,9.932182862342374,8.00012987042251,9.276630114925945,9.171900790852861,11.502864848498419,10.213987268669454,11.90774518972182,12.13731434714535,7.426434114170467,10.888122025472315,11.919838254147658,9.834693752067244,12.628875976711834,11.33519222935581,9.098834759515261,10.047755034397476,7.8401084038550435,7.853908165155547,9.280981003590252,10.52485534937486,9.363214062521761,10.013140314299125,9.440126743005669,9.508425177439397,10.494371193906535,9.477752811032467,14.292619630046513,4.875657017626194,12.127965287183939,10.631243889908431,10.04626989915319,8.836601760076443,9.5516530437314,8.591923132214857,10.684308985005254,13.165139276048414,9.98327989228394,9.00737244307833,10.401794336412264,7.680278457377271,10.96243635662224,7.117007842854315,9.097961303008642,7.736431017072628,8.460695006277248,7.207202132548326,8.752867328407971,10.481530135416463,9.475642608883588,10.326540175177481,11.803522813386975,10.149699185367512,9.695192056505574,8.00668887988381,9.97114805699043,9.425596435918758,8.306528865805138,9.1988955217859,10.341731819121737,10.243590577627005,10.473623002514897,9.934087838734623,11.958085122680208,9.181955067197917,9.54789698512658,8.391568789906476,14.124632208891542,9.335808177357139,10.14166101878104,9.645226984406294,10.191388324227022,9.807003850198313,9.213225103428826,9.531359474944036,10.42753091875626,10.33320469288004,9.843772379681468,8.534060043485272,10.683852076662054,8.696941134236427,10.802538945623068,10.836726933069851,11.925828894519285,9.169055879763935,9.016265702960284,9.323307577763565,9.346087289407201,9.583214915964916,8.445020555640044,10.119120036778243,9.456741536603023,8.483402699798994,7.471799247938655,9.958833988593973,8.848850212667301,12.344039843134258,7.049099613790929,5.956493863107068,13.169431380198702,12.109894958770148,9.87528854312942,10.712050205258572,9.168095909463974,9.77526264799678,10.985207700858949,8.895050818019588,10.139497176217645,8.899812207435781,9.651139285253441,9.968353382430077,10.399799943618152,8.910507530297922,10.00852721994338,11.239240570368407,9.648042552173138,8.624660757572757,9.4858409731001,7.9864883848577355,9.846901983336505,12.047642074849296,12.14608861635561,9.453717194031926,10.512207545340063,10.115321263668388,9.778469594600407,10.50403161476488,9.82437591643437,6.013050022332566,10.717128427132316,8.942591812299645,10.991711282940663,8.084847025249317,7.95553015431632,9.184596902184671,11.344056562237117,8.337805718993366,10.519236276169188,10.11651585145813,10.342500544517582,9.53079421883044,8.137574453716697,10.660795122708963,10.685426940736559,9.49149453056895,9.664729024131745,10.596337549712349,12.235919776170148,7.270200483177019,8.640659621228346
2098,11.021256453317143,11.90611782572839,13.370867952056555,15.574833652247554,12.832396333632262,15.467643641907234,12.855189126470817,11.508424984696124,11.746760045380697,12.163508121389896,11.035746085821938,12.322066711342856,12.388479697963465,11.911173829565877,12.841682171692025,13.178364819806555,11.840249440754242,11.62210213360579,12.32373621458512,10.797154042161196,11.96092719892445,11.05286674655002,14.506904994663987,12.34134280292884,14.481807719106262,14.939532839733621,10.054706963022118,13.287988752126699,14.424228056617405,12.183465631435746,15.412816332734149,13.639747075412584,11.794561260582313,12.495300608970556,11.061600694756793,10.62486546535207,11.895183360163609,13.58946766283201,11.388645775940109,12.350216475517854,12.094279431454511,12.239520984742308,12.945202921395719,12.14823481683498,17.767141134842582,8.127416335289245,15.045112210771316,13.021718156078592,12.403904898011163,12.189443287723098,12.3475059023046,11.911616017313108,13.352974940901214,16.69850042332774,12.164372337901074,11.849858333235204,12.903344265468744,11.028378186018571,14.01741831037014,9.918572126806755,11.77732861592718,10.650364546145761,10.972818390101844,9.993812345899643,11.840865991037827,12.989503525683414,11.715448300313692,12.968641461237617,14.46554702779521,12.808757940064304,12.111815302592253,10.6400972041099,12.61520900075202,11.278536527053172,10.997030257368868,11.60113606877301,12.899059692154758,13.060201761616478,13.58766321513964,12.143118023872375,15.411755548871081,11.907595392802488,11.675940275192263,11.006981960133364,17.67890862278317,11.640274871302688,12.558186454050569,12.633105010766053,12.683935030970883,11.833392456821773,10.994431508624041,12.111536176956216,13.408847263325818,12.599613210429323,12.538919156012328,11.450096659362316,13.12068302994189,11.341018392339997,13.369769487691963,13.593511040443959,14.768304469792739,11.85627714801661,11.654549390077593,11.92971492526324,11.938497705385089,12.351917982182425,11.759421184335066,12.640076130264157,12.119556415643867,11.103778303641343,10.691428321373204,12.57892510625433,11.380627429679684,15.093182682991033,9.719699479649655,9.128706889196664,16.027812885201495,15.193803027920096,11.882120725901233,13.150892275830971,12.087443083727166,12.230121704871236,13.889310023059021,12.064077839903211,12.661868380423149,11.476992591081753,12.337394011733322,12.337156633967936,12.780196350877702,11.641968539551549,12.513942147726597,13.631037156219067,12.290559595045838,11.101130677427609,11.829229559587393,10.732346605023611,12.182586002244573,15.034855806309249,14.548899826796163,11.491298816774203,12.919617146901462,12.549017234098002,12.150907078393452,13.281161643888641,12.32805647441874,8.950310294799833,13.351264746292781,11.463786425068976,13.673577813998518,10.637785710070444,10.867505264347011,11.063950394806653,13.991497770599697,11.087104844982209,13.072219819235412,12.51210568521334,13.07390194094699,12.20904477863856,10.802756344818555,13.367693196820175,13.411104197087498,12.390618842904987,12.351713871502364,13.219114482078863,15.67188222771105,10.002627238307308,10.96979782519781
2099,10.897945597119955,11.692135290526176,12.986645416073182,15.247938949128855,12.907005486281022,14.053729979240382,13.031860779161038,11.59570806635463,11.634238517154818,12.255093361372532,11.480953562822517,11.801168858276116,12.03672346148802,12.135163552735163,13.0016028770934,13.346642201361453,11.313214123795703,11.18135753273964,11.750356201203944,10.80203661792304,12.149795816482412,10.816617133824721,14.409366870946858,12.023801655873013,13.63012786663097,15.240129584851472,10.172892329485522,12.88200483924669,13.45825463274251,11.652880078829503,15.047734125800755,13.722290168637814,11.963793049687924,11.9221699555283,11.4842846898929,10.793212752465326,11.922854275240201,13.906297432987586,11.112083920966025,11.811040397085579,11.867167592028718,12.395932659830741,12.38964996851333,12.254992339922032,15.976752758026123,8.262596832183394,13.938549836044736,12.527304379188498,11.861930700423923,12.663556803179825,12.534242990710165,12.418297029707743,13.473977661327176,16.276512529539026,11.856652223545575,12.114024536765143,12.46346236706671,11.45201543914964,13.15291784661214,10.030433290921478,11.665288932135569,10.759766664517965,10.847275604615396,10.002869128209095,12.250802434171023,12.395525883073391,11.181039817823583,13.09158897853416,13.47510425422503,12.961145778227111,11.863460337338237,10.769768218388379,11.988305952076033,10.890776077042458,11.044129515370434,11.483125743334709,12.369472388745002,12.570433246376721,14.369669600673344,11.65129319675591,14.10286313813666,12.00283670684566,11.420628362375757,11.117683497945901,15.852436962335005,11.146630397633368,12.026054665689237,12.860569698007211,12.122092425499275,11.403760790824895,10.617471884126248,11.681835389007695,13.67178123946423,12.245488565901052,12.716506033164,11.58161525342249,13.241530866726585,11.433288681442328,13.443247478981714,13.120514533118067,13.921676519205391,12.014680137371885,11.75715630307146,11.761132364292907,11.982201040951464,12.498203231062258,12.20912703483001,12.069694710652469,12.222050024054784,11.225115781892898,11.079412461622905,12.12596352236426,11.25220665756775,14.07193079331647,9.85229927941185,9.47824727541403,15.685853631600088,13.992436462122464,11.619601096795956,13.24860699215661,12.253455435452251,11.807887029307695,13.154555375809254,12.504888823984757,12.271539563961003,11.203099177497359,12.40597807178679,12.137456072413404,12.221890978839086,11.741600456247713,12.271486209867442,13.24950554707776,12.428831345361218,10.971232645567916,11.716006442904472,10.89458149468081,11.664344374151176,13.866396405126737,13.603031772634257,11.031405538968418,12.535587916879553,12.018449721625075,11.612127148262832,13.43309649080038,12.215707471675204,9.127224588847682,13.436214419162791,11.347284489594724,13.843666550905805,10.50278483250219,11.160889808331497,10.627417458140334,13.952129809428818,11.26562477024677,12.633779878201691,12.124972707065556,12.425551499118626,12.287604353046447,10.91061489680863,13.52134583890438,13.351776879442777,12.56024626132263,12.434531084342819,12.770342912504695,14.344058033564817,10.08301408491705,10.825409075164274
2100,12.034234932583313,13.049687928236697,14.779023955373665,16.12577600841937,14.259634092450147,15.792292022510718,14.420804097438639,13.270919343375642,12.897254970410597,13.910781536089337,13.057760439205753,13.29365891542124,13.728664790482627,13.88316614569529,14.474498761574859,14.789957773264335,12.803547176410973,12.502962605784768,13.339932650246698,12.159437584488291,13.538208502790205,12.00678745236086,15.720015142598882,13.667210047011787,15.086528446363365,16.32658538092738,11.83837535256601,14.628318766860858,14.71693145451339,13.20811536292667,15.909340994837494,14.923466927331427,13.37245458963773,13.549694908701857,12.986897568643581,12.257637002545854,13.594350700145185,15.3343795473161,12.384188125962794,13.346471428547217,13.609042233746985,13.891887238978043,13.949265963357425,13.864397918441052,17.308573445548188,10.274656875428501,15.331993119872134,14.038060063253281,13.42812357195046,14.318968763170036,14.046758002561072,14.038201881653588,14.83342720954882,17.463296409534372,13.529980813031608,13.658615277999122,14.299875604069754,12.93490232786407,14.963767711999422,11.796727485630823,13.303254901391009,12.670816306186756,12.131108156202927,11.35755000409225,13.715449414175492,14.048411155929388,12.710408094845224,14.423330182938468,14.849546914515289,14.43012180292736,13.423655097575292,12.439559208958054,13.889630169081302,12.14373591266897,12.574856355300419,12.712842133382095,14.198210509898873,14.655073366249384,15.394619222892368,13.070521121439729,15.73035083581572,13.707129441201687,12.664081773032319,12.733015799004102,17.176654310330104,12.662917061344437,13.648332747671265,14.603411054765077,13.799405772400934,12.739568349135954,11.823932135882584,13.586132773562623,15.120141659093937,13.949696457256444,14.121154231869658,13.434984135886896,14.526737809829095,13.103096736514056,14.735038962944046,15.16824391338488,15.529838525730636,13.382216844738101,13.45117560255787,13.425735678361812,13.620781315571588,14.002478798284484,13.770991218478784,13.770278189169323,13.87385887029055,12.876334913722845,12.548353871411601,14.041302135457165,12.54012341797352,15.329644094990652,11.530891476441987,11.090980301408663,16.562447759768236,15.508079592948384,13.162759872882265,14.524866109956866,13.883139612801044,13.420765371750235,14.773021478043946,13.992913117308332,14.104536700507868,12.966051893794669,14.026814159491789,13.405813303047221,13.764099554199243,13.220768517126208,13.834739748226562,14.945845345440121,13.779053659218812,12.257903344281342,12.908164977703407,12.32303046937222,13.224701297266979,15.339787977423681,14.854007189688478,12.384485829216635,14.334456255578482,13.655692171386397,13.20403104923341,14.848574318963554,13.488455693358963,10.853022725199878,14.79163713741076,12.634256870728798,15.181594990517784,11.794890881556531,12.723933014613781,11.918590181061758,15.176243654411772,12.696651594794318,14.535505459684396,13.962462619756872,14.256536396301314,13.976958975621054,12.56130522036034,14.906234194079174,14.538817790377399,14.106129971917456,13.763671758706154,14.68945332260236,15.987314944681916,11.80739223730305,12.11353693367994
